{
"type": "FeatureCollection",
"name": "DEPARE",
"crs": { "type": "name", "properties": { "name": "urn:ogc:def:crs:OGC:1.3:CRS84" } },
"features": [
{ "type": "Feature", "properties": { "RCID": 151, "PRIM": 3, "GRUP": 1, "OBJL": 42, "RVER": 1, "AGEN": 550, "FIDN": 37881291, "FIDS": 50, "LNAM": "0226024205CB0032", "DRVAL1": 54.8, "DRVAL2": 64.0 }, "geometry": { "type": "Polygon", "coordinates": [ [ [ -72.9649674, 39.3378326 ], [ -72.9634061, 39.3380751 ], [ -72.9618447, 39.3385602 ], [ -72.9608115, 39.3385013 ], [ -72.9601271, 39.3381965 ], [ -72.959684, 39.3375176 ], [ -72.9596587, 39.3367415 ], [ -72.9609077, 39.3342558 ], [ -72.9618444, 39.3331038 ], [ -72.9623128, 39.3318912 ], [ -72.9621566, 39.3306786 ], [ -72.9616881, 39.329466 ], [ -72.9601267, 39.3286172 ], [ -72.9585653, 39.3282535 ], [ -72.9569258, 39.3281262 ], [ -72.9506024, 39.3285569 ], [ -72.9443568, 39.3287996 ], [ -72.9412342, 39.3286178 ], [ -72.9396728, 39.3282541 ], [ -72.9387359, 39.3270414 ], [ -72.9382674, 39.3258288 ], [ -72.9384235, 39.3246161 ], [ -72.9392041, 39.323282 ], [ -72.9406092, 39.3218266 ], [ -72.9421706, 39.3207351 ], [ -72.9432634, 39.3195223 ], [ -72.9442002, 39.3183094 ], [ -72.944044, 39.3170966 ], [ -72.942951, 39.3156411 ], [ -72.9413896, 39.3146709 ], [ -72.9401404, 39.3137006 ], [ -72.9398281, 39.3124877 ], [ -72.9412332, 39.3109108 ], [ -72.9427945, 39.3100617 ], [ -72.9443559, 39.3094552 ], [ -72.9475567, 39.3090306 ], [ -72.9506794, 39.3084846 ], [ -72.9544339, 39.307291 ], [ -72.9583529, 39.305286 ], [ -72.96245, 39.3036265 ], [ -72.9643204, 39.3027969 ], [ -72.9660128, 39.3023128 ], [ -72.9716794, 39.3009629 ], [ -72.9748022, 39.3005989 ], [ -72.9804231, 39.3005987 ], [ -72.9813599, 39.30072 ], [ -72.9827652, 39.3013265 ], [ -72.9838582, 39.3025396 ], [ -72.9841706, 39.3037527 ], [ -72.9840926, 39.3061788 ], [ -72.9844829, 39.3073918 ], [ -72.9851076, 39.3086049 ], [ -72.9862006, 39.3098178 ], [ -72.9874497, 39.3107882 ], [ -72.987684, 39.312365 ], [ -72.986357, 39.3147302 ], [ -72.9844054, 39.3170954 ], [ -72.9819074, 39.3207339 ], [ -72.9812049, 39.3231594 ], [ -72.9822981, 39.3288834 ], [ -72.9822982, 39.3305567 ], [ -72.9821421, 39.3318906 ], [ -72.9812835, 39.3343158 ], [ -72.980581, 39.3355284 ], [ -72.9790196, 39.3364984 ], [ -72.9774583, 39.3371048 ], [ -72.9758969, 39.3373472 ], [ -72.9743356, 39.3373473 ], [ -72.9727743, 39.3374686 ], [ -72.9712129, 39.3377112 ], [ -72.9696515, 39.3378325 ], [ -72.9665287, 39.3377113 ], [ -72.9649674, 39.3378326 ] ] ] } },
{ "type": "Feature", "properties": { "RCID": 152, "PRIM": 3, "GRUP": 1, "OBJL": 42, "RVER": 1, "AGEN": 550, "FIDN": 505369065, "FIDS": 8238, "LNAM": "02261E1F51E9202E", "DRVAL1": 18.2, "DRVAL2": 27.4 }, "geometry": { "type": "Polygon", "coordinates": [ [ [ -74.2884901, 39.166667 ], [ -74.2794536, 39.166667 ], [ -74.2775366, 39.166667 ], [ -74.2771534, 39.166667 ], [ -74.2312312, 39.166667 ], [ -74.1338429, 39.166667 ], [ -74.127871, 39.166667 ], [ -74.1270217, 39.166667 ], [ -74.1265568, 39.166667 ], [ -74.1236349, 39.166667 ], [ -74.0963664, 39.166667 ], [ -74.0962442, 39.1667369 ], [ -74.0949305, 39.1676225 ], [ -74.092128, 39.1693937 ], [ -74.0892379, 39.171301 ], [ -74.086856, 39.1729452 ], [ -74.0859974, 39.1738567 ], [ -74.0850606, 39.1758013 ], [ -74.0843581, 39.1777458 ], [ -74.082953, 39.1796903 ], [ -74.0820162, 39.1807233 ], [ -74.0806891, 39.1815132 ], [ -74.078191, 39.1827285 ], [ -74.0756928, 39.1833969 ], [ -74.0720237, 39.1841261 ], [ -74.0694474, 39.1844908 ], [ -74.0669492, 39.1852199 ], [ -74.063202, 39.1865567 ], [ -74.0607038, 39.1871643 ], [ -74.0557856, 39.187772 ], [ -74.053912, 39.1875898 ], [ -74.0535637, 39.1874377 ], [ -74.0465966, 39.1841532 ], [ -74.0430411, 39.17802 ], [ -74.0427072, 39.1766839 ], [ -74.0419174, 39.1752788 ], [ -74.0389838, 39.1740493 ], [ -74.034809, 39.1734784 ], [ -74.0324395, 39.1736101 ], [ -74.0300137, 39.1742249 ], [ -74.0265723, 39.1762448 ], [ -74.0242029, 39.1784843 ], [ -74.022454, 39.1801967 ], [ -74.0210436, 39.1810749 ], [ -74.0193414, 39.1819061 ], [ -74.0181038, 39.1823692 ], [ -74.0165303, 39.1825238 ], [ -74.0130819, 39.1826841 ], [ -74.0115825, 39.1828325 ], [ -74.0100566, 39.1833258 ], [ -74.0073064, 39.1856638 ], [ -74.0043868, 39.1877382 ], [ -74.0017635, 39.1889236 ], [ -74.0000941, 39.189558 ], [ -73.9943615, 39.1913705 ], [ -73.9907904, 39.1924485 ], [ -73.9853025, 39.1944505 ], [ -73.9794351, 39.1974945 ], [ -73.9745951, 39.2004105 ], [ -73.9684539, 39.203559 ], [ -73.9680085, 39.2040326 ], [ -73.9678749, 39.2045062 ], [ -73.9678897, 39.2050491 ], [ -73.9680382, 39.2055227 ], [ -73.9688993, 39.2062966 ], [ -73.9709185, 39.2077173 ], [ -73.9716289, 39.2090357 ], [ -73.9719412, 39.2100075 ], [ -73.9719413, 39.2109793 ], [ -73.9716291, 39.211951 ], [ -73.9706922, 39.2129228 ], [ -73.9695993, 39.2138946 ], [ -73.9683503, 39.214502 ], [ -73.9677504, 39.2148499 ], [ -73.9674656, 39.2153522 ], [ -73.9674824, 39.2158395 ], [ -73.9677259, 39.2163239 ], [ -73.9686627, 39.2171741 ], [ -73.9699118, 39.2176599 ], [ -73.9711609, 39.2177813 ], [ -73.9748301, 39.2177812 ], [ -73.9773283, 39.2175989 ], [ -73.9824028, 39.2176595 ], [ -73.9836519, 39.2180239 ], [ -73.9845888, 39.2188741 ], [ -73.9843546, 39.2197849 ], [ -73.982403, 39.2216676 ], [ -73.9757674, 39.2267078 ], [ -73.9742061, 39.2285902 ], [ -73.973972, 39.2295618 ], [ -73.9741281, 39.2305332 ], [ -73.974725, 39.2315557 ], [ -73.9750524, 39.2318914 ], [ -73.9760019, 39.2322332 ], [ -73.9766156, 39.2321466 ], [ -73.977251, 39.2318689 ], [ -73.9780316, 39.2310189 ], [ -73.9793587, 39.2290758 ], [ -73.9802955, 39.228165 ], [ -73.9823251, 39.2266469 ], [ -73.9847452, 39.2253716 ], [ -73.9859943, 39.2249466 ], [ -73.9872434, 39.2247036 ], [ -73.9897415, 39.2247035 ], [ -73.9909907, 39.2251286 ], [ -73.9934109, 39.2265252 ], [ -73.9945456, 39.2273782 ], [ -73.995753, 39.2282859 ], [ -73.9970802, 39.2288324 ], [ -73.9983293, 39.2290753 ], [ -73.9995784, 39.2289537 ], [ -74.0008274, 39.2285894 ], [ -74.0012131, 39.2282541 ], [ -74.001452, 39.2277393 ], [ -74.0013103, 39.2270907 ], [ -74.0006087, 39.2264278 ], [ -73.9962709, 39.2238974 ], [ -73.9958866, 39.2236611 ], [ -73.9953034, 39.2231776 ], [ -73.9950507, 39.2225475 ], [ -73.9951285, 39.2220897 ], [ -73.9955184, 39.2214243 ], [ -73.9964552, 39.2204526 ], [ -73.9989533, 39.2189343 ], [ -74.0051987, 39.2159584 ], [ -74.0116001, 39.2123142 ], [ -74.0140982, 39.2113424 ], [ -74.0165964, 39.2109172 ], [ -74.0178455, 39.2112208 ], [ -74.0189385, 39.2120711 ], [ -74.0194069, 39.2130428 ], [ -74.0190167, 39.2142575 ], [ -74.0164406, 39.2169297 ], [ -74.0152, 39.2180328 ], [ -74.0107047, 39.2208741 ], [ -74.0097269, 39.2223954 ], [ -74.0088683, 39.2248244 ], [ -74.0077754, 39.2267069 ], [ -74.0030136, 39.2324753 ], [ -73.9994349, 39.2356564 ], [ -73.9979776, 39.2365927 ], [ -73.9921625, 39.2403287 ], [ -73.9872703, 39.2431409 ], [ -73.9854487, 39.2444359 ], [ -73.9834972, 39.2463785 ], [ -73.9824043, 39.2483211 ], [ -73.9825606, 39.2512348 ], [ -73.9831853, 39.2537234 ], [ -73.983732, 39.2590039 ], [ -73.9838102, 39.2609461 ], [ -73.9837321, 39.2619172 ], [ -73.9832638, 39.2638592 ], [ -73.9832639, 39.2658012 ], [ -73.9841227, 39.2667115 ], [ -73.9852157, 39.2673184 ], [ -73.9864648, 39.2673183 ], [ -73.9889629, 39.2664686 ], [ -73.9914611, 39.2651335 ], [ -73.992554, 39.2644052 ], [ -74.0000484, 39.2607635 ], [ -74.0024684, 39.2597923 ], [ -74.0049666, 39.2590033 ], [ -74.0070638, 39.2581706 ], [ -74.0086358, 39.2575465 ], [ -74.0108996, 39.2562112 ], [ -74.0158179, 39.2537831 ], [ -74.019565, 39.2517799 ], [ -74.023078, 39.249716 ], [ -74.0255762, 39.2485019 ], [ -74.0269033, 39.2481376 ], [ -74.0281524, 39.2480162 ], [ -74.0294015, 39.2483804 ], [ -74.0301042, 39.2492909 ], [ -74.0310411, 39.2512333 ], [ -74.0315843, 39.2516455 ], [ -74.032206, 39.2517569 ], [ -74.0326686, 39.2516831 ], [ -74.0333723, 39.2512102 ], [ -74.0351005, 39.2494729 ], [ -74.0365837, 39.2465591 ], [ -74.0383011, 39.2436452 ], [ -74.0397062, 39.2418239 ], [ -74.0409552, 39.2410953 ], [ -74.0422044, 39.2407311 ], [ -74.0434534, 39.2407311 ], [ -74.0447025, 39.2412774 ], [ -74.0464982, 39.2430985 ], [ -74.0478253, 39.243402 ], [ -74.049352, 39.2431052 ], [ -74.0522908, 39.2417992 ], [ -74.0534852, 39.2411025 ], [ -74.0601597, 39.235145 ], [ -74.0609404, 39.2341736 ], [ -74.061669, 39.2336069 ], [ -74.0681744, 39.2273325 ], [ -74.071323, 39.224944 ], [ -74.0749141, 39.2225756 ], [ -74.0773341, 39.2212396 ], [ -74.0798323, 39.2203894 ], [ -74.0810814, 39.22045 ], [ -74.0823305, 39.2206929 ], [ -74.0835796, 39.2213001 ], [ -74.0843603, 39.2222717 ], [ -74.0843604, 39.2232433 ], [ -74.0832676, 39.2260973 ], [ -74.0816282, 39.2280404 ], [ -74.0805353, 39.2289513 ], [ -74.0785837, 39.2310158 ], [ -74.0771005, 39.2331409 ], [ -74.0766322, 39.2341124 ], [ -74.07632, 39.2360552 ], [ -74.0764762, 39.2370267 ], [ -74.077257, 39.2389694 ], [ -74.0781159, 39.2418834 ], [ -74.078194, 39.2438261 ], [ -74.0778818, 39.246315 ], [ -74.0784285, 39.2496537 ], [ -74.0790531, 39.251596 ], [ -74.0792095, 39.2571599 ], [ -74.0801466, 39.2610443 ], [ -74.0801467, 39.264389 ], [ -74.0816015, 39.2664643 ], [ -74.0839754, 39.2677813 ], [ -74.0899296, 39.2672079 ], [ -74.1007859, 39.2627464 ], [ -74.1140216, 39.2565004 ], [ -74.1265138, 39.2475774 ], [ -74.1343251, 39.2409711 ], [ -74.1371354, 39.2380569 ], [ -74.1393212, 39.2363569 ], [ -74.1426781, 39.2341104 ], [ -74.1451762, 39.2330781 ], [ -74.1489234, 39.2324102 ], [ -74.1514997, 39.232228 ], [ -74.1539978, 39.2317421 ], [ -74.1550907, 39.2312563 ], [ -74.1563398, 39.2305277 ], [ -74.1595405, 39.227856 ], [ -74.1615702, 39.2259735 ], [ -74.1628252, 39.2252495 ], [ -74.1668006, 39.2217834 ], [ -74.1692987, 39.2205688 ], [ -74.1705477, 39.2203259 ], [ -74.1717969, 39.2203258 ], [ -74.173046, 39.2205687 ], [ -74.1739048, 39.2213581 ], [ -74.1748417, 39.2233013 ], [ -74.1764814, 39.229677 ], [ -74.1774183, 39.2311342 ], [ -74.1781991, 39.232045 ], [ -74.1805412, 39.2336235 ], [ -74.1830394, 39.2344735 ], [ -74.1855009, 39.2350127 ], [ -74.1984601, 39.2348687 ], [ -74.195775, 39.2326139 ], [ -74.2096861, 39.2220306 ], [ -74.2177147, 39.2286079 ], [ -74.2640476, 39.2665651 ], [ -74.2653355, 39.2655948 ], [ -74.266737, 39.2652722 ], [ -74.272438, 39.2642274 ], [ -74.2772119, 39.2640473 ], [ -74.284124, 39.264728 ], [ -74.2892688, 39.2651605 ], [ -74.2937646, 39.2651965 ], [ -74.2974725, 39.2648722 ], [ -74.301783, 39.2625303 ], [ -74.3052359, 39.2614468 ], [ -74.3136251, 39.2592489 ], [ -74.3159426, 39.2580958 ], [ -74.3173794, 39.2564022 ], [ -74.3175184, 39.2557897 ], [ -74.3163597, 39.2538437 ], [ -74.3146427, 39.2503969 ], [ -74.3147355, 39.2467571 ], [ -74.316543, 39.244883 ], [ -74.3191849, 39.2438018 ], [ -74.3232173, 39.2438739 ], [ -74.3268071, 39.2445002 ], [ -74.3351035, 39.2464464 ], [ -74.34319, 39.2483041 ], [ -74.3484507, 39.2489709 ], [ -74.35, 39.2497604 ], [ -74.35, 39.2428953 ], [ -74.3481798, 39.2426868 ], [ -74.345061, 39.2422204 ], [ -74.3404283, 39.2415563 ], [ -74.3347904, 39.2405768 ], [ -74.3309518, 39.2402037 ], [ -74.3220152, 39.240157 ], [ -74.3210525, 39.240248 ], [ -74.3193958, 39.240681 ], [ -74.3180763, 39.2409609 ], [ -74.316277, 39.2422668 ], [ -74.3145976, 39.2432462 ], [ -74.3123784, 39.2431995 ], [ -74.310819, 39.2424533 ], [ -74.3090796, 39.2409608 ], [ -74.3090796, 39.240168 ], [ -74.3111789, 39.236903 ], [ -74.313698, 39.2348507 ], [ -74.313638, 39.2327051 ], [ -74.3128584, 39.2316323 ], [ -74.311179, 39.2311191 ], [ -74.3088998, 39.2311657 ], [ -74.3065607, 39.2317721 ], [ -74.3024222, 39.233638 ], [ -74.2981638, 39.23611 ], [ -74.296827, 39.2373339 ], [ -74.2932883, 39.2409253 ], [ -74.2917288, 39.2421379 ], [ -74.2892698, 39.243537 ], [ -74.2877702, 39.2441899 ], [ -74.2848913, 39.2451693 ], [ -74.2827921, 39.2454025 ], [ -74.2817126, 39.2448428 ], [ -74.2810528, 39.24405 ], [ -74.2810528, 39.242884 ], [ -74.2824323, 39.2407386 ], [ -74.2857311, 39.2366342 ], [ -74.2901324, 39.2311856 ], [ -74.2918947, 39.2293994 ], [ -74.2921215, 39.2277416 ], [ -74.2928471, 39.226895 ], [ -74.295795, 39.2252018 ], [ -74.2984708, 39.2243552 ], [ -74.3024396, 39.2223399 ], [ -74.3072978, 39.2205204 ], [ -74.3113763, 39.2198206 ], [ -74.3190307, 39.2197985 ], [ -74.3289271, 39.2208249 ], [ -74.3342651, 39.2218046 ], [ -74.3360044, 39.2220379 ], [ -74.3406827, 39.2218513 ], [ -74.3445813, 39.2220846 ], [ -74.3454809, 39.2212449 ], [ -74.3456008, 39.2200786 ], [ -74.342662, 39.2183056 ], [ -74.3371441, 39.2156462 ], [ -74.334008, 39.2142908 ], [ -74.3323885, 39.2143375 ], [ -74.3292098, 39.2150839 ], [ -74.3266907, 39.2149907 ], [ -74.3244715, 39.2137775 ], [ -74.323152, 39.2123778 ], [ -74.3230921, 39.2101381 ], [ -74.3236319, 39.2081783 ], [ -74.3251313, 39.2065451 ], [ -74.3263451, 39.2049607 ], [ -74.3263451, 39.2029074 ], [ -74.3255654, 39.2014608 ], [ -74.3228664, 39.1993608 ], [ -74.3190279, 39.1969339 ], [ -74.3153692, 39.1954871 ], [ -74.3132701, 39.1947871 ], [ -74.3131501, 39.1941803 ], [ -74.3143497, 39.1934336 ], [ -74.3165689, 39.1927802 ], [ -74.3215387, 39.192509 ], [ -74.3277164, 39.191669 ], [ -74.331315, 39.1909223 ], [ -74.3373727, 39.1910623 ], [ -74.3413313, 39.1916691 ], [ -74.3437456, 39.1923359 ], [ -74.3451179, 39.1920446 ], [ -74.347474, 39.1907866 ], [ -74.3494254, 39.1899361 ], [ -74.3513769, 39.1898147 ], [ -74.3567628, 39.1924267 ], [ -74.3602753, 39.193277 ], [ -74.3636317, 39.1941273 ], [ -74.3659734, 39.1944311 ], [ -74.3686274, 39.1946741 ], [ -74.3740913, 39.1947349 ], [ -74.3808042, 39.1960711 ], [ -74.3867365, 39.1971037 ], [ -74.390327, 39.1971644 ], [ -74.3952446, 39.1947349 ], [ -74.3984488, 39.1937022 ], [ -74.402742, 39.1929734 ], [ -74.4085182, 39.1908475 ], [ -74.4122649, 39.1891467 ], [ -74.4210881, 39.1852583 ], [ -74.4243665, 39.1842256 ], [ -74.427516, 39.1827068 ], [ -74.4308198, 39.1816861 ], [ -74.4329872, 39.1811832 ], [ -74.4396422, 39.1810469 ], [ -74.4478733, 39.1817285 ], [ -74.4594271, 39.1816456 ], [ -74.4646803, 39.1820469 ], [ -74.4701214, 39.1838509 ], [ -74.4720236, 39.1846595 ], [ -74.4788074, 39.184605 ], [ -74.4816048, 39.1841152 ], [ -74.4939835, 39.186129 ], [ -74.4969208, 39.186129 ], [ -74.5060825, 39.1832443 ], [ -74.5140552, 39.1813393 ], [ -74.5258045, 39.1792164 ], [ -74.5297908, 39.1784544 ], [ -74.5319394, 39.1779572 ], [ -74.5339234, 39.1770895 ], [ -74.5352942, 39.1763237 ], [ -74.5355497, 39.1756428 ], [ -74.5357072, 39.1750095 ], [ -74.5354185, 39.173457 ], [ -74.5335813, 39.1712915 ], [ -74.5315341, 39.168513 ], [ -74.5300028, 39.166667 ], [ -74.5188813, 39.166667 ], [ -74.5204983, 39.1676278 ], [ -74.5214363, 39.1684908 ], [ -74.5222039, 39.1704159 ], [ -74.5220333, 39.1722414 ], [ -74.5209484, 39.1742799 ], [ -74.5189632, 39.1756931 ], [ -74.5161247, 39.1771052 ], [ -74.509411, 39.1788473 ], [ -74.506054, 39.1790905 ], [ -74.504961, 39.1789082 ], [ -74.5028531, 39.1779968 ], [ -74.5003236, 39.1763562 ], [ -74.4997941, 39.175584 ], [ -74.4988587, 39.1735958 ], [ -74.4985349, 39.1720275 ], [ -74.4986788, 39.1704313 ], [ -74.4993624, 39.1686949 ], [ -74.5000144, 39.166667 ], [ -74.4954277, 39.166667 ], [ -74.4898015, 39.1683023 ], [ -74.4808002, 39.1715401 ], [ -74.4769657, 39.1727542 ], [ -74.4749185, 39.1731084 ], [ -74.4728388, 39.1731589 ], [ -74.4721889, 39.1728554 ], [ -74.4721889, 39.1718437 ], [ -74.4730012, 39.1707307 ], [ -74.4745935, 39.1693142 ], [ -74.4769657, 39.167164 ], [ -74.4772559, 39.166667 ], [ -74.4424416, 39.166667 ], [ -74.3389793, 39.166667 ], [ -74.3376939, 39.166667 ], [ -74.3376481, 39.166667 ], [ -74.3095638, 39.166667 ], [ -74.3090885, 39.166667 ], [ -74.3078377, 39.1672467 ], [ -74.3069009, 39.1677329 ], [ -74.3030111, 39.1695139 ], [ -74.2970104, 39.170597 ], [ -74.2923121, 39.1710107 ], [ -74.2876083, 39.1715028 ], [ -74.2818026, 39.1718257 ], [ -74.2795071, 39.1715611 ], [ -74.2767306, 39.1709361 ], [ -74.2762281, 39.1705019 ], [ -74.2765111, 39.1698556 ], [ -74.276732, 39.1694477 ], [ -74.2772417, 39.1693444 ], [ -74.2805284, 39.1694993 ], [ -74.2828419, 39.1696929 ], [ -74.2840072, 39.1696193 ], [ -74.2873167, 39.1676389 ], [ -74.2884901, 39.166667 ] ], [ [ -74.2676878, 39.1951343 ], [ -74.2677723, 39.1953165 ], [ -74.2691852, 39.1965919 ], [ -74.2712199, 39.1975154 ], [ -74.2777195, 39.1975155 ], [ -74.2814498, 39.1959762 ], [ -74.2864234, 39.1932056 ], [ -74.2899255, 39.1899359 ], [ -74.2919978, 39.186454 ], [ -74.2920449, 39.1834484 ], [ -74.2919215, 39.1831124 ], [ -74.2912914, 39.1813957 ], [ -74.2896451, 39.1800102 ], [ -74.2873278, 39.1789105 ], [ -74.2825238, 39.1789545 ], [ -74.2791327, 39.1797023 ], [ -74.2771545, 39.18067 ], [ -74.2749015, 39.1821288 ], [ -74.2709924, 39.1853544 ], [ -74.2686375, 39.18814 ], [ -74.2673202, 39.1907865 ], [ -74.266868, 39.1917981 ], [ -74.2670375, 39.1937332 ], [ -74.2676878, 39.1951343 ] ], [ [ -74.2479462, 39.1865859 ], [ -74.2477562, 39.1865359 ], [ -74.2477412, 39.1865359 ], [ -74.2477062, 39.1865209 ], [ -74.2476912, 39.1865209 ], [ -74.2476012, 39.1864909 ], [ -74.2475862, 39.1864909 ], [ -74.2475512, 39.1864759 ], [ -74.2475112, 39.1864659 ], [ -74.2474762, 39.1864509 ], [ -74.2474662, 39.1864509 ], [ -74.2474062, 39.1864259 ], [ -74.2473812, 39.1864209 ], [ -74.2473012, 39.1863859 ], [ -74.2472762, 39.1863809 ], [ -74.2471712, 39.1863309 ], [ -74.2471612, 39.1863309 ], [ -74.2471262, 39.1863159 ], [ -74.2469862, 39.1862459 ], [ -74.2469762, 39.1862359 ], [ -74.2469062, 39.1862009 ], [ -74.2468712, 39.1861809 ], [ -74.2468462, 39.1861609 ], [ -74.2467912, 39.1861309 ], [ -74.2467412, 39.1860909 ], [ -74.2467062, 39.1860709 ], [ -74.2467012, 39.1860609 ], [ -74.2466462, 39.1860259 ], [ -74.2466412, 39.1860159 ], [ -74.2466062, 39.1859959 ], [ -74.2465912, 39.1859809 ], [ -74.2465712, 39.1859709 ], [ -74.2464962, 39.1859109 ], [ -74.2464712, 39.1858959 ], [ -74.2464312, 39.1858609 ], [ -74.2464112, 39.1858509 ], [ -74.2464062, 39.1858409 ], [ -74.2463762, 39.1858259 ], [ -74.2463712, 39.1858159 ], [ -74.2463412, 39.1858009 ], [ -74.2463362, 39.1857909 ], [ -74.2463062, 39.1857759 ], [ -74.2462912, 39.1857609 ], [ -74.2462612, 39.1857459 ], [ -74.2462562, 39.1857359 ], [ -74.2462262, 39.1857209 ], [ -74.2461912, 39.1856909 ], [ -74.2461362, 39.1856559 ], [ -74.2461312, 39.1856459 ], [ -74.2460812, 39.1856159 ], [ -74.2460762, 39.1856059 ], [ -74.2460062, 39.1855609 ], [ -74.2460012, 39.1855509 ], [ -74.2459412, 39.1855159 ], [ -74.2459062, 39.1854859 ], [ -74.2458462, 39.1854509 ], [ -74.2458412, 39.1854409 ], [ -74.2457912, 39.1854109 ], [ -74.2457562, 39.1853809 ], [ -74.2457162, 39.1853559 ], [ -74.2456862, 39.1853309 ], [ -74.2456612, 39.1853209 ], [ -74.2456312, 39.1852959 ], [ -74.2455862, 39.1852709 ], [ -74.2455312, 39.1852309 ], [ -74.2455162, 39.1852259 ], [ -74.2455062, 39.1852159 ], [ -74.2453812, 39.1851409 ], [ -74.2453412, 39.1851209 ], [ -74.2453162, 39.1851009 ], [ -74.2452712, 39.1850809 ], [ -74.2452462, 39.1850609 ], [ -74.2452312, 39.1850559 ], [ -74.2451562, 39.1850109 ], [ -74.2451362, 39.1850059 ], [ -74.2451062, 39.1849859 ], [ -74.2450912, 39.1849809 ], [ -74.2450462, 39.1849509 ], [ -74.2450112, 39.1849359 ], [ -74.2449662, 39.1849059 ], [ -74.2448812, 39.1848659 ], [ -74.2448112, 39.1848259 ], [ -74.2447912, 39.1848209 ], [ -74.2447212, 39.1847809 ], [ -74.2446462, 39.1847459 ], [ -74.2445362, 39.1846859 ], [ -74.2443562, 39.1845959 ], [ -74.2440962, 39.1844759 ], [ -74.2440562, 39.1844509 ], [ -74.2438512, 39.1843609 ], [ -74.2437662, 39.1843159 ], [ -74.2435362, 39.1842159 ], [ -74.2434712, 39.1841809 ], [ -74.2433112, 39.1841109 ], [ -74.2432412, 39.1840859 ], [ -74.2430862, 39.1840159 ], [ -74.2430162, 39.1839909 ], [ -74.2429312, 39.1839509 ], [ -74.2429062, 39.1839459 ], [ -74.2428412, 39.1839159 ], [ -74.2428162, 39.1839109 ], [ -74.2427312, 39.1838709 ], [ -74.2427062, 39.1838659 ], [ -74.2425562, 39.1838009 ], [ -74.2425312, 39.1837959 ], [ -74.2424662, 39.1837659 ], [ -74.2424462, 39.1837609 ], [ -74.2424012, 39.1837409 ], [ -74.2423762, 39.1837359 ], [ -74.2422912, 39.1837009 ], [ -74.2422662, 39.1836959 ], [ -74.2421812, 39.1836609 ], [ -74.2421562, 39.1836559 ], [ -74.2420512, 39.1836159 ], [ -74.2420262, 39.1836109 ], [ -74.2419212, 39.1835709 ], [ -74.2418962, 39.1835659 ], [ -74.2417062, 39.1834959 ], [ -74.2416612, 39.1834859 ], [ -74.2415962, 39.1834609 ], [ -74.2415512, 39.1834509 ], [ -74.2414862, 39.1834259 ], [ -74.2413412, 39.1833809 ], [ -74.2412812, 39.1833559 ], [ -74.2412362, 39.1833459 ], [ -74.2412162, 39.1833359 ], [ -74.2411762, 39.1833259 ], [ -74.2411362, 39.1833109 ], [ -74.2411212, 39.1833009 ], [ -74.2410812, 39.1832909 ], [ -74.2410212, 39.1832659 ], [ -74.2409812, 39.1832559 ], [ -74.2409412, 39.1832409 ], [ -74.2409262, 39.1832309 ], [ -74.2408862, 39.1832209 ], [ -74.2407562, 39.1831659 ], [ -74.2407362, 39.1831609 ], [ -74.2407212, 39.1831509 ], [ -74.2406812, 39.1831409 ], [ -74.2406312, 39.1831159 ], [ -74.2406112, 39.1831109 ], [ -74.2405962, 39.1831009 ], [ -74.2405412, 39.1830809 ], [ -74.2404762, 39.1830459 ], [ -74.2404562, 39.1830409 ], [ -74.2404412, 39.1830309 ], [ -74.2403912, 39.1830109 ], [ -74.2403262, 39.1829759 ], [ -74.2403062, 39.1829709 ], [ -74.2402462, 39.1829359 ], [ -74.2402262, 39.1829309 ], [ -74.2401962, 39.1829159 ], [ -74.2400912, 39.1828559 ], [ -74.2400162, 39.1828209 ], [ -74.2399912, 39.1828009 ], [ -74.2399462, 39.1827809 ], [ -74.2399212, 39.1827609 ], [ -74.2399062, 39.1827559 ], [ -74.2398412, 39.1827159 ], [ -74.2398162, 39.1826959 ], [ -74.2398012, 39.1826909 ], [ -74.2397262, 39.1826359 ], [ -74.2397112, 39.1826309 ], [ -74.2396162, 39.1825609 ], [ -74.2395762, 39.1825359 ], [ -74.2395562, 39.1825159 ], [ -74.2395412, 39.1825109 ], [ -74.2395212, 39.1824909 ], [ -74.2394712, 39.1824559 ], [ -74.2393262, 39.1823609 ], [ -74.2393062, 39.1823409 ], [ -74.2392912, 39.1823359 ], [ -74.2392462, 39.1823009 ], [ -74.2392312, 39.1822959 ], [ -74.2392112, 39.1822759 ], [ -74.2391962, 39.1822709 ], [ -74.2391862, 39.1822609 ], [ -74.2390762, 39.1821959 ], [ -74.2390662, 39.1821859 ], [ -74.2390262, 39.1821659 ], [ -74.2390162, 39.1821559 ], [ -74.2390012, 39.1821509 ], [ -74.2389912, 39.1821409 ], [ -74.2389312, 39.1821059 ], [ -74.2389212, 39.1820959 ], [ -74.2389062, 39.1820909 ], [ -74.2388712, 39.1820659 ], [ -74.2388562, 39.1820609 ], [ -74.2388462, 39.1820509 ], [ -74.2388312, 39.1820459 ], [ -74.2388212, 39.1820359 ], [ -74.2388062, 39.1820309 ], [ -74.2387962, 39.1820209 ], [ -74.2387712, 39.1820109 ], [ -74.2387362, 39.1819859 ], [ -74.2386462, 39.1819409 ], [ -74.2386112, 39.1819159 ], [ -74.2385862, 39.1819059 ], [ -74.2385512, 39.1818809 ], [ -74.2385262, 39.1818709 ], [ -74.2385162, 39.1818609 ], [ -74.2384662, 39.1818359 ], [ -74.2384562, 39.1818259 ], [ -74.2381762, 39.1816859 ], [ -74.2381412, 39.1816609 ], [ -74.2381112, 39.1816509 ], [ -74.2381012, 39.1816409 ], [ -74.2380862, 39.1816359 ], [ -74.2380762, 39.1816259 ], [ -74.2380612, 39.1816209 ], [ -74.2379962, 39.1815809 ], [ -74.2378962, 39.1815309 ], [ -74.2378862, 39.1815209 ], [ -74.2378712, 39.1815159 ], [ -74.2378012, 39.1814709 ], [ -74.2377862, 39.1814659 ], [ -74.2377612, 39.1814459 ], [ -74.2377462, 39.1814409 ], [ -74.2376212, 39.1813609 ], [ -74.2376062, 39.1813559 ], [ -74.2375612, 39.1813259 ], [ -74.2375462, 39.1813209 ], [ -74.2374912, 39.1812809 ], [ -74.2374762, 39.1812759 ], [ -74.2374012, 39.1812259 ], [ -74.2373862, 39.1812209 ], [ -74.2372162, 39.1811109 ], [ -74.2370962, 39.1810259 ], [ -74.2369962, 39.1809659 ], [ -74.2369812, 39.1809509 ], [ -74.2369012, 39.1809009 ], [ -74.2368862, 39.1808859 ], [ -74.2368212, 39.1808459 ], [ -74.2367062, 39.1807659 ], [ -74.2366912, 39.1807509 ], [ -74.2366062, 39.1806959 ], [ -74.2365462, 39.1806459 ], [ -74.2365162, 39.1806259 ], [ -74.2364712, 39.1805859 ], [ -74.2363962, 39.1805309 ], [ -74.2363712, 39.1805059 ], [ -74.2363262, 39.1804709 ], [ -74.2362912, 39.1804359 ], [ -74.2362262, 39.1803809 ], [ -74.2362162, 39.1803659 ], [ -74.2362012, 39.1803559 ], [ -74.2361812, 39.1803309 ], [ -74.2361662, 39.1803209 ], [ -74.2361112, 39.1802659 ], [ -74.2360512, 39.1801959 ], [ -74.2359762, 39.1801009 ], [ -74.2359262, 39.1800209 ], [ -74.2359162, 39.1800109 ], [ -74.2359112, 39.1799959 ], [ -74.2358862, 39.1799659 ], [ -74.2358762, 39.1799409 ], [ -74.2358662, 39.1799309 ], [ -74.2358012, 39.1797859 ], [ -74.2358012, 39.1797759 ], [ -74.2357862, 39.1797409 ], [ -74.2357862, 39.1797309 ], [ -74.2357712, 39.1796859 ], [ -74.2357712, 39.1796709 ], [ -74.2357612, 39.1796359 ], [ -74.2357612, 39.1796159 ], [ -74.2357562, 39.1796059 ], [ -74.2357562, 39.1795809 ], [ -74.2357512, 39.1795709 ], [ -74.2357512, 39.1795259 ], [ -74.2357462, 39.1795159 ], [ -74.2357462, 39.1794509 ], [ -74.2357512, 39.1794409 ], [ -74.2357512, 39.1793859 ], [ -74.2357562, 39.1793759 ], [ -74.2357562, 39.1793409 ], [ -74.2357612, 39.1793309 ], [ -74.2357662, 39.1792709 ], [ -74.2357762, 39.1792359 ], [ -74.2357762, 39.1792159 ], [ -74.2357912, 39.1791559 ], [ -74.2358012, 39.1791359 ], [ -74.2358112, 39.1790859 ], [ -74.2358312, 39.1790359 ], [ -74.2358312, 39.1790259 ], [ -74.2358462, 39.1789959 ], [ -74.2358462, 39.1789859 ], [ -74.2359512, 39.1787959 ], [ -74.2359812, 39.1787559 ], [ -74.2359912, 39.1787359 ], [ -74.2360012, 39.1787309 ], [ -74.2360112, 39.1787109 ], [ -74.2360212, 39.1787059 ], [ -74.2360312, 39.1786859 ], [ -74.2360412, 39.1786809 ], [ -74.2360512, 39.1786609 ], [ -74.2360612, 39.1786559 ], [ -74.2360662, 39.1786459 ], [ -74.2360762, 39.1786409 ], [ -74.2360812, 39.1786309 ], [ -74.2361212, 39.1785909 ], [ -74.2361312, 39.1785859 ], [ -74.2361362, 39.1785759 ], [ -74.2361612, 39.1785559 ], [ -74.2361662, 39.1785459 ], [ -74.2361762, 39.1785409 ], [ -74.2362362, 39.1784859 ], [ -74.2362662, 39.1784659 ], [ -74.2362712, 39.1784559 ], [ -74.2362912, 39.1784459 ], [ -74.2364412, 39.1783309 ], [ -74.2364762, 39.1783109 ], [ -74.2365512, 39.1782559 ], [ -74.2365662, 39.1782509 ], [ -74.2365762, 39.1782409 ], [ -74.2366112, 39.1782209 ], [ -74.2366712, 39.1781759 ], [ -74.2366862, 39.1781709 ], [ -74.2367462, 39.1781259 ], [ -74.2367862, 39.1781059 ], [ -74.2368112, 39.1780859 ], [ -74.2368262, 39.1780809 ], [ -74.2368362, 39.1780709 ], [ -74.2368662, 39.1780559 ], [ -74.2368912, 39.1780359 ], [ -74.2369062, 39.1780309 ], [ -74.2369462, 39.1780009 ], [ -74.2369612, 39.1779959 ], [ -74.2370162, 39.1779559 ], [ -74.2370312, 39.1779509 ], [ -74.2371512, 39.1778759 ], [ -74.2371662, 39.1778709 ], [ -74.2372262, 39.1778309 ], [ -74.2372462, 39.1778259 ], [ -74.2373062, 39.1777859 ], [ -74.2373412, 39.1777709 ], [ -74.2374362, 39.1777109 ], [ -74.2374712, 39.1776959 ], [ -74.2375712, 39.1776359 ], [ -74.2376462, 39.1776009 ], [ -74.2379562, 39.1774309 ], [ -74.2381262, 39.1773459 ], [ -74.2381462, 39.1773409 ], [ -74.2383012, 39.1772659 ], [ -74.2383212, 39.1772609 ], [ -74.2384412, 39.1772059 ], [ -74.2385012, 39.1771859 ], [ -74.2385412, 39.1771659 ], [ -74.2386012, 39.1771459 ], [ -74.2386562, 39.1771209 ], [ -74.2388162, 39.1770609 ], [ -74.2388612, 39.1770509 ], [ -74.2389212, 39.1770259 ], [ -74.2390262, 39.1769959 ], [ -74.2390462, 39.1769859 ], [ -74.2391512, 39.1769559 ], [ -74.2391712, 39.1769459 ], [ -74.2392362, 39.1769309 ], [ -74.2392562, 39.1769209 ], [ -74.2393412, 39.1769009 ], [ -74.2393812, 39.1768859 ], [ -74.2399912, 39.1767459 ], [ -74.2400112, 39.1767459 ], [ -74.2401262, 39.1767209 ], [ -74.2401462, 39.1767209 ], [ -74.2401912, 39.1767109 ], [ -74.2402162, 39.1767109 ], [ -74.2402812, 39.1766959 ], [ -74.2403062, 39.1766959 ], [ -74.2404862, 39.1766659 ], [ -74.2405112, 39.1766659 ], [ -74.2406462, 39.1766409 ], [ -74.2406712, 39.1766409 ], [ -74.2407162, 39.1766309 ], [ -74.2407412, 39.1766309 ], [ -74.2408512, 39.1766109 ], [ -74.2409212, 39.1766059 ], [ -74.2409662, 39.1765959 ], [ -74.2410362, 39.1765909 ], [ -74.2410812, 39.1765809 ], [ -74.2411512, 39.1765759 ], [ -74.2411962, 39.1765659 ], [ -74.2412662, 39.1765609 ], [ -74.2413162, 39.1765509 ], [ -74.2414262, 39.1765409 ], [ -74.2414762, 39.1765309 ], [ -74.2417062, 39.1765059 ], [ -74.2417562, 39.1765059 ], [ -74.2418712, 39.1764909 ], [ -74.2419212, 39.1764909 ], [ -74.2419912, 39.1764809 ], [ -74.2421062, 39.1764759 ], [ -74.2421762, 39.1764659 ], [ -74.2422262, 39.1764659 ], [ -74.2422462, 39.1764609 ], [ -74.2423412, 39.1764559 ], [ -74.2424162, 39.1764459 ], [ -74.2425312, 39.1764409 ], [ -74.2425562, 39.1764359 ], [ -74.2426262, 39.1764359 ], [ -74.2426512, 39.1764309 ], [ -74.2427012, 39.1764309 ], [ -74.2427212, 39.1764259 ], [ -74.2427912, 39.1764259 ], [ -74.2428862, 39.1764159 ], [ -74.2429562, 39.1764159 ], [ -74.2429762, 39.1764109 ], [ -74.2431812, 39.1764059 ], [ -74.2432012, 39.1764009 ], [ -74.2432912, 39.1764009 ], [ -74.2433112, 39.1763959 ], [ -74.2433962, 39.1763959 ], [ -74.2434162, 39.1763909 ], [ -74.2435212, 39.1763909 ], [ -74.2435412, 39.1763859 ], [ -74.2438062, 39.1763809 ], [ -74.2438262, 39.1763759 ], [ -74.2439212, 39.1763759 ], [ -74.2439412, 39.1763709 ], [ -74.2442312, 39.1763709 ], [ -74.2442512, 39.1763659 ], [ -74.2447212, 39.1763659 ], [ -74.2447362, 39.1763709 ], [ -74.2448862, 39.1763709 ], [ -74.2449012, 39.1763759 ], [ -74.2450362, 39.1763759 ], [ -74.2450512, 39.1763809 ], [ -74.2451912, 39.1763809 ], [ -74.2452062, 39.1763859 ], [ -74.2452962, 39.1763859 ], [ -74.2453162, 39.1763909 ], [ -74.2453762, 39.1763909 ], [ -74.2453912, 39.1763959 ], [ -74.2455412, 39.1764009 ], [ -74.2455562, 39.1764059 ], [ -74.2457062, 39.1764109 ], [ -74.2457212, 39.1764159 ], [ -74.2457912, 39.1764159 ], [ -74.2458062, 39.1764209 ], [ -74.2458412, 39.1764209 ], [ -74.2458562, 39.1764259 ], [ -74.2459062, 39.1764259 ], [ -74.2459262, 39.1764309 ], [ -74.2459762, 39.1764309 ], [ -74.2459962, 39.1764359 ], [ -74.2461362, 39.1764409 ], [ -74.2461512, 39.1764459 ], [ -74.2462562, 39.1764509 ], [ -74.2463312, 39.1764609 ], [ -74.2463662, 39.1764609 ], [ -74.2463812, 39.1764659 ], [ -74.2464362, 39.1764659 ], [ -74.2464912, 39.1764759 ], [ -74.2465812, 39.1764809 ], [ -74.2466362, 39.1764909 ], [ -74.2466762, 39.1764909 ], [ -74.2467312, 39.1765009 ], [ -74.2467712, 39.1765009 ], [ -74.2468262, 39.1765109 ], [ -74.2468612, 39.1765109 ], [ -74.2469162, 39.1765209 ], [ -74.2469562, 39.1765209 ], [ -74.2469712, 39.1765259 ], [ -74.2470112, 39.1765259 ], [ -74.2470262, 39.1765309 ], [ -74.2470662, 39.1765309 ], [ -74.2470862, 39.1765359 ], [ -74.2471262, 39.1765359 ], [ -74.2471412, 39.1765409 ], [ -74.2471812, 39.1765409 ], [ -74.2472412, 39.1765509 ], [ -74.2472762, 39.1765509 ], [ -74.2474462, 39.1765759 ], [ -74.2474862, 39.1765759 ], [ -74.2475412, 39.1765859 ], [ -74.2475762, 39.1765859 ], [ -74.2476362, 39.1765959 ], [ -74.2476762, 39.1765959 ], [ -74.2477312, 39.1766059 ], [ -74.2477712, 39.1766059 ], [ -74.2479262, 39.1766259 ], [ -74.2479662, 39.1766259 ], [ -74.2480212, 39.1766359 ], [ -74.2482412, 39.1766609 ], [ -74.2482962, 39.1766709 ], [ -74.2484362, 39.1766859 ], [ -74.2486912, 39.1767209 ], [ -74.2487312, 39.1767209 ], [ -74.2488712, 39.1767409 ], [ -74.2489112, 39.1767409 ], [ -74.2490163, 39.1767559 ], [ -74.2490563, 39.1767559 ], [ -74.2492363, 39.1767809 ], [ -74.2492763, 39.1767809 ], [ -74.2493413, 39.1767909 ], [ -74.2493813, 39.1767909 ], [ -74.2494413, 39.1768009 ], [ -74.2494813, 39.1768009 ], [ -74.2495463, 39.1768109 ], [ -74.2495863, 39.1768109 ], [ -74.2496063, 39.1768159 ], [ -74.2496913, 39.1768209 ], [ -74.2497563, 39.1768309 ], [ -74.2498013, 39.1768309 ], [ -74.2498613, 39.1768409 ], [ -74.2499063, 39.1768409 ], [ -74.2499663, 39.1768509 ], [ -74.2500113, 39.1768509 ], [ -74.2500313, 39.1768559 ], [ -74.2500713, 39.1768559 ], [ -74.2500963, 39.1768609 ], [ -74.2501363, 39.1768609 ], [ -74.2502263, 39.1768709 ], [ -74.2502913, 39.1768709 ], [ -74.2503113, 39.1768759 ], [ -74.2503513, 39.1768759 ], [ -74.2503763, 39.1768809 ], [ -74.2504413, 39.1768809 ], [ -74.2504613, 39.1768859 ], [ -74.2505713, 39.1768909 ], [ -74.2505913, 39.1768959 ], [ -74.2506613, 39.1768959 ], [ -74.2506813, 39.1769009 ], [ -74.2507913, 39.1769059 ], [ -74.2508113, 39.1769109 ], [ -74.2508813, 39.1769109 ], [ -74.2509013, 39.1769159 ], [ -74.2509663, 39.1769159 ], [ -74.2509913, 39.1769209 ], [ -74.2510813, 39.1769209 ], [ -74.2511013, 39.1769259 ], [ -74.2511913, 39.1769259 ], [ -74.2512163, 39.1769309 ], [ -74.2513063, 39.1769309 ], [ -74.2513313, 39.1769359 ], [ -74.2514013, 39.1769359 ], [ -74.2514263, 39.1769409 ], [ -74.2515713, 39.1769459 ], [ -74.2515913, 39.1769509 ], [ -74.2516413, 39.1769509 ], [ -74.2516663, 39.1769559 ], [ -74.2517363, 39.1769559 ], [ -74.2518363, 39.1769659 ], [ -74.2518863, 39.1769659 ], [ -74.2519113, 39.1769709 ], [ -74.2519613, 39.1769709 ], [ -74.2520413, 39.1769809 ], [ -74.2520913, 39.1769809 ], [ -74.2521663, 39.1769909 ], [ -74.2522213, 39.1769909 ], [ -74.2523013, 39.1770009 ], [ -74.2523513, 39.1770009 ], [ -74.2524313, 39.1770109 ], [ -74.2524863, 39.1770109 ], [ -74.2525663, 39.1770209 ], [ -74.2526213, 39.1770209 ], [ -74.2526463, 39.1770259 ], [ -74.2526763, 39.1770259 ], [ -74.2527013, 39.1770309 ], [ -74.2527313, 39.1770309 ], [ -74.2527563, 39.1770359 ], [ -74.2529013, 39.1770459 ], [ -74.2529263, 39.1770509 ], [ -74.2529563, 39.1770509 ], [ -74.2531563, 39.1770709 ], [ -74.2536613, 39.1771109 ], [ -74.2538113, 39.1771309 ], [ -74.2539063, 39.1771359 ], [ -74.2540013, 39.1771509 ], [ -74.2540313, 39.1771509 ], [ -74.2540913, 39.1771609 ], [ -74.2541863, 39.1771659 ], [ -74.2543463, 39.1771859 ], [ -74.2549963, 39.1772359 ], [ -74.2553863, 39.1772709 ], [ -74.2555313, 39.1772759 ], [ -74.2556463, 39.1772859 ], [ -74.2557063, 39.1772859 ], [ -74.2557363, 39.1772909 ], [ -74.2557913, 39.1772909 ], [ -74.2558763, 39.1773009 ], [ -74.2560513, 39.1773059 ], [ -74.2560763, 39.1773109 ], [ -74.2561913, 39.1773109 ], [ -74.2562163, 39.1773159 ], [ -74.2563313, 39.1773159 ], [ -74.2563563, 39.1773209 ], [ -74.2564713, 39.1773209 ], [ -74.2564963, 39.1773259 ], [ -74.2566063, 39.1773259 ], [ -74.2566313, 39.1773309 ], [ -74.2567413, 39.1773309 ], [ -74.2567663, 39.1773359 ], [ -74.2569263, 39.1773359 ], [ -74.2569563, 39.1773409 ], [ -74.2577413, 39.1773409 ], [ -74.2577663, 39.1773459 ], [ -74.2582963, 39.1773459 ], [ -74.2583263, 39.1773509 ], [ -74.2585013, 39.1773509 ], [ -74.2585313, 39.1773559 ], [ -74.2586763, 39.1773559 ], [ -74.2587063, 39.1773609 ], [ -74.2591063, 39.1773659 ], [ -74.2591363, 39.1773709 ], [ -74.2592913, 39.1773709 ], [ -74.2593263, 39.1773759 ], [ -74.2594513, 39.1773759 ], [ -74.2594863, 39.1773809 ], [ -74.2596163, 39.1773809 ], [ -74.2596463, 39.1773859 ], [ -74.2599463, 39.1773909 ], [ -74.2599813, 39.1773959 ], [ -74.2600813, 39.1773959 ], [ -74.2601113, 39.1774009 ], [ -74.2601813, 39.1774009 ], [ -74.2602163, 39.1774059 ], [ -74.2604313, 39.1774109 ], [ -74.2607363, 39.1774259 ], [ -74.2610613, 39.1774959 ], [ -74.2616163, 39.1777109 ], [ -74.2618213, 39.1777759 ], [ -74.2620763, 39.1778559 ], [ -74.2623063, 39.1779609 ], [ -74.2625413, 39.1780359 ], [ -74.2627263, 39.1781409 ], [ -74.2632763, 39.1783609 ], [ -74.2634163, 39.1784659 ], [ -74.2639713, 39.1787559 ], [ -74.2640613, 39.1788259 ], [ -74.2642013, 39.1788959 ], [ -74.2642963, 39.1789709 ], [ -74.2643863, 39.1790059 ], [ -74.2647563, 39.1792909 ], [ -74.2648463, 39.1793309 ], [ -74.2648963, 39.1794009 ], [ -74.2649863, 39.1794359 ], [ -74.2650813, 39.1795809 ], [ -74.2651713, 39.1796159 ], [ -74.2652163, 39.1796859 ], [ -74.2652663, 39.1797259 ], [ -74.2653113, 39.1797959 ], [ -74.2654013, 39.1798659 ], [ -74.2654463, 39.1799409 ], [ -74.2654963, 39.1799759 ], [ -74.2655413, 39.1800459 ], [ -74.2655413, 39.1800859 ], [ -74.2656313, 39.1801559 ], [ -74.2656813, 39.1802259 ], [ -74.2656813, 39.1802609 ], [ -74.2657263, 39.1803009 ], [ -74.2657263, 39.1803709 ], [ -74.2657713, 39.1804059 ], [ -74.2657713, 39.1804409 ], [ -74.2658163, 39.1804809 ], [ -74.2658163, 39.1805159 ], [ -74.2658663, 39.1805859 ], [ -74.2658663, 39.1806609 ], [ -74.2659113, 39.1806959 ], [ -74.2659113, 39.1807659 ], [ -74.2659563, 39.1808009 ], [ -74.2659563, 39.1809459 ], [ -74.2660013, 39.1809809 ], [ -74.2660013, 39.1816659 ], [ -74.2659563, 39.1817359 ], [ -74.2659563, 39.1818459 ], [ -74.2659113, 39.1818809 ], [ -74.2659113, 39.1819509 ], [ -74.2658663, 39.1819859 ], [ -74.2658663, 39.1820959 ], [ -74.2658163, 39.1821309 ], [ -74.2658163, 39.1821659 ], [ -74.2657713, 39.1822059 ], [ -74.2657713, 39.1822759 ], [ -74.2657263, 39.1823109 ], [ -74.2657263, 39.1823459 ], [ -74.2656813, 39.1823859 ], [ -74.2656813, 39.1824559 ], [ -74.2655413, 39.1825609 ], [ -74.2655413, 39.1826359 ], [ -74.2654963, 39.1826709 ], [ -74.2654463, 39.1827409 ], [ -74.2653563, 39.1828159 ], [ -74.2653113, 39.1828859 ], [ -74.2652663, 39.1829209 ], [ -74.2652163, 39.1829959 ], [ -74.2650313, 39.1831359 ], [ -74.2649863, 39.1832109 ], [ -74.2646613, 39.1834609 ], [ -74.2645713, 39.1834959 ], [ -74.2642013, 39.1837859 ], [ -74.2640613, 39.1838559 ], [ -74.2639713, 39.1839309 ], [ -74.2632763, 39.1842859 ], [ -74.2629113, 39.1844309 ], [ -74.2627263, 39.1845409 ], [ -74.2625413, 39.1846109 ], [ -74.2623063, 39.1846859 ], [ -74.2620763, 39.1847909 ], [ -74.2618463, 39.1848609 ], [ -74.2616163, 39.1849709 ], [ -74.2613413, 39.1850409 ], [ -74.2610613, 39.1851509 ], [ -74.2607363, 39.1852209 ], [ -74.2600913, 39.1854359 ], [ -74.2597713, 39.1855109 ], [ -74.2593513, 39.1856159 ], [ -74.2589863, 39.1856909 ], [ -74.2585663, 39.1857959 ], [ -74.2581063, 39.1858709 ], [ -74.2576463, 39.1859759 ], [ -74.2571813, 39.1860509 ], [ -74.2566763, 39.1861209 ], [ -74.2544113, 39.1864109 ], [ -74.2538113, 39.1864459 ], [ -74.2532113, 39.1865159 ], [ -74.2519213, 39.1865859 ], [ -74.2512713, 39.1865859 ], [ -74.2505813, 39.1866259 ], [ -74.2492863, 39.1866259 ], [ -74.2485962, 39.1865859 ], [ -74.2481612, 39.1865859 ], [ -74.2481262, 39.1865859 ], [ -74.2480612, 39.1865859 ], [ -74.2479462, 39.1865859 ] ], [ [ -74.3261457, 39.178543 ], [ -74.3270694, 39.1774167 ], [ -74.3279977, 39.1764546 ], [ -74.3286388, 39.1759926 ], [ -74.3292878, 39.1757858 ], [ -74.3303194, 39.175825 ], [ -74.3336167, 39.1762342 ], [ -74.3386014, 39.1771253 ], [ -74.3433878, 39.1777357 ], [ -74.3493694, 39.1784306 ], [ -74.3508556, 39.1795139 ], [ -74.3510749, 39.1801033 ], [ -74.351127, 39.1805694 ], [ -74.3508556, 39.1808889 ], [ -74.3497468, 39.1814003 ], [ -74.348549, 39.1818057 ], [ -74.3456528, 39.1821167 ], [ -74.3419261, 39.1825686 ], [ -74.3366138, 39.1835144 ], [ -74.3302089, 39.1850276 ], [ -74.3287574, 39.1853692 ], [ -74.3271992, 39.1856253 ], [ -74.3255342, 39.1860095 ], [ -74.3215857, 39.1865269 ], [ -74.3207891, 39.1865309 ], [ -74.3193546, 39.1865645 ], [ -74.3172116, 39.1865519 ], [ -74.314525, 39.1866028 ], [ -74.3141528, 39.1863861 ], [ -74.3142444, 39.1858778 ], [ -74.3165454, 39.1845953 ], [ -74.3192536, 39.1834063 ], [ -74.3218639, 39.1821917 ], [ -74.3230826, 39.1814075 ], [ -74.3245548, 39.1802432 ], [ -74.3261457, 39.178543 ] ], [ [ -74.4422828, 39.1789974 ], [ -74.440904, 39.1786754 ], [ -74.4398009, 39.1780315 ], [ -74.4391115, 39.1766006 ], [ -74.4386059, 39.1753843 ], [ -74.4386519, 39.1737387 ], [ -74.4388357, 39.1725939 ], [ -74.4397549, 39.1711629 ], [ -74.4421909, 39.1697676 ], [ -74.4449485, 39.1695887 ], [ -74.4474304, 39.1699107 ], [ -74.4489011, 39.1701254 ], [ -74.4512451, 39.1709124 ], [ -74.4527159, 39.1723077 ], [ -74.4534053, 39.1735956 ], [ -74.4536351, 39.1747761 ], [ -74.4532674, 39.1760998 ], [ -74.4524401, 39.1773876 ], [ -74.4508315, 39.178425 ], [ -74.4464652, 39.1790689 ], [ -74.4442131, 39.1791047 ], [ -74.4422828, 39.1789974 ] ] ] } },
{ "type": "Feature", "properties": { "RCID": 153, "PRIM": 3, "GRUP": 1, "OBJL": 42, "RVER": 1, "AGEN": 550, "FIDN": 37881350, "FIDS": 50, "LNAM": "0226024206060032", "DRVAL1": 18.2, "DRVAL2": 27.4 }, "geometry": { "type": "Polygon", "coordinates": [ [ [ -74.158663, 39.2407831 ], [ -74.1605687, 39.2412985 ], [ -74.1622672, 39.2425549 ], [ -74.16322, 39.2441011 ], [ -74.1635929, 39.2462272 ], [ -74.1633443, 39.2478378 ], [ -74.1617701, 39.2494162 ], [ -74.1603201, 39.2507691 ], [ -74.1587044, 39.251832 ], [ -74.156343, 39.2526373 ], [ -74.1538988, 39.2529272 ], [ -74.1516203, 39.2530238 ], [ -74.1495903, 39.2528305 ], [ -74.1480575, 39.2523474 ], [ -74.1468147, 39.251671 ], [ -74.1454475, 39.2503181 ], [ -74.1446604, 39.2491585 ], [ -74.1441218, 39.2474191 ], [ -74.1441633, 39.2458729 ], [ -74.144039, 39.2445199 ], [ -74.1444533, 39.2433924 ], [ -74.145489, 39.2422649 ], [ -74.1476846, 39.2412019 ], [ -74.1505017, 39.240622 ], [ -74.1516203, 39.2405575 ], [ -74.1553073, 39.2404609 ], [ -74.158663, 39.2407831 ] ] ] } },
{ "type": "Feature", "properties": { "RCID": 154, "PRIM": 3, "GRUP": 1, "OBJL": 42, "RVER": 1, "AGEN": 550, "FIDN": 37881034, "FIDS": 50, "LNAM": "0226024204CA0032", "DRVAL1": 27.4, "DRVAL2": 36.5 }, "geometry": { "type": "Polygon", "coordinates": [ [ [ -73.2154749, 39.5405571 ], [ -73.2141478, 39.5404362 ], [ -73.2116495, 39.5405572 ], [ -73.2090734, 39.5411618 ], [ -73.2078243, 39.5417058 ], [ -73.2067313, 39.5424312 ], [ -73.2057165, 39.5433983 ], [ -73.2048578, 39.5455743 ], [ -73.2048579, 39.5475689 ], [ -73.2051702, 39.5485964 ], [ -73.2057949, 39.5495634 ], [ -73.2068879, 39.5505304 ], [ -73.2079809, 39.5512556 ], [ -73.20923, 39.5518599 ], [ -73.2104791, 39.5522225 ], [ -73.2154755, 39.5527058 ], [ -73.2167246, 39.552585 ], [ -73.2179737, 39.5522223 ], [ -73.219535, 39.5512553 ], [ -73.221877, 39.5493211 ], [ -73.2223453, 39.5481123 ], [ -73.2225795, 39.5470244 ], [ -73.2222671, 39.5450298 ], [ -73.2210179, 39.5430352 ], [ -73.2198468, 39.5420681 ], [ -73.2182854, 39.541222 ], [ -73.2154749, 39.5405571 ] ] ] } },
{ "type": "Feature", "properties": { "RCID": 155, "PRIM": 3, "GRUP": 1, "OBJL": 42, "RVER": 1, "AGEN": 550, "FIDN": 37881331, "FIDS": 50, "LNAM": "0226024205F30032", "DRVAL1": 2743.2, "DRVAL2": 3657.6 }, "geometry": { "type": "Polygon", "coordinates": [ [ [ -69.2666667, 39.2013821 ], [ -69.2666667, 39.278969 ], [ -69.2865371, 39.2811764 ], [ -69.2922361, 39.2811156 ], [ -69.3076155, 39.2803263 ], [ -69.3355638, 39.2763815 ], [ -69.3392218, 39.2757332 ], [ -69.3584607, 39.2731648 ], [ -69.3684565, 39.2731645 ], [ -69.3726462, 39.2737105 ], [ -69.3765859, 39.2747171 ], [ -69.3831486, 39.2774267 ], [ -69.385825, 39.2801009 ], [ -69.3869312, 39.2816291 ], [ -69.388082, 39.2848484 ], [ -69.3884167, 39.2876044 ], [ -69.3886512, 39.2931857 ], [ -69.388495, 39.2934283 ], [ -69.3884953, 39.2979173 ], [ -69.3881364, 39.2995906 ], [ -69.3871684, 39.3041043 ], [ -69.3869345, 39.3101694 ], [ -69.3875359, 39.3148392 ], [ -69.3878789, 39.3162614 ], [ -69.388184, 39.3171588 ], [ -69.3905478, 39.3210601 ], [ -69.3923857, 39.3230587 ], [ -69.396524, 39.326043 ], [ -69.4009621, 39.3279969 ], [ -69.4036733, 39.3286544 ], [ -69.4061304, 39.3290489 ], [ -69.4083333, 39.3291803 ], [ -69.4124002, 39.3287859 ], [ -69.4157894, 39.3279969 ], [ -69.4207882, 39.3258929 ], [ -69.4249399, 39.3239861 ], [ -69.4289984, 39.321836 ], [ -69.4379144, 39.316229 ], [ -69.4431485, 39.3114556 ], [ -69.4444529, 39.3097665 ], [ -69.448718, 39.3052692 ], [ -69.4511625, 39.302033 ], [ -69.4537144, 39.2986547 ], [ -69.4601616, 39.2880448 ], [ -69.4639572, 39.2797149 ], [ -69.4661809, 39.2757641 ], [ -69.4698101, 39.2648629 ], [ -69.4714019, 39.2584265 ], [ -69.4714019, 39.2558045 ], [ -69.4706834, 39.2518955 ], [ -69.469684, 39.2490467 ], [ -69.4685016, 39.2465955 ], [ -69.4641407, 39.2415092 ], [ -69.4628678, 39.2403545 ], [ -69.4513371, 39.2332225 ], [ -69.4455082, 39.230091 ], [ -69.4327206, 39.2237466 ], [ -69.4288529, 39.2221719 ], [ -69.4247151, 39.2201074 ], [ -69.4207335, 39.2173545 ], [ -69.4176106, 39.2139132 ], [ -69.414904, 39.2097023 ], [ -69.4142782, 39.2056191 ], [ -69.4146674, 39.2031955 ], [ -69.4158143, 39.2002471 ], [ -69.4164681, 39.1990321 ], [ -69.4197175, 39.1953265 ], [ -69.4235093, 39.1923756 ], [ -69.4307023, 39.18884 ], [ -69.4378289, 39.1865167 ], [ -69.4440743, 39.1849976 ], [ -69.4515688, 39.182567 ], [ -69.461859, 39.1780704 ], [ -69.4813902, 39.1701092 ], [ -69.4878698, 39.1672528 ], [ -69.4961841, 39.1633159 ], [ -69.4969125, 39.162971 ], [ -69.5006405, 39.1611915 ], [ -69.5077576, 39.1576324 ], [ -69.5107673, 39.1563066 ], [ -69.5173789, 39.1533941 ], [ -69.5208139, 39.1523607 ], [ -69.5272935, 39.1498682 ], [ -69.5402527, 39.1458557 ], [ -69.5483632, 39.1438345 ], [ -69.5559213, 39.142229 ], [ -69.561487, 39.1417819 ], [ -69.5775302, 39.1399989 ], [ -69.5861566, 39.1394708 ], [ -69.592402, 39.1395314 ], [ -69.5969246, 39.1391791 ], [ -69.6120753, 39.1386797 ], [ -69.628938, 39.1386791 ], [ -69.6326853, 39.138375 ], [ -69.6383843, 39.1382837 ], [ -69.6433575, 39.1384596 ], [ -69.6636275, 39.1380507 ], [ -69.6810303, 39.1360953 ], [ -69.6880536, 39.1346365 ], [ -69.6962327, 39.1322322 ], [ -69.7075056, 39.1284214 ], [ -69.7125022, 39.126259 ], [ -69.7333143, 39.1153864 ], [ -69.7368273, 39.1131359 ], [ -69.7399499, 39.1114937 ], [ -69.7497666, 39.107139 ], [ -69.7557194, 39.1044984 ], [ -69.7727165, 39.098125 ], [ -69.7767801, 39.0960759 ], [ -69.795298, 39.0878314 ], [ -69.8008082, 39.084911 ], [ -69.8037987, 39.0827171 ], [ -69.8237933, 39.0693898 ], [ -69.8308905, 39.0641608 ], [ -69.8413657, 39.0555203 ], [ -69.8467346, 39.0510918 ], [ -69.8511161, 39.0468068 ], [ -69.8538744, 39.0446556 ], [ -69.8793756, 39.0209889 ], [ -69.8835911, 39.0163602 ], [ -69.8875778, 39.0127544 ], [ -69.8884272, 39.0121525 ], [ -69.8903738, 39.0107729 ], [ -69.8941299, 39.0082591 ], [ -69.9047469, 39.0037511 ], [ -69.9125537, 39.0021062 ], [ -69.916301, 39.0018624 ], [ -69.9213416, 39.0019878 ], [ -69.9261711, 39.0023841 ], [ -69.9352368, 39.0036392 ], [ -69.9468445, 39.0052906 ], [ -69.9554867, 39.0064796 ], [ -69.976258, 39.0103275 ], [ -69.9969821, 39.0154271 ], [ -70.0051158, 39.0171442 ], [ -70.0129108, 39.018267 ], [ -70.0230357, 39.0193236 ], [ -70.0312542, 39.02005 ], [ -70.0385408, 39.0205784 ], [ -70.0447259, 39.0207105 ], [ -70.0526903, 39.0201161 ], [ -70.0682229, 39.0184862 ], [ -70.0781376, 39.0172678 ], [ -70.0813384, 39.0164151 ], [ -70.0897139, 39.0148499 ], [ -70.0911905, 39.0143561 ], [ -70.0966656, 39.0132881 ], [ -70.1110162, 39.0095006 ], [ -70.1191392, 39.0067117 ], [ -70.1252357, 39.0038819 ], [ -70.1344097, 39.0005491 ], [ -70.1393422, 38.9981396 ], [ -70.144963, 38.9959462 ], [ -70.1505839, 38.9940574 ], [ -70.1596397, 38.9904017 ], [ -70.1616693, 38.9894268 ], [ -70.1755944, 38.98505 ], [ -70.1796217, 38.9837842 ], [ -70.1975804, 38.97925 ], [ -70.2133989, 38.9758285 ], [ -70.2303688, 38.9737035 ], [ -70.2334915, 38.973094 ], [ -70.2500089, 38.9719961 ], [ -70.2607488, 38.9721248 ], [ -70.279708, 38.973641 ], [ -70.2881394, 38.9747987 ], [ -70.2932615, 38.9758902 ], [ -70.3023502, 38.9782064 ], [ -70.3064858, 38.979856 ], [ -70.3097257, 38.981465 ], [ -70.3149989, 38.9848088 ], [ -70.3175955, 38.9877358 ], [ -70.3185869, 38.9895926 ], [ -70.3188994, 38.9935649 ], [ -70.3184441, 38.9956971 ], [ -70.3181188, 38.9972203 ], [ -70.3160893, 39.0023376 ], [ -70.3118741, 39.010561 ], [ -70.3050046, 39.021524 ], [ -70.3034433, 39.0234729 ], [ -70.2959873, 39.0345324 ], [ -70.2953873, 39.0358587 ], [ -70.2914217, 39.04241 ], [ -70.2897044, 39.0465499 ], [ -70.286492, 39.0532581 ], [ -70.2857358, 39.0559119 ], [ -70.285484, 39.0586617 ], [ -70.2860761, 39.0611231 ], [ -70.2874152, 39.0634722 ], [ -70.2907984, 39.06615 ], [ -70.2931405, 39.0670628 ], [ -70.2963674, 39.0676916 ], [ -70.3072241, 39.0686813 ], [ -70.3305339, 39.068944 ], [ -70.3425613, 39.0695671 ], [ -70.3466019, 39.070092 ], [ -70.3512304, 39.0711227 ], [ -70.3564803, 39.0729642 ], [ -70.3602574, 39.0751721 ], [ -70.3632198, 39.0771732 ], [ -70.3711317, 39.0842211 ], [ -70.3811822, 39.0921902 ], [ -70.3858619, 39.0959007 ], [ -70.3894258, 39.0983429 ], [ -70.4029067, 39.1075808 ], [ -70.4125875, 39.113602 ], [ -70.4191454, 39.1172509 ], [ -70.4212533, 39.11868 ], [ -70.4238742, 39.1201091 ], [ -70.4274771, 39.1217461 ], [ -70.4314805, 39.122637 ], [ -70.4333542, 39.1228454 ], [ -70.4381007, 39.1228453 ], [ -70.4419936, 39.1217621 ], [ -70.4454806, 39.1202098 ], [ -70.4479267, 39.1183042 ], [ -70.4499068, 39.1161003 ], [ -70.4514649, 39.1138002 ], [ -70.4539896, 39.1100731 ], [ -70.4561492, 39.1045655 ], [ -70.4604815, 39.0947438 ], [ -70.4607547, 39.0932837 ], [ -70.4616914, 39.0910935 ], [ -70.4625371, 39.0888335 ], [ -70.4627842, 39.0881731 ], [ -70.4655162, 39.0805065 ], [ -70.4668766, 39.0762643 ], [ -70.4755854, 39.054216 ], [ -70.4771729, 39.0501968 ], [ -70.4806076, 39.042729 ], [ -70.481274, 39.0414667 ], [ -70.4831575, 39.0378988 ], [ -70.4854212, 39.0322362 ], [ -70.4872167, 39.0291306 ], [ -70.4896365, 39.0240153 ], [ -70.4946745, 39.0155451 ], [ -70.4981453, 39.0121998 ], [ -70.5022048, 39.0090324 ], [ -70.5063827, 39.0065874 ], [ -70.5122071, 39.0049129 ], [ -70.5223822, 39.0033271 ], [ -70.5312459, 39.0028792 ], [ -70.5400161, 39.0027871 ], [ -70.5662207, 39.0060457 ], [ -70.5680852, 39.0065688 ], [ -70.5791412, 39.0088278 ], [ -70.5821181, 39.0096399 ], [ -70.5829831, 39.0098759 ], [ -70.5840205, 39.0099436 ], [ -70.5924297, 39.0119707 ], [ -70.5950512, 39.0123115 ], [ -70.6021089, 39.0140501 ], [ -70.6088466, 39.0164903 ], [ -70.6121645, 39.0174609 ], [ -70.615977, 39.0190718 ], [ -70.6251075, 39.0238197 ], [ -70.6284423, 39.0260206 ], [ -70.6317993, 39.0286391 ], [ -70.6440722, 39.0394526 ], [ -70.6525379, 39.0477719 ], [ -70.6574851, 39.0531742 ], [ -70.6666975, 39.0618782 ], [ -70.6746453, 39.068243 ], [ -70.6800185, 39.0731928 ], [ -70.69332, 39.0831768 ], [ -70.695292, 39.0848985 ], [ -70.6982541, 39.0868517 ], [ -70.7040937, 39.0902343 ], [ -70.716585, 39.0967233 ], [ -70.7216111, 39.0988989 ], [ -70.7272806, 39.100454 ], [ -70.7298764, 39.1014843 ], [ -70.7376638, 39.1034345 ], [ -70.7419316, 39.1042656 ], [ -70.7479064, 39.1049305 ], [ -70.7507909, 39.1054299 ], [ -70.7590642, 39.1055536 ], [ -70.7648707, 39.1051976 ], [ -70.7703173, 39.1044594 ], [ -70.7851816, 39.1006881 ], [ -70.7950344, 39.0967067 ], [ -70.808493, 39.090315 ], [ -70.8121403, 39.0880408 ], [ -70.8207276, 39.0821994 ], [ -70.8230285, 39.080944 ], [ -70.8236514, 39.0802965 ], [ -70.8342219, 39.0739581 ], [ -70.8352479, 39.0735581 ], [ -70.8452404, 39.0680198 ], [ -70.8508611, 39.0654026 ], [ -70.8585897, 39.0613854 ], [ -70.8657718, 39.0579767 ], [ -70.8719391, 39.0555416 ], [ -70.8969204, 39.0438528 ], [ -70.909655, 39.0375852 ], [ -70.9359837, 39.0255071 ], [ -70.9398574, 39.0238298 ], [ -70.942084, 39.0228656 ], [ -70.9493706, 39.0194315 ], [ -70.9537286, 39.0176404 ], [ -70.9540305, 39.0175163 ], [ -70.9588428, 39.0154992 ], [ -70.9729917, 39.0121022 ], [ -70.9847758, 39.0101516 ], [ -70.9921214, 39.0091605 ], [ -70.9974707, 39.0087737 ], [ -71.0162071, 39.0064585 ], [ -71.0202666, 39.0060928 ], [ -71.0237016, 39.0055445 ], [ -71.0283982, 39.0052739 ], [ -71.0368218, 39.0043151 ], [ -71.053992, 39.0035334 ], [ -71.0589885, 39.0035333 ], [ -71.0673157, 39.0030457 ], [ -71.0814721, 39.0030453 ], [ -71.0995312, 39.0050434 ], [ -71.1156283, 39.0083632 ], [ -71.1257557, 39.0087938 ], [ -71.1314362, 39.0081605 ], [ -71.1348803, 39.0072646 ], [ -71.141259, 39.0045981 ], [ -71.1450526, 39.0020145 ], [ -71.1463235, 39.0006273 ], [ -71.1475097, 38.9987116 ], [ -71.1509369, 38.993369 ], [ -71.1530717, 38.9881321 ], [ -71.1576145, 38.973457 ], [ -71.1603662, 38.9675076 ], [ -71.1617636, 38.9653256 ], [ -71.1646058, 38.9618735 ], [ -71.169884, 38.9566622 ], [ -71.1735904, 38.9535612 ], [ -71.1829582, 38.9462454 ], [ -71.1897499, 38.9422823 ], [ -71.1916653, 38.9407863 ], [ -71.1952926, 38.9379532 ], [ -71.1966978, 38.9363679 ], [ -71.1998984, 38.9336849 ], [ -71.2019158, 38.9316052 ], [ -71.2028561, 38.9297687 ], [ -71.2032342, 38.9277008 ], [ -71.2030208, 38.9263673 ], [ -71.201199, 38.9235215 ], [ -71.1966275, 38.9201606 ], [ -71.1937302, 38.9185439 ], [ -71.1857029, 38.9158565 ], [ -71.1778822, 38.9147601 ], [ -71.1723393, 38.9133167 ], [ -71.1689923, 38.9123534 ], [ -71.1664819, 38.9111277 ], [ -71.1624381, 38.908179 ], [ -71.1610624, 38.9065668 ], [ -71.1596451, 38.9039091 ], [ -71.159886, 38.9014598 ], [ -71.1613183, 38.8996688 ], [ -71.1633867, 38.8985142 ], [ -71.1693965, 38.8968337 ], [ -71.182253, 38.8946803 ], [ -71.1932605, 38.8924531 ], [ -71.2054911, 38.8895729 ], [ -71.2126212, 38.8862778 ], [ -71.2149632, 38.8848133 ], [ -71.21928, 38.8816639 ], [ -71.2218929, 38.8790377 ], [ -71.2250335, 38.8752446 ], [ -71.2252677, 38.8746954 ], [ -71.2278638, 38.8719389 ], [ -71.2332863, 38.8665119 ], [ -71.2344501, 38.8655748 ], [ -71.2443009, 38.8576426 ], [ -71.2486872, 38.8541254 ], [ -71.2501927, 38.8527126 ], [ -71.2608654, 38.8452119 ], [ -71.2657554, 38.8414516 ], [ -71.2669416, 38.8398625 ], [ -71.2677472, 38.8387294 ], [ -71.2677889, 38.8386707 ], [ -71.2684666, 38.8372141 ], [ -71.2686717, 38.833855 ], [ -71.2683984, 38.8325726 ], [ -71.2674225, 38.831046 ], [ -71.2655488, 38.8299469 ], [ -71.2631286, 38.8289089 ], [ -71.2526622, 38.8254394 ], [ -71.2465344, 38.8221713 ], [ -71.2444223, 38.8207552 ], [ -71.2417373, 38.8182831 ], [ -71.2403096, 38.8156917 ], [ -71.2400977, 38.8132747 ], [ -71.2402537, 38.8124399 ], [ -71.2427858, 38.8080368 ], [ -71.2442696, 38.8060463 ], [ -71.2454058, 38.8049793 ], [ -71.2612379, 38.7948665 ], [ -71.2758517, 38.7873707 ], [ -71.2899816, 38.7795487 ], [ -71.3169836, 38.7666666 ], [ -71.2447887, 38.7666666 ], [ -70.8513712, 38.7666666 ], [ -70.8380685, 38.7666666 ], [ -70.7730588, 38.7666666 ], [ -70.6896046, 38.7666666 ], [ -70.6159237, 38.7666666 ], [ -70.6134294, 38.7666666 ], [ -70.3398953, 38.7666666 ], [ -70.1236129, 38.7666666 ], [ -70.1306151, 38.7712102 ], [ -70.1326058, 38.7733674 ], [ -70.1332964, 38.7759213 ], [ -70.1329339, 38.7793188 ], [ -70.1314335, 38.7818791 ], [ -70.1288418, 38.784226 ], [ -70.1254317, 38.7861463 ], [ -70.1199755, 38.7882797 ], [ -70.1139736, 38.7895598 ], [ -70.1100179, 38.7898797 ], [ -70.1064714, 38.7898797 ], [ -70.1015077, 38.7893771 ], [ -70.1000049, 38.788957 ], [ -70.0932921, 38.786808 ], [ -70.0921073, 38.7861126 ], [ -70.0906852, 38.7848405 ], [ -70.0895434, 38.7834106 ], [ -70.0883486, 38.7804184 ], [ -70.0880817, 38.7789563 ], [ -70.0886388, 38.7759156 ], [ -70.0895078, 38.7742931 ], [ -70.0911033, 38.7722304 ], [ -70.0948723, 38.7691689 ], [ -70.098702, 38.7666666 ], [ -70.0119938, 38.7666666 ], [ -69.2666667, 38.7666666 ], [ -69.2666667, 38.8495564 ], [ -69.2666667, 38.9075141 ], [ -69.2666667, 38.9183308 ], [ -69.2666667, 38.9761331 ], [ -69.2666667, 39.0323073 ], [ -69.2666667, 39.0855118 ], [ -69.2666667, 39.1045834 ], [ -69.2666667, 39.136663 ], [ -69.2666667, 39.1438353 ], [ -69.2666667, 39.2013821 ] ], [ [ -70.795016, 39.0083731 ], [ -70.7950108, 39.0085205 ], [ -70.7947283, 39.0110905 ], [ -70.7933155, 39.0151287 ], [ -70.790434, 39.0202913 ], [ -70.7865636, 39.0256119 ], [ -70.772813, 39.0404304 ], [ -70.7631033, 39.0479631 ], [ -70.7598847, 39.0506753 ], [ -70.7562416, 39.0532321 ], [ -70.7521821, 39.055667 ], [ -70.7445316, 39.0595628 ], [ -70.7417213, 39.0606585 ], [ -70.7378178, 39.0612673 ], [ -70.7328215, 39.0612675 ], [ -70.729324, 39.0605859 ], [ -70.7259513, 39.058833 ], [ -70.7243509, 39.0570476 ], [ -70.7224826, 39.0531635 ], [ -70.7221646, 39.0501894 ], [ -70.7223939, 39.048536 ], [ -70.7237646, 39.0438581 ], [ -70.724155, 39.0426405 ], [ -70.7268871, 39.0389874 ], [ -70.7290511, 39.0366858 ], [ -70.7338013, 39.0294363 ], [ -70.7386859, 39.0238859 ], [ -70.7423622, 39.0204539 ], [ -70.748775, 39.0149742 ], [ -70.7516335, 39.0130448 ], [ -70.7547562, 39.0114002 ], [ -70.7653315, 39.0052054 ], [ -70.7669426, 39.0042616 ], [ -70.773159, 39.0010305 ], [ -70.7771149, 38.9993415 ], [ -70.7805058, 38.9984602 ], [ -70.7852152, 38.9980931 ], [ -70.7877583, 38.9982399 ], [ -70.790113, 38.9991212 ], [ -70.7926561, 39.0008102 ], [ -70.7941632, 39.0022055 ], [ -70.7947283, 39.0036007 ], [ -70.795105, 39.0058771 ], [ -70.795016, 39.0083731 ] ], [ [ -70.1123324, 38.8947217 ], [ -70.1188948, 38.8944443 ], [ -70.1547948, 38.8972435 ], [ -70.1574491, 38.8972434 ], [ -70.1632574, 38.8979997 ], [ -70.16749, 38.8990264 ], [ -70.1711112, 38.9005984 ], [ -70.1725425, 38.9017167 ], [ -70.1736214, 38.9031919 ], [ -70.1738341, 38.9048532 ], [ -70.1734926, 38.9064545 ], [ -70.1722826, 38.9083455 ], [ -70.1700968, 38.9100535 ], [ -70.1681979, 38.9113724 ], [ -70.1648808, 38.9130495 ], [ -70.1511733, 38.9154704 ], [ -70.1481461, 38.9157661 ], [ -70.1396504, 38.9160319 ], [ -70.127784, 38.9160322 ], [ -70.1166983, 38.9170085 ], [ -70.1098284, 38.9170086 ], [ -70.1059708, 38.91676 ], [ -70.1038675, 38.9164076 ], [ -70.0980523, 38.9153155 ], [ -70.092343, 38.9138138 ], [ -70.0895504, 38.9126511 ], [ -70.0873784, 38.9106163 ], [ -70.0861373, 38.9085331 ], [ -70.085889, 38.9067405 ], [ -70.085827, 38.9048026 ], [ -70.0860131, 38.9030583 ], [ -70.0872542, 38.9006357 ], [ -70.0913501, 38.8978738 ], [ -70.0974938, 38.8960809 ], [ -70.1049408, 38.8951117 ], [ -70.1099675, 38.8948695 ], [ -70.1123324, 38.8947217 ] ], [ [ -70.3024206, 38.8673693 ], [ -70.3005209, 38.8661317 ], [ -70.2985171, 38.8637989 ], [ -70.2979704, 38.8609912 ], [ -70.2979703, 38.8597704 ], [ -70.2991217, 38.8570692 ], [ -70.30132, 38.8548425 ], [ -70.3045331, 38.8528323 ], [ -70.3086192, 38.8514342 ], [ -70.3174089, 38.8501247 ], [ -70.3206097, 38.8501246 ], [ -70.3262256, 38.8506208 ], [ -70.3307587, 38.8513802 ], [ -70.3336233, 38.8526601 ], [ -70.3366267, 38.854795 ], [ -70.3394291, 38.8576435 ], [ -70.3404657, 38.8600743 ], [ -70.3408821, 38.8626379 ], [ -70.3405737, 38.8648091 ], [ -70.3384492, 38.8677192 ], [ -70.3371612, 38.8685584 ], [ -70.3332801, 38.8700756 ], [ -70.3291983, 38.8709267 ], [ -70.3256071, 38.8714883 ], [ -70.3195179, 38.8714884 ], [ -70.3147915, 38.8712247 ], [ -70.3087755, 38.8698531 ], [ -70.3024206, 38.8673693 ] ] ] } },
{ "type": "Feature", "properties": { "RCID": 156, "PRIM": 3, "GRUP": 1, "OBJL": 42, "RVER": 1, "AGEN": 550, "FIDN": 37881595, "FIDS": 50, "LNAM": "0226024206FB0032", "DRVAL1": 10.9, "DRVAL2": 18.2 }, "geometry": { "type": "Polygon", "coordinates": [ [ [ -74.5188813, 39.166667 ], [ -74.5183306, 39.166667 ], [ -74.5020025, 39.166667 ], [ -74.5000144, 39.166667 ], [ -74.4993624, 39.1686949 ], [ -74.4986788, 39.1704313 ], [ -74.4985349, 39.1720275 ], [ -74.4988587, 39.1735958 ], [ -74.4997941, 39.175584 ], [ -74.5003236, 39.1763562 ], [ -74.5028531, 39.1779968 ], [ -74.504961, 39.1789082 ], [ -74.506054, 39.1790905 ], [ -74.509411, 39.1788473 ], [ -74.5161247, 39.1771052 ], [ -74.5189632, 39.1756931 ], [ -74.5209484, 39.1742799 ], [ -74.5220333, 39.1722414 ], [ -74.5222039, 39.1704159 ], [ -74.5214363, 39.1684908 ], [ -74.5204983, 39.1676278 ], [ -74.5188813, 39.166667 ] ] ] } },
{ "type": "Feature", "properties": { "RCID": 157, "PRIM": 3, "GRUP": 1, "OBJL": 42, "RVER": 1, "AGEN": 550, "FIDN": 37880525, "FIDS": 50, "LNAM": "0226024202CD0032", "DRVAL1": 164.5, "DRVAL2": 173.7 }, "geometry": { "type": "Polygon", "coordinates": [ [ [ -72.6052821, 39.166667 ], [ -72.6013753, 39.166667 ], [ -72.5967033, 39.1693413 ], [ -72.5603314, 39.1895812 ], [ -72.556298, 39.1919581 ], [ -72.5523444, 39.1943056 ], [ -72.5488997, 39.1965133 ], [ -72.5424353, 39.2006562 ], [ -72.5326788, 39.2058129 ], [ -72.5244615, 39.2088321 ], [ -72.5182703, 39.2122219 ], [ -72.5141161, 39.2147909 ], [ -72.5117134, 39.2168089 ], [ -72.5115385, 39.2169558 ], [ -72.5072254, 39.2198052 ], [ -72.5028405, 39.2223752 ], [ -72.4995338, 39.2242189 ], [ -72.4965865, 39.2257831 ], [ -72.4929925, 39.2277326 ], [ -72.4917686, 39.228875 ], [ -72.4823165, 39.2346953 ], [ -72.478009, 39.23706 ], [ -72.4672971, 39.2422451 ], [ -72.4659089, 39.2429977 ], [ -72.4500374, 39.2516025 ], [ -72.4463286, 39.2533066 ], [ -72.4280011, 39.2631583 ], [ -72.423471, 39.2658998 ], [ -72.4190351, 39.2685842 ], [ -72.4110388, 39.2740899 ], [ -72.4044332, 39.2782909 ], [ -72.3949093, 39.2856933 ], [ -72.3858126, 39.292039 ], [ -72.3767227, 39.3000355 ], [ -72.3705528, 39.3043172 ], [ -72.3624845, 39.3118993 ], [ -72.3613729, 39.3131603 ], [ -72.3584975, 39.3161174 ], [ -72.3552268, 39.3200228 ], [ -72.354216, 39.3212633 ], [ -72.3521357, 39.3238164 ], [ -72.3492604, 39.3271077 ], [ -72.346353, 39.3308994 ], [ -72.3462707, 39.3309988 ], [ -72.3426059, 39.3354264 ], [ -72.337922, 39.3395491 ], [ -72.3340578, 39.3435502 ], [ -72.331755, 39.3465812 ], [ -72.3260564, 39.3556733 ], [ -72.3233502, 39.358825 ], [ -72.3175001, 39.3647489 ], [ -72.3121426, 39.3706674 ], [ -72.3081798, 39.3760353 ], [ -72.3060944, 39.3796362 ], [ -72.301117, 39.3898206 ], [ -72.2981099, 39.3946952 ], [ -72.2971507, 39.3967807 ], [ -72.2958311, 39.3996501 ], [ -72.2935305, 39.406244 ], [ -72.2930876, 39.4086497 ], [ -72.2938951, 39.412825 ], [ -72.2938952, 39.4141976 ], [ -72.2933788, 39.4158001 ], [ -72.2903962, 39.4200419 ], [ -72.2897189, 39.4224936 ], [ -72.289524, 39.4275797 ], [ -72.2899059, 39.4293374 ], [ -72.2904589, 39.4318822 ], [ -72.2906173, 39.4336945 ], [ -72.2920764, 39.4342639 ], [ -72.294302, 39.4348601 ], [ -72.2962038, 39.4352523 ], [ -72.2981376, 39.4354527 ], [ -72.2970658, 39.4349778 ], [ -72.2959698, 39.4338457 ], [ -72.2954575, 39.432314 ], [ -72.2954575, 39.4322263 ], [ -72.2954573, 39.4296203 ], [ -72.2989474, 39.421021 ], [ -72.2996724, 39.418396 ], [ -72.2996723, 39.4166198 ], [ -72.2992484, 39.4143186 ], [ -72.2978862, 39.4109434 ], [ -72.2975234, 39.4089748 ], [ -72.2975234, 39.4077795 ], [ -72.2977048, 39.4072874 ], [ -72.2984227, 39.4060823 ], [ -72.3001625, 39.4047325 ], [ -72.3068767, 39.4005956 ], [ -72.3075476, 39.3999315 ], [ -72.3077309, 39.398927 ], [ -72.3073322, 39.3982709 ], [ -72.3068333, 39.3980247 ], [ -72.3055181, 39.3976731 ], [ -72.3053799, 39.3975566 ], [ -72.3048194, 39.3970839 ], [ -72.3042298, 39.3963104 ], [ -72.3041121, 39.3955635 ], [ -72.3041121, 39.3947548 ], [ -72.3041991, 39.3937259 ], [ -72.3046898, 39.3927047 ], [ -72.3059165, 39.3911815 ], [ -72.3082585, 39.3893642 ], [ -72.3109439, 39.3867591 ], [ -72.3119832, 39.3847425 ], [ -72.3123909, 39.3806286 ], [ -72.3137227, 39.3782165 ], [ -72.315604, 39.3758802 ], [ -72.3176706, 39.3749444 ], [ -72.3200616, 39.3733204 ], [ -72.3227329, 39.3710741 ], [ -72.3243108, 39.3691144 ], [ -72.3263524, 39.3652401 ], [ -72.3293356, 39.362461 ], [ -72.3296466, 39.3617544 ], [ -72.32996, 39.3593096 ], [ -72.3299598, 39.3561984 ], [ -72.3307014, 39.3542791 ], [ -72.3312479, 39.3534305 ], [ -72.3323538, 39.3524001 ], [ -72.3361388, 39.3497551 ], [ -72.338476, 39.347661 ], [ -72.3392495, 39.3464597 ], [ -72.3397959, 39.3442774 ], [ -72.3411228, 39.3410039 ], [ -72.3420987, 39.3395489 ], [ -72.343259, 39.3383475 ], [ -72.3479536, 39.3353959 ], [ -72.3517265, 39.3325578 ], [ -72.3538219, 39.3309815 ], [ -72.3557721, 39.3291515 ], [ -72.3581758, 39.3267582 ], [ -72.3597829, 39.324728 ], [ -72.360126, 39.3242945 ], [ -72.3641624, 39.3192964 ], [ -72.367065, 39.316058 ], [ -72.3687884, 39.3143683 ], [ -72.3697726, 39.3135966 ], [ -72.3708209, 39.3126089 ], [ -72.3759677, 39.309624 ], [ -72.3820458, 39.3053123 ], [ -72.3849174, 39.3029217 ], [ -72.3878447, 39.3001921 ], [ -72.3922553, 39.2933373 ], [ -72.3933602, 39.2920493 ], [ -72.3963841, 39.289913 ], [ -72.3992812, 39.2887872 ], [ -72.4039653, 39.2884838 ], [ -72.4050359, 39.2882757 ], [ -72.4077646, 39.2870034 ], [ -72.4114652, 39.2835519 ], [ -72.4187757, 39.2760563 ], [ -72.4287956, 39.2689519 ], [ -72.4303306, 39.2678635 ], [ -72.4448074, 39.2574592 ], [ -72.4607011, 39.2491209 ], [ -72.4670514, 39.2449271 ], [ -72.4684975, 39.2440948 ], [ -72.4695004, 39.2435176 ], [ -72.4750676, 39.240392 ], [ -72.4829853, 39.2368678 ], [ -72.4881971, 39.2337355 ], [ -72.4962704, 39.228054 ], [ -72.5015335, 39.2253935 ], [ -72.5053432, 39.2236311 ], [ -72.5107856, 39.2206703 ], [ -72.5148611, 39.2181738 ], [ -72.5256389, 39.2115718 ], [ -72.5327741, 39.2076236 ], [ -72.5363652, 39.2056799 ], [ -72.5431703, 39.2026486 ], [ -72.5511101, 39.197565 ], [ -72.5563212, 39.1942286 ], [ -72.5593947, 39.1922544 ], [ -72.5727816, 39.1844021 ], [ -72.6002689, 39.1695184 ], [ -72.6052821, 39.166667 ] ] ] } },
{ "type": "Feature", "properties": { "RCID": 158, "PRIM": 3, "GRUP": 1, "OBJL": 42, "RVER": 1, "AGEN": 550, "FIDN": 37881105, "FIDS": 50, "LNAM": "0226024205110032", "DRVAL1": 64.0, "DRVAL2": 73.1 }, "geometry": { "type": "Polygon", "coordinates": [ [ [ -72.7056314, 39.4811295 ], [ -72.7041481, 39.4819766 ], [ -72.7021965, 39.4834286 ], [ -72.6969191, 39.485413 ], [ -72.6943117, 39.4859091 ], [ -72.693531, 39.4859092 ], [ -72.6928283, 39.4856672 ], [ -72.6922818, 39.4853043 ], [ -72.6914751, 39.4842355 ], [ -72.6912235, 39.482676 ], [ -72.6914749, 39.4807267 ], [ -72.6922554, 39.4783065 ], [ -72.6923595, 39.4771369 ], [ -72.6927498, 39.4761688 ], [ -72.6937646, 39.4747167 ], [ -72.6945453, 39.4741117 ], [ -72.6964189, 39.4729015 ], [ -72.6996196, 39.4713887 ], [ -72.7040942, 39.4698346 ], [ -72.7069579, 39.4690891 ], [ -72.7087535, 39.4689076 ], [ -72.7109394, 39.4689075 ], [ -72.7133595, 39.4692704 ], [ -72.7139841, 39.469573 ], [ -72.7149209, 39.4702991 ], [ -72.7153113, 39.4707831 ], [ -72.7154674, 39.4712672 ], [ -72.7156237, 39.4730218 ], [ -72.714687, 39.4752001 ], [ -72.7132818, 39.4762892 ], [ -72.7094565, 39.4784069 ], [ -72.7081294, 39.4791934 ], [ -72.7056314, 39.4811295 ] ] ] } },
{ "type": "Feature", "properties": { "RCID": 159, "PRIM": 3, "GRUP": 1, "OBJL": 42, "RVER": 1, "AGEN": 550, "FIDN": 37881199, "FIDS": 50, "LNAM": "02260242056F0032", "DRVAL1": 27.4, "DRVAL2": 36.5 }, "geometry": { "type": "Polygon", "coordinates": [ [ [ -73.759203, 39.166667 ], [ -73.7234952, 39.166667 ], [ -73.7044831, 39.166667 ], [ -73.7015006, 39.166667 ], [ -73.696332, 39.166667 ], [ -73.6956418, 39.166667 ], [ -73.6961379, 39.1675897 ], [ -73.6990121, 39.1714986 ], [ -73.7007922, 39.1732365 ], [ -73.7044771, 39.1753875 ], [ -73.705492, 39.1762382 ], [ -73.706507, 39.1781826 ], [ -73.7078344, 39.1830435 ], [ -73.7079906, 39.1849878 ], [ -73.7079127, 39.186932 ], [ -73.7076785, 39.1879041 ], [ -73.7075225, 39.1898483 ], [ -73.7077568, 39.1917923 ], [ -73.7083814, 39.1927644 ], [ -73.7093182, 39.1937363 ], [ -73.7104112, 39.1943438 ], [ -73.7116603, 39.1948297 ], [ -73.7129095, 39.1950727 ], [ -73.7141585, 39.1951334 ], [ -73.7167348, 39.1947689 ], [ -73.7194671, 39.1936145 ], [ -73.7194886, 39.1935975 ], [ -73.723995, 39.19003 ], [ -73.726415, 39.1885111 ], [ -73.7273285, 39.1877525 ], [ -73.7348101, 39.1831862 ], [ -73.7348461, 39.1831642 ], [ -73.7428868, 39.1776797 ], [ -73.7510578, 39.1725502 ], [ -73.755345, 39.169414 ], [ -73.759203, 39.166667 ] ] ] } },
{ "type": "Feature", "properties": { "RCID": 160, "PRIM": 3, "GRUP": 1, "OBJL": 42, "RVER": 1, "AGEN": 550, "FIDN": 37881620, "FIDS": 50, "LNAM": "0226024207140032", "DRVAL1": 36.5, "DRVAL2": 45.7 }, "geometry": { "type": "Polygon", "coordinates": [ [ [ -73.6240017, 39.4372847 ], [ -73.6257972, 39.4354079 ], [ -73.6280611, 39.4335311 ], [ -73.6305592, 39.4323202 ], [ -73.6330573, 39.4312909 ], [ -73.6341503, 39.4306249 ], [ -73.6366484, 39.429535 ], [ -73.6391465, 39.4280818 ], [ -73.6410981, 39.4263865 ], [ -73.6442987, 39.4229352 ], [ -73.6463285, 39.4211186 ], [ -73.6486704, 39.4194836 ], [ -73.6498414, 39.418878 ], [ -73.6543692, 39.4153657 ], [ -73.6574514, 39.4126068 ], [ -73.6585848, 39.4118532 ], [ -73.6613951, 39.4109145 ], [ -73.6718442, 39.4090903 ], [ -73.677321, 39.4088246 ], [ -73.6804437, 39.4082188 ], [ -73.6856482, 39.4056346 ], [ -73.6871574, 39.4044637 ], [ -73.687938, 39.4034945 ], [ -73.6885355, 39.4022795 ], [ -73.688067, 39.4002808 ], [ -73.6873644, 39.3993116 ], [ -73.6861152, 39.3984637 ], [ -73.6843466, 39.3979223 ], [ -73.6809897, 39.3977407 ], [ -73.6784915, 39.3977408 ], [ -73.6735732, 39.398286 ], [ -73.6723241, 39.3986496 ], [ -73.671831, 39.3989531 ], [ -73.6715434, 39.3994975 ], [ -73.6716888, 39.4000895 ], [ -73.6723002, 39.4006716 ], [ -73.6757593, 39.4016779 ], [ -73.6770084, 39.4022835 ], [ -73.677195, 39.402693 ], [ -73.6771646, 39.4032526 ], [ -73.6770812, 39.4036416 ], [ -73.6765401, 39.4041006 ], [ -73.675291, 39.404464 ], [ -73.6740419, 39.4045852 ], [ -73.6727928, 39.4044641 ], [ -73.6715437, 39.4042218 ], [ -73.6663911, 39.4027078 ], [ -73.6638929, 39.4022839 ], [ -73.6591464, 39.4017753 ], [ -73.6524949, 39.4022843 ], [ -73.6474986, 39.4031324 ], [ -73.6450005, 39.4039804 ], [ -73.6412533, 39.405737 ], [ -73.6389113, 39.4070088 ], [ -73.6364912, 39.408523 ], [ -73.635008, 39.4097949 ], [ -73.6297778, 39.4180915 ], [ -73.6279824, 39.4199687 ], [ -73.6259526, 39.4216642 ], [ -73.6237668, 39.4232385 ], [ -73.6230643, 39.4246917 ], [ -73.6222838, 39.4295354 ], [ -73.6220496, 39.4300198 ], [ -73.6214251, 39.4309885 ], [ -73.6198639, 39.4328654 ], [ -73.6123111, 39.4401908 ], [ -73.611589, 39.4415225 ], [ -73.611433, 39.4426121 ], [ -73.6117526, 39.4434107 ], [ -73.6126041, 39.4443676 ], [ -73.6132497, 39.444611 ], [ -73.6142265, 39.4445777 ], [ -73.6175223, 39.4425514 ], [ -73.6210353, 39.4398878 ], [ -73.6240017, 39.4372847 ] ] ] } },
{ "type": "Feature", "properties": { "RCID": 161, "PRIM": 3, "GRUP": 1, "OBJL": 42, "RVER": 1, "AGEN": 550, "FIDN": 37881432, "FIDS": 50, "LNAM": "0226024206580032", "DRVAL1": 128.0, "DRVAL2": 137.1 }, "geometry": { "type": "Polygon", "coordinates": [ [ [ -72.5713585, 39.2305439 ], [ -72.5693114, 39.2309421 ], [ -72.5679061, 39.2309421 ], [ -72.5655132, 39.2306325 ], [ -72.5629097, 39.2300922 ], [ -72.5596307, 39.2283921 ], [ -72.5586938, 39.2269349 ], [ -72.5586937, 39.225599 ], [ -72.5590306, 39.2242887 ], [ -72.56071, 39.2218935 ], [ -72.5628011, 39.2207316 ], [ -72.5663442, 39.2201335 ], [ -72.5688424, 39.2201335 ], [ -72.5708097, 39.2204735 ], [ -72.5730582, 39.2213479 ], [ -72.573995, 39.2218336 ], [ -72.5756084, 39.2230886 ], [ -72.5760958, 39.2246049 ], [ -72.5758298, 39.2260539 ], [ -72.5752183, 39.2274809 ], [ -72.5740947, 39.2290541 ], [ -72.5713585, 39.2305439 ] ] ] } },
{ "type": "Feature", "properties": { "RCID": 162, "PRIM": 3, "GRUP": 1, "OBJL": 42, "RVER": 1, "AGEN": 550, "FIDN": 37881342, "FIDS": 50, "LNAM": "0226024205FE0032", "DRVAL1": 36.5, "DRVAL2": 45.7 }, "geometry": { "type": "Polygon", "coordinates": [ [ [ -73.3352285, 39.5077991 ], [ -73.3363231, 39.5074811 ], [ -73.3399142, 39.5055457 ], [ -73.3467059, 39.5005257 ], [ -73.3502188, 39.4982877 ], [ -73.352717, 39.496957 ], [ -73.3602114, 39.4935695 ], [ -73.3639585, 39.4916337 ], [ -73.3664567, 39.4906053 ], [ -73.3689548, 39.4897584 ], [ -73.3739512, 39.4892138 ], [ -73.3764493, 39.4884878 ], [ -73.3789475, 39.4873989 ], [ -73.3812113, 39.485584 ], [ -73.3864417, 39.4805625 ], [ -73.3888617, 39.4786869 ], [ -73.3985418, 39.470337 ], [ -73.4002592, 39.4682191 ], [ -73.4007275, 39.4661618 ], [ -73.4006494, 39.465133 ], [ -73.3995563, 39.4631966 ], [ -73.3983853, 39.4624099 ], [ -73.3957309, 39.4620469 ], [ -73.3932327, 39.462168 ], [ -73.3857382, 39.4634996 ], [ -73.3757457, 39.4670702 ], [ -73.372701, 39.4676754 ], [ -73.3695002, 39.467736 ], [ -73.3640615, 39.4675899 ], [ -73.3625521, 39.4677361 ], [ -73.3581804, 39.469007 ], [ -73.356619, 39.4697635 ], [ -73.3525596, 39.4721234 ], [ -73.3497492, 39.4734849 ], [ -73.3460801, 39.4761471 ], [ -73.3429575, 39.4789303 ], [ -73.3402773, 39.4815117 ], [ -73.3375711, 39.4857063 ], [ -73.336166, 39.4875816 ], [ -73.3335899, 39.4904249 ], [ -73.3321847, 39.4923606 ], [ -73.3307537, 39.4959092 ], [ -73.3305456, 39.4971996 ], [ -73.3307017, 39.4981673 ], [ -73.3316387, 39.5000422 ], [ -73.3318469, 39.501393 ], [ -73.3315061, 39.5024493 ], [ -73.3307021, 39.5049412 ], [ -73.3307022, 39.5059088 ], [ -73.3313267, 39.5067555 ], [ -73.3325758, 39.5074812 ], [ -73.333825, 39.507844 ], [ -73.3350741, 39.507844 ], [ -73.3352285, 39.5077991 ] ] ] } },
{ "type": "Feature", "properties": { "RCID": 163, "PRIM": 3, "GRUP": 1, "OBJL": 42, "RVER": 1, "AGEN": 550, "FIDN": 37881118, "FIDS": 50, "LNAM": "02260242051E0032", "DRVAL1": 36.5, "DRVAL2": 45.7 }, "geometry": { "type": "Polygon", "coordinates": [ [ [ -73.4702111, 39.5192688 ], [ -73.4694304, 39.5201153 ], [ -73.4681033, 39.5220503 ], [ -73.4650812, 39.5254275 ], [ -73.4582672, 39.531603 ], [ -73.4557691, 39.5332959 ], [ -73.4520219, 39.5355327 ], [ -73.4493677, 39.5366813 ], [ -73.4467914, 39.5374068 ], [ -73.4441371, 39.5377696 ], [ -73.4415609, 39.5375883 ], [ -73.4403118, 39.5372861 ], [ -73.4378135, 39.5361981 ], [ -73.4367205, 39.5355332 ], [ -73.4357836, 39.5346868 ], [ -73.4353152, 39.5337196 ], [ -73.4355025, 39.5325589 ], [ -73.4378913, 39.52979 ], [ -73.4420287, 39.5261624 ], [ -73.4439023, 39.5243485 ], [ -73.4449171, 39.5224137 ], [ -73.4526453, 39.5137668 ], [ -73.4566804, 39.5089335 ], [ -73.4619692, 39.5037579 ], [ -73.4640427, 39.5011875 ], [ -73.4659163, 39.4993124 ], [ -73.469195, 39.496651 ], [ -73.4729422, 39.4943524 ], [ -73.4756745, 39.4931426 ], [ -73.4783288, 39.4929005 ], [ -73.4809051, 39.493203 ], [ -73.4821543, 39.4935658 ], [ -73.4846525, 39.4948964 ], [ -73.4855893, 39.4961062 ], [ -73.4859017, 39.4973159 ], [ -73.4857457, 39.4982836 ], [ -73.4852773, 39.4992513 ], [ -73.4816863, 39.5028804 ], [ -73.480047, 39.5047552 ], [ -73.4716942, 39.5173943 ], [ -73.4716162, 39.5173339 ], [ -73.4702111, 39.5192688 ] ] ] } },
{ "type": "Feature", "properties": { "RCID": 164, "PRIM": 3, "GRUP": 1, "OBJL": 42, "RVER": 1, "AGEN": 550, "FIDN": 37881660, "FIDS": 50, "LNAM": "02260242073C0032", "DRVAL1": 10.9, "DRVAL2": 18.2 }, "geometry": { "type": "Polygon", "coordinates": [ [ [ -74.4422828, 39.1789974 ], [ -74.440904, 39.1786754 ], [ -74.4398009, 39.1780315 ], [ -74.4391115, 39.1766006 ], [ -74.4386059, 39.1753843 ], [ -74.4386519, 39.1737387 ], [ -74.4388357, 39.1725939 ], [ -74.4397549, 39.1711629 ], [ -74.4421909, 39.1697676 ], [ -74.4449485, 39.1695887 ], [ -74.4474304, 39.1699107 ], [ -74.4489011, 39.1701254 ], [ -74.4512451, 39.1709124 ], [ -74.4527159, 39.1723077 ], [ -74.4534053, 39.1735956 ], [ -74.4536351, 39.1747761 ], [ -74.4532674, 39.1760998 ], [ -74.4524401, 39.1773876 ], [ -74.4508315, 39.178425 ], [ -74.4464652, 39.1790689 ], [ -74.4442131, 39.1791047 ], [ -74.4422828, 39.1789974 ] ] ] } },
{ "type": "Feature", "properties": { "RCID": 165, "PRIM": 3, "GRUP": 1, "OBJL": 42, "RVER": 1, "AGEN": 550, "FIDN": 37881534, "FIDS": 50, "LNAM": "0226024206BE0032", "DRVAL1": 10.9, "DRVAL2": 18.2 }, "geometry": { "type": "Polygon", "coordinates": [ [ [ -74.138651, 39.376204 ], [ -74.1404773, 39.3771962 ], [ -74.1408883, 39.3777986 ], [ -74.1409339, 39.3812004 ], [ -74.1394727, 39.3836453 ], [ -74.1370985, 39.3860901 ], [ -74.1348612, 39.3878616 ], [ -74.1333544, 39.3885348 ], [ -74.1321169, 39.3889035 ], [ -74.1310258, 39.3893851 ], [ -74.129793, 39.3894914 ], [ -74.1279667, 39.3888891 ], [ -74.1272818, 39.3883222 ], [ -74.1267795, 39.3875072 ], [ -74.1268708, 39.3849207 ], [ -74.1279211, 39.3830783 ], [ -74.1301584, 39.3802436 ], [ -74.1333089, 39.3779758 ], [ -74.134907, 39.377019 ], [ -74.1372812, 39.3761685 ], [ -74.138651, 39.376204 ] ] ] } },
{ "type": "Feature", "properties": { "RCID": 166, "PRIM": 3, "GRUP": 1, "OBJL": 42, "RVER": 1, "AGEN": 550, "FIDN": 37881368, "FIDS": 50, "LNAM": "0226024206180032", "DRVAL1": 1828.8, "DRVAL2": 2743.2 }, "geometry": { "type": "Polygon", "coordinates": [ [ [ -70.795016, 39.0083731 ], [ -70.7950108, 39.0085205 ], [ -70.7947283, 39.0110905 ], [ -70.7933155, 39.0151287 ], [ -70.790434, 39.0202913 ], [ -70.7865636, 39.0256119 ], [ -70.772813, 39.0404304 ], [ -70.7631033, 39.0479631 ], [ -70.7598847, 39.0506753 ], [ -70.7562416, 39.0532321 ], [ -70.7521821, 39.055667 ], [ -70.7445316, 39.0595628 ], [ -70.7417213, 39.0606585 ], [ -70.7378178, 39.0612673 ], [ -70.7328215, 39.0612675 ], [ -70.729324, 39.0605859 ], [ -70.7259513, 39.058833 ], [ -70.7243509, 39.0570476 ], [ -70.7224826, 39.0531635 ], [ -70.7221646, 39.0501894 ], [ -70.7223939, 39.048536 ], [ -70.7237646, 39.0438581 ], [ -70.724155, 39.0426405 ], [ -70.7268871, 39.0389874 ], [ -70.7290511, 39.0366858 ], [ -70.7338013, 39.0294363 ], [ -70.7386859, 39.0238859 ], [ -70.7423622, 39.0204539 ], [ -70.748775, 39.0149742 ], [ -70.7516335, 39.0130448 ], [ -70.7547562, 39.0114002 ], [ -70.7653315, 39.0052054 ], [ -70.7669426, 39.0042616 ], [ -70.773159, 39.0010305 ], [ -70.7771149, 38.9993415 ], [ -70.7805058, 38.9984602 ], [ -70.7852152, 38.9980931 ], [ -70.7877583, 38.9982399 ], [ -70.790113, 38.9991212 ], [ -70.7926561, 39.0008102 ], [ -70.7941632, 39.0022055 ], [ -70.7947283, 39.0036007 ], [ -70.795105, 39.0058771 ], [ -70.795016, 39.0083731 ] ] ] } },
{ "type": "Feature", "properties": { "RCID": 167, "PRIM": 3, "GRUP": 1, "OBJL": 42, "RVER": 1, "AGEN": 550, "FIDN": 37881197, "FIDS": 50, "LNAM": "02260242056D0032", "DRVAL1": 10.9, "DRVAL2": 18.2 }, "geometry": { "type": "Polygon", "coordinates": [ [ [ -74.3261457, 39.178543 ], [ -74.3270694, 39.1774167 ], [ -74.3279977, 39.1764546 ], [ -74.3286388, 39.1759926 ], [ -74.3292878, 39.1757858 ], [ -74.3303194, 39.175825 ], [ -74.3336167, 39.1762342 ], [ -74.3386014, 39.1771253 ], [ -74.3433878, 39.1777357 ], [ -74.3493694, 39.1784306 ], [ -74.3508556, 39.1795139 ], [ -74.3510749, 39.1801033 ], [ -74.351127, 39.1805694 ], [ -74.3508556, 39.1808889 ], [ -74.3497468, 39.1814003 ], [ -74.348549, 39.1818057 ], [ -74.3456528, 39.1821167 ], [ -74.3419261, 39.1825686 ], [ -74.3366138, 39.1835144 ], [ -74.3302089, 39.1850276 ], [ -74.3287574, 39.1853692 ], [ -74.3271992, 39.1856253 ], [ -74.3255342, 39.1860095 ], [ -74.3215857, 39.1865269 ], [ -74.3207891, 39.1865309 ], [ -74.3193546, 39.1865645 ], [ -74.3172116, 39.1865519 ], [ -74.314525, 39.1866028 ], [ -74.3141528, 39.1863861 ], [ -74.3142444, 39.1858778 ], [ -74.3165454, 39.1845953 ], [ -74.3192536, 39.1834063 ], [ -74.3218639, 39.1821917 ], [ -74.3230826, 39.1814075 ], [ -74.3245548, 39.1802432 ], [ -74.3261457, 39.178543 ] ] ] } },
{ "type": "Feature", "properties": { "RCID": 168, "PRIM": 3, "GRUP": 1, "OBJL": 42, "RVER": 1, "AGEN": 550, "FIDN": 37880021, "FIDS": 50, "LNAM": "0226024200D50032", "DRVAL1": 146.3, "DRVAL2": 155.4 }, "geometry": { "type": "Polygon", "coordinates": [ [ [ -72.6084534, 39.166667 ], [ -72.6071805, 39.16741 ], [ -72.6057255, 39.1682593 ], [ -72.5745057, 39.1852559 ], [ -72.5587536, 39.1950137 ], [ -72.5537322, 39.1988126 ], [ -72.5535399, 39.1989369 ], [ -72.5433913, 39.2059834 ], [ -72.5380403, 39.2101744 ], [ -72.5335633, 39.2131218 ], [ -72.5304064, 39.214841 ], [ -72.5212206, 39.2191632 ], [ -72.5193636, 39.2201263 ], [ -72.5151314, 39.2223212 ], [ -72.5115341, 39.2244977 ], [ -72.5030311, 39.2287582 ], [ -72.4925859, 39.2354859 ], [ -72.4841783, 39.2420248 ], [ -72.4759156, 39.2472386 ], [ -72.4751841, 39.2477001 ], [ -72.4720784, 39.2490379 ], [ -72.4640621, 39.2534182 ], [ -72.4542506, 39.2614606 ], [ -72.4454744, 39.2671242 ], [ -72.4390874, 39.2718559 ], [ -72.4368283, 39.2733425 ], [ -72.4329367, 39.2759033 ], [ -72.4295322, 39.2790789 ], [ -72.4276978, 39.2819306 ], [ -72.4261365, 39.2831442 ], [ -72.4229692, 39.2850337 ], [ -72.4166124, 39.287998 ], [ -72.4152072, 39.2889687 ], [ -72.4120539, 39.2923383 ], [ -72.4095655, 39.2966355 ], [ -72.4075203, 39.2988606 ], [ -72.4044228, 39.3008663 ], [ -72.3975873, 39.3034539 ], [ -72.3949622, 39.3049836 ], [ -72.3936213, 39.3063232 ], [ -72.3903421, 39.3107393 ], [ -72.3880884, 39.3147416 ], [ -72.3857768, 39.3179018 ], [ -72.3852215, 39.3188133 ], [ -72.3848164, 39.3193617 ], [ -72.3817142, 39.3220702 ], [ -72.3789167, 39.3242628 ], [ -72.3758698, 39.3273582 ], [ -72.3731553, 39.3297656 ], [ -72.3711487, 39.3318018 ], [ -72.3709949, 39.3319579 ], [ -72.3694437, 39.3332046 ], [ -72.3682122, 39.3336675 ], [ -72.3649112, 39.3359108 ], [ -72.3646021, 39.3362369 ], [ -72.3616548, 39.3393462 ], [ -72.3608742, 39.3409629 ], [ -72.3607254, 39.3416021 ], [ -72.3600369, 39.3437368 ], [ -72.3590128, 39.3455545 ], [ -72.3571446, 39.3479723 ], [ -72.3495754, 39.3533598 ], [ -72.3462443, 39.3553584 ], [ -72.3455109, 39.356037 ], [ -72.3434398, 39.3578142 ], [ -72.3404436, 39.361214 ], [ -72.3387225, 39.3636487 ], [ -72.3358935, 39.3652081 ], [ -72.331834, 39.3666424 ], [ -72.3298043, 39.3681574 ], [ -72.3284137, 39.3708563 ], [ -72.3279205, 39.3780067 ], [ -72.3271896, 39.3802761 ], [ -72.3221546, 39.3874857 ], [ -72.3209056, 39.3898484 ], [ -72.3168914, 39.3953751 ], [ -72.3160657, 39.3965119 ], [ -72.3151291, 39.3994193 ], [ -72.3155715, 39.4007923 ], [ -72.3175227, 39.4028232 ], [ -72.3184393, 39.4034653 ], [ -72.3192669, 39.4047492 ], [ -72.3195011, 39.405476 ], [ -72.3195012, 39.4070103 ], [ -72.3181742, 39.4094127 ], [ -72.3131311, 39.413325 ], [ -72.3117495, 39.4161834 ], [ -72.3086894, 39.4202527 ], [ -72.3070736, 39.423571 ], [ -72.3059443, 39.4270747 ], [ -72.3057863, 39.429037 ], [ -72.3061267, 39.431676 ], [ -72.3067774, 39.433694 ], [ -72.3081828, 39.4365999 ], [ -72.3103476, 39.4393295 ], [ -72.310863, 39.4402429 ], [ -72.3118133, 39.4419269 ], [ -72.3123208, 39.4435008 ], [ -72.3123209, 39.4464063 ], [ -72.3116475, 39.4503236 ], [ -72.3124385, 39.4548194 ], [ -72.315132, 39.4582689 ], [ -72.3192364, 39.4614503 ], [ -72.3238496, 39.4637745 ], [ -72.3262082, 39.4655771 ], [ -72.3281083, 39.4672326 ], [ -72.3292958, 39.4679377 ], [ -72.3306417, 39.4684282 ], [ -72.3341648, 39.4693786 ], [ -72.3362232, 39.4702063 ], [ -72.343292, 39.4705206 ], [ -72.3410902, 39.4689565 ], [ -72.3391775, 39.4671034 ], [ -72.3359393, 39.4654302 ], [ -72.3300183, 39.4647616 ], [ -72.3286163, 39.4643368 ], [ -72.3239741, 39.46116 ], [ -72.3233833, 39.4597863 ], [ -72.3236001, 39.4581049 ], [ -72.3251417, 39.4567827 ], [ -72.3264218, 39.4559328 ], [ -72.32694, 39.455555 ], [ -72.3270619, 39.4550829 ], [ -72.3270619, 39.4546579 ], [ -72.326818, 39.4537608 ], [ -72.3255989, 39.4525803 ], [ -72.3235873, 39.4513999 ], [ -72.3225511, 39.4503138 ], [ -72.3215148, 39.4490389 ], [ -72.3209661, 39.4474805 ], [ -72.3208443, 39.4464888 ], [ -72.3208241, 39.4454263 ], [ -72.3208185, 39.4451332 ], [ -72.321689, 39.4433189 ], [ -72.3246242, 39.4408612 ], [ -72.3258521, 39.4396172 ], [ -72.3271535, 39.4375921 ], [ -72.3287927, 39.4345409 ], [ -72.330588, 39.428971 ], [ -72.3327347, 39.4247327 ], [ -72.3368643, 39.4201792 ], [ -72.3372234, 39.4192224 ], [ -72.3371453, 39.4187986 ], [ -72.3368618, 39.4182396 ], [ -72.3363709, 39.4181222 ], [ -72.3357257, 39.4181222 ], [ -72.3349243, 39.4184059 ], [ -72.334491, 39.4187986 ], [ -72.3318368, 39.4208575 ], [ -72.3287141, 39.4227952 ], [ -72.3255914, 39.4238549 ], [ -72.3234412, 39.4241591 ], [ -72.3220003, 39.4240064 ], [ -72.3213605, 39.423701 ], [ -72.3210634, 39.4232799 ], [ -72.3208994, 39.4226108 ], [ -72.3210634, 39.4221341 ], [ -72.3273086, 39.4180722 ], [ -72.3286964, 39.4161883 ], [ -72.3300798, 39.4117742 ], [ -72.3312637, 39.4098766 ], [ -72.3340889, 39.4079587 ], [ -72.3367654, 39.405536 ], [ -72.3408669, 39.3999669 ], [ -72.3451325, 39.3950995 ], [ -72.3455923, 39.3941386 ], [ -72.3456925, 39.3933611 ], [ -72.3452872, 39.3926558 ], [ -72.3448687, 39.3923584 ], [ -72.3434532, 39.3921283 ], [ -72.3417816, 39.3921157 ], [ -72.3403795, 39.3916904 ], [ -72.3399573, 39.3913127 ], [ -72.3395871, 39.3909815 ], [ -72.3394652, 39.3904616 ], [ -72.3393911, 39.389724 ], [ -72.3398179, 39.3890151 ], [ -72.3410979, 39.3884951 ], [ -72.3426829, 39.3882588 ], [ -72.3459745, 39.3882588 ], [ -72.3490964, 39.3884293 ], [ -72.3516566, 39.3880985 ], [ -72.3534853, 39.3876258 ], [ -72.355314, 39.3866333 ], [ -72.3559845, 39.385499 ], [ -72.3565669, 39.3828925 ], [ -72.3572628, 39.3814522 ], [ -72.358378, 39.380154 ], [ -72.3609542, 39.3786594 ], [ -72.3617682, 39.3778168 ], [ -72.362047, 39.3765185 ], [ -72.3620185, 39.3761208 ], [ -72.361373, 39.3754782 ], [ -72.3603298, 39.374954 ], [ -72.359507, 39.3746578 ], [ -72.3588699, 39.3741104 ], [ -72.3586899, 39.3734284 ], [ -72.358846, 39.3729436 ], [ -72.3603553, 39.3717115 ], [ -72.3643627, 39.3694491 ], [ -72.3655597, 39.36852 ], [ -72.3665589, 39.3673565 ], [ -72.367727, 39.3648625 ], [ -72.3681356, 39.3626416 ], [ -72.3691727, 39.3599144 ], [ -72.3703994, 39.3576921 ], [ -72.3730153, 39.3552098 ], [ -72.3759532, 39.3534552 ], [ -72.3791427, 39.3522168 ], [ -72.3837227, 39.3511055 ], [ -72.3855442, 39.3503983 ], [ -72.3873554, 39.3493435 ], [ -72.3878689, 39.3485461 ], [ -72.3877711, 39.3476082 ], [ -72.3873162, 39.3472618 ], [ -72.3862309, 39.3468363 ], [ -72.3848679, 39.3466354 ], [ -72.3843606, 39.3463101 ], [ -72.3838592, 39.3458529 ], [ -72.3836704, 39.3452864 ], [ -72.3837484, 39.3442761 ], [ -72.384511, 39.3433225 ], [ -72.385459, 39.3424663 ], [ -72.3857843, 39.3422896 ], [ -72.3869674, 39.3416471 ], [ -72.387771, 39.3412106 ], [ -72.3904732, 39.3394955 ], [ -72.392882, 39.3370012 ], [ -72.3954669, 39.335344 ], [ -72.396395, 39.3343941 ], [ -72.4008346, 39.3312083 ], [ -72.4047359, 39.3281809 ], [ -72.4085762, 39.3260049 ], [ -72.4148185, 39.3226915 ], [ -72.4189561, 39.321034 ], [ -72.4218445, 39.319538 ], [ -72.4234839, 39.3180099 ], [ -72.424008, 39.3168344 ], [ -72.424009, 39.3159105 ], [ -72.423465, 39.3151411 ], [ -72.4217808, 39.3147015 ], [ -72.4206703, 39.3145189 ], [ -72.4199201, 39.3142106 ], [ -72.4194242, 39.313676 ], [ -72.4191899, 39.3128674 ], [ -72.4192679, 39.3123822 ], [ -72.4205616, 39.3109613 ], [ -72.4211068, 39.3106436 ], [ -72.4257214, 39.309107 ], [ -72.4294687, 39.3091069 ], [ -72.4315506, 39.3097133 ], [ -72.4340366, 39.3113685 ], [ -72.4355061, 39.3116539 ], [ -72.4373797, 39.31129 ], [ -72.4391966, 39.3104078 ], [ -72.4416732, 39.3069231 ], [ -72.4433332, 39.304227 ], [ -72.4465912, 39.2985525 ], [ -72.4534608, 39.2905449 ], [ -72.4542139, 39.2895725 ], [ -72.4546141, 39.2881622 ], [ -72.4545519, 39.2847195 ], [ -72.4547957, 39.2829681 ], [ -72.454821, 39.2829298 ], [ -72.4558024, 39.2814444 ], [ -72.4577429, 39.2799362 ], [ -72.463386, 39.2768848 ], [ -72.4645458, 39.2759832 ], [ -72.4678245, 39.2730705 ], [ -72.4742074, 39.2666021 ], [ -72.4813165, 39.261628 ], [ -72.4881216, 39.2581408 ], [ -72.4909944, 39.2561863 ], [ -72.4920136, 39.2550852 ], [ -72.4929279, 39.2537119 ], [ -72.4930884, 39.2531959 ], [ -72.4933553, 39.2523382 ], [ -72.4932333, 39.2515805 ], [ -72.492258, 39.2508701 ], [ -72.4904582, 39.2502291 ], [ -72.4899705, 39.2498029 ], [ -72.4899096, 39.2493767 ], [ -72.4902753, 39.248761 ], [ -72.4948972, 39.245418 ], [ -72.4959667, 39.2437546 ], [ -72.4965521, 39.2410227 ], [ -72.4971571, 39.2400817 ], [ -72.5000709, 39.2375255 ], [ -72.5009243, 39.2360098 ], [ -72.5018604, 39.2345871 ], [ -72.5031788, 39.2334402 ], [ -72.5112154, 39.2304986 ], [ -72.5204335, 39.2258694 ], [ -72.5222709, 39.2247 ], [ -72.5249204, 39.2225359 ], [ -72.5280342, 39.2199926 ], [ -72.5317453, 39.2179304 ], [ -72.5391934, 39.2142774 ], [ -72.5466789, 39.2099477 ], [ -72.5520809, 39.2049038 ], [ -72.5554657, 39.2010225 ], [ -72.5564795, 39.2001198 ], [ -72.5605291, 39.1965138 ], [ -72.5624188, 39.1949498 ], [ -72.6087538, 39.1689266 ], [ -72.6127771, 39.166667 ], [ -72.6084534, 39.166667 ] ] ] } },
{ "type": "Feature", "properties": { "RCID": 169, "PRIM": 3, "GRUP": 1, "OBJL": 42, "RVER": 1, "AGEN": 550, "FIDN": 37881164, "FIDS": 50, "LNAM": "02260242054C0032", "DRVAL1": 10.9, "DRVAL2": 18.2 }, "geometry": { "type": "Polygon", "coordinates": [ [ [ -74.2676878, 39.1951343 ], [ -74.2677723, 39.1953165 ], [ -74.2691852, 39.1965919 ], [ -74.2712199, 39.1975154 ], [ -74.2777195, 39.1975155 ], [ -74.2814498, 39.1959762 ], [ -74.2864234, 39.1932056 ], [ -74.2899255, 39.1899359 ], [ -74.2919978, 39.186454 ], [ -74.2920449, 39.1834484 ], [ -74.2919215, 39.1831124 ], [ -74.2912914, 39.1813957 ], [ -74.2896451, 39.1800102 ], [ -74.2873278, 39.1789105 ], [ -74.2825238, 39.1789545 ], [ -74.2791327, 39.1797023 ], [ -74.2771545, 39.18067 ], [ -74.2749015, 39.1821288 ], [ -74.2709924, 39.1853544 ], [ -74.2686375, 39.18814 ], [ -74.2673202, 39.1907865 ], [ -74.266868, 39.1917981 ], [ -74.2670375, 39.1937332 ], [ -74.2676878, 39.1951343 ] ] ] } },
{ "type": "Feature", "properties": { "RCID": 170, "PRIM": 3, "GRUP": 1, "OBJL": 42, "RVER": 1, "AGEN": 550, "FIDN": 37881486, "FIDS": 50, "LNAM": "02260242068E0032", "DRVAL1": 118.8, "DRVAL2": 128.0 }, "geometry": { "type": "Polygon", "coordinates": [ [ [ -72.7137096, 39.166667 ], [ -72.7066577, 39.166667 ], [ -72.7059878, 39.166667 ], [ -72.7059257, 39.1671237 ], [ -72.7055447, 39.1681828 ], [ -72.7055559, 39.1694302 ], [ -72.7065904, 39.1716264 ], [ -72.7078129, 39.1743348 ], [ -72.7093176, 39.1775555 ], [ -72.7097525, 39.1790833 ], [ -72.7095257, 39.1804599 ], [ -72.7087094, 39.1815541 ], [ -72.7040426, 39.1867614 ], [ -72.6980442, 39.1923717 ], [ -72.6918607, 39.1992428 ], [ -72.6875055, 39.2031849 ], [ -72.6789184, 39.2122352 ], [ -72.6774352, 39.2133891 ], [ -72.6744332, 39.2152056 ], [ -72.673043, 39.2175286 ], [ -72.6728035, 39.219766 ], [ -72.673298, 39.2228023 ], [ -72.6732283, 39.2245774 ], [ -72.6730849, 39.2260535 ], [ -72.6724399, 39.226889 ], [ -72.6709347, 39.2281979 ], [ -72.6708313, 39.2282857 ], [ -72.6662172, 39.2322035 ], [ -72.6626813, 39.2347036 ], [ -72.6570086, 39.2391156 ], [ -72.6542502, 39.2406537 ], [ -72.6519651, 39.2417599 ], [ -72.6492773, 39.2429571 ], [ -72.6454288, 39.2449035 ], [ -72.6447604, 39.2454337 ], [ -72.641373, 39.2481209 ], [ -72.6382317, 39.2512419 ], [ -72.6366074, 39.2528557 ], [ -72.6332897, 39.2569225 ], [ -72.6325169, 39.2585248 ], [ -72.6317676, 39.2612925 ], [ -72.6312547, 39.2648471 ], [ -72.6298805, 39.2676633 ], [ -72.6297237, 39.2679846 ], [ -72.6277347, 39.2708793 ], [ -72.6257637, 39.2728275 ], [ -72.6237927, 39.2741913 ], [ -72.6230042, 39.2749427 ], [ -72.6224981, 39.275976 ], [ -72.6224265, 39.2768387 ], [ -72.6224623, 39.2776458 ], [ -72.6231746, 39.2783826 ], [ -72.6243456, 39.278868 ], [ -72.6256791, 39.2787235 ], [ -72.6272405, 39.2779201 ], [ -72.6320804, 39.2733082 ], [ -72.6337897, 39.2709569 ], [ -72.6344602, 39.2695078 ], [ -72.6346139, 39.2691756 ], [ -72.635359, 39.2662689 ], [ -72.6356711, 39.2635986 ], [ -72.6361595, 39.2619295 ], [ -72.6370912, 39.2605098 ], [ -72.6385605, 39.2589788 ], [ -72.6410153, 39.2574198 ], [ -72.643273, 39.2564455 ], [ -72.6441531, 39.2561037 ], [ -72.6454232, 39.2556104 ], [ -72.6500103, 39.2541349 ], [ -72.6538091, 39.2522974 ], [ -72.6556228, 39.2510584 ], [ -72.6603762, 39.2478112 ], [ -72.6622796, 39.2456967 ], [ -72.6651018, 39.241139 ], [ -72.6657731, 39.2404591 ], [ -72.667976, 39.2391741 ], [ -72.6718311, 39.2381032 ], [ -72.6758907, 39.2381275 ], [ -72.6789561, 39.2392499 ], [ -72.6800312, 39.2400017 ], [ -72.6810525, 39.241394 ], [ -72.6816618, 39.2434266 ], [ -72.6819843, 39.2450137 ], [ -72.681841, 39.2464059 ], [ -72.6812317, 39.2473803 ], [ -72.6800849, 39.2481599 ], [ -72.6768125, 39.2498195 ], [ -72.673924, 39.2506087 ], [ -72.6711916, 39.2521263 ], [ -72.6659794, 39.2562397 ], [ -72.6658523, 39.2563553 ], [ -72.6627606, 39.2591673 ], [ -72.6578864, 39.2655642 ], [ -72.6544858, 39.2680888 ], [ -72.6526448, 39.269174 ], [ -72.6503381, 39.2697961 ], [ -72.6500646, 39.2698699 ], [ -72.6480935, 39.2706493 ], [ -72.6464092, 39.2717904 ], [ -72.6445432, 39.2735242 ], [ -72.6429566, 39.2749983 ], [ -72.635497, 39.2844518 ], [ -72.6285215, 39.2920441 ], [ -72.6236667, 39.2983118 ], [ -72.6201634, 39.3000782 ], [ -72.6164682, 39.301095 ], [ -72.6142967, 39.3013615 ], [ -72.6125765, 39.3020292 ], [ -72.6119047, 39.302404 ], [ -72.6114297, 39.302669 ], [ -72.6083351, 39.3049882 ], [ -72.6011286, 39.312208 ], [ -72.5941576, 39.317423 ], [ -72.5879742, 39.3211097 ], [ -72.5830276, 39.3236588 ], [ -72.5809431, 39.3258153 ], [ -72.5755815, 39.3344645 ], [ -72.5732981, 39.3374201 ], [ -72.572221, 39.33993 ], [ -72.5719972, 39.3413202 ], [ -72.5726739, 39.3434217 ], [ -72.5730643, 39.3440279 ], [ -72.5739699, 39.344731 ], [ -72.5762183, 39.3453857 ], [ -72.5773737, 39.3462828 ], [ -72.5771631, 39.3505303 ], [ -72.5769839, 39.352671 ], [ -72.5763388, 39.3542833 ], [ -72.5762063, 39.3545068 ], [ -72.5755146, 39.3556733 ], [ -72.574762, 39.3562014 ], [ -72.574117, 39.3563682 ], [ -72.5735078, 39.3564238 ], [ -72.5728985, 39.3563126 ], [ -72.5723252, 39.3560346 ], [ -72.5717875, 39.3553397 ], [ -72.5712859, 39.3536439 ], [ -72.5706408, 39.3527265 ], [ -72.5699241, 39.3520871 ], [ -72.5686929, 39.351605 ], [ -72.5680683, 39.3517262 ], [ -72.5649456, 39.3536053 ], [ -72.5637747, 39.3554237 ], [ -72.5626038, 39.3579692 ], [ -72.5621876, 39.3599086 ], [ -72.5613376, 39.3618884 ], [ -72.560262, 39.3625147 ], [ -72.559117, 39.3627369 ], [ -72.5572433, 39.3620097 ], [ -72.5549309, 39.3593027 ], [ -72.5537921, 39.3591417 ], [ -72.5527672, 39.359424 ], [ -72.5502692, 39.3612423 ], [ -72.5478977, 39.362378 ], [ -72.5453892, 39.3633231 ], [ -72.5418234, 39.3646295 ], [ -72.5393507, 39.3660192 ], [ -72.5364121, 39.3683817 ], [ -72.5302062, 39.3737261 ], [ -72.5280985, 39.3751805 ], [ -72.5271617, 39.3762711 ], [ -72.5233946, 39.3793599 ], [ -72.5223912, 39.3806104 ], [ -72.5210294, 39.3828613 ], [ -72.5191659, 39.3851676 ], [ -72.5169353, 39.3871769 ], [ -72.5144868, 39.3889778 ], [ -72.5127041, 39.3898426 ], [ -72.5113077, 39.3897793 ], [ -72.5102061, 39.3893496 ], [ -72.5096776, 39.3883696 ], [ -72.509831, 39.3876618 ], [ -72.5099872, 39.3870387 ], [ -72.5124266, 39.3823909 ], [ -72.5124311, 39.3818741 ], [ -72.5121586, 39.3812746 ], [ -72.5105251, 39.3803239 ], [ -72.5095883, 39.3800816 ], [ -72.5083214, 39.3801493 ], [ -72.5055109, 39.3809674 ], [ -72.5037102, 39.3820156 ], [ -72.5028047, 39.3834212 ], [ -72.5016292, 39.3890618 ], [ -72.5008408, 39.3903956 ], [ -72.5000167, 39.3914513 ], [ -72.4981601, 39.3925993 ], [ -72.4930466, 39.3932961 ], [ -72.4903586, 39.3945076 ], [ -72.4882801, 39.3948966 ], [ -72.4863448, 39.3948966 ], [ -72.4860158, 39.394894 ], [ -72.482797, 39.3948687 ], [ -72.478855, 39.3949243 ], [ -72.4760955, 39.3953689 ], [ -72.4748413, 39.3956467 ], [ -72.4741944, 39.3960057 ], [ -72.4726656, 39.3968539 ], [ -72.4644353, 39.4083484 ], [ -72.4612737, 39.4108013 ], [ -72.4595562, 39.4114675 ], [ -72.4579948, 39.4117703 ], [ -72.4570581, 39.4117703 ], [ -72.4558089, 39.4112859 ], [ -72.4519054, 39.4083185 ], [ -72.4511247, 39.4080157 ], [ -72.4497194, 39.4078946 ], [ -72.4484703, 39.4080158 ], [ -72.4465187, 39.4087729 ], [ -72.4455038, 39.4099539 ], [ -72.4445047, 39.4138298 ], [ -72.4432402, 39.4170998 ], [ -72.4421039, 39.4188627 ], [ -72.4396381, 39.4209667 ], [ -72.438166, 39.4218232 ], [ -72.4340284, 39.4234278 ], [ -72.42776, 39.4245625 ], [ -72.422032, 39.4260217 ], [ -72.4208663, 39.4264738 ], [ -72.418715, 39.4284458 ], [ -72.4169708, 39.4294603 ], [ -72.4149801, 39.4301036 ], [ -72.4126381, 39.4305579 ], [ -72.4109987, 39.4315114 ], [ -72.4100619, 39.4329645 ], [ -72.4094375, 39.4349018 ], [ -72.4079756, 39.4366556 ], [ -72.4047393, 39.4377013 ], [ -72.4036996, 39.4387763 ], [ -72.4034612, 39.4417359 ], [ -72.4042073, 39.4428927 ], [ -72.4053783, 39.4441033 ], [ -72.4070438, 39.4450717 ], [ -72.4100313, 39.4460643 ], [ -72.4130292, 39.4466453 ], [ -72.4151901, 39.446887 ], [ -72.418494, 39.4472101 ], [ -72.4231782, 39.4474117 ], [ -72.4276281, 39.4483699 ], [ -72.4287991, 39.4488239 ], [ -72.4294237, 39.4494291 ], [ -72.4298253, 39.4507434 ], [ -72.4291115, 39.4518502 ], [ -72.428487, 39.4523344 ], [ -72.4266134, 39.4530607 ], [ -72.4243235, 39.4532827 ], [ -72.4090331, 39.4517373 ], [ -72.4050552, 39.4515707 ], [ -72.4035819, 39.4516225 ], [ -72.40269, 39.4516539 ], [ -72.4010415, 39.4519593 ], [ -72.3963229, 39.453328 ], [ -72.3942064, 39.4543125 ], [ -72.391717, 39.4559063 ], [ -72.3890367, 39.4583277 ], [ -72.386313, 39.4604927 ], [ -72.3831952, 39.4629076 ], [ -72.3816184, 39.4646561 ], [ -72.3812959, 39.4653777 ], [ -72.3810221, 39.4667391 ], [ -72.3815354, 39.4703178 ], [ -72.3821335, 39.471836 ], [ -72.3826879, 39.4728706 ], [ -72.3836133, 39.4746634 ], [ -72.3875762, 39.4801621 ], [ -72.3883223, 39.4817037 ], [ -72.3888103, 39.4837203 ], [ -72.3896106, 39.4853738 ], [ -72.3914843, 39.4871887 ], [ -72.3943261, 39.4881202 ], [ -72.3984883, 39.4886575 ], [ -72.3994591, 39.4891889 ], [ -72.4005122, 39.4898616 ], [ -72.4011968, 39.4904528 ], [ -72.4015428, 39.4909108 ], [ -72.4019867, 39.4920835 ], [ -72.4017896, 39.492961 ], [ -72.39976, 39.4947584 ], [ -72.3995118, 39.495467 ], [ -72.3995644, 39.4960581 ], [ -72.3998802, 39.4966341 ], [ -72.4007489, 39.4971388 ], [ -72.4027267, 39.4977134 ], [ -72.4050168, 39.4977133 ], [ -72.4082138, 39.4969701 ], [ -72.4097118, 39.496825 ], [ -72.4138125, 39.4974711 ], [ -72.414867, 39.4981549 ], [ -72.4161213, 39.4990426 ], [ -72.4171247, 39.5000691 ], [ -72.4185748, 39.5015838 ], [ -72.4196619, 39.5033889 ], [ -72.4209803, 39.5092235 ], [ -72.4218824, 39.5116692 ], [ -72.4249772, 39.5157348 ], [ -72.4284143, 39.521563 ], [ -72.4323532, 39.5268678 ], [ -72.4384527, 39.5359763 ], [ -72.439221, 39.5377607 ], [ -72.4424689, 39.5486115 ], [ -72.4434961, 39.5561633 ], [ -72.4433806, 39.5576844 ], [ -72.4447777, 39.5576548 ], [ -72.4488114, 39.5575692 ], [ -72.4495707, 39.5548259 ], [ -72.4495704, 39.5494672 ], [ -72.4501557, 39.5462941 ], [ -72.4522243, 39.5414887 ], [ -72.4528488, 39.5395545 ], [ -72.4528487, 39.5377409 ], [ -72.451446, 39.5301651 ], [ -72.4513624, 39.5284064 ], [ -72.4509112, 39.5253546 ], [ -72.4500087, 39.5226647 ], [ -72.4493236, 39.5216043 ], [ -72.4478529, 39.5205179 ], [ -72.4448113, 39.518759 ], [ -72.4421707, 39.516431 ], [ -72.4409174, 39.5147237 ], [ -72.4398477, 39.5128095 ], [ -72.4395469, 39.511542 ], [ -72.4394467, 39.5100673 ], [ -72.4393966, 39.5078425 ], [ -72.4395637, 39.5052555 ], [ -72.4399648, 39.5031599 ], [ -72.44065, 39.4997964 ], [ -72.4414856, 39.496174 ], [ -72.4424047, 39.4932501 ], [ -72.4424903, 39.4926457 ], [ -72.4429395, 39.4894721 ], [ -72.4436247, 39.4866256 ], [ -72.4450954, 39.4826143 ], [ -72.4461483, 39.4804921 ], [ -72.4476523, 39.4786028 ], [ -72.4492901, 39.4772052 ], [ -72.4506271, 39.4762217 ], [ -72.4524551, 39.4751475 ], [ -72.4546151, 39.4747743 ], [ -72.4618053, 39.4744258 ], [ -72.4653364, 39.4735135 ], [ -72.4678345, 39.4725453 ], [ -72.4714256, 39.4697619 ], [ -72.4725184, 39.4677287 ], [ -72.4718936, 39.4623793 ], [ -72.4724595, 39.4606243 ], [ -72.4734894, 39.4587079 ], [ -72.4743915, 39.4576589 ], [ -72.4780992, 39.456475 ], [ -72.4878192, 39.456085 ], [ -72.4920349, 39.4555401 ], [ -72.4979679, 39.4529981 ], [ -72.5003536, 39.4508554 ], [ -72.5012895, 39.4498197 ], [ -72.5033544, 39.4484584 ], [ -72.5115515, 39.4451896 ], [ -72.5144204, 39.4432828 ], [ -72.5156109, 39.4414365 ], [ -72.5173283, 39.4401047 ], [ -72.5192019, 39.4393782 ], [ -72.5262091, 39.4376747 ], [ -72.5273165, 39.4373357 ], [ -72.5289165, 39.436846 ], [ -72.530454, 39.4361208 ], [ -72.5313397, 39.4352403 ], [ -72.5319748, 39.4338677 ], [ -72.5320082, 39.4324174 ], [ -72.5318225, 39.4307311 ], [ -72.5317743, 39.4302937 ], [ -72.5313732, 39.4287397 ], [ -72.5312061, 39.4274447 ], [ -72.5311726, 39.4264346 ], [ -72.5314734, 39.4254763 ], [ -72.5328271, 39.4236631 ], [ -72.5345805, 39.4224257 ], [ -72.5408727, 39.4213114 ], [ -72.5425, 39.4207704 ], [ -72.5441307, 39.4198217 ], [ -72.5455879, 39.4177023 ], [ -72.5455878, 39.4162005 ], [ -72.5440263, 39.4128094 ], [ -72.5440263, 39.41201 ], [ -72.5463994, 39.4098055 ], [ -72.5495334, 39.4083871 ], [ -72.5517157, 39.4077099 ], [ -72.5532381, 39.4069225 ], [ -72.5583085, 39.4026036 ], [ -72.5603473, 39.4013599 ], [ -72.5627873, 39.4002717 ], [ -72.5658958, 39.399313 ], [ -72.5690711, 39.3989243 ], [ -72.5715111, 39.398717 ], [ -72.574302, 39.3988466 ], [ -72.5771266, 39.3989269 ], [ -72.5795112, 39.3986955 ], [ -72.5819217, 39.397785 ], [ -72.5832158, 39.3970187 ], [ -72.5852215, 39.3942952 ], [ -72.5862709, 39.3923406 ], [ -72.587546, 39.3860652 ], [ -72.5886447, 39.3833365 ], [ -72.5904683, 39.3813146 ], [ -72.59352, 39.3794198 ], [ -72.5988286, 39.3773596 ], [ -72.6024195, 39.3745723 ], [ -72.6047658, 39.372029 ], [ -72.6052311, 39.3713884 ], [ -72.6064036, 39.3697738 ], [ -72.6078059, 39.3676037 ], [ -72.6095623, 39.3631192 ], [ -72.6106657, 39.3591137 ], [ -72.6122205, 39.3560956 ], [ -72.6128729, 39.3552851 ], [ -72.6150433, 39.3538809 ], [ -72.6181737, 39.3524224 ], [ -72.6268537, 39.3494136 ], [ -72.6297806, 39.3479931 ], [ -72.6318177, 39.3452813 ], [ -72.6333019, 39.344705 ], [ -72.6387198, 39.3436773 ], [ -72.6408843, 39.3424166 ], [ -72.6424409, 39.3410352 ], [ -72.6429353, 39.3402673 ], [ -72.6432434, 39.3388315 ], [ -72.6415332, 39.3341837 ], [ -72.6417541, 39.3328104 ], [ -72.6425871, 39.3310852 ], [ -72.6442396, 39.329545 ], [ -72.6451597, 39.3291876 ], [ -72.6508643, 39.3287248 ], [ -72.6527869, 39.3277292 ], [ -72.6565459, 39.3246168 ], [ -72.6572813, 39.324124 ], [ -72.6577212, 39.3239827 ], [ -72.6582506, 39.3238127 ], [ -72.6602226, 39.3235014 ], [ -72.6612253, 39.3230605 ], [ -72.6627962, 39.3220488 ], [ -72.6636653, 39.3211668 ], [ -72.6650023, 39.3187803 ], [ -72.6659883, 39.3172238 ], [ -72.6671581, 39.3160564 ], [ -72.6687747, 39.3146791 ], [ -72.6721856, 39.313065 ], [ -72.6762245, 39.3119239 ], [ -72.678455, 39.3101911 ], [ -72.6794385, 39.3085171 ], [ -72.67986, 39.306552 ], [ -72.6799532, 39.3062978 ], [ -72.681258, 39.3027369 ], [ -72.6822273, 39.2995193 ], [ -72.6843872, 39.2907806 ], [ -72.6858524, 39.2875754 ], [ -72.6859968, 39.2872595 ], [ -72.6878685, 39.2837298 ], [ -72.6879186, 39.282458 ], [ -72.6876847, 39.2816534 ], [ -72.6872502, 39.2811084 ], [ -72.6865483, 39.2805373 ], [ -72.6859132, 39.280148 ], [ -72.682513, 39.2795363 ], [ -72.680327, 39.2789701 ], [ -72.6774751, 39.2771457 ], [ -72.6768683, 39.2756479 ], [ -72.6774676, 39.2735853 ], [ -72.6790634, 39.2720381 ], [ -72.6836575, 39.2704749 ], [ -72.6896657, 39.2694761 ], [ -72.6905943, 39.2691671 ], [ -72.6913035, 39.268931 ], [ -72.6936766, 39.2678926 ], [ -72.6954717, 39.2666311 ], [ -72.6978238, 39.2645097 ], [ -72.7018719, 39.2576003 ], [ -72.7019773, 39.2574204 ], [ -72.7053855, 39.2503042 ], [ -72.706929, 39.2460153 ], [ -72.706831, 39.2451046 ], [ -72.70662, 39.2444928 ], [ -72.7024725, 39.240372 ], [ -72.7012993, 39.2385476 ], [ -72.7010569, 39.2370399 ], [ -72.7017156, 39.2356738 ], [ -72.7026248, 39.234731 ], [ -72.7047601, 39.2336929 ], [ -72.7072114, 39.232978 ], [ -72.7098345, 39.2309378 ], [ -72.7113958, 39.2289948 ], [ -72.7131327, 39.2262926 ], [ -72.7144932, 39.2229662 ], [ -72.7161685, 39.2173181 ], [ -72.7166413, 39.2165825 ], [ -72.7181789, 39.2151868 ], [ -72.7217705, 39.2131547 ], [ -72.7250781, 39.2121896 ], [ -72.7269124, 39.2110003 ], [ -72.7285698, 39.2095266 ], [ -72.7292334, 39.2088574 ], [ -72.7298709, 39.2079281 ], [ -72.7321375, 39.203813 ], [ -72.7335211, 39.1988905 ], [ -72.7339111, 39.1980312 ], [ -72.7344069, 39.1969386 ], [ -72.7351757, 39.1957432 ], [ -72.7362787, 39.1944179 ], [ -72.7457632, 39.1847151 ], [ -72.746529, 39.1819582 ], [ -72.7458364, 39.179443 ], [ -72.7429043, 39.1762362 ], [ -72.7422245, 39.1744724 ], [ -72.7425493, 39.1729548 ], [ -72.7439213, 39.1712458 ], [ -72.7473043, 39.1699493 ], [ -72.7501841, 39.1692487 ], [ -72.7521097, 39.1679369 ], [ -72.7532976, 39.166667 ], [ -72.7137096, 39.166667 ] ] ] } },
{ "type": "Feature", "properties": { "RCID": 171, "PRIM": 3, "GRUP": 1, "OBJL": 42, "RVER": 1, "AGEN": 550, "FIDN": 37881250, "FIDS": 50, "LNAM": "0226024205A20032", "DRVAL1": 18.2, "DRVAL2": 27.4 }, "geometry": { "type": "Polygon", "coordinates": [ [ [ -74.3666667, 39.2435076 ], [ -74.3666667, 39.2489053 ], [ -74.3692319, 39.2485766 ], [ -74.3702553, 39.2485008 ], [ -74.3717173, 39.2485008 ], [ -74.372692, 39.2478567 ], [ -74.3727895, 39.2463788 ], [ -74.3723021, 39.2458862 ], [ -74.3715712, 39.2453178 ], [ -74.3687604, 39.2438314 ], [ -74.3666667, 39.2435076 ] ] ] } },
{ "type": "Feature", "properties": { "RCID": 172, "PRIM": 3, "GRUP": 1, "OBJL": 42, "RVER": 1, "AGEN": 550, "FIDN": 37881235, "FIDS": 50, "LNAM": "0226024205930032", "DRVAL1": 36.5, "DRVAL2": 45.7 }, "geometry": { "type": "Polygon", "coordinates": [ [ [ -73.5010378, 39.3156224 ], [ -73.5021772, 39.316811 ], [ -73.5025556, 39.3191296 ], [ -73.5020931, 39.3220359 ], [ -73.5013364, 39.3236033 ], [ -73.4988525, 39.3266587 ], [ -73.4976034, 39.3277501 ], [ -73.4960421, 39.3286597 ], [ -73.4929195, 39.3301149 ], [ -73.4902652, 39.3302969 ], [ -73.4887038, 39.3300545 ], [ -73.4871423, 39.3295694 ], [ -73.4855809, 39.3288419 ], [ -73.4843318, 39.3272655 ], [ -73.4843936, 39.325987 ], [ -73.4850342, 39.3235667 ], [ -73.4859912, 39.3225257 ], [ -73.4882194, 39.3203379 ], [ -73.4955237, 39.3155076 ], [ -73.4976028, 39.3147734 ], [ -73.4994765, 39.3146521 ], [ -73.5010378, 39.3156224 ] ] ] } },
{ "type": "Feature", "properties": { "RCID": 173, "PRIM": 3, "GRUP": 1, "OBJL": 42, "RVER": 1, "AGEN": 550, "FIDN": 37881872, "FIDS": 50, "LNAM": "0226024208100032", "DRVAL1": 1828.8, "DRVAL2": 2743.2 }, "geometry": { "type": "Polygon", "coordinates": [ [ [ -70.3024206, 38.8673693 ], [ -70.3005209, 38.8661317 ], [ -70.2985171, 38.8637989 ], [ -70.2979704, 38.8609912 ], [ -70.2979703, 38.8597704 ], [ -70.2991217, 38.8570692 ], [ -70.30132, 38.8548425 ], [ -70.3045331, 38.8528323 ], [ -70.3086192, 38.8514342 ], [ -70.3174089, 38.8501247 ], [ -70.3206097, 38.8501246 ], [ -70.3262256, 38.8506208 ], [ -70.3307587, 38.8513802 ], [ -70.3336233, 38.8526601 ], [ -70.3366267, 38.854795 ], [ -70.3394291, 38.8576435 ], [ -70.3404657, 38.8600743 ], [ -70.3408821, 38.8626379 ], [ -70.3405737, 38.8648091 ], [ -70.3384492, 38.8677192 ], [ -70.3371612, 38.8685584 ], [ -70.3332801, 38.8700756 ], [ -70.3291983, 38.8709267 ], [ -70.3256071, 38.8714883 ], [ -70.3195179, 38.8714884 ], [ -70.3147915, 38.8712247 ], [ -70.3087755, 38.8698531 ], [ -70.3024206, 38.8673693 ] ] ] } },
{ "type": "Feature", "properties": { "RCID": 174, "PRIM": 3, "GRUP": 1, "OBJL": 42, "RVER": 1, "AGEN": 550, "FIDN": 37881844, "FIDS": 50, "LNAM": "0226024207F40032", "DRVAL1": 1828.8, "DRVAL2": 2743.2 }, "geometry": { "type": "Polygon", "coordinates": [ [ [ -70.1123324, 38.8947217 ], [ -70.1188948, 38.8944443 ], [ -70.1547948, 38.8972435 ], [ -70.1574491, 38.8972434 ], [ -70.1632574, 38.8979997 ], [ -70.16749, 38.8990264 ], [ -70.1711112, 38.9005984 ], [ -70.1725425, 38.9017167 ], [ -70.1736214, 38.9031919 ], [ -70.1738341, 38.9048532 ], [ -70.1734926, 38.9064545 ], [ -70.1722826, 38.9083455 ], [ -70.1700968, 38.9100535 ], [ -70.1681979, 38.9113724 ], [ -70.1648808, 38.9130495 ], [ -70.1511733, 38.9154704 ], [ -70.1481461, 38.9157661 ], [ -70.1396504, 38.9160319 ], [ -70.127784, 38.9160322 ], [ -70.1166983, 38.9170085 ], [ -70.1098284, 38.9170086 ], [ -70.1059708, 38.91676 ], [ -70.1038675, 38.9164076 ], [ -70.0980523, 38.9153155 ], [ -70.092343, 38.9138138 ], [ -70.0895504, 38.9126511 ], [ -70.0873784, 38.9106163 ], [ -70.0861373, 38.9085331 ], [ -70.085889, 38.9067405 ], [ -70.085827, 38.9048026 ], [ -70.0860131, 38.9030583 ], [ -70.0872542, 38.9006357 ], [ -70.0913501, 38.8978738 ], [ -70.0974938, 38.8960809 ], [ -70.1049408, 38.8951117 ], [ -70.1099675, 38.8948695 ], [ -70.1123324, 38.8947217 ] ] ] } },
{ "type": "Feature", "properties": { "RCID": 175, "PRIM": 3, "GRUP": 1, "OBJL": 42, "RVER": 1, "AGEN": 550, "FIDN": 37880907, "FIDS": 50, "LNAM": "02260242044B0032", "DRVAL1": 0.0, "DRVAL2": 18.2 }, "geometry": { "type": "Polygon", "coordinates": [ [ [ -74.4954277, 39.166667 ], [ -74.4772559, 39.166667 ], [ -74.4769657, 39.167164 ], [ -74.4745935, 39.1693142 ], [ -74.4730012, 39.1707307 ], [ -74.4721889, 39.1718437 ], [ -74.4721889, 39.1728554 ], [ -74.4728388, 39.1731589 ], [ -74.4749185, 39.1731084 ], [ -74.4769657, 39.1727542 ], [ -74.4808002, 39.1715401 ], [ -74.4898015, 39.1683023 ], [ -74.4954277, 39.166667 ] ] ] } },
{ "type": "Feature", "properties": { "RCID": 176, "PRIM": 3, "GRUP": 1, "OBJL": 42, "RVER": 1, "AGEN": 550, "FIDN": 37881949, "FIDS": 50, "LNAM": "02260242085D0032", "DRVAL1": 1828.8, "DRVAL2": 2743.2 }, "geometry": { "type": "Polygon", "coordinates": [ [ [ -70.1236129, 38.7666666 ], [ -70.098702, 38.7666666 ], [ -70.0948723, 38.7691689 ], [ -70.0911033, 38.7722304 ], [ -70.0895078, 38.7742931 ], [ -70.0886388, 38.7759156 ], [ -70.0880817, 38.7789563 ], [ -70.0883486, 38.7804184 ], [ -70.0895434, 38.7834106 ], [ -70.0906852, 38.7848405 ], [ -70.0921073, 38.7861126 ], [ -70.0932921, 38.786808 ], [ -70.1000049, 38.788957 ], [ -70.1015077, 38.7893771 ], [ -70.1064714, 38.7898797 ], [ -70.1100179, 38.7898797 ], [ -70.1139736, 38.7895598 ], [ -70.1199755, 38.7882797 ], [ -70.1254317, 38.7861463 ], [ -70.1288418, 38.784226 ], [ -70.1314335, 38.7818791 ], [ -70.1329339, 38.7793188 ], [ -70.1332964, 38.7759213 ], [ -70.1326058, 38.7733674 ], [ -70.1306151, 38.7712102 ], [ -70.1236129, 38.7666666 ] ] ] } },
{ "type": "Feature", "properties": { "RCID": 177, "PRIM": 3, "GRUP": 1, "OBJL": 42, "RVER": 1, "AGEN": 550, "FIDN": 37881670, "FIDS": 50, "LNAM": "0226024207460032", "DRVAL1": 128.0, "DRVAL2": 137.1 }, "geometry": { "type": "Polygon", "coordinates": [ [ [ -72.5953185, 39.1912583 ], [ -72.5944795, 39.1922935 ], [ -72.5936103, 39.1927346 ], [ -72.5918718, 39.1933228 ], [ -72.5896041, 39.1934405 ], [ -72.5873365, 39.1932052 ], [ -72.5857114, 39.1929405 ], [ -72.5838973, 39.1922053 ], [ -72.5825367, 39.1912936 ], [ -72.5814785, 39.1896172 ], [ -72.581214, 39.1882054 ], [ -72.5815541, 39.1864407 ], [ -72.581932, 39.1855583 ], [ -72.5836706, 39.1842642 ], [ -72.5900577, 39.1814405 ], [ -72.600398, 39.1777048 ], [ -72.6033459, 39.1765752 ], [ -72.6054774, 39.176434 ], [ -72.6062484, 39.1767517 ], [ -72.6063391, 39.17714 ], [ -72.6057495, 39.1780577 ], [ -72.6033912, 39.1808816 ], [ -72.5987199, 39.186529 ], [ -72.5953185, 39.1912583 ] ] ] } },
{ "type": "Feature", "properties": { "RCID": 178, "PRIM": 3, "GRUP": 1, "OBJL": 42, "RVER": 1, "AGEN": 550, "FIDN": 37881020, "FIDS": 50, "LNAM": "0226024204BC0032", "DRVAL1": 10.9, "DRVAL2": 18.2 }, "geometry": { "type": "Polygon", "coordinates": [ [ [ -74.3090885, 39.166667 ], [ -74.3078377, 39.1672467 ], [ -74.3069009, 39.1677329 ], [ -74.3030111, 39.1695139 ], [ -74.2970104, 39.170597 ], [ -74.2923121, 39.1710107 ], [ -74.2876083, 39.1715028 ], [ -74.2818026, 39.1718257 ], [ -74.2795071, 39.1715611 ], [ -74.2767306, 39.1709361 ], [ -74.2762281, 39.1705019 ], [ -74.2765111, 39.1698556 ], [ -74.276732, 39.1694477 ], [ -74.2772417, 39.1693444 ], [ -74.2805284, 39.1694993 ], [ -74.2828419, 39.1696929 ], [ -74.2840072, 39.1696193 ], [ -74.2873167, 39.1676389 ], [ -74.2884901, 39.166667 ], [ -74.3090885, 39.166667 ] ] ] } },
{ "type": "Feature", "properties": { "RCID": 179, "PRIM": 3, "GRUP": 1, "OBJL": 42, "RVER": 1, "AGEN": 550, "FIDN": 37881895, "FIDS": 50, "LNAM": "0226024208270032", "DRVAL1": 27.4, "DRVAL2": 36.5 }, "geometry": { "type": "Polygon", "coordinates": [ [ [ -73.6201629, 39.1691916 ], [ -73.6229734, 39.1706501 ], [ -73.6237542, 39.1716224 ], [ -73.6242227, 39.1725947 ], [ -73.6244568, 39.1736277 ], [ -73.6243789, 39.175633 ], [ -73.6240667, 39.1767268 ], [ -73.6230519, 39.1778814 ], [ -73.6207099, 39.1794613 ], [ -73.6194608, 39.1798867 ], [ -73.6170407, 39.1803728 ], [ -73.6146987, 39.1806159 ], [ -73.6134496, 39.180616 ], [ -73.6122005, 39.1802514 ], [ -73.6100145, 39.1789147 ], [ -73.6090776, 39.1779426 ], [ -73.6086092, 39.1769096 ], [ -73.6083748, 39.1749651 ], [ -73.6084529, 39.1740535 ], [ -73.6089212, 39.1729597 ], [ -73.609858, 39.1716228 ], [ -73.6111071, 39.1705896 ], [ -73.6136052, 39.169678 ], [ -73.6173524, 39.1689486 ], [ -73.6187577, 39.1689486 ], [ -73.6201629, 39.1691916 ] ] ] } },
{ "type": "Feature", "properties": { "RCID": 180, "PRIM": 3, "GRUP": 1, "OBJL": 42, "RVER": 1, "AGEN": 550, "FIDN": 37880984, "FIDS": 50, "LNAM": "0226024204980032", "DRVAL1": 18.2, "DRVAL2": 27.4 }, "geometry": { "type": "Polygon", "coordinates": [ [ [ -73.7795146, 39.4485995 ], [ -73.784511, 39.448902 ], [ -73.7870091, 39.4484177 ], [ -73.7883362, 39.4478124 ], [ -73.7894291, 39.4470861 ], [ -73.7913417, 39.4447858 ], [ -73.7922394, 39.4420013 ], [ -73.7923955, 39.4410328 ], [ -73.7920831, 39.4389746 ], [ -73.7914585, 39.438006 ], [ -73.7905216, 39.4371585 ], [ -73.7890383, 39.4366743 ], [ -73.786462, 39.4361295 ], [ -73.7839638, 39.4357664 ], [ -73.7813095, 39.4358875 ], [ -73.7788114, 39.4363719 ], [ -73.7763912, 39.4376433 ], [ -73.7747519, 39.4397015 ], [ -73.7739713, 39.4416387 ], [ -73.7737372, 39.4426072 ], [ -73.7737373, 39.4445442 ], [ -73.7741277, 39.4455127 ], [ -73.7747522, 39.4464811 ], [ -73.7758452, 39.4474496 ], [ -73.7770164, 39.4480548 ], [ -73.7795146, 39.4485995 ] ] ] } },
{ "type": "Feature", "properties": { "RCID": 181, "PRIM": 3, "GRUP": 1, "OBJL": 42, "RVER": 1, "AGEN": 550, "FIDN": 37880940, "FIDS": 50, "LNAM": "02260242046C0032", "DRVAL1": 18.2, "DRVAL2": 27.4 }, "geometry": { "type": "Polygon", "coordinates": [ [ [ -73.6846866, 39.5609232 ], [ -73.6869472, 39.560379 ], [ -73.6895427, 39.5604627 ], [ -73.6941476, 39.5604627 ], [ -73.6953616, 39.5607139 ], [ -73.6965338, 39.5620116 ], [ -73.6972036, 39.5641048 ], [ -73.6972454, 39.566156 ], [ -73.6963244, 39.5676631 ], [ -73.695864, 39.567998 ], [ -73.6947337, 39.5687934 ], [ -73.6924312, 39.5692539 ], [ -73.6895563, 39.5695475 ], [ -73.6863193, 39.5694632 ], [ -73.6844773, 39.5681654 ], [ -73.6834667, 39.5664019 ], [ -73.683347, 39.5648164 ], [ -73.6835145, 39.5636024 ], [ -73.6837238, 39.5622209 ], [ -73.6846866, 39.5609232 ] ] ] } },
{ "type": "Feature", "properties": { "RCID": 182, "PRIM": 3, "GRUP": 1, "OBJL": 42, "RVER": 1, "AGEN": 550, "FIDN": 37881835, "FIDS": 50, "LNAM": "0226024207EB0032", "DRVAL1": 54.8, "DRVAL2": 64.0 }, "geometry": { "type": "Polygon", "coordinates": [ [ [ -72.7688698, 39.5411165 ], [ -72.7707435, 39.5419627 ], [ -72.7718365, 39.5430507 ], [ -72.7726172, 39.5442596 ], [ -72.7729296, 39.5455893 ], [ -72.7727735, 39.546919 ], [ -72.7723051, 39.5481278 ], [ -72.7715245, 39.5493366 ], [ -72.7704316, 39.5505455 ], [ -72.767867, 39.5522041 ], [ -72.7652792, 39.5526005 ], [ -72.7621565, 39.5528423 ], [ -72.7605951, 39.5530841 ], [ -72.7590338, 39.5534468 ], [ -72.7574724, 39.5539303 ], [ -72.755911, 39.5540512 ], [ -72.7543497, 39.5540513 ], [ -72.7526321, 39.5530844 ], [ -72.7520075, 39.5518756 ], [ -72.7518514, 39.550546 ], [ -72.7526319, 39.5480075 ], [ -72.7537248, 39.546557 ], [ -72.7551299, 39.545348 ], [ -72.7566912, 39.5441391 ], [ -72.7580965, 39.5432929 ], [ -72.7595016, 39.5425675 ], [ -72.7626244, 39.5417816 ], [ -72.765747, 39.5411166 ], [ -72.7673084, 39.5409956 ], [ -72.7688698, 39.5411165 ] ] ] } },
{ "type": "Feature", "properties": { "RCID": 183, "PRIM": 3, "GRUP": 1, "OBJL": 42, "RVER": 1, "AGEN": 550, "FIDN": 37881594, "FIDS": 50, "LNAM": "0226024206FA0032", "DRVAL1": 10.9, "DRVAL2": 18.2 }, "geometry": { "type": "Polygon", "coordinates": [ [ [ -74.2479462, 39.1865859 ], [ -74.2477562, 39.1865359 ], [ -74.2477412, 39.1865359 ], [ -74.2477062, 39.1865209 ], [ -74.2476912, 39.1865209 ], [ -74.2476012, 39.1864909 ], [ -74.2475862, 39.1864909 ], [ -74.2475512, 39.1864759 ], [ -74.2475112, 39.1864659 ], [ -74.2474762, 39.1864509 ], [ -74.2474662, 39.1864509 ], [ -74.2474062, 39.1864259 ], [ -74.2473812, 39.1864209 ], [ -74.2473012, 39.1863859 ], [ -74.2472762, 39.1863809 ], [ -74.2471712, 39.1863309 ], [ -74.2471612, 39.1863309 ], [ -74.2471262, 39.1863159 ], [ -74.2469862, 39.1862459 ], [ -74.2469762, 39.1862359 ], [ -74.2469062, 39.1862009 ], [ -74.2468712, 39.1861809 ], [ -74.2468462, 39.1861609 ], [ -74.2467912, 39.1861309 ], [ -74.2467412, 39.1860909 ], [ -74.2467062, 39.1860709 ], [ -74.2467012, 39.1860609 ], [ -74.2466462, 39.1860259 ], [ -74.2466412, 39.1860159 ], [ -74.2466062, 39.1859959 ], [ -74.2465912, 39.1859809 ], [ -74.2465712, 39.1859709 ], [ -74.2464962, 39.1859109 ], [ -74.2464712, 39.1858959 ], [ -74.2464312, 39.1858609 ], [ -74.2464112, 39.1858509 ], [ -74.2464062, 39.1858409 ], [ -74.2463762, 39.1858259 ], [ -74.2463712, 39.1858159 ], [ -74.2463412, 39.1858009 ], [ -74.2463362, 39.1857909 ], [ -74.2463062, 39.1857759 ], [ -74.2462912, 39.1857609 ], [ -74.2462612, 39.1857459 ], [ -74.2462562, 39.1857359 ], [ -74.2462262, 39.1857209 ], [ -74.2461912, 39.1856909 ], [ -74.2461362, 39.1856559 ], [ -74.2461312, 39.1856459 ], [ -74.2460812, 39.1856159 ], [ -74.2460762, 39.1856059 ], [ -74.2460062, 39.1855609 ], [ -74.2460012, 39.1855509 ], [ -74.2459412, 39.1855159 ], [ -74.2459062, 39.1854859 ], [ -74.2458462, 39.1854509 ], [ -74.2458412, 39.1854409 ], [ -74.2457912, 39.1854109 ], [ -74.2457562, 39.1853809 ], [ -74.2457162, 39.1853559 ], [ -74.2456862, 39.1853309 ], [ -74.2456612, 39.1853209 ], [ -74.2456312, 39.1852959 ], [ -74.2455862, 39.1852709 ], [ -74.2455312, 39.1852309 ], [ -74.2455162, 39.1852259 ], [ -74.2455062, 39.1852159 ], [ -74.2453812, 39.1851409 ], [ -74.2453412, 39.1851209 ], [ -74.2453162, 39.1851009 ], [ -74.2452712, 39.1850809 ], [ -74.2452462, 39.1850609 ], [ -74.2452312, 39.1850559 ], [ -74.2451562, 39.1850109 ], [ -74.2451362, 39.1850059 ], [ -74.2451062, 39.1849859 ], [ -74.2450912, 39.1849809 ], [ -74.2450462, 39.1849509 ], [ -74.2450112, 39.1849359 ], [ -74.2449662, 39.1849059 ], [ -74.2448812, 39.1848659 ], [ -74.2448112, 39.1848259 ], [ -74.2447912, 39.1848209 ], [ -74.2447212, 39.1847809 ], [ -74.2446462, 39.1847459 ], [ -74.2445362, 39.1846859 ], [ -74.2443562, 39.1845959 ], [ -74.2440962, 39.1844759 ], [ -74.2440562, 39.1844509 ], [ -74.2438512, 39.1843609 ], [ -74.2437662, 39.1843159 ], [ -74.2435362, 39.1842159 ], [ -74.2434712, 39.1841809 ], [ -74.2433112, 39.1841109 ], [ -74.2432412, 39.1840859 ], [ -74.2430862, 39.1840159 ], [ -74.2430162, 39.1839909 ], [ -74.2429312, 39.1839509 ], [ -74.2429062, 39.1839459 ], [ -74.2428412, 39.1839159 ], [ -74.2428162, 39.1839109 ], [ -74.2427312, 39.1838709 ], [ -74.2427062, 39.1838659 ], [ -74.2425562, 39.1838009 ], [ -74.2425312, 39.1837959 ], [ -74.2424662, 39.1837659 ], [ -74.2424462, 39.1837609 ], [ -74.2424012, 39.1837409 ], [ -74.2423762, 39.1837359 ], [ -74.2422912, 39.1837009 ], [ -74.2422662, 39.1836959 ], [ -74.2421812, 39.1836609 ], [ -74.2421562, 39.1836559 ], [ -74.2420512, 39.1836159 ], [ -74.2420262, 39.1836109 ], [ -74.2419212, 39.1835709 ], [ -74.2418962, 39.1835659 ], [ -74.2417062, 39.1834959 ], [ -74.2416612, 39.1834859 ], [ -74.2415962, 39.1834609 ], [ -74.2415512, 39.1834509 ], [ -74.2414862, 39.1834259 ], [ -74.2413412, 39.1833809 ], [ -74.2412812, 39.1833559 ], [ -74.2412362, 39.1833459 ], [ -74.2412162, 39.1833359 ], [ -74.2411762, 39.1833259 ], [ -74.2411362, 39.1833109 ], [ -74.2411212, 39.1833009 ], [ -74.2410812, 39.1832909 ], [ -74.2410212, 39.1832659 ], [ -74.2409812, 39.1832559 ], [ -74.2409412, 39.1832409 ], [ -74.2409262, 39.1832309 ], [ -74.2408862, 39.1832209 ], [ -74.2407562, 39.1831659 ], [ -74.2407362, 39.1831609 ], [ -74.2407212, 39.1831509 ], [ -74.2406812, 39.1831409 ], [ -74.2406312, 39.1831159 ], [ -74.2406112, 39.1831109 ], [ -74.2405962, 39.1831009 ], [ -74.2405412, 39.1830809 ], [ -74.2404762, 39.1830459 ], [ -74.2404562, 39.1830409 ], [ -74.2404412, 39.1830309 ], [ -74.2403912, 39.1830109 ], [ -74.2403262, 39.1829759 ], [ -74.2403062, 39.1829709 ], [ -74.2402462, 39.1829359 ], [ -74.2402262, 39.1829309 ], [ -74.2401962, 39.1829159 ], [ -74.2400912, 39.1828559 ], [ -74.2400162, 39.1828209 ], [ -74.2399912, 39.1828009 ], [ -74.2399462, 39.1827809 ], [ -74.2399212, 39.1827609 ], [ -74.2399062, 39.1827559 ], [ -74.2398412, 39.1827159 ], [ -74.2398162, 39.1826959 ], [ -74.2398012, 39.1826909 ], [ -74.2397262, 39.1826359 ], [ -74.2397112, 39.1826309 ], [ -74.2396162, 39.1825609 ], [ -74.2395762, 39.1825359 ], [ -74.2395562, 39.1825159 ], [ -74.2395412, 39.1825109 ], [ -74.2395212, 39.1824909 ], [ -74.2394712, 39.1824559 ], [ -74.2393262, 39.1823609 ], [ -74.2393062, 39.1823409 ], [ -74.2392912, 39.1823359 ], [ -74.2392462, 39.1823009 ], [ -74.2392312, 39.1822959 ], [ -74.2392112, 39.1822759 ], [ -74.2391962, 39.1822709 ], [ -74.2391862, 39.1822609 ], [ -74.2390762, 39.1821959 ], [ -74.2390662, 39.1821859 ], [ -74.2390262, 39.1821659 ], [ -74.2390162, 39.1821559 ], [ -74.2390012, 39.1821509 ], [ -74.2389912, 39.1821409 ], [ -74.2389312, 39.1821059 ], [ -74.2389212, 39.1820959 ], [ -74.2389062, 39.1820909 ], [ -74.2388712, 39.1820659 ], [ -74.2388562, 39.1820609 ], [ -74.2388462, 39.1820509 ], [ -74.2388312, 39.1820459 ], [ -74.2388212, 39.1820359 ], [ -74.2388062, 39.1820309 ], [ -74.2387962, 39.1820209 ], [ -74.2387712, 39.1820109 ], [ -74.2387362, 39.1819859 ], [ -74.2386462, 39.1819409 ], [ -74.2386112, 39.1819159 ], [ -74.2385862, 39.1819059 ], [ -74.2385512, 39.1818809 ], [ -74.2385262, 39.1818709 ], [ -74.2385162, 39.1818609 ], [ -74.2384662, 39.1818359 ], [ -74.2384562, 39.1818259 ], [ -74.2381762, 39.1816859 ], [ -74.2381412, 39.1816609 ], [ -74.2381112, 39.1816509 ], [ -74.2381012, 39.1816409 ], [ -74.2380862, 39.1816359 ], [ -74.2380762, 39.1816259 ], [ -74.2380612, 39.1816209 ], [ -74.2379962, 39.1815809 ], [ -74.2378962, 39.1815309 ], [ -74.2378862, 39.1815209 ], [ -74.2378712, 39.1815159 ], [ -74.2378012, 39.1814709 ], [ -74.2377862, 39.1814659 ], [ -74.2377612, 39.1814459 ], [ -74.2377462, 39.1814409 ], [ -74.2376212, 39.1813609 ], [ -74.2376062, 39.1813559 ], [ -74.2375612, 39.1813259 ], [ -74.2375462, 39.1813209 ], [ -74.2374912, 39.1812809 ], [ -74.2374762, 39.1812759 ], [ -74.2374012, 39.1812259 ], [ -74.2373862, 39.1812209 ], [ -74.2372162, 39.1811109 ], [ -74.2370962, 39.1810259 ], [ -74.2369962, 39.1809659 ], [ -74.2369812, 39.1809509 ], [ -74.2369012, 39.1809009 ], [ -74.2368862, 39.1808859 ], [ -74.2368212, 39.1808459 ], [ -74.2367062, 39.1807659 ], [ -74.2366912, 39.1807509 ], [ -74.2366062, 39.1806959 ], [ -74.2365462, 39.1806459 ], [ -74.2365162, 39.1806259 ], [ -74.2364712, 39.1805859 ], [ -74.2363962, 39.1805309 ], [ -74.2363712, 39.1805059 ], [ -74.2363262, 39.1804709 ], [ -74.2362912, 39.1804359 ], [ -74.2362262, 39.1803809 ], [ -74.2362162, 39.1803659 ], [ -74.2362012, 39.1803559 ], [ -74.2361812, 39.1803309 ], [ -74.2361662, 39.1803209 ], [ -74.2361112, 39.1802659 ], [ -74.2360512, 39.1801959 ], [ -74.2359762, 39.1801009 ], [ -74.2359262, 39.1800209 ], [ -74.2359162, 39.1800109 ], [ -74.2359112, 39.1799959 ], [ -74.2358862, 39.1799659 ], [ -74.2358762, 39.1799409 ], [ -74.2358662, 39.1799309 ], [ -74.2358012, 39.1797859 ], [ -74.2358012, 39.1797759 ], [ -74.2357862, 39.1797409 ], [ -74.2357862, 39.1797309 ], [ -74.2357712, 39.1796859 ], [ -74.2357712, 39.1796709 ], [ -74.2357612, 39.1796359 ], [ -74.2357612, 39.1796159 ], [ -74.2357562, 39.1796059 ], [ -74.2357562, 39.1795809 ], [ -74.2357512, 39.1795709 ], [ -74.2357512, 39.1795259 ], [ -74.2357462, 39.1795159 ], [ -74.2357462, 39.1794509 ], [ -74.2357512, 39.1794409 ], [ -74.2357512, 39.1793859 ], [ -74.2357562, 39.1793759 ], [ -74.2357562, 39.1793409 ], [ -74.2357612, 39.1793309 ], [ -74.2357662, 39.1792709 ], [ -74.2357762, 39.1792359 ], [ -74.2357762, 39.1792159 ], [ -74.2357912, 39.1791559 ], [ -74.2358012, 39.1791359 ], [ -74.2358112, 39.1790859 ], [ -74.2358312, 39.1790359 ], [ -74.2358312, 39.1790259 ], [ -74.2358462, 39.1789959 ], [ -74.2358462, 39.1789859 ], [ -74.2359512, 39.1787959 ], [ -74.2359812, 39.1787559 ], [ -74.2359912, 39.1787359 ], [ -74.2360012, 39.1787309 ], [ -74.2360112, 39.1787109 ], [ -74.2360212, 39.1787059 ], [ -74.2360312, 39.1786859 ], [ -74.2360412, 39.1786809 ], [ -74.2360512, 39.1786609 ], [ -74.2360612, 39.1786559 ], [ -74.2360662, 39.1786459 ], [ -74.2360762, 39.1786409 ], [ -74.2360812, 39.1786309 ], [ -74.2361212, 39.1785909 ], [ -74.2361312, 39.1785859 ], [ -74.2361362, 39.1785759 ], [ -74.2361612, 39.1785559 ], [ -74.2361662, 39.1785459 ], [ -74.2361762, 39.1785409 ], [ -74.2362362, 39.1784859 ], [ -74.2362662, 39.1784659 ], [ -74.2362712, 39.1784559 ], [ -74.2362912, 39.1784459 ], [ -74.2364412, 39.1783309 ], [ -74.2364762, 39.1783109 ], [ -74.2365512, 39.1782559 ], [ -74.2365662, 39.1782509 ], [ -74.2365762, 39.1782409 ], [ -74.2366112, 39.1782209 ], [ -74.2366712, 39.1781759 ], [ -74.2366862, 39.1781709 ], [ -74.2367462, 39.1781259 ], [ -74.2367862, 39.1781059 ], [ -74.2368112, 39.1780859 ], [ -74.2368262, 39.1780809 ], [ -74.2368362, 39.1780709 ], [ -74.2368662, 39.1780559 ], [ -74.2368912, 39.1780359 ], [ -74.2369062, 39.1780309 ], [ -74.2369462, 39.1780009 ], [ -74.2369612, 39.1779959 ], [ -74.2370162, 39.1779559 ], [ -74.2370312, 39.1779509 ], [ -74.2371512, 39.1778759 ], [ -74.2371662, 39.1778709 ], [ -74.2372262, 39.1778309 ], [ -74.2372462, 39.1778259 ], [ -74.2373062, 39.1777859 ], [ -74.2373412, 39.1777709 ], [ -74.2374362, 39.1777109 ], [ -74.2374712, 39.1776959 ], [ -74.2375712, 39.1776359 ], [ -74.2376462, 39.1776009 ], [ -74.2379562, 39.1774309 ], [ -74.2381262, 39.1773459 ], [ -74.2381462, 39.1773409 ], [ -74.2383012, 39.1772659 ], [ -74.2383212, 39.1772609 ], [ -74.2384412, 39.1772059 ], [ -74.2385012, 39.1771859 ], [ -74.2385412, 39.1771659 ], [ -74.2386012, 39.1771459 ], [ -74.2386562, 39.1771209 ], [ -74.2388162, 39.1770609 ], [ -74.2388612, 39.1770509 ], [ -74.2389212, 39.1770259 ], [ -74.2390262, 39.1769959 ], [ -74.2390462, 39.1769859 ], [ -74.2391512, 39.1769559 ], [ -74.2391712, 39.1769459 ], [ -74.2392362, 39.1769309 ], [ -74.2392562, 39.1769209 ], [ -74.2393412, 39.1769009 ], [ -74.2393812, 39.1768859 ], [ -74.2399912, 39.1767459 ], [ -74.2400112, 39.1767459 ], [ -74.2401262, 39.1767209 ], [ -74.2401462, 39.1767209 ], [ -74.2401912, 39.1767109 ], [ -74.2402162, 39.1767109 ], [ -74.2402812, 39.1766959 ], [ -74.2403062, 39.1766959 ], [ -74.2404862, 39.1766659 ], [ -74.2405112, 39.1766659 ], [ -74.2406462, 39.1766409 ], [ -74.2406712, 39.1766409 ], [ -74.2407162, 39.1766309 ], [ -74.2407412, 39.1766309 ], [ -74.2408512, 39.1766109 ], [ -74.2409212, 39.1766059 ], [ -74.2409662, 39.1765959 ], [ -74.2410362, 39.1765909 ], [ -74.2410812, 39.1765809 ], [ -74.2411512, 39.1765759 ], [ -74.2411962, 39.1765659 ], [ -74.2412662, 39.1765609 ], [ -74.2413162, 39.1765509 ], [ -74.2414262, 39.1765409 ], [ -74.2414762, 39.1765309 ], [ -74.2417062, 39.1765059 ], [ -74.2417562, 39.1765059 ], [ -74.2418712, 39.1764909 ], [ -74.2419212, 39.1764909 ], [ -74.2419912, 39.1764809 ], [ -74.2421062, 39.1764759 ], [ -74.2421762, 39.1764659 ], [ -74.2422262, 39.1764659 ], [ -74.2422462, 39.1764609 ], [ -74.2423412, 39.1764559 ], [ -74.2424162, 39.1764459 ], [ -74.2425312, 39.1764409 ], [ -74.2425562, 39.1764359 ], [ -74.2426262, 39.1764359 ], [ -74.2426512, 39.1764309 ], [ -74.2427012, 39.1764309 ], [ -74.2427212, 39.1764259 ], [ -74.2427912, 39.1764259 ], [ -74.2428862, 39.1764159 ], [ -74.2429562, 39.1764159 ], [ -74.2429762, 39.1764109 ], [ -74.2431812, 39.1764059 ], [ -74.2432012, 39.1764009 ], [ -74.2432912, 39.1764009 ], [ -74.2433112, 39.1763959 ], [ -74.2433962, 39.1763959 ], [ -74.2434162, 39.1763909 ], [ -74.2435212, 39.1763909 ], [ -74.2435412, 39.1763859 ], [ -74.2438062, 39.1763809 ], [ -74.2438262, 39.1763759 ], [ -74.2439212, 39.1763759 ], [ -74.2439412, 39.1763709 ], [ -74.2442312, 39.1763709 ], [ -74.2442512, 39.1763659 ], [ -74.2447212, 39.1763659 ], [ -74.2447362, 39.1763709 ], [ -74.2448862, 39.1763709 ], [ -74.2449012, 39.1763759 ], [ -74.2450362, 39.1763759 ], [ -74.2450512, 39.1763809 ], [ -74.2451912, 39.1763809 ], [ -74.2452062, 39.1763859 ], [ -74.2452962, 39.1763859 ], [ -74.2453162, 39.1763909 ], [ -74.2453762, 39.1763909 ], [ -74.2453912, 39.1763959 ], [ -74.2455412, 39.1764009 ], [ -74.2455562, 39.1764059 ], [ -74.2457062, 39.1764109 ], [ -74.2457212, 39.1764159 ], [ -74.2457912, 39.1764159 ], [ -74.2458062, 39.1764209 ], [ -74.2458412, 39.1764209 ], [ -74.2458562, 39.1764259 ], [ -74.2459062, 39.1764259 ], [ -74.2459262, 39.1764309 ], [ -74.2459762, 39.1764309 ], [ -74.2459962, 39.1764359 ], [ -74.2461362, 39.1764409 ], [ -74.2461512, 39.1764459 ], [ -74.2462562, 39.1764509 ], [ -74.2463312, 39.1764609 ], [ -74.2463662, 39.1764609 ], [ -74.2463812, 39.1764659 ], [ -74.2464362, 39.1764659 ], [ -74.2464912, 39.1764759 ], [ -74.2465812, 39.1764809 ], [ -74.2466362, 39.1764909 ], [ -74.2466762, 39.1764909 ], [ -74.2467312, 39.1765009 ], [ -74.2467712, 39.1765009 ], [ -74.2468262, 39.1765109 ], [ -74.2468612, 39.1765109 ], [ -74.2469162, 39.1765209 ], [ -74.2469562, 39.1765209 ], [ -74.2469712, 39.1765259 ], [ -74.2470112, 39.1765259 ], [ -74.2470262, 39.1765309 ], [ -74.2470662, 39.1765309 ], [ -74.2470862, 39.1765359 ], [ -74.2471262, 39.1765359 ], [ -74.2471412, 39.1765409 ], [ -74.2471812, 39.1765409 ], [ -74.2472412, 39.1765509 ], [ -74.2472762, 39.1765509 ], [ -74.2474462, 39.1765759 ], [ -74.2474862, 39.1765759 ], [ -74.2475412, 39.1765859 ], [ -74.2475762, 39.1765859 ], [ -74.2476362, 39.1765959 ], [ -74.2476762, 39.1765959 ], [ -74.2477312, 39.1766059 ], [ -74.2477712, 39.1766059 ], [ -74.2479262, 39.1766259 ], [ -74.2479662, 39.1766259 ], [ -74.2480212, 39.1766359 ], [ -74.2482412, 39.1766609 ], [ -74.2482962, 39.1766709 ], [ -74.2484362, 39.1766859 ], [ -74.2486912, 39.1767209 ], [ -74.2487312, 39.1767209 ], [ -74.2488712, 39.1767409 ], [ -74.2489112, 39.1767409 ], [ -74.2490163, 39.1767559 ], [ -74.2490563, 39.1767559 ], [ -74.2492363, 39.1767809 ], [ -74.2492763, 39.1767809 ], [ -74.2493413, 39.1767909 ], [ -74.2493813, 39.1767909 ], [ -74.2494413, 39.1768009 ], [ -74.2494813, 39.1768009 ], [ -74.2495463, 39.1768109 ], [ -74.2495863, 39.1768109 ], [ -74.2496063, 39.1768159 ], [ -74.2496913, 39.1768209 ], [ -74.2497563, 39.1768309 ], [ -74.2498013, 39.1768309 ], [ -74.2498613, 39.1768409 ], [ -74.2499063, 39.1768409 ], [ -74.2499663, 39.1768509 ], [ -74.2500113, 39.1768509 ], [ -74.2500313, 39.1768559 ], [ -74.2500713, 39.1768559 ], [ -74.2500963, 39.1768609 ], [ -74.2501363, 39.1768609 ], [ -74.2502263, 39.1768709 ], [ -74.2502913, 39.1768709 ], [ -74.2503113, 39.1768759 ], [ -74.2503513, 39.1768759 ], [ -74.2503763, 39.1768809 ], [ -74.2504413, 39.1768809 ], [ -74.2504613, 39.1768859 ], [ -74.2505713, 39.1768909 ], [ -74.2505913, 39.1768959 ], [ -74.2506613, 39.1768959 ], [ -74.2506813, 39.1769009 ], [ -74.2507913, 39.1769059 ], [ -74.2508113, 39.1769109 ], [ -74.2508813, 39.1769109 ], [ -74.2509013, 39.1769159 ], [ -74.2509663, 39.1769159 ], [ -74.2509913, 39.1769209 ], [ -74.2510813, 39.1769209 ], [ -74.2511013, 39.1769259 ], [ -74.2511913, 39.1769259 ], [ -74.2512163, 39.1769309 ], [ -74.2513063, 39.1769309 ], [ -74.2513313, 39.1769359 ], [ -74.2514013, 39.1769359 ], [ -74.2514263, 39.1769409 ], [ -74.2515713, 39.1769459 ], [ -74.2515913, 39.1769509 ], [ -74.2516413, 39.1769509 ], [ -74.2516663, 39.1769559 ], [ -74.2517363, 39.1769559 ], [ -74.2518363, 39.1769659 ], [ -74.2518863, 39.1769659 ], [ -74.2519113, 39.1769709 ], [ -74.2519613, 39.1769709 ], [ -74.2520413, 39.1769809 ], [ -74.2520913, 39.1769809 ], [ -74.2521663, 39.1769909 ], [ -74.2522213, 39.1769909 ], [ -74.2523013, 39.1770009 ], [ -74.2523513, 39.1770009 ], [ -74.2524313, 39.1770109 ], [ -74.2524863, 39.1770109 ], [ -74.2525663, 39.1770209 ], [ -74.2526213, 39.1770209 ], [ -74.2526463, 39.1770259 ], [ -74.2526763, 39.1770259 ], [ -74.2527013, 39.1770309 ], [ -74.2527313, 39.1770309 ], [ -74.2527563, 39.1770359 ], [ -74.2529013, 39.1770459 ], [ -74.2529263, 39.1770509 ], [ -74.2529563, 39.1770509 ], [ -74.2531563, 39.1770709 ], [ -74.2536613, 39.1771109 ], [ -74.2538113, 39.1771309 ], [ -74.2539063, 39.1771359 ], [ -74.2540013, 39.1771509 ], [ -74.2540313, 39.1771509 ], [ -74.2540913, 39.1771609 ], [ -74.2541863, 39.1771659 ], [ -74.2543463, 39.1771859 ], [ -74.2549963, 39.1772359 ], [ -74.2553863, 39.1772709 ], [ -74.2555313, 39.1772759 ], [ -74.2556463, 39.1772859 ], [ -74.2557063, 39.1772859 ], [ -74.2557363, 39.1772909 ], [ -74.2557913, 39.1772909 ], [ -74.2558763, 39.1773009 ], [ -74.2560513, 39.1773059 ], [ -74.2560763, 39.1773109 ], [ -74.2561913, 39.1773109 ], [ -74.2562163, 39.1773159 ], [ -74.2563313, 39.1773159 ], [ -74.2563563, 39.1773209 ], [ -74.2564713, 39.1773209 ], [ -74.2564963, 39.1773259 ], [ -74.2566063, 39.1773259 ], [ -74.2566313, 39.1773309 ], [ -74.2567413, 39.1773309 ], [ -74.2567663, 39.1773359 ], [ -74.2569263, 39.1773359 ], [ -74.2569563, 39.1773409 ], [ -74.2577413, 39.1773409 ], [ -74.2577663, 39.1773459 ], [ -74.2582963, 39.1773459 ], [ -74.2583263, 39.1773509 ], [ -74.2585013, 39.1773509 ], [ -74.2585313, 39.1773559 ], [ -74.2586763, 39.1773559 ], [ -74.2587063, 39.1773609 ], [ -74.2591063, 39.1773659 ], [ -74.2591363, 39.1773709 ], [ -74.2592913, 39.1773709 ], [ -74.2593263, 39.1773759 ], [ -74.2594513, 39.1773759 ], [ -74.2594863, 39.1773809 ], [ -74.2596163, 39.1773809 ], [ -74.2596463, 39.1773859 ], [ -74.2599463, 39.1773909 ], [ -74.2599813, 39.1773959 ], [ -74.2600813, 39.1773959 ], [ -74.2601113, 39.1774009 ], [ -74.2601813, 39.1774009 ], [ -74.2602163, 39.1774059 ], [ -74.2604313, 39.1774109 ], [ -74.2607363, 39.1774259 ], [ -74.2610613, 39.1774959 ], [ -74.2616163, 39.1777109 ], [ -74.2618213, 39.1777759 ], [ -74.2620763, 39.1778559 ], [ -74.2623063, 39.1779609 ], [ -74.2625413, 39.1780359 ], [ -74.2627263, 39.1781409 ], [ -74.2632763, 39.1783609 ], [ -74.2634163, 39.1784659 ], [ -74.2639713, 39.1787559 ], [ -74.2640613, 39.1788259 ], [ -74.2642013, 39.1788959 ], [ -74.2642963, 39.1789709 ], [ -74.2643863, 39.1790059 ], [ -74.2647563, 39.1792909 ], [ -74.2648463, 39.1793309 ], [ -74.2648963, 39.1794009 ], [ -74.2649863, 39.1794359 ], [ -74.2650813, 39.1795809 ], [ -74.2651713, 39.1796159 ], [ -74.2652163, 39.1796859 ], [ -74.2652663, 39.1797259 ], [ -74.2653113, 39.1797959 ], [ -74.2654013, 39.1798659 ], [ -74.2654463, 39.1799409 ], [ -74.2654963, 39.1799759 ], [ -74.2655413, 39.1800459 ], [ -74.2655413, 39.1800859 ], [ -74.2656313, 39.1801559 ], [ -74.2656813, 39.1802259 ], [ -74.2656813, 39.1802609 ], [ -74.2657263, 39.1803009 ], [ -74.2657263, 39.1803709 ], [ -74.2657713, 39.1804059 ], [ -74.2657713, 39.1804409 ], [ -74.2658163, 39.1804809 ], [ -74.2658163, 39.1805159 ], [ -74.2658663, 39.1805859 ], [ -74.2658663, 39.1806609 ], [ -74.2659113, 39.1806959 ], [ -74.2659113, 39.1807659 ], [ -74.2659563, 39.1808009 ], [ -74.2659563, 39.1809459 ], [ -74.2660013, 39.1809809 ], [ -74.2660013, 39.1816659 ], [ -74.2659563, 39.1817359 ], [ -74.2659563, 39.1818459 ], [ -74.2659113, 39.1818809 ], [ -74.2659113, 39.1819509 ], [ -74.2658663, 39.1819859 ], [ -74.2658663, 39.1820959 ], [ -74.2658163, 39.1821309 ], [ -74.2658163, 39.1821659 ], [ -74.2657713, 39.1822059 ], [ -74.2657713, 39.1822759 ], [ -74.2657263, 39.1823109 ], [ -74.2657263, 39.1823459 ], [ -74.2656813, 39.1823859 ], [ -74.2656813, 39.1824559 ], [ -74.2655413, 39.1825609 ], [ -74.2655413, 39.1826359 ], [ -74.2654963, 39.1826709 ], [ -74.2654463, 39.1827409 ], [ -74.2653563, 39.1828159 ], [ -74.2653113, 39.1828859 ], [ -74.2652663, 39.1829209 ], [ -74.2652163, 39.1829959 ], [ -74.2650313, 39.1831359 ], [ -74.2649863, 39.1832109 ], [ -74.2646613, 39.1834609 ], [ -74.2645713, 39.1834959 ], [ -74.2642013, 39.1837859 ], [ -74.2640613, 39.1838559 ], [ -74.2639713, 39.1839309 ], [ -74.2632763, 39.1842859 ], [ -74.2629113, 39.1844309 ], [ -74.2627263, 39.1845409 ], [ -74.2625413, 39.1846109 ], [ -74.2623063, 39.1846859 ], [ -74.2620763, 39.1847909 ], [ -74.2618463, 39.1848609 ], [ -74.2616163, 39.1849709 ], [ -74.2613413, 39.1850409 ], [ -74.2610613, 39.1851509 ], [ -74.2607363, 39.1852209 ], [ -74.2600913, 39.1854359 ], [ -74.2597713, 39.1855109 ], [ -74.2593513, 39.1856159 ], [ -74.2589863, 39.1856909 ], [ -74.2585663, 39.1857959 ], [ -74.2581063, 39.1858709 ], [ -74.2576463, 39.1859759 ], [ -74.2571813, 39.1860509 ], [ -74.2566763, 39.1861209 ], [ -74.2544113, 39.1864109 ], [ -74.2538113, 39.1864459 ], [ -74.2532113, 39.1865159 ], [ -74.2519213, 39.1865859 ], [ -74.2512713, 39.1865859 ], [ -74.2505813, 39.1866259 ], [ -74.2492863, 39.1866259 ], [ -74.2485962, 39.1865859 ], [ -74.2481612, 39.1865859 ], [ -74.2481262, 39.1865859 ], [ -74.2480612, 39.1865859 ], [ -74.2479462, 39.1865859 ] ] ] } },
{ "type": "Feature", "properties": { "RCID": 184, "PRIM": 3, "GRUP": 1, "OBJL": 42, "RVER": 1, "AGEN": 550, "FIDN": 37881464, "FIDS": 50, "LNAM": "0226024206780032", "DRVAL1": 27.4, "DRVAL2": 36.5 }, "geometry": { "type": "Polygon", "coordinates": [ [ [ -73.7273116, 39.2800806 ], [ -73.7234444, 39.283223 ], [ -73.7211177, 39.2858534 ], [ -73.7191596, 39.2875319 ], [ -73.7167395, 39.2891094 ], [ -73.7142414, 39.2901408 ], [ -73.7129923, 39.2905048 ], [ -73.7104941, 39.2909295 ], [ -73.706825, 39.2912329 ], [ -73.7055759, 39.2914757 ], [ -73.7042487, 39.2919611 ], [ -73.7029996, 39.2926891 ], [ -73.7019848, 39.2934777 ], [ -73.7001112, 39.2952977 ], [ -73.695606, 39.3018056 ], [ -73.6943346, 39.3030621 ], [ -73.6932904, 39.3039603 ], [ -73.6921488, 39.3049424 ], [ -73.6887139, 39.3073686 ], [ -73.6862158, 39.3086423 ], [ -73.6824685, 39.3095522 ], [ -73.6812194, 39.3094309 ], [ -73.6799703, 39.3085819 ], [ -73.6795018, 39.3074902 ], [ -73.6799702, 39.3062771 ], [ -73.680985, 39.3053067 ], [ -73.683327, 39.3037296 ], [ -73.6855908, 39.3019705 ], [ -73.6865277, 39.3010606 ], [ -73.6873082, 39.2991196 ], [ -73.6871521, 39.2981491 ], [ -73.6865274, 39.2971786 ], [ -73.6858248, 39.296208 ], [ -73.6837169, 39.2945095 ], [ -73.6829361, 39.293539 ], [ -73.6820773, 39.2915977 ], [ -73.6819674, 39.2911424 ], [ -73.681843, 39.2906271 ], [ -73.681843, 39.2896564 ], [ -73.6820771, 39.2877151 ], [ -73.6827015, 39.2857736 ], [ -73.6827796, 39.2838321 ], [ -73.6820152, 39.2822483 ], [ -73.6774705, 39.2771581 ], [ -73.6751804, 39.2735983 ], [ -73.6749721, 39.2723038 ], [ -73.6751282, 39.2713329 ], [ -73.6755965, 39.270362 ], [ -73.6764552, 39.269391 ], [ -73.6788753, 39.267449 ], [ -73.6801243, 39.2668421 ], [ -73.6813734, 39.2664779 ], [ -73.6839497, 39.2661137 ], [ -73.6880873, 39.2663867 ], [ -73.6891802, 39.2665991 ], [ -73.6904294, 39.2669631 ], [ -73.6932399, 39.2682982 ], [ -73.6955821, 39.27024 ], [ -73.6991735, 39.2755798 ], [ -73.7005007, 39.2770361 ], [ -73.7029208, 39.2783709 ], [ -73.7054191, 39.2790383 ], [ -73.7066682, 39.2792203 ], [ -73.7081438, 39.2793903 ], [ -73.711032, 39.2791953 ], [ -73.7137947, 39.2787077 ], [ -73.7170597, 39.2777813 ], [ -73.71932, 39.2769035 ], [ -73.7203874, 39.2763184 ], [ -73.7209881, 39.27589 ], [ -73.722584, 39.2743996 ], [ -73.7228813, 39.2741433 ], [ -73.7236088, 39.273516 ], [ -73.7256385, 39.2715741 ], [ -73.7301717, 39.2657921 ], [ -73.7315651, 39.2647414 ], [ -73.7332825, 39.2642559 ], [ -73.7349744, 39.2645902 ], [ -73.7360674, 39.2655612 ], [ -73.7363336, 39.2675687 ], [ -73.7360994, 39.2685396 ], [ -73.7351628, 39.2704815 ], [ -73.7339138, 39.2724235 ], [ -73.7303697, 39.277472 ], [ -73.7298175, 39.2780444 ], [ -73.7273116, 39.2800806 ] ] ] } },
{ "type": "Feature", "properties": { "RCID": 185, "PRIM": 3, "GRUP": 1, "OBJL": 42, "RVER": 1, "AGEN": 550, "FIDN": 37881773, "FIDS": 50, "LNAM": "0226024207AD0032", "DRVAL1": 73.1, "DRVAL2": 82.2 }, "geometry": { "type": "Polygon", "coordinates": [ [ [ -72.9162417, 39.3841922 ], [ -72.9149279, 39.3849637 ], [ -72.9106343, 39.3878314 ], [ -72.9046232, 39.3909817 ], [ -72.8973631, 39.3960097 ], [ -72.8928352, 39.3981905 ], [ -72.8911958, 39.3984934 ], [ -72.8880731, 39.3989174 ], [ -72.8834671, 39.399281 ], [ -72.8819057, 39.3990388 ], [ -72.8809688, 39.3977063 ], [ -72.881281, 39.3964948 ], [ -72.8819055, 39.3951622 ], [ -72.8826861, 39.3938901 ], [ -72.8847158, 39.3913457 ], [ -72.8869016, 39.3889225 ], [ -72.8897119, 39.3864386 ], [ -72.8912732, 39.3853481 ], [ -72.8959571, 39.3825611 ], [ -72.9051447, 39.3784935 ], [ -72.9074196, 39.3774864 ], [ -72.9125816, 39.3758851 ], [ -72.9177379, 39.3742597 ], [ -72.9224999, 39.3723813 ], [ -72.9242174, 39.3720176 ], [ -72.9260911, 39.3720176 ], [ -72.9274963, 39.3732294 ], [ -72.9278087, 39.3745624 ], [ -72.9276526, 39.3758955 ], [ -72.9270281, 39.3771073 ], [ -72.9258571, 39.3783191 ], [ -72.9227346, 39.3803792 ], [ -72.9162417, 39.3841922 ] ] ] } },
{ "type": "Feature", "properties": { "RCID": 186, "PRIM": 3, "GRUP": 1, "OBJL": 42, "RVER": 1, "AGEN": 550, "FIDN": 37881452, "FIDS": 50, "LNAM": "02260242066C0032", "DRVAL1": 137.1, "DRVAL2": 146.3 }, "geometry": { "type": "Polygon", "coordinates": [ [ [ -72.6127771, 39.166667 ], [ -72.6087538, 39.1689266 ], [ -72.5624188, 39.1949498 ], [ -72.5605291, 39.1965138 ], [ -72.5564795, 39.2001198 ], [ -72.5554657, 39.2010225 ], [ -72.5520809, 39.2049038 ], [ -72.5466789, 39.2099477 ], [ -72.5391934, 39.2142774 ], [ -72.5317453, 39.2179304 ], [ -72.5280342, 39.2199926 ], [ -72.5249204, 39.2225359 ], [ -72.5222709, 39.2247 ], [ -72.5204335, 39.2258694 ], [ -72.5112154, 39.2304986 ], [ -72.5031788, 39.2334402 ], [ -72.5018604, 39.2345871 ], [ -72.5009243, 39.2360098 ], [ -72.5000709, 39.2375255 ], [ -72.4971571, 39.2400817 ], [ -72.4965521, 39.2410227 ], [ -72.4959667, 39.2437546 ], [ -72.4948972, 39.245418 ], [ -72.4902753, 39.248761 ], [ -72.4899096, 39.2493767 ], [ -72.4899705, 39.2498029 ], [ -72.4904582, 39.2502291 ], [ -72.492258, 39.2508701 ], [ -72.4932333, 39.2515805 ], [ -72.4933553, 39.2523382 ], [ -72.4930884, 39.2531959 ], [ -72.4929279, 39.2537119 ], [ -72.4920136, 39.2550852 ], [ -72.4909944, 39.2561863 ], [ -72.4881216, 39.2581408 ], [ -72.4813165, 39.261628 ], [ -72.4742074, 39.2666021 ], [ -72.4678245, 39.2730705 ], [ -72.4645458, 39.2759832 ], [ -72.463386, 39.2768848 ], [ -72.4577429, 39.2799362 ], [ -72.4558024, 39.2814444 ], [ -72.454821, 39.2829298 ], [ -72.4547957, 39.2829681 ], [ -72.4545519, 39.2847195 ], [ -72.4546141, 39.2881622 ], [ -72.4542139, 39.2895725 ], [ -72.4534608, 39.2905449 ], [ -72.4465912, 39.2985525 ], [ -72.4433332, 39.304227 ], [ -72.4416732, 39.3069231 ], [ -72.4391966, 39.3104078 ], [ -72.4373797, 39.31129 ], [ -72.4355061, 39.3116539 ], [ -72.4340366, 39.3113685 ], [ -72.4315506, 39.3097133 ], [ -72.4294687, 39.3091069 ], [ -72.4257214, 39.309107 ], [ -72.4211068, 39.3106436 ], [ -72.4205616, 39.3109613 ], [ -72.4192679, 39.3123822 ], [ -72.4191899, 39.3128674 ], [ -72.4194242, 39.313676 ], [ -72.4199201, 39.3142106 ], [ -72.4206703, 39.3145189 ], [ -72.4217808, 39.3147015 ], [ -72.423465, 39.3151411 ], [ -72.424009, 39.3159105 ], [ -72.424008, 39.3168344 ], [ -72.4234839, 39.3180099 ], [ -72.4218445, 39.319538 ], [ -72.4189561, 39.321034 ], [ -72.4148185, 39.3226915 ], [ -72.4085762, 39.3260049 ], [ -72.4047359, 39.3281809 ], [ -72.4008346, 39.3312083 ], [ -72.396395, 39.3343941 ], [ -72.3954669, 39.335344 ], [ -72.392882, 39.3370012 ], [ -72.3904732, 39.3394955 ], [ -72.387771, 39.3412106 ], [ -72.3869674, 39.3416471 ], [ -72.3857843, 39.3422896 ], [ -72.385459, 39.3424663 ], [ -72.384511, 39.3433225 ], [ -72.3837484, 39.3442761 ], [ -72.3836704, 39.3452864 ], [ -72.3838592, 39.3458529 ], [ -72.3843606, 39.3463101 ], [ -72.3848679, 39.3466354 ], [ -72.3862309, 39.3468363 ], [ -72.3873162, 39.3472618 ], [ -72.3877711, 39.3476082 ], [ -72.3878689, 39.3485461 ], [ -72.3873554, 39.3493435 ], [ -72.3855442, 39.3503983 ], [ -72.3837227, 39.3511055 ], [ -72.3791427, 39.3522168 ], [ -72.3759532, 39.3534552 ], [ -72.3730153, 39.3552098 ], [ -72.3703994, 39.3576921 ], [ -72.3691727, 39.3599144 ], [ -72.3681356, 39.3626416 ], [ -72.367727, 39.3648625 ], [ -72.3665589, 39.3673565 ], [ -72.3655597, 39.36852 ], [ -72.3643627, 39.3694491 ], [ -72.3603553, 39.3717115 ], [ -72.358846, 39.3729436 ], [ -72.3586899, 39.3734284 ], [ -72.3588699, 39.3741104 ], [ -72.359507, 39.3746578 ], [ -72.3603298, 39.374954 ], [ -72.361373, 39.3754782 ], [ -72.3620185, 39.3761208 ], [ -72.362047, 39.3765185 ], [ -72.3617682, 39.3778168 ], [ -72.3609542, 39.3786594 ], [ -72.358378, 39.380154 ], [ -72.3572628, 39.3814522 ], [ -72.3565669, 39.3828925 ], [ -72.3559845, 39.385499 ], [ -72.355314, 39.3866333 ], [ -72.3534853, 39.3876258 ], [ -72.3516566, 39.3880985 ], [ -72.3490964, 39.3884293 ], [ -72.3459745, 39.3882588 ], [ -72.3426829, 39.3882588 ], [ -72.3410979, 39.3884951 ], [ -72.3398179, 39.3890151 ], [ -72.3393911, 39.389724 ], [ -72.3394652, 39.3904616 ], [ -72.3395871, 39.3909815 ], [ -72.3399573, 39.3913127 ], [ -72.3403795, 39.3916904 ], [ -72.3417816, 39.3921157 ], [ -72.3434532, 39.3921283 ], [ -72.3448687, 39.3923584 ], [ -72.3452872, 39.3926558 ], [ -72.3456925, 39.3933611 ], [ -72.3455923, 39.3941386 ], [ -72.3451325, 39.3950995 ], [ -72.3408669, 39.3999669 ], [ -72.3367654, 39.405536 ], [ -72.3340889, 39.4079587 ], [ -72.3312637, 39.4098766 ], [ -72.3300798, 39.4117742 ], [ -72.3286964, 39.4161883 ], [ -72.3273086, 39.4180722 ], [ -72.3210634, 39.4221341 ], [ -72.3208994, 39.4226108 ], [ -72.3210634, 39.4232799 ], [ -72.3213605, 39.423701 ], [ -72.3220003, 39.4240064 ], [ -72.3234412, 39.4241591 ], [ -72.3255914, 39.4238549 ], [ -72.3287141, 39.4227952 ], [ -72.3318368, 39.4208575 ], [ -72.334491, 39.4187986 ], [ -72.3349243, 39.4184059 ], [ -72.3357257, 39.4181222 ], [ -72.3363709, 39.4181222 ], [ -72.3368618, 39.4182396 ], [ -72.3371453, 39.4187986 ], [ -72.3372234, 39.4192224 ], [ -72.3368643, 39.4201792 ], [ -72.3327347, 39.4247327 ], [ -72.330588, 39.428971 ], [ -72.3287927, 39.4345409 ], [ -72.3271535, 39.4375921 ], [ -72.3258521, 39.4396172 ], [ -72.3246242, 39.4408612 ], [ -72.321689, 39.4433189 ], [ -72.3208185, 39.4451332 ], [ -72.3208241, 39.4454263 ], [ -72.3208443, 39.4464888 ], [ -72.3209661, 39.4474805 ], [ -72.3215148, 39.4490389 ], [ -72.3225511, 39.4503138 ], [ -72.3235873, 39.4513999 ], [ -72.3255989, 39.4525803 ], [ -72.326818, 39.4537608 ], [ -72.3270619, 39.4546579 ], [ -72.3270619, 39.4550829 ], [ -72.32694, 39.455555 ], [ -72.3264218, 39.4559328 ], [ -72.3251417, 39.4567827 ], [ -72.3236001, 39.4581049 ], [ -72.3233833, 39.4597863 ], [ -72.3239741, 39.46116 ], [ -72.3286163, 39.4643368 ], [ -72.3300183, 39.4647616 ], [ -72.3359393, 39.4654302 ], [ -72.3391775, 39.4671034 ], [ -72.3410902, 39.4689565 ], [ -72.343292, 39.4705206 ], [ -72.3460477, 39.4713238 ], [ -72.3506311, 39.4715885 ], [ -72.3519029, 39.4718227 ], [ -72.3524494, 39.4720647 ], [ -72.3549789, 39.4742913 ], [ -72.3559887, 39.4758564 ], [ -72.3565093, 39.477873 ], [ -72.3565094, 39.4810594 ], [ -72.3574017, 39.4829031 ], [ -72.3584352, 39.4841044 ], [ -72.360413, 39.4852538 ], [ -72.3634109, 39.4866087 ], [ -72.3679077, 39.4871894 ], [ -72.3692835, 39.4871332 ], [ -72.3695634, 39.4871218 ], [ -72.369547, 39.4842251 ], [ -72.3660339, 39.4833178 ], [ -72.3639103, 39.4822893 ], [ -72.3612559, 39.4804624 ], [ -72.35958, 39.478236 ], [ -72.3576618, 39.4733362 ], [ -72.3573256, 39.4719604 ], [ -72.3567975, 39.4707334 ], [ -72.3556932, 39.4695064 ], [ -72.3530737, 39.4674661 ], [ -72.3462035, 39.4648037 ], [ -72.3440819, 39.4633345 ], [ -72.3434308, 39.4621155 ], [ -72.3434846, 39.46079 ], [ -72.3454661, 39.4582493 ], [ -72.3457571, 39.4578761 ], [ -72.3493778, 39.455484 ], [ -72.3505607, 39.4543835 ], [ -72.3512774, 39.4528209 ], [ -72.3510738, 39.4510707 ], [ -72.3504015, 39.4498434 ], [ -72.3493933, 39.4489879 ], [ -72.3481929, 39.4481697 ], [ -72.3463205, 39.4471282 ], [ -72.3443999, 39.4460495 ], [ -72.3430798, 39.4446499 ], [ -72.3412684, 39.4420229 ], [ -72.3408468, 39.4397347 ], [ -72.3415181, 39.4381729 ], [ -72.3429856, 39.4358966 ], [ -72.3437708, 39.43544 ], [ -72.3514463, 39.4330589 ], [ -72.3549455, 39.4305445 ], [ -72.356702, 39.4287281 ], [ -72.3575215, 39.4270328 ], [ -72.3586612, 39.4234967 ], [ -72.36016, 39.420784 ], [ -72.3608559, 39.4199743 ], [ -72.363064, 39.4179501 ], [ -72.3680081, 39.4153931 ], [ -72.3720416, 39.4126814 ], [ -72.3753984, 39.4100771 ], [ -72.3779143, 39.408606 ], [ -72.3784046, 39.408407 ], [ -72.3799309, 39.4077873 ], [ -72.3814673, 39.4074523 ], [ -72.3861939, 39.4062354 ], [ -72.3884616, 39.4048279 ], [ -72.3888816, 39.4041761 ], [ -72.3886316, 39.401657 ], [ -72.3886695, 39.4008708 ], [ -72.3887559, 39.4003855 ], [ -72.3890302, 39.3998068 ], [ -72.3898939, 39.3989708 ], [ -72.3925912, 39.3980987 ], [ -72.3953927, 39.3967982 ], [ -72.3975823, 39.3948504 ], [ -72.3977384, 39.3943657 ], [ -72.3977299, 39.3937681 ], [ -72.3970549, 39.3932187 ], [ -72.3960514, 39.3931402 ], [ -72.389392, 39.3940553 ], [ -72.3859108, 39.3942483 ], [ -72.385035, 39.3942079 ], [ -72.3838529, 39.3940453 ], [ -72.3829106, 39.3936191 ], [ -72.3823799, 39.3929428 ], [ -72.3823799, 39.3924583 ], [ -72.3832043, 39.3916638 ], [ -72.3860147, 39.3907248 ], [ -72.3884192, 39.3893254 ], [ -72.3898243, 39.3880531 ], [ -72.3904352, 39.387105 ], [ -72.3901716, 39.3842425 ], [ -72.3911668, 39.382334 ], [ -72.3923378, 39.3816524 ], [ -72.3964753, 39.3807586 ], [ -72.3987393, 39.37988 ], [ -72.4014717, 39.3792438 ], [ -72.4041259, 39.3782137 ], [ -72.4066241, 39.3767595 ], [ -72.4106054, 39.3736692 ], [ -72.4129734, 39.3723563 ], [ -72.4152113, 39.3714877 ], [ -72.4278863, 39.3678384 ], [ -72.4286562, 39.3675933 ], [ -72.4324475, 39.3663861 ], [ -72.4348482, 39.3656041 ], [ -72.4365286, 39.3648221 ], [ -72.4384491, 39.3632953 ], [ -72.4419541, 39.3600925 ], [ -72.4427217, 39.3594698 ], [ -72.4445709, 39.3579697 ], [ -72.4463954, 39.3571503 ], [ -72.4513563, 39.3562453 ], [ -72.453604, 39.3555091 ], [ -72.4549811, 39.3548684 ], [ -72.4570436, 39.3536516 ], [ -72.4577699, 39.3527953 ], [ -72.4581766, 39.3518489 ], [ -72.4581766, 39.3506319 ], [ -72.4575956, 39.3494826 ], [ -72.4559688, 39.3484009 ], [ -72.4554169, 39.34786 ], [ -72.4552716, 39.3473868 ], [ -72.4552716, 39.3468459 ], [ -72.4554169, 39.3464176 ], [ -72.4561722, 39.3458993 ], [ -72.4568403, 39.3455387 ], [ -72.4576242, 39.3454236 ], [ -72.4634563, 39.3447586 ], [ -72.4670948, 39.3439478 ], [ -72.4698316, 39.3431283 ], [ -72.4722803, 39.3417873 ], [ -72.4746809, 39.3403717 ], [ -72.4778978, 39.3382855 ], [ -72.4791461, 39.3373542 ], [ -72.481958, 39.3348159 ], [ -72.482036, 39.334075 ], [ -72.481532, 39.333366 ], [ -72.4805898, 39.3327024 ], [ -72.4801623, 39.3319732 ], [ -72.4800825, 39.3310602 ], [ -72.4807, 39.3298713 ], [ -72.4841904, 39.3281769 ], [ -72.4856432, 39.3276581 ], [ -72.4873443, 39.3269944 ], [ -72.4883805, 39.3267464 ], [ -72.4917421, 39.3265597 ], [ -72.4932491, 39.3259745 ], [ -72.4963859, 39.3237254 ], [ -72.4978053, 39.3231741 ], [ -72.4989763, 39.3231134 ], [ -72.5009033, 39.3237987 ], [ -72.5024397, 39.3242085 ], [ -72.5034262, 39.3243866 ], [ -72.5051318, 39.3243866 ], [ -72.5126512, 39.3209351 ], [ -72.5162171, 39.3198297 ], [ -72.5164322, 39.3197406 ], [ -72.5180432, 39.319073 ], [ -72.5202089, 39.3178793 ], [ -72.5218891, 39.3168516 ], [ -72.5257534, 39.3153506 ], [ -72.532155, 39.3150472 ], [ -72.5388689, 39.3152895 ], [ -72.5433968, 39.3147032 ], [ -72.5452888, 39.3140907 ], [ -72.5477685, 39.3127422 ], [ -72.5524525, 39.3091032 ], [ -72.5550755, 39.3079144 ], [ -72.5571365, 39.3076474 ], [ -72.563382, 39.3076472 ], [ -72.5670043, 39.3074712 ], [ -72.5685005, 39.3070353 ], [ -72.5702963, 39.3053604 ], [ -72.5714292, 39.3037579 ], [ -72.5719888, 39.3023095 ], [ -72.5717238, 39.3006631 ], [ -72.5702862, 39.2979826 ], [ -72.5699503, 39.2964171 ], [ -72.5701392, 39.2952429 ], [ -72.5711881, 39.2939385 ], [ -72.5731398, 39.2924219 ], [ -72.5762624, 39.2905412 ], [ -72.5795586, 39.2877847 ], [ -72.5804643, 39.2869072 ], [ -72.5837872, 39.2836881 ], [ -72.585176, 39.2818376 ], [ -72.5854686, 39.2800177 ], [ -72.5839748, 39.2754214 ], [ -72.5845173, 39.2737345 ], [ -72.5853956, 39.2728243 ], [ -72.5896111, 39.2695473 ], [ -72.5914846, 39.267848 ], [ -72.5937064, 39.2647669 ], [ -72.5941658, 39.2626235 ], [ -72.5942825, 39.2597564 ], [ -72.5950747, 39.2535277 ], [ -72.5951434, 39.2532719 ], [ -72.5959869, 39.2501335 ], [ -72.5964799, 39.2457548 ], [ -72.5974685, 39.2419101 ], [ -72.5985343, 39.2390089 ], [ -72.6013728, 39.2352243 ], [ -72.6058351, 39.2310777 ], [ -72.6066372, 39.2302499 ], [ -72.60812, 39.2287195 ], [ -72.608908, 39.2279062 ], [ -72.6103963, 39.2263391 ], [ -72.6129177, 39.2230991 ], [ -72.6254582, 39.210947 ], [ -72.6276705, 39.2063565 ], [ -72.6333703, 39.1971902 ], [ -72.6348758, 39.1941064 ], [ -72.6354388, 39.1929531 ], [ -72.6365263, 39.1909762 ], [ -72.6395514, 39.1870821 ], [ -72.6417298, 39.1857733 ], [ -72.6431566, 39.1852735 ], [ -72.6447533, 39.1850769 ], [ -72.6509296, 39.1863585 ], [ -72.6535449, 39.1863584 ], [ -72.6570059, 39.1855887 ], [ -72.6586713, 39.1849405 ], [ -72.6609613, 39.1835633 ], [ -72.6619065, 39.1829422 ], [ -72.6631122, 39.1813603 ], [ -72.6642878, 39.1779446 ], [ -72.6653066, 39.1731257 ], [ -72.666247, 39.1697706 ], [ -72.6667995, 39.1683924 ], [ -72.6680009, 39.1673584 ], [ -72.6690453, 39.166667 ], [ -72.6127771, 39.166667 ] ], [ [ -72.5953185, 39.1912583 ], [ -72.5944795, 39.1922935 ], [ -72.5936103, 39.1927346 ], [ -72.5918718, 39.1933228 ], [ -72.5896041, 39.1934405 ], [ -72.5873365, 39.1932052 ], [ -72.5857114, 39.1929405 ], [ -72.5838973, 39.1922053 ], [ -72.5825367, 39.1912936 ], [ -72.5814785, 39.1896172 ], [ -72.581214, 39.1882054 ], [ -72.5815541, 39.1864407 ], [ -72.581932, 39.1855583 ], [ -72.5836706, 39.1842642 ], [ -72.5900577, 39.1814405 ], [ -72.600398, 39.1777048 ], [ -72.6033459, 39.1765752 ], [ -72.6054774, 39.176434 ], [ -72.6062484, 39.1767517 ], [ -72.6063391, 39.17714 ], [ -72.6057495, 39.1780577 ], [ -72.6033912, 39.1808816 ], [ -72.5987199, 39.186529 ], [ -72.5953185, 39.1912583 ] ], [ [ -72.5713585, 39.2305439 ], [ -72.5693114, 39.2309421 ], [ -72.5679061, 39.2309421 ], [ -72.5655132, 39.2306325 ], [ -72.5629097, 39.2300922 ], [ -72.5596307, 39.2283921 ], [ -72.5586938, 39.2269349 ], [ -72.5586937, 39.225599 ], [ -72.5590306, 39.2242887 ], [ -72.56071, 39.2218935 ], [ -72.5628011, 39.2207316 ], [ -72.5663442, 39.2201335 ], [ -72.5688424, 39.2201335 ], [ -72.5708097, 39.2204735 ], [ -72.5730582, 39.2213479 ], [ -72.573995, 39.2218336 ], [ -72.5756084, 39.2230886 ], [ -72.5760958, 39.2246049 ], [ -72.5758298, 39.2260539 ], [ -72.5752183, 39.2274809 ], [ -72.5740947, 39.2290541 ], [ -72.5713585, 39.2305439 ] ] ] } },
{ "type": "Feature", "properties": { "RCID": 187, "PRIM": 3, "GRUP": 1, "OBJL": 42, "RVER": 1, "AGEN": 550, "FIDN": 37881821, "FIDS": 50, "LNAM": "0226024207DD0032", "DRVAL1": 18.2, "DRVAL2": 27.4 }, "geometry": { "type": "Polygon", "coordinates": [ [ [ -73.8257401, 39.4799674 ], [ -73.826201, 39.4791577 ], [ -73.8284649, 39.4774637 ], [ -73.829714, 39.4769191 ], [ -73.8322121, 39.476314 ], [ -73.8348664, 39.4761929 ], [ -73.8361156, 39.4763744 ], [ -73.8386918, 39.4771003 ], [ -73.8401752, 39.4777053 ], [ -73.8414243, 39.4785523 ], [ -73.842205, 39.4795202 ], [ -73.8426735, 39.4804883 ], [ -73.8428297, 39.4815773 ], [ -73.8425175, 39.4825452 ], [ -73.8422248, 39.4830556 ], [ -73.841893, 39.4836342 ], [ -73.8408782, 39.4847231 ], [ -73.838302, 39.4868405 ], [ -73.8370529, 39.487506 ], [ -73.8358039, 39.487869 ], [ -73.8345548, 39.4879296 ], [ -73.8320566, 39.4873852 ], [ -73.8283092, 39.4859334 ], [ -73.82706, 39.4852075 ], [ -73.825967, 39.4842396 ], [ -73.8251863, 39.4832717 ], [ -73.824874, 39.4823037 ], [ -73.8250301, 39.4812147 ], [ -73.8257401, 39.4799674 ] ] ] } },
{ "type": "Feature", "properties": { "RCID": 188, "PRIM": 3, "GRUP": 1, "OBJL": 42, "RVER": 1, "AGEN": 550, "FIDN": -79808110, "FIDS": 48294, "LNAM": "0226FB3E3992BCA6", "DRVAL1": 182.8, "DRVAL2": 914.4 }, "geometry": { "type": "Polygon", "coordinates": [ [ [ -72.45, 39.09618 ], [ -72.45, 39.1005323 ], [ -72.45, 39.1439121 ], [ -72.45, 39.1466435 ], [ -72.45, 39.1493749 ], [ -72.45, 39.166667 ], [ -72.4793139, 39.166667 ], [ -72.4832228, 39.166667 ], [ -72.4871316, 39.166667 ], [ -72.4929781, 39.166667 ], [ -72.4937296, 39.166667 ], [ -72.4978135, 39.166667 ], [ -72.5007685, 39.166667 ], [ -72.5037234, 39.166667 ], [ -72.5527808, 39.166667 ], [ -72.5861808, 39.166667 ], [ -72.5984156, 39.166667 ], [ -72.5933542, 39.1696319 ], [ -72.5568183, 39.1893383 ], [ -72.5531566, 39.1912728 ], [ -72.5504596, 39.1926976 ], [ -72.5465135, 39.1949278 ], [ -72.5461555, 39.1952076 ], [ -72.5403569, 39.1997401 ], [ -72.5366187, 39.2018835 ], [ -72.5302089, 39.2046041 ], [ -72.5257359, 39.2057643 ], [ -72.5193532, 39.2086856 ], [ -72.5148966, 39.2110862 ], [ -72.5089713, 39.2156198 ], [ -72.5062664, 39.2176894 ], [ -72.5024739, 39.2208292 ], [ -72.491555, 39.2266334 ], [ -72.4877005, 39.2284626 ], [ -72.4706332, 39.2377451 ], [ -72.4626677, 39.2416241 ], [ -72.453927, 39.2458806 ], [ -72.4456737, 39.2502231 ], [ -72.4413146, 39.2530146 ], [ -72.4259792, 39.2603883 ], [ -72.4197742, 39.2637807 ], [ -72.418831, 39.2642964 ], [ -72.4159193, 39.2663086 ], [ -72.4089608, 39.2704023 ], [ -72.3995689, 39.2778615 ], [ -72.3972785, 39.2793451 ], [ -72.3867065, 39.2877446 ], [ -72.3760171, 39.2948544 ], [ -72.3682293, 39.2997169 ], [ -72.3590509, 39.3073704 ], [ -72.3577498, 39.3083812 ], [ -72.3510543, 39.3138554 ], [ -72.3474921, 39.3170785 ], [ -72.3432297, 39.3209351 ], [ -72.3370707, 39.3259302 ], [ -72.3350855, 39.3278027 ], [ -72.3337409, 39.3290709 ], [ -72.3274852, 39.335967 ], [ -72.3224422, 39.3409379 ], [ -72.3194205, 39.3445479 ], [ -72.3129194, 39.3544638 ], [ -72.3062275, 39.3636738 ], [ -72.2978187, 39.3723093 ], [ -72.2949863, 39.376157 ], [ -72.2949863, 39.3766306 ], [ -72.2928005, 39.3806406 ], [ -72.2907085, 39.3855117 ], [ -72.2883412, 39.3952516 ], [ -72.2872646, 39.3996811 ], [ -72.2850338, 39.403115 ], [ -72.2820161, 39.4070773 ], [ -72.2803423, 39.4105403 ], [ -72.2794525, 39.4135925 ], [ -72.2792185, 39.4177103 ], [ -72.2798432, 39.4206168 ], [ -72.2813076, 39.4248631 ], [ -72.2822376, 39.4275597 ], [ -72.282603, 39.4320905 ], [ -72.2812804, 39.4368186 ], [ -72.2814999, 39.4374993 ], [ -72.2838749, 39.4394824 ], [ -72.2924121, 39.4446703 ], [ -72.2934596, 39.4457531 ], [ -72.2945214, 39.4482226 ], [ -72.2967817, 39.4549122 ], [ -72.2978788, 39.4571801 ], [ -72.2995183, 39.4597219 ], [ -72.3014347, 39.4616528 ], [ -72.3037343, 39.4629896 ], [ -72.3077245, 39.4645359 ], [ -72.3115413, 39.4686775 ], [ -72.3127385, 39.4696053 ], [ -72.3160248, 39.4715645 ], [ -72.3185677, 39.4725499 ], [ -72.3220028, 39.4732153 ], [ -72.3280922, 39.4749006 ], [ -72.33465, 39.4759981 ], [ -72.3435499, 39.4784785 ], [ -72.3458921, 39.4796884 ], [ -72.3518254, 39.4842256 ], [ -72.3553557, 39.4876001 ], [ -72.3581073, 39.4899258 ], [ -72.3593203, 39.4903957 ], [ -72.3618186, 39.4920893 ], [ -72.364473, 39.4932386 ], [ -72.3664091, 39.4936136 ], [ -72.3693132, 39.4932384 ], [ -72.3721041, 39.4924066 ], [ -72.3752984, 39.4921494 ], [ -72.3774323, 39.4925728 ], [ -72.3807903, 39.4937336 ], [ -72.3844502, 39.4963114 ], [ -72.3884488, 39.5031726 ], [ -72.3908607, 39.5047296 ], [ -72.3919536, 39.5051529 ], [ -72.3979691, 39.5064164 ], [ -72.4015563, 39.5091441 ], [ -72.4118252, 39.5161866 ], [ -72.4168295, 39.5210305 ], [ -72.420762, 39.5260137 ], [ -72.4235726, 39.5289157 ], [ -72.4289215, 39.5359831 ], [ -72.4316093, 39.5394914 ], [ -72.4342427, 39.5443101 ], [ -72.4348816, 39.5462881 ], [ -72.43503, 39.5543104 ], [ -72.4346908, 39.5606185 ], [ -72.4337456, 39.5655944 ], [ -72.4317719, 39.5701348 ], [ -72.430679, 39.5717058 ], [ -72.4271549, 39.5757971 ], [ -72.4265728, 39.5769984 ], [ -72.4260133, 39.5795972 ], [ -72.4257947, 39.5850142 ], [ -72.4265867, 39.5917979 ], [ -72.4274937, 39.5947934 ], [ -72.429225, 39.5987447 ], [ -72.4299298, 39.6 ], [ -72.391, 39.6 ], [ -72.3915473, 39.5991168 ], [ -72.3911618, 39.5931646 ], [ -72.3903966, 39.5907969 ], [ -72.3892646, 39.5890452 ], [ -72.3874611, 39.5878493 ], [ -72.384203, 39.5865889 ], [ -72.3833489, 39.5861367 ], [ -72.3829502, 39.5853773 ], [ -72.3829801, 39.584986 ], [ -72.3834758, 39.5829365 ], [ -72.3867267, 39.5774467 ], [ -72.3891481, 39.5726984 ], [ -72.3901374, 39.5689369 ], [ -72.3902392, 39.565544 ], [ -72.3899268, 39.5639124 ], [ -72.3876412, 39.5569302 ], [ -72.3846176, 39.5525515 ], [ -72.3817366, 39.5501642 ], [ -72.3789334, 39.5486337 ], [ -72.3752882, 39.5473314 ], [ -72.3729446, 39.5462731 ], [ -72.3634029, 39.5432785 ], [ -72.3601037, 39.5424587 ], [ -72.3522474, 39.541021 ], [ -72.3445499, 39.5398622 ], [ -72.3421477, 39.5391649 ], [ -72.322759, 39.5354122 ], [ -72.3130658, 39.5321491 ], [ -72.3121571, 39.5317093 ], [ -72.2998216, 39.5279569 ], [ -72.2887481, 39.5233575 ], [ -72.2834394, 39.5214833 ], [ -72.2821903, 39.5212415 ], [ -72.2771802, 39.5196249 ], [ -72.2683193, 39.5174579 ], [ -72.261337, 39.5153904 ], [ -72.2577268, 39.5146631 ], [ -72.2496354, 39.5139259 ], [ -72.244717, 39.5139261 ], [ -72.231207, 39.5147783 ], [ -72.2303012, 39.5147146 ], [ -72.2217899, 39.5141155 ], [ -72.2187046, 39.5132194 ], [ -72.2155469, 39.5117928 ], [ -72.2115259, 39.5090934 ], [ -72.2080247, 39.5081218 ], [ -72.2050581, 39.5081219 ], [ -72.2032625, 39.5083034 ], [ -72.1966788, 39.5096676 ], [ -72.1939724, 39.5105413 ], [ -72.1879502, 39.5132627 ], [ -72.1849167, 39.514835 ], [ -72.1791433, 39.5183648 ], [ -72.174279, 39.5216825 ], [ -72.1670238, 39.5263397 ], [ -72.1563471, 39.5346965 ], [ -72.1505759, 39.5392253 ], [ -72.1447044, 39.5452438 ], [ -72.1439803, 39.5459861 ], [ -72.1294904, 39.5590256 ], [ -72.1268361, 39.5610803 ], [ -72.1212154, 39.5643436 ], [ -72.1139708, 39.567498 ], [ -72.1054072, 39.5705361 ], [ -72.1002067, 39.5731121 ], [ -72.0922668, 39.5781895 ], [ -72.090492, 39.5793244 ], [ -72.0852155, 39.5825754 ], [ -72.075487, 39.5892682 ], [ -72.0663768, 39.5963426 ], [ -72.0631621, 39.5984986 ], [ -72.0609235, 39.6 ], [ -72.0433339, 39.6 ], [ -72.0300569, 39.6 ], [ -72.0, 39.6 ], [ -71.9487288, 39.6 ], [ -71.8610652, 39.6 ], [ -71.8562528, 39.5961283 ], [ -71.8531889, 39.5932839 ], [ -71.8462595, 39.5854977 ], [ -71.8403699, 39.5794342 ], [ -71.8365474, 39.5767504 ], [ -71.8320506, 39.5747621 ], [ -71.8282781, 39.5724683 ], [ -71.824946, 39.5691864 ], [ -71.8240872, 39.5678571 ], [ -71.8236773, 39.5669055 ], [ -71.8241154, 39.5652095 ], [ -71.8251941, 39.5633307 ], [ -71.8264716, 39.5620123 ], [ -71.8275219, 39.5613009 ], [ -71.8299349, 39.5601334 ], [ -71.8330256, 39.5593972 ], [ -71.8390759, 39.5593969 ], [ -71.8421386, 39.5589228 ], [ -71.8441476, 39.5577131 ], [ -71.8445405, 39.5562544 ], [ -71.8442566, 39.5549358 ], [ -71.842979, 39.5533536 ], [ -71.8387631, 39.5500901 ], [ -71.8259714, 39.5389596 ], [ -71.8239295, 39.5364301 ], [ -71.8226803, 39.5344956 ], [ -71.8216582, 39.5317258 ], [ -71.8211186, 39.5294982 ], [ -71.8211186, 39.5283293 ], [ -71.8216182, 39.5267816 ], [ -71.823558, 39.5235832 ], [ -71.8271035, 39.5212294 ], [ -71.8300492, 39.5202514 ], [ -71.8342857, 39.519431 ], [ -71.8384013, 39.5192317 ], [ -71.8416345, 39.519482 ], [ -71.843947, 39.5199595 ], [ -71.8501597, 39.5219196 ], [ -71.8543755, 39.5230078 ], [ -71.8597297, 39.5233641 ], [ -71.8617247, 39.5229009 ], [ -71.8620424, 39.522737 ], [ -71.8635201, 39.5219746 ], [ -71.8647171, 39.5206624 ], [ -71.8657146, 39.5191185 ], [ -71.8662133, 39.5168027 ], [ -71.8661136, 39.5143324 ], [ -71.8660174, 39.5134634 ], [ -71.8658144, 39.5116304 ], [ -71.8662411, 39.5081321 ], [ -71.8671657, 39.5038336 ], [ -71.8697477, 39.4996325 ], [ -71.8720218, 39.4947869 ], [ -71.8737877, 39.489617 ], [ -71.8746414, 39.4826684 ], [ -71.875608, 39.4807916 ], [ -71.8771233, 39.4792257 ], [ -71.8794666, 39.4780905 ], [ -71.8809972, 39.4777067 ], [ -71.8818693, 39.477488 ], [ -71.8840629, 39.4771421 ], [ -71.8861576, 39.4771421 ], [ -71.8892698, 39.4772821 ], [ -71.894032, 39.479097 ], [ -71.8991605, 39.481452 ], [ -71.90614, 39.4862112 ], [ -71.908901, 39.4885643 ], [ -71.9209665, 39.4977884 ], [ -71.9260412, 39.5010544 ], [ -71.9288517, 39.5025663 ], [ -71.9320786, 39.5038161 ], [ -71.9353244, 39.5045344 ], [ -71.9372832, 39.5037756 ], [ -71.9380271, 39.5033914 ], [ -71.9383761, 39.5024451 ], [ -71.9382979, 39.5012354 ], [ -71.9368202, 39.4991898 ], [ -71.934526, 39.4961012 ], [ -71.9289402, 39.4889967 ], [ -71.928081, 39.4876614 ], [ -71.9238543, 39.4810927 ], [ -71.9208921, 39.4748537 ], [ -71.9209654, 39.4743165 ], [ -71.9215378, 39.4736106 ], [ -71.9227325, 39.4728698 ], [ -71.925036, 39.4724235 ], [ -71.9301687, 39.4732607 ], [ -71.9345323, 39.4746134 ], [ -71.9440892, 39.478886 ], [ -71.9500332, 39.4809507 ], [ -71.9534422, 39.4818177 ], [ -71.9619518, 39.4834509 ], [ -71.9679475, 39.4849027 ], [ -71.9740852, 39.4874503 ], [ -71.978405, 39.4906114 ], [ -71.9801577, 39.4912904 ], [ -71.980858, 39.4911897 ], [ -71.9833012, 39.4901113 ], [ -71.9837332, 39.4900744 ], [ -71.9841918, 39.4901732 ], [ -71.9865095, 39.4912251 ], [ -71.986934, 39.4913143 ], [ -71.9879709, 39.4911366 ], [ -71.9885735, 39.4908908 ], [ -71.9935862, 39.4866955 ], [ -71.9968767, 39.4850562 ], [ -72.0019228, 39.4844176 ], [ -72.0040377, 39.4838182 ], [ -72.0053578, 39.4829656 ], [ -72.0062519, 39.4815797 ], [ -72.0057248, 39.48015 ], [ -72.0021307, 39.4777627 ], [ -71.9976287, 39.4761899 ], [ -71.9817805, 39.4717613 ], [ -71.9780331, 39.4697768 ], [ -71.975691, 39.4679615 ], [ -71.9749103, 39.4669329 ], [ -71.9748322, 39.4664488 ], [ -71.9756909, 39.464936 ], [ -71.9763154, 39.4644518 ], [ -71.9825608, 39.4632413 ], [ -71.9842782, 39.462031 ], [ -71.9845905, 39.4615468 ], [ -71.9842608, 39.4596507 ], [ -71.9831851, 39.4584 ], [ -71.9814155, 39.4570282 ], [ -71.9794377, 39.4559793 ], [ -71.9777202, 39.4552531 ], [ -71.9720992, 39.4538007 ], [ -71.9699132, 39.4529535 ], [ -71.9670976, 39.4516103 ], [ -71.9639352, 39.4493222 ], [ -71.9627827, 39.4480713 ], [ -71.9607788, 39.4449642 ], [ -71.9591391, 39.4401216 ], [ -71.9577142, 39.4379121 ], [ -71.9556102, 39.4365137 ], [ -71.952425, 39.4354402 ], [ -71.9488338, 39.4351579 ], [ -71.941027, 39.4351581 ], [ -71.9390492, 39.4349664 ], [ -71.9363429, 39.4343107 ], [ -71.9324783, 39.432313 ], [ -71.930982, 39.4309205 ], [ -71.9302533, 39.4291042 ], [ -71.9302532, 39.4275301 ], [ -71.9309123, 39.4259962 ], [ -71.9325068, 39.4238761 ], [ -71.9348451, 39.42176 ], [ -71.9408484, 39.4172695 ], [ -71.9529856, 39.4060685 ], [ -71.9570552, 39.3997533 ], [ -71.9608663, 39.3949477 ], [ -71.9642111, 39.3917371 ], [ -71.9675657, 39.3891148 ], [ -71.9749061, 39.3833766 ], [ -71.9791096, 39.3807433 ], [ -71.9856271, 39.37713 ], [ -71.9895044, 39.3741667 ], [ -71.9898947, 39.373682 ], [ -71.9905192, 39.373379 ], [ -71.9924709, 39.3716368 ], [ -71.996943, 39.3690332 ], [ -71.9986381, 39.3677433 ], [ -72.0026976, 39.3658646 ], [ -72.0057209, 39.3650822 ], [ -72.0095593, 39.3648692 ], [ -72.0140732, 39.3655699 ], [ -72.0190608, 39.3672215 ], [ -72.025806, 39.3707117 ], [ -72.0359663, 39.3754992 ], [ -72.0444782, 39.381121 ], [ -72.0580648, 39.3882328 ], [ -72.0645291, 39.3931273 ], [ -72.0760489, 39.4007322 ], [ -72.0808047, 39.4044216 ], [ -72.088953, 39.4085494 ], [ -72.0923223, 39.4105096 ], [ -72.0937276, 39.4110546 ], [ -72.094196, 39.4114786 ], [ -72.0980995, 39.413174 ], [ -72.1047886, 39.4165094 ], [ -72.115309, 39.4221962 ], [ -72.1212605, 39.4257347 ], [ -72.1247392, 39.4282077 ], [ -72.1298609, 39.4323884 ], [ -72.1324195, 39.4348133 ], [ -72.1344806, 39.4372106 ], [ -72.1372912, 39.439753 ], [ -72.1397114, 39.4416295 ], [ -72.1456448, 39.4446559 ], [ -72.1520569, 39.4482912 ], [ -72.1601207, 39.4512084 ], [ -72.164876, 39.4522616 ], [ -72.172336, 39.4534181 ], [ -72.1735156, 39.4531894 ], [ -72.1739101, 39.4531894 ], [ -72.1760139, 39.4531893 ], [ -72.1782444, 39.4535351 ], [ -72.1803857, 39.4541576 ], [ -72.1835084, 39.4547627 ], [ -72.1903142, 39.4549013 ], [ -72.1927652, 39.4553763 ], [ -72.1990355, 39.4573646 ], [ -72.2036503, 39.4593768 ], [ -72.2056547, 39.4605797 ], [ -72.2071841, 39.4612089 ], [ -72.2121529, 39.4642357 ], [ -72.2156732, 39.4653724 ], [ -72.218796, 39.466986 ], [ -72.223264, 39.467563 ], [ -72.2336811, 39.4677117 ], [ -72.2387816, 39.4685587 ], [ -72.2414012, 39.4696344 ], [ -72.2448793, 39.4719152 ], [ -72.246466, 39.4735547 ], [ -72.2478819, 39.4745522 ], [ -72.2531988, 39.4799735 ], [ -72.254474, 39.4809617 ], [ -72.2564447, 39.4820524 ], [ -72.2599232, 39.4823893 ], [ -72.2611879, 39.4818689 ], [ -72.2616563, 39.4814454 ], [ -72.2625189, 39.4796425 ], [ -72.2627163, 39.4771928 ], [ -72.2620717, 39.474862 ], [ -72.2611528, 39.4735802 ], [ -72.2594869, 39.4719202 ], [ -72.2570923, 39.4702964 ], [ -72.2516071, 39.4677458 ], [ -72.2458551, 39.4657645 ], [ -72.2400148, 39.4633395 ], [ -72.2365173, 39.4622049 ], [ -72.2315709, 39.4602865 ], [ -72.2283789, 39.458664 ], [ -72.2261844, 39.4568097 ], [ -72.2248749, 39.4530365 ], [ -72.2252141, 39.4498792 ], [ -72.2248219, 39.4480553 ], [ -72.2234791, 39.4470142 ], [ -72.2219177, 39.446409 ], [ -72.2164089, 39.4454482 ], [ -72.2148232, 39.4439728 ], [ -72.2131383, 39.4419409 ], [ -72.2120026, 39.4384189 ], [ -72.2102605, 39.4357173 ], [ -72.2028628, 39.4291415 ], [ -72.1925627, 39.4218305 ], [ -72.1892837, 39.4192875 ], [ -72.1863081, 39.4163191 ], [ -72.1832137, 39.4132321 ], [ -72.1819106, 39.411615 ], [ -72.1791744, 39.4092771 ], [ -72.178177, 39.4078012 ], [ -72.1780864, 39.4068523 ], [ -72.1781317, 39.4058683 ], [ -72.1782677, 39.4052357 ], [ -72.1785851, 39.4044626 ], [ -72.1796731, 39.4033731 ], [ -72.1828921, 39.4015104 ], [ -72.1847963, 39.3999991 ], [ -72.1861111, 39.3981715 ], [ -72.186483, 39.396379 ], [ -72.186483, 39.395223 ], [ -72.1862835, 39.3936764 ], [ -72.184887, 39.3922844 ], [ -72.1848661, 39.3922731 ], [ -72.1812961, 39.390351 ], [ -72.1705456, 39.3852487 ], [ -72.1687057, 39.3841059 ], [ -72.1640617, 39.3817893 ], [ -72.1611772, 39.3808566 ], [ -72.1560247, 39.3805236 ], [ -72.1533703, 39.3805237 ], [ -72.1516268, 39.3801854 ], [ -72.1467415, 39.3781003 ], [ -72.1434294, 39.3760808 ], [ -72.1427528, 39.3755556 ], [ -72.1408855, 39.3733008 ], [ -72.1406861, 39.3702066 ], [ -72.1398881, 39.3661838 ], [ -72.1393952, 39.3640424 ], [ -72.1364674, 39.3591336 ], [ -72.1313962, 39.353085 ], [ -72.1279461, 39.3501387 ], [ -72.1221413, 39.3461026 ], [ -72.1208186, 39.345418 ], [ -72.1181345, 39.3429551 ], [ -72.1149196, 39.3390026 ], [ -72.1124602, 39.3347059 ], [ -72.1112468, 39.3277288 ], [ -72.1096492, 39.3252475 ], [ -72.1078163, 39.3232544 ], [ -72.10229, 39.3194392 ], [ -72.0977302, 39.3147369 ], [ -72.0958929, 39.3118825 ], [ -72.0949715, 39.3072975 ], [ -72.0949713, 39.3043256 ], [ -72.0963761, 39.2957728 ], [ -72.096376, 39.2916477 ], [ -72.0954205, 39.2864517 ], [ -72.095263, 39.2835182 ], [ -72.0942174, 39.2809179 ], [ -72.092628, 39.2792711 ], [ -72.0875378, 39.2771112 ], [ -72.0856434, 39.2758491 ], [ -72.0851853, 39.2747812 ], [ -72.0854455, 39.2741743 ], [ -72.0862262, 39.2735676 ], [ -72.088006, 39.2731063 ], [ -72.0926277, 39.2726571 ], [ -72.0945794, 39.272202 ], [ -72.0978322, 39.2709377 ], [ -72.1006634, 39.2706625 ], [ -72.1034323, 39.2709699 ], [ -72.1043899, 39.271342 ], [ -72.1061942, 39.2715173 ], [ -72.1089569, 39.2707502 ], [ -72.1117748, 39.2692168 ], [ -72.112894, 39.2680567 ], [ -72.1165942, 39.2631288 ], [ -72.1179213, 39.2610653 ], [ -72.1183896, 39.2596086 ], [ -72.1183894, 39.2568774 ], [ -72.1171922, 39.2517586 ], [ -72.1163853, 39.2492497 ], [ -72.1161388, 39.2473334 ], [ -72.1149058, 39.2442658 ], [ -72.1135797, 39.2418599 ], [ -72.1128978, 39.2397392 ], [ -72.1133921, 39.236906 ], [ -72.1153827, 39.2338095 ], [ -72.1186484, 39.231401 ], [ -72.1225648, 39.2298778 ], [ -72.126299, 39.2292554 ], [ -72.1299422, 39.2292553 ], [ -72.1352025, 39.2300419 ], [ -72.137999, 39.2308094 ], [ -72.1440468, 39.2330599 ], [ -72.1457123, 39.2333836 ], [ -72.1496826, 39.2333835 ], [ -72.1530283, 39.232245 ], [ -72.1555071, 39.2305579 ], [ -72.1585243, 39.2278757 ], [ -72.1691212, 39.2212491 ], [ -72.1751061, 39.2172176 ], [ -72.1829907, 39.2134519 ], [ -72.1833852, 39.2132635 ], [ -72.186677, 39.2117903 ], [ -72.1893702, 39.2099294 ], [ -72.1921631, 39.207138 ], [ -72.1946069, 39.2038812 ], [ -72.1962029, 39.2031832 ], [ -72.1997939, 39.2024854 ], [ -72.2068642, 39.2016 ], [ -72.210039, 39.2009519 ], [ -72.2112881, 39.2005267 ], [ -72.2119126, 39.2005267 ], [ -72.2157799, 39.1989004 ], [ -72.2268714, 39.192247 ], [ -72.2287458, 39.1909208 ], [ -72.2371863, 39.1819204 ], [ -72.244013, 39.173708 ], [ -72.2451995, 39.1718606 ], [ -72.2483609, 39.1684766 ], [ -72.2554209, 39.1637653 ], [ -72.2559601, 39.163475 ], [ -72.2624208, 39.1599969 ], [ -72.2759262, 39.1513045 ], [ -72.2782292, 39.1501722 ], [ -72.2814335, 39.1491324 ], [ -72.2855814, 39.1482095 ], [ -72.3014824, 39.1479456 ], [ -72.3096056, 39.1460648 ], [ -72.3203624, 39.1429383 ], [ -72.32643, 39.1425444 ], [ -72.3287, 39.1426705 ], [ -72.3305737, 39.1434 ], [ -72.3320658, 39.1442714 ], [ -72.3342611, 39.1463226 ], [ -72.3363937, 39.1492745 ], [ -72.338537, 39.1503907 ], [ -72.3397861, 39.1499044 ], [ -72.3416597, 39.1484454 ], [ -72.3433553, 39.1449593 ], [ -72.3436112, 39.1444331 ], [ -72.3449517, 39.1395589 ], [ -72.3461091, 39.1385358 ], [ -72.3494972, 39.1372103 ], [ -72.3529293, 39.1363192 ], [ -72.3565668, 39.1361168 ], [ -72.3625127, 39.1366311 ], [ -72.367734, 39.13738 ], [ -72.3699199, 39.1373799 ], [ -72.3713251, 39.1368327 ], [ -72.3730165, 39.1342588 ], [ -72.374057, 39.1278945 ], [ -72.3770416, 39.1251112 ], [ -72.3822957, 39.1230047 ], [ -72.3832925, 39.1226051 ], [ -72.3896704, 39.1212049 ], [ -72.3953694, 39.1212047 ], [ -72.3980663, 39.1216247 ], [ -72.4000536, 39.1221775 ], [ -72.4048939, 39.1242693 ], [ -72.4127165, 39.1290622 ], [ -72.4152601, 39.1304362 ], [ -72.421168, 39.1333948 ], [ -72.4245323, 39.134608 ], [ -72.4250246, 39.1347145 ], [ -72.426064, 39.1345655 ], [ -72.4268845, 39.134076 ], [ -72.4270486, 39.1332459 ], [ -72.4265838, 39.1318138 ], [ -72.4264818, 39.1314997 ], [ -72.4238118, 39.124915 ], [ -72.4220688, 39.121812 ], [ -72.4195183, 39.1162982 ], [ -72.4189234, 39.1144446 ], [ -72.4173788, 39.1043272 ], [ -72.417618, 39.1028359 ], [ -72.4187629, 39.1010515 ], [ -72.4202667, 39.0997122 ], [ -72.423348, 39.0990885 ], [ -72.4253649, 39.0993505 ], [ -72.4307802, 39.1012491 ], [ -72.4331995, 39.101626 ], [ -72.4350392, 39.1015065 ], [ -72.4380718, 39.1007975 ], [ -72.4384461, 39.1006487 ], [ -72.4496257, 39.0962042 ], [ -72.45, 39.09618 ] ] ] } },
{ "type": "Feature", "properties": { "RCID": 189, "PRIM": 3, "GRUP": 1, "OBJL": 42, "RVER": 1, "AGEN": 550, "FIDN": 37880898, "FIDS": 50, "LNAM": "0226024204420032", "DRVAL1": 36.5, "DRVAL2": 45.7 }, "geometry": { "type": "Polygon", "coordinates": [ [ [ -73.4983194, 39.5930266 ], [ -73.4952598, 39.5957886 ], [ -73.4913474, 39.6 ], [ -73.4785766, 39.6 ], [ -73.4787245, 39.5999428 ], [ -73.4810665, 39.59801 ], [ -73.4830181, 39.5946277 ], [ -73.4841108, 39.5917285 ], [ -73.4852038, 39.5897955 ], [ -73.4866869, 39.5878625 ], [ -73.4933693, 39.5822968 ], [ -73.4994809, 39.5763573 ], [ -73.5037051, 39.5726986 ], [ -73.5062032, 39.5714297 ], [ -73.5078928, 39.5706767 ], [ -73.509298, 39.5706766 ], [ -73.5102349, 39.5714017 ], [ -73.5102629, 39.5734838 ], [ -73.5098726, 39.5754172 ], [ -73.5060201, 39.5832639 ], [ -73.5029426, 39.5876607 ], [ -73.4983194, 39.5930266 ] ] ] } },
{ "type": "Feature", "properties": { "RCID": 190, "PRIM": 3, "GRUP": 1, "OBJL": 42, "RVER": 1, "AGEN": 550, "FIDN": 87527099, "FIDS": 48294, "LNAM": "022605378EBBBCA6", "DRVAL1": 18.2, "DRVAL2": 27.4 }, "geometry": { "type": "Polygon", "coordinates": [ [ [ -74.2447558, 39.2737438 ], [ -74.2049076, 39.2402828 ], [ -74.2040139, 39.2395323 ], [ -74.1972482, 39.2415763 ], [ -74.1964676, 39.2418039 ], [ -74.1859284, 39.2439442 ], [ -74.1821812, 39.244855 ], [ -74.1781997, 39.2461602 ], [ -74.1714717, 39.2472503 ], [ -74.1660212, 39.2491047 ], [ -74.1634451, 39.250076 ], [ -74.161103, 39.2512294 ], [ -74.159932, 39.2520185 ], [ -74.158683, 39.2526255 ], [ -74.1525871, 39.2565631 ], [ -74.1442841, 39.2607996 ], [ -74.1377612, 39.2630049 ], [ -74.1312659, 39.2647894 ], [ -74.1265976, 39.2664644 ], [ -74.1229285, 39.2681031 ], [ -74.1204303, 39.2690741 ], [ -74.1168393, 39.2707734 ], [ -74.1143411, 39.2716837 ], [ -74.1131701, 39.2722905 ], [ -74.1111404, 39.2741111 ], [ -74.1102818, 39.2760528 ], [ -74.1102818, 39.2775091 ], [ -74.1110626, 39.2799361 ], [ -74.1108285, 39.2818777 ], [ -74.110126, 39.2847899 ], [ -74.108877, 39.2867314 ], [ -74.1069255, 39.2886729 ], [ -74.1011809, 39.2932145 ], [ -74.1007126, 39.2941851 ], [ -74.1010249, 39.2951558 ], [ -74.1019617, 39.296005 ], [ -74.1027184, 39.2964249 ], [ -74.1070039, 39.2971658 ], [ -74.1082531, 39.2975297 ], [ -74.1093461, 39.2983789 ], [ -74.1098926, 39.2993494 ], [ -74.110205, 39.3012905 ], [ -74.1101269, 39.3022609 ], [ -74.109034, 39.3042019 ], [ -74.1071605, 39.3060822 ], [ -74.1059114, 39.3068707 ], [ -74.1034914, 39.3079626 ], [ -74.1022423, 39.3083871 ], [ -74.0997442, 39.308933 ], [ -74.096075, 39.3100248 ], [ -74.0914951, 39.3109145 ], [ -74.0898296, 39.3107528 ], [ -74.0885804, 39.3103889 ], [ -74.0873314, 39.3097825 ], [ -74.0868629, 39.3088121 ], [ -74.0868628, 39.3083269 ], [ -74.0882463, 39.3043407 ], [ -74.0882463, 39.3039768 ], [ -74.0874656, 39.3031276 ], [ -74.0855919, 39.3029457 ], [ -74.0810856, 39.303475 ], [ -74.0773383, 39.3045062 ], [ -74.0748401, 39.3056586 ], [ -74.0724982, 39.3071144 ], [ -74.0700001, 39.3083274 ], [ -74.0647539, 39.3105352 ], [ -74.0637547, 39.3110568 ], [ -74.0612566, 39.3119667 ], [ -74.0576655, 39.3137254 ], [ -74.0552454, 39.3145746 ], [ -74.0527473, 39.3149992 ], [ -74.0515763, 39.3149992 ], [ -74.0503272, 39.314878 ], [ -74.049078, 39.3143928 ], [ -74.0482973, 39.3135438 ], [ -74.0481411, 39.3125735 ], [ -74.0488436, 39.3096017 ], [ -74.0488435, 39.307661 ], [ -74.0479066, 39.3057201 ], [ -74.0462671, 39.3037792 ], [ -74.0453301, 39.3028695 ], [ -74.0440811, 39.3021417 ], [ -74.0429881, 39.3012925 ], [ -74.0422073, 39.300322 ], [ -74.0422073, 39.2993515 ], [ -74.0426756, 39.298381 ], [ -74.0434563, 39.2974103 ], [ -74.0445492, 39.2964398 ], [ -74.0451736, 39.2955904 ], [ -74.0450175, 39.2946199 ], [ -74.0443929, 39.2936493 ], [ -74.0431437, 39.2928001 ], [ -74.0422069, 39.2919508 ], [ -74.0420507, 39.2909801 ], [ -74.0426752, 39.2900095 ], [ -74.0433539, 39.2893062 ], [ -74.051965, 39.2838817 ], [ -74.0541508, 39.2820614 ], [ -74.0551657, 39.2809086 ], [ -74.055556, 39.2798771 ], [ -74.0553997, 39.2779355 ], [ -74.0545409, 39.2771467 ], [ -74.0531134, 39.2768694 ], [ -74.0482955, 39.2775716 ], [ -74.0457973, 39.2780571 ], [ -74.0432992, 39.2790281 ], [ -74.0396301, 39.2813944 ], [ -74.0361172, 39.2839428 ], [ -74.0333068, 39.286673 ], [ -74.0320679, 39.2887 ], [ -74.0303404, 39.2915265 ], [ -74.0288573, 39.2934071 ], [ -74.0251883, 39.2971683 ], [ -74.0228463, 39.2989275 ], [ -74.0191772, 39.3011113 ], [ -74.016679, 39.3022031 ], [ -74.0141809, 39.303113 ], [ -74.0116828, 39.3044475 ], [ -74.0094189, 39.3061459 ], [ -74.0044226, 39.308572 ], [ -74.0019245, 39.3093606 ], [ -73.9994263, 39.3094819 ], [ -73.9981772, 39.3096639 ], [ -73.995679, 39.3102705 ], [ -73.993181, 39.3117261 ], [ -73.9911512, 39.3135456 ], [ -73.9905267, 39.3145159 ], [ -73.9902145, 39.3154862 ], [ -73.9909172, 39.3164565 ], [ -73.9932593, 39.3179119 ], [ -73.9945865, 39.3182756 ], [ -73.9958356, 39.3183969 ], [ -73.9995828, 39.3174872 ], [ -74.000988, 39.3173052 ], [ -74.0022372, 39.3174265 ], [ -74.0034863, 39.3179115 ], [ -74.0041109, 39.3187605 ], [ -74.0045793, 39.3197307 ], [ -74.0047355, 39.320701 ], [ -74.0044233, 39.3216712 ], [ -74.0039549, 39.3226414 ], [ -74.0016911, 39.3255521 ], [ -74.0005202, 39.3274924 ], [ -73.9995054, 39.3294326 ], [ -73.9994273, 39.3304028 ], [ -73.9997396, 39.3313729 ], [ -74.0003642, 39.3323429 ], [ -74.0023161, 39.334283 ], [ -74.0035652, 39.3361624 ], [ -74.0039556, 39.3371929 ], [ -74.0037996, 39.338163 ], [ -73.9998963, 39.3419217 ], [ -73.999428, 39.3428916 ], [ -74.0000671, 39.3438867 ], [ -74.0011601, 39.3443716 ], [ -74.0025508, 39.3444677 ], [ -74.005049, 39.3445282 ], [ -74.006534, 39.3447824 ], [ -74.007627, 39.3455098 ], [ -74.0077034, 39.3467709 ], [ -74.0069228, 39.347559 ], [ -74.0045027, 39.348832 ], [ -74.0020046, 39.3505292 ], [ -74.0001311, 39.3524083 ], [ -73.998882, 39.3533175 ], [ -73.9968523, 39.3551359 ], [ -73.9953691, 39.3570148 ], [ -73.9925589, 39.3628935 ], [ -73.9907525, 39.3678802 ], [ -73.9895538, 39.372347 ], [ -73.9889683, 39.3735589 ], [ -73.9881877, 39.3745284 ], [ -73.9869386, 39.3753767 ], [ -73.9834647, 39.377062 ], [ -73.9820985, 39.3771946 ], [ -73.9808494, 39.3770734 ], [ -73.9771802, 39.3759224 ], [ -73.9746818, 39.3745894 ], [ -73.9739792, 39.3736805 ], [ -73.9739792, 39.372711 ], [ -73.9744475, 39.3717415 ], [ -73.9791607, 39.3675602 ], [ -73.9795998, 39.3670148 ], [ -73.9800681, 39.3660452 ], [ -73.979912, 39.3650756 ], [ -73.9790062, 39.3622637 ], [ -73.9787848, 39.3512874 ], [ -73.9781937, 39.3496814 ], [ -73.9777251, 39.3467719 ], [ -73.9777251, 39.3447715 ], [ -73.9785056, 39.3428316 ], [ -73.9827731, 39.3363752 ], [ -73.9849848, 39.3321614 ], [ -73.9852969, 39.3302213 ], [ -73.9850627, 39.3293118 ], [ -73.9844381, 39.3283417 ], [ -73.982096, 39.3270079 ], [ -73.9797539, 39.3258559 ], [ -73.9786608, 39.3249464 ], [ -73.9778021, 39.3239763 ], [ -73.9771774, 39.3220359 ], [ -73.9770212, 39.3210656 ], [ -73.9760843, 39.3191252 ], [ -73.9752255, 39.3182762 ], [ -73.9739764, 39.3177912 ], [ -73.9712284, 39.31767 ], [ -73.9668982, 39.3187212 ], [ -73.9626566, 39.3203384 ], [ -73.9603927, 39.3217938 ], [ -73.9565935, 39.3253513 ], [ -73.9550843, 39.3265236 ], [ -73.9517534, 39.3281406 ], [ -73.9456121, 39.3302276 ], [ -73.9426717, 39.3316171 ], [ -73.9402516, 39.3330116 ], [ -73.9368948, 39.3358006 ], [ -73.9350993, 39.3376801 ], [ -73.9333819, 39.34059 ], [ -73.9329487, 39.3421735 ], [ -73.932055, 39.3454396 ], [ -73.931899, 39.3473794 ], [ -73.9321333, 39.3483492 ], [ -73.9329141, 39.3502889 ], [ -73.9329475, 39.350358 ], [ -73.9343195, 39.3531983 ], [ -73.9338511, 39.354168 ], [ -73.9329468, 39.3550457 ], [ -73.9329143, 39.3550772 ], [ -73.9305722, 39.356047 ], [ -73.9293232, 39.3562289 ], [ -73.9269032, 39.3570775 ], [ -73.9247954, 39.3588957 ], [ -73.924327, 39.3598654 ], [ -73.9239367, 39.3618048 ], [ -73.9243272, 39.363744 ], [ -73.926201, 39.3666528 ], [ -73.9274502, 39.3675011 ], [ -73.9285431, 39.3678647 ], [ -73.9322905, 39.3685918 ], [ -73.9329449, 39.3686553 ], [ -73.9366623, 39.3690158 ], [ -73.9397069, 39.3687127 ], [ -73.9422052, 39.3688339 ], [ -73.9435323, 39.3693186 ], [ -73.9446253, 39.3700457 ], [ -73.9452499, 39.3710153 ], [ -73.9450939, 39.3729543 ], [ -73.9446255, 39.3739238 ], [ -73.9438448, 39.3748933 ], [ -73.9427519, 39.3758022 ], [ -73.9414249, 39.3777411 ], [ -73.9411907, 39.3787712 ], [ -73.9413469, 39.3797406 ], [ -73.9421276, 39.3806493 ], [ -73.9457189, 39.3833756 ], [ -73.9463436, 39.3844661 ], [ -73.9466559, 39.3854354 ], [ -73.9466559, 39.3864048 ], [ -73.9461876, 39.387374 ], [ -73.9451252, 39.3886931 ], [ -73.9393958, 39.3922205 ], [ -73.93721, 39.3940379 ], [ -73.9336295, 39.3987863 ], [ -73.9329404, 39.3999963 ], [ -73.9308557, 39.4036568 ], [ -73.9295599, 39.4057282 ], [ -73.9274522, 39.4085748 ], [ -73.9265935, 39.4104522 ], [ -73.9247461, 39.4130967 ], [ -73.9242517, 39.4143281 ], [ -73.9231588, 39.4162659 ], [ -73.9217536, 39.4182037 ], [ -73.9194899, 39.4231085 ], [ -73.9191777, 39.4240773 ], [ -73.9190997, 39.4249856 ], [ -73.9194121, 39.4269231 ], [ -73.9198024, 39.4279523 ], [ -73.9202709, 39.428921 ], [ -73.9222228, 39.4317665 ], [ -73.9233158, 39.4337038 ], [ -73.9238524, 39.4350352 ], [ -73.9240966, 39.4356411 ], [ -73.9240966, 39.4366097 ], [ -73.923316, 39.4385469 ], [ -73.9226135, 39.4395154 ], [ -73.9213657, 39.4404186 ], [ -73.9202716, 39.4412105 ], [ -73.9177734, 39.4422396 ], [ -73.9130269, 39.4431599 ], [ -73.9116577, 39.4436465 ], [ -73.9066277, 39.4454342 ], [ -73.9054388, 39.4463562 ], [ -73.9051265, 39.4473246 ], [ -73.9057512, 39.448293 ], [ -73.9067661, 39.4491404 ], [ -73.9073189, 39.4498944 ], [ -73.9076835, 39.4503916 ], [ -73.909987, 39.4529661 ], [ -73.9111388, 39.4565569 ], [ -73.9110033, 39.4595379 ], [ -73.9104743, 39.4605958 ], [ -73.909987, 39.4615704 ], [ -73.904025, 39.4661097 ], [ -73.9024821, 39.4672956 ], [ -73.9015365, 39.4680225 ], [ -73.8994683, 39.4722181 ], [ -73.8982596, 39.4741341 ], [ -73.8961048, 39.4752013 ], [ -73.8941941, 39.4806059 ], [ -73.8940692, 39.4817686 ], [ -73.8938645, 39.4832029 ], [ -73.8935237, 39.4858928 ], [ -73.8928462, 39.4891448 ], [ -73.8900684, 39.4913806 ], [ -73.8883931, 39.4931715 ], [ -73.8881037, 39.4934808 ], [ -73.8860034, 39.4943616 ], [ -73.8841742, 39.4957843 ], [ -73.8813964, 39.4978846 ], [ -73.8796349, 39.5001881 ], [ -73.8778056, 39.5029659 ], [ -73.8746214, 39.5056081 ], [ -73.8717081, 39.5064889 ], [ -73.8687271, 39.5083859 ], [ -73.8657461, 39.5117056 ], [ -73.8629006, 39.5129929 ], [ -73.8594453, 39.5140769 ], [ -73.8593009, 39.5142823 ], [ -73.8589619, 39.5143479 ], [ -73.8572532, 39.5158595 ], [ -73.8556101, 39.5181598 ], [ -73.8554954, 39.5203678 ], [ -73.8553472, 39.5232204 ], [ -73.8538356, 39.5258492 ], [ -73.8502209, 39.528741 ], [ -73.8472634, 39.5309755 ], [ -73.8470663, 39.53229 ], [ -73.8479206, 39.5332101 ], [ -73.8519989, 39.5347369 ], [ -73.8537691, 39.536594 ], [ -73.8540546, 39.5387164 ], [ -73.8553109, 39.5401754 ], [ -73.8577664, 39.5403965 ], [ -73.8596508, 39.5400428 ], [ -73.86085, 39.5390259 ], [ -73.8616494, 39.5366825 ], [ -73.8625631, 39.5335431 ], [ -73.8640882, 39.531107 ], [ -73.8684916, 39.527558 ], [ -73.8730944, 39.5250374 ], [ -73.8740122, 39.5245348 ], [ -73.8808473, 39.5230232 ], [ -73.8847792, 39.5224064 ], [ -73.8861506, 39.5224634 ], [ -73.8876167, 39.5228917 ], [ -73.8889311, 39.5237461 ], [ -73.8898291, 39.5246374 ], [ -73.8901141, 39.5264407 ], [ -73.8882081, 39.5282809 ], [ -73.8873443, 39.5288184 ], [ -73.8852507, 39.5301212 ], [ -73.8794671, 39.533933 ], [ -73.8768383, 39.5359704 ], [ -73.8738151, 39.5393222 ], [ -73.870989, 39.5442514 ], [ -73.8696089, 39.5463545 ], [ -73.8667317, 39.5483103 ], [ -73.8624283, 39.5503897 ], [ -73.8612497, 39.5518469 ], [ -73.8600547, 39.5532535 ], [ -73.8592577, 39.5560828 ], [ -73.857024, 39.5578144 ], [ -73.8521131, 39.5609969 ], [ -73.8476989, 39.5658573 ], [ -73.8445061, 39.5677038 ], [ -73.8407495, 39.5691735 ], [ -73.8367931, 39.5705698 ], [ -73.8359398, 39.5718886 ], [ -73.8364828, 39.5728971 ], [ -73.8406719, 39.573285 ], [ -73.8459199, 39.5731252 ], [ -73.8513501, 39.5712634 ], [ -73.8583319, 39.5697119 ], [ -73.8631468, 39.5696552 ], [ -73.8649258, 39.5696343 ], [ -73.8657114, 39.5699237 ], [ -73.8678737, 39.5707203 ], [ -73.8685667, 39.5724512 ], [ -73.8675583, 39.576873 ], [ -73.8681013, 39.5795106 ], [ -73.8694735, 39.5812283 ], [ -73.8716504, 39.5819653 ], [ -73.8732831, 39.58186 ], [ -73.8744056, 39.5823365 ], [ -73.8745608, 39.5829571 ], [ -73.8735958, 39.5839623 ], [ -73.8592722, 39.5942662 ], [ -73.8577043, 39.5955112 ], [ -73.8566899, 39.5971252 ], [ -73.8565625, 39.5986408 ], [ -73.8566403, 39.5989417 ], [ -73.8567821, 39.5999842 ], [ -73.8567902, 39.6 ], [ -73.9097207, 39.6 ], [ -73.9102451, 39.6 ], [ -74.035907, 39.6 ], [ -74.0365739, 39.5982755 ], [ -74.0374156, 39.5953814 ], [ -74.0393399, 39.5909537 ], [ -74.0417716, 39.5859608 ], [ -74.0428082, 39.5830486 ], [ -74.0444917, 39.578815 ], [ -74.0464557, 39.5742554 ], [ -74.0470318, 39.5719935 ], [ -74.0485282, 39.5695688 ], [ -74.0510533, 39.5672163 ], [ -74.0536721, 39.5656239 ], [ -74.0576632, 39.5632532 ], [ -74.0603754, 39.561552 ], [ -74.0626668, 39.5587649 ], [ -74.0652388, 39.5549643 ], [ -74.0668334, 39.5518728 ], [ -74.0673946, 39.5440892 ], [ -74.0682106, 39.5428432 ], [ -74.0701279, 39.5417571 ], [ -74.0747106, 39.5393675 ], [ -74.0805559, 39.5362899 ], [ -74.0840389, 39.5346791 ], [ -74.0887152, 39.531891 ], [ -74.0923627, 39.5291389 ], [ -74.0950749, 39.5262057 ], [ -74.0967646, 39.5223519 ], [ -74.0980739, 39.5188388 ], [ -74.0988222, 39.5154343 ], [ -74.0991459, 39.5149619 ], [ -74.1008938, 39.5124111 ], [ -74.1035592, 39.5087888 ], [ -74.1060377, 39.5066879 ], [ -74.1098777, 39.5033764 ], [ -74.1109532, 39.5021809 ], [ -74.1108129, 39.4991378 ], [ -74.1100648, 39.4971452 ], [ -74.110018, 39.4955511 ], [ -74.11129, 39.4926744 ], [ -74.1143295, 39.4889425 ], [ -74.1151485, 39.48825 ], [ -74.1178547, 39.4859617 ], [ -74.120941, 39.4841499 ], [ -74.1244482, 39.4834252 ], [ -74.1273474, 39.4824831 ], [ -74.1296037, 39.4805485 ], [ -74.1318015, 39.4783018 ], [ -74.1326901, 39.4765986 ], [ -74.1355006, 39.4703505 ], [ -74.1390584, 39.4630864 ], [ -74.1406952, 39.4591716 ], [ -74.1409757, 39.4577217 ], [ -74.1403678, 39.4568879 ], [ -74.1395729, 39.4561991 ], [ -74.1376089, 39.4562354 ], [ -74.1365333, 39.4567791 ], [ -74.1333535, 39.4585916 ], [ -74.1303326, 39.4612057 ], [ -74.1272462, 39.464033 ], [ -74.125329, 39.4654828 ], [ -74.123365, 39.4667876 ], [ -74.121401, 39.4667151 ], [ -74.1206995, 39.466244 ], [ -74.1207463, 39.4621844 ], [ -74.1210737, 39.4614231 ], [ -74.1213075, 39.459647 ], [ -74.1223021, 39.4570962 ], [ -74.1243596, 39.4542687 ], [ -74.1265107, 39.4519123 ], [ -74.1278201, 39.4510422 ], [ -74.1318167, 39.4485637 ], [ -74.1356512, 39.4470048 ], [ -74.1374749, 39.4453007 ], [ -74.1399066, 39.4436692 ], [ -74.1434247, 39.4395164 ], [ -74.1450614, 39.4376308 ], [ -74.1485218, 39.4341136 ], [ -74.1519822, 39.4309587 ], [ -74.1563311, 39.4276949 ], [ -74.1577807, 39.4263531 ], [ -74.1577341, 39.4250474 ], [ -74.157324, 39.4242581 ], [ -74.1562414, 39.423581 ], [ -74.1531684, 39.4226873 ], [ -74.1518064, 39.4216851 ], [ -74.1479301, 39.4216038 ], [ -74.1433554, 39.4227142 ], [ -74.140041, 39.4241291 ], [ -74.1358853, 39.4262958 ], [ -74.1337201, 39.4271354 ], [ -74.1312058, 39.4270541 ], [ -74.1301581, 39.4261332 ], [ -74.1301232, 39.4250228 ], [ -74.132463, 39.4233978 ], [ -74.1356932, 39.4216208 ], [ -74.1405822, 39.4198332 ], [ -74.1484137, 39.415142 ], [ -74.1536869, 39.4124061 ], [ -74.156514, 39.4108821 ], [ -74.1577362, 39.4094193 ], [ -74.1577363, 39.4061142 ], [ -74.1573522, 39.4055724 ], [ -74.1574228, 39.4028562 ], [ -74.1599022, 39.4004991 ], [ -74.163115, 39.39844 ], [ -74.1663627, 39.3973833 ], [ -74.1697266, 39.3966353 ], [ -74.1752791, 39.3946573 ], [ -74.1767109, 39.3936277 ], [ -74.1829072, 39.3889235 ], [ -74.1890534, 39.3850213 ], [ -74.1907448, 39.3836434 ], [ -74.1944465, 39.380283 ], [ -74.1967748, 39.3780712 ], [ -74.2000923, 39.375632 ], [ -74.203375, 39.3741142 ], [ -74.2084462, 39.3727938 ], [ -74.2169321, 39.3704629 ], [ -74.2239976, 39.3683116 ], [ -74.2297946, 39.3661973 ], [ -74.2359582, 39.3634 ], [ -74.2417203, 39.3606079 ], [ -74.2446878, 39.3595248 ], [ -74.2512182, 39.3567053 ], [ -74.2551293, 39.356136 ], [ -74.2578532, 39.3550516 ], [ -74.258831, 39.3538316 ], [ -74.2589029, 39.3529277 ], [ -74.2580412, 39.3506774 ], [ -74.2564353, 39.3500692 ], [ -74.2548294, 39.3501908 ], [ -74.2477428, 39.3511005 ], [ -74.2418677, 39.3511614 ], [ -74.2406143, 39.3503707 ], [ -74.239361, 39.3493976 ], [ -74.2387074, 39.3478237 ], [ -74.2374932, 39.345999 ], [ -74.2362399, 39.3453603 ], [ -74.232989, 39.3452996 ], [ -74.2316181, 39.3459686 ], [ -74.2279755, 39.3476108 ], [ -74.2235442, 39.3494483 ], [ -74.2188441, 39.3515465 ], [ -74.214379, 39.3530973 ], [ -74.2076351, 39.3572177 ], [ -74.203398, 39.3602625 ], [ -74.1996379, 39.3632117 ], [ -74.1967003, 39.3643366 ], [ -74.1951336, 39.3656136 ], [ -74.1939596, 39.3670808 ], [ -74.1921187, 39.369665 ], [ -74.1908261, 39.3706986 ], [ -74.1875752, 39.3725226 ], [ -74.1845593, 39.3736778 ], [ -74.1826557, 39.3736219 ], [ -74.1800707, 39.3722539 ], [ -74.1776814, 39.3711899 ], [ -74.174078, 39.3709771 ], [ -74.1674195, 39.3713115 ], [ -74.1582012, 39.372592 ], [ -74.1514252, 39.372592 ], [ -74.1480176, 39.3721968 ], [ -74.1475085, 39.3713152 ], [ -74.1475085, 39.3699167 ], [ -74.1490596, 39.3693832 ], [ -74.1553656, 39.3673159 ], [ -74.1627683, 39.3653094 ], [ -74.1679358, 39.3638042 ], [ -74.1706775, 39.3621016 ], [ -74.1734584, 39.3611287 ], [ -74.1760435, 39.3610071 ], [ -74.1770227, 39.3613415 ], [ -74.1848991, 39.3615315 ], [ -74.1879933, 39.3601025 ], [ -74.1900005, 39.3580357 ], [ -74.1901181, 39.3555728 ], [ -74.1896089, 39.3530793 ], [ -74.1867889, 39.3510723 ], [ -74.1831855, 39.3493389 ], [ -74.1821918, 39.3481854 ], [ -74.1817218, 39.345935 ], [ -74.1827402, 39.3435628 ], [ -74.1852861, 39.3417381 ], [ -74.1879495, 39.3412819 ], [ -74.1967891, 39.3370476 ], [ -74.2070172, 39.331831 ], [ -74.2123441, 39.3294584 ], [ -74.215772, 39.3286447 ], [ -74.2166186, 39.3284615 ], [ -74.2205505, 39.3276104 ], [ -74.2239581, 39.3275496 ], [ -74.2250547, 39.3278537 ], [ -74.226218, 39.3278616 ], [ -74.2352781, 39.3279234 ], [ -74.2373931, 39.3272846 ], [ -74.2393124, 39.3258245 ], [ -74.2415449, 39.3234516 ], [ -74.2416232, 39.3223565 ], [ -74.2410749, 39.3212613 ], [ -74.2397432, 39.3194967 ], [ -74.239776, 39.3179105 ], [ -74.2404418, 39.3167848 ], [ -74.2415777, 39.3158721 ], [ -74.2461088, 39.3144888 ], [ -74.254334, 39.3126024 ], [ -74.2608643, 39.3115209 ], [ -74.2708129, 39.3096345 ], [ -74.2761434, 39.3081027 ], [ -74.2811178, 39.3060031 ], [ -74.2831545, 39.3044816 ], [ -74.2851521, 39.3025038 ], [ -74.2864805, 39.3001246 ], [ -74.2864022, 39.2972031 ], [ -74.2850706, 39.294525 ], [ -74.282867, 39.2925084 ], [ -74.2777361, 39.28843 ], [ -74.2751929, 39.2867025 ], [ -74.2720987, 39.2853023 ], [ -74.2668502, 39.2853023 ], [ -74.2652051, 39.2858197 ], [ -74.2624243, 39.2864894 ], [ -74.2581941, 39.2882547 ], [ -74.2531898, 39.2904895 ], [ -74.2445171, 39.2937397 ], [ -74.2394934, 39.2955024 ], [ -74.2336967, 39.2954719 ], [ -74.2326208, 39.2952839 ], [ -74.2266674, 39.2944317 ], [ -74.2231815, 39.2944316 ], [ -74.2210664, 39.2950708 ], [ -74.2183247, 39.2951012 ], [ -74.216758, 39.2944012 ], [ -74.2167971, 39.2934882 ], [ -74.2182072, 39.2915099 ], [ -74.2203615, 39.2906577 ], [ -74.2258449, 39.288862 ], [ -74.2279208, 39.2873401 ], [ -74.2289574, 39.2846905 ], [ -74.2299758, 39.282164 ], [ -74.2335009, 39.2793331 ], [ -74.2371827, 39.276776 ], [ -74.2399245, 39.2755279 ], [ -74.2447558, 39.2737438 ] ], [ [ -74.138651, 39.376204 ], [ -74.1404773, 39.3771962 ], [ -74.1408883, 39.3777986 ], [ -74.1409339, 39.3812004 ], [ -74.1394727, 39.3836453 ], [ -74.1370985, 39.3860901 ], [ -74.1348612, 39.3878616 ], [ -74.1333544, 39.3885348 ], [ -74.1321169, 39.3889035 ], [ -74.1310258, 39.3893851 ], [ -74.129793, 39.3894914 ], [ -74.1279667, 39.3888891 ], [ -74.1272818, 39.3883222 ], [ -74.1267795, 39.3875072 ], [ -74.1268708, 39.3849207 ], [ -74.1279211, 39.3830783 ], [ -74.1301584, 39.3802436 ], [ -74.1333089, 39.3779758 ], [ -74.134907, 39.377019 ], [ -74.1372812, 39.3761685 ], [ -74.138651, 39.376204 ] ] ] } },
{ "type": "Feature", "properties": { "RCID": 191, "PRIM": 3, "GRUP": 1, "OBJL": 42, "RVER": 1, "AGEN": 550, "FIDN": 1862600200, "FIDS": 48294, "LNAM": "02266F050608BCA6", "DRVAL1": 54.8, "DRVAL2": 64.0 }, "geometry": { "type": "Polygon", "coordinates": [ [ [ -72.9739713, 39.6 ], [ -72.9394683, 39.6 ], [ -72.890604, 39.6 ], [ -72.8611938, 39.6 ], [ -72.8615964, 39.5995129 ], [ -72.8637567, 39.5977015 ], [ -72.8642722, 39.5968226 ], [ -72.864013, 39.596159 ], [ -72.8633353, 39.5953731 ], [ -72.8617739, 39.5947692 ], [ -72.8602125, 39.5944068 ], [ -72.8586511, 39.5938029 ], [ -72.8555283, 39.5923533 ], [ -72.8524055, 39.591387 ], [ -72.850688, 39.5910246 ], [ -72.8491266, 39.5909039 ], [ -72.8475652, 39.5911456 ], [ -72.8460039, 39.5916288 ], [ -72.8405393, 39.5941658 ], [ -72.8397586, 39.594649 ], [ -72.8383534, 39.5957363 ], [ -72.8367921, 39.5965819 ], [ -72.8352308, 39.5971859 ], [ -72.8303906, 39.5996623 ], [ -72.829597, 39.6 ], [ -72.8225194, 39.6 ], [ -72.8224276, 39.5999645 ], [ -72.8211785, 39.5986358 ], [ -72.82071, 39.5972468 ], [ -72.8204757, 39.5948308 ], [ -72.8208659, 39.5924148 ], [ -72.8219274, 39.5883677 ], [ -72.8221925, 39.5822062 ], [ -72.8224266, 39.5791252 ], [ -72.8227389, 39.5779773 ], [ -72.8226605, 39.5730836 ], [ -72.8233252, 39.5675597 ], [ -72.8233252, 39.5597414 ], [ -72.8236745, 39.5540492 ], [ -72.8238305, 39.5528404 ], [ -72.8239085, 39.5504229 ], [ -72.8238303, 39.5480054 ], [ -72.8234398, 39.5455878 ], [ -72.8222686, 39.5431701 ], [ -72.8213318, 39.5419612 ], [ -72.8200826, 39.5407523 ], [ -72.817116, 39.5385763 ], [ -72.8160229, 39.5372464 ], [ -72.8158667, 39.5359165 ], [ -72.8164912, 39.5347075 ], [ -72.8178964, 39.5334984 ], [ -72.8194577, 39.5325311 ], [ -72.8207067, 39.5310801 ], [ -72.8210189, 39.529871 ], [ -72.8207066, 39.5286618 ], [ -72.8177399, 39.5264855 ], [ -72.8166468, 39.5250345 ], [ -72.8164907, 39.5235834 ], [ -72.8173493, 39.5223136 ], [ -72.8187544, 39.519895 ], [ -72.8191447, 39.5187462 ], [ -72.8193008, 39.5175369 ], [ -72.8197692, 39.5163275 ], [ -72.8210181, 39.5151181 ], [ -72.8225014, 39.5145134 ], [ -72.8256242, 39.5143923 ], [ -72.8271856, 39.5140899 ], [ -72.8303082, 39.51282 ], [ -72.8317914, 39.5119733 ], [ -72.8333528, 39.511308 ], [ -72.8364755, 39.5095542 ], [ -72.8400085, 39.5072288 ], [ -72.8408133, 39.5067906 ], [ -72.8487247, 39.5024836 ], [ -72.8495905, 39.5018128 ], [ -72.8521258, 39.4994004 ], [ -72.854899, 39.4977602 ], [ -72.8563822, 39.496732 ], [ -72.8595049, 39.4953407 ], [ -72.8627057, 39.4947962 ], [ -72.868873, 39.4942516 ], [ -72.8704344, 39.4941911 ], [ -72.8735571, 39.4934651 ], [ -72.8766799, 39.4926182 ], [ -72.8798025, 39.4917108 ], [ -72.8813638, 39.4911663 ], [ -72.8864381, 39.4891095 ], [ -72.887235, 39.488739 ], [ -72.8919028, 39.4865686 ], [ -72.8965088, 39.4846326 ], [ -72.8980701, 39.4840881 ], [ -72.9011928, 39.4825755 ], [ -72.9056426, 39.4802159 ], [ -72.9087653, 39.4788244 ], [ -72.9102485, 39.4779168 ], [ -72.9118879, 39.4771302 ], [ -72.9197986, 39.4735804 ], [ -72.9239882, 39.4719869 ], [ -72.9268022, 39.4704629 ], [ -72.926961, 39.4700018 ], [ -72.9283669, 39.4659194 ], [ -72.9290623, 39.4651492 ], [ -72.9309359, 39.4635153 ], [ -72.9345936, 39.4605875 ], [ -72.9356909, 39.4594126 ], [ -72.9361355, 39.4589366 ], [ -72.9364303, 39.4572505 ], [ -72.936088, 39.4564346 ], [ -72.9343705, 39.4557084 ], [ -72.9330868, 39.4553625 ], [ -72.9311574, 39.455184 ], [ -72.9299191, 39.4549835 ], [ -72.9289127, 39.4544279 ], [ -72.928203, 39.4535902 ], [ -72.9278126, 39.4524403 ], [ -72.9278124, 39.4487483 ], [ -72.9281245, 39.4463271 ], [ -72.928671, 39.4439059 ], [ -72.9287489, 39.441424 ], [ -72.9281243, 39.4400923 ], [ -72.9270312, 39.4388816 ], [ -72.9254698, 39.437792 ], [ -72.9237523, 39.4373077 ], [ -72.9221909, 39.4370657 ], [ -72.9205515, 39.4370657 ], [ -72.9174287, 39.4377317 ], [ -72.9158674, 39.4381555 ], [ -72.9130571, 39.4399717 ], [ -72.9115292, 39.4413726 ], [ -72.9094661, 39.4445723 ], [ -72.9088237, 39.4459006 ], [ -72.9083598, 39.4468599 ], [ -72.9057876, 39.4493645 ], [ -72.9054469, 39.4494689 ], [ -72.9038454, 39.4499595 ], [ -72.9007228, 39.4506254 ], [ -72.8992395, 39.4511096 ], [ -72.8976782, 39.451715 ], [ -72.8961168, 39.4525623 ], [ -72.8947117, 39.4535307 ], [ -72.8936188, 39.4547412 ], [ -72.8929943, 39.4559517 ], [ -72.8925259, 39.4571621 ], [ -72.8922138, 39.4595829 ], [ -72.8919016, 39.4607932 ], [ -72.8906525, 39.4620036 ], [ -72.8892473, 39.4630929 ], [ -72.8845634, 39.4649085 ], [ -72.8814406, 39.4658768 ], [ -72.8783179, 39.4670871 ], [ -72.8769128, 39.4682974 ], [ -72.875976, 39.469447 ], [ -72.8754622, 39.4705206 ], [ -72.8750783, 39.4713228 ], [ -72.8747272, 39.4744692 ], [ -72.8741027, 39.4756793 ], [ -72.8733221, 39.4767684 ], [ -72.8719169, 39.4778574 ], [ -72.8703555, 39.4787045 ], [ -72.8687942, 39.4792491 ], [ -72.8638203, 39.481505 ], [ -72.8611437, 39.4823953 ], [ -72.858021, 39.4832423 ], [ -72.8548983, 39.4842104 ], [ -72.8533369, 39.4845734 ], [ -72.8502142, 39.484997 ], [ -72.8470915, 39.4849971 ], [ -72.8439688, 39.4856626 ], [ -72.8425636, 39.4864491 ], [ -72.8411584, 39.487659 ], [ -72.8397377, 39.4892319 ], [ -72.8344517, 39.4955334 ], [ -72.8328837, 39.4970956 ], [ -72.8313224, 39.4983053 ], [ -72.8299953, 39.4991521 ], [ -72.82866, 39.4997373 ], [ -72.8222666, 39.5025393 ], [ -72.819144, 39.5040514 ], [ -72.8133089, 39.5075193 ], [ -72.8118058, 39.5088293 ], [ -72.8088393, 39.5110064 ], [ -72.8072779, 39.5119741 ], [ -72.8057166, 39.5126392 ], [ -72.802594, 39.5134255 ], [ -72.8010326, 39.5136675 ], [ -72.7994712, 39.5137884 ], [ -72.7979098, 39.5137885 ], [ -72.7963485, 39.5141513 ], [ -72.7932259, 39.5151794 ], [ -72.7855753, 39.5185053 ], [ -72.7824526, 39.5194124 ], [ -72.7793299, 39.5199567 ], [ -72.7779247, 39.5205614 ], [ -72.7763634, 39.5215289 ], [ -72.7742816, 39.5218515 ], [ -72.7685566, 39.5219524 ], [ -72.7669952, 39.5221338 ], [ -72.7654338, 39.5224362 ], [ -72.7621551, 39.5238269 ], [ -72.7604375, 39.5243106 ], [ -72.75872, 39.5241898 ], [ -72.7570025, 39.5234643 ], [ -72.7563778, 39.5220132 ], [ -72.7571585, 39.5208039 ], [ -72.7587198, 39.5200783 ], [ -72.7599688, 39.518748 ], [ -72.7598127, 39.5175386 ], [ -72.7587197, 39.5164503 ], [ -72.7571582, 39.5156038 ], [ -72.755753, 39.5144549 ], [ -72.7557528, 39.5120361 ], [ -72.7555966, 39.5108871 ], [ -72.754972, 39.5096777 ], [ -72.7540351, 39.5084682 ], [ -72.7524737, 39.5075006 ], [ -72.7508342, 39.5069564 ], [ -72.7477114, 39.5062308 ], [ -72.7446667, 39.5050818 ], [ -72.7431053, 39.5042351 ], [ -72.741544, 39.5032675 ], [ -72.7402167, 39.5019975 ], [ -72.7402122, 39.5006329 ], [ -72.7407738, 39.4998504 ], [ -72.7416724, 39.4993287 ], [ -72.7440419, 39.4983079 ], [ -72.7454471, 39.4972191 ], [ -72.7462277, 39.4960095 ], [ -72.7471644, 39.4947997 ], [ -72.7487257, 39.4937713 ], [ -72.7518484, 39.4926824 ], [ -72.7565324, 39.4905047 ], [ -72.7643391, 39.4872984 ], [ -72.7690231, 39.4852414 ], [ -72.7719115, 39.4832449 ], [ -72.7732386, 39.4820954 ], [ -72.7741754, 39.4808855 ], [ -72.7747999, 39.4796755 ], [ -72.7758927, 39.4784654 ], [ -72.777454, 39.4772553 ], [ -72.7790154, 39.4762872 ], [ -72.7805767, 39.4758031 ], [ -72.783005, 39.4747108 ], [ -72.7839248, 39.4737746 ], [ -72.7852607, 39.4724147 ], [ -72.7879929, 39.4699943 ], [ -72.7896324, 39.4691471 ], [ -72.7911156, 39.468542 ], [ -72.7942383, 39.4675738 ], [ -72.7957997, 39.4672711 ], [ -72.8004837, 39.4659397 ], [ -72.802045, 39.4655766 ], [ -72.8067291, 39.4640636 ], [ -72.8114131, 39.4624296 ], [ -72.8161753, 39.4612796 ], [ -72.8222645, 39.4587377 ], [ -72.8302273, 39.4557115 ], [ -72.8341287, 39.4545015 ], [ -72.838034, 39.4532903 ], [ -72.8395953, 39.4529272 ], [ -72.8442012, 39.4509297 ], [ -72.8473239, 39.4497797 ], [ -72.8489633, 39.4494164 ], [ -72.8520861, 39.4489321 ], [ -72.8536474, 39.4483268 ], [ -72.8550526, 39.4473583 ], [ -72.8559894, 39.4461477 ], [ -72.8570822, 39.444937 ], [ -72.8584874, 39.4438475 ], [ -72.8600487, 39.443 ], [ -72.8646547, 39.4408812 ], [ -72.8662161, 39.4403363 ], [ -72.8693387, 39.4394887 ], [ -72.870822, 39.4387622 ], [ -72.872071, 39.4376725 ], [ -72.8737884, 39.4367039 ], [ -72.8753498, 39.4362195 ], [ -72.8768331, 39.4359774 ], [ -72.8799558, 39.4357956 ], [ -72.8843834, 39.4350604 ], [ -72.8858064, 39.4343246 ], [ -72.8870599, 39.4336765 ], [ -72.8880016, 39.4328192 ], [ -72.8906509, 39.4304072 ], [ -72.8922123, 39.4294384 ], [ -72.8937736, 39.428954 ], [ -72.8987699, 39.4281788 ], [ -72.9078258, 39.4282875 ], [ -72.9109486, 39.4285297 ], [ -72.9140714, 39.4285901 ], [ -72.917194, 39.4281057 ], [ -72.9218782, 39.4282266 ], [ -72.9250009, 39.4281054 ], [ -72.9265622, 39.4278632 ], [ -72.9281236, 39.4273788 ], [ -72.9296849, 39.4265311 ], [ -72.9315584, 39.4241697 ], [ -72.9342127, 39.4219898 ], [ -72.935774, 39.4210815 ], [ -72.9373353, 39.4203548 ], [ -72.9388967, 39.4197492 ], [ -72.9420194, 39.4192042 ], [ -72.9435808, 39.4191436 ], [ -72.9451421, 39.4191435 ], [ -72.9513876, 39.4197488 ], [ -72.9545104, 39.4196882 ], [ -72.9576331, 39.4195064 ], [ -72.9591944, 39.4192642 ], [ -72.9607558, 39.4189008 ], [ -72.9640346, 39.4176291 ], [ -72.9654398, 39.4169629 ], [ -72.9665327, 39.4156307 ], [ -72.9662203, 39.413935 ], [ -72.9646589, 39.4127239 ], [ -72.9629414, 39.4123001 ], [ -72.9598186, 39.4117552 ], [ -72.9566958, 39.4113313 ], [ -72.9535731, 39.4110892 ], [ -72.9473276, 39.4112105 ], [ -72.9395208, 39.4115741 ], [ -72.9348367, 39.4119982 ], [ -72.931714, 39.4126038 ], [ -72.9301527, 39.4130278 ], [ -72.9285913, 39.4135729 ], [ -72.92703, 39.4144207 ], [ -72.925781, 39.4155108 ], [ -72.9240635, 39.4167219 ], [ -72.9210189, 39.4182965 ], [ -72.9145393, 39.419871 ], [ -72.9126657, 39.41975 ], [ -72.9111042, 39.4191446 ], [ -72.9098552, 39.4181757 ], [ -72.9094309, 39.4177974 ], [ -72.9090914, 39.4171642 ], [ -72.9090744, 39.4164802 ], [ -72.9104795, 39.415269 ], [ -72.9120408, 39.4146634 ], [ -72.9159443, 39.4140578 ], [ -72.9182863, 39.413331 ], [ -72.9198477, 39.4129675 ], [ -72.921409, 39.412483 ], [ -72.9245316, 39.4112112 ], [ -72.926093, 39.4104239 ], [ -72.9287472, 39.4080618 ], [ -72.9303085, 39.4069111 ], [ -72.9318698, 39.405942 ], [ -72.9333531, 39.405518 ], [ -72.9349925, 39.4052152 ], [ -72.9365539, 39.4047305 ], [ -72.937959, 39.4036403 ], [ -72.9388178, 39.402429 ], [ -72.9400667, 39.4000062 ], [ -72.9425154, 39.3976844 ], [ -72.9441536, 39.3961312 ], [ -72.9464681, 39.395039 ], [ -72.9480294, 39.3944332 ], [ -72.9511521, 39.3934639 ], [ -72.9542747, 39.3923129 ], [ -72.955758, 39.3915254 ], [ -72.9573194, 39.3905561 ], [ -72.9585983, 39.3894469 ], [ -72.9599736, 39.388254 ], [ -72.9609104, 39.3872846 ], [ -72.9636009, 39.3859293 ], [ -72.9698911, 39.3821842 ], [ -72.9751184, 39.3796505 ], [ -72.9766797, 39.3790446 ], [ -72.9798024, 39.3782569 ], [ -72.9813638, 39.3779539 ], [ -72.9814057, 39.3779482 ], [ -72.9843861, 39.3775427 ], [ -72.9867504, 39.3769843 ], [ -72.9882337, 39.3762571 ], [ -72.9896389, 39.3750453 ], [ -72.9920589, 39.3726215 ], [ -72.9927614, 39.3714096 ], [ -72.9936201, 39.3701977 ], [ -72.9965867, 39.368016 ], [ -73.000645, 39.3644068 ], [ -73.0022854, 39.3638951 ], [ -73.0038468, 39.3638951 ], [ -73.0054081, 39.3636526 ], [ -73.0069695, 39.3632889 ], [ -73.0085308, 39.3628041 ], [ -73.0093895, 39.3623374 ], [ -73.0159471, 39.357713 ], [ -73.0189917, 39.3558947 ], [ -73.0218801, 39.3538339 ], [ -73.023051, 39.3527429 ], [ -73.0239878, 39.3515306 ], [ -73.0250807, 39.3503183 ], [ -73.0264859, 39.3492272 ], [ -73.0296086, 39.3479542 ], [ -73.0327312, 39.3464993 ], [ -73.0342926, 39.3457112 ], [ -73.0374152, 39.3439532 ], [ -73.0405378, 39.3426195 ], [ -73.0436605, 39.3417707 ], [ -73.0483446, 39.3409219 ], [ -73.049906, 39.3404368 ], [ -73.0530286, 39.3392243 ], [ -73.0589617, 39.3361323 ], [ -73.060523, 39.335041 ], [ -73.0616159, 39.3339496 ], [ -73.063021, 39.3328582 ], [ -73.0642701, 39.3316456 ], [ -73.0658314, 39.330433 ], [ -73.0673927, 39.3295841 ], [ -73.0687198, 39.3284927 ], [ -73.0718425, 39.3268554 ], [ -73.0769949, 39.3246725 ], [ -73.0778537, 39.3240054 ], [ -73.0791026, 39.3227927 ], [ -73.0810543, 39.320367 ], [ -73.0838646, 39.3179413 ], [ -73.0848487, 39.3173588 ], [ -73.085504, 39.316971 ], [ -73.0870653, 39.3162432 ], [ -73.0918274, 39.3143025 ], [ -73.0947939, 39.3128469 ], [ -73.0978385, 39.3111487 ], [ -73.0993217, 39.3100569 ], [ -73.1018198, 39.3077523 ], [ -73.1025224, 39.3065391 ], [ -73.1033811, 39.3053261 ], [ -73.1054108, 39.3028999 ], [ -73.108299, 39.2980472 ], [ -73.1100164, 39.2944075 ], [ -73.1108749, 39.2919203 ], [ -73.1119678, 39.2894936 ], [ -73.1126703, 39.2882196 ], [ -73.1148562, 39.2859141 ], [ -73.1165736, 39.2849433 ], [ -73.1185159, 39.2844353 ], [ -73.1191481, 39.2842782 ], [ -73.1208673, 39.2838511 ], [ -73.123912, 39.2832443 ], [ -73.1270346, 39.2830015 ], [ -73.1293767, 39.2830015 ], [ -73.1334987, 39.2823606 ], [ -73.1349976, 39.2815451 ], [ -73.1365589, 39.280453 ], [ -73.1371053, 39.2798462 ], [ -73.1419359, 39.27322 ], [ -73.1426478, 39.2718365 ], [ -73.1449897, 39.2681954 ], [ -73.1463167, 39.2657679 ], [ -73.1523275, 39.2573316 ], [ -73.1555812, 39.2525073 ], [ -73.1557623, 39.2509582 ], [ -73.1542008, 39.2498657 ], [ -73.1526394, 39.2498657 ], [ -73.1495168, 39.2504122 ], [ -73.1466283, 39.2518083 ], [ -73.1452231, 39.2529617 ], [ -73.1360894, 39.2584246 ], [ -73.1346842, 39.2595779 ], [ -73.1335913, 39.2607917 ], [ -73.1319354, 39.2618217 ], [ -73.1242455, 39.2627861 ], [ -73.114777, 39.2657688 ], [ -73.1114202, 39.2669827 ], [ -73.1098589, 39.2672254 ], [ -73.1087859, 39.2670983 ], [ -73.1082394, 39.266771 ], [ -73.1079852, 39.2666187 ], [ -73.1079518, 39.2663072 ], [ -73.1078289, 39.2651621 ], [ -73.1083285, 39.263997 ], [ -73.1098586, 39.2624917 ], [ -73.112747, 39.2603675 ], [ -73.1158697, 39.2584859 ], [ -73.1189143, 39.2570292 ], [ -73.1204756, 39.2564828 ], [ -73.1234421, 39.2546619 ], [ -73.1246911, 39.25363 ], [ -73.1259402, 39.2524159 ], [ -73.1275794, 39.2475598 ], [ -73.1285942, 39.2463457 ], [ -73.1301555, 39.245253 ], [ -73.1315607, 39.2444031 ], [ -73.1331221, 39.243796 ], [ -73.1360885, 39.2419746 ], [ -73.1371814, 39.2407604 ], [ -73.137806, 39.2395462 ], [ -73.1387427, 39.2371177 ], [ -73.1404599, 39.2334748 ], [ -73.1412405, 39.2322605 ], [ -73.1422195, 39.2309361 ], [ -73.143036, 39.2298317 ], [ -73.1443631, 39.2287387 ], [ -73.1471673, 39.226931 ], [ -73.1472126, 39.2269018 ], [ -73.1507646, 39.2255203 ], [ -73.1523259, 39.225156 ], [ -73.1532661, 39.2250645 ], [ -73.1554486, 39.2248522 ], [ -73.1601328, 39.2241234 ], [ -73.1648167, 39.2226659 ], [ -73.1663781, 39.2220586 ], [ -73.1689432, 39.2204623 ], [ -73.173482, 39.2165929 ], [ -73.1757459, 39.2143457 ], [ -73.1776975, 39.2119163 ], [ -73.1818349, 39.207118 ], [ -73.185738, 39.2010438 ], [ -73.187143, 39.1973991 ], [ -73.1874553, 39.1961841 ], [ -73.1879236, 39.1949084 ], [ -73.189641, 39.1924783 ], [ -73.1907339, 39.1913239 ], [ -73.194429, 39.1884482 ], [ -73.1955219, 39.1872331 ], [ -73.1973693, 39.1831824 ], [ -73.1986963, 39.180752 ], [ -73.2004918, 39.1783214 ], [ -73.2004455, 39.1744181 ], [ -73.1955378, 39.1735258 ], [ -73.1855738, 39.1726335 ], [ -73.1699586, 39.1707002 ], [ -73.1601433, 39.1693618 ], [ -73.1573726, 39.166667 ], [ -73.1651732, 39.166667 ], [ -73.1678802, 39.166667 ], [ -73.2159843, 39.166667 ], [ -73.2182932, 39.166667 ], [ -73.252992, 39.166667 ], [ -73.2972158, 39.166667 ], [ -73.2984953, 39.166667 ], [ -73.2997932, 39.166667 ], [ -73.3825767, 39.166667 ], [ -73.3764298, 39.1694425 ], [ -73.3718274, 39.17084 ], [ -73.3687047, 39.1717516 ], [ -73.3659724, 39.1728455 ], [ -73.3632301, 39.1740129 ], [ -73.3595398, 39.1757911 ], [ -73.3559298, 39.1779126 ], [ -73.3542457, 39.1788629 ], [ -73.3511895, 39.181002 ], [ -73.3440713, 39.1866779 ], [ -73.3409913, 39.1901024 ], [ -73.3395861, 39.1913175 ], [ -73.3374003, 39.1937476 ], [ -73.3338093, 39.1972711 ], [ -73.3283448, 39.201645 ], [ -73.3259248, 39.2041355 ], [ -73.3240513, 39.2066258 ], [ -73.3233487, 39.2078406 ], [ -73.322412, 39.2102702 ], [ -73.3220998, 39.2114849 ], [ -73.3221, 39.2139142 ], [ -73.3225684, 39.2163435 ], [ -73.32413, 39.2187727 ], [ -73.325223, 39.2199871 ], [ -73.327409, 39.2222946 ], [ -73.3288923, 39.2233876 ], [ -73.33148, 39.2259569 ], [ -73.3325618, 39.2270309 ], [ -73.3333425, 39.2282453 ], [ -73.3344356, 39.230674 ], [ -73.3345918, 39.2318884 ], [ -73.3345919, 39.2343171 ], [ -73.3336553, 39.2379598 ], [ -73.3317819, 39.2428166 ], [ -73.3295962, 39.2476732 ], [ -73.3275666, 39.2513153 ], [ -73.3260054, 39.2537434 ], [ -73.3239757, 39.2561713 ], [ -73.3171842, 39.2635759 ], [ -73.315779, 39.2660036 ], [ -73.3132811, 39.2726789 ], [ -73.3124227, 39.2793535 ], [ -73.312423, 39.2837221 ], [ -73.3108619, 39.289061 ], [ -73.3086761, 39.2926404 ], [ -73.3063342, 39.2956129 ], [ -73.2991934, 39.3031794 ], [ -73.2898628, 39.3142946 ], [ -73.2875208, 39.3167204 ], [ -73.2797144, 39.3275142 ], [ -73.2768262, 39.3323648 ], [ -73.2763357, 39.3333172 ], [ -73.2755772, 39.33479 ], [ -73.2713619, 39.342065 ], [ -73.2685516, 39.3457022 ], [ -73.2671465, 39.3467934 ], [ -73.2664439, 39.3479451 ], [ -73.2646485, 39.3516426 ], [ -73.2635557, 39.3552186 ], [ -73.2624629, 39.357643 ], [ -73.2609797, 39.3600673 ], [ -73.2591842, 39.3624915 ], [ -73.2566862, 39.3648551 ], [ -73.2492188, 39.3709277 ], [ -73.244957, 39.3753386 ], [ -73.244363, 39.375881 ], [ -73.2438897, 39.3763132 ], [ -73.2381428, 39.3815608 ], [ -73.2367016, 39.3832759 ], [ -73.2364541, 39.3839818 ], [ -73.2367016, 39.3844876 ], [ -73.2372271, 39.3851806 ], [ -73.2379508, 39.3853963 ], [ -73.2410735, 39.3853962 ], [ -73.2419424, 39.3856901 ], [ -73.2423227, 39.3863049 ], [ -73.2423227, 39.3875165 ], [ -73.2418544, 39.3887281 ], [ -73.2409176, 39.3899397 ], [ -73.2326427, 39.3969668 ], [ -73.2317059, 39.3981783 ], [ -73.231421, 39.3989129 ], [ -73.2315499, 39.3993897 ], [ -73.2320708, 39.3999092 ], [ -73.2329552, 39.4001165 ], [ -73.2345165, 39.4001165 ], [ -73.2360778, 39.3996318 ], [ -73.2403715, 39.3967848 ], [ -73.2427916, 39.3953916 ], [ -73.2476539, 39.3916185 ], [ -73.2499736, 39.3907876 ], [ -73.2509083, 39.3909206 ], [ -73.2513788, 39.3912721 ], [ -73.2514888, 39.3919207 ], [ -73.2513789, 39.3924837 ], [ -73.2509887, 39.3936953 ], [ -73.2495055, 39.3961183 ], [ -73.2467732, 39.3997527 ], [ -73.2456804, 39.4021755 ], [ -73.2459147, 39.4033868 ], [ -73.24732, 39.404477 ], [ -73.2488814, 39.4047192 ], [ -73.2504427, 39.4044769 ], [ -73.2536435, 39.4036288 ], [ -73.2552829, 39.4035077 ], [ -73.2568443, 39.4037499 ], [ -73.257464, 39.4042275 ], [ -73.257625, 39.4048401 ], [ -73.2566883, 39.4060514 ], [ -73.2553612, 39.407081 ], [ -73.2523946, 39.4089585 ], [ -73.2446661, 39.4135009 ], [ -73.2415434, 39.415136 ], [ -73.2368595, 39.417195 ], [ -73.2340491, 39.4188906 ], [ -73.2310044, 39.4204045 ], [ -73.2260355, 39.4226452 ], [ -73.217456, 39.4265141 ], [ -73.2173651, 39.4265551 ], [ -73.2154693, 39.4276709 ], [ -73.2123466, 39.4297901 ], [ -73.2120849, 39.429941 ], [ -73.2062575, 39.4333017 ], [ -73.2032128, 39.4346942 ], [ -73.2018857, 39.4356023 ], [ -73.2000815, 39.436302 ], [ -73.1943132, 39.4395375 ], [ -73.1911907, 39.4411115 ], [ -73.1851015, 39.444562 ], [ -73.1821349, 39.446378 ], [ -73.1805736, 39.4474676 ], [ -73.1777633, 39.4497678 ], [ -73.17628, 39.4506152 ], [ -73.1747187, 39.4513415 ], [ -73.1700346, 39.4527942 ], [ -73.166912, 39.4535206 ], [ -73.1591052, 39.4558812 ], [ -73.1559826, 39.4564865 ], [ -73.146417, 39.4590822 ], [ -73.1410791, 39.461478 ], [ -73.1391981, 39.4626598 ], [ -73.1362317, 39.4648989 ], [ -73.1334994, 39.467259 ], [ -73.1334793, 39.4672789 ], [ -73.1287374, 39.4719789 ], [ -73.1256149, 39.4756093 ], [ -73.1238194, 39.4780294 ], [ -73.1213995, 39.4816596 ], [ -73.119526, 39.4839585 ], [ -73.1176524, 39.4870438 ], [ -73.1160496, 39.4899101 ], [ -73.1134805, 39.4945044 ], [ -73.1096901, 39.4996861 ], [ -73.1083631, 39.5021054 ], [ -73.1052406, 39.5068833 ], [ -73.1004788, 39.5153496 ], [ -73.0988395, 39.5177684 ], [ -73.096966, 39.5201266 ], [ -73.0955609, 39.5225452 ], [ -73.0935478, 39.5254409 ], [ -73.0922823, 39.5272612 ], [ -73.0902527, 39.5309492 ], [ -73.0861026, 39.5373311 ], [ -73.0847883, 39.5393521 ], [ -73.0835394, 39.54177 ], [ -73.0796362, 39.5478144 ], [ -73.0775285, 39.5514408 ], [ -73.0744843, 39.5587535 ], [ -73.0742331, 39.5597256 ], [ -73.0693322, 39.568301 ], [ -73.0683955, 39.5707179 ], [ -73.0679158, 39.5725747 ], [ -73.0628534, 39.5850966 ], [ -73.0616045, 39.588721 ], [ -73.0609801, 39.5911372 ], [ -73.0597879, 39.5943932 ], [ -73.0596531, 39.5947613 ], [ -73.0593409, 39.5971772 ], [ -73.0587482, 39.6 ], [ -73.0468665, 39.6 ], [ -73.0426858, 39.6 ], [ -73.0427692, 39.5994841 ], [ -73.0430247, 39.5979025 ], [ -73.0431807, 39.5954866 ], [ -73.0431025, 39.5930706 ], [ -73.0432584, 39.5894464 ], [ -73.0438048, 39.5858221 ], [ -73.0445853, 39.5834057 ], [ -73.0456706, 39.5812206 ], [ -73.0465056, 39.5795394 ], [ -73.0516109, 39.572531 ], [ -73.0528599, 39.5701142 ], [ -73.0534062, 39.5683015 ], [ -73.0534062, 39.5658845 ], [ -73.0544989, 39.5616547 ], [ -73.0554356, 39.5592374 ], [ -73.0562162, 39.5580288 ], [ -73.0587143, 39.5557323 ], [ -73.0602756, 39.5550071 ], [ -73.0616808, 39.5540401 ], [ -73.0622012, 39.5532342 ], [ -73.0634761, 39.5479358 ], [ -73.0650373, 39.5455181 ], [ -73.0669889, 39.5432212 ], [ -73.0693309, 39.5409241 ], [ -73.0710482, 39.5385062 ], [ -73.0719069, 39.5360882 ], [ -73.0729216, 39.5325215 ], [ -73.0731751, 39.5305572 ], [ -73.0735459, 39.527685 ], [ -73.0738581, 39.5264758 ], [ -73.0741703, 39.5258712 ], [ -73.0741588, 39.5254691 ], [ -73.0753569, 39.5226876 ], [ -73.0768974, 39.5201709 ], [ -73.0789513, 39.5172568 ], [ -73.080834, 39.5144749 ], [ -73.0815672, 39.513381 ], [ -73.0817943, 39.5130422 ], [ -73.0854112, 39.5060372 ], [ -73.0888459, 39.5011383 ], [ -73.0902511, 39.4987189 ], [ -73.0906413, 39.4975092 ], [ -73.0911096, 39.4950898 ], [ -73.0920461, 39.487831 ], [ -73.0927486, 39.4854112 ], [ -73.094466, 39.4831123 ], [ -73.0968859, 39.4806923 ], [ -73.0978227, 39.4794823 ], [ -73.0981621, 39.4787307 ], [ -73.0989155, 39.4770622 ], [ -73.099462, 39.474642 ], [ -73.0996178, 39.4685913 ], [ -73.0999299, 39.4661708 ], [ -73.1004762, 39.4637503 ], [ -73.1010227, 39.4626005 ], [ -73.1018033, 39.4613901 ], [ -73.1028962, 39.4601798 ], [ -73.1041453, 39.4593324 ], [ -73.1057066, 39.4588483 ], [ -73.1072679, 39.458122 ], [ -73.1085169, 39.4569116 ], [ -73.1092976, 39.4557011 ], [ -73.110519, 39.4525049 ], [ -73.111171, 39.4507987 ], [ -73.1127323, 39.4483775 ], [ -73.1138251, 39.4472275 ], [ -73.1153864, 39.4460169 ], [ -73.1167135, 39.4445641 ], [ -73.118509, 39.4420217 ], [ -73.1191334, 39.4396003 ], [ -73.1193675, 39.4371788 ], [ -73.119055, 39.4335465 ], [ -73.1185084, 39.4311248 ], [ -73.1173658, 39.4237956 ], [ -73.1174929, 39.4178042 ], [ -73.1167901, 39.415382 ], [ -73.1163216, 39.4129596 ], [ -73.1161653, 39.4105373 ], [ -73.1164776, 39.4093261 ], [ -73.1187413, 39.4044203 ], [ -73.1195219, 39.4019976 ], [ -73.119912, 39.3995142 ], [ -73.1195996, 39.3970308 ], [ -73.1191312, 39.3957588 ], [ -73.117882, 39.3945474 ], [ -73.1164768, 39.3940628 ], [ -73.1148373, 39.3936994 ], [ -73.1117145, 39.3934571 ], [ -73.1085919, 39.393639 ], [ -73.1054692, 39.394366 ], [ -73.1023465, 39.3956987 ], [ -73.1008632, 39.3966074 ], [ -73.099458, 39.3977583 ], [ -73.0976626, 39.4001206 ], [ -73.0971162, 39.401332 ], [ -73.0963356, 39.4025434 ], [ -73.0950865, 39.4037548 ], [ -73.0872018, 39.4073283 ], [ -73.0842353, 39.409327 ], [ -73.0780682, 39.4151409 ], [ -73.0758043, 39.4175632 ], [ -73.0738527, 39.4199854 ], [ -73.0719122, 39.4214907 ], [ -73.0649936, 39.4258939 ], [ -73.063819, 39.4266414 ], [ -73.0619867, 39.4281599 ], [ -73.059879, 39.4304606 ], [ -73.0590984, 39.4316715 ], [ -73.0580836, 39.4340932 ], [ -73.0576934, 39.4365148 ], [ -73.0565225, 39.437665 ], [ -73.0549611, 39.4386337 ], [ -73.0533998, 39.4392391 ], [ -73.0505894, 39.4409342 ], [ -73.0491842, 39.4420238 ], [ -73.0479352, 39.4432345 ], [ -73.0462959, 39.4455952 ], [ -73.0457495, 39.4480164 ], [ -73.0447107, 39.4501644 ], [ -73.0445786, 39.4504376 ], [ -73.040207, 39.455219 ], [ -73.0386458, 39.4575794 ], [ -73.0373187, 39.4600002 ], [ -73.0352892, 39.4648415 ], [ -73.0345281, 39.4663164 ], [ -73.0340402, 39.4672621 ], [ -73.0331034, 39.4685327 ], [ -73.0316983, 39.4693799 ], [ -73.0301369, 39.4699851 ], [ -73.0288879, 39.4709533 ], [ -73.0282634, 39.4721635 ], [ -73.0282636, 39.4770038 ], [ -73.027327, 39.4794239 ], [ -73.026234, 39.4805734 ], [ -73.0233456, 39.482812 ], [ -73.0217843, 39.4846269 ], [ -73.0197547, 39.4876517 ], [ -73.017647, 39.490011 ], [ -73.0121825, 39.4944873 ], [ -73.0101528, 39.4969068 ], [ -73.0099106, 39.4974073 ], [ -73.0089819, 39.4993263 ], [ -73.0081232, 39.5005359 ], [ -73.005469, 39.5028343 ], [ -73.0026586, 39.5045883 ], [ -73.0015657, 39.5057979 ], [ -73.0007851, 39.5070074 ], [ -73.0000825, 39.508217 ], [ -72.9996923, 39.5106359 ], [ -72.9996923, 39.5118454 ], [ -73.000317, 39.5142642 ], [ -73.0004732, 39.5154736 ], [ -72.9996927, 39.5178923 ], [ -72.9989901, 39.5191017 ], [ -72.9968043, 39.5213389 ], [ -72.9947747, 39.5237575 ], [ -72.9925109, 39.5274456 ], [ -72.9915741, 39.5286548 ], [ -72.9904292, 39.5297631 ], [ -72.990325, 39.529864 ], [ -72.9861987, 39.5324205 ], [ -72.9843921, 39.533975 ], [ -72.9834553, 39.5351237 ], [ -72.9822844, 39.5375417 ], [ -72.9812697, 39.5412291 ], [ -72.9812699, 39.5448558 ], [ -72.9814261, 39.5458229 ], [ -72.9809837, 39.5500328 ], [ -72.981796, 39.5638212 ], [ -72.9801003, 39.5733186 ], [ -72.9791636, 39.5757353 ], [ -72.9767437, 39.5794206 ], [ -72.9754946, 39.5805081 ], [ -72.9740894, 39.5813539 ], [ -72.9706737, 39.5829399 ], [ -72.9692939, 39.5835806 ], [ -72.9686248, 39.5846162 ], [ -72.968781, 39.5858243 ], [ -72.9695617, 39.5869721 ], [ -72.9722162, 39.5890257 ], [ -72.9737776, 39.5899318 ], [ -72.975339, 39.5905357 ], [ -72.9769003, 39.5907773 ], [ -72.9784617, 39.5907773 ], [ -72.9800231, 39.5904752 ], [ -72.9832238, 39.5890858 ], [ -72.9832834, 39.5890726 ], [ -72.9848632, 39.5887234 ], [ -72.9864246, 39.5889649 ], [ -72.9870347, 39.5893352 ], [ -72.9873615, 39.5899314 ], [ -72.9873433, 39.5905102 ], [ -72.9872943, 39.590561 ], [ -72.986737, 39.5911395 ], [ -72.9822092, 39.5941596 ], [ -72.9792427, 39.5963945 ], [ -72.9739713, 39.6 ] ] ] } },
{ "type": "Feature", "properties": { "RCID": 192, "PRIM": 3, "GRUP": 1, "OBJL": 42, "RVER": 1, "AGEN": 550, "FIDN": 1274943277, "FIDS": 48294, "LNAM": "02264BFE172DBCA6", "DRVAL1": 137.1, "DRVAL2": 146.3 }, "geometry": { "type": "Polygon", "coordinates": [ [ [ -72.2965799, 39.5340401 ], [ -72.2873433, 39.5306644 ], [ -72.2822547, 39.5289757 ], [ -72.2674872, 39.525629 ], [ -72.2580205, 39.523963 ], [ -72.2514835, 39.5239632 ], [ -72.2505835, 39.5240939 ], [ -72.2479554, 39.5244757 ], [ -72.2437265, 39.5256455 ], [ -72.2395653, 39.5282562 ], [ -72.2369779, 39.5292581 ], [ -72.2325818, 39.5294711 ], [ -72.2303533, 39.5298163 ], [ -72.2283094, 39.5304495 ], [ -72.2234353, 39.5314981 ], [ -72.2223904, 39.5323073 ], [ -72.221922, 39.5332746 ], [ -72.2219222, 39.535209 ], [ -72.2223908, 39.5396823 ], [ -72.2217663, 39.5406495 ], [ -72.2209857, 39.541254 ], [ -72.2197366, 39.5417375 ], [ -72.2159893, 39.5417377 ], [ -72.2138034, 39.541496 ], [ -72.2117736, 39.541496 ], [ -72.2081305, 39.5418991 ], [ -72.2047475, 39.5429469 ], [ -72.2033424, 39.5440349 ], [ -72.2024837, 39.5450021 ], [ -72.2017811, 39.5462109 ], [ -72.1996998, 39.555599 ], [ -72.198711, 39.5571301 ], [ -72.1961794, 39.5598737 ], [ -72.1883785, 39.5657694 ], [ -72.1869765, 39.5668065 ], [ -72.186184, 39.5676079 ], [ -72.1852202, 39.5688393 ], [ -72.1842949, 39.5700215 ], [ -72.1833582, 39.5729216 ], [ -72.1833583, 39.5740897 ], [ -72.1823826, 39.5766071 ], [ -72.1797529, 39.5799721 ], [ -72.1764604, 39.5830055 ], [ -72.1703833, 39.5895891 ], [ -72.1661885, 39.5931055 ], [ -72.1643245, 39.5943258 ], [ -72.1593298, 39.5970142 ], [ -72.1551736, 39.6 ], [ -72.1710739, 39.6 ], [ -72.1765459, 39.5958511 ], [ -72.1790655, 39.5935213 ], [ -72.1874959, 39.5838138 ], [ -72.1896744, 39.5818869 ], [ -72.1928205, 39.5796396 ], [ -72.1979211, 39.576556 ], [ -72.2032565, 39.5733304 ], [ -72.2066226, 39.57135 ], [ -72.2149101, 39.5675327 ], [ -72.2240054, 39.5616414 ], [ -72.2305498, 39.5565751 ], [ -72.236678, 39.5524955 ], [ -72.239334, 39.5505137 ], [ -72.2463042, 39.5466839 ], [ -72.2514152, 39.5448126 ], [ -72.2612825, 39.5400727 ], [ -72.2674621, 39.5347644 ], [ -72.2716516, 39.5322151 ], [ -72.2735379, 39.5314847 ], [ -72.2742278, 39.5312176 ], [ -72.277219, 39.5307211 ], [ -72.279068, 39.5309 ], [ -72.2850013, 39.53291 ], [ -72.2878118, 39.5335748 ], [ -72.2958098, 39.5355283 ], [ -72.2965799, 39.5340401 ] ] ] } },
{ "type": "Feature", "properties": { "RCID": 193, "PRIM": 3, "GRUP": 1, "OBJL": 42, "RVER": 1, "AGEN": 550, "FIDN": -1902574695, "FIDS": 48294, "LNAM": "02268E990399BCA6", "DRVAL1": 36.5, "DRVAL2": 45.7 }, "geometry": { "type": "Polygon", "coordinates": [ [ [ -73.4192209, 39.6 ], [ -73.4192364, 39.5986561 ], [ -73.4182214, 39.5960188 ], [ -73.4172844, 39.5940861 ], [ -73.4164256, 39.5931801 ], [ -73.4140836, 39.591791 ], [ -73.4128344, 39.5913682 ], [ -73.4115853, 39.5911266 ], [ -73.4103362, 39.5912474 ], [ -73.4091652, 39.5917307 ], [ -73.4066671, 39.59312 ], [ -73.4043022, 39.5952198 ], [ -73.4004777, 39.5992549 ], [ -73.399955, 39.6 ], [ -73.4004139, 39.6 ], [ -73.4192209, 39.6 ] ] ] } },
{ "type": "Feature", "properties": { "RCID": 194, "PRIM": 3, "GRUP": 1, "OBJL": 42, "RVER": 1, "AGEN": 550, "FIDN": -76362885, "FIDS": 48294, "LNAM": "0226FB72CB7BBCA6", "DRVAL1": 36.5, "DRVAL2": 45.7 }, "geometry": { "type": "Polygon", "coordinates": [ [ [ -73.9243886, 39.166667 ], [ -73.9208773, 39.1688418 ], [ -73.9196813, 39.1696263 ], [ -73.9139294, 39.17305 ], [ -73.9057647, 39.1788106 ], [ -73.8995704, 39.1820048 ], [ -73.8884152, 39.1892992 ], [ -73.8834628, 39.1919491 ], [ -73.88263, 39.192273 ], [ -73.8820725, 39.1927938 ], [ -73.8758383, 39.1965865 ], [ -73.8682138, 39.2008794 ], [ -73.8634257, 39.2030866 ], [ -73.8597566, 39.2050304 ], [ -73.8510172, 39.2092103 ], [ -73.8493331, 39.2103334 ], [ -73.8415672, 39.2141414 ], [ -73.8288562, 39.2216008 ], [ -73.8250172, 39.2245264 ], [ -73.8232998, 39.2264696 ], [ -73.8197089, 39.232238 ], [ -73.8181476, 39.2341203 ], [ -73.8170547, 39.2349096 ], [ -73.8142391, 39.2364834 ], [ -73.810164, 39.2390167 ], [ -73.8042259, 39.2420928 ], [ -73.804012, 39.2421913 ], [ -73.8010822, 39.2435403 ], [ -73.7972258, 39.2443203 ], [ -73.7934785, 39.2444417 ], [ -73.7909804, 39.244199 ], [ -73.7814289, 39.2416782 ], [ -73.7806306, 39.2414675 ], [ -73.7797384, 39.2414675 ], [ -73.7784892, 39.2417104 ], [ -73.7759912, 39.2428032 ], [ -73.7737272, 39.2446245 ], [ -73.7720099, 39.2465671 ], [ -73.770839, 39.2494808 ], [ -73.7700583, 39.2504521 ], [ -73.7691215, 39.2511805 ], [ -73.7678725, 39.251909 ], [ -73.7665663, 39.2523443 ], [ -73.7617051, 39.2526376 ], [ -73.7592069, 39.2533053 ], [ -73.7579578, 39.2537909 ], [ -73.756553, 39.2547423 ], [ -73.7555378, 39.2554298 ], [ -73.7547572, 39.256401 ], [ -73.7542888, 39.2573722 ], [ -73.7542889, 39.2583433 ], [ -73.7547574, 39.2594357 ], [ -73.7558504, 39.2602854 ], [ -73.7570995, 39.2606495 ], [ -73.7585047, 39.2608922 ], [ -73.7597538, 39.2608921 ], [ -73.7609206, 39.2606056 ], [ -73.7612371, 39.2605279 ], [ -73.7637352, 39.2596782 ], [ -73.7649843, 39.2593747 ], [ -73.7674825, 39.2590105 ], [ -73.7687316, 39.2590712 ], [ -73.7712298, 39.2598601 ], [ -73.772557, 39.2600421 ], [ -73.7738061, 39.2597993 ], [ -73.7750552, 39.2593137 ], [ -73.7763042, 39.258464 ], [ -73.7770848, 39.2574929 ], [ -73.7777873, 39.2555505 ], [ -73.7778654, 39.2545794 ], [ -73.7781776, 39.2536083 ], [ -73.7791144, 39.2527584 ], [ -73.7802073, 39.2522728 ], [ -73.7814564, 39.2521514 ], [ -73.7827055, 39.2522727 ], [ -73.7864528, 39.2533652 ], [ -73.787702, 39.2539721 ], [ -73.7889511, 39.2546397 ], [ -73.7909029, 39.2563999 ], [ -73.7916056, 39.257371 ], [ -73.7925425, 39.2592525 ], [ -73.7931671, 39.2621657 ], [ -73.7932453, 39.2641078 ], [ -73.7931048, 39.2655278 ], [ -73.7917622, 39.268902 ], [ -73.7902791, 39.270844 ], [ -73.7883274, 39.2726645 ], [ -73.7870784, 39.2733927 ], [ -73.7845802, 39.2739389 ], [ -73.7820821, 39.2747885 ], [ -73.7795839, 39.2760022 ], [ -73.7774762, 39.2776405 ], [ -73.7749781, 39.2792788 ], [ -73.7733907, 39.2801486 ], [ -73.7728959, 39.2805152 ], [ -73.77006, 39.2826161 ], [ -73.7682645, 39.2845576 ], [ -73.7621496, 39.2932804 ], [ -73.7584285, 39.2969944 ], [ -73.7560084, 39.298511 ], [ -73.7535103, 39.2998455 ], [ -73.7510122, 39.3008161 ], [ -73.7466403, 39.30209 ], [ -73.7441313, 39.3026218 ], [ -73.7397705, 39.303546 ], [ -73.733525, 39.3050625 ], [ -73.7260306, 39.3065184 ], [ -73.7197852, 39.3082168 ], [ -73.7158297, 39.3097533 ], [ -73.7072464, 39.3137128 ], [ -73.7037273, 39.315775 ], [ -73.6964509, 39.320039 ], [ -73.6851236, 39.3246521 ], [ -73.6763801, 39.3279267 ], [ -73.67396, 39.3290181 ], [ -73.6693737, 39.3319285 ], [ -73.6677929, 39.3335656 ], [ -73.6659194, 39.3359907 ], [ -73.6634214, 39.3403557 ], [ -73.6619381, 39.3417501 ], [ -73.6596742, 39.3434475 ], [ -73.6565731, 39.3450133 ], [ -73.6540535, 39.3473878 ], [ -73.6534291, 39.3483577 ], [ -73.6534291, 39.3492669 ], [ -73.6538195, 39.3512066 ], [ -73.6537415, 39.3522369 ], [ -73.653117, 39.3532067 ], [ -73.6526717, 39.3536101 ], [ -73.6521802, 39.3540553 ], [ -73.6510092, 39.3548433 ], [ -73.6486672, 39.3561162 ], [ -73.6425, 39.3584194 ], [ -73.6400018, 39.359571 ], [ -73.6375818, 39.3612074 ], [ -73.6362547, 39.3631467 ], [ -73.6355522, 39.365086 ], [ -73.6353962, 39.3660556 ], [ -73.6354743, 39.3679948 ], [ -73.6348892, 39.3706049 ], [ -73.6342254, 39.3723578 ], [ -73.6330435, 39.377863 ], [ -73.6300796, 39.3822722 ], [ -73.6295419, 39.3833852 ], [ -73.6264193, 39.3872626 ], [ -73.6243896, 39.3892012 ], [ -73.6219697, 39.3921091 ], [ -73.61994, 39.393987 ], [ -73.6120554, 39.4001051 ], [ -73.6095963, 39.402649 ], [ -73.6075656, 39.4051699 ], [ -73.6024305, 39.410316 ], [ -73.6017509, 39.4113099 ], [ -73.6009703, 39.4132478 ], [ -73.6008143, 39.4142773 ], [ -73.6011266, 39.4152462 ], [ -73.6020634, 39.416094 ], [ -73.6031564, 39.4168206 ], [ -73.6044055, 39.4170627 ], [ -73.6056546, 39.41676 ], [ -73.6081527, 39.4155488 ], [ -73.6090895, 39.4146404 ], [ -73.6109631, 39.413187 ], [ -73.613305, 39.4107645 ], [ -73.6190037, 39.4062221 ], [ -73.6212677, 39.4047079 ], [ -73.6246245, 39.4021034 ], [ -73.6278251, 39.3993777 ], [ -73.6302452, 39.3978633 ], [ -73.6325872, 39.3965913 ], [ -73.6364125, 39.3955008 ], [ -73.6389107, 39.3953796 ], [ -73.6401598, 39.3956218 ], [ -73.6414089, 39.3962276 ], [ -73.6421896, 39.3970756 ], [ -73.6421897, 39.3980447 ], [ -73.6417213, 39.3990139 ], [ -73.6405504, 39.3997408 ], [ -73.6380522, 39.4008916 ], [ -73.6350596, 39.4024867 ], [ -73.6337898, 39.403472 ], [ -73.6274352, 39.4072515 ], [ -73.624937, 39.4085233 ], [ -73.6215022, 39.4107643 ], [ -73.6194725, 39.4126416 ], [ -73.616428, 39.4164569 ], [ -73.6146326, 39.4183341 ], [ -73.6122125, 39.4200902 ], [ -73.6097143, 39.4209986 ], [ -73.6065917, 39.4218464 ], [ -73.6009708, 39.4223915 ], [ -73.5984726, 39.4224521 ], [ -73.5934762, 39.4223918 ], [ -73.5897289, 39.4220286 ], [ -73.5859816, 39.4213021 ], [ -73.5822343, 39.4202122 ], [ -73.578487, 39.4201518 ], [ -73.5759887, 39.4203335 ], [ -73.5728661, 39.4209391 ], [ -73.5684943, 39.4226347 ], [ -73.5669955, 39.4229254 ], [ -73.56187, 39.4251617 ], [ -73.5537397, 39.4298403 ], [ -73.5514759, 39.4315961 ], [ -73.5501488, 39.4322621 ], [ -73.5489987, 39.4330903 ], [ -73.5479629, 39.4338362 ], [ -73.5457771, 39.4356525 ], [ -73.5440596, 39.4375898 ], [ -73.5422642, 39.440556 ], [ -73.5413275, 39.4414035 ], [ -73.5400784, 39.442009 ], [ -73.5388293, 39.4421301 ], [ -73.5375802, 39.4420696 ], [ -73.5347697, 39.4411616 ], [ -73.5324276, 39.4396484 ], [ -73.5288363, 39.4375902 ], [ -73.5264942, 39.4365006 ], [ -73.523996, 39.4356531 ], [ -73.5214978, 39.4353506 ], [ -73.5202487, 39.4354717 ], [ -73.5158769, 39.4363193 ], [ -73.5140033, 39.4370458 ], [ -73.5081063, 39.4399797 ], [ -73.5028819, 39.4429507 ], [ -73.4980778, 39.4453394 ], [ -73.4956578, 39.4469738 ], [ -73.4923009, 39.4495161 ], [ -73.4919511, 39.4498186 ], [ -73.4902712, 39.4512714 ], [ -73.4873828, 39.4541161 ], [ -73.4851189, 39.4559319 ], [ -73.4833527, 39.4579291 ], [ -73.4812938, 39.4596236 ], [ -73.4798106, 39.4615603 ], [ -73.4788738, 39.462468 ], [ -73.4765319, 39.4653728 ], [ -73.475439, 39.466341 ], [ -73.4748145, 39.4673092 ], [ -73.4738777, 39.4682169 ], [ -73.4715357, 39.4699718 ], [ -73.4666957, 39.4729973 ], [ -73.4641975, 39.474873 ], [ -73.4601339, 39.4775304 ], [ -73.4562349, 39.4809839 ], [ -73.4551568, 39.4821536 ], [ -73.4494432, 39.4860053 ], [ -73.444525, 39.4880018 ], [ -73.4431979, 39.4881834 ], [ -73.4406996, 39.4883044 ], [ -73.4395286, 39.488244 ], [ -73.4382795, 39.48776 ], [ -73.4371865, 39.4870341 ], [ -73.4365619, 39.4861872 ], [ -73.4362496, 39.4852194 ], [ -73.4362495, 39.4841909 ], [ -73.4371081, 39.4822549 ], [ -73.4385133, 39.480319 ], [ -73.4414017, 39.4774148 ], [ -73.4435095, 39.4759022 ], [ -73.4471006, 39.4736634 ], [ -73.4493644, 39.4719086 ], [ -73.4518972, 39.4689611 ], [ -73.4566209, 39.4647502 ], [ -73.4626354, 39.4599268 ], [ -73.4684903, 39.4556297 ], [ -73.4709885, 39.4540561 ], [ -73.4730181, 39.4523614 ], [ -73.4757504, 39.4495772 ], [ -73.478873, 39.4467323 ], [ -73.4806685, 39.4447952 ], [ -73.4806797, 39.4447804 ], [ -73.4843374, 39.4399525 ], [ -73.4855084, 39.4380152 ], [ -73.4873819, 39.436078 ], [ -73.4907552, 39.4331147 ], [ -73.4951104, 39.4297815 ], [ -73.4975304, 39.4283284 ], [ -73.5061958, 39.4240898 ], [ -73.5084597, 39.4225759 ], [ -73.5095526, 39.4216677 ], [ -73.5111919, 39.41973 ], [ -73.5118165, 39.4187611 ], [ -73.5121287, 39.4177922 ], [ -73.5121286, 39.4168234 ], [ -73.5116601, 39.4158545 ], [ -73.5105671, 39.4151279 ], [ -73.5093181, 39.4151279 ], [ -73.508069, 39.415249 ], [ -73.5036973, 39.4160969 ], [ -73.4910502, 39.4173236 ], [ -73.486158, 39.4180352 ], [ -73.4823336, 39.4183521 ], [ -73.4778126, 39.4187794 ], [ -73.4734068, 39.4192467 ], [ -73.4627895, 39.419247 ], [ -73.4596668, 39.4198527 ], [ -73.4521723, 39.4205795 ], [ -73.4513395, 39.4204988 ], [ -73.4396033, 39.4210038 ], [ -73.4371051, 39.4208222 ], [ -73.4346069, 39.4200956 ], [ -73.4337481, 39.4192479 ], [ -73.4335919, 39.4184002 ], [ -73.4341384, 39.4174313 ], [ -73.4364803, 39.4159779 ], [ -73.440312, 39.4139844 ], [ -73.44093, 39.4133132 ], [ -73.4409854, 39.4128394 ], [ -73.4409049, 39.4123442 ], [ -73.4405209, 39.4119808 ], [ -73.4399611, 39.4117038 ], [ -73.4391273, 39.4114915 ], [ -73.4381195, 39.4112846 ], [ -73.4346064, 39.4114967 ], [ -73.4321083, 39.4117995 ], [ -73.4296101, 39.4123446 ], [ -73.4141036, 39.4145617 ], [ -73.4108387, 39.4150285 ], [ -73.4055992, 39.4159309 ], [ -73.3981488, 39.417069 ], [ -73.3920595, 39.4187042 ], [ -73.3851896, 39.4200971 ], [ -73.3826914, 39.420521 ], [ -73.377695, 39.4210056 ], [ -73.3751968, 39.4210057 ], [ -73.3726987, 39.420703 ], [ -73.3689513, 39.419371 ], [ -73.3677022, 39.4190682 ], [ -73.365204, 39.418705 ], [ -73.3627058, 39.4186445 ], [ -73.3603637, 39.4184023 ], [ -73.3490438, 39.4184027 ], [ -73.3465456, 39.4185239 ], [ -73.3417054, 39.4193112 ], [ -73.3392073, 39.419493 ], [ -73.3314786, 39.420795 ], [ -73.3224227, 39.4216734 ], [ -73.3215639, 39.4216734 ], [ -73.3030618, 39.4248629 ], [ -73.2967383, 39.426518 ], [ -73.2942402, 39.4273658 ], [ -73.2919763, 39.4286978 ], [ -73.2910395, 39.4294244 ], [ -73.2883854, 39.4335414 ], [ -73.286746, 39.4354182 ], [ -73.2856295, 39.4365169 ], [ -73.2836495, 39.4384654 ], [ -73.2795913, 39.4420619 ], [ -73.274724, 39.4446804 ], [ -73.2723039, 39.44577 ], [ -73.2698058, 39.4466175 ], [ -73.2585641, 39.4493416 ], [ -73.2560659, 39.4502496 ], [ -73.2551643, 39.4508265 ], [ -73.2546811, 39.4513823 ], [ -73.2543485, 39.4520049 ], [ -73.2542711, 39.4525279 ], [ -73.254329, 39.4529013 ], [ -73.2546225, 39.4534808 ], [ -73.2549732, 39.4540021 ], [ -73.2560662, 39.4548494 ], [ -73.2585644, 39.4559387 ], [ -73.2598135, 39.4563018 ], [ -73.2636389, 39.4563017 ], [ -73.2662151, 39.4559385 ], [ -73.2687133, 39.4552727 ], [ -73.2699624, 39.4552121 ], [ -73.2774569, 39.4550303 ], [ -73.2843269, 39.4556353 ], [ -73.2874498, 39.456543 ], [ -73.2886988, 39.4570272 ], [ -73.289948, 39.4577534 ], [ -73.2908848, 39.4586006 ], [ -73.2915095, 39.4594479 ], [ -73.2916656, 39.4604161 ], [ -73.2916657, 39.4613844 ], [ -73.2912754, 39.4633209 ], [ -73.2899483, 39.4652574 ], [ -73.284679, 39.4707035 ], [ -73.2822981, 39.4738499 ], [ -73.2814394, 39.4756651 ], [ -73.280737, 39.4795373 ], [ -73.2807372, 39.4834091 ], [ -73.2801128, 39.4872809 ], [ -73.278968, 39.4908298 ], [ -73.2766002, 39.4950238 ], [ -73.2731653, 39.4988344 ], [ -73.2716041, 39.5007699 ], [ -73.2710576, 39.5017376 ], [ -73.2696216, 39.5033333 ], [ -73.26908, 39.5039351 ], [ -73.2671544, 39.5053664 ], [ -73.2651247, 39.5073018 ], [ -73.2626266, 39.5084509 ], [ -73.2614587, 39.5088694 ], [ -73.2563812, 39.5106886 ], [ -73.2538831, 39.5117772 ], [ -73.249043, 39.5146195 ], [ -73.2467011, 39.5163731 ], [ -73.2459205, 39.5183686 ], [ -73.2460766, 39.519336 ], [ -73.2465451, 39.5203035 ], [ -73.2472477, 39.52115 ], [ -73.2493557, 39.5228429 ], [ -73.2518539, 39.5238707 ], [ -73.2537276, 39.5248379 ], [ -73.2593486, 39.5264702 ], [ -73.2614097, 39.5272682 ], [ -73.2629399, 39.5282838 ], [ -73.2637206, 39.5292512 ], [ -73.2641892, 39.5311857 ], [ -73.2638769, 39.532153 ], [ -73.262862, 39.5329994 ], [ -73.260442, 39.5343899 ], [ -73.259193, 39.534934 ], [ -73.2566948, 39.5365058 ], [ -73.2546651, 39.5383798 ], [ -73.2540406, 39.5392866 ], [ -73.2537285, 39.5412209 ], [ -73.2540408, 39.542188 ], [ -73.2549776, 39.5430342 ], [ -73.2560706, 39.5436386 ], [ -73.2597399, 39.5444243 ], [ -73.2609109, 39.5449682 ], [ -73.2618478, 39.5458144 ], [ -73.262362, 39.5467431 ], [ -73.2628631, 39.5534296 ], [ -73.2627851, 39.555847 ], [ -73.2620828, 39.561165 ], [ -73.2620905, 39.5622273 ], [ -73.262239, 39.5630986 ], [ -73.262695, 39.5639084 ], [ -73.2637224, 39.5649114 ], [ -73.2649715, 39.5655156 ], [ -73.2666891, 39.5658479 ], [ -73.2725441, 39.5653945 ], [ -73.2750424, 39.5656966 ], [ -73.2823748, 39.5660078 ], [ -73.2900316, 39.5670255 ], [ -73.2925298, 39.5679922 ], [ -73.2937008, 39.5687172 ], [ -73.2954966, 39.5705902 ], [ -73.2961211, 39.5715569 ], [ -73.2963555, 39.5734903 ], [ -73.2960432, 39.5754236 ], [ -73.2951846, 39.577357 ], [ -73.2938576, 39.5792903 ], [ -73.293233, 39.5805791 ], [ -73.2871768, 39.587197 ], [ -73.2851143, 39.5885935 ], [ -73.2820606, 39.5911212 ], [ -73.2817575, 39.5913721 ], [ -73.2798059, 39.5931842 ], [ -73.2780885, 39.5951171 ], [ -73.2767614, 39.5970499 ], [ -73.2757466, 39.5989826 ], [ -73.2754179, 39.6 ], [ -73.2290075, 39.6 ], [ -73.2, 39.6 ], [ -73.1944785, 39.6 ], [ -73.1676093, 39.6 ], [ -73.0872139, 39.6 ], [ -73.0872115, 39.5997734 ], [ -73.0873675, 39.5973576 ], [ -73.0877577, 39.5949417 ], [ -73.0886163, 39.5913176 ], [ -73.089631, 39.5883578 ], [ -73.0944396, 39.5790546 ], [ -73.0968127, 39.5757318 ], [ -73.0974371, 39.5733151 ], [ -73.0977492, 39.5696898 ], [ -73.0981395, 39.567273 ], [ -73.098998, 39.564856 ], [ -73.0997787, 39.5636474 ], [ -73.1028233, 39.561774 ], [ -73.1043065, 39.5606863 ], [ -73.1050871, 39.5594777 ], [ -73.10618, 39.557 ], [ -73.1085219, 39.5545825 ], [ -73.1103954, 39.5521651 ], [ -73.1105515, 39.5510168 ], [ -73.1105232, 39.5509542 ], [ -73.1094584, 39.5485993 ], [ -73.1094583, 39.5473904 ], [ -73.1100828, 39.5461816 ], [ -73.1106292, 39.5455772 ], [ -73.1117533, 39.5437045 ], [ -73.1132053, 39.5412856 ], [ -73.1150007, 39.5388676 ], [ -73.115391, 39.5376586 ], [ -73.1155471, 39.5352405 ], [ -73.1146881, 39.5304648 ], [ -73.114922, 39.5255677 ], [ -73.1156245, 39.5231492 ], [ -73.1163271, 39.5220004 ], [ -73.1177322, 39.5207911 ], [ -73.1208549, 39.5189771 ], [ -73.1221039, 39.5180095 ], [ -73.1230407, 39.5168002 ], [ -73.1239774, 39.5149861 ], [ -73.1253824, 39.5095436 ], [ -73.1258507, 39.508334 ], [ -73.1278401, 39.5057652 ], [ -73.131159, 39.5014797 ], [ -73.1319397, 39.4994636 ], [ -73.1337348, 39.4913382 ], [ -73.1347496, 39.4889185 ], [ -73.1355302, 39.4877692 ], [ -73.1383405, 39.4841394 ], [ -73.1416192, 39.4806304 ], [ -73.144772, 39.478053 ], [ -73.1473179, 39.4759717 ], [ -73.149816, 39.4736724 ], [ -73.1518457, 39.4712521 ], [ -73.1525482, 39.4700419 ], [ -73.1543436, 39.467682 ], [ -73.1567637, 39.4652614 ], [ -73.158325, 39.4641721 ], [ -73.1597302, 39.4634459 ], [ -73.1612134, 39.4623566 ], [ -73.1657413, 39.4599358 ], [ -73.1701129, 39.4573939 ], [ -73.1747189, 39.455094 ], [ -73.1808861, 39.4523097 ], [ -73.1840088, 39.4511597 ], [ -73.1871315, 39.4503122 ], [ -73.1933769, 39.4483751 ], [ -73.1964996, 39.4476487 ], [ -73.2058678, 39.4464378 ], [ -73.2089905, 39.4455903 ], [ -73.2147935, 39.4446418 ], [ -73.2210389, 39.4443995 ], [ -73.2211869, 39.4443765 ], [ -73.2231208, 39.4440766 ], [ -73.2246821, 39.4435318 ], [ -73.2272385, 39.4423424 ], [ -73.2278047, 39.442079 ], [ -73.2320984, 39.4389916 ], [ -73.2350649, 39.4373569 ], [ -73.2370165, 39.4365215 ], [ -73.2426373, 39.4328768 ], [ -73.2453696, 39.4307578 ], [ -73.2468529, 39.4298496 ], [ -73.2498974, 39.4283358 ], [ -73.2515368, 39.4277303 ], [ -73.260905, 39.4255503 ], [ -73.2624663, 39.425066 ], [ -73.2686336, 39.4236126 ], [ -73.2733176, 39.4222803 ], [ -73.2754571, 39.4218973 ], [ -73.2763623, 39.4217353 ], [ -73.2810463, 39.4207058 ], [ -73.2872918, 39.4197367 ], [ -73.2919758, 39.4186467 ], [ -73.2949424, 39.4178594 ], [ -73.2993141, 39.4162242 ], [ -73.3062064, 39.4144419 ], [ -73.3182845, 39.4116818 ], [ -73.3214072, 39.4107733 ], [ -73.3260913, 39.4097437 ], [ -73.3347567, 39.4075026 ], [ -73.3401434, 39.4056855 ], [ -73.3441248, 39.4041106 ], [ -73.3459984, 39.4031415 ], [ -73.3526185, 39.4005732 ], [ -73.3612995, 39.3962361 ], [ -73.3673611, 39.3929434 ], [ -73.3692116, 39.3918278 ], [ -73.3735558, 39.3892088 ], [ -73.3781617, 39.386846 ], [ -73.3812063, 39.3850891 ], [ -73.3837304, 39.3831906 ], [ -73.3867082, 39.3798891 ], [ -73.3870611, 39.3792726 ], [ -73.386905, 39.3780608 ], [ -73.3856558, 39.3770915 ], [ -73.3840163, 39.3769097 ], [ -73.3794103, 39.3768493 ], [ -73.3780051, 39.3762435 ], [ -73.3770682, 39.375274 ], [ -73.3772243, 39.3740622 ], [ -73.3783171, 39.3728502 ], [ -73.3798193, 39.3719434 ], [ -73.3890161, 39.3692661 ], [ -73.3936182, 39.3659418 ], [ -73.3967409, 39.3647903 ], [ -73.3998636, 39.3643054 ], [ -73.4061091, 39.3647293 ], [ -73.4092319, 39.3643656 ], [ -73.4107932, 39.3638808 ], [ -73.4122764, 39.3630929 ], [ -73.415321, 39.3610323 ], [ -73.4189641, 39.3589514 ], [ -73.4215663, 39.3579412 ], [ -73.424689, 39.357517 ], [ -73.4262504, 39.3574563 ], [ -73.4274995, 39.3572138 ], [ -73.4317015, 39.3571957 ], [ -73.4358076, 39.3567975 ], [ -73.4395288, 39.3564989 ], [ -73.4438255, 39.3559708 ], [ -73.4495592, 39.3539922 ], [ -73.4510759, 39.3529704 ], [ -73.4538863, 39.3506671 ], [ -73.4544391, 39.350431 ], [ -73.457009, 39.3493335 ], [ -73.4601316, 39.3489697 ], [ -73.4648158, 39.3489695 ], [ -73.4679385, 39.3483633 ], [ -73.4710611, 39.3468478 ], [ -73.4723102, 39.345696 ], [ -73.474652, 39.3420588 ], [ -73.4760573, 39.3409676 ], [ -73.4776426, 39.3402868 ], [ -73.479204, 39.340408 ], [ -73.4804531, 39.3414991 ], [ -73.4806165, 39.3430286 ], [ -73.478868, 39.3464233 ], [ -73.4773068, 39.348848 ], [ -73.4769945, 39.3500602 ], [ -73.4779315, 39.3524847 ], [ -73.4779315, 39.3549092 ], [ -73.4769949, 39.3573335 ], [ -73.4768388, 39.3585457 ], [ -73.4768389, 39.3597578 ], [ -73.4774635, 39.3609699 ], [ -73.4785565, 39.3621819 ], [ -73.4801179, 39.362909 ], [ -73.4816793, 39.3632726 ], [ -73.4832406, 39.3633938 ], [ -73.484802, 39.3637574 ], [ -73.485817, 39.3648482 ], [ -73.4862855, 39.3672721 ], [ -73.4869882, 39.3684841 ], [ -73.4885496, 39.3690294 ], [ -73.4916723, 39.3695141 ], [ -73.5041633, 39.3693925 ], [ -73.5072861, 39.3696348 ], [ -73.5088474, 39.3696348 ], [ -73.5119701, 39.3700588 ], [ -73.515093, 39.3711494 ], [ -73.5163421, 39.3723613 ], [ -73.5171229, 39.3735732 ], [ -73.5174352, 39.374785 ], [ -73.5173572, 39.3759363 ], [ -73.5163424, 39.3783599 ], [ -73.5154057, 39.3796323 ], [ -73.5143128, 39.380844 ], [ -73.5130637, 39.3818135 ], [ -73.5118147, 39.3832676 ], [ -73.511034, 39.3844793 ], [ -73.5107219, 39.3858121 ], [ -73.510878, 39.3871449 ], [ -73.5116588, 39.3883565 ], [ -73.5130641, 39.3894469 ], [ -73.5146255, 39.3899315 ], [ -73.5161869, 39.3900526 ], [ -73.5177482, 39.3899314 ], [ -73.5193096, 39.3895678 ], [ -73.5207148, 39.3885986 ], [ -73.521105, 39.387387 ], [ -73.5221979, 39.3849636 ], [ -73.5233688, 39.3837519 ], [ -73.5249301, 39.3830248 ], [ -73.5296142, 39.3815707 ], [ -73.5311756, 39.3808435 ], [ -73.5326603, 39.3795472 ], [ -73.5340638, 39.376057 ], [ -73.5356251, 39.3736332 ], [ -73.5366399, 39.3724819 ], [ -73.5377328, 39.3713912 ], [ -73.5392941, 39.3705428 ], [ -73.5408555, 39.3699368 ], [ -73.5424169, 39.3700579 ], [ -73.5436659, 39.3709062 ], [ -73.5442906, 39.3721181 ], [ -73.5456959, 39.3730876 ], [ -73.5472573, 39.3739358 ], [ -73.5488186, 39.3744205 ], [ -73.550302, 39.3746628 ], [ -73.5534247, 39.3749051 ], [ -73.5596702, 39.3749655 ], [ -73.5612316, 39.3748443 ], [ -73.5643542, 39.3743595 ], [ -73.567477, 39.3735111 ], [ -73.5691164, 39.3729656 ], [ -73.5706777, 39.3722385 ], [ -73.5719268, 39.3713901 ], [ -73.5728635, 39.3701782 ], [ -73.5729743, 39.3696056 ], [ -73.5729714, 39.3689998 ], [ -73.5728529, 39.3683185 ], [ -73.5723132, 39.3675441 ], [ -73.5719489, 39.3669581 ], [ -73.5720046, 39.3664817 ], [ -73.5737219, 39.3641183 ], [ -73.5739561, 39.3629063 ], [ -73.5740316, 39.3590339 ], [ -73.5744479, 39.3582258 ], [ -73.5766101, 39.3556335 ], [ -73.5802011, 39.3533302 ], [ -73.5822308, 39.3517542 ], [ -73.5833237, 39.350542 ], [ -73.5841044, 39.3494509 ], [ -73.5847288, 39.3482385 ], [ -73.5848849, 39.3470262 ], [ -73.5845726, 39.3458139 ], [ -73.5836357, 39.3447228 ], [ -73.5833001, 39.3443093 ], [ -73.582358, 39.3440754 ], [ -73.5815995, 39.3441114 ], [ -73.5806159, 39.3439731 ], [ -73.5798245, 39.3435176 ], [ -73.5789583, 39.3426935 ], [ -73.576859, 39.3382694 ], [ -73.5756723, 39.3370847 ], [ -73.5740328, 39.3365391 ], [ -73.5709101, 39.3361755 ], [ -73.5694268, 39.3361149 ], [ -73.5678654, 39.3357512 ], [ -73.5648987, 39.3342962 ], [ -73.5633373, 39.3340537 ], [ -73.561776, 39.3340538 ], [ -73.5602146, 39.3336901 ], [ -73.5586532, 39.3329626 ], [ -73.5577164, 39.33175 ], [ -73.5573259, 39.3304768 ], [ -73.5571697, 39.3280515 ], [ -73.5575598, 39.3244741 ], [ -73.556935, 39.319623 ], [ -73.5569348, 39.3159845 ], [ -73.5566225, 39.3147717 ], [ -73.5558417, 39.3135587 ], [ -73.5544364, 39.3123459 ], [ -73.5534996, 39.3112542 ], [ -73.5518339, 39.3080197 ], [ -73.5495178, 39.30525 ], [ -73.548737, 39.3028239 ], [ -73.5489712, 39.3016714 ], [ -73.5497518, 39.3004582 ], [ -73.5518655, 39.2986104 ], [ -73.5545078, 39.2969679 ], [ -73.5565435, 39.2950594 ], [ -73.5585731, 39.2926327 ], [ -73.5613834, 39.2902668 ], [ -73.5628667, 39.2895387 ], [ -73.5644281, 39.2891747 ], [ -73.5675508, 39.2882039 ], [ -73.57364, 39.2854736 ], [ -73.5767626, 39.2846848 ], [ -73.5830081, 39.2837139 ], [ -73.5884728, 39.2824396 ], [ -73.5903294, 39.281718 ], [ -73.5912832, 39.2813473 ], [ -73.5942355, 39.278479 ], [ -73.5964356, 39.2772819 ], [ -73.5979969, 39.2766751 ], [ -73.6041642, 39.2755221 ], [ -73.6072869, 39.2746724 ], [ -73.6101753, 39.2728519 ], [ -73.6130638, 39.2713955 ], [ -73.6161865, 39.2704245 ], [ -73.6193092, 39.2698175 ], [ -73.6255546, 39.2695746 ], [ -73.6375427, 39.2686234 ], [ -73.6399144, 39.2679376 ], [ -73.6412463, 39.2672681 ], [ -73.644369, 39.2658722 ], [ -73.6474916, 39.2638087 ], [ -73.649053, 39.2630197 ], [ -73.6521756, 39.2619879 ], [ -73.6552983, 39.2615629 ], [ -73.6557519, 39.2614659 ], [ -73.6615437, 39.2602275 ], [ -73.6646664, 39.2594385 ], [ -73.6662277, 39.2588921 ], [ -73.6693504, 39.2574354 ], [ -73.6733578, 39.2545016 ], [ -73.6754396, 39.2538541 ], [ -73.6801237, 39.2531256 ], [ -73.681685, 39.2525186 ], [ -73.6832463, 39.2514259 ], [ -73.685354, 39.2483909 ], [ -73.6866027, 39.2405597 ], [ -73.6874613, 39.2369777 ], [ -73.6875546, 39.2363655 ], [ -73.6872739, 39.2351902 ], [ -73.6869302, 39.2345007 ], [ -73.6865255, 39.2341602 ], [ -73.6854313, 39.2339421 ], [ -73.68387, 39.234185 ], [ -73.6823087, 39.2350351 ], [ -73.6807474, 39.2362494 ], [ -73.6798106, 39.2374637 ], [ -73.6784054, 39.2385565 ], [ -73.6768441, 39.2392851 ], [ -73.6737214, 39.2398923 ], [ -73.6705986, 39.2398924 ], [ -73.6565464, 39.2407428 ], [ -73.654985, 39.2406213 ], [ -73.6518622, 39.2397715 ], [ -73.6506911, 39.2385574 ], [ -73.6494419, 39.2361289 ], [ -73.6481147, 39.2350968 ], [ -73.64507, 39.2340041 ], [ -73.6435866, 39.2337005 ], [ -73.6420252, 39.2328506 ], [ -73.6410884, 39.2316363 ], [ -73.6403075, 39.2292075 ], [ -73.6401514, 39.2279932 ], [ -73.6395268, 39.2267787 ], [ -73.6382776, 39.2256858 ], [ -73.6367162, 39.2251393 ], [ -73.6335935, 39.2245929 ], [ -73.6304707, 39.2247144 ], [ -73.627348, 39.2253825 ], [ -73.6248763, 39.2263696 ], [ -73.621519, 39.2277104 ], [ -73.6196974, 39.2287832 ], [ -73.6166529, 39.2302404 ], [ -73.6152977, 39.2306263 ], [ -73.6136082, 39.2309085 ], [ -73.6130212, 39.2309171 ], [ -73.6120471, 39.2307747 ], [ -73.6116802, 39.2304566 ], [ -73.6114222, 39.2295727 ], [ -73.6111813, 39.229051 ], [ -73.6111189, 39.2277786 ], [ -73.6107973, 39.2272167 ], [ -73.6102769, 39.2269424 ], [ -73.6090801, 39.2267796 ], [ -73.6075187, 39.2271441 ], [ -73.6061136, 39.2282371 ], [ -73.6050988, 39.2298158 ], [ -73.6030433, 39.2362113 ], [ -73.6022106, 39.2378303 ], [ -73.6011177, 39.2389232 ], [ -73.5995563, 39.239166 ], [ -73.597995, 39.2390446 ], [ -73.5964335, 39.2386804 ], [ -73.5951064, 39.237527 ], [ -73.5932326, 39.2351592 ], [ -73.5920615, 39.2343093 ], [ -73.5905002, 39.2340664 ], [ -73.5888607, 39.2340664 ], [ -73.585738, 39.2347952 ], [ -73.5841767, 39.2353416 ], [ -73.5811321, 39.2370417 ], [ -73.5766823, 39.2400774 ], [ -73.5741062, 39.2424451 ], [ -73.5731694, 39.2436593 ], [ -73.5705933, 39.2457233 ], [ -73.5674706, 39.2469375 ], [ -73.5643479, 39.2473018 ], [ -73.5628646, 39.2479089 ], [ -73.5616607, 39.2486578 ], [ -73.5613033, 39.2488802 ], [ -73.5599918, 39.2503371 ], [ -73.554746, 39.2572568 ], [ -73.5522479, 39.2595026 ], [ -73.5491252, 39.2612627 ], [ -73.5460807, 39.2632049 ], [ -73.5445974, 39.2642974 ], [ -73.5435045, 39.2655111 ], [ -73.5430362, 39.2667249 ], [ -73.5428281, 39.2683432 ], [ -73.5435048, 39.2709728 ], [ -73.5435049, 39.2727933 ], [ -73.542412, 39.274007 ], [ -73.5408507, 39.2746138 ], [ -73.537728, 39.2752207 ], [ -73.5346053, 39.2760096 ], [ -73.533122, 39.2766164 ], [ -73.528438, 39.2781941 ], [ -73.5268767, 39.278801 ], [ -73.5239101, 39.2805 ], [ -73.5207875, 39.2819563 ], [ -73.5134492, 39.2847474 ], [ -73.5107168, 39.2860215 ], [ -73.5020514, 39.2886912 ], [ -73.4895606, 39.2918463 ], [ -73.4879992, 39.2923316 ], [ -73.4850327, 39.2935449 ], [ -73.4837056, 39.2945156 ], [ -73.4827688, 39.2956682 ], [ -73.4817541, 39.2980946 ], [ -73.4812078, 39.3017947 ], [ -73.4805832, 39.3028866 ], [ -73.4794123, 39.3042513 ], [ -73.4719179, 39.3071326 ], [ -73.4689513, 39.3086489 ], [ -73.4620816, 39.3144713 ], [ -73.4561487, 39.3204751 ], [ -73.4531043, 39.3241134 ], [ -73.4524798, 39.3253262 ], [ -73.4512307, 39.3265389 ], [ -73.4493572, 39.3289643 ], [ -73.4460785, 39.3326022 ], [ -73.4401456, 39.3370888 ], [ -73.4397909, 39.3373105 ], [ -73.4369449, 39.3390895 ], [ -73.4323389, 39.3414539 ], [ -73.4292163, 39.3424845 ], [ -73.4260936, 39.3433333 ], [ -73.4196921, 39.3461826 ], [ -73.4110129, 39.3486146 ], [ -73.3961936, 39.3497596 ], [ -73.3915876, 39.349093 ], [ -73.3900262, 39.3486082 ], [ -73.3884648, 39.3478808 ], [ -73.3876841, 39.3466685 ], [ -73.3883085, 39.3454561 ], [ -73.3899441, 39.3443272 ], [ -73.3957509, 39.341847 ], [ -73.3973643, 39.34097 ], [ -73.3987694, 39.3398787 ], [ -73.3993939, 39.3386662 ], [ -73.3993939, 39.3374538 ], [ -73.3980667, 39.3363019 ], [ -73.3949438, 39.3349682 ], [ -73.3920553, 39.3332101 ], [ -73.3911183, 39.3319976 ], [ -73.3915867, 39.330785 ], [ -73.3928357, 39.3296936 ], [ -73.3943971, 39.3289659 ], [ -73.4006424, 39.3275106 ], [ -73.4037651, 39.3259339 ], [ -73.4061851, 39.3235085 ], [ -73.407356, 39.3210829 ], [ -73.4082146, 39.3186573 ], [ -73.4098761, 39.3125062 ], [ -73.4099424, 39.3116477 ], [ -73.410181, 39.308555 ], [ -73.4105657, 39.303571 ], [ -73.409775, 39.2992493 ], [ -73.40876, 39.296823 ], [ -73.407667, 39.2958525 ], [ -73.4061057, 39.2953672 ], [ -73.4045443, 39.2954886 ], [ -73.4014216, 39.2967019 ], [ -73.3960051, 39.2993235 ], [ -73.3945908, 39.300008 ], [ -73.3933026, 39.3003416 ], [ -73.3915852, 39.300463 ], [ -73.3900237, 39.2997352 ], [ -73.3889307, 39.298522 ], [ -73.38815, 39.2973089 ], [ -73.38815, 39.2960957 ], [ -73.3884036, 39.2951099 ], [ -73.3892092, 39.2934105 ], [ -73.3908625, 39.2899231 ], [ -73.3910381, 39.2889372 ], [ -73.3908037, 39.2865105 ], [ -73.3904914, 39.2852971 ], [ -73.3892423, 39.2843264 ], [ -73.3876809, 39.2835985 ], [ -73.3862756, 39.282385 ], [ -73.3851826, 39.2811716 ], [ -73.3844018, 39.2799581 ], [ -73.3840895, 39.2787446 ], [ -73.3842455, 39.2762568 ], [ -73.3856506, 39.2738903 ], [ -73.387407, 39.2693391 ], [ -73.3872117, 39.267822 ], [ -73.3863863, 39.2662182 ], [ -73.3817466, 39.2618747 ], [ -73.3802632, 39.2594471 ], [ -73.3798728, 39.2582332 ], [ -73.3798727, 39.2570193 ], [ -73.3803606, 39.2557548 ], [ -73.3844147, 39.2536533 ], [ -73.3861179, 39.2521634 ], [ -73.3876011, 39.2497353 ], [ -73.3881475, 39.2485212 ], [ -73.3884598, 39.2473072 ], [ -73.3883036, 39.2460931 ], [ -73.3870856, 39.2445148 ], [ -73.3842437, 39.2413581 ], [ -73.383463, 39.2399011 ], [ -73.3833068, 39.2386869 ], [ -73.3839313, 39.2374727 ], [ -73.386013, 39.2342345 ], [ -73.3880947, 39.2322106 ], [ -73.3933771, 39.2282435 ], [ -73.397983, 39.2251466 ], [ -73.4008714, 39.222839 ], [ -73.4033695, 39.2205313 ], [ -73.4068824, 39.2179199 ], [ -73.4092244, 39.2167659 ], [ -73.4123472, 39.2164015 ], [ -73.4139085, 39.216948 ], [ -73.4153138, 39.2177982 ], [ -73.4165629, 39.2187698 ], [ -73.4179682, 39.2194985 ], [ -73.4195296, 39.2197413 ], [ -73.4210909, 39.2192555 ], [ -73.4315605, 39.2133238 ], [ -73.437641, 39.2103882 ], [ -73.4394327, 39.2099315 ], [ -73.4428973, 39.2090338 ], [ -73.4473883, 39.2079365 ], [ -73.4508529, 39.207338 ], [ -73.4532179, 39.2073461 ], [ -73.4547378, 39.2074723 ], [ -73.4594219, 39.2076543 ], [ -73.4625447, 39.2074113 ], [ -73.4656674, 39.2070468 ], [ -73.4687902, 39.2065 ], [ -73.4704296, 39.2061355 ], [ -73.4719909, 39.2055281 ], [ -73.475227, 39.2031315 ], [ -73.4814012, 39.1965045 ], [ -73.4847936, 39.1940469 ], [ -73.4879161, 39.1925281 ], [ -73.4894775, 39.192042 ], [ -73.4926002, 39.1913129 ], [ -73.5007193, 39.1898788 ], [ -73.5019683, 39.1894292 ], [ -73.5068085, 39.1867437 ], [ -73.5068633, 39.1866918 ], [ -73.5128975, 39.1809836 ], [ -73.5157859, 39.1786138 ], [ -73.5174253, 39.1778238 ], [ -73.5189086, 39.1772769 ], [ -73.520548, 39.1768515 ], [ -73.5220312, 39.1767299 ], [ -73.525154, 39.1767298 ], [ -73.5298381, 39.1770942 ], [ -73.5329609, 39.1777017 ], [ -73.5360837, 39.177884 ], [ -73.5377231, 39.1777017 ], [ -73.5392844, 39.177337 ], [ -73.5407676, 39.1763647 ], [ -73.5464664, 39.1719285 ], [ -73.5515407, 39.1674921 ], [ -73.5525026, 39.166667 ], [ -73.5725802, 39.166667 ], [ -73.6426847, 39.166667 ], [ -73.6956418, 39.166667 ], [ -73.6961379, 39.1675897 ], [ -73.6990121, 39.1714986 ], [ -73.7007922, 39.1732365 ], [ -73.7044771, 39.1753875 ], [ -73.705492, 39.1762382 ], [ -73.706507, 39.1781826 ], [ -73.7078344, 39.1830435 ], [ -73.7079906, 39.1849878 ], [ -73.7079127, 39.186932 ], [ -73.7076785, 39.1879041 ], [ -73.7075225, 39.1898483 ], [ -73.7077568, 39.1917923 ], [ -73.7083814, 39.1927644 ], [ -73.7093182, 39.1937363 ], [ -73.7104112, 39.1943438 ], [ -73.7116603, 39.1948297 ], [ -73.7129095, 39.1950727 ], [ -73.7141585, 39.1951334 ], [ -73.7167348, 39.1947689 ], [ -73.7194671, 39.1936145 ], [ -73.7194886, 39.1935975 ], [ -73.723995, 39.19003 ], [ -73.726415, 39.1885111 ], [ -73.7273285, 39.1877525 ], [ -73.7348101, 39.1831862 ], [ -73.7348461, 39.1831642 ], [ -73.7428868, 39.1776797 ], [ -73.7510578, 39.1725502 ], [ -73.755345, 39.169414 ], [ -73.759203, 39.166667 ], [ -73.7630581, 39.166667 ], [ -73.7677855, 39.166667 ], [ -73.8176724, 39.166667 ], [ -73.8624036, 39.166667 ], [ -73.9243886, 39.166667 ] ], [ [ -73.2154749, 39.5405571 ], [ -73.2141478, 39.5404362 ], [ -73.2116495, 39.5405572 ], [ -73.2090734, 39.5411618 ], [ -73.2078243, 39.5417058 ], [ -73.2067313, 39.5424312 ], [ -73.2057165, 39.5433983 ], [ -73.2048578, 39.5455743 ], [ -73.2048579, 39.5475689 ], [ -73.2051702, 39.5485964 ], [ -73.2057949, 39.5495634 ], [ -73.2068879, 39.5505304 ], [ -73.2079809, 39.5512556 ], [ -73.20923, 39.5518599 ], [ -73.2104791, 39.5522225 ], [ -73.2154755, 39.5527058 ], [ -73.2167246, 39.552585 ], [ -73.2179737, 39.5522223 ], [ -73.219535, 39.5512553 ], [ -73.221877, 39.5493211 ], [ -73.2223453, 39.5481123 ], [ -73.2225795, 39.5470244 ], [ -73.2222671, 39.5450298 ], [ -73.2210179, 39.5430352 ], [ -73.2198468, 39.5420681 ], [ -73.2182854, 39.541222 ], [ -73.2154749, 39.5405571 ] ], [ [ -73.7273116, 39.2800806 ], [ -73.7234444, 39.283223 ], [ -73.7211177, 39.2858534 ], [ -73.7191596, 39.2875319 ], [ -73.7167395, 39.2891094 ], [ -73.7142414, 39.2901408 ], [ -73.7129923, 39.2905048 ], [ -73.7104941, 39.2909295 ], [ -73.706825, 39.2912329 ], [ -73.7055759, 39.2914757 ], [ -73.7042487, 39.2919611 ], [ -73.7029996, 39.2926891 ], [ -73.7019848, 39.2934777 ], [ -73.7001112, 39.2952977 ], [ -73.695606, 39.3018056 ], [ -73.6943346, 39.3030621 ], [ -73.6932904, 39.3039603 ], [ -73.6921488, 39.3049424 ], [ -73.6887139, 39.3073686 ], [ -73.6862158, 39.3086423 ], [ -73.6824685, 39.3095522 ], [ -73.6812194, 39.3094309 ], [ -73.6799703, 39.3085819 ], [ -73.6795018, 39.3074902 ], [ -73.6799702, 39.3062771 ], [ -73.680985, 39.3053067 ], [ -73.683327, 39.3037296 ], [ -73.6855908, 39.3019705 ], [ -73.6865277, 39.3010606 ], [ -73.6873082, 39.2991196 ], [ -73.6871521, 39.2981491 ], [ -73.6865274, 39.2971786 ], [ -73.6858248, 39.296208 ], [ -73.6837169, 39.2945095 ], [ -73.6829361, 39.293539 ], [ -73.6820773, 39.2915977 ], [ -73.6819674, 39.2911424 ], [ -73.681843, 39.2906271 ], [ -73.681843, 39.2896564 ], [ -73.6820771, 39.2877151 ], [ -73.6827015, 39.2857736 ], [ -73.6827796, 39.2838321 ], [ -73.6820152, 39.2822483 ], [ -73.6774705, 39.2771581 ], [ -73.6751804, 39.2735983 ], [ -73.6749721, 39.2723038 ], [ -73.6751282, 39.2713329 ], [ -73.6755965, 39.270362 ], [ -73.6764552, 39.269391 ], [ -73.6788753, 39.267449 ], [ -73.6801243, 39.2668421 ], [ -73.6813734, 39.2664779 ], [ -73.6839497, 39.2661137 ], [ -73.6880873, 39.2663867 ], [ -73.6891802, 39.2665991 ], [ -73.6904294, 39.2669631 ], [ -73.6932399, 39.2682982 ], [ -73.6955821, 39.27024 ], [ -73.6991735, 39.2755798 ], [ -73.7005007, 39.2770361 ], [ -73.7029208, 39.2783709 ], [ -73.7054191, 39.2790383 ], [ -73.7066682, 39.2792203 ], [ -73.7081438, 39.2793903 ], [ -73.711032, 39.2791953 ], [ -73.7137947, 39.2787077 ], [ -73.7170597, 39.2777813 ], [ -73.71932, 39.2769035 ], [ -73.7203874, 39.2763184 ], [ -73.7209881, 39.27589 ], [ -73.722584, 39.2743996 ], [ -73.7228813, 39.2741433 ], [ -73.7236088, 39.273516 ], [ -73.7256385, 39.2715741 ], [ -73.7301717, 39.2657921 ], [ -73.7315651, 39.2647414 ], [ -73.7332825, 39.2642559 ], [ -73.7349744, 39.2645902 ], [ -73.7360674, 39.2655612 ], [ -73.7363336, 39.2675687 ], [ -73.7360994, 39.2685396 ], [ -73.7351628, 39.2704815 ], [ -73.7339138, 39.2724235 ], [ -73.7303697, 39.277472 ], [ -73.7298175, 39.2780444 ], [ -73.7273116, 39.2800806 ] ], [ [ -73.6201629, 39.1691916 ], [ -73.6229734, 39.1706501 ], [ -73.6237542, 39.1716224 ], [ -73.6242227, 39.1725947 ], [ -73.6244568, 39.1736277 ], [ -73.6243789, 39.175633 ], [ -73.6240667, 39.1767268 ], [ -73.6230519, 39.1778814 ], [ -73.6207099, 39.1794613 ], [ -73.6194608, 39.1798867 ], [ -73.6170407, 39.1803728 ], [ -73.6146987, 39.1806159 ], [ -73.6134496, 39.180616 ], [ -73.6122005, 39.1802514 ], [ -73.6100145, 39.1789147 ], [ -73.6090776, 39.1779426 ], [ -73.6086092, 39.1769096 ], [ -73.6083748, 39.1749651 ], [ -73.6084529, 39.1740535 ], [ -73.6089212, 39.1729597 ], [ -73.609858, 39.1716228 ], [ -73.6111071, 39.1705896 ], [ -73.6136052, 39.169678 ], [ -73.6173524, 39.1689486 ], [ -73.6187577, 39.1689486 ], [ -73.6201629, 39.1691916 ] ] ] } },
{ "type": "Feature", "properties": { "RCID": 195, "PRIM": 3, "GRUP": 1, "OBJL": 42, "RVER": 1, "AGEN": 550, "FIDN": 1117406544, "FIDS": 48294, "LNAM": "0226429A4550BCA6", "DRVAL1": 109.7, "DRVAL2": 118.8 }, "geometry": { "type": "Polygon", "coordinates": [ [ [ -72.3583222, 39.5605697 ], [ -72.3485214, 39.5649825 ], [ -72.3442716, 39.5680893 ], [ -72.3412906, 39.5726752 ], [ -72.3395907, 39.5766269 ], [ -72.338871, 39.581073 ], [ -72.3388112, 39.5858732 ], [ -72.3365296, 39.5938186 ], [ -72.3365297, 39.5974426 ], [ -72.3360309, 39.6 ], [ -72.2612199, 39.6 ], [ -72.2615842, 39.5994982 ], [ -72.2626147, 39.598701 ], [ -72.268949, 39.5955504 ], [ -72.272227, 39.5933523 ], [ -72.2749904, 39.5902421 ], [ -72.2759482, 39.5881667 ], [ -72.2759481, 39.5867935 ], [ -72.2740743, 39.5843975 ], [ -72.271472, 39.5835921 ], [ -72.2659105, 39.5828098 ], [ -72.2650183, 39.5824646 ], [ -72.2633281, 39.5812973 ], [ -72.262156, 39.5795412 ], [ -72.2619533, 39.5776157 ], [ -72.2627469, 39.5761158 ], [ -72.2641805, 39.5747844 ], [ -72.2700042, 39.5718546 ], [ -72.273293, 39.5708646 ], [ -72.2815902, 39.5678207 ], [ -72.2928059, 39.5623733 ], [ -72.302993, 39.5553124 ], [ -72.3041787, 39.5539941 ], [ -72.3050659, 39.5524331 ], [ -72.3063929, 39.5504386 ], [ -72.3074498, 39.5492112 ], [ -72.3091838, 39.5479908 ], [ -72.3127052, 39.5461731 ], [ -72.3155267, 39.5453537 ], [ -72.3171661, 39.545059 ], [ -72.318034, 39.5451023 ], [ -72.3194772, 39.5451743 ], [ -72.3214781, 39.5453462 ], [ -72.3248085, 39.5458063 ], [ -72.3254387, 39.5444523 ], [ -72.3257632, 39.5444972 ], [ -72.3311404, 39.54524 ], [ -72.3365271, 39.5463278 ], [ -72.3415236, 39.5477782 ], [ -72.3455052, 39.5485638 ], [ -72.3499551, 39.5494098 ], [ -72.3526615, 39.5495594 ], [ -72.359506, 39.5505054 ], [ -72.364554, 39.5518269 ], [ -72.371928, 39.5544034 ], [ -72.3742346, 39.5554527 ], [ -72.3767441, 39.5568944 ], [ -72.3791724, 39.5589586 ], [ -72.3810359, 39.5610097 ], [ -72.3822544, 39.5642247 ], [ -72.3825411, 39.5666636 ], [ -72.3820394, 39.5691024 ], [ -72.3759113, 39.5818492 ], [ -72.3758396, 39.5837887 ], [ -72.3762696, 39.585839 ], [ -72.3773805, 39.5888867 ], [ -72.3786083, 39.5909181 ], [ -72.379311, 39.5915825 ], [ -72.3811847, 39.5944213 ], [ -72.3821322, 39.5991886 ], [ -72.3820011, 39.6 ], [ -72.3790309, 39.6 ], [ -72.3791864, 39.5995188 ], [ -72.3789256, 39.5962925 ], [ -72.3764907, 39.5907671 ], [ -72.3748108, 39.5863282 ], [ -72.3743557, 39.584569 ], [ -72.3741107, 39.5832158 ], [ -72.3741457, 39.5814295 ], [ -72.3746883, 39.5791018 ], [ -72.3754234, 39.5770988 ], [ -72.3764387, 39.5751228 ], [ -72.3779047, 39.5726137 ], [ -72.3799181, 39.5681904 ], [ -72.3800901, 39.5630064 ], [ -72.3797778, 39.5620395 ], [ -72.377658, 39.5596704 ], [ -72.3768178, 39.558831 ], [ -72.3753277, 39.5576283 ], [ -72.373376, 39.5567219 ], [ -72.3705655, 39.5562687 ], [ -72.3680673, 39.5565105 ], [ -72.3660125, 39.5571071 ], [ -72.3583222, 39.5605697 ] ] ] } },
{ "type": "Feature", "properties": { "RCID": 196, "PRIM": 3, "GRUP": 1, "OBJL": 42, "RVER": 1, "AGEN": 550, "FIDN": 1737421906, "FIDS": 48294, "LNAM": "0226678EF452BCA6", "DRVAL1": 109.7, "DRVAL2": 118.8 }, "geometry": { "type": "Polygon", "coordinates": [ [ [ -72.7733548, 39.166667 ], [ -72.7724422, 39.1677607 ], [ -72.7699803, 39.1709016 ], [ -72.7681348, 39.1736475 ], [ -72.7671006, 39.1760311 ], [ -72.7663208, 39.1778282 ], [ -72.7599522, 39.1880563 ], [ -72.758391, 39.1909726 ], [ -72.7561274, 39.1972906 ], [ -72.7555791, 39.2004361 ], [ -72.7552314, 39.2024904 ], [ -72.7543487, 39.2047985 ], [ -72.7526196, 39.2079004 ], [ -72.7504291, 39.2127796 ], [ -72.7444187, 39.2289938 ], [ -72.7402034, 39.2371905 ], [ -72.739605, 39.239963 ], [ -72.7385197, 39.2433396 ], [ -72.7368265, 39.2463022 ], [ -72.7325378, 39.2516752 ], [ -72.7309453, 39.2533263 ], [ -72.7252923, 39.260841 ], [ -72.7227175, 39.2654166 ], [ -72.7195061, 39.270433 ], [ -72.7175604, 39.2725486 ], [ -72.7175001, 39.2726141 ], [ -72.7150928, 39.2747953 ], [ -72.7129263, 39.277101 ], [ -72.7107725, 39.2796156 ], [ -72.7093373, 39.2812911 ], [ -72.705485, 39.2884139 ], [ -72.7038451, 39.2930445 ], [ -72.7036252, 39.2935098 ], [ -72.7005478, 39.3000209 ], [ -72.6982059, 39.3032761 ], [ -72.6933608, 39.3087754 ], [ -72.6889635, 39.3146387 ], [ -72.6887587, 39.3149687 ], [ -72.6868371, 39.3180642 ], [ -72.6849113, 39.3218007 ], [ -72.6818621, 39.3283392 ], [ -72.6804178, 39.3321376 ], [ -72.6795351, 39.3337564 ], [ -72.6789725, 39.3343485 ], [ -72.6761142, 39.3373564 ], [ -72.6722977, 39.3402529 ], [ -72.6693225, 39.3419033 ], [ -72.666278, 39.3442675 ], [ -72.6525385, 39.3559785 ], [ -72.6505089, 39.357906 ], [ -72.648167, 39.3607545 ], [ -72.6270628, 39.381587 ], [ -72.6255018, 39.3831136 ], [ -72.6198097, 39.3886803 ], [ -72.6125727, 39.3946173 ], [ -72.6086252, 39.3985051 ], [ -72.6027839, 39.4036554 ], [ -72.5977817, 39.4091533 ], [ -72.5963945, 39.4113059 ], [ -72.5899683, 39.4194958 ], [ -72.585494, 39.4224019 ], [ -72.5818832, 39.4247027 ], [ -72.5793154, 39.4264438 ], [ -72.5764268, 39.4291175 ], [ -72.5734519, 39.4314515 ], [ -72.5669669, 39.4346368 ], [ -72.5626302, 39.4388408 ], [ -72.559628, 39.4425775 ], [ -72.557943, 39.4441939 ], [ -72.5562101, 39.4452141 ], [ -72.5559369, 39.445375 ], [ -72.5536902, 39.4463696 ], [ -72.551991, 39.4476096 ], [ -72.5504298, 39.4500307 ], [ -72.5497274, 39.4544491 ], [ -72.5498091, 39.4559394 ], [ -72.5503708, 39.4574933 ], [ -72.5511732, 39.460228 ], [ -72.5514747, 39.4620026 ], [ -72.5515744, 39.4625896 ], [ -72.5512558, 39.4649013 ], [ -72.5491504, 39.4685735 ], [ -72.5458806, 39.4711081 ], [ -72.5410628, 39.4732087 ], [ -72.5375237, 39.4742374 ], [ -72.5349423, 39.475738 ], [ -72.5338026, 39.4770812 ], [ -72.5302897, 39.4830707 ], [ -72.5266467, 39.4854235 ], [ -72.5243121, 39.4860266 ], [ -72.5216712, 39.4864104 ], [ -72.5194384, 39.4872755 ], [ -72.5183009, 39.4880101 ], [ -72.5160148, 39.4903132 ], [ -72.5134275, 39.4943229 ], [ -72.511518, 39.4962957 ], [ -72.5093682, 39.4977102 ], [ -72.5075204, 39.4993683 ], [ -72.5023047, 39.5027846 ], [ -72.48726, 39.5132415 ], [ -72.4846214, 39.514584 ], [ -72.4819286, 39.5164087 ], [ -72.4768803, 39.5217301 ], [ -72.4742421, 39.5241719 ], [ -72.472788, 39.5255178 ], [ -72.4702202, 39.5280013 ], [ -72.4677327, 39.5307333 ], [ -72.4662884, 39.5326579 ], [ -72.4623731, 39.5388288 ], [ -72.4580016, 39.5468882 ], [ -72.4563312, 39.5516308 ], [ -72.45566, 39.5552689 ], [ -72.454151, 39.5599424 ], [ -72.4489468, 39.5689863 ], [ -72.4471825, 39.5716417 ], [ -72.445772, 39.5739166 ], [ -72.4443741, 39.5761712 ], [ -72.4432506, 39.5790253 ], [ -72.4422075, 39.5818791 ], [ -72.442047, 39.5848571 ], [ -72.442047, 39.5868422 ], [ -72.4422075, 39.5881449 ], [ -72.4432908, 39.5902542 ], [ -72.4457783, 39.5932317 ], [ -72.4480251, 39.5960849 ], [ -72.4492287, 39.5980078 ], [ -72.4499779, 39.6 ], [ -72.4431154, 39.6 ], [ -72.4426778, 39.5984803 ], [ -72.441782, 39.5961257 ], [ -72.4387209, 39.5891646 ], [ -72.4371594, 39.586688 ], [ -72.4363656, 39.5842314 ], [ -72.4361174, 39.5811606 ], [ -72.4367687, 39.5784722 ], [ -72.4391885, 39.5744243 ], [ -72.4406912, 39.5711768 ], [ -72.4424991, 39.5647391 ], [ -72.443152, 39.5606948 ], [ -72.4433806, 39.5576844 ], [ -72.4447777, 39.5576548 ], [ -72.4488114, 39.5575692 ], [ -72.4495707, 39.5548259 ], [ -72.4495704, 39.5494672 ], [ -72.4501557, 39.5462941 ], [ -72.4522243, 39.5414887 ], [ -72.4528488, 39.5395545 ], [ -72.4528487, 39.5377409 ], [ -72.451446, 39.5301651 ], [ -72.4513624, 39.5284064 ], [ -72.4509112, 39.5253546 ], [ -72.4500087, 39.5226647 ], [ -72.4493236, 39.5216043 ], [ -72.4478529, 39.5205179 ], [ -72.4448113, 39.518759 ], [ -72.4421707, 39.516431 ], [ -72.4409174, 39.5147237 ], [ -72.4398477, 39.5128095 ], [ -72.4395469, 39.511542 ], [ -72.4394467, 39.5100673 ], [ -72.4393966, 39.5078425 ], [ -72.4395637, 39.5052555 ], [ -72.4399648, 39.5031599 ], [ -72.44065, 39.4997964 ], [ -72.4414856, 39.496174 ], [ -72.4424047, 39.4932501 ], [ -72.4424903, 39.4926457 ], [ -72.4429395, 39.4894721 ], [ -72.4436247, 39.4866256 ], [ -72.4450954, 39.4826143 ], [ -72.4461483, 39.4804921 ], [ -72.4476523, 39.4786028 ], [ -72.4492901, 39.4772052 ], [ -72.4506271, 39.4762217 ], [ -72.4524551, 39.4751475 ], [ -72.4546151, 39.4747743 ], [ -72.4618053, 39.4744258 ], [ -72.4653364, 39.4735135 ], [ -72.4678345, 39.4725453 ], [ -72.4714256, 39.4697619 ], [ -72.4725184, 39.4677287 ], [ -72.4718936, 39.4623793 ], [ -72.4724595, 39.4606243 ], [ -72.4734894, 39.4587079 ], [ -72.4743915, 39.4576589 ], [ -72.4780992, 39.456475 ], [ -72.4878192, 39.456085 ], [ -72.4920349, 39.4555401 ], [ -72.4979679, 39.4529981 ], [ -72.5003536, 39.4508554 ], [ -72.5012895, 39.4498197 ], [ -72.5033544, 39.4484584 ], [ -72.5115515, 39.4451896 ], [ -72.5144204, 39.4432828 ], [ -72.5156109, 39.4414365 ], [ -72.5173283, 39.4401047 ], [ -72.5192019, 39.4393782 ], [ -72.5262091, 39.4376747 ], [ -72.5273165, 39.4373357 ], [ -72.5289165, 39.436846 ], [ -72.530454, 39.4361208 ], [ -72.5313397, 39.4352403 ], [ -72.5319748, 39.4338677 ], [ -72.5320082, 39.4324174 ], [ -72.5318225, 39.4307311 ], [ -72.5317743, 39.4302937 ], [ -72.5313732, 39.4287397 ], [ -72.5312061, 39.4274447 ], [ -72.5311726, 39.4264346 ], [ -72.5314734, 39.4254763 ], [ -72.5328271, 39.4236631 ], [ -72.5345805, 39.4224257 ], [ -72.5408727, 39.4213114 ], [ -72.5425, 39.4207704 ], [ -72.5441307, 39.4198217 ], [ -72.5455879, 39.4177023 ], [ -72.5455878, 39.4162005 ], [ -72.5440263, 39.4128094 ], [ -72.5440263, 39.41201 ], [ -72.5463994, 39.4098055 ], [ -72.5495334, 39.4083871 ], [ -72.5517157, 39.4077099 ], [ -72.5532381, 39.4069225 ], [ -72.5583085, 39.4026036 ], [ -72.5603473, 39.4013599 ], [ -72.5627873, 39.4002717 ], [ -72.5658958, 39.399313 ], [ -72.5690711, 39.3989243 ], [ -72.5715111, 39.398717 ], [ -72.574302, 39.3988466 ], [ -72.5771266, 39.3989269 ], [ -72.5795112, 39.3986955 ], [ -72.5819217, 39.397785 ], [ -72.5832158, 39.3970187 ], [ -72.5852215, 39.3942952 ], [ -72.5862709, 39.3923406 ], [ -72.587546, 39.3860652 ], [ -72.5886447, 39.3833365 ], [ -72.5904683, 39.3813146 ], [ -72.59352, 39.3794198 ], [ -72.5988286, 39.3773596 ], [ -72.6024195, 39.3745723 ], [ -72.6047658, 39.372029 ], [ -72.6052311, 39.3713884 ], [ -72.6064036, 39.3697738 ], [ -72.6078059, 39.3676037 ], [ -72.6095623, 39.3631192 ], [ -72.6106657, 39.3591137 ], [ -72.6122205, 39.3560956 ], [ -72.6128729, 39.3552851 ], [ -72.6150433, 39.3538809 ], [ -72.6181737, 39.3524224 ], [ -72.6268537, 39.3494136 ], [ -72.6297806, 39.3479931 ], [ -72.6318177, 39.3452813 ], [ -72.6333019, 39.344705 ], [ -72.6387198, 39.3436773 ], [ -72.6408843, 39.3424166 ], [ -72.6424409, 39.3410352 ], [ -72.6429353, 39.3402673 ], [ -72.6432434, 39.3388315 ], [ -72.6415332, 39.3341837 ], [ -72.6417541, 39.3328104 ], [ -72.6425871, 39.3310852 ], [ -72.6442396, 39.329545 ], [ -72.6451597, 39.3291876 ], [ -72.6508643, 39.3287248 ], [ -72.6527869, 39.3277292 ], [ -72.6565459, 39.3246168 ], [ -72.6572813, 39.324124 ], [ -72.6577212, 39.3239827 ], [ -72.6582506, 39.3238127 ], [ -72.6602226, 39.3235014 ], [ -72.6612253, 39.3230605 ], [ -72.6627962, 39.3220488 ], [ -72.6636653, 39.3211668 ], [ -72.6650023, 39.3187803 ], [ -72.6659883, 39.3172238 ], [ -72.6671581, 39.3160564 ], [ -72.6687747, 39.3146791 ], [ -72.6721856, 39.313065 ], [ -72.6762245, 39.3119239 ], [ -72.678455, 39.3101911 ], [ -72.6794385, 39.3085171 ], [ -72.67986, 39.306552 ], [ -72.6799532, 39.3062978 ], [ -72.681258, 39.3027369 ], [ -72.6822273, 39.2995193 ], [ -72.6843872, 39.2907806 ], [ -72.6858524, 39.2875754 ], [ -72.6859968, 39.2872595 ], [ -72.6878685, 39.2837298 ], [ -72.6879186, 39.282458 ], [ -72.6876847, 39.2816534 ], [ -72.6872502, 39.2811084 ], [ -72.6865483, 39.2805373 ], [ -72.6859132, 39.280148 ], [ -72.682513, 39.2795363 ], [ -72.680327, 39.2789701 ], [ -72.6774751, 39.2771457 ], [ -72.6768683, 39.2756479 ], [ -72.6774676, 39.2735853 ], [ -72.6790634, 39.2720381 ], [ -72.6836575, 39.2704749 ], [ -72.6896657, 39.2694761 ], [ -72.6905943, 39.2691671 ], [ -72.6913035, 39.268931 ], [ -72.6936766, 39.2678926 ], [ -72.6954717, 39.2666311 ], [ -72.6978238, 39.2645097 ], [ -72.7018719, 39.2576003 ], [ -72.7019773, 39.2574204 ], [ -72.7053855, 39.2503042 ], [ -72.706929, 39.2460153 ], [ -72.706831, 39.2451046 ], [ -72.70662, 39.2444928 ], [ -72.7024725, 39.240372 ], [ -72.7012993, 39.2385476 ], [ -72.7010569, 39.2370399 ], [ -72.7017156, 39.2356738 ], [ -72.7026248, 39.234731 ], [ -72.7047601, 39.2336929 ], [ -72.7072114, 39.232978 ], [ -72.7098345, 39.2309378 ], [ -72.7113958, 39.2289948 ], [ -72.7131327, 39.2262926 ], [ -72.7144932, 39.2229662 ], [ -72.7161685, 39.2173181 ], [ -72.7166413, 39.2165825 ], [ -72.7181789, 39.2151868 ], [ -72.7217705, 39.2131547 ], [ -72.7250781, 39.2121896 ], [ -72.7269124, 39.2110003 ], [ -72.7285698, 39.2095266 ], [ -72.7292334, 39.2088574 ], [ -72.7298709, 39.2079281 ], [ -72.7321375, 39.203813 ], [ -72.7335211, 39.1988905 ], [ -72.7339111, 39.1980312 ], [ -72.7344069, 39.1969386 ], [ -72.7351757, 39.1957432 ], [ -72.7362787, 39.1944179 ], [ -72.7457632, 39.1847151 ], [ -72.746529, 39.1819582 ], [ -72.7458364, 39.179443 ], [ -72.7429043, 39.1762362 ], [ -72.7422245, 39.1744724 ], [ -72.7425493, 39.1729548 ], [ -72.7439213, 39.1712458 ], [ -72.7473043, 39.1699493 ], [ -72.7501841, 39.1692487 ], [ -72.7521097, 39.1679369 ], [ -72.7532976, 39.166667 ], [ -72.7616141, 39.166667 ], [ -72.7628912, 39.166667 ], [ -72.7733548, 39.166667 ] ] ] } },
{ "type": "Feature", "properties": { "RCID": 197, "PRIM": 3, "GRUP": 1, "OBJL": 42, "RVER": 1, "AGEN": 550, "FIDN": -545433815, "FIDS": 48294, "LNAM": "0226DF7D5729BCA6", "DRVAL1": 118.8, "DRVAL2": 128.0 }, "geometry": { "type": "Polygon", "coordinates": [ [ [ -72.3254387, 39.5444523 ], [ -72.3249094, 39.5443792 ], [ -72.3202506, 39.5440465 ], [ -72.3164895, 39.5440316 ], [ -72.3135796, 39.5437986 ], [ -72.3092709, 39.5434536 ], [ -72.3009902, 39.5424484 ], [ -72.2988554, 39.5423451 ], [ -72.296332, 39.5426708 ], [ -72.2933441, 39.5437386 ], [ -72.2926526, 39.5442741 ], [ -72.289608, 39.5458457 ], [ -72.2874333, 39.5463206 ], [ -72.2842781, 39.546626 ], [ -72.2775074, 39.5448789 ], [ -72.275622, 39.544587 ], [ -72.2721675, 39.546233 ], [ -72.2700598, 39.5478649 ], [ -72.260567, 39.5535827 ], [ -72.2563123, 39.5558189 ], [ -72.2540599, 39.5577563 ], [ -72.2532678, 39.559596 ], [ -72.2529427, 39.5613585 ], [ -72.2519995, 39.5642792 ], [ -72.2507653, 39.565553 ], [ -72.2469795, 39.5675818 ], [ -72.2426078, 39.573271 ], [ -72.2391419, 39.576177 ], [ -72.2356218, 39.5778797 ], [ -72.2317297, 39.5783818 ], [ -72.2216122, 39.5792641 ], [ -72.2175526, 39.5807746 ], [ -72.2114189, 39.5841918 ], [ -72.2109251, 39.5844568 ], [ -72.2034694, 39.5884589 ], [ -72.1952256, 39.5912861 ], [ -72.192654, 39.5928494 ], [ -72.1892926, 39.5950914 ], [ -72.1856704, 39.5983744 ], [ -72.1825554, 39.6 ], [ -72.2015027, 39.6 ], [ -72.2036077, 39.5979956 ], [ -72.2061413, 39.5966888 ], [ -72.2080811, 39.5962384 ], [ -72.2095904, 39.5962384 ], [ -72.2110477, 39.5965202 ], [ -72.2126352, 39.5977483 ], [ -72.2130256, 39.5986542 ], [ -72.2130257, 39.5994997 ], [ -72.212864, 39.6 ], [ -72.2364455, 39.6 ], [ -72.2612199, 39.6 ], [ -72.2615842, 39.5994982 ], [ -72.2626147, 39.598701 ], [ -72.268949, 39.5955504 ], [ -72.272227, 39.5933523 ], [ -72.2749904, 39.5902421 ], [ -72.2759482, 39.5881667 ], [ -72.2759481, 39.5867935 ], [ -72.2740743, 39.5843975 ], [ -72.271472, 39.5835921 ], [ -72.2659105, 39.5828098 ], [ -72.2650183, 39.5824646 ], [ -72.2633281, 39.5812973 ], [ -72.262156, 39.5795412 ], [ -72.2619533, 39.5776157 ], [ -72.2627469, 39.5761158 ], [ -72.2641805, 39.5747844 ], [ -72.2700042, 39.5718546 ], [ -72.273293, 39.5708646 ], [ -72.2815902, 39.5678207 ], [ -72.2928059, 39.5623733 ], [ -72.302993, 39.5553124 ], [ -72.3041787, 39.5539941 ], [ -72.3050659, 39.5524331 ], [ -72.3063929, 39.5504386 ], [ -72.3074498, 39.5492112 ], [ -72.3091838, 39.5479908 ], [ -72.3127052, 39.5461731 ], [ -72.3155267, 39.5453537 ], [ -72.3171661, 39.545059 ], [ -72.318034, 39.5451023 ], [ -72.3194772, 39.5451743 ], [ -72.3214781, 39.5453462 ], [ -72.3248085, 39.5458063 ], [ -72.3254387, 39.5444523 ] ] ] } },
{ "type": "Feature", "properties": { "RCID": 198, "PRIM": 3, "GRUP": 1, "OBJL": 42, "RVER": 1, "AGEN": 550, "FIDN": -1753763467, "FIDS": 48294, "LNAM": "02269777B175BCA6", "DRVAL1": 82.2, "DRVAL2": 91.4 }, "geometry": { "type": "Polygon", "coordinates": [ [ [ -72.9513807, 39.166667 ], [ -72.950282, 39.1672084 ], [ -72.9499697, 39.1676946 ], [ -72.9370889, 39.176628 ], [ -72.9333008, 39.1790855 ], [ -72.9226764, 39.1855763 ], [ -72.9203776, 39.1868681 ], [ -72.9183642, 39.1879994 ], [ -72.9044428, 39.1973891 ], [ -72.8980055, 39.2030892 ], [ -72.8948164, 39.2063979 ], [ -72.8886415, 39.2143423 ], [ -72.8853316, 39.2177757 ], [ -72.8824736, 39.2205153 ], [ -72.8790083, 39.2234572 ], [ -72.8755055, 39.2258793 ], [ -72.8698493, 39.2287077 ], [ -72.8619118, 39.2323904 ], [ -72.8559787, 39.2345763 ], [ -72.8499607, 39.2371636 ], [ -72.838871, 39.24351 ], [ -72.8345105, 39.2472045 ], [ -72.8335219, 39.2481551 ], [ -72.8311652, 39.2504212 ], [ -72.8240581, 39.2596856 ], [ -72.8217861, 39.2618936 ], [ -72.8174144, 39.2652923 ], [ -72.813355, 39.2676593 ], [ -72.811013, 39.2685696 ], [ -72.8077168, 39.2695305 ], [ -72.8018358, 39.2719797 ], [ -72.799753, 39.2733674 ], [ -72.7988793, 39.2744995 ], [ -72.7983775, 39.2760599 ], [ -72.7981901, 39.2827699 ], [ -72.7968053, 39.284492 ], [ -72.7925658, 39.2871279 ], [ -72.7912887, 39.2887821 ], [ -72.7902479, 39.291384 ], [ -72.7893738, 39.2947812 ], [ -72.7887649, 39.2961157 ], [ -72.7873425, 39.2982051 ], [ -72.7846487, 39.300358 ], [ -72.7824686, 39.3018929 ], [ -72.7812418, 39.3027567 ], [ -72.7785774, 39.3050933 ], [ -72.7768821, 39.3074351 ], [ -72.7754159, 39.3106247 ], [ -72.775416, 39.3124778 ], [ -72.7754161, 39.3138269 ], [ -72.7760957, 39.3163523 ], [ -72.7760409, 39.319406 ], [ -72.7765094, 39.3203762 ], [ -72.7771339, 39.3208007 ], [ -72.7789184, 39.3212425 ], [ -72.7804909, 39.3209371 ], [ -72.7830024, 39.3193343 ], [ -72.7837453, 39.3189518 ], [ -72.7847044, 39.3188752 ], [ -72.7854601, 39.3191969 ], [ -72.7858966, 39.3194208 ], [ -72.7859891, 39.3200814 ], [ -72.7857215, 39.3207398 ], [ -72.7810354, 39.3275545 ], [ -72.7784125, 39.3308887 ], [ -72.7732313, 39.3374747 ], [ -72.771514, 39.3391116 ], [ -72.7713578, 39.3395359 ], [ -72.7682353, 39.3434158 ], [ -72.7669955, 39.3457265 ], [ -72.765851, 39.3498743 ], [ -72.7656354, 39.3518835 ], [ -72.7649374, 39.3536901 ], [ -72.7617173, 39.3566904 ], [ -72.7560054, 39.3609128 ], [ -72.7548937, 39.3622939 ], [ -72.7518368, 39.369637 ], [ -72.7516628, 39.3700549 ], [ -72.750203, 39.3731136 ], [ -72.7491017, 39.3748233 ], [ -72.748954, 39.3750526 ], [ -72.7449302, 39.3796795 ], [ -72.7435052, 39.3824446 ], [ -72.7410699, 39.3918953 ], [ -72.7393384, 39.3960476 ], [ -72.7377289, 39.3978317 ], [ -72.7342003, 39.3998912 ], [ -72.73292, 39.4008846 ], [ -72.7310621, 39.4033559 ], [ -72.7293364, 39.4071035 ], [ -72.7270631, 39.4109836 ], [ -72.7236618, 39.4141021 ], [ -72.7150468, 39.4194395 ], [ -72.7118095, 39.4208745 ], [ -72.7053522, 39.4231285 ], [ -72.7028763, 39.4246415 ], [ -72.7013258, 39.4264315 ], [ -72.7008664, 39.4269619 ], [ -72.6993052, 39.4299286 ], [ -72.6980523, 39.4345935 ], [ -72.6976663, 39.4405835 ], [ -72.6978228, 39.447242 ], [ -72.6972179, 39.4500565 ], [ -72.6952728, 39.4533754 ], [ -72.6925146, 39.4560485 ], [ -72.6861356, 39.4614219 ], [ -72.6744034, 39.4703608 ], [ -72.6681582, 39.4760485 ], [ -72.6670898, 39.4770635 ], [ -72.6624944, 39.481358 ], [ -72.6590083, 39.4843026 ], [ -72.6553063, 39.4874863 ], [ -72.6422218, 39.4965004 ], [ -72.6405436, 39.4974476 ], [ -72.6317485, 39.502412 ], [ -72.6303314, 39.5034315 ], [ -72.6259247, 39.5052063 ], [ -72.6227239, 39.5068393 ], [ -72.6193637, 39.5090086 ], [ -72.616739, 39.512262 ], [ -72.6119107, 39.5160131 ], [ -72.6106958, 39.5173512 ], [ -72.610445, 39.5180365 ], [ -72.6104846, 39.518527 ], [ -72.6106826, 39.5191402 ], [ -72.6115945, 39.5202543 ], [ -72.612901, 39.5215008 ], [ -72.6138122, 39.5222978 ], [ -72.6141687, 39.5232787 ], [ -72.6146839, 39.5252824 ], [ -72.614707, 39.526259 ], [ -72.6147659, 39.5287497 ], [ -72.6148046, 39.5299131 ], [ -72.6150037, 39.5307347 ], [ -72.6155304, 39.5315891 ], [ -72.6164988, 39.5326012 ], [ -72.616714, 39.5338672 ], [ -72.6163824, 39.5359226 ], [ -72.6150014, 39.5387744 ], [ -72.6132905, 39.5404304 ], [ -72.6100787, 39.5420885 ], [ -72.609298, 39.5426929 ], [ -72.6085434, 39.5438615 ], [ -72.608316, 39.5452706 ], [ -72.6085552, 39.5495253 ], [ -72.607737, 39.5507922 ], [ -72.6061299, 39.5520365 ], [ -72.5970679, 39.5560705 ], [ -72.5945698, 39.5570375 ], [ -72.59361, 39.5572167 ], [ -72.5924804, 39.5572293 ], [ -72.5914992, 39.5570778 ], [ -72.5897816, 39.5556275 ], [ -72.5889748, 39.554016 ], [ -72.5877963, 39.5486471 ], [ -72.5872417, 39.5476665 ], [ -72.5866475, 39.5464974 ], [ -72.5851024, 39.5454862 ], [ -72.5841517, 39.5451797 ], [ -72.5830029, 39.5450265 ], [ -72.5816163, 39.5450572 ], [ -72.5801506, 39.545241 ], [ -72.5788037, 39.5457007 ], [ -72.5759514, 39.5476665 ], [ -72.5733089, 39.5494031 ], [ -72.5705444, 39.5520447 ], [ -72.5681517, 39.5552202 ], [ -72.5667905, 39.5575621 ], [ -72.5654245, 39.561067 ], [ -72.563752, 39.5682491 ], [ -72.5630455, 39.5731712 ], [ -72.5627711, 39.5793143 ], [ -72.5633957, 39.5812474 ], [ -72.5658941, 39.5849928 ], [ -72.5658942, 39.5865633 ], [ -72.5645671, 39.5886172 ], [ -72.5600004, 39.5933286 ], [ -72.5560855, 39.5983177 ], [ -72.5555898, 39.5998518 ], [ -72.5555838, 39.6 ], [ -72.5510873, 39.6 ], [ -72.5440811, 39.6 ], [ -72.5049083, 39.6 ], [ -72.5060899, 39.5974942 ], [ -72.5096974, 39.5880417 ], [ -72.5107607, 39.5826984 ], [ -72.5131531, 39.572539 ], [ -72.5144442, 39.5683104 ], [ -72.5157641, 39.5653939 ], [ -72.5168365, 39.5630243 ], [ -72.5192669, 39.5596175 ], [ -72.5218621, 39.5565965 ], [ -72.5250471, 39.5536231 ], [ -72.5297465, 39.5470472 ], [ -72.5319713, 39.5436019 ], [ -72.5413162, 39.5305407 ], [ -72.5430562, 39.527576 ], [ -72.5484036, 39.5217776 ], [ -72.5533217, 39.5181496 ], [ -72.5580746, 39.5156952 ], [ -72.5662146, 39.5089391 ], [ -72.5842561, 39.4965564 ], [ -72.584759, 39.4962099 ], [ -72.5926739, 39.4907571 ], [ -72.5997709, 39.4865774 ], [ -72.60586, 39.4825845 ], [ -72.6105801, 39.4789409 ], [ -72.6126322, 39.4773569 ], [ -72.6246873, 39.4643798 ], [ -72.627805, 39.4599854 ], [ -72.6312284, 39.4562683 ], [ -72.6353297, 39.4526208 ], [ -72.6389751, 39.4493262 ], [ -72.6429244, 39.4467963 ], [ -72.6494201, 39.4420378 ], [ -72.6521626, 39.4398112 ], [ -72.6585236, 39.4329755 ], [ -72.6668214, 39.4236437 ], [ -72.6679343, 39.4219171 ], [ -72.673594, 39.4149532 ], [ -72.6758322, 39.4118671 ], [ -72.6799153, 39.4062374 ], [ -72.6855637, 39.399287 ], [ -72.6875673, 39.3961776 ], [ -72.7029717, 39.3748116 ], [ -72.7138175, 39.361467 ], [ -72.7169478, 39.3567685 ], [ -72.7185914, 39.3536735 ], [ -72.7204786, 39.3501199 ], [ -72.7215575, 39.3470141 ], [ -72.7233647, 39.3418119 ], [ -72.7256874, 39.3323834 ], [ -72.7275011, 39.3264415 ], [ -72.7295345, 39.3210707 ], [ -72.730527, 39.3195287 ], [ -72.7338837, 39.3125748 ], [ -72.7383508, 39.3046547 ], [ -72.7384027, 39.3045627 ], [ -72.740833, 39.3020275 ], [ -72.7448709, 39.2988369 ], [ -72.7450862, 39.2986668 ], [ -72.7463357, 39.2977096 ], [ -72.7507822, 39.2943034 ], [ -72.7560092, 39.2878491 ], [ -72.7613447, 39.2784957 ], [ -72.7706512, 39.2603779 ], [ -72.7731466, 39.2562134 ], [ -72.7828884, 39.2429178 ], [ -72.7846245, 39.2408926 ], [ -72.7878446, 39.2358838 ], [ -72.7899139, 39.2303233 ], [ -72.790557, 39.2263206 ], [ -72.7905568, 39.2224344 ], [ -72.7907129, 39.2223129 ], [ -72.7894635, 39.2161794 ], [ -72.7890948, 39.2123581 ], [ -72.7892703, 39.2104455 ], [ -72.7902437, 39.2062796 ], [ -72.7918877, 39.2024416 ], [ -72.792, 39.2021795 ], [ -72.7960982, 39.1950417 ], [ -72.7976855, 39.1928749 ], [ -72.8016327, 39.1836912 ], [ -72.802317, 39.1812906 ], [ -72.8042943, 39.1726701 ], [ -72.8042942, 39.1711934 ], [ -72.8055189, 39.166667 ], [ -72.8058552, 39.166667 ], [ -72.8940338, 39.166667 ], [ -72.9513807, 39.166667 ] ] ] } },
{ "type": "Feature", "properties": { "RCID": 199, "PRIM": 3, "GRUP": 1, "OBJL": 42, "RVER": 1, "AGEN": 550, "FIDN": 992910338, "FIDS": 48294, "LNAM": "02263B2E9C02BCA6", "DRVAL1": 64.0, "DRVAL2": 73.1 }, "geometry": { "type": "Polygon", "coordinates": [ [ [ -72.8611938, 39.6 ], [ -72.8615964, 39.5995129 ], [ -72.8637567, 39.5977015 ], [ -72.8642722, 39.5968226 ], [ -72.864013, 39.596159 ], [ -72.8633353, 39.5953731 ], [ -72.8617739, 39.5947692 ], [ -72.8602125, 39.5944068 ], [ -72.8586511, 39.5938029 ], [ -72.8555283, 39.5923533 ], [ -72.8524055, 39.591387 ], [ -72.850688, 39.5910246 ], [ -72.8491266, 39.5909039 ], [ -72.8475652, 39.5911456 ], [ -72.8460039, 39.5916288 ], [ -72.8405393, 39.5941658 ], [ -72.8397586, 39.594649 ], [ -72.8383534, 39.5957363 ], [ -72.8367921, 39.5965819 ], [ -72.8352308, 39.5971859 ], [ -72.8303906, 39.5996623 ], [ -72.829597, 39.6 ], [ -72.8611938, 39.6 ] ] ] } },
{ "type": "Feature", "properties": { "RCID": 200, "PRIM": 3, "GRUP": 1, "OBJL": 42, "RVER": 1, "AGEN": 550, "FIDN": 2052384842, "FIDS": 48294, "LNAM": "02267A54E84ABCA6", "DRVAL1": 91.4, "DRVAL2": 100.5 }, "geometry": { "type": "Polygon", "coordinates": [ [ [ -72.8055189, 39.166667 ], [ -72.8042942, 39.1711934 ], [ -72.8042943, 39.1726701 ], [ -72.802317, 39.1812906 ], [ -72.8016327, 39.1836912 ], [ -72.7976855, 39.1928749 ], [ -72.7960982, 39.1950417 ], [ -72.792, 39.2021795 ], [ -72.7918877, 39.2024416 ], [ -72.7902437, 39.2062796 ], [ -72.7892703, 39.2104455 ], [ -72.7890948, 39.2123581 ], [ -72.7894635, 39.2161794 ], [ -72.7907129, 39.2223129 ], [ -72.7905568, 39.2224344 ], [ -72.790557, 39.2263206 ], [ -72.7899139, 39.2303233 ], [ -72.7878446, 39.2358838 ], [ -72.7846245, 39.2408926 ], [ -72.7828884, 39.2429178 ], [ -72.7731466, 39.2562134 ], [ -72.7706512, 39.2603779 ], [ -72.7613447, 39.2784957 ], [ -72.7560092, 39.2878491 ], [ -72.7507822, 39.2943034 ], [ -72.7463357, 39.2977096 ], [ -72.7450862, 39.2986668 ], [ -72.7448709, 39.2988369 ], [ -72.740833, 39.3020275 ], [ -72.7384027, 39.3045627 ], [ -72.7383508, 39.3046547 ], [ -72.7338837, 39.3125748 ], [ -72.730527, 39.3195287 ], [ -72.7295345, 39.3210707 ], [ -72.7275011, 39.3264415 ], [ -72.7256874, 39.3323834 ], [ -72.7233647, 39.3418119 ], [ -72.7215575, 39.3470141 ], [ -72.7204786, 39.3501199 ], [ -72.7185914, 39.3536735 ], [ -72.7169478, 39.3567685 ], [ -72.7138175, 39.361467 ], [ -72.7029717, 39.3748116 ], [ -72.6875673, 39.3961776 ], [ -72.6855637, 39.399287 ], [ -72.6799153, 39.4062374 ], [ -72.6758322, 39.4118671 ], [ -72.673594, 39.4149532 ], [ -72.6679343, 39.4219171 ], [ -72.6668214, 39.4236437 ], [ -72.6585236, 39.4329755 ], [ -72.6521626, 39.4398112 ], [ -72.6494201, 39.4420378 ], [ -72.6429244, 39.4467963 ], [ -72.6389751, 39.4493262 ], [ -72.6353297, 39.4526208 ], [ -72.6312284, 39.4562683 ], [ -72.627805, 39.4599854 ], [ -72.6246873, 39.4643798 ], [ -72.6126322, 39.4773569 ], [ -72.6105801, 39.4789409 ], [ -72.60586, 39.4825845 ], [ -72.5997709, 39.4865774 ], [ -72.5926739, 39.4907571 ], [ -72.584759, 39.4962099 ], [ -72.5842561, 39.4965564 ], [ -72.5662146, 39.5089391 ], [ -72.5580746, 39.5156952 ], [ -72.5533217, 39.5181496 ], [ -72.5484036, 39.5217776 ], [ -72.5430562, 39.527576 ], [ -72.5413162, 39.5305407 ], [ -72.5319713, 39.5436019 ], [ -72.5297465, 39.5470472 ], [ -72.5250471, 39.5536231 ], [ -72.5218621, 39.5565965 ], [ -72.5192669, 39.5596175 ], [ -72.5168365, 39.5630243 ], [ -72.5157641, 39.5653939 ], [ -72.5144442, 39.5683104 ], [ -72.5131531, 39.572539 ], [ -72.5107607, 39.5826984 ], [ -72.5096974, 39.5880417 ], [ -72.5060899, 39.5974942 ], [ -72.5049083, 39.6 ], [ -72.462264, 39.6 ], [ -72.4647678, 39.5961894 ], [ -72.4660978, 39.593901 ], [ -72.4668272, 39.5923089 ], [ -72.4672991, 39.5908827 ], [ -72.4675566, 39.5890917 ], [ -72.4676852, 39.5866372 ], [ -72.4676836, 39.577263 ], [ -72.4681831, 39.5741697 ], [ -72.4692448, 39.5717047 ], [ -72.4724071, 39.5660187 ], [ -72.4746381, 39.5622693 ], [ -72.4803431, 39.553245 ], [ -72.4814224, 39.551908 ], [ -72.4869421, 39.545925 ], [ -72.4916844, 39.5414882 ], [ -72.4972198, 39.5363093 ], [ -72.5011025, 39.5325582 ], [ -72.5073398, 39.5268576 ], [ -72.5145218, 39.5197229 ], [ -72.520767, 39.5140629 ], [ -72.5242019, 39.5112247 ], [ -72.5304211, 39.5067279 ], [ -72.533882, 39.5031529 ], [ -72.5399709, 39.4961366 ], [ -72.5421568, 39.4941103 ], [ -72.547123, 39.4900695 ], [ -72.5498852, 39.4883332 ], [ -72.5540776, 39.4863859 ], [ -72.5670339, 39.4780413 ], [ -72.5673588, 39.4778321 ], [ -72.5690749, 39.4761711 ], [ -72.571041, 39.4740548 ], [ -72.5751369, 39.4688575 ], [ -72.5823221, 39.4613123 ], [ -72.5851729, 39.4583186 ], [ -72.5951629, 39.4491214 ], [ -72.5975049, 39.4473056 ], [ -72.6042821, 39.4428721 ], [ -72.6089157, 39.4404789 ], [ -72.6133776, 39.4382851 ], [ -72.6162951, 39.436623 ], [ -72.6191268, 39.434429 ], [ -72.6215294, 39.4321019 ], [ -72.6234227, 39.4300519 ], [ -72.6242988, 39.429433 ], [ -72.6329021, 39.4242615 ], [ -72.6358434, 39.4214857 ], [ -72.6373964, 39.4183535 ], [ -72.6373963, 39.4165324 ], [ -72.6345815, 39.4135698 ], [ -72.6342454, 39.4123727 ], [ -72.6342436, 39.4113439 ], [ -72.6345869, 39.4105458 ], [ -72.6352732, 39.4094817 ], [ -72.6363888, 39.4087501 ], [ -72.6380192, 39.4080185 ], [ -72.6408507, 39.4076194 ], [ -72.6457278, 39.4070078 ], [ -72.6476487, 39.4058901 ], [ -72.6487763, 39.4045777 ], [ -72.6491839, 39.4015292 ], [ -72.6506704, 39.3980057 ], [ -72.6509482, 39.397651 ], [ -72.6521291, 39.3961432 ], [ -72.6535554, 39.3940181 ], [ -72.6548043, 39.3930368 ], [ -72.6607303, 39.3897258 ], [ -72.6643515, 39.3872902 ], [ -72.6661157, 39.3856318 ], [ -72.6676603, 39.384035 ], [ -72.6690332, 39.3821055 ], [ -72.6751791, 39.3702678 ], [ -72.6799408, 39.362511 ], [ -72.6847808, 39.3559655 ], [ -72.6895426, 39.3487525 ], [ -72.6933008, 39.3413374 ], [ -72.6937369, 39.3404769 ], [ -72.6950241, 39.3383465 ], [ -72.696397, 39.3365488 ], [ -72.6983705, 39.3346846 ], [ -72.7011164, 39.3324873 ], [ -72.70309, 39.33029 ], [ -72.7035378, 39.3295219 ], [ -72.7047203, 39.3274934 ], [ -72.7071067, 39.3234709 ], [ -72.7092144, 39.3204996 ], [ -72.7106196, 39.3190442 ], [ -72.7118686, 39.3180739 ], [ -72.7175462, 39.3147659 ], [ -72.7198982, 39.3123904 ], [ -72.7251915, 39.3031944 ], [ -72.7266128, 39.3011776 ], [ -72.7297696, 39.2966983 ], [ -72.7320864, 39.2945665 ], [ -72.7346529, 39.2917767 ], [ -72.7355186, 39.2908356 ], [ -72.735903, 39.2900759 ], [ -72.7364625, 39.2889702 ], [ -72.7368058, 39.2873712 ], [ -72.7362241, 39.2816381 ], [ -72.7371283, 39.2783583 ], [ -72.7422346, 39.2661847 ], [ -72.7431557, 39.264275 ], [ -72.7454469, 39.2613804 ], [ -72.7492951, 39.2585645 ], [ -72.7510893, 39.2554102 ], [ -72.7501186, 39.2486639 ], [ -72.7509773, 39.2463572 ], [ -72.7551011, 39.2416537 ], [ -72.7558953, 39.2398007 ], [ -72.7558952, 39.2379793 ], [ -72.7553747, 39.2371698 ], [ -72.7525381, 39.2352474 ], [ -72.7522258, 39.2347616 ], [ -72.7520826, 39.2330818 ], [ -72.752616, 39.2314223 ], [ -72.7581582, 39.2201884 ], [ -72.7633215, 39.2107403 ], [ -72.7643251, 39.2076166 ], [ -72.7651055, 39.2031826 ], [ -72.765886, 39.2002668 ], [ -72.7669242, 39.1981987 ], [ -72.7677631, 39.1965277 ], [ -72.7687743, 39.1947388 ], [ -72.7712723, 39.1916404 ], [ -72.774437, 39.1882802 ], [ -72.7752926, 39.1864154 ], [ -72.7751894, 39.1846496 ], [ -72.7750763, 39.1827151 ], [ -72.7755596, 39.1807088 ], [ -72.7771735, 39.1761856 ], [ -72.7796419, 39.1731113 ], [ -72.7853763, 39.1684932 ], [ -72.7869815, 39.166667 ], [ -72.7942978, 39.166667 ], [ -72.79453, 39.166667 ], [ -72.8055189, 39.166667 ] ] ] } },
{ "type": "Feature", "properties": { "RCID": 201, "PRIM": 3, "GRUP": 1, "OBJL": 42, "RVER": 1, "AGEN": 550, "FIDN": 149258034, "FIDS": 48294, "LNAM": "022608E57F32BCA6", "DRVAL1": 73.1, "DRVAL2": 82.2 }, "geometry": { "type": "Polygon", "coordinates": [ [ [ -72.9774034, 39.166667 ], [ -72.9745615, 39.1711578 ], [ -72.9674576, 39.1791792 ], [ -72.9671193, 39.1797059 ], [ -72.9648035, 39.1822781 ], [ -72.9637886, 39.1831288 ], [ -72.960666, 39.1866529 ], [ -72.9605099, 39.1871389 ], [ -72.9599634, 39.1875642 ], [ -72.9573094, 39.1916348 ], [ -72.9573094, 39.1918981 ], [ -72.9563726, 39.1938218 ], [ -72.9552018, 39.1972846 ], [ -72.9548895, 39.1977099 ], [ -72.9516893, 39.2077729 ], [ -72.9508306, 39.2093723 ], [ -72.9498158, 39.2118625 ], [ -72.9487229, 39.2132595 ], [ -72.9484887, 39.2137453 ], [ -72.9462249, 39.2162759 ], [ -72.9448197, 39.2173893 ], [ -72.9444294, 39.2178751 ], [ -72.9402919, 39.2207902 ], [ -72.9384184, 39.2218833 ], [ -72.9378719, 39.2223692 ], [ -72.9351126, 39.2239397 ], [ -72.9277232, 39.227197 ], [ -72.9248347, 39.2281989 ], [ -72.9173091, 39.2315525 ], [ -72.9121879, 39.2331174 ], [ -72.9046934, 39.2350606 ], [ -72.9037567, 39.2354249 ], [ -72.9016429, 39.2375359 ], [ -72.9011962, 39.238752 ], [ -72.9006927, 39.2411015 ], [ -72.9010929, 39.2432566 ], [ -72.9020396, 39.2452194 ], [ -72.9039133, 39.2467167 ], [ -72.9054747, 39.2473238 ], [ -72.9102994, 39.2479489 ], [ -72.9137651, 39.2477563 ], [ -72.920698, 39.2465341 ], [ -72.9213225, 39.2465341 ], [ -72.9232743, 39.2460687 ], [ -72.9266599, 39.2449716 ], [ -72.9268407, 39.2446904 ], [ -72.9293175, 39.2438879 ], [ -72.9320958, 39.2422844 ], [ -72.9327203, 39.2421023 ], [ -72.9351404, 39.2407666 ], [ -72.9392519, 39.2386618 ], [ -72.9399574, 39.2382563 ], [ -72.9423225, 39.236719 ], [ -72.9451328, 39.2341689 ], [ -72.9482554, 39.2309306 ], [ -72.9486457, 39.2303234 ], [ -72.9505583, 39.2281982 ], [ -72.9520024, 39.2259514 ], [ -72.9546867, 39.2211326 ], [ -72.9559947, 39.2180744 ], [ -72.9573106, 39.2164173 ], [ -72.9577485, 39.2159754 ], [ -72.9581954, 39.2155872 ], [ -72.95895, 39.2151419 ], [ -72.9595745, 39.2149596 ], [ -72.961831, 39.2138461 ], [ -72.9680057, 39.2111331 ], [ -72.9697743, 39.21022 ], [ -72.976723, 39.2044922 ], [ -72.9800278, 39.2022041 ], [ -72.9832806, 39.2006855 ], [ -72.9840872, 39.200564 ], [ -72.986039, 39.2005639 ], [ -72.9862732, 39.2006854 ], [ -72.9868978, 39.2006853 ], [ -72.989193, 39.2014385 ], [ -72.990567, 39.2025076 ], [ -72.991582, 39.2040868 ], [ -72.9920037, 39.2053988 ], [ -72.9925972, 39.2095533 ], [ -72.9922851, 39.2125901 ], [ -72.9918948, 39.2144121 ], [ -72.9909581, 39.2173272 ], [ -72.9902556, 39.2186632 ], [ -72.9885383, 39.2232785 ], [ -72.9880417, 39.2261491 ], [ -72.9886946, 39.2270433 ], [ -72.9892411, 39.2271647 ], [ -72.9912637, 39.2264692 ], [ -72.993847, 39.2246143 ], [ -72.9982187, 39.2206063 ], [ -73.0013413, 39.2180556 ], [ -73.0048542, 39.2147761 ], [ -73.0076385, 39.2118203 ], [ -73.0085129, 39.2109396 ], [ -73.0094599, 39.2096743 ], [ -73.0102417, 39.208816 ], [ -73.0115287, 39.2073813 ], [ -73.0140658, 39.2051795 ], [ -73.0143, 39.2047543 ], [ -73.0191399, 39.1998947 ], [ -73.0197645, 39.1995302 ], [ -73.0213258, 39.1978293 ], [ -73.0325212, 39.1882411 ], [ -73.0327232, 39.1879265 ], [ -73.0364704, 39.1850101 ], [ -73.038344, 39.1839164 ], [ -73.039515, 39.1833087 ], [ -73.0437302, 39.1821283 ], [ -73.0462799, 39.1813608 ], [ -73.0478426, 39.180913 ], [ -73.0502278, 39.180913 ], [ -73.0518728, 39.1813608 ], [ -73.0530243, 39.1819364 ], [ -73.0541413, 39.1830295 ], [ -73.0547384, 39.1848881 ], [ -73.0547386, 39.1870753 ], [ -73.0542443, 39.1901536 ], [ -73.0522407, 39.1952162 ], [ -73.0502111, 39.1980107 ], [ -73.0490402, 39.1999545 ], [ -73.0458035, 39.204272 ], [ -73.0434977, 39.2065149 ], [ -73.042998, 39.2067092 ], [ -73.0413118, 39.2084586 ], [ -73.0399066, 39.2094911 ], [ -73.0336615, 39.2158683 ], [ -73.0316839, 39.2182976 ], [ -73.0267918, 39.2227915 ], [ -73.0260632, 39.2236417 ], [ -73.0232009, 39.2263136 ], [ -73.0194225, 39.2292525 ], [ -73.0146137, 39.233843 ], [ -73.0110747, 39.2365954 ], [ -73.0074986, 39.2387349 ], [ -73.0032111, 39.2405601 ], [ -72.998532, 39.2422216 ], [ -72.9937324, 39.2432745 ], [ -72.9924427, 39.2435574 ], [ -72.9888517, 39.244635 ], [ -72.9854167, 39.2452574 ], [ -72.9841676, 39.2452574 ], [ -72.9822939, 39.2456217 ], [ -72.9775058, 39.2460873 ], [ -72.9755801, 39.246836 ], [ -72.9733943, 39.247261 ], [ -72.9705838, 39.2480806 ], [ -72.9641823, 39.2493252 ], [ -72.9623086, 39.249568 ], [ -72.953114, 39.2516523 ], [ -72.9484769, 39.2523285 ], [ -72.946539, 39.2527249 ], [ -72.9420557, 39.2542078 ], [ -72.9371709, 39.2552745 ], [ -72.9313656, 39.257068 ], [ -72.930301, 39.2571714 ], [ -72.9265225, 39.2582731 ], [ -72.9243447, 39.258757 ], [ -72.9158325, 39.2614457 ], [ -72.9151039, 39.2617289 ], [ -72.9127359, 39.2630439 ], [ -72.9105761, 39.2649254 ], [ -72.9076617, 39.2683239 ], [ -72.9050033, 39.2720142 ], [ -72.904227, 39.2734821 ], [ -72.9041489, 39.2739675 ], [ -72.9036806, 39.2746957 ], [ -72.9032902, 39.2757273 ], [ -72.9016327, 39.2814166 ], [ -72.901072, 39.2869744 ], [ -72.8983728, 39.2936253 ], [ -72.8982948, 39.2945959 ], [ -72.8976704, 39.2968404 ], [ -72.8963434, 39.2994488 ], [ -72.895875, 39.3009046 ], [ -72.8922062, 39.3074553 ], [ -72.8918939, 39.3084863 ], [ -72.8896077, 39.3128566 ], [ -72.8890402, 39.3139414 ], [ -72.8859147, 39.3200697 ], [ -72.8847066, 39.3218536 ], [ -72.8829168, 39.3244964 ], [ -72.8800285, 39.3280537 ], [ -72.8783111, 39.3297111 ], [ -72.8764375, 39.3321364 ], [ -72.8729067, 39.3357928 ], [ -72.8685963, 39.3394926 ], [ -72.86673, 39.3410417 ], [ -72.8652352, 39.3423823 ], [ -72.8592892, 39.3485974 ], [ -72.854562, 39.3526715 ], [ -72.8513787, 39.3554149 ], [ -72.845758, 39.3597788 ], [ -72.8453677, 39.3602636 ], [ -72.8428176, 39.3621357 ], [ -72.8400472, 39.3639279 ], [ -72.8388703, 39.3649722 ], [ -72.8377173, 39.3657181 ], [ -72.828293, 39.3710638 ], [ -72.8245908, 39.3733682 ], [ -72.8214015, 39.3753533 ], [ -72.8188254, 39.3774741 ], [ -72.8151817, 39.3796367 ], [ -72.8100039, 39.3840784 ], [ -72.8057104, 39.3874105 ], [ -72.8002839, 39.3925383 ], [ -72.798871, 39.3938735 ], [ -72.7936892, 39.3973804 ], [ -72.789001, 39.4018437 ], [ -72.7859578, 39.4046491 ], [ -72.7830715, 39.4069155 ], [ -72.7827905, 39.4069155 ], [ -72.7823373, 39.4072128 ], [ -72.7792202, 39.4092574 ], [ -72.7724544, 39.411882 ], [ -72.7690195, 39.413396 ], [ -72.7686292, 39.41382 ], [ -72.7658333, 39.4159059 ], [ -72.7628291, 39.4184028 ], [ -72.7606665, 39.4210867 ], [ -72.7591053, 39.4233272 ], [ -72.7581686, 39.4264152 ], [ -72.7569979, 39.4321064 ], [ -72.756998, 39.4349518 ], [ -72.7574666, 39.4379451 ], [ -72.7598091, 39.4478454 ], [ -72.7604338, 39.4511138 ], [ -72.760434, 39.4548663 ], [ -72.7594996, 39.4578063 ], [ -72.7586226, 39.4591649 ], [ -72.7585948, 39.4592079 ], [ -72.7570846, 39.4614034 ], [ -72.7518471, 39.4664858 ], [ -72.7503639, 39.4676355 ], [ -72.7452116, 39.4727184 ], [ -72.7395909, 39.4774379 ], [ -72.7352799, 39.4796565 ], [ -72.732643, 39.4802212 ], [ -72.7320184, 39.4802212 ], [ -72.7317061, 39.4804028 ], [ -72.7313775, 39.4802754 ], [ -72.7273678, 39.4814054 ], [ -72.7237433, 39.4827019 ], [ -72.7195277, 39.48488 ], [ -72.7181225, 39.4859689 ], [ -72.7157136, 39.487369 ], [ -72.7090669, 39.4921999 ], [ -72.7043764, 39.4960012 ], [ -72.6981666, 39.5005855 ], [ -72.6941364, 39.5038325 ], [ -72.6907642, 39.5062516 ], [ -72.6884613, 39.5073339 ], [ -72.6859595, 39.5084097 ], [ -72.6837736, 39.5089541 ], [ -72.6803386, 39.5101032 ], [ -72.6783446, 39.5113445 ], [ -72.6769464, 39.5129359 ], [ -72.6762884, 39.5140181 ], [ -72.6753335, 39.5179098 ], [ -72.6751865, 39.5185087 ], [ -72.6751086, 39.5208064 ], [ -72.6748745, 39.5224994 ], [ -72.6749527, 39.5249178 ], [ -72.6751088, 39.5254015 ], [ -72.6751869, 39.5270943 ], [ -72.6757335, 39.5287871 ], [ -72.6757335, 39.5292708 ], [ -72.6770609, 39.5321122 ], [ -72.6785286, 39.533817 ], [ -72.6806238, 39.5348984 ], [ -72.6803399, 39.5348325 ], [ -72.6857527, 39.5361421 ], [ -72.68721, 39.5367063 ], [ -72.6894741, 39.5382779 ], [ -72.6899425, 39.5387614 ], [ -72.690489, 39.5405144 ], [ -72.6904891, 39.5411189 ], [ -72.6897085, 39.5435367 ], [ -72.6879911, 39.5461963 ], [ -72.6874447, 39.5474051 ], [ -72.6869763, 39.5478887 ], [ -72.683932, 39.5527238 ], [ -72.6834636, 39.5532073 ], [ -72.6806012, 39.5576392 ], [ -72.677968, 39.5628282 ], [ -72.6775309, 39.5638434 ], [ -72.6772968, 39.5660186 ], [ -72.677375, 39.5677105 ], [ -72.6765275, 39.5700929 ], [ -72.6743306, 39.574236 ], [ -72.6739403, 39.575686 ], [ -72.6736281, 39.5761694 ], [ -72.6729257, 39.5797942 ], [ -72.6726673, 39.5821788 ], [ -72.672545, 39.5857975 ], [ -72.6725356, 39.5860769 ], [ -72.6723014, 39.5863184 ], [ -72.6723015, 39.5868017 ], [ -72.6718331, 39.5883723 ], [ -72.6694132, 39.5921174 ], [ -72.6689449, 39.5932046 ], [ -72.668945, 39.5965869 ], [ -72.6696738, 39.5988418 ], [ -72.6702299, 39.6 ], [ -72.5555838, 39.6 ], [ -72.5555898, 39.5998518 ], [ -72.5560855, 39.5983177 ], [ -72.5600004, 39.5933286 ], [ -72.5645671, 39.5886172 ], [ -72.5658942, 39.5865633 ], [ -72.5658941, 39.5849928 ], [ -72.5633957, 39.5812474 ], [ -72.5627711, 39.5793143 ], [ -72.5630455, 39.5731712 ], [ -72.563752, 39.5682491 ], [ -72.5654245, 39.561067 ], [ -72.5667905, 39.5575621 ], [ -72.5681517, 39.5552202 ], [ -72.5705444, 39.5520447 ], [ -72.5733089, 39.5494031 ], [ -72.5759514, 39.5476665 ], [ -72.5788037, 39.5457007 ], [ -72.5801506, 39.545241 ], [ -72.5816163, 39.5450572 ], [ -72.5830029, 39.5450265 ], [ -72.5841517, 39.5451797 ], [ -72.5851024, 39.5454862 ], [ -72.5866475, 39.5464974 ], [ -72.5872417, 39.5476665 ], [ -72.5877963, 39.5486471 ], [ -72.5889748, 39.554016 ], [ -72.5897816, 39.5556275 ], [ -72.5914992, 39.5570778 ], [ -72.5924804, 39.5572293 ], [ -72.59361, 39.5572167 ], [ -72.5945698, 39.5570375 ], [ -72.5970679, 39.5560705 ], [ -72.6061299, 39.5520365 ], [ -72.607737, 39.5507922 ], [ -72.6085552, 39.5495253 ], [ -72.608316, 39.5452706 ], [ -72.6085434, 39.5438615 ], [ -72.609298, 39.5426929 ], [ -72.6100787, 39.5420885 ], [ -72.6132905, 39.5404304 ], [ -72.6150014, 39.5387744 ], [ -72.6163824, 39.5359226 ], [ -72.616714, 39.5338672 ], [ -72.6164988, 39.5326012 ], [ -72.6155304, 39.5315891 ], [ -72.6150037, 39.5307347 ], [ -72.6148046, 39.5299131 ], [ -72.6147659, 39.5287497 ], [ -72.614707, 39.526259 ], [ -72.6146839, 39.5252824 ], [ -72.6141687, 39.5232787 ], [ -72.6138122, 39.5222978 ], [ -72.612901, 39.5215008 ], [ -72.6115945, 39.5202543 ], [ -72.6106826, 39.5191402 ], [ -72.6104846, 39.518527 ], [ -72.610445, 39.5180365 ], [ -72.6106958, 39.5173512 ], [ -72.6119107, 39.5160131 ], [ -72.616739, 39.512262 ], [ -72.6193637, 39.5090086 ], [ -72.6227239, 39.5068393 ], [ -72.6259247, 39.5052063 ], [ -72.6303314, 39.5034315 ], [ -72.6317485, 39.502412 ], [ -72.6405436, 39.4974476 ], [ -72.6422218, 39.4965004 ], [ -72.6553063, 39.4874863 ], [ -72.6590083, 39.4843026 ], [ -72.6624944, 39.481358 ], [ -72.6670898, 39.4770635 ], [ -72.6681582, 39.4760485 ], [ -72.6744034, 39.4703608 ], [ -72.6861356, 39.4614219 ], [ -72.6925146, 39.4560485 ], [ -72.6952728, 39.4533754 ], [ -72.6972179, 39.4500565 ], [ -72.6978228, 39.447242 ], [ -72.6976663, 39.4405835 ], [ -72.6980523, 39.4345935 ], [ -72.6993052, 39.4299286 ], [ -72.7008664, 39.4269619 ], [ -72.7013258, 39.4264315 ], [ -72.7028763, 39.4246415 ], [ -72.7053522, 39.4231285 ], [ -72.7118095, 39.4208745 ], [ -72.7150468, 39.4194395 ], [ -72.7236618, 39.4141021 ], [ -72.7270631, 39.4109836 ], [ -72.7293364, 39.4071035 ], [ -72.7310621, 39.4033559 ], [ -72.73292, 39.4008846 ], [ -72.7342003, 39.3998912 ], [ -72.7377289, 39.3978317 ], [ -72.7393384, 39.3960476 ], [ -72.7410699, 39.3918953 ], [ -72.7435052, 39.3824446 ], [ -72.7449302, 39.3796795 ], [ -72.748954, 39.3750526 ], [ -72.7491017, 39.3748233 ], [ -72.750203, 39.3731136 ], [ -72.7516628, 39.3700549 ], [ -72.7518368, 39.369637 ], [ -72.7548937, 39.3622939 ], [ -72.7560054, 39.3609128 ], [ -72.7617173, 39.3566904 ], [ -72.7649374, 39.3536901 ], [ -72.7656354, 39.3518835 ], [ -72.765851, 39.3498743 ], [ -72.7669955, 39.3457265 ], [ -72.7682353, 39.3434158 ], [ -72.7713578, 39.3395359 ], [ -72.771514, 39.3391116 ], [ -72.7732313, 39.3374747 ], [ -72.7784125, 39.3308887 ], [ -72.7810354, 39.3275545 ], [ -72.7857215, 39.3207398 ], [ -72.7859891, 39.3200814 ], [ -72.7858966, 39.3194208 ], [ -72.7854601, 39.3191969 ], [ -72.7847044, 39.3188752 ], [ -72.7837453, 39.3189518 ], [ -72.7830024, 39.3193343 ], [ -72.7804909, 39.3209371 ], [ -72.7789184, 39.3212425 ], [ -72.7771339, 39.3208007 ], [ -72.7765094, 39.3203762 ], [ -72.7760409, 39.319406 ], [ -72.7760957, 39.3163523 ], [ -72.7754161, 39.3138269 ], [ -72.775416, 39.3124778 ], [ -72.7754159, 39.3106247 ], [ -72.7768821, 39.3074351 ], [ -72.7785774, 39.3050933 ], [ -72.7812418, 39.3027567 ], [ -72.7824686, 39.3018929 ], [ -72.7846487, 39.300358 ], [ -72.7873425, 39.2982051 ], [ -72.7887649, 39.2961157 ], [ -72.7893738, 39.2947812 ], [ -72.7902479, 39.291384 ], [ -72.7912887, 39.2887821 ], [ -72.7925658, 39.2871279 ], [ -72.7968053, 39.284492 ], [ -72.7981901, 39.2827699 ], [ -72.7983775, 39.2760599 ], [ -72.7988793, 39.2744995 ], [ -72.799753, 39.2733674 ], [ -72.8018358, 39.2719797 ], [ -72.8077168, 39.2695305 ], [ -72.811013, 39.2685696 ], [ -72.813355, 39.2676593 ], [ -72.8174144, 39.2652923 ], [ -72.8217861, 39.2618936 ], [ -72.8240581, 39.2596856 ], [ -72.8311652, 39.2504212 ], [ -72.8335219, 39.2481551 ], [ -72.8345105, 39.2472045 ], [ -72.838871, 39.24351 ], [ -72.8499607, 39.2371636 ], [ -72.8559787, 39.2345763 ], [ -72.8619118, 39.2323904 ], [ -72.8698493, 39.2287077 ], [ -72.8755055, 39.2258793 ], [ -72.8790083, 39.2234572 ], [ -72.8824736, 39.2205153 ], [ -72.8853316, 39.2177757 ], [ -72.8886415, 39.2143423 ], [ -72.8948164, 39.2063979 ], [ -72.8980055, 39.2030892 ], [ -72.9044428, 39.1973891 ], [ -72.9183642, 39.1879994 ], [ -72.9203776, 39.1868681 ], [ -72.9226764, 39.1855763 ], [ -72.9333008, 39.1790855 ], [ -72.9370889, 39.176628 ], [ -72.9499697, 39.1676946 ], [ -72.950282, 39.1672084 ], [ -72.9513807, 39.166667 ], [ -72.9774034, 39.166667 ] ], [ [ -72.7056314, 39.4811295 ], [ -72.7041481, 39.4819766 ], [ -72.7021965, 39.4834286 ], [ -72.6969191, 39.485413 ], [ -72.6943117, 39.4859091 ], [ -72.693531, 39.4859092 ], [ -72.6928283, 39.4856672 ], [ -72.6922818, 39.4853043 ], [ -72.6914751, 39.4842355 ], [ -72.6912235, 39.482676 ], [ -72.6914749, 39.4807267 ], [ -72.6922554, 39.4783065 ], [ -72.6923595, 39.4771369 ], [ -72.6927498, 39.4761688 ], [ -72.6937646, 39.4747167 ], [ -72.6945453, 39.4741117 ], [ -72.6964189, 39.4729015 ], [ -72.6996196, 39.4713887 ], [ -72.7040942, 39.4698346 ], [ -72.7069579, 39.4690891 ], [ -72.7087535, 39.4689076 ], [ -72.7109394, 39.4689075 ], [ -72.7133595, 39.4692704 ], [ -72.7139841, 39.469573 ], [ -72.7149209, 39.4702991 ], [ -72.7153113, 39.4707831 ], [ -72.7154674, 39.4712672 ], [ -72.7156237, 39.4730218 ], [ -72.714687, 39.4752001 ], [ -72.7132818, 39.4762892 ], [ -72.7094565, 39.4784069 ], [ -72.7081294, 39.4791934 ], [ -72.7056314, 39.4811295 ] ] ] } },
{ "type": "Feature", "properties": { "RCID": 202, "PRIM": 3, "GRUP": 1, "OBJL": 42, "RVER": 1, "AGEN": 550, "FIDN": -984628314, "FIDS": 48294, "LNAM": "0226C54FC3A6BCA6", "DRVAL1": 128.0, "DRVAL2": 137.1 }, "geometry": { "type": "Polygon", "coordinates": [ [ [ -72.212864, 39.6 ], [ -72.2130257, 39.5994997 ], [ -72.2130256, 39.5986542 ], [ -72.2126352, 39.5977483 ], [ -72.2110477, 39.5965202 ], [ -72.2095904, 39.5962384 ], [ -72.2080811, 39.5962384 ], [ -72.2061413, 39.5966888 ], [ -72.2036077, 39.5979956 ], [ -72.2015027, 39.6 ], [ -72.212864, 39.6 ] ] ] } },
{ "type": "Feature", "properties": { "RCID": 203, "PRIM": 3, "GRUP": 1, "OBJL": 42, "RVER": 1, "AGEN": 550, "FIDN": 1069532102, "FIDS": 48294, "LNAM": "02263FBFC3C6BCA6", "DRVAL1": 128.0, "DRVAL2": 137.1 }, "geometry": { "type": "Polygon", "coordinates": [ [ [ -72.2965799, 39.5340401 ], [ -72.2958098, 39.5355283 ], [ -72.2878118, 39.5335748 ], [ -72.2850013, 39.53291 ], [ -72.279068, 39.5309 ], [ -72.277219, 39.5307211 ], [ -72.2742278, 39.5312176 ], [ -72.2735379, 39.5314847 ], [ -72.2716516, 39.5322151 ], [ -72.2674621, 39.5347644 ], [ -72.2612825, 39.5400727 ], [ -72.2514152, 39.5448126 ], [ -72.2463042, 39.5466839 ], [ -72.239334, 39.5505137 ], [ -72.236678, 39.5524955 ], [ -72.2305498, 39.5565751 ], [ -72.2240054, 39.5616414 ], [ -72.2149101, 39.5675327 ], [ -72.2066226, 39.57135 ], [ -72.2032565, 39.5733304 ], [ -72.1979211, 39.576556 ], [ -72.1928205, 39.5796396 ], [ -72.1896744, 39.5818869 ], [ -72.1874959, 39.5838138 ], [ -72.1790655, 39.5935213 ], [ -72.1765459, 39.5958511 ], [ -72.1710739, 39.6 ], [ -72.1825554, 39.6 ], [ -72.1856704, 39.5983744 ], [ -72.1892926, 39.5950914 ], [ -72.192654, 39.5928494 ], [ -72.1952256, 39.5912861 ], [ -72.2034694, 39.5884589 ], [ -72.2109251, 39.5844568 ], [ -72.2114189, 39.5841918 ], [ -72.2175526, 39.5807746 ], [ -72.2216122, 39.5792641 ], [ -72.2317297, 39.5783818 ], [ -72.2356218, 39.5778797 ], [ -72.2391419, 39.576177 ], [ -72.2426078, 39.573271 ], [ -72.2469795, 39.5675818 ], [ -72.2507653, 39.565553 ], [ -72.2519995, 39.5642792 ], [ -72.2529427, 39.5613585 ], [ -72.2532678, 39.559596 ], [ -72.2540599, 39.5577563 ], [ -72.2563123, 39.5558189 ], [ -72.260567, 39.5535827 ], [ -72.2700598, 39.5478649 ], [ -72.2721675, 39.546233 ], [ -72.275622, 39.544587 ], [ -72.2775074, 39.5448789 ], [ -72.2842781, 39.546626 ], [ -72.2874333, 39.5463206 ], [ -72.289608, 39.5458457 ], [ -72.2926526, 39.5442741 ], [ -72.2933441, 39.5437386 ], [ -72.296332, 39.5426708 ], [ -72.2988554, 39.5423451 ], [ -72.3009902, 39.5424484 ], [ -72.3092709, 39.5434536 ], [ -72.3135796, 39.5437986 ], [ -72.3164895, 39.5440316 ], [ -72.3202506, 39.5440465 ], [ -72.3249094, 39.5443792 ], [ -72.3254387, 39.5444523 ], [ -72.3257632, 39.5444972 ], [ -72.3311404, 39.54524 ], [ -72.3365271, 39.5463278 ], [ -72.3415236, 39.5477782 ], [ -72.3455052, 39.5485638 ], [ -72.3499551, 39.5494098 ], [ -72.3526615, 39.5495594 ], [ -72.359506, 39.5505054 ], [ -72.364554, 39.5518269 ], [ -72.371928, 39.5544034 ], [ -72.3742346, 39.5554527 ], [ -72.3767441, 39.5568944 ], [ -72.3791724, 39.5589586 ], [ -72.3810359, 39.5610097 ], [ -72.3822544, 39.5642247 ], [ -72.3825411, 39.5666636 ], [ -72.3820394, 39.5691024 ], [ -72.3759113, 39.5818492 ], [ -72.3758396, 39.5837887 ], [ -72.3762696, 39.585839 ], [ -72.3773805, 39.5888867 ], [ -72.3786083, 39.5909181 ], [ -72.379311, 39.5915825 ], [ -72.3811847, 39.5944213 ], [ -72.3821322, 39.5991886 ], [ -72.3820011, 39.6 ], [ -72.3846015, 39.6 ], [ -72.3849061, 39.5976424 ], [ -72.3847387, 39.5958305 ], [ -72.3838881, 39.5935273 ], [ -72.3814493, 39.5905924 ], [ -72.3800915, 39.5883811 ], [ -72.3787642, 39.5866898 ], [ -72.377619, 39.5843773 ], [ -72.3773752, 39.5822094 ], [ -72.3779238, 39.5804184 ], [ -72.3786775, 39.5791672 ], [ -72.3804032, 39.5773865 ], [ -72.382989, 39.5741844 ], [ -72.38416, 39.5717676 ], [ -72.3844624, 39.5698946 ], [ -72.384157, 39.564885 ], [ -72.3832519, 39.5616165 ], [ -72.3818855, 39.5595015 ], [ -72.3795825, 39.5567284 ], [ -72.3775135, 39.554949 ], [ -72.3718534, 39.5522573 ], [ -72.3602824, 39.5487102 ], [ -72.3503193, 39.5465892 ], [ -72.3476129, 39.5463275 ], [ -72.3369382, 39.5444582 ], [ -72.332854, 39.5439394 ], [ -72.3301203, 39.5434924 ], [ -72.3252852, 39.5427015 ], [ -72.3186673, 39.5419485 ], [ -72.3126953, 39.5402672 ], [ -72.3072869, 39.5379532 ], [ -72.2965799, 39.5340401 ] ] ] } },
{ "type": "Feature", "properties": { "RCID": 204, "PRIM": 3, "GRUP": 1, "OBJL": 42, "RVER": 1, "AGEN": 550, "FIDN": 37881726, "FIDS": 50, "LNAM": "02260242077E0032", "DRVAL1": 64.0, "DRVAL2": 73.1 }, "geometry": { "type": "Polygon", "coordinates": [ [ [ -73.0815672, 39.513381 ], [ -73.080834, 39.5144749 ], [ -73.0789513, 39.5172568 ], [ -73.0768974, 39.5201709 ], [ -73.0753569, 39.5226876 ], [ -73.0741588, 39.5254691 ], [ -73.0741703, 39.5258712 ], [ -73.0738581, 39.5264758 ], [ -73.0735459, 39.527685 ], [ -73.0731751, 39.5305572 ], [ -73.0729216, 39.5325215 ], [ -73.0719069, 39.5360882 ], [ -73.0710482, 39.5385062 ], [ -73.0693309, 39.5409241 ], [ -73.0669889, 39.5432212 ], [ -73.0650373, 39.5455181 ], [ -73.0634761, 39.5479358 ], [ -73.0622012, 39.5532342 ], [ -73.0616808, 39.5540401 ], [ -73.0602756, 39.5550071 ], [ -73.0587143, 39.5557323 ], [ -73.0562162, 39.5580288 ], [ -73.0554356, 39.5592374 ], [ -73.0544989, 39.5616547 ], [ -73.0534062, 39.5658845 ], [ -73.0534062, 39.5683015 ], [ -73.0528599, 39.5701142 ], [ -73.0516109, 39.572531 ], [ -73.0465056, 39.5795394 ], [ -73.0456706, 39.5812206 ], [ -73.0445853, 39.5834057 ], [ -73.0438048, 39.5858221 ], [ -73.0432584, 39.5894464 ], [ -73.0431025, 39.5930706 ], [ -73.0431807, 39.5954866 ], [ -73.0430247, 39.5979025 ], [ -73.0427692, 39.5994841 ], [ -73.0426858, 39.6 ], [ -72.9739713, 39.6 ], [ -72.9792427, 39.5963945 ], [ -72.9822092, 39.5941596 ], [ -72.986737, 39.5911395 ], [ -72.9872943, 39.590561 ], [ -72.9873433, 39.5905102 ], [ -72.9873615, 39.5899314 ], [ -72.9870347, 39.5893352 ], [ -72.9864246, 39.5889649 ], [ -72.9848632, 39.5887234 ], [ -72.9832834, 39.5890726 ], [ -72.9832238, 39.5890858 ], [ -72.9800231, 39.5904752 ], [ -72.9784617, 39.5907773 ], [ -72.9769003, 39.5907773 ], [ -72.975339, 39.5905357 ], [ -72.9737776, 39.5899318 ], [ -72.9722162, 39.5890257 ], [ -72.9695617, 39.5869721 ], [ -72.968781, 39.5858243 ], [ -72.9686248, 39.5846162 ], [ -72.9692939, 39.5835806 ], [ -72.9706737, 39.5829399 ], [ -72.9740894, 39.5813539 ], [ -72.9754946, 39.5805081 ], [ -72.9767437, 39.5794206 ], [ -72.9791636, 39.5757353 ], [ -72.9801003, 39.5733186 ], [ -72.981796, 39.5638212 ], [ -72.9809837, 39.5500328 ], [ -72.9814261, 39.5458229 ], [ -72.9812699, 39.5448558 ], [ -72.9812697, 39.5412291 ], [ -72.9822844, 39.5375417 ], [ -72.9834553, 39.5351237 ], [ -72.9843921, 39.533975 ], [ -72.9861987, 39.5324205 ], [ -72.990325, 39.529864 ], [ -72.9904292, 39.5297631 ], [ -72.9915741, 39.5286548 ], [ -72.9925109, 39.5274456 ], [ -72.9947747, 39.5237575 ], [ -72.9968043, 39.5213389 ], [ -72.9989901, 39.5191017 ], [ -72.9996927, 39.5178923 ], [ -73.0004732, 39.5154736 ], [ -73.000317, 39.5142642 ], [ -72.9996923, 39.5118454 ], [ -72.9996923, 39.5106359 ], [ -73.0000825, 39.508217 ], [ -73.0007851, 39.5070074 ], [ -73.0015657, 39.5057979 ], [ -73.0026586, 39.5045883 ], [ -73.005469, 39.5028343 ], [ -73.0081232, 39.5005359 ], [ -73.0089819, 39.4993263 ], [ -73.0099106, 39.4974073 ], [ -73.0101528, 39.4969068 ], [ -73.0121825, 39.4944873 ], [ -73.017647, 39.490011 ], [ -73.0197547, 39.4876517 ], [ -73.0217843, 39.4846269 ], [ -73.0233456, 39.482812 ], [ -73.026234, 39.4805734 ], [ -73.027327, 39.4794239 ], [ -73.0282636, 39.4770038 ], [ -73.0282634, 39.4721635 ], [ -73.0288879, 39.4709533 ], [ -73.0301369, 39.4699851 ], [ -73.0316983, 39.4693799 ], [ -73.0331034, 39.4685327 ], [ -73.0340402, 39.4672621 ], [ -73.0345281, 39.4663164 ], [ -73.0352892, 39.4648415 ], [ -73.0373187, 39.4600002 ], [ -73.0386458, 39.4575794 ], [ -73.040207, 39.455219 ], [ -73.0445786, 39.4504376 ], [ -73.0447107, 39.4501644 ], [ -73.0457495, 39.4480164 ], [ -73.0462959, 39.4455952 ], [ -73.0479352, 39.4432345 ], [ -73.0491842, 39.4420238 ], [ -73.0505894, 39.4409342 ], [ -73.0533998, 39.4392391 ], [ -73.0549611, 39.4386337 ], [ -73.0565225, 39.437665 ], [ -73.0576934, 39.4365148 ], [ -73.0580836, 39.4340932 ], [ -73.0590984, 39.4316715 ], [ -73.059879, 39.4304606 ], [ -73.0619867, 39.4281599 ], [ -73.063819, 39.4266414 ], [ -73.0649936, 39.4258939 ], [ -73.0719122, 39.4214907 ], [ -73.0738527, 39.4199854 ], [ -73.0758043, 39.4175632 ], [ -73.0780682, 39.4151409 ], [ -73.0842353, 39.409327 ], [ -73.0872018, 39.4073283 ], [ -73.0950865, 39.4037548 ], [ -73.0963356, 39.4025434 ], [ -73.0971162, 39.401332 ], [ -73.0976626, 39.4001206 ], [ -73.099458, 39.3977583 ], [ -73.1008632, 39.3966074 ], [ -73.1023465, 39.3956987 ], [ -73.1054692, 39.394366 ], [ -73.1085919, 39.393639 ], [ -73.1117145, 39.3934571 ], [ -73.1148373, 39.3936994 ], [ -73.1164768, 39.3940628 ], [ -73.117882, 39.3945474 ], [ -73.1191312, 39.3957588 ], [ -73.1195996, 39.3970308 ], [ -73.119912, 39.3995142 ], [ -73.1195219, 39.4019976 ], [ -73.1187413, 39.4044203 ], [ -73.1164776, 39.4093261 ], [ -73.1161653, 39.4105373 ], [ -73.1163216, 39.4129596 ], [ -73.1167901, 39.415382 ], [ -73.1174929, 39.4178042 ], [ -73.1173658, 39.4237956 ], [ -73.1185084, 39.4311248 ], [ -73.119055, 39.4335465 ], [ -73.1193675, 39.4371788 ], [ -73.1191334, 39.4396003 ], [ -73.118509, 39.4420217 ], [ -73.1167135, 39.4445641 ], [ -73.1153864, 39.4460169 ], [ -73.1138251, 39.4472275 ], [ -73.1127323, 39.4483775 ], [ -73.111171, 39.4507987 ], [ -73.110519, 39.4525049 ], [ -73.1092976, 39.4557011 ], [ -73.1085169, 39.4569116 ], [ -73.1072679, 39.458122 ], [ -73.1057066, 39.4588483 ], [ -73.1041453, 39.4593324 ], [ -73.1028962, 39.4601798 ], [ -73.1018033, 39.4613901 ], [ -73.1010227, 39.4626005 ], [ -73.1004762, 39.4637503 ], [ -73.0999299, 39.4661708 ], [ -73.0996178, 39.4685913 ], [ -73.099462, 39.474642 ], [ -73.0989155, 39.4770622 ], [ -73.0981621, 39.4787307 ], [ -73.0978227, 39.4794823 ], [ -73.0968859, 39.4806923 ], [ -73.094466, 39.4831123 ], [ -73.0927486, 39.4854112 ], [ -73.0920461, 39.487831 ], [ -73.0911096, 39.4950898 ], [ -73.0906413, 39.4975092 ], [ -73.0902511, 39.4987189 ], [ -73.0888459, 39.5011383 ], [ -73.0854112, 39.5060372 ], [ -73.0817943, 39.5130422 ], [ -73.0815672, 39.513381 ] ] ] } },
{ "type": "Feature", "properties": { "RCID": 205, "PRIM": 3, "GRUP": 1, "OBJL": 42, "RVER": 1, "AGEN": 550, "FIDN": 1063513335, "FIDS": 8389, "LNAM": "02263F63ECF720C5", "DRVAL1": 0.0, "DRVAL2": 18.2 }, "geometry": { "type": "Polygon", "coordinates": [ [ [ -74.6989042, 39.166667 ], [ -74.7, 39.166667 ], [ -74.7, 39.1907784 ], [ -74.6985772, 39.1907554 ], [ -74.6960764, 39.1919145 ], [ -74.6948844, 39.1935164 ], [ -74.6932408, 39.1968129 ], [ -74.692759, 39.197739 ], [ -74.6919089, 39.1983564 ], [ -74.6897269, 39.1987533 ], [ -74.6882686, 39.1987242 ], [ -74.6875166, 39.1987092 ], [ -74.6844561, 39.1992163 ], [ -74.6822458, 39.2002967 ], [ -74.6802338, 39.2028543 ], [ -74.6794404, 39.2036701 ], [ -74.6783352, 39.2039788 ], [ -74.6755015, 39.2041111 ], [ -74.6728944, 39.20453 ], [ -74.6705424, 39.2052355 ], [ -74.6692389, 39.2072417 ], [ -74.6688705, 39.2087189 ], [ -74.66917, 39.2092834 ], [ -74.6708824, 39.2125107 ], [ -74.6713925, 39.2139656 ], [ -74.6708541, 39.216148 ], [ -74.667822, 39.2198292 ], [ -74.6659517, 39.2204244 ], [ -74.6642798, 39.2215045 ], [ -74.6638831, 39.2229151 ], [ -74.6638831, 39.2236866 ], [ -74.6648465, 39.2246785 ], [ -74.6656683, 39.2251854 ], [ -74.66564, 39.2258246 ], [ -74.6649882, 39.2267282 ], [ -74.6638364, 39.2271247 ], [ -74.6632596, 39.2273233 ], [ -74.6624945, 39.2272793 ], [ -74.6622395, 39.2263095 ], [ -74.6622395, 39.224965 ], [ -74.661361, 39.2236425 ], [ -74.6611626, 39.2224082 ], [ -74.6614744, 39.22124 ], [ -74.6617294, 39.2201158 ], [ -74.661276, 39.2183965 ], [ -74.6620978, 39.216655 ], [ -74.6644498, 39.2158174 ], [ -74.6666035, 39.2152442 ], [ -74.6682754, 39.2134586 ], [ -74.6685871, 39.2120918 ], [ -74.668162, 39.2099534 ], [ -74.6674253, 39.2091377 ], [ -74.6665468, 39.2088291 ], [ -74.6654133, 39.2088952 ], [ -74.6641664, 39.2097109 ], [ -74.6623528, 39.2119596 ], [ -74.6610493, 39.2146931 ], [ -74.6598875, 39.2159937 ], [ -74.6591314, 39.2166108 ], [ -74.6581265, 39.2171224 ], [ -74.6569218, 39.2174137 ], [ -74.6547632, 39.2176959 ], [ -74.65458, 39.2177198 ], [ -74.6528482, 39.2177351 ], [ -74.6515101, 39.2175974 ], [ -74.6494635, 39.2173984 ], [ -74.6472276, 39.2168816 ], [ -74.6470415, 39.2168044 ], [ -74.6466619, 39.2166715 ], [ -74.6459546, 39.2154521 ], [ -74.6461166, 39.2142027 ], [ -74.6471557, 39.2126412 ], [ -74.6494935, 39.2109694 ], [ -74.6502256, 39.2105285 ], [ -74.6505798, 39.2092609 ], [ -74.6499894, 39.207883 ], [ -74.6494227, 39.207736 ], [ -74.6476752, 39.2081402 ], [ -74.6453137, 39.2097569 ], [ -74.6422674, 39.2129902 ], [ -74.6406741, 39.2149419 ], [ -74.6391162, 39.2167789 ], [ -74.6378057, 39.218202 ], [ -74.633883, 39.2225697 ], [ -74.6322694, 39.2246055 ], [ -74.6261793, 39.2313253 ], [ -74.6182561, 39.2396026 ], [ -74.6119139, 39.2453794 ], [ -74.605759, 39.2510729 ], [ -74.5996041, 39.2562548 ], [ -74.5909668, 39.2624673 ], [ -74.589384, 39.2637592 ], [ -74.5854167, 39.2665678 ], [ -74.5808119, 39.2694864 ], [ -74.5768215, 39.2713292 ], [ -74.5718388, 39.2734767 ], [ -74.5655101, 39.2758077 ], [ -74.5634556, 39.2767254 ], [ -74.5612359, 39.2779918 ], [ -74.5590161, 39.2797354 ], [ -74.5573867, 39.2816074 ], [ -74.5560579, 39.2827624 ], [ -74.5537724, 39.2855749 ], [ -74.5530755, 39.2867431 ], [ -74.5523922, 39.2880706 ], [ -74.5515039, 39.2903326 ], [ -74.5509736, 39.2921209 ], [ -74.5507572, 39.2934665 ], [ -74.5510327, 39.2950721 ], [ -74.5517017, 39.2959895 ], [ -74.5528431, 39.2968305 ], [ -74.5549291, 39.2981149 ], [ -74.5566608, 39.2984818 ], [ -74.55952, 39.2970504 ], [ -74.5627867, 39.2951391 ], [ -74.5657386, 39.2930442 ], [ -74.5681109, 39.2910897 ], [ -74.5704264, 39.2893325 ], [ -74.5761158, 39.2856803 ], [ -74.5782888, 39.2842504 ], [ -74.5797811, 39.2835112 ], [ -74.5817345, 39.2824755 ], [ -74.5839211, 39.2794404 ], [ -74.5854131, 39.2785246 ], [ -74.5864678, 39.2779449 ], [ -74.5882018, 39.2775947 ], [ -74.5902081, 39.2771454 ], [ -74.5911942, 39.2766168 ], [ -74.5933705, 39.2756918 ], [ -74.5943227, 39.2757182 ], [ -74.5950368, 39.2759296 ], [ -74.596193, 39.2763789 ], [ -74.5980292, 39.2766168 ], [ -74.5995595, 39.2765639 ], [ -74.6007156, 39.2761939 ], [ -74.6012284, 39.275271 ], [ -74.6024907, 39.272917 ], [ -74.603884, 39.2709347 ], [ -74.6070719, 39.2690441 ], [ -74.6088666, 39.2684016 ], [ -74.6105197, 39.268475 ], [ -74.6118185, 39.2687136 ], [ -74.613684, 39.2687504 ], [ -74.6151481, 39.268163 ], [ -74.6153607, 39.2672819 ], [ -74.6142508, 39.2663273 ], [ -74.6133062, 39.2654462 ], [ -74.6133062, 39.2646569 ], [ -74.6140383, 39.2639226 ], [ -74.6146995, 39.2633535 ], [ -74.6146758, 39.2625458 ], [ -74.6140619, 39.2618115 ], [ -74.6139202, 39.2611873 ], [ -74.6150537, 39.2604346 ], [ -74.6160927, 39.2603795 ], [ -74.6174151, 39.2605998 ], [ -74.6192335, 39.2609303 ], [ -74.6202961, 39.26071 ], [ -74.6217366, 39.2599573 ], [ -74.6236966, 39.2586538 ], [ -74.6244995, 39.2577543 ], [ -74.6246648, 39.257075 ], [ -74.6245704, 39.2554594 ], [ -74.6246885, 39.2546883 ], [ -74.6266957, 39.2532562 ], [ -74.626861, 39.2527054 ], [ -74.6267429, 39.2520811 ], [ -74.6259164, 39.2513284 ], [ -74.6250663, 39.2505756 ], [ -74.6245468, 39.2499146 ], [ -74.6250663, 39.2490333 ], [ -74.626247, 39.2488864 ], [ -74.6273097, 39.2489231 ], [ -74.6279001, 39.2494372 ], [ -74.6284196, 39.2500431 ], [ -74.6287029, 39.2507775 ], [ -74.6287974, 39.2518608 ], [ -74.6287738, 39.2526136 ], [ -74.6283251, 39.2541191 ], [ -74.6284904, 39.2549453 ], [ -74.6293405, 39.2558633 ], [ -74.6296711, 39.2566711 ], [ -74.6298365, 39.2583601 ], [ -74.6285613, 39.2611322 ], [ -74.628207, 39.2623989 ], [ -74.6284432, 39.2640327 ], [ -74.6283015, 39.2651892 ], [ -74.6275222, 39.2686586 ], [ -74.626554, 39.2728436 ], [ -74.626129, 39.2736145 ], [ -74.6244759, 39.2741652 ], [ -74.6231299, 39.2747892 ], [ -74.6228229, 39.2752481 ], [ -74.6229646, 39.2780012 ], [ -74.6227284, 39.2797447 ], [ -74.6222089, 39.2803871 ], [ -74.6213824, 39.2805706 ], [ -74.620367, 39.2803504 ], [ -74.6195405, 39.2795979 ], [ -74.6183597, 39.2788821 ], [ -74.6174388, 39.2785518 ], [ -74.6167539, 39.2786435 ], [ -74.6156913, 39.2802586 ], [ -74.6149592, 39.2815433 ], [ -74.6147703, 39.2823141 ], [ -74.6148884, 39.2829014 ], [ -74.616708, 39.2846815 ], [ -74.6188478, 39.286126 ], [ -74.6196217, 39.2868396 ], [ -74.6202263, 39.2873278 ], [ -74.6208551, 39.2875907 ], [ -74.6234248, 39.2889848 ], [ -74.6252862, 39.289765 ], [ -74.6272957, 39.2899825 ], [ -74.6278739, 39.2899568 ], [ -74.6297739, 39.2898723 ], [ -74.6326703, 39.2905153 ], [ -74.637737, 39.2925716 ], [ -74.6393765, 39.2927839 ], [ -74.6411721, 39.2927233 ], [ -74.6421869, 39.2926625 ], [ -74.6446851, 39.2916918 ], [ -74.6465586, 39.2905998 ], [ -74.6477296, 39.2901144 ], [ -74.6499156, 39.289447 ], [ -74.6516069, 39.288537 ], [ -74.6523356, 39.2883549 ], [ -74.6529601, 39.2882943 ], [ -74.6545215, 39.2885369 ], [ -74.6567074, 39.2885368 ], [ -74.6579566, 39.2886581 ], [ -74.6604027, 39.2893726 ], [ -74.6614697, 39.290478 ], [ -74.6617821, 39.2919339 ], [ -74.6611931, 39.293765 ], [ -74.6600647, 39.2957557 ], [ -74.6601428, 39.2962411 ], [ -74.6606893, 39.2967263 ], [ -74.6613139, 39.2969083 ], [ -74.662085, 39.2970044 ], [ -74.6627972, 39.2969083 ], [ -74.6643388, 39.2963394 ], [ -74.6649359, 39.296212 ], [ -74.6669549, 39.2961345 ], [ -74.6680199, 39.2960225 ], [ -74.6685403, 39.2959064 ], [ -74.6688413, 39.2957517 ], [ -74.6715527, 39.2930816 ], [ -74.6724986, 39.292487 ], [ -74.6735704, 39.2922369 ], [ -74.6741949, 39.2921762 ], [ -74.6747455, 39.2922774 ], [ -74.6751318, 39.2925402 ], [ -74.6754441, 39.2930255 ], [ -74.6758345, 39.294724 ], [ -74.676277, 39.2956137 ], [ -74.6766649, 39.2961015 ], [ -74.6771305, 39.2962769 ], [ -74.6776179, 39.2962789 ], [ -74.6781278, 39.2961288 ], [ -74.6784889, 39.2959372 ], [ -74.6791134, 39.2956339 ], [ -74.6795928, 39.2955006 ], [ -74.6797377, 39.2954832 ], [ -74.6798665, 39.2956165 ], [ -74.6798321, 39.296037 ], [ -74.6793873, 39.2963737 ], [ -74.679265, 39.2968656 ], [ -74.6791983, 39.2976942 ], [ -74.6776302, 39.298485 ], [ -74.6768903, 39.2986813 ], [ -74.6759908, 39.2986669 ], [ -74.6753663, 39.2984244 ], [ -74.6748978, 39.2980604 ], [ -74.6743513, 39.2964226 ], [ -74.6741951, 39.2949061 ], [ -74.6740665, 39.294196 ], [ -74.6738895, 39.2940185 ], [ -74.6736762, 39.2939534 ], [ -74.6733504, 39.2939706 ], [ -74.6730516, 39.2940747 ], [ -74.6710364, 39.296712 ], [ -74.6696152, 39.2975955 ], [ -74.6679498, 39.2982426 ], [ -74.667013, 39.2984852 ], [ -74.665444, 39.2985336 ], [ -74.6623914, 39.2987766 ], [ -74.6601429, 39.2984855 ], [ -74.6588938, 39.2981215 ], [ -74.6579146, 39.297536 ], [ -74.6570982, 39.2966658 ], [ -74.6570201, 39.2947246 ], [ -74.6573419, 39.2936254 ], [ -74.6574884, 39.2926014 ], [ -74.6572541, 39.2919948 ], [ -74.6567856, 39.2914488 ], [ -74.6553024, 39.2908422 ], [ -74.6544435, 39.2906602 ], [ -74.6533506, 39.2907209 ], [ -74.652648, 39.290903 ], [ -74.6518122, 39.2917487 ], [ -74.6516632, 39.2925596 ], [ -74.6504623, 39.2950483 ], [ -74.650347, 39.2956537 ], [ -74.6503689, 39.2959596 ], [ -74.6502376, 39.2963675 ], [ -74.6498877, 39.2965714 ], [ -74.6493628, 39.2964015 ], [ -74.6487066, 39.2960956 ], [ -74.6480724, 39.2959596 ], [ -74.6475693, 39.2961636 ], [ -74.6474818, 39.2964525 ], [ -74.6475912, 39.2968263 ], [ -74.6480505, 39.2972512 ], [ -74.648816, 39.297608 ], [ -74.6494721, 39.2979309 ], [ -74.6497346, 39.2981688 ], [ -74.6497783, 39.2983048 ], [ -74.649669, 39.2985597 ], [ -74.6492315, 39.2989165 ], [ -74.6487504, 39.2990525 ], [ -74.6482766, 39.2992744 ], [ -74.6476521, 39.3001236 ], [ -74.6475741, 39.3007301 ], [ -74.6476383, 39.3013668 ], [ -74.6480022, 39.3020635 ], [ -74.6487452, 39.3026105 ], [ -74.6505668, 39.3033181 ], [ -74.6524404, 39.3034999 ], [ -74.6551469, 39.3045512 ], [ -74.6562919, 39.3054408 ], [ -74.6576452, 39.3070379 ], [ -74.6579132, 39.307396 ], [ -74.6584259, 39.3077051 ], [ -74.6600914, 39.308352 ], [ -74.6621733, 39.3086754 ], [ -74.6652959, 39.3086753 ], [ -74.6671695, 39.3079474 ], [ -74.6682001, 39.3074136 ], [ -74.6696156, 39.3064512 ], [ -74.6711802, 39.3061367 ], [ -74.6715541, 39.3061367 ], [ -74.6723377, 39.3062611 ], [ -74.6732458, 39.3065652 ], [ -74.6743499, 39.3070352 ], [ -74.676095, 39.3078784 ], [ -74.6763977, 39.3081687 ], [ -74.6764333, 39.3083621 ], [ -74.6763799, 39.3084728 ], [ -74.6762908, 39.308528 ], [ -74.6761484, 39.3085142 ], [ -74.675721, 39.3083483 ], [ -74.6741005, 39.3077816 ], [ -74.6729787, 39.3075052 ], [ -74.6719637, 39.3074637 ], [ -74.6714651, 39.3074775 ], [ -74.6710556, 39.3075881 ], [ -74.6704679, 39.3078507 ], [ -74.6693817, 39.3086662 ], [ -74.6683489, 39.3093436 ], [ -74.6674228, 39.3097167 ], [ -74.6664435, 39.3099932 ], [ -74.664636, 39.3101867 ], [ -74.6621733, 39.3100703 ], [ -74.6614447, 39.3102522 ], [ -74.6597532, 39.31098 ], [ -74.6592849, 39.3114046 ], [ -74.6585823, 39.3126782 ], [ -74.6567088, 39.3141338 ], [ -74.6554597, 39.3158804 ], [ -74.6553003, 39.3163403 ], [ -74.6553036, 39.3168022 ], [ -74.6553547, 39.3173403 ], [ -74.6558145, 39.3178255 ], [ -74.6563441, 39.3180032 ], [ -74.6570354, 39.3179268 ], [ -74.6576145, 39.3176268 ], [ -74.6605341, 39.3152253 ], [ -74.6608305, 39.3151038 ], [ -74.6611587, 39.3151039 ], [ -74.6614714, 39.3151606 ], [ -74.6616545, 39.3153312 ], [ -74.6617052, 39.3155891 ], [ -74.6616545, 39.3158428 ], [ -74.661563, 39.3165819 ], [ -74.6617053, 39.3172871 ], [ -74.6620207, 39.3177189 ], [ -74.6621879, 39.3184118 ], [ -74.6623504, 39.3188843 ], [ -74.6622588, 39.3193676 ], [ -74.6619474, 39.3198081 ], [ -74.6618193, 39.3202771 ], [ -74.6619078, 39.3206223 ], [ -74.6622771, 39.3208455 ], [ -74.6634134, 39.3209293 ], [ -74.6643838, 39.3212334 ], [ -74.6652967, 39.3221989 ], [ -74.6659212, 39.3224414 ], [ -74.6666216, 39.3223672 ], [ -74.6677948, 39.3217743 ], [ -74.6689733, 39.3209192 ], [ -74.6700962, 39.3204761 ], [ -74.6716005, 39.3202696 ], [ -74.6727638, 39.3203907 ], [ -74.6736499, 39.3205614 ], [ -74.6742745, 39.3208039 ], [ -74.6754455, 39.3215315 ], [ -74.6763823, 39.3225017 ], [ -74.6769159, 39.3241592 ], [ -74.6764678, 39.3269447 ], [ -74.6766159, 39.3277738 ], [ -74.6770722, 39.3282542 ], [ -74.6775693, 39.3284197 ], [ -74.6781721, 39.3284136 ], [ -74.6797395, 39.327595 ], [ -74.6812229, 39.3269886 ], [ -74.6827842, 39.3266854 ], [ -74.6835334, 39.3266001 ], [ -74.6840485, 39.3265923 ], [ -74.6845534, 39.3268365 ], [ -74.6847941, 39.3274803 ], [ -74.684888, 39.3278448 ], [ -74.684982, 39.3285251 ], [ -74.6851698, 39.3294728 ], [ -74.6855456, 39.3305905 ], [ -74.685708, 39.3311081 ], [ -74.6856454, 39.3316184 ], [ -74.6854262, 39.3316912 ], [ -74.6849879, 39.3316427 ], [ -74.6845182, 39.3315212 ], [ -74.6833851, 39.3309307 ], [ -74.6821326, 39.3301288 ], [ -74.6811601, 39.3296413 ], [ -74.6806904, 39.3296413 ], [ -74.6799076, 39.3296899 ], [ -74.6794065, 39.329787 ], [ -74.6790935, 39.3299572 ], [ -74.6787803, 39.3301759 ], [ -74.6785003, 39.330712 ], [ -74.6783437, 39.3310765 ], [ -74.6783437, 39.3317569 ], [ -74.6782185, 39.3335792 ], [ -74.6782185, 39.333895 ], [ -74.6780933, 39.3340894 ], [ -74.6780339, 39.3341009 ], [ -74.6778427, 39.334138 ], [ -74.6777175, 39.3339922 ], [ -74.6775922, 39.333652 ], [ -74.677467, 39.3330932 ], [ -74.6772165, 39.3316353 ], [ -74.6770912, 39.3312952 ], [ -74.676872, 39.3309793 ], [ -74.6766528, 39.3308578 ], [ -74.6758995, 39.3306576 ], [ -74.6752107, 39.3305847 ], [ -74.6745844, 39.3304633 ], [ -74.6743687, 39.3303859 ], [ -74.6741773, 39.3303174 ], [ -74.6739895, 39.3301474 ], [ -74.673459, 39.3297401 ], [ -74.6728796, 39.329084 ], [ -74.6726918, 39.3283307 ], [ -74.6726918, 39.3277718 ], [ -74.6727857, 39.3268971 ], [ -74.6729736, 39.3262167 ], [ -74.673436, 39.3251289 ], [ -74.67353, 39.32457 ], [ -74.6734986, 39.3241812 ], [ -74.6733493, 39.3239095 ], [ -74.6731615, 39.323788 ], [ -74.672642, 39.3236293 ], [ -74.6719532, 39.3237251 ], [ -74.6693564, 39.3251699 ], [ -74.6677951, 39.3263827 ], [ -74.6662337, 39.3269891 ], [ -74.6656646, 39.3270653 ], [ -74.6651322, 39.3269924 ], [ -74.6646939, 39.3268223 ], [ -74.6636919, 39.3261662 ], [ -74.6623492, 39.3251894 ], [ -74.6621888, 39.3250727 ], [ -74.6616566, 39.3244167 ], [ -74.6606545, 39.3232259 ], [ -74.6597538, 39.3224416 ], [ -74.6586608, 39.3220475 ], [ -74.6557098, 39.3218838 ], [ -74.6538986, 39.3215322 ], [ -74.6528838, 39.3211077 ], [ -74.6522591, 39.3206833 ], [ -74.6509319, 39.3192037 ], [ -74.6506977, 39.3185609 ], [ -74.6507757, 39.3174087 ], [ -74.6523313, 39.3142899 ], [ -74.6526491, 39.3123145 ], [ -74.6524929, 39.3115868 ], [ -74.6517121, 39.3105557 ], [ -74.6510876, 39.3103132 ], [ -74.6503069, 39.3102526 ], [ -74.6462083, 39.3110487 ], [ -74.6428645, 39.3108324 ], [ -74.6409192, 39.3103287 ], [ -74.6393253, 39.3094442 ], [ -74.6357861, 39.3082213 ], [ -74.6325072, 39.3075845 ], [ -74.6314923, 39.3075845 ], [ -74.6307116, 39.3079485 ], [ -74.6300871, 39.3084337 ], [ -74.6296188, 39.3093435 ], [ -74.6296188, 39.3100713 ], [ -74.6298531, 39.3109204 ], [ -74.6304133, 39.3116035 ], [ -74.6305627, 39.3118803 ], [ -74.6305817, 39.312113 ], [ -74.6302175, 39.3132451 ], [ -74.629745, 39.3161575 ], [ -74.6294867, 39.3168865 ], [ -74.6292988, 39.3173847 ], [ -74.6289388, 39.3180287 ], [ -74.6287877, 39.3182408 ], [ -74.6286099, 39.3184905 ], [ -74.6281246, 39.3189158 ], [ -74.627561, 39.3192438 ], [ -74.6269504, 39.3196327 ], [ -74.6264886, 39.3202403 ], [ -74.6264259, 39.3207263 ], [ -74.6264572, 39.3210422 ], [ -74.6268643, 39.3215282 ], [ -74.6271774, 39.3223788 ], [ -74.6271774, 39.3229377 ], [ -74.6268486, 39.3234967 ], [ -74.6257942, 39.3249894 ], [ -74.6254473, 39.3258854 ], [ -74.6245452, 39.3271116 ], [ -74.6226047, 39.3291212 ], [ -74.6211772, 39.3299528 ], [ -74.6192374, 39.3317445 ], [ -74.6187677, 39.3321333 ], [ -74.6184232, 39.3322791 ], [ -74.6181728, 39.3323034 ], [ -74.6178596, 39.3322305 ], [ -74.6176405, 39.3320118 ], [ -74.6175465, 39.331696 ], [ -74.6175465, 39.3313801 ], [ -74.6176091, 39.3311371 ], [ -74.6176629, 39.3309702 ], [ -74.6177344, 39.3307483 ], [ -74.6179223, 39.3305297 ], [ -74.6193928, 39.3295371 ], [ -74.6218909, 39.3275967 ], [ -74.6226715, 39.3266266 ], [ -74.6242384, 39.323887 ], [ -74.6244462, 39.3229879 ], [ -74.6242079, 39.3220633 ], [ -74.6237017, 39.3212542 ], [ -74.6234336, 39.3206301 ], [ -74.6232847, 39.3199597 ], [ -74.6232549, 39.3197055 ], [ -74.6232847, 39.3191045 ], [ -74.6237314, 39.3185728 ], [ -74.6244462, 39.3179487 ], [ -74.625727, 39.3171165 ], [ -74.6262631, 39.3164461 ], [ -74.6263226, 39.3159145 ], [ -74.6261439, 39.3151978 ], [ -74.6256763, 39.3145329 ], [ -74.6250129, 39.3130027 ], [ -74.6249237, 39.3117306 ], [ -74.6243882, 39.3111024 ], [ -74.6237637, 39.3106173 ], [ -74.6234752, 39.3102723 ], [ -74.6234514, 39.3098895 ], [ -74.6237636, 39.3094043 ], [ -74.6243881, 39.3087978 ], [ -74.6245053, 39.308327 ], [ -74.6244114, 39.3079381 ], [ -74.6242548, 39.3076707 ], [ -74.6240356, 39.307452 ], [ -74.6237851, 39.3072332 ], [ -74.622971, 39.3070388 ], [ -74.6216872, 39.3069902 ], [ -74.6204988, 39.3071933 ], [ -74.6182741, 39.3075736 ], [ -74.6171155, 39.3076707 ], [ -74.6167711, 39.3075979 ], [ -74.6165206, 39.3074034 ], [ -74.6163014, 39.3071117 ], [ -74.6156467, 39.3060151 ], [ -74.6150204, 39.3055533 ], [ -74.6144255, 39.305456 ], [ -74.6141437, 39.3054803 ], [ -74.6133608, 39.3056505 ], [ -74.6116045, 39.3066499 ], [ -74.6110409, 39.3067957 ], [ -74.6100389, 39.3068929 ], [ -74.6090995, 39.3069172 ], [ -74.6079409, 39.30682 ], [ -74.6047148, 39.3066149 ], [ -74.6031844, 39.3068136 ], [ -74.6009173, 39.3072046 ], [ -74.5985704, 39.3073362 ], [ -74.5970599, 39.3078754 ], [ -74.593983, 39.3103768 ], [ -74.5918511, 39.3113955 ], [ -74.5906897, 39.3114143 ], [ -74.5897461, 39.3114331 ], [ -74.5887056, 39.311715 ], [ -74.588004, 39.3124857 ], [ -74.5878588, 39.3142712 ], [ -74.5873867, 39.3160003 ], [ -74.5865465, 39.316816 ], [ -74.5851883, 39.3176861 ], [ -74.5835081, 39.3183169 ], [ -74.582556, 39.3184909 ], [ -74.5815338, 39.3183496 ], [ -74.5810438, 39.3179145 ], [ -74.5812118, 39.3174903 ], [ -74.5823599, 39.3170879 ], [ -74.5844182, 39.3165876 ], [ -74.5854684, 39.3161634 ], [ -74.5864065, 39.3153694 ], [ -74.5866586, 39.3142926 ], [ -74.5847263, 39.3123021 ], [ -74.5796716, 39.3095393 ], [ -74.5767591, 39.3075378 ], [ -74.572703, 39.3043657 ], [ -74.5717554, 39.3038488 ], [ -74.5700214, 39.3036608 ], [ -74.5679648, 39.3043188 ], [ -74.5645774, 39.3069191 ], [ -74.5615755, 39.3097114 ], [ -74.560267, 39.3123867 ], [ -74.5601049, 39.3136371 ], [ -74.5600634, 39.313957 ], [ -74.5598735, 39.3154217 ], [ -74.5590331, 39.3164841 ], [ -74.5573124, 39.317511 ], [ -74.5541874, 39.3189292 ], [ -74.5519297, 39.3199359 ], [ -74.5510517, 39.3207478 ], [ -74.5515116, 39.322404 ], [ -74.5534766, 39.3234432 ], [ -74.557684, 39.3241733 ], [ -74.5588937, 39.3253635 ], [ -74.5599019, 39.3264754 ], [ -74.5608092, 39.3278221 ], [ -74.5610915, 39.3289809 ], [ -74.561031, 39.3299048 ], [ -74.5603253, 39.3310322 ], [ -74.5591155, 39.3319874 ], [ -74.5583964, 39.3330418 ], [ -74.558262, 39.3338247 ], [ -74.5583935, 39.3343645 ], [ -74.558568, 39.3348102 ], [ -74.5593513, 39.3353363 ], [ -74.560021, 39.3354199 ], [ -74.5624936, 39.3348412 ], [ -74.5633784, 39.3348412 ], [ -74.564589, 39.3354804 ], [ -74.565526, 39.3364504 ], [ -74.565526, 39.3377841 ], [ -74.5645892, 39.3391785 ], [ -74.5639648, 39.3397848 ], [ -74.5611544, 39.3416035 ], [ -74.5581878, 39.3427554 ], [ -74.5577194, 39.3431191 ], [ -74.5570168, 39.3440285 ], [ -74.5567759, 39.3446211 ], [ -74.556565, 39.3449864 ], [ -74.5556438, 39.3463662 ], [ -74.5553296, 39.3467885 ], [ -74.5546804, 39.3472899 ], [ -74.554178, 39.3474661 ], [ -74.5530563, 39.3475533 ], [ -74.551786, 39.3472402 ], [ -74.5501125, 39.3464574 ], [ -74.5491044, 39.3460973 ], [ -74.548439, 39.3463009 ], [ -74.5479148, 39.346614 ], [ -74.5469469, 39.3468488 ], [ -74.5457775, 39.3465513 ], [ -74.5451726, 39.3461286 ], [ -74.5449629, 39.344942 ], [ -74.5448177, 39.3426687 ], [ -74.5446484, 39.3405081 ], [ -74.5432208, 39.3391366 ], [ -74.5430757, 39.3379905 ], [ -74.5431621, 39.336705 ], [ -74.5437838, 39.3362353 ], [ -74.5450104, 39.3361178 ], [ -74.5465898, 39.3361178 ], [ -74.5473459, 39.3360395 ], [ -74.547766, 39.3357916 ], [ -74.5477887, 39.334785 ], [ -74.5479919, 39.3331841 ], [ -74.5490952, 39.3314028 ], [ -74.5515632, 39.3297568 ], [ -74.5544086, 39.3287646 ], [ -74.5558312, 39.328043 ], [ -74.5560345, 39.3275469 ], [ -74.5552286, 39.3271299 ], [ -74.5532269, 39.3271869 ], [ -74.5525066, 39.3272082 ], [ -74.5519824, 39.3268637 ], [ -74.5510146, 39.325282 ], [ -74.5500064, 39.3231052 ], [ -74.5495225, 39.3208031 ], [ -74.5496187, 39.3200881 ], [ -74.5496637, 39.3197538 ], [ -74.5505179, 39.3189098 ], [ -74.5532185, 39.3174433 ], [ -74.5547574, 39.3165187 ], [ -74.5566446, 39.3153008 ], [ -74.5578097, 39.3132724 ], [ -74.5581054, 39.3127577 ], [ -74.5586546, 39.3097702 ], [ -74.5587619, 39.3073763 ], [ -74.5583863, 39.3067783 ], [ -74.5577143, 39.3066347 ], [ -74.5567229, 39.3074049 ], [ -74.5532112, 39.3089191 ], [ -74.5497721, 39.3104127 ], [ -74.5470918, 39.3115839 ], [ -74.5438019, 39.3118664 ], [ -74.5406114, 39.3115658 ], [ -74.5361865, 39.3117824 ], [ -74.5342115, 39.3125782 ], [ -74.5322548, 39.3137085 ], [ -74.5305644, 39.3156026 ], [ -74.5305912, 39.3160792 ], [ -74.5307492, 39.3188916 ], [ -74.5314132, 39.3205663 ], [ -74.5335182, 39.3228779 ], [ -74.5366153, 39.3259974 ], [ -74.5385993, 39.328384 ], [ -74.5405833, 39.3324616 ], [ -74.5411156, 39.3353364 ], [ -74.5405591, 39.3373281 ], [ -74.5387928, 39.3401275 ], [ -74.536874, 39.3422983 ], [ -74.5365256, 39.3435383 ], [ -74.5365837, 39.3448684 ], [ -74.5378322, 39.346221 ], [ -74.5392549, 39.3472129 ], [ -74.540155, 39.3484303 ], [ -74.5403872, 39.3502112 ], [ -74.5400098, 39.3513383 ], [ -74.5397194, 39.3520596 ], [ -74.5392992, 39.3525364 ], [ -74.5385836, 39.3533172 ], [ -74.5377344, 39.3541516 ], [ -74.5364829, 39.354768 ], [ -74.5354626, 39.3551588 ], [ -74.53326, 39.3555794 ], [ -74.5302695, 39.3553315 ], [ -74.529827, 39.3552672 ], [ -74.5255699, 39.3546489 ], [ -74.5229399, 39.3548011 ], [ -74.5221511, 39.3553102 ], [ -74.52171, 39.356022 ], [ -74.5213812, 39.3576708 ], [ -74.5210461, 39.3587524 ], [ -74.5207939, 39.3602735 ], [ -74.5210282, 39.3622128 ], [ -74.5212346, 39.3630468 ], [ -74.521288, 39.363906 ], [ -74.5213406, 39.3643946 ], [ -74.5214968, 39.3649399 ], [ -74.5222552, 39.3661173 ], [ -74.5256223, 39.3698196 ], [ -74.526962, 39.3729386 ], [ -74.5272743, 39.374514 ], [ -74.5267877, 39.3767808 ], [ -74.5249877, 39.3792258 ], [ -74.5219661, 39.381906 ], [ -74.519343, 39.383651 ], [ -74.5180628, 39.3841478 ], [ -74.513918, 39.3847262 ], [ -74.5103791, 39.3846447 ], [ -74.5081245, 39.3843534 ], [ -74.5043044, 39.3833822 ], [ -74.5020499, 39.3827023 ], [ -74.5007348, 39.3822167 ], [ -74.4992944, 39.3813427 ], [ -74.4977914, 39.3802743 ], [ -74.4967893, 39.3790603 ], [ -74.4952238, 39.3764864 ], [ -74.4940339, 39.3736696 ], [ -74.4939397, 39.3729029 ], [ -74.4936573, 39.3721728 ], [ -74.4933748, 39.3717347 ], [ -74.4931865, 39.3715157 ], [ -74.4931394, 39.3711505 ], [ -74.4929982, 39.3707855 ], [ -74.4927157, 39.3704204 ], [ -74.4923391, 39.3699093 ], [ -74.4921979, 39.3695077 ], [ -74.4921509, 39.3687775 ], [ -74.4921509, 39.3682298 ], [ -74.4920096, 39.3679012 ], [ -74.4917743, 39.3674631 ], [ -74.4916801, 39.3662217 ], [ -74.4916787, 39.3648257 ], [ -74.4916021, 39.3639829 ], [ -74.4929583, 39.361384 ], [ -74.4945538, 39.3599918 ], [ -74.4963887, 39.3585376 ], [ -74.4969073, 39.3574856 ], [ -74.4966878, 39.3565138 ], [ -74.4956077, 39.3558376 ], [ -74.492681, 39.3548368 ], [ -74.491357, 39.354377 ], [ -74.4902421, 39.3542688 ], [ -74.4889878, 39.3547016 ], [ -74.4881168, 39.3553507 ], [ -74.4872806, 39.3561892 ], [ -74.4872109, 39.3567573 ], [ -74.4869542, 39.357399 ], [ -74.4854622, 39.3575399 ], [ -74.4836072, 39.3582756 ], [ -74.4810264, 39.3596217 ], [ -74.4781632, 39.3597 ], [ -74.4763082, 39.3595121 ], [ -74.4748363, 39.359653 ], [ -74.4718926, 39.3605139 ], [ -74.4706425, 39.3616252 ], [ -74.4700779, 39.3622669 ], [ -74.4692512, 39.3625486 ], [ -74.468606, 39.3625486 ], [ -74.466993, 39.3623139 ], [ -74.4663881, 39.3615156 ], [ -74.4660655, 39.3611713 ], [ -74.4654001, 39.3613278 ], [ -74.4649364, 39.3623452 ], [ -74.465138, 39.3630025 ], [ -74.4659647, 39.3637382 ], [ -74.4669123, 39.3643329 ], [ -74.4678681, 39.3651937 ], [ -74.4697311, 39.366715 ], [ -74.4714974, 39.3676728 ], [ -74.4728523, 39.3683489 ], [ -74.4734814, 39.3683677 ], [ -74.4751025, 39.3679357 ], [ -74.477522, 39.3669404 ], [ -74.4790222, 39.3666774 ], [ -74.4811756, 39.3667526 ], [ -74.4823127, 39.3671657 ], [ -74.4834257, 39.3677292 ], [ -74.4848049, 39.3690062 ], [ -74.4857001, 39.3697199 ], [ -74.4860671, 39.3703154 ], [ -74.4861511, 39.3710218 ], [ -74.4861371, 39.3714782 ], [ -74.4859971, 39.371739 ], [ -74.485549, 39.3718151 ], [ -74.485339, 39.3716847 ], [ -74.4845829, 39.3707827 ], [ -74.4832387, 39.3695437 ], [ -74.4816144, 39.3686634 ], [ -74.4800182, 39.368446 ], [ -74.478534, 39.3688156 ], [ -74.4761817, 39.3691307 ], [ -74.4745714, 39.3693916 ], [ -74.4720371, 39.369685 ], [ -74.4702868, 39.3696198 ], [ -74.4694047, 39.3694459 ], [ -74.4677945, 39.3686308 ], [ -74.4662542, 39.3674135 ], [ -74.464868, 39.3669244 ], [ -74.4634958, 39.3666527 ], [ -74.4599393, 39.3668375 ], [ -74.4565509, 39.3662615 ], [ -74.4552207, 39.3659245 ], [ -74.4539235, 39.3653095 ], [ -74.4520363, 39.3642051 ], [ -74.4499458, 39.362109 ], [ -74.4489876, 39.3614329 ], [ -74.4478262, 39.3615005 ], [ -74.4470133, 39.3629204 ], [ -74.4464907, 39.3642502 ], [ -74.4461422, 39.3654447 ], [ -74.44591, 39.3663462 ], [ -74.4460842, 39.3671575 ], [ -74.446752, 39.3681041 ], [ -74.4478843, 39.3686675 ], [ -74.4488715, 39.3688928 ], [ -74.450962, 39.3689379 ], [ -74.4532557, 39.3689379 ], [ -74.4547074, 39.3691633 ], [ -74.4561592, 39.3697943 ], [ -74.4579593, 39.3707633 ], [ -74.4594691, 39.3719802 ], [ -74.4605724, 39.3731521 ], [ -74.4608204, 39.3744566 ], [ -74.4580609, 39.3787788 ], [ -74.4558556, 39.3817382 ], [ -74.4556635, 39.3827512 ], [ -74.4553177, 39.3835555 ], [ -74.4544264, 39.3845905 ], [ -74.4535811, 39.385931 ], [ -74.4533505, 39.3867949 ], [ -74.4531584, 39.3872418 ], [ -74.45276, 39.387738 ], [ -74.4521068, 39.3879465 ], [ -74.4507237, 39.3881252 ], [ -74.4485916, 39.3881713 ], [ -74.4443793, 39.3881516 ], [ -74.4419971, 39.3884198 ], [ -74.4401528, 39.3886581 ], [ -74.439538, 39.3889262 ], [ -74.4389617, 39.3894922 ], [ -74.4387312, 39.390207 ], [ -74.438808, 39.3911901 ], [ -74.4391922, 39.3924412 ], [ -74.4396737, 39.3934348 ], [ -74.4399427, 39.3937029 ], [ -74.4402117, 39.3938816 ], [ -74.4407111, 39.393971 ], [ -74.4417611, 39.3939529 ], [ -74.4432777, 39.3935847 ], [ -74.4454293, 39.3936443 ], [ -74.4466973, 39.3937336 ], [ -74.4484355, 39.3943127 ], [ -74.448676, 39.3943928 ], [ -74.4496749, 39.3945715 ], [ -74.4507123, 39.3945417 ], [ -74.4521917, 39.3942102 ], [ -74.4534597, 39.3937336 ], [ -74.4548429, 39.3933166 ], [ -74.4554482, 39.3931886 ], [ -74.4559092, 39.3932183 ], [ -74.4562935, 39.3933375 ], [ -74.4581473, 39.3950145 ], [ -74.459031, 39.3958782 ], [ -74.4594537, 39.3960868 ], [ -74.4597995, 39.3960868 ], [ -74.46003, 39.3959676 ], [ -74.4601069, 39.3957293 ], [ -74.4599192, 39.3947629 ], [ -74.4599192, 39.3933927 ], [ -74.459996, 39.3926183 ], [ -74.4603803, 39.3921118 ], [ -74.4622246, 39.3911586 ], [ -74.4640304, 39.3902948 ], [ -74.4651063, 39.3899076 ], [ -74.4654521, 39.3895799 ], [ -74.4657211, 39.3891331 ], [ -74.4657595, 39.3886565 ], [ -74.4656442, 39.388299 ], [ -74.4646836, 39.38675 ], [ -74.4644147, 39.3858861 ], [ -74.4644571, 39.384971 ], [ -74.4647644, 39.3837198 ], [ -74.465187, 39.3822302 ], [ -74.4657113, 39.3816036 ], [ -74.4663782, 39.3810087 ], [ -74.4667624, 39.3807704 ], [ -74.4672235, 39.3803831 ], [ -74.4676461, 39.3795787 ], [ -74.4683377, 39.3780295 ], [ -74.4685298, 39.3774336 ], [ -74.4685298, 39.3763611 ], [ -74.4683377, 39.3742159 ], [ -74.4680084, 39.3726958 ], [ -74.4687052, 39.3723803 ], [ -74.4696633, 39.3732591 ], [ -74.4705259, 39.3741961 ], [ -74.4707268, 39.3747985 ], [ -74.470896, 39.3768989 ], [ -74.4703627, 39.3791206 ], [ -74.4701947, 39.3795809 ], [ -74.4700505, 39.38009 ], [ -74.4688594, 39.3820404 ], [ -74.46712, 39.383417 ], [ -74.4668858, 39.3837094 ], [ -74.4667989, 39.3839296 ], [ -74.4664824, 39.3847312 ], [ -74.4664336, 39.3856236 ], [ -74.4667719, 39.3862697 ], [ -74.4685827, 39.3880788 ], [ -74.4687154, 39.3882916 ], [ -74.4691922, 39.3890564 ], [ -74.4693692, 39.3901226 ], [ -74.4689594, 39.3908413 ], [ -74.468474, 39.3911646 ], [ -74.466538, 39.3914797 ], [ -74.4644639, 39.391745 ], [ -74.4629469, 39.3925702 ], [ -74.462215, 39.3934069 ], [ -74.4619808, 39.3944972 ], [ -74.4623224, 39.3953566 ], [ -74.4629471, 39.3963258 ], [ -74.4635852, 39.3972825 ], [ -74.4638839, 39.3977103 ], [ -74.4654574, 39.3992798 ], [ -74.4667726, 39.39996 ], [ -74.4680998, 39.3999599 ], [ -74.4692707, 39.3994147 ], [ -74.4699734, 39.3987485 ], [ -74.47091, 39.3972947 ], [ -74.4712223, 39.3963255 ], [ -74.4723152, 39.3946294 ], [ -74.4735643, 39.3936601 ], [ -74.4742928, 39.3933775 ], [ -74.4763746, 39.3931755 ], [ -74.479029, 39.3931754 ], [ -74.4844938, 39.3940233 ], [ -74.4865236, 39.3938415 ], [ -74.4888837, 39.3940652 ], [ -74.489838, 39.394267 ], [ -74.4901902, 39.39454 ], [ -74.4906188, 39.3948723 ], [ -74.4915731, 39.396083 ], [ -74.4918334, 39.3968901 ], [ -74.4917003, 39.3978159 ], [ -74.4907006, 39.3996261 ], [ -74.4874609, 39.4021399 ], [ -74.4865241, 39.4035934 ], [ -74.4861275, 39.4053418 ], [ -74.4857685, 39.4074873 ], [ -74.4843514, 39.4092462 ], [ -74.4839695, 39.4104317 ], [ -74.4842678, 39.4145939 ], [ -74.4840265, 39.4153425 ], [ -74.4826213, 39.4175226 ], [ -74.4813723, 39.4187337 ], [ -74.4799843, 39.4191777 ], [ -74.479377, 39.4192449 ], [ -74.4789884, 39.4192114 ], [ -74.4785962, 39.4191777 ], [ -74.47419, 39.4183706 ], [ -74.4726807, 39.4183707 ], [ -74.4673201, 39.4194607 ], [ -74.4657587, 39.4199452 ], [ -74.4650561, 39.4204297 ], [ -74.464108, 39.421867 ], [ -74.463993, 39.4224193 ], [ -74.4636742, 39.4239512 ], [ -74.4636232, 39.4275035 ], [ -74.4635874, 39.4300017 ], [ -74.46285, 39.4337662 ], [ -74.4606071, 39.4376245 ], [ -74.4595273, 39.4397722 ], [ -74.4594596, 39.4403608 ], [ -74.4601389, 39.4422251 ], [ -74.4599703, 39.443402 ], [ -74.4588574, 39.4443022 ], [ -74.4558258, 39.4462523 ], [ -74.4554465, 39.4464963 ], [ -74.4540761, 39.4467794 ], [ -74.4502883, 39.447145 ], [ -74.4481166, 39.4476733 ], [ -74.4472579, 39.4481576 ], [ -74.4468364, 39.4485449 ], [ -74.4463118, 39.4499686 ], [ -74.4458865, 39.4552477 ], [ -74.4450724, 39.4563284 ], [ -74.4442137, 39.4568126 ], [ -74.4430773, 39.4572563 ], [ -74.4423832, 39.4573907 ], [ -74.441815, 39.4573665 ], [ -74.4410407, 39.4571624 ], [ -74.4409797, 39.4571464 ], [ -74.4407348, 39.4567859 ], [ -74.4396856, 39.4543314 ], [ -74.4382189, 39.4522834 ], [ -74.4376116, 39.4520818 ], [ -74.4370852, 39.4522758 ], [ -74.4367441, 39.4524178 ], [ -74.4365705, 39.452821 ], [ -74.4351576, 39.4549367 ], [ -74.4342209, 39.455784 ], [ -74.4332841, 39.4562077 ], [ -74.4324253, 39.4563893 ], [ -74.4307579, 39.4565171 ], [ -74.42963, 39.4560467 ], [ -74.4290227, 39.4550387 ], [ -74.4261796, 39.4508214 ], [ -74.4257375, 39.448234 ], [ -74.4254768, 39.4475529 ], [ -74.4250083, 39.4468266 ], [ -74.424112, 39.4457136 ], [ -74.4237592, 39.4453436 ], [ -74.4217436, 39.4439763 ], [ -74.4199337, 39.4421054 ], [ -74.4186064, 39.4401078 ], [ -74.4177318, 39.4365119 ], [ -74.4167325, 39.4349621 ], [ -74.4147026, 39.4326616 ], [ -74.4125165, 39.4293924 ], [ -74.4118919, 39.4279394 ], [ -74.4118919, 39.4272531 ], [ -74.4123602, 39.4256789 ], [ -74.4123601, 39.4240643 ], [ -74.411857, 39.423124 ], [ -74.4111195, 39.4222958 ], [ -74.4103387, 39.4219597 ], [ -74.4091241, 39.4220269 ], [ -74.4074417, 39.4224902 ], [ -74.4046313, 39.4232168 ], [ -74.4040068, 39.4236407 ], [ -74.4036946, 39.4244884 ], [ -74.4042188, 39.4259502 ], [ -74.4054543, 39.4271478 ], [ -74.4092153, 39.4284238 ], [ -74.4099552, 39.4288746 ], [ -74.4104087, 39.4295136 ], [ -74.4106735, 39.4301978 ], [ -74.4106446, 39.4305732 ], [ -74.4103246, 39.4307344 ], [ -74.4098259, 39.430516 ], [ -74.40955, 39.4304217 ], [ -74.4058026, 39.4290293 ], [ -74.4050722, 39.4289897 ], [ -74.4046506, 39.4292727 ], [ -74.404499, 39.4296476 ], [ -74.4045626, 39.4305532 ], [ -74.4045146, 39.4328436 ], [ -74.4036169, 39.4342361 ], [ -74.402368, 39.4352047 ], [ -74.4018605, 39.4359918 ], [ -74.4019777, 39.4371419 ], [ -74.4022119, 39.4376262 ], [ -74.4042105, 39.4398539 ], [ -74.4062389, 39.4418379 ], [ -74.4063324, 39.4420381 ], [ -74.4063022, 39.4421315 ], [ -74.4062457, 39.4423069 ], [ -74.4057251, 39.4425758 ], [ -74.4051937, 39.4425338 ], [ -74.4050264, 39.4425205 ], [ -74.4042503, 39.4421054 ], [ -74.4010409, 39.4393818 ], [ -74.4004164, 39.4390792 ], [ -74.3996357, 39.4389581 ], [ -74.3986989, 39.4393214 ], [ -74.3972937, 39.4401689 ], [ -74.3964477, 39.4408492 ], [ -74.3953421, 39.4413797 ], [ -74.3942492, 39.4416622 ], [ -74.3926097, 39.4425904 ], [ -74.3919852, 39.4433168 ], [ -74.3920633, 39.4445275 ], [ -74.3925318, 39.4451933 ], [ -74.3933125, 39.445738 ], [ -74.3951862, 39.4463433 ], [ -74.3967475, 39.4466458 ], [ -74.3979447, 39.4471099 ], [ -74.398309, 39.4476748 ], [ -74.3976823, 39.4497772 ], [ -74.3976467, 39.4502883 ], [ -74.3976701, 39.4503468 ], [ -74.3978619, 39.4505511 ], [ -74.3981422, 39.4506941 ], [ -74.398576, 39.4507445 ], [ -74.3990097, 39.4506773 ], [ -74.4002894, 39.4500388 ], [ -74.4009401, 39.4500052 ], [ -74.4015691, 39.4504085 ], [ -74.4015898, 39.4505154 ], [ -74.4016341, 39.4507445 ], [ -74.4013739, 39.4513661 ], [ -74.399617, 39.4523406 ], [ -74.3989013, 39.4529286 ], [ -74.3987928, 39.453567 ], [ -74.3990531, 39.4541046 ], [ -74.3998447, 39.4545079 ], [ -74.4029935, 39.4552403 ], [ -74.4056479, 39.4562691 ], [ -74.408396, 39.4578667 ], [ -74.4091611, 39.4590529 ], [ -74.4092686, 39.459615 ], [ -74.4090144, 39.4602057 ], [ -74.4089216, 39.4604213 ], [ -74.4080106, 39.4610261 ], [ -74.4069262, 39.4610261 ], [ -74.4030718, 39.4601424 ], [ -74.4014184, 39.4594926 ], [ -74.3997147, 39.4588918 ], [ -74.3962797, 39.4571167 ], [ -74.3956751, 39.4569774 ], [ -74.3949076, 39.457081 ], [ -74.394504, 39.45728 ], [ -74.393748, 39.4582292 ], [ -74.3936369, 39.4586749 ], [ -74.3936861, 39.4589773 ], [ -74.3940269, 39.4598106 ], [ -74.3945311, 39.4605542 ], [ -74.3956554, 39.461716 ], [ -74.3966963, 39.4633298 ], [ -74.3970608, 39.4661335 ], [ -74.3982822, 39.4683704 ], [ -74.3986938, 39.468849 ], [ -74.4001318, 39.4695729 ], [ -74.4009644, 39.4698246 ], [ -74.4026508, 39.470478 ], [ -74.4045556, 39.4709741 ], [ -74.4067416, 39.4722447 ], [ -74.4089275, 39.4726681 ], [ -74.4095521, 39.4729102 ], [ -74.4099425, 39.4733337 ], [ -74.4101767, 39.4744228 ], [ -74.4108794, 39.4748463 ], [ -74.4124296, 39.4751315 ], [ -74.4134341, 39.476177 ], [ -74.4134218, 39.4763293 ], [ -74.4133907, 39.4767143 ], [ -74.4129136, 39.4773525 ], [ -74.4125127, 39.4774732 ], [ -74.4121328, 39.4775877 ], [ -74.4105712, 39.4778564 ], [ -74.4097904, 39.4781251 ], [ -74.4092698, 39.4785282 ], [ -74.4090095, 39.4793007 ], [ -74.4090529, 39.4807786 ], [ -74.4092404, 39.48253 ], [ -74.4100428, 39.4840222 ], [ -74.4100862, 39.4847275 ], [ -74.4100172, 39.4848344 ], [ -74.4098693, 39.4850634 ], [ -74.408698, 39.4853656 ], [ -74.4072666, 39.4855335 ], [ -74.4054447, 39.4855335 ], [ -74.403189, 39.4854328 ], [ -74.4019311, 39.4850298 ], [ -74.4012804, 39.4845595 ], [ -74.4009116, 39.48393 ], [ -74.4010635, 39.4831825 ], [ -74.4016708, 39.4829138 ], [ -74.4033191, 39.4826115 ], [ -74.4042301, 39.4823429 ], [ -74.4047507, 39.4816711 ], [ -74.4048808, 39.4807978 ], [ -74.4047627, 39.4786547 ], [ -74.4046933, 39.4781445 ], [ -74.4046393, 39.477538 ], [ -74.4045313, 39.477308 ], [ -74.4040721, 39.4769525 ], [ -74.4031808, 39.4767852 ], [ -74.4022354, 39.4767015 ], [ -74.4003716, 39.4762832 ], [ -74.3991833, 39.4758231 ], [ -74.3980758, 39.4755303 ], [ -74.3970765, 39.4754258 ], [ -74.3955099, 39.4754466 ], [ -74.3936732, 39.4753631 ], [ -74.3908912, 39.4749029 ], [ -74.3890276, 39.4745055 ], [ -74.387542, 39.4743591 ], [ -74.3860683, 39.4746867 ], [ -74.3856632, 39.4749076 ], [ -74.3847265, 39.4755126 ], [ -74.3836497, 39.4765793 ], [ -74.3824697, 39.4783398 ], [ -74.3805193, 39.4804994 ], [ -74.3787155, 39.481442 ], [ -74.377984, 39.4819321 ], [ -74.3774879, 39.4826998 ], [ -74.377536, 39.4829971 ], [ -74.3775757, 39.4832432 ], [ -74.3781531, 39.4836213 ], [ -74.3795744, 39.4839223 ], [ -74.380199, 39.4842248 ], [ -74.3822288, 39.486342 ], [ -74.3828534, 39.486584 ], [ -74.3853516, 39.4870679 ], [ -74.3878704, 39.4885458 ], [ -74.3905042, 39.489427 ], [ -74.39454, 39.4909264 ], [ -74.3949548, 39.4912371 ], [ -74.3952113, 39.4914293 ], [ -74.3958131, 39.4934191 ], [ -74.3968169, 39.494456 ], [ -74.3975506, 39.4950455 ], [ -74.397972, 39.4953126 ], [ -74.4033729, 39.4977812 ], [ -74.4066696, 39.500266 ], [ -74.4080143, 39.5011055 ], [ -74.4082746, 39.5013741 ], [ -74.4083451, 39.501516 ], [ -74.4084915, 39.5018107 ], [ -74.4087951, 39.5028851 ], [ -74.4094458, 39.5044296 ], [ -74.4099811, 39.5053502 ], [ -74.4100314, 39.5054369 ], [ -74.409988, 39.506377 ], [ -74.4097102, 39.5107162 ], [ -74.4098663, 39.5114419 ], [ -74.4103348, 39.5124094 ], [ -74.4133015, 39.5148281 ], [ -74.4142384, 39.5159166 ], [ -74.4159559, 39.5172468 ], [ -74.4175173, 39.5178514 ], [ -74.418649, 39.5182073 ], [ -74.4207746, 39.5182744 ], [ -74.4212062, 39.5183301 ], [ -74.4218156, 39.5184087 ], [ -74.4230736, 39.5187779 ], [ -74.4251124, 39.5199864 ], [ -74.4262836, 39.5203556 ], [ -74.4269398, 39.5205348 ], [ -74.4277585, 39.5207585 ], [ -74.4282356, 39.5211278 ], [ -74.4281705, 39.5214552 ], [ -74.4281488, 39.5215641 ], [ -74.4278886, 39.5217319 ], [ -74.4275849, 39.5218662 ], [ -74.4270211, 39.5219333 ], [ -74.4255896, 39.5219333 ], [ -74.4248087, 39.5217991 ], [ -74.4228262, 39.5210559 ], [ -74.421577, 39.5203304 ], [ -74.4203279, 39.5199676 ], [ -74.418142, 39.5197258 ], [ -74.415956, 39.5193026 ], [ -74.414707, 39.518819 ], [ -74.4131456, 39.5185166 ], [ -74.4117946, 39.5187402 ], [ -74.4107017, 39.5194053 ], [ -74.4103352, 39.5205121 ], [ -74.4103354, 39.5234143 ], [ -74.4121553, 39.5266625 ], [ -74.4124174, 39.5290974 ], [ -74.4101391, 39.5350273 ], [ -74.4105327, 39.5362944 ], [ -74.4106005, 39.5365127 ], [ -74.4111644, 39.5371839 ], [ -74.4126393, 39.5383249 ], [ -74.4150413, 39.5396716 ], [ -74.4163698, 39.5409761 ], [ -74.4164999, 39.5417144 ], [ -74.4164972, 39.5417596 ], [ -74.4164566, 39.5424527 ], [ -74.4162831, 39.5427883 ], [ -74.415936, 39.542956 ], [ -74.4155022, 39.542956 ], [ -74.4144353, 39.5427365 ], [ -74.413828, 39.5428371 ], [ -74.4135243, 39.5430721 ], [ -74.4133943, 39.5433741 ], [ -74.4134852, 39.5441641 ], [ -74.4137455, 39.5444326 ], [ -74.4142116, 39.5447079 ], [ -74.4160354, 39.5454188 ], [ -74.4175361, 39.5463052 ], [ -74.4191767, 39.5478292 ], [ -74.4195338, 39.5495018 ], [ -74.4193927, 39.5507374 ], [ -74.4184675, 39.5528951 ], [ -74.4185137, 39.553317 ], [ -74.4188525, 39.5535562 ], [ -74.4189618, 39.5535589 ], [ -74.4192995, 39.5535673 ], [ -74.4198467, 39.553393 ], [ -74.4205638, 39.5529131 ], [ -74.421082, 39.552336 ], [ -74.4213444, 39.5519461 ], [ -74.4225154, 39.5502538 ], [ -74.423296, 39.5496495 ], [ -74.4248434, 39.5487632 ], [ -74.4261585, 39.548548 ], [ -74.4284485, 39.5488434 ], [ -74.4303222, 39.549347 ], [ -74.4309467, 39.5496492 ], [ -74.4317274, 39.5501327 ], [ -74.4336011, 39.5515832 ], [ -74.4344943, 39.5518556 ], [ -74.4352208, 39.5517603 ], [ -74.4359421, 39.5512205 ], [ -74.436118, 39.550741 ], [ -74.4361179, 39.5498949 ], [ -74.4353358, 39.5488969 ], [ -74.4323908, 39.5475942 ], [ -74.4314149, 39.5465062 ], [ -74.4312588, 39.5460228 ], [ -74.4312588, 39.5448139 ], [ -74.4308822, 39.5436758 ], [ -74.4307665, 39.5433263 ], [ -74.4306146, 39.542588 ], [ -74.4305713, 39.5417994 ], [ -74.4305929, 39.541145 ], [ -74.4308749, 39.5404403 ], [ -74.4312584, 39.5393738 ], [ -74.4320391, 39.5381648 ], [ -74.4325075, 39.5376812 ], [ -74.4331321, 39.5373185 ], [ -74.4344592, 39.5368953 ], [ -74.4361466, 39.5366565 ], [ -74.4379481, 39.5367732 ], [ -74.4405504, 39.5372681 ], [ -74.4435759, 39.5388469 ], [ -74.444608, 39.5390795 ], [ -74.4455447, 39.5388982 ], [ -74.4458572, 39.5384062 ], [ -74.4456229, 39.5370763 ], [ -74.4456228, 39.5355046 ], [ -74.4458235, 39.534902 ], [ -74.4467078, 39.5343176 ], [ -74.4477827, 39.5340033 ], [ -74.4503849, 39.5342047 ], [ -74.4523368, 39.5349603 ], [ -74.4541212, 39.5353057 ], [ -74.4578015, 39.5350206 ], [ -74.4583896, 39.5347397 ], [ -74.4586342, 39.534134 ], [ -74.4584541, 39.5330525 ], [ -74.4584824, 39.5327451 ], [ -74.4584974, 39.5325827 ], [ -74.4586351, 39.5321309 ], [ -74.4588202, 39.5317486 ], [ -74.4590045, 39.5315841 ], [ -74.459525, 39.5314498 ], [ -74.460219, 39.5313827 ], [ -74.4616832, 39.5314072 ], [ -74.4640691, 39.531129 ], [ -74.4643591, 39.5310305 ], [ -74.4677485, 39.5296273 ], [ -74.4684185, 39.5294585 ], [ -74.4709063, 39.5293633 ], [ -74.4711813, 39.5293037 ], [ -74.4715413, 39.5290957 ], [ -74.4752369, 39.5259505 ], [ -74.4754339, 39.5254862 ], [ -74.4753216, 39.5230015 ], [ -74.4755111, 39.5219565 ], [ -74.4758503, 39.5207297 ], [ -74.4769464, 39.5190333 ], [ -74.4778486, 39.5166886 ], [ -74.4791913, 39.5151285 ], [ -74.4801343, 39.5146683 ], [ -74.4830252, 39.5141676 ], [ -74.4875122, 39.514087 ], [ -74.4876935, 39.5142362 ], [ -74.4877084, 39.5143218 ], [ -74.4876737, 39.5144616 ], [ -74.4876935, 39.5145066 ], [ -74.4878973, 39.5145517 ], [ -74.4883341, 39.514777 ], [ -74.4888582, 39.5151151 ], [ -74.4890621, 39.5154982 ], [ -74.4897631, 39.5161453 ], [ -74.4898046, 39.5162918 ], [ -74.4883253, 39.5159143 ], [ -74.4862175, 39.5159144 ], [ -74.4808047, 39.5167207 ], [ -74.4799006, 39.5173039 ], [ -74.4793475, 39.5178495 ], [ -74.4777083, 39.520631 ], [ -74.4771619, 39.5231704 ], [ -74.4773037, 39.5256252 ], [ -74.477162, 39.5260242 ], [ -74.4745078, 39.5282492 ], [ -74.4723123, 39.5306675 ], [ -74.4718906, 39.5309129 ], [ -74.4714535, 39.5310001 ], [ -74.471099, 39.5309874 ], [ -74.4696212, 39.5307421 ], [ -74.4690027, 39.5307061 ], [ -74.4683044, 39.530875 ], [ -74.4646714, 39.5323 ], [ -74.4632662, 39.5325721 ], [ -74.4612364, 39.5326629 ], [ -74.4606119, 39.5329047 ], [ -74.4604557, 39.5332069 ], [ -74.4604558, 39.5343556 ], [ -74.4603955, 39.5350174 ], [ -74.4599738, 39.5355328 ], [ -74.456006, 39.537076 ], [ -74.4548071, 39.5373423 ], [ -74.454272, 39.5373263 ], [ -74.4540291, 39.5373191 ], [ -74.453251, 39.5371802 ], [ -74.4521737, 39.5366477 ], [ -74.4493701, 39.5355649 ], [ -74.4487456, 39.5355649 ], [ -74.4479133, 39.5358811 ], [ -74.4478218, 39.5359801 ], [ -74.4477764, 39.5361283 ], [ -74.4477531, 39.5364874 ], [ -74.4479651, 39.538648 ], [ -74.4478089, 39.5391315 ], [ -74.4470283, 39.5403405 ], [ -74.4458854, 39.5416007 ], [ -74.4458574, 39.542033 ], [ -74.4459026, 39.5423695 ], [ -74.4476565, 39.5449022 ], [ -74.4477, 39.5451277 ], [ -74.447497, 39.5463849 ], [ -74.4474972, 39.5491651 ], [ -74.4472271, 39.5504204 ], [ -74.4454052, 39.5536134 ], [ -74.4454456, 39.5542382 ], [ -74.445687, 39.5549688 ], [ -74.4460923, 39.5554507 ], [ -74.4470292, 39.5561153 ], [ -74.44787, 39.5563893 ], [ -74.4485905, 39.5564175 ], [ -74.4492931, 39.5561757 ], [ -74.4499176, 39.5556922 ], [ -74.4512447, 39.553589 ], [ -74.4514613, 39.5530435 ], [ -74.4515338, 39.5523436 ], [ -74.4517475, 39.5475399 ], [ -74.4524934, 39.5463848 ], [ -74.4530399, 39.5460221 ], [ -74.4554599, 39.5450549 ], [ -74.4576458, 39.5450548 ], [ -74.4588271, 39.5452073 ], [ -74.4603002, 39.5460218 ], [ -74.461362, 39.5468439 ], [ -74.4619008, 39.547956 ], [ -74.4624864, 39.5497691 ], [ -74.4624865, 39.5519448 ], [ -74.4626426, 39.5524284 ], [ -74.4631891, 39.5530932 ], [ -74.4638137, 39.5534558 ], [ -74.4651409, 39.5536974 ], [ -74.4663119, 39.5533348 ], [ -74.4671706, 39.5529117 ], [ -74.4685758, 39.5519447 ], [ -74.4703713, 39.5497689 ], [ -74.4717764, 39.5483183 ], [ -74.4724009, 39.5478952 ], [ -74.4730255, 39.5475325 ], [ -74.4743527, 39.5472303 ], [ -74.4758359, 39.5471093 ], [ -74.4768508, 39.5472302 ], [ -74.4784122, 39.5478345 ], [ -74.4798175, 39.548862 ], [ -74.480286, 39.5493455 ], [ -74.4808745, 39.5506518 ], [ -74.4810668, 39.5533343 ], [ -74.481223, 39.5538179 ], [ -74.4815353, 39.5543618 ], [ -74.4826283, 39.5552077 ], [ -74.4838773, 39.5554495 ], [ -74.4855168, 39.5550868 ], [ -74.487219, 39.5544378 ], [ -74.4873312, 39.554395 ], [ -74.4891266, 39.5529831 ], [ -74.4920645, 39.5506878 ], [ -74.4921189, 39.5506453 ], [ -74.4929868, 39.5505759 ], [ -74.4937349, 39.5506685 ], [ -74.4937491, 39.5506763 ], [ -74.4941538, 39.5508999 ], [ -74.4960689, 39.5524508 ], [ -74.4980019, 39.553936 ], [ -74.4983282, 39.5541867 ], [ -74.4990463, 39.5551125 ], [ -74.4991062, 39.5556217 ], [ -74.4990905, 39.5561361 ], [ -74.4990164, 39.558561 ], [ -74.4992109, 39.5602274 ], [ -74.49954, 39.5605282 ], [ -74.4998094, 39.560644 ], [ -74.5008268, 39.560644 ], [ -74.5023529, 39.5602274 ], [ -74.5030411, 39.5602043 ], [ -74.5035798, 39.56032 ], [ -74.5039688, 39.5605745 ], [ -74.5041184, 39.5612225 ], [ -74.5044775, 39.5631203 ], [ -74.5049263, 39.5642542 ], [ -74.5056828, 39.5652804 ], [ -74.5066972, 39.5660797 ], [ -74.5075066, 39.5661648 ], [ -74.510187, 39.5656008 ], [ -74.5108115, 39.5656008 ], [ -74.51173, 39.5659365 ], [ -74.5118641, 39.5660301 ], [ -74.5126018, 39.5665453 ], [ -74.513709, 39.5675866 ], [ -74.514457, 39.5686973 ], [ -74.5146964, 39.5698775 ], [ -74.5153099, 39.5704329 ], [ -74.5159084, 39.5708262 ], [ -74.5166864, 39.5709651 ], [ -74.5177337, 39.5709883 ], [ -74.5181227, 39.5708494 ], [ -74.5188109, 39.570294 ], [ -74.5193176, 39.5697301 ], [ -74.5200378, 39.5689288 ], [ -74.5220277, 39.5667303 ], [ -74.5222389, 39.5662714 ], [ -74.5225245, 39.5659787 ], [ -74.5228508, 39.5658523 ], [ -74.5233295, 39.5658523 ], [ -74.5236288, 39.5659217 ], [ -74.5248251, 39.5664649 ], [ -74.5256632, 39.5665572 ], [ -74.5263515, 39.566534 ], [ -74.5278646, 39.5666365 ], [ -74.5287323, 39.5668216 ], [ -74.5296122, 39.567112 ], [ -74.5304848, 39.5677755 ], [ -74.5325928, 39.5699506 ], [ -74.534935, 39.5713251 ], [ -74.5396191, 39.5727297 ], [ -74.5425858, 39.5750255 ], [ -74.5435227, 39.5761129 ], [ -74.5444254, 39.5775746 ], [ -74.544468, 39.5776438 ], [ -74.5447373, 39.5792635 ], [ -74.5446896, 39.5805425 ], [ -74.544616, 39.5825167 ], [ -74.5447721, 39.583 ], [ -74.5456421, 39.5843462 ], [ -74.5501851, 39.5875907 ], [ -74.5521109, 39.5900069 ], [ -74.5533601, 39.5931478 ], [ -74.5542971, 39.5938725 ], [ -74.5554022, 39.5942267 ], [ -74.5562972, 39.5943919 ], [ -74.5572396, 39.5942999 ], [ -74.5630407, 39.5931172 ], [ -74.5648102, 39.5932883 ], [ -74.570067, 39.5953216 ], [ -74.5719406, 39.595684 ], [ -74.5761563, 39.5956838 ], [ -74.5789952, 39.596123 ], [ -74.5804033, 39.59694 ], [ -74.5816061, 39.5984472 ], [ -74.5830265, 39.5997906 ], [ -74.5861493, 39.6016023 ], [ -74.5871643, 39.6023874 ], [ -74.5881346, 39.6036383 ], [ -74.588885, 39.6061873 ], [ -74.5891959, 39.6068549 ], [ -74.589756, 39.6076224 ], [ -74.5905454, 39.6085277 ], [ -74.5905873, 39.6090882 ], [ -74.5905873, 39.609196 ], [ -74.590406, 39.6094008 ], [ -74.5903362, 39.6094439 ], [ -74.590127, 39.6094655 ], [ -74.5896389, 39.609487 ], [ -74.5893878, 39.6094762 ], [ -74.5890392, 39.6094547 ], [ -74.5888997, 39.6093792 ], [ -74.5881015, 39.6089094 ], [ -74.5871645, 39.6072186 ], [ -74.5866179, 39.605105 ], [ -74.5861495, 39.604018 ], [ -74.5853167, 39.6033738 ], [ -74.5822298, 39.6018815 ], [ -74.5803202, 39.6001933 ], [ -74.5795915, 39.599066 ], [ -74.5793244, 39.5986905 ], [ -74.5788107, 39.5982204 ], [ -74.5782466, 39.597751 ], [ -74.5768471, 39.5971074 ], [ -74.5756957, 39.596902 ], [ -74.5710578, 39.5969835 ], [ -74.570328, 39.5968935 ], [ -74.5688179, 39.5964088 ], [ -74.56817, 39.5961086 ], [ -74.5669442, 39.5956841 ], [ -74.5658105, 39.5954094 ], [ -74.5637991, 39.5952787 ], [ -74.5604385, 39.5956037 ], [ -74.5596839, 39.5957447 ], [ -74.558669, 39.5961675 ], [ -74.5584348, 39.5964092 ], [ -74.5582006, 39.5970131 ], [ -74.5583273, 39.5988666 ], [ -74.5580718, 39.5992361 ], [ -74.5578483, 39.5992987 ], [ -74.5575073, 39.5993943 ], [ -74.5570285, 39.5993943 ], [ -74.5560709, 39.5992092 ], [ -74.5541558, 39.5982378 ], [ -74.5526276, 39.5972982 ], [ -74.5520113, 39.5967285 ], [ -74.5516422, 39.5963873 ], [ -74.5510182, 39.5952014 ], [ -74.5504297, 39.5937239 ], [ -74.5477521, 39.5904096 ], [ -74.5476064, 39.5899587 ], [ -74.5457234, 39.5882938 ], [ -74.5417666, 39.5860355 ], [ -74.5396197, 39.5846513 ], [ -74.5371409, 39.582094 ], [ -74.5348685, 39.5806874 ], [ -74.5320728, 39.5793354 ], [ -74.5313136, 39.5789486 ], [ -74.5304073, 39.5782882 ], [ -74.5282994, 39.576778 ], [ -74.5259461, 39.574767 ], [ -74.5246612, 39.5727785 ], [ -74.5243176, 39.5701925 ], [ -74.5240474, 39.5697436 ], [ -74.523477, 39.5694442 ], [ -74.5227426, 39.5695488 ], [ -74.521574, 39.5709349 ], [ -74.5184365, 39.5727303 ], [ -74.5166632, 39.5729862 ], [ -74.5163091, 39.5729533 ], [ -74.515167, 39.5728474 ], [ -74.5142693, 39.5725697 ], [ -74.5136708, 39.5722457 ], [ -74.5126073, 39.570495 ], [ -74.5113378, 39.5695677 ], [ -74.5105775, 39.5693654 ], [ -74.5093631, 39.5692934 ], [ -74.5074548, 39.5695888 ], [ -74.5050805, 39.5702438 ], [ -74.5042684, 39.5701585 ], [ -74.5038874, 39.5701186 ], [ -74.5027805, 39.5694592 ], [ -74.5020604, 39.5687284 ], [ -74.5009831, 39.5668772 ], [ -74.5005044, 39.5656738 ], [ -74.4998201, 39.5649728 ], [ -74.4983205, 39.5642114 ], [ -74.4923446, 39.5635675 ], [ -74.4913724, 39.5634298 ], [ -74.4899263, 39.5629345 ], [ -74.4884389, 39.56188 ], [ -74.4873027, 39.5606497 ], [ -74.4872201, 39.5600106 ], [ -74.4874267, 39.5593715 ], [ -74.4883356, 39.5588922 ], [ -74.4914551, 39.5575659 ], [ -74.4917237, 39.5570706 ], [ -74.4917498, 39.5566865 ], [ -74.4914139, 39.5562557 ], [ -74.4911452, 39.5560959 ], [ -74.4907734, 39.556064 ], [ -74.4899263, 39.5563036 ], [ -74.4877572, 39.5573742 ], [ -74.4862697, 39.5575819 ], [ -74.4840179, 39.5575819 ], [ -74.4817613, 39.5571067 ], [ -74.4803123, 39.5569977 ], [ -74.4788945, 39.5572623 ], [ -74.4779441, 39.5579973 ], [ -74.4775103, 39.5588922 ], [ -74.4772831, 39.5599946 ], [ -74.477345, 39.5610971 ], [ -74.478254, 39.5626309 ], [ -74.4808284, 39.56678 ], [ -74.4818483, 39.5678373 ], [ -74.4841905, 39.5712813 ], [ -74.4863815, 39.5770209 ], [ -74.4865173, 39.5787004 ], [ -74.4871576, 39.5816726 ], [ -74.4871577, 39.5836057 ], [ -74.4857573, 39.5894261 ], [ -74.4858295, 39.5904356 ], [ -74.4862837, 39.5914827 ], [ -74.4873663, 39.5929484 ], [ -74.4898126, 39.5948408 ], [ -74.490281, 39.5955656 ], [ -74.490281, 39.5966527 ], [ -74.4896566, 39.5982231 ], [ -74.4875272, 39.6006773 ], [ -74.487302, 39.6007092 ], [ -74.4867083, 39.6006856 ], [ -74.4862059, 39.6006916 ], [ -74.486008, 39.6006562 ], [ -74.4859547, 39.6006033 ], [ -74.4859167, 39.6005503 ], [ -74.4859108, 39.6004821 ], [ -74.487617, 39.5980257 ], [ -74.4881882, 39.5969771 ], [ -74.4881644, 39.5963332 ], [ -74.4879502, 39.5958549 ], [ -74.487022, 39.5955789 ], [ -74.4856655, 39.5956893 ], [ -74.4834997, 39.5967195 ], [ -74.4827857, 39.5970875 ], [ -74.4821444, 39.5972647 ], [ -74.4814629, 39.5971588 ], [ -74.4806289, 39.5966861 ], [ -74.4798345, 39.5957445 ], [ -74.4791952, 39.5944788 ], [ -74.4791171, 39.5932104 ], [ -74.4793513, 39.5927272 ], [ -74.4810687, 39.5908546 ], [ -74.4816065, 39.5904655 ], [ -74.482205, 39.589861 ], [ -74.4827861, 39.5892237 ], [ -74.483879, 39.5875927 ], [ -74.4850078, 39.5845352 ], [ -74.4852563, 39.583744 ], [ -74.4852702, 39.5822985 ], [ -74.4839566, 39.5775043 ], [ -74.482317, 39.5736981 ], [ -74.4818484, 39.5722481 ], [ -74.4817703, 39.5713418 ], [ -74.4815597, 39.5707282 ], [ -74.4810971, 39.5701795 ], [ -74.4806946, 39.5700238 ], [ -74.480152, 39.5699832 ], [ -74.4795469, 39.5701936 ], [ -74.4775681, 39.5707041 ], [ -74.4767144, 39.570767 ], [ -74.476153, 39.5706976 ], [ -74.4756814, 39.570576 ], [ -74.4753004, 39.5702974 ], [ -74.4750752, 39.5699508 ], [ -74.4750079, 39.5695689 ], [ -74.4750303, 39.569291 ], [ -74.4752125, 39.5685022 ], [ -74.4755247, 39.5680188 ], [ -74.4768518, 39.5669312 ], [ -74.4775592, 39.5661294 ], [ -74.4776498, 39.5651587 ], [ -74.4771417, 39.5639789 ], [ -74.4757196, 39.5622179 ], [ -74.475134, 39.5604051 ], [ -74.4757584, 39.5582296 ], [ -74.4771635, 39.5561748 ], [ -74.4772038, 39.5553026 ], [ -74.4768915, 39.5545774 ], [ -74.4762266, 39.5540597 ], [ -74.4755239, 39.5536972 ], [ -74.4738768, 39.5535114 ], [ -74.4728701, 39.5536239 ], [ -74.4689105, 39.5554672 ], [ -74.4671708, 39.5559334 ], [ -74.4646726, 39.5558731 ], [ -74.4631112, 39.5555709 ], [ -74.4611483, 39.5548113 ], [ -74.4597785, 39.553539 ], [ -74.4589373, 39.5513685 ], [ -74.4585048, 39.5487418 ], [ -74.4581145, 39.5482582 ], [ -74.4576412, 39.5478998 ], [ -74.4571776, 39.5477748 ], [ -74.4565531, 39.5478352 ], [ -74.4558766, 39.5481375 ], [ -74.4555797, 39.5484135 ], [ -74.4553547, 39.5489859 ], [ -74.455148, 39.5497693 ], [ -74.4553408, 39.5531289 ], [ -74.4554132, 39.5542851 ], [ -74.4552454, 39.5549988 ], [ -74.4525479, 39.5583054 ], [ -74.4518563, 39.560703 ], [ -74.4518788, 39.561033 ], [ -74.452036, 39.5615714 ], [ -74.4523279, 39.5623702 ], [ -74.4525446, 39.5626753 ], [ -74.4532036, 39.5636032 ], [ -74.4535515, 39.5641155 ], [ -74.4536752, 39.5642978 ], [ -74.4538099, 39.5650793 ], [ -74.4537874, 39.5656002 ], [ -74.4535766, 39.5661339 ], [ -74.4534169, 39.566538 ], [ -74.4529678, 39.5673021 ], [ -74.4512454, 39.568503 ], [ -74.4507781, 39.5690735 ], [ -74.4504128, 39.5697919 ], [ -74.450404, 39.5703106 ], [ -74.4505733, 39.5709532 ], [ -74.4510811, 39.5719053 ], [ -74.4513581, 39.5724646 ], [ -74.451558, 39.5734573 ], [ -74.451558, 39.5738929 ], [ -74.4513673, 39.5747376 ], [ -74.4510293, 39.5752806 ], [ -74.4506651, 39.5757028 ], [ -74.4497809, 39.5763062 ], [ -74.4485065, 39.5768893 ], [ -74.4455677, 39.5780959 ], [ -74.4441893, 39.5788399 ], [ -74.442915, 39.5801671 ], [ -74.4416406, 39.5817959 ], [ -74.4415455, 39.5818241 ], [ -74.4411065, 39.5817959 ], [ -74.4409382, 39.5817054 ], [ -74.4407187, 39.5815753 ], [ -74.4405138, 39.5814056 ], [ -74.4404041, 39.5812755 ], [ -74.4403675, 39.5812189 ], [ -74.4403455, 39.5810605 ], [ -74.4403739, 39.5808969 ], [ -74.4404478, 39.5807207 ], [ -74.4422603, 39.5783558 ], [ -74.4437329, 39.5772171 ], [ -74.4453027, 39.5764414 ], [ -74.4463855, 39.5760655 ], [ -74.4473579, 39.5757281 ], [ -74.4487696, 39.5752596 ], [ -74.449238, 39.575018 ], [ -74.4496283, 39.574595 ], [ -74.4496758, 39.5739839 ], [ -74.4494501, 39.5728532 ], [ -74.4492018, 39.57226 ], [ -74.4488489, 39.5704553 ], [ -74.4488637, 39.5694035 ], [ -74.4491766, 39.5683822 ], [ -74.4510892, 39.5656026 ], [ -74.4510891, 39.5645149 ], [ -74.4496837, 39.5614936 ], [ -74.4496836, 39.5595599 ], [ -74.4493295, 39.5590902 ], [ -74.4488137, 39.5588866 ], [ -74.4460788, 39.5580045 ], [ -74.4437629, 39.5567004 ], [ -74.4430944, 39.5557891 ], [ -74.4425122, 39.5530851 ], [ -74.4426571, 39.5520664 ], [ -74.4443744, 39.5483433 ], [ -74.4443744, 39.5474729 ], [ -74.4439059, 39.546385 ], [ -74.4434374, 39.5456598 ], [ -74.4418761, 39.5444509 ], [ -74.438519, 39.5426982 ], [ -74.4378945, 39.5425772 ], [ -74.4365628, 39.5425719 ], [ -74.4359428, 39.5427587 ], [ -74.4357198, 39.5432743 ], [ -74.4357279, 39.5437696 ], [ -74.4358647, 39.544028 ], [ -74.436099, 39.5446324 ], [ -74.4373927, 39.5465199 ], [ -74.4395988, 39.5483985 ], [ -74.4403149, 39.5503742 ], [ -74.440315, 39.5520664 ], [ -74.4394564, 39.5535169 ], [ -74.439066, 39.5540004 ], [ -74.4375336, 39.555173 ], [ -74.4365707, 39.5555455 ], [ -74.4344467, 39.5560055 ], [ -74.4341404, 39.556021 ], [ -74.433144, 39.5560712 ], [ -74.4321811, 39.5559835 ], [ -74.4310864, 39.5557063 ], [ -74.4306235, 39.5555892 ], [ -74.4291508, 39.5551512 ], [ -74.4278481, 39.5550416 ], [ -74.4271684, 39.5550635 ], [ -74.4264887, 39.5551949 ], [ -74.4261772, 39.5553702 ], [ -74.42517, 39.5558743 ], [ -74.4234525, 39.5573851 ], [ -74.4220681, 39.5580212 ], [ -74.4207268, 39.558909 ], [ -74.4196177, 39.559687 ], [ -74.4191917, 39.5597978 ], [ -74.4188182, 39.5597968 ], [ -74.4170131, 39.5596445 ], [ -74.4165573, 39.5598011 ], [ -74.416385, 39.5601269 ], [ -74.4164265, 39.5604069 ], [ -74.4166687, 39.5608543 ], [ -74.4174674, 39.5619743 ], [ -74.4191591, 39.5640325 ], [ -74.4195495, 39.565241 ], [ -74.4196349, 39.5663521 ], [ -74.4194934, 39.5668997 ], [ -74.4191818, 39.5673596 ], [ -74.4183039, 39.567929 ], [ -74.4166047, 39.5685641 ], [ -74.415952, 39.5687299 ], [ -74.4148898, 39.5689997 ], [ -74.4146223, 39.5690678 ], [ -74.4128381, 39.5691335 ], [ -74.4117053, 39.5691116 ], [ -74.4111389, 39.5689802 ], [ -74.4107424, 39.5688269 ], [ -74.4105725, 39.568586 ], [ -74.4105442, 39.5683889 ], [ -74.4105535, 39.56836 ], [ -74.4106292, 39.5681261 ], [ -74.4116203, 39.5678852 ], [ -74.415217, 39.5673815 ], [ -74.4163923, 39.5670967 ], [ -74.4169587, 39.566812 ], [ -74.4171569, 39.5665492 ], [ -74.4174685, 39.5658703 ], [ -74.4175251, 39.5653665 ], [ -74.4174685, 39.5649942 ], [ -74.4163746, 39.5629851 ], [ -74.4141625, 39.5605883 ], [ -74.4137722, 39.5596818 ], [ -74.4137721, 39.5587149 ], [ -74.4145371, 39.5576952 ], [ -74.4147643, 39.5569607 ], [ -74.414792, 39.556381 ], [ -74.414497, 39.5556103 ], [ -74.4141571, 39.5550627 ], [ -74.4135884, 39.5543438 ], [ -74.4135884, 39.5536648 ], [ -74.4137583, 39.5528762 ], [ -74.4140982, 39.5518466 ], [ -74.4141831, 39.5511895 ], [ -74.4141548, 39.5504885 ], [ -74.4139603, 39.5496827 ], [ -74.4136204, 39.5493979 ], [ -74.4129974, 39.5492665 ], [ -74.4124309, 39.5492665 ], [ -74.4121195, 39.5494417 ], [ -74.4118646, 39.5496608 ], [ -74.4106491, 39.5527926 ], [ -74.4101807, 39.5535178 ], [ -74.4093689, 39.5541463 ], [ -74.4081979, 39.5565638 ], [ -74.4069021, 39.5582317 ], [ -74.4057521, 39.5591593 ], [ -74.4050725, 39.5592907 ], [ -74.4043361, 39.5592907 ], [ -74.4041095, 39.5591593 ], [ -74.4040246, 39.5590279 ], [ -74.403968, 39.5588307 ], [ -74.4041095, 39.5582831 ], [ -74.4049026, 39.5575823 ], [ -74.4060146, 39.5562784 ], [ -74.4062411, 39.5557527 ], [ -74.4062695, 39.5554241 ], [ -74.4060712, 39.5551393 ], [ -74.4055048, 39.5549202 ], [ -74.4018535, 39.5543239 ], [ -74.4013252, 39.5541741 ], [ -74.40074, 39.5538975 ], [ -74.4005931, 39.5535118 ], [ -74.400593, 39.5530283 ], [ -74.4012808, 39.5523698 ], [ -74.4019614, 39.5520904 ], [ -74.4038571, 39.5517049 ], [ -74.4044816, 39.5514027 ], [ -74.405028, 39.5509191 ], [ -74.4058925, 39.5501683 ], [ -74.4060578, 39.5498037 ], [ -74.4060908, 39.549032 ], [ -74.4058314, 39.5486546 ], [ -74.4054915, 39.5485451 ], [ -74.4046949, 39.5485479 ], [ -74.4040051, 39.5485571 ], [ -74.4031025, 39.5485692 ], [ -74.4014325, 39.5486922 ], [ -74.3995917, 39.5492179 ], [ -74.398289, 39.549437 ], [ -74.3975526, 39.549415 ], [ -74.3970428, 39.549174 ], [ -74.3958535, 39.5480349 ], [ -74.3957319, 39.5475529 ], [ -74.3956269, 39.5471367 ], [ -74.3957968, 39.5464795 ], [ -74.3961933, 39.546129 ], [ -74.3974394, 39.5451212 ], [ -74.3977226, 39.5445516 ], [ -74.3977226, 39.5438944 ], [ -74.3975673, 39.5436753 ], [ -74.3967597, 39.5425361 ], [ -74.3958535, 39.5408272 ], [ -74.395457, 39.5393373 ], [ -74.3952304, 39.5383294 ], [ -74.3947206, 39.5371901 ], [ -74.3939813, 39.5365868 ], [ -74.3929617, 39.5364116 ], [ -74.3918271, 39.5363878 ], [ -74.3908661, 39.5363677 ], [ -74.3884902, 39.536708 ], [ -74.384105, 39.5376827 ], [ -74.3829783, 39.538199 ], [ -74.3818256, 39.5391577 ], [ -74.3795758, 39.5415524 ], [ -74.3783349, 39.5423553 ], [ -74.3775475, 39.5425186 ], [ -74.3727854, 39.5425188 ], [ -74.3721985, 39.5425646 ], [ -74.3715363, 39.5427002 ], [ -74.3693107, 39.5430359 ], [ -74.3663377, 39.5430338 ], [ -74.3636974, 39.5428671 ], [ -74.3623739, 39.5427835 ], [ -74.3570369, 39.5432824 ], [ -74.3536897, 39.5435474 ], [ -74.3472736, 39.5436067 ], [ -74.346327, 39.5430531 ], [ -74.3442373, 39.5418548 ], [ -74.3400111, 39.5397483 ], [ -74.338347, 39.5387053 ], [ -74.3375282, 39.5385212 ], [ -74.3370527, 39.5386235 ], [ -74.3362603, 39.5391552 ], [ -74.3358112, 39.5406073 ], [ -74.3355207, 39.5418139 ], [ -74.335415, 39.5426524 ], [ -74.335302, 39.5428342 ], [ -74.3350717, 39.5432046 ], [ -74.3343321, 39.5435931 ], [ -74.3329321, 39.5439612 ], [ -74.3316907, 39.5439612 ], [ -74.3310831, 39.5432864 ], [ -74.3314001, 39.542816 ], [ -74.3325887, 39.5420798 ], [ -74.3333547, 39.5411186 ], [ -74.3331698, 39.5403619 ], [ -74.3321133, 39.5391348 ], [ -74.3312152, 39.5377849 ], [ -74.3307398, 39.5353511 ], [ -74.3303025, 39.5324759 ], [ -74.3299723, 39.530956 ], [ -74.3291285, 39.529706 ], [ -74.3287407, 39.5291768 ], [ -74.3279496, 39.5280972 ], [ -74.3268333, 39.5274821 ], [ -74.3267232, 39.5269707 ], [ -74.3269984, 39.5264309 ], [ -74.328044, 39.5261184 ], [ -74.3291262, 39.5259195 ], [ -74.3299883, 39.5256496 ], [ -74.3320427, 39.525053 ], [ -74.3325563, 39.5244279 ], [ -74.3328865, 39.5232062 ], [ -74.3328315, 39.5211605 ], [ -74.3328564, 39.5208348 ], [ -74.3329206, 39.5199943 ], [ -74.3340161, 39.5163531 ], [ -74.334153, 39.5143026 ], [ -74.3331945, 39.511545 ], [ -74.3317147, 39.5101392 ], [ -74.3307754, 39.5092469 ], [ -74.3270783, 39.5082569 ], [ -74.3212359, 39.5080801 ], [ -74.3155305, 39.5083276 ], [ -74.3108292, 39.5086104 ], [ -74.3095057, 39.5089723 ], [ -74.3085014, 39.5092469 ], [ -74.3069495, 39.5102368 ], [ -74.3052151, 39.5116157 ], [ -74.3035622, 39.5139939 ], [ -74.3035358, 39.5151806 ], [ -74.3035094, 39.5157943 ], [ -74.3029018, 39.5163876 ], [ -74.3015547, 39.5167559 ], [ -74.3004189, 39.5173901 ], [ -74.2989397, 39.5189654 ], [ -74.2978832, 39.5208065 ], [ -74.2976454, 39.5227704 ], [ -74.2977094, 39.5231948 ], [ -74.2978212, 39.5239366 ], [ -74.2979353, 39.524732 ], [ -74.2975169, 39.5263226 ], [ -74.2973459, 39.5285336 ], [ -74.2974515, 39.5304768 ], [ -74.2975775, 39.5324805 ], [ -74.2979473, 39.5360803 ], [ -74.2986077, 39.5384118 ], [ -74.2994001, 39.5392504 ], [ -74.3022264, 39.5401707 ], [ -74.3074564, 39.5418273 ], [ -74.309728, 39.5429316 ], [ -74.3128448, 39.5445063 ], [ -74.3156183, 39.5460401 ], [ -74.3166214, 39.5469802 ], [ -74.3186295, 39.5488621 ], [ -74.3187469, 39.5492812 ], [ -74.319105, 39.5505593 ], [ -74.3190257, 39.5515817 ], [ -74.3186559, 39.5526655 ], [ -74.3190257, 39.5531153 ], [ -74.3195276, 39.5532994 ], [ -74.32032, 39.5532994 ], [ -74.3219941, 39.5527545 ], [ -74.3243054, 39.5521908 ], [ -74.32671, 39.5526984 ], [ -74.3275155, 39.553118 ], [ -74.3285212, 39.554729 ], [ -74.33018, 39.5592551 ], [ -74.3310862, 39.5606569 ], [ -74.3317093, 39.5611825 ], [ -74.3333518, 39.5620587 ], [ -74.3344279, 39.5624091 ], [ -74.3357493, 39.5627107 ], [ -74.3362207, 39.5627298 ], [ -74.336936, 39.5627209 ], [ -74.3370378, 39.5627197 ], [ -74.338248, 39.5623915 ], [ -74.3392695, 39.56227 ], [ -74.3396781, 39.5623186 ], [ -74.3402125, 39.5625374 ], [ -74.3412812, 39.5633639 ], [ -74.3418628, 39.5635584 ], [ -74.3424128, 39.5634976 ], [ -74.3426171, 39.5633639 ], [ -74.3427743, 39.5630235 ], [ -74.3426486, 39.5626711 ], [ -74.3418313, 39.5615164 ], [ -74.3417999, 39.5611274 ], [ -74.3418941, 39.5608843 ], [ -74.3422086, 39.5605679 ], [ -74.3424941, 39.5603434 ], [ -74.3433771, 39.5596493 ], [ -74.3450693, 39.5584556 ], [ -74.3467118, 39.5573166 ], [ -74.3476188, 39.5568851 ], [ -74.348171, 39.5568194 ], [ -74.3490207, 39.5568633 ], [ -74.3496012, 39.5570275 ], [ -74.3499127, 39.5573232 ], [ -74.3499552, 39.5575751 ], [ -74.3498844, 39.5577284 ], [ -74.3496746, 39.5578565 ], [ -74.3496154, 39.5578927 ], [ -74.3486524, 39.558046 ], [ -74.3475118, 39.5585323 ], [ -74.346818, 39.5590141 ], [ -74.3459684, 39.5598027 ], [ -74.3441913, 39.5614235 ], [ -74.3440639, 39.561752 ], [ -74.344078, 39.561993 ], [ -74.3442055, 39.5622667 ], [ -74.3447375, 39.5627923 ], [ -74.3451978, 39.5635041 ], [ -74.3450693, 39.5641942 ], [ -74.344786, 39.5645008 ], [ -74.3439931, 39.5648074 ], [ -74.3425204, 39.5649169 ], [ -74.3408804, 39.5646286 ], [ -74.3403424, 39.56476 ], [ -74.3398326, 39.5650447 ], [ -74.339391, 39.5658806 ], [ -74.3391815, 39.5661317 ], [ -74.3382582, 39.5672385 ], [ -74.3370675, 39.5681812 ], [ -74.3367843, 39.5688601 ], [ -74.3367312, 39.5695784 ], [ -74.3367276, 39.5696266 ], [ -74.3368126, 39.5699332 ], [ -74.3379184, 39.5709614 ], [ -74.3386831, 39.5717061 ], [ -74.338768, 39.5725164 ], [ -74.338329, 39.5737426 ], [ -74.3374169, 39.575767 ], [ -74.3368679, 39.5769857 ], [ -74.3367998, 39.5771369 ], [ -74.3361484, 39.5781661 ], [ -74.3355395, 39.5789544 ], [ -74.3351431, 39.5792172 ], [ -74.3344351, 39.5793704 ], [ -74.333727, 39.5792391 ], [ -74.3333872, 39.5790201 ], [ -74.333019, 39.5783632 ], [ -74.3323677, 39.5776406 ], [ -74.3312547, 39.5764819 ], [ -74.3296933, 39.5756965 ], [ -74.3290687, 39.5755153 ], [ -74.3271922, 39.5743026 ], [ -74.3263334, 39.5741818 ], [ -74.3253966, 39.5743026 ], [ -74.3246159, 39.5746652 ], [ -74.3243193, 39.5751002 ], [ -74.3239553, 39.5766029 ], [ -74.3246191, 39.5797443 ], [ -74.3246191, 39.5803001 ], [ -74.3235824, 39.5824078 ], [ -74.3227669, 39.5833408 ], [ -74.3220642, 39.5838846 ], [ -74.3209501, 39.5842753 ], [ -74.3204036, 39.5844565 ], [ -74.3175931, 39.5844566 ], [ -74.3166563, 39.5845774 ], [ -74.3153292, 39.5849399 ], [ -74.3143924, 39.5854534 ], [ -74.3135337, 39.5864502 ], [ -74.3135338, 39.5891684 ], [ -74.3135944, 39.5901204 ], [ -74.3134638, 39.5909289 ], [ -74.3133985, 39.5917878 ], [ -74.3138556, 39.592192 ], [ -74.3152271, 39.5922426 ], [ -74.3169904, 39.5917878 ], [ -74.3191455, 39.5912826 ], [ -74.3203863, 39.5908278 ], [ -74.3216925, 39.5907267 ], [ -74.3223456, 39.5908278 ], [ -74.3231946, 39.5911815 ], [ -74.3239079, 39.5913065 ], [ -74.3249472, 39.591209 ], [ -74.3256086, 39.5906973 ], [ -74.3257346, 39.5901369 ], [ -74.3256401, 39.5896982 ], [ -74.3254826, 39.5892109 ], [ -74.3255456, 39.5889428 ], [ -74.3257346, 39.5888454 ], [ -74.32627, 39.5888454 ], [ -74.3268369, 39.589089 ], [ -74.3276243, 39.5894789 ], [ -74.3284116, 39.5902587 ], [ -74.3285376, 39.5911359 ], [ -74.3286006, 39.5921593 ], [ -74.3285691, 39.5933289 ], [ -74.3281597, 39.5940112 ], [ -74.3274983, 39.5945229 ], [ -74.3265849, 39.5946934 ], [ -74.3238764, 39.594864 ], [ -74.3228371, 39.5950346 ], [ -74.3213253, 39.5954732 ], [ -74.3198766, 39.5959848 ], [ -74.3183963, 39.5961798 ], [ -74.3172625, 39.5960336 ], [ -74.3165697, 39.5952051 ], [ -74.3161602, 39.5945473 ], [ -74.3154988, 39.593865 ], [ -74.3145855, 39.593597 ], [ -74.3137666, 39.5935239 ], [ -74.3130423, 39.5935239 ], [ -74.3119399, 39.5937188 ], [ -74.3112156, 39.5940599 ], [ -74.3096615, 39.5949047 ], [ -74.30908, 39.5953198 ], [ -74.3072109, 39.5961954 ], [ -74.3056077, 39.5967586 ], [ -74.305194, 39.5971448 ], [ -74.3050443, 39.5976265 ], [ -74.3053134, 39.5983845 ], [ -74.3054267, 39.5993915 ], [ -74.3053134, 39.5999169 ], [ -74.3052366, 39.6 ], [ -74.292848, 39.6 ], [ -74.2926745, 39.5998235 ], [ -74.291795, 39.5993337 ], [ -74.2909331, 39.5990003 ], [ -74.2899002, 39.599171 ], [ -74.2892045, 39.599449 ], [ -74.2889068, 39.6 ], [ -74.2699172, 39.6 ], [ -74.2699683, 39.5999833 ], [ -74.270437, 39.599654 ], [ -74.2707778, 39.5989293 ], [ -74.2706927, 39.598139 ], [ -74.2696699, 39.5971839 ], [ -74.2677098, 39.5962947 ], [ -74.2656646, 39.595636 ], [ -74.2639601, 39.5955373 ], [ -74.2617446, 39.595636 ], [ -74.2603356, 39.5958358 ], [ -74.2595363, 39.5963236 ], [ -74.2592926, 39.5969912 ], [ -74.2593351, 39.5974524 ], [ -74.2595483, 39.5977158 ], [ -74.2601022, 39.5980121 ], [ -74.2608497, 39.5980403 ], [ -74.261915, 39.5979084 ], [ -74.2635768, 39.5976121 ], [ -74.2645141, 39.597645 ], [ -74.2661759, 39.5979084 ], [ -74.2671559, 39.5985013 ], [ -74.2677952, 39.5994235 ], [ -74.268457, 39.6 ], [ -74.2275555, 39.6 ], [ -74.2275703, 39.5996675 ], [ -74.2272882, 39.5985064 ], [ -74.2268531, 39.5980363 ], [ -74.2263092, 39.5979868 ], [ -74.2260047, 39.5979868 ], [ -74.2254392, 39.5983566 ], [ -74.2250914, 39.5991297 ], [ -74.2248866, 39.6 ], [ -74.2143676, 39.6 ], [ -74.2153953, 39.5990785 ], [ -74.2170886, 39.5963986 ], [ -74.2178143, 39.5950898 ], [ -74.2188625, 39.5937808 ], [ -74.220072, 39.5929083 ], [ -74.2212009, 39.5911007 ], [ -74.2216847, 39.5900411 ], [ -74.2225718, 39.5891685 ], [ -74.2238617, 39.5884828 ], [ -74.2261195, 39.5872984 ], [ -74.2271679, 39.5863011 ], [ -74.2275709, 39.5850544 ], [ -74.2277323, 39.5824363 ], [ -74.2279775, 39.580916 ], [ -74.2295069, 39.5793038 ], [ -74.2323016, 39.5773777 ], [ -74.2337381, 39.5763387 ], [ -74.2353139, 39.5750846 ], [ -74.2361944, 39.5740814 ], [ -74.2363333, 39.5735797 ], [ -74.2362869, 39.5717164 ], [ -74.2363795, 39.5708923 ], [ -74.2366578, 39.5703906 ], [ -74.2373528, 39.5698889 ], [ -74.2382334, 39.5694948 ], [ -74.2386504, 39.5691723 ], [ -74.2388358, 39.5688497 ], [ -74.2388358, 39.5682764 ], [ -74.2389748, 39.5675956 ], [ -74.2394844, 39.5672013 ], [ -74.2400869, 39.5669864 ], [ -74.2410138, 39.5666997 ], [ -74.2432382, 39.5660546 ], [ -74.2450991, 39.564884 ], [ -74.2456089, 39.5642389 ], [ -74.2457943, 39.5638088 ], [ -74.245748, 39.5630563 ], [ -74.2456552, 39.5617303 ], [ -74.24547, 39.5606551 ], [ -74.2455626, 39.5597951 ], [ -74.2458406, 39.5591858 ], [ -74.2468601, 39.558254 ], [ -74.2472309, 39.5580748 ], [ -74.2475554, 39.5580748 ], [ -74.2478334, 39.558254 ], [ -74.2481576, 39.5593291 ], [ -74.2484358, 39.5596875 ], [ -74.2488529, 39.5599025 ], [ -74.2495016, 39.5599384 ], [ -74.249965, 39.5599025 ], [ -74.2507528, 39.5595083 ], [ -74.2511235, 39.5595083 ], [ -74.2513089, 39.5596875 ], [ -74.2512163, 39.5599384 ], [ -74.2509845, 39.560476 ], [ -74.2507065, 39.5609419 ], [ -74.2499186, 39.5619453 ], [ -74.2492235, 39.5631638 ], [ -74.2491771, 39.563343 ], [ -74.2492699, 39.563558 ], [ -74.249687, 39.5635938 ], [ -74.249965, 39.563558 ], [ -74.2513553, 39.5622678 ], [ -74.2529773, 39.5601893 ], [ -74.2538114, 39.5587916 ], [ -74.2543674, 39.5570354 ], [ -74.2543674, 39.5548492 ], [ -74.254182, 39.554204 ], [ -74.2537649, 39.5536305 ], [ -74.2531163, 39.553308 ], [ -74.25256, 39.5531646 ], [ -74.252143, 39.5529854 ], [ -74.2518649, 39.5527345 ], [ -74.2517723, 39.5525911 ], [ -74.2517723, 39.5523044 ], [ -74.252004, 39.5518026 ], [ -74.2530235, 39.5513724 ], [ -74.2536723, 39.551265 ], [ -74.254043, 39.551265 ], [ -74.2549698, 39.5515159 ], [ -74.2563138, 39.5520176 ], [ -74.2566844, 39.5520176 ], [ -74.2569163, 39.5518743 ], [ -74.2569625, 39.5513724 ], [ -74.2569102, 39.5504052 ], [ -74.2568465, 39.549893 ], [ -74.2565431, 39.5463712 ], [ -74.2566105, 39.5457189 ], [ -74.2567978, 39.5449523 ], [ -74.2573189, 39.5444667 ], [ -74.2575886, 39.5444145 ], [ -74.2578583, 39.5444927 ], [ -74.2586679, 39.5454059 ], [ -74.2588027, 39.5455363 ], [ -74.2593087, 39.5456146 ], [ -74.2596798, 39.5455363 ], [ -74.2602531, 39.545119 ], [ -74.2613999, 39.54371 ], [ -74.2618294, 39.5425864 ], [ -74.2625332, 39.5404065 ], [ -74.2626474, 39.5393443 ], [ -74.2636643, 39.5372444 ], [ -74.2662352, 39.5346847 ], [ -74.2679561, 39.5335186 ], [ -74.2699075, 39.5317496 ], [ -74.2706296, 39.5307498 ], [ -74.2713956, 39.5297499 ], [ -74.2724898, 39.5285467 ], [ -74.2734308, 39.5282077 ], [ -74.2744156, 39.5282416 ], [ -74.2754879, 39.5280891 ], [ -74.2761007, 39.5273265 ], [ -74.2770708, 39.5262436 ], [ -74.2774128, 39.5257238 ], [ -74.2776661, 39.5250372 ], [ -74.2779087, 39.5238706 ], [ -74.2782369, 39.5227689 ], [ -74.2789299, 39.5214272 ], [ -74.2795318, 39.5214695 ], [ -74.2803524, 39.5218226 ], [ -74.2812825, 39.5218085 ], [ -74.2819755, 39.5212859 ], [ -74.2831244, 39.5198029 ], [ -74.2845834, 39.5176842 ], [ -74.2859694, 39.5162999 ], [ -74.2875377, 39.5162293 ], [ -74.2882672, 39.5158056 ], [ -74.2889967, 39.5149439 ], [ -74.2905468, 39.5120623 ], [ -74.2926623, 39.509124 ], [ -74.2937018, 39.5087143 ], [ -74.2944677, 39.5087991 ], [ -74.2951425, 39.5092935 ], [ -74.2958902, 39.5095761 ], [ -74.2964738, 39.5092653 ], [ -74.2968932, 39.5086578 ], [ -74.2975315, 39.5071886 ], [ -74.2983157, 39.5069202 ], [ -74.2988446, 39.5069767 ], [ -74.299574, 39.5073299 ], [ -74.3003777, 39.5074442 ], [ -74.3013594, 39.5071381 ], [ -74.3029715, 39.5056173 ], [ -74.3031025, 39.505568 ], [ -74.3032819, 39.5055097 ], [ -74.304729, 39.5051442 ], [ -74.3055388, 39.5046297 ], [ -74.3070343, 39.5032636 ], [ -74.307782, 39.501787 ], [ -74.3069096, 39.500614 ], [ -74.3046487, 39.4999102 ], [ -74.2990943, 39.5005726 ], [ -74.2956762, 39.5014558 ], [ -74.2929346, 39.5039397 ], [ -74.287487, 39.509197 ], [ -74.2811646, 39.5156661 ], [ -74.2780507, 39.518603 ], [ -74.2757898, 39.5211001 ], [ -74.2710696, 39.5261689 ], [ -74.2685569, 39.5286441 ], [ -74.2658509, 39.5304018 ], [ -74.2642683, 39.5308702 ], [ -74.262867, 39.5308536 ], [ -74.2612448, 39.5320224 ], [ -74.2607328, 39.5323913 ], [ -74.2598081, 39.5339899 ], [ -74.2574047, 39.5379346 ], [ -74.2540401, 39.5423343 ], [ -74.2500701, 39.5469819 ], [ -74.2492195, 39.5477208 ], [ -74.2482879, 39.5485299 ], [ -74.2475757, 39.5491485 ], [ -74.2469674, 39.5496769 ], [ -74.2433383, 39.552287 ], [ -74.2407332, 39.555186 ], [ -74.2385166, 39.5575273 ], [ -74.2341604, 39.5629336 ], [ -74.2317314, 39.5663822 ], [ -74.2315333, 39.5666635 ], [ -74.2313962, 39.5668582 ], [ -74.2311121, 39.5672616 ], [ -74.2306992, 39.5678478 ], [ -74.2306355, 39.5679382 ], [ -74.2288197, 39.5707782 ], [ -74.2255618, 39.5756858 ], [ -74.2236569, 39.5784978 ], [ -74.2221437, 39.5808273 ], [ -74.2207093, 39.5828279 ], [ -74.2192444, 39.5850805 ], [ -74.2174438, 39.587396 ], [ -74.2164774, 39.5889475 ], [ -74.2149413, 39.5912707 ], [ -74.2131741, 39.5936355 ], [ -74.2105088, 39.5967697 ], [ -74.2080106, 39.6 ], [ -74.1351773, 39.6 ], [ -74.1346475, 39.6 ], [ -74.0733642, 39.6 ], [ -74.0742221, 39.5981224 ], [ -74.0756747, 39.5948545 ], [ -74.0773079, 39.5908758 ], [ -74.0797054, 39.5873003 ], [ -74.081222, 39.5857923 ], [ -74.0826814, 39.5853891 ], [ -74.0873027, 39.5841792 ], [ -74.0893528, 39.5827005 ], [ -74.0892138, 39.5791781 ], [ -74.0879629, 39.5781296 ], [ -74.0865223, 39.5774468 ], [ -74.0809109, 39.5746241 ], [ -74.0794612, 39.5740089 ], [ -74.0764217, 39.5740812 ], [ -74.0749721, 39.5750221 ], [ -74.0724469, 39.5772657 ], [ -74.0701088, 39.5796902 ], [ -74.0686459, 39.5814771 ], [ -74.0668222, 39.5830331 ], [ -74.0658402, 39.5833226 ], [ -74.0647646, 39.5839738 ], [ -74.0608833, 39.586796 ], [ -74.0578905, 39.5894011 ], [ -74.0554589, 39.5917528 ], [ -74.0522611, 39.5942992 ], [ -74.0517, 39.5951313 ], [ -74.0464812, 39.5991613 ], [ -74.0452317, 39.6 ], [ -74.035907, 39.6 ], [ -74.0365739, 39.5982755 ], [ -74.0374156, 39.5953814 ], [ -74.0393399, 39.5909537 ], [ -74.0417716, 39.5859608 ], [ -74.0428082, 39.5830486 ], [ -74.0444917, 39.578815 ], [ -74.0464557, 39.5742554 ], [ -74.0470318, 39.5719935 ], [ -74.0485282, 39.5695688 ], [ -74.0510533, 39.5672163 ], [ -74.0536721, 39.5656239 ], [ -74.0576632, 39.5632532 ], [ -74.0603754, 39.561552 ], [ -74.0626668, 39.5587649 ], [ -74.0652388, 39.5549643 ], [ -74.0668334, 39.5518728 ], [ -74.0673946, 39.5440892 ], [ -74.0682106, 39.5428432 ], [ -74.0701279, 39.5417571 ], [ -74.0747106, 39.5393675 ], [ -74.0805559, 39.5362899 ], [ -74.0840389, 39.5346791 ], [ -74.0887152, 39.531891 ], [ -74.0923627, 39.5291389 ], [ -74.0950749, 39.5262057 ], [ -74.0967646, 39.5223519 ], [ -74.0980739, 39.5188388 ], [ -74.0988222, 39.5154343 ], [ -74.0991459, 39.5149619 ], [ -74.1008938, 39.5124111 ], [ -74.1035592, 39.5087888 ], [ -74.1060377, 39.5066879 ], [ -74.1098777, 39.5033764 ], [ -74.1109532, 39.5021809 ], [ -74.1108129, 39.4991378 ], [ -74.1100648, 39.4971452 ], [ -74.110018, 39.4955511 ], [ -74.11129, 39.4926744 ], [ -74.1143295, 39.4889425 ], [ -74.1151485, 39.48825 ], [ -74.1178547, 39.4859617 ], [ -74.120941, 39.4841499 ], [ -74.1244482, 39.4834252 ], [ -74.1273474, 39.4824831 ], [ -74.1296037, 39.4805485 ], [ -74.1318015, 39.4783018 ], [ -74.1326901, 39.4765986 ], [ -74.1355006, 39.4703505 ], [ -74.1390584, 39.4630864 ], [ -74.1406952, 39.4591716 ], [ -74.1409757, 39.4577217 ], [ -74.1403678, 39.4568879 ], [ -74.1395729, 39.4561991 ], [ -74.1376089, 39.4562354 ], [ -74.1365333, 39.4567791 ], [ -74.1333535, 39.4585916 ], [ -74.1303326, 39.4612057 ], [ -74.1272462, 39.464033 ], [ -74.125329, 39.4654828 ], [ -74.123365, 39.4667876 ], [ -74.121401, 39.4667151 ], [ -74.1206995, 39.466244 ], [ -74.1207463, 39.4621844 ], [ -74.1210737, 39.4614231 ], [ -74.1213075, 39.459647 ], [ -74.1223021, 39.4570962 ], [ -74.1243596, 39.4542687 ], [ -74.1265107, 39.4519123 ], [ -74.1278201, 39.4510422 ], [ -74.1318167, 39.4485637 ], [ -74.1356512, 39.4470048 ], [ -74.1374749, 39.4453007 ], [ -74.1399066, 39.4436692 ], [ -74.1434247, 39.4395164 ], [ -74.1450614, 39.4376308 ], [ -74.1485218, 39.4341136 ], [ -74.1519822, 39.4309587 ], [ -74.1563311, 39.4276949 ], [ -74.1577807, 39.4263531 ], [ -74.1577341, 39.4250474 ], [ -74.157324, 39.4242581 ], [ -74.1562414, 39.423581 ], [ -74.1531684, 39.4226873 ], [ -74.1518064, 39.4216851 ], [ -74.1479301, 39.4216038 ], [ -74.1433554, 39.4227142 ], [ -74.140041, 39.4241291 ], [ -74.1358853, 39.4262958 ], [ -74.1337201, 39.4271354 ], [ -74.1312058, 39.4270541 ], [ -74.1301581, 39.4261332 ], [ -74.1301232, 39.4250228 ], [ -74.132463, 39.4233978 ], [ -74.1356932, 39.4216208 ], [ -74.1405822, 39.4198332 ], [ -74.1484137, 39.415142 ], [ -74.1536869, 39.4124061 ], [ -74.156514, 39.4108821 ], [ -74.1577362, 39.4094193 ], [ -74.1577363, 39.4061142 ], [ -74.1573522, 39.4055724 ], [ -74.1574228, 39.4028562 ], [ -74.1599022, 39.4004991 ], [ -74.163115, 39.39844 ], [ -74.1663627, 39.3973833 ], [ -74.1697266, 39.3966353 ], [ -74.1752791, 39.3946573 ], [ -74.1767109, 39.3936277 ], [ -74.1829072, 39.3889235 ], [ -74.1890534, 39.3850213 ], [ -74.1907448, 39.3836434 ], [ -74.1944465, 39.380283 ], [ -74.1967748, 39.3780712 ], [ -74.2000923, 39.375632 ], [ -74.203375, 39.3741142 ], [ -74.2084462, 39.3727938 ], [ -74.2169321, 39.3704629 ], [ -74.2239976, 39.3683116 ], [ -74.2297946, 39.3661973 ], [ -74.2359582, 39.3634 ], [ -74.2417203, 39.3606079 ], [ -74.2446878, 39.3595248 ], [ -74.2512182, 39.3567053 ], [ -74.2551293, 39.356136 ], [ -74.2578532, 39.3550516 ], [ -74.258831, 39.3538316 ], [ -74.2589029, 39.3529277 ], [ -74.2580412, 39.3506774 ], [ -74.2564353, 39.3500692 ], [ -74.2548294, 39.3501908 ], [ -74.2477428, 39.3511005 ], [ -74.2418677, 39.3511614 ], [ -74.2406143, 39.3503707 ], [ -74.239361, 39.3493976 ], [ -74.2387074, 39.3478237 ], [ -74.2374932, 39.345999 ], [ -74.2362399, 39.3453603 ], [ -74.232989, 39.3452996 ], [ -74.2316181, 39.3459686 ], [ -74.2279755, 39.3476108 ], [ -74.2235442, 39.3494483 ], [ -74.2188441, 39.3515465 ], [ -74.214379, 39.3530973 ], [ -74.2076351, 39.3572177 ], [ -74.203398, 39.3602625 ], [ -74.1996379, 39.3632117 ], [ -74.1967003, 39.3643366 ], [ -74.1951336, 39.3656136 ], [ -74.1939596, 39.3670808 ], [ -74.1921187, 39.369665 ], [ -74.1908261, 39.3706986 ], [ -74.1875752, 39.3725226 ], [ -74.1845593, 39.3736778 ], [ -74.1826557, 39.3736219 ], [ -74.1800707, 39.3722539 ], [ -74.1776814, 39.3711899 ], [ -74.174078, 39.3709771 ], [ -74.1674195, 39.3713115 ], [ -74.1582012, 39.372592 ], [ -74.1514252, 39.372592 ], [ -74.1480176, 39.3721968 ], [ -74.1475085, 39.3713152 ], [ -74.1475085, 39.3699167 ], [ -74.1490596, 39.3693832 ], [ -74.1553656, 39.3673159 ], [ -74.1627683, 39.3653094 ], [ -74.1679358, 39.3638042 ], [ -74.1706775, 39.3621016 ], [ -74.1734584, 39.3611287 ], [ -74.1760435, 39.3610071 ], [ -74.1770227, 39.3613415 ], [ -74.1848991, 39.3615315 ], [ -74.1879933, 39.3601025 ], [ -74.1900005, 39.3580357 ], [ -74.1901181, 39.3555728 ], [ -74.1896089, 39.3530793 ], [ -74.1867889, 39.3510723 ], [ -74.1831855, 39.3493389 ], [ -74.1821918, 39.3481854 ], [ -74.1817218, 39.345935 ], [ -74.1827402, 39.3435628 ], [ -74.1852861, 39.3417381 ], [ -74.1879495, 39.3412819 ], [ -74.1967891, 39.3370476 ], [ -74.2070172, 39.331831 ], [ -74.2123441, 39.3294584 ], [ -74.215772, 39.3286447 ], [ -74.2166186, 39.3284615 ], [ -74.2205505, 39.3276104 ], [ -74.2239581, 39.3275496 ], [ -74.2250547, 39.3278537 ], [ -74.226218, 39.3278616 ], [ -74.2352781, 39.3279234 ], [ -74.2373931, 39.3272846 ], [ -74.2393124, 39.3258245 ], [ -74.2415449, 39.3234516 ], [ -74.2416232, 39.3223565 ], [ -74.2410749, 39.3212613 ], [ -74.2397432, 39.3194967 ], [ -74.239776, 39.3179105 ], [ -74.2404418, 39.3167848 ], [ -74.2415777, 39.3158721 ], [ -74.2461088, 39.3144888 ], [ -74.254334, 39.3126024 ], [ -74.2608643, 39.3115209 ], [ -74.2708129, 39.3096345 ], [ -74.2761434, 39.3081027 ], [ -74.2811178, 39.3060031 ], [ -74.2831545, 39.3044816 ], [ -74.2851521, 39.3025038 ], [ -74.2864805, 39.3001246 ], [ -74.2864022, 39.2972031 ], [ -74.2850706, 39.294525 ], [ -74.282867, 39.2925084 ], [ -74.2777361, 39.28843 ], [ -74.2751929, 39.2867025 ], [ -74.2720987, 39.2853023 ], [ -74.2668502, 39.2853023 ], [ -74.2652051, 39.2858197 ], [ -74.2624243, 39.2864894 ], [ -74.2581941, 39.2882547 ], [ -74.2531898, 39.2904895 ], [ -74.2445171, 39.2937397 ], [ -74.2394934, 39.2955024 ], [ -74.2336967, 39.2954719 ], [ -74.2326208, 39.2952839 ], [ -74.2266674, 39.2944317 ], [ -74.2231815, 39.2944316 ], [ -74.2210664, 39.2950708 ], [ -74.2183247, 39.2951012 ], [ -74.216758, 39.2944012 ], [ -74.2167971, 39.2934882 ], [ -74.2182072, 39.2915099 ], [ -74.2203615, 39.2906577 ], [ -74.2258449, 39.288862 ], [ -74.2279208, 39.2873401 ], [ -74.2289574, 39.2846905 ], [ -74.2299758, 39.282164 ], [ -74.2335009, 39.2793331 ], [ -74.2371827, 39.276776 ], [ -74.2399245, 39.2755279 ], [ -74.2447558, 39.2737438 ], [ -74.2049076, 39.2402828 ], [ -74.2040139, 39.2395323 ], [ -74.1984601, 39.2348687 ], [ -74.195775, 39.2326139 ], [ -74.2096861, 39.2220306 ], [ -74.2177147, 39.2286079 ], [ -74.2640476, 39.2665651 ], [ -74.2653355, 39.2655948 ], [ -74.266737, 39.2652722 ], [ -74.272438, 39.2642274 ], [ -74.2772119, 39.2640473 ], [ -74.284124, 39.264728 ], [ -74.2892688, 39.2651605 ], [ -74.2937646, 39.2651965 ], [ -74.2974725, 39.2648722 ], [ -74.301783, 39.2625303 ], [ -74.3052359, 39.2614468 ], [ -74.3136251, 39.2592489 ], [ -74.3159426, 39.2580958 ], [ -74.3173794, 39.2564022 ], [ -74.3175184, 39.2557897 ], [ -74.3163597, 39.2538437 ], [ -74.3146427, 39.2503969 ], [ -74.3147355, 39.2467571 ], [ -74.316543, 39.244883 ], [ -74.3191849, 39.2438018 ], [ -74.3232173, 39.2438739 ], [ -74.3268071, 39.2445002 ], [ -74.3351035, 39.2464464 ], [ -74.34319, 39.2483041 ], [ -74.3484507, 39.2489709 ], [ -74.35, 39.2497604 ], [ -74.35, 39.2428953 ], [ -74.3481798, 39.2426868 ], [ -74.345061, 39.2422204 ], [ -74.3404283, 39.2415563 ], [ -74.3347904, 39.2405768 ], [ -74.3309518, 39.2402037 ], [ -74.3220152, 39.240157 ], [ -74.3210525, 39.240248 ], [ -74.3193958, 39.240681 ], [ -74.3180763, 39.2409609 ], [ -74.316277, 39.2422668 ], [ -74.3145976, 39.2432462 ], [ -74.3123784, 39.2431995 ], [ -74.310819, 39.2424533 ], [ -74.3090796, 39.2409608 ], [ -74.3090796, 39.240168 ], [ -74.3111789, 39.236903 ], [ -74.313698, 39.2348507 ], [ -74.313638, 39.2327051 ], [ -74.3128584, 39.2316323 ], [ -74.311179, 39.2311191 ], [ -74.3088998, 39.2311657 ], [ -74.3065607, 39.2317721 ], [ -74.3024222, 39.233638 ], [ -74.2981638, 39.23611 ], [ -74.296827, 39.2373339 ], [ -74.2932883, 39.2409253 ], [ -74.2917288, 39.2421379 ], [ -74.2892698, 39.243537 ], [ -74.2877702, 39.2441899 ], [ -74.2848913, 39.2451693 ], [ -74.2827921, 39.2454025 ], [ -74.2817126, 39.2448428 ], [ -74.2810528, 39.24405 ], [ -74.2810528, 39.242884 ], [ -74.2824323, 39.2407386 ], [ -74.2857311, 39.2366342 ], [ -74.2901324, 39.2311856 ], [ -74.2918947, 39.2293994 ], [ -74.2921215, 39.2277416 ], [ -74.2928471, 39.226895 ], [ -74.295795, 39.2252018 ], [ -74.2984708, 39.2243552 ], [ -74.3024396, 39.2223399 ], [ -74.3072978, 39.2205204 ], [ -74.3113763, 39.2198206 ], [ -74.3190307, 39.2197985 ], [ -74.3289271, 39.2208249 ], [ -74.3342651, 39.2218046 ], [ -74.3360044, 39.2220379 ], [ -74.3406827, 39.2218513 ], [ -74.3445813, 39.2220846 ], [ -74.3454809, 39.2212449 ], [ -74.3456008, 39.2200786 ], [ -74.342662, 39.2183056 ], [ -74.3371441, 39.2156462 ], [ -74.334008, 39.2142908 ], [ -74.3323885, 39.2143375 ], [ -74.3292098, 39.2150839 ], [ -74.3266907, 39.2149907 ], [ -74.3244715, 39.2137775 ], [ -74.323152, 39.2123778 ], [ -74.3230921, 39.2101381 ], [ -74.3236319, 39.2081783 ], [ -74.3251313, 39.2065451 ], [ -74.3263451, 39.2049607 ], [ -74.3263451, 39.2029074 ], [ -74.3255654, 39.2014608 ], [ -74.3228664, 39.1993608 ], [ -74.3190279, 39.1969339 ], [ -74.3153692, 39.1954871 ], [ -74.3132701, 39.1947871 ], [ -74.3131501, 39.1941803 ], [ -74.3143497, 39.1934336 ], [ -74.3165689, 39.1927802 ], [ -74.3215387, 39.192509 ], [ -74.3277164, 39.191669 ], [ -74.331315, 39.1909223 ], [ -74.3373727, 39.1910623 ], [ -74.3413313, 39.1916691 ], [ -74.3437456, 39.1923359 ], [ -74.3451179, 39.1920446 ], [ -74.347474, 39.1907866 ], [ -74.3494254, 39.1899361 ], [ -74.3513769, 39.1898147 ], [ -74.3567628, 39.1924267 ], [ -74.3602753, 39.193277 ], [ -74.3636317, 39.1941273 ], [ -74.3659734, 39.1944311 ], [ -74.3686274, 39.1946741 ], [ -74.3740913, 39.1947349 ], [ -74.3808042, 39.1960711 ], [ -74.3867365, 39.1971037 ], [ -74.390327, 39.1971644 ], [ -74.3952446, 39.1947349 ], [ -74.3984488, 39.1937022 ], [ -74.402742, 39.1929734 ], [ -74.4085182, 39.1908475 ], [ -74.4122649, 39.1891467 ], [ -74.4210881, 39.1852583 ], [ -74.4243665, 39.1842256 ], [ -74.427516, 39.1827068 ], [ -74.4308198, 39.1816861 ], [ -74.4329872, 39.1811832 ], [ -74.4396422, 39.1810469 ], [ -74.4478733, 39.1817285 ], [ -74.4594271, 39.1816456 ], [ -74.4646803, 39.1820469 ], [ -74.4701214, 39.1838509 ], [ -74.4720236, 39.1846595 ], [ -74.4788074, 39.184605 ], [ -74.4816048, 39.1841152 ], [ -74.4939835, 39.186129 ], [ -74.4969208, 39.186129 ], [ -74.5060825, 39.1832443 ], [ -74.5140552, 39.1813393 ], [ -74.5258045, 39.1792164 ], [ -74.5297908, 39.1784544 ], [ -74.5319394, 39.1779572 ], [ -74.5339234, 39.1770895 ], [ -74.5352942, 39.1763237 ], [ -74.5355497, 39.1756428 ], [ -74.5357072, 39.1750095 ], [ -74.5354185, 39.173457 ], [ -74.5335813, 39.1712915 ], [ -74.5315341, 39.168513 ], [ -74.5300028, 39.166667 ], [ -74.5307232, 39.166667 ], [ -74.6002002, 39.166667 ], [ -74.6008134, 39.166667 ], [ -74.6800365, 39.166667 ], [ -74.6810347, 39.166667 ], [ -74.6754255, 39.173806 ], [ -74.6703823, 39.1802916 ], [ -74.6668106, 39.1840239 ], [ -74.6657406, 39.1853027 ], [ -74.6630839, 39.1880594 ], [ -74.65842, 39.1922707 ], [ -74.6538742, 39.1955936 ], [ -74.651493, 39.1980283 ], [ -74.6507649, 39.1999576 ], [ -74.6506469, 39.2021012 ], [ -74.6511979, 39.2031118 ], [ -74.651493, 39.2037854 ], [ -74.6522802, 39.2038926 ], [ -74.6533429, 39.2035098 ], [ -74.6548581, 39.202484 ], [ -74.6551482, 39.201948 ], [ -74.6556453, 39.2010294 ], [ -74.6567276, 39.1994217 ], [ -74.6579084, 39.1980283 ], [ -74.6626116, 39.1949964 ], [ -74.6641072, 39.1945677 ], [ -74.668102, 39.1945677 ], [ -74.6687121, 39.1944145 ], [ -74.669145, 39.1940623 ], [ -74.6687908, 39.1931435 ], [ -74.6685153, 39.1923319 ], [ -74.6689482, 39.1917347 ], [ -74.670188, 39.1914744 ], [ -74.6721952, 39.1913519 ], [ -74.6728643, 39.1910456 ], [ -74.6731595, 39.1904024 ], [ -74.672884, 39.1897745 ], [ -74.6717229, 39.189116 ], [ -74.670188, 39.187508 ], [ -74.6700896, 39.1864513 ], [ -74.6705619, 39.1852874 ], [ -74.6720378, 39.1836027 ], [ -74.6735137, 39.1827144 ], [ -74.6747732, 39.1825766 ], [ -74.6763868, 39.1825766 ], [ -74.6774298, 39.182546 ], [ -74.6783941, 39.182209 ], [ -74.6788467, 39.1815811 ], [ -74.6790828, 39.1807846 ], [ -74.6790435, 39.1799423 ], [ -74.6781186, 39.179008 ], [ -74.6781973, 39.17838 ], [ -74.6790041, 39.1772466 ], [ -74.6802636, 39.1754698 ], [ -74.6812475, 39.1737236 ], [ -74.6817592, 39.1726054 ], [ -74.6845536, 39.1701852 ], [ -74.6849078, 39.1689903 ], [ -74.6857146, 39.1681325 ], [ -74.686915, 39.1678721 ], [ -74.6883516, 39.1677955 ], [ -74.6894339, 39.1677648 ], [ -74.6916254, 39.1672871 ], [ -74.6945182, 39.1676088 ], [ -74.6973913, 39.1688343 ], [ -74.6985327, 39.1688803 ], [ -74.6993049, 39.1685512 ], [ -74.699556, 39.1681756 ], [ -74.6994627, 39.167752 ], [ -74.6989042, 39.166667 ] ], [ [ -74.2218731, 39.5996675 ], [ -74.2222645, 39.5997684 ], [ -74.2228733, 39.5996675 ], [ -74.2233082, 39.5994995 ], [ -74.2235256, 39.5989952 ], [ -74.2235691, 39.5987263 ], [ -74.2235691, 39.5983566 ], [ -74.2234388, 39.598054 ], [ -74.2230909, 39.597886 ], [ -74.2226559, 39.597886 ], [ -74.2221339, 39.5979868 ], [ -74.2218296, 39.5982221 ], [ -74.2216121, 39.5987936 ], [ -74.2216555, 39.599365 ], [ -74.2218731, 39.5996675 ] ], [ [ -74.2526692, 39.5842209 ], [ -74.2525823, 39.5838516 ], [ -74.2527778, 39.5832808 ], [ -74.2542328, 39.58224 ], [ -74.256426, 39.5812663 ], [ -74.2574685, 39.5812328 ], [ -74.2578375, 39.5814845 ], [ -74.2579894, 39.5818707 ], [ -74.2578809, 39.5824247 ], [ -74.2568604, 39.5833144 ], [ -74.253907, 39.5845567 ], [ -74.25306, 39.5845567 ], [ -74.2526692, 39.5842209 ] ], [ [ -74.2370436, 39.5853842 ], [ -74.2361231, 39.5849888 ], [ -74.2356117, 39.584554 ], [ -74.2355095, 39.5841982 ], [ -74.2355095, 39.5839215 ], [ -74.2359186, 39.5833284 ], [ -74.236481, 39.5828936 ], [ -74.2383221, 39.5818262 ], [ -74.2391404, 39.581154 ], [ -74.2396517, 39.5808772 ], [ -74.2402654, 39.5809564 ], [ -74.2406234, 39.5812726 ], [ -74.2407768, 39.5816285 ], [ -74.2406746, 39.5825773 ], [ -74.2396517, 39.5848307 ], [ -74.2389358, 39.5853842 ], [ -74.2382199, 39.5855423 ], [ -74.2370436, 39.5853842 ] ], [ [ -74.233157, 39.5805214 ], [ -74.2340263, 39.58064 ], [ -74.236788, 39.5803238 ], [ -74.2374527, 39.5800075 ], [ -74.237555, 39.5795331 ], [ -74.2376062, 39.5792563 ], [ -74.237555, 39.5789005 ], [ -74.2370436, 39.5774772 ], [ -74.2368876, 39.577017 ], [ -74.236528, 39.5768119 ], [ -74.2360805, 39.5769206 ], [ -74.235573, 39.5773487 ], [ -74.2332073, 39.5791772 ], [ -74.2327479, 39.5797703 ], [ -74.2327991, 39.5801261 ], [ -74.233157, 39.5805214 ] ], [ [ -74.2505599, 39.576365 ], [ -74.2502886, 39.5761553 ], [ -74.250119, 39.5757619 ], [ -74.2502548, 39.575421 ], [ -74.2504583, 39.5752112 ], [ -74.2508992, 39.5750537 ], [ -74.2514758, 39.5750275 ], [ -74.2517812, 39.5751062 ], [ -74.2519508, 39.5754472 ], [ -74.2520186, 39.5758668 ], [ -74.251849, 39.5762865 ], [ -74.2515438, 39.57647 ], [ -74.2509671, 39.5764962 ], [ -74.2505599, 39.576365 ] ], [ [ -74.5315984, 39.5737389 ], [ -74.5317578, 39.5730606 ], [ -74.5321565, 39.5727216 ], [ -74.5336716, 39.5725366 ], [ -74.5343095, 39.5727524 ], [ -74.5371402, 39.5739546 ], [ -74.5387748, 39.574602 ], [ -74.5399709, 39.5752185 ], [ -74.5410873, 39.5768832 ], [ -74.5412069, 39.577962 ], [ -74.5408481, 39.5791951 ], [ -74.5398115, 39.579719 ], [ -74.5388147, 39.5798423 ], [ -74.5371801, 39.5797499 ], [ -74.5353859, 39.5789792 ], [ -74.5339507, 39.577962 ], [ -74.5327546, 39.5770065 ], [ -74.5320768, 39.5763283 ], [ -74.5317578, 39.5757426 ], [ -74.5315984, 39.5746945 ], [ -74.5315984, 39.5737389 ] ], [ [ -74.5278899, 39.5736662 ], [ -74.5290166, 39.5738672 ], [ -74.5295366, 39.5737667 ], [ -74.5297099, 39.5736327 ], [ -74.5299699, 39.5732306 ], [ -74.5300566, 39.572795 ], [ -74.5299699, 39.5719573 ], [ -74.5293199, 39.5706506 ], [ -74.5290166, 39.5701144 ], [ -74.5284532, 39.5695783 ], [ -74.5278899, 39.5691427 ], [ -74.5270665, 39.5691427 ], [ -74.5265465, 39.5694442 ], [ -74.5264165, 39.5699134 ], [ -74.5264165, 39.5704495 ], [ -74.5265032, 39.5710191 ], [ -74.5268499, 39.5721249 ], [ -74.5273265, 39.572795 ], [ -74.5278899, 39.5736662 ] ], [ [ -74.2491014, 39.5686804 ], [ -74.2488302, 39.5684706 ], [ -74.2486605, 39.5680772 ], [ -74.2487962, 39.5677362 ], [ -74.2489997, 39.5675264 ], [ -74.2494407, 39.567369 ], [ -74.2500174, 39.5673427 ], [ -74.2503227, 39.5674214 ], [ -74.2504923, 39.5677624 ], [ -74.2505601, 39.5681821 ], [ -74.2503905, 39.5686018 ], [ -74.2500853, 39.5687853 ], [ -74.2495087, 39.5688116 ], [ -74.2491014, 39.5686804 ] ], [ [ -74.245845, 39.569887 ], [ -74.2452004, 39.569887 ], [ -74.244556, 39.5695721 ], [ -74.2443525, 39.5688902 ], [ -74.244556, 39.5680772 ], [ -74.2452343, 39.5672378 ], [ -74.2458331, 39.5669164 ], [ -74.2465107, 39.5669921 ], [ -74.247168, 39.5673689 ], [ -74.2473035, 39.5678673 ], [ -74.2470661, 39.5686017 ], [ -74.2464556, 39.5695198 ], [ -74.245845, 39.569887 ] ], [ [ -74.3176548, 39.5573421 ], [ -74.317386, 39.5571516 ], [ -74.3170501, 39.5568398 ], [ -74.3170052, 39.556528 ], [ -74.3170949, 39.5561643 ], [ -74.317386, 39.5558525 ], [ -74.3176548, 39.555662 ], [ -74.3179909, 39.5556099 ], [ -74.3185956, 39.555662 ], [ -74.3191108, 39.5559218 ], [ -74.3193796, 39.5561469 ], [ -74.3193796, 39.556528 ], [ -74.3193347, 39.5569264 ], [ -74.3190436, 39.5572208 ], [ -74.3185284, 39.5574114 ], [ -74.3179909, 39.5574461 ], [ -74.3176548, 39.5573421 ] ], [ [ -74.2852616, 39.5639401 ], [ -74.2866333, 39.5641825 ], [ -74.2884005, 39.5646345 ], [ -74.2891542, 39.5652178 ], [ -74.2896743, 39.5656697 ], [ -74.2902687, 39.5657929 ], [ -74.2906721, 39.5657765 ], [ -74.2912029, 39.5652835 ], [ -74.2922963, 39.5629255 ], [ -74.2926359, 39.5618409 ], [ -74.2925416, 39.5609065 ], [ -74.2917528, 39.5594441 ], [ -74.2905789, 39.5579958 ], [ -74.2895741, 39.5573456 ], [ -74.2887692, 39.556321 ], [ -74.2866455, 39.5541863 ], [ -74.2856629, 39.5540636 ], [ -74.285029, 39.5545544 ], [ -74.284395, 39.5555358 ], [ -74.283666, 39.5561983 ], [ -74.2820812, 39.5568117 ], [ -74.2818458, 39.5577081 ], [ -74.2821943, 39.5608034 ], [ -74.2825795, 39.5628621 ], [ -74.2832582, 39.5635152 ], [ -74.2849458, 39.5638843 ], [ -74.2852616, 39.5639401 ] ], [ [ -74.2970093, 39.5519911 ], [ -74.2981539, 39.5526216 ], [ -74.2991884, 39.5532861 ], [ -74.2999808, 39.554087 ], [ -74.3001569, 39.5546152 ], [ -74.3000909, 39.5551094 ], [ -74.2993865, 39.555808 ], [ -74.2986821, 39.556694 ], [ -74.2985917, 39.5571361 ], [ -74.2987702, 39.5574267 ], [ -74.2998091, 39.5584217 ], [ -74.3006059, 39.5593051 ], [ -74.3014776, 39.5610047 ], [ -74.3009714, 39.5633388 ], [ -74.2997387, 39.5643611 ], [ -74.2987262, 39.564804 ], [ -74.2971413, 39.5651788 ], [ -74.2960848, 39.5652981 ], [ -74.2955125, 39.5651277 ], [ -74.2953804, 39.564344 ], [ -74.2957766, 39.5635092 ], [ -74.2960187, 39.5624529 ], [ -74.2963049, 39.5608854 ], [ -74.2957766, 39.5594031 ], [ -74.2938836, 39.5573415 ], [ -74.2926509, 39.5560636 ], [ -74.2914183, 39.5548027 ], [ -74.2902957, 39.5532691 ], [ -74.2898555, 39.552366 ], [ -74.2901636, 39.5505597 ], [ -74.2905818, 39.55027 ], [ -74.2919686, 39.5507472 ], [ -74.2934654, 39.5516333 ], [ -74.2945219, 39.5516503 ], [ -74.2958646, 39.5516333 ], [ -74.2970093, 39.5519911 ] ], [ [ -74.2743558, 39.5627977 ], [ -74.275069, 39.5636768 ], [ -74.2749897, 39.565435 ], [ -74.2764953, 39.5667843 ], [ -74.2767066, 39.5676225 ], [ -74.2757293, 39.5687264 ], [ -74.276284, 39.5696668 ], [ -74.2771821, 39.5696873 ], [ -74.2775783, 39.5692375 ], [ -74.2779481, 39.568338 ], [ -74.2790575, 39.5678065 ], [ -74.2797443, 39.568338 ], [ -74.2797971, 39.5694419 ], [ -74.2804838, 39.5698099 ], [ -74.2813555, 39.569769 ], [ -74.2821743, 39.569074 ], [ -74.2822272, 39.5678678 ], [ -74.2814083, 39.566539 ], [ -74.279982, 39.5651488 ], [ -74.2795329, 39.562675 ], [ -74.278899, 39.561571 ], [ -74.2768915, 39.5610803 ], [ -74.2766274, 39.5605078 ], [ -74.2765482, 39.5580134 ], [ -74.2773934, 39.5564799 ], [ -74.2782915, 39.5545988 ], [ -74.2793745, 39.553147 ], [ -74.2805631, 39.5531266 ], [ -74.2811442, 39.5543943 ], [ -74.2818838, 39.5546397 ], [ -74.2825177, 39.5542921 ], [ -74.282597, 39.553147 ], [ -74.2814876, 39.5499162 ], [ -74.2798235, 39.5486893 ], [ -74.2780802, 39.5486688 ], [ -74.2772613, 39.5484848 ], [ -74.2771029, 39.5477895 ], [ -74.2781594, 39.5462763 ], [ -74.277816, 39.5451106 ], [ -74.2771029, 39.544763 ], [ -74.2756237, 39.5450902 ], [ -74.2746728, 39.5466648 ], [ -74.2738275, 39.5481985 ], [ -74.2742237, 39.5495277 ], [ -74.2740652, 39.5508364 ], [ -74.273669, 39.5522269 ], [ -74.2736162, 39.5529426 ], [ -74.2741709, 39.5541285 ], [ -74.2737747, 39.5555803 ], [ -74.2733256, 39.5578703 ], [ -74.2735105, 39.5599967 ], [ -74.2737483, 39.5610803 ], [ -74.2743558, 39.5627977 ] ], [ [ -74.3000703, 39.5521846 ], [ -74.2991249, 39.5515193 ], [ -74.2974872, 39.5507218 ], [ -74.2943704, 39.5490859 ], [ -74.293393, 39.5478385 ], [ -74.2932345, 39.5464275 ], [ -74.2934459, 39.5450778 ], [ -74.2939741, 39.5441576 ], [ -74.2949515, 39.5440144 ], [ -74.2962986, 39.5440144 ], [ -74.2975136, 39.5446484 ], [ -74.2978285, 39.5446853 ], [ -74.2983853, 39.5447506 ], [ -74.3008418, 39.5445257 ], [ -74.3031662, 39.544178 ], [ -74.3052529, 39.5444848 ], [ -74.3077359, 39.54563 ], [ -74.3097169, 39.5468774 ], [ -74.3120678, 39.5490655 ], [ -74.3120942, 39.5509263 ], [ -74.3097961, 39.5544025 ], [ -74.3099282, 39.5592074 ], [ -74.3097169, 39.5608635 ], [ -74.3091094, 39.5622947 ], [ -74.3083962, 39.5629489 ], [ -74.3068378, 39.5633987 ], [ -74.3055699, 39.5640325 ], [ -74.3047247, 39.5642369 ], [ -74.3038794, 39.563644 ], [ -74.303536, 39.5619267 ], [ -74.3039586, 39.5598208 ], [ -74.3042492, 39.5564267 ], [ -74.3029021, 39.5541775 ], [ -74.3000703, 39.5521846 ] ], [ [ -74.2791813, 39.5395717 ], [ -74.2783269, 39.5401554 ], [ -74.2776754, 39.5411132 ], [ -74.2756576, 39.5432435 ], [ -74.2749086, 39.5436103 ], [ -74.2742819, 39.5435748 ], [ -74.2737622, 39.5433026 ], [ -74.2733494, 39.5421665 ], [ -74.2738386, 39.5407463 ], [ -74.2754589, 39.5394444 ], [ -74.2780728, 39.538391 ], [ -74.2790817, 39.5382371 ], [ -74.2794638, 39.538462 ], [ -74.2795555, 39.5390656 ], [ -74.2791813, 39.5395717 ] ], [ [ -74.2822878, 39.5374972 ], [ -74.28336, 39.5368643 ], [ -74.2845913, 39.5368479 ], [ -74.2850359, 39.537233 ], [ -74.2851433, 39.5376422 ], [ -74.2849397, 39.538135 ], [ -74.2842835, 39.5386068 ], [ -74.2837421, 39.5390342 ], [ -74.2825744, 39.5399876 ], [ -74.2819588, 39.5403493 ], [ -74.281566, 39.5403164 ], [ -74.2810777, 39.5400945 ], [ -74.2810671, 39.5396917 ], [ -74.2813537, 39.5388205 ], [ -74.2822878, 39.5374972 ] ], [ [ -74.3403094, 39.5149047 ], [ -74.3410068, 39.5159113 ], [ -74.3421162, 39.5180226 ], [ -74.3452542, 39.5216804 ], [ -74.347885, 39.5239389 ], [ -74.3484872, 39.524798 ], [ -74.3479801, 39.5252399 ], [ -74.346839, 39.525068 ], [ -74.3446836, 39.5241598 ], [ -74.3434456, 39.5235445 ], [ -74.342338, 39.5228342 ], [ -74.3379933, 39.5204854 ], [ -74.3372778, 39.5199433 ], [ -74.3360893, 39.519283 ], [ -74.3357768, 39.5185382 ], [ -74.3364107, 39.5174334 ], [ -74.3381541, 39.515543 ], [ -74.3396121, 39.5147083 ], [ -74.3403094, 39.5149047 ] ], [ [ -74.3479655, 39.5172215 ], [ -74.3488904, 39.5180389 ], [ -74.3493344, 39.518265 ], [ -74.3497378, 39.518265 ], [ -74.3500244, 39.5181746 ], [ -74.3502792, 39.5179197 ], [ -74.3503535, 39.5176073 ], [ -74.3502889, 39.516523 ], [ -74.3499985, 39.5151377 ], [ -74.3494941, 39.5142971 ], [ -74.3483629, 39.5136222 ], [ -74.3471095, 39.5133262 ], [ -74.3459783, 39.5132789 ], [ -74.3455962, 39.5135512 ], [ -74.345749, 39.5142261 ], [ -74.3464369, 39.5154219 ], [ -74.3472012, 39.5164401 ], [ -74.3479655, 39.5172215 ] ], [ [ -74.3413439, 39.5138119 ], [ -74.3415288, 39.5133618 ], [ -74.342242, 39.5131981 ], [ -74.343774, 39.513505 ], [ -74.3446985, 39.5150395 ], [ -74.3461513, 39.5170035 ], [ -74.3488719, 39.5189675 ], [ -74.3503247, 39.5204404 ], [ -74.3515133, 39.5224657 ], [ -74.3514077, 39.5230794 ], [ -74.3510115, 39.5235499 ], [ -74.3501662, 39.5237954 ], [ -74.3490304, 39.523509 ], [ -74.3481323, 39.5228135 ], [ -74.3474266, 39.5222431 ], [ -74.3460968, 39.5214126 ], [ -74.3443748, 39.5195223 ], [ -74.3423183, 39.5168012 ], [ -74.3416873, 39.5152031 ], [ -74.3413439, 39.5138119 ] ], [ [ -74.3453007, 39.5077261 ], [ -74.3467315, 39.5075215 ], [ -74.3483384, 39.5075045 ], [ -74.3500993, 39.5077773 ], [ -74.3515762, 39.5083419 ], [ -74.3520161, 39.5088526 ], [ -74.352071, 39.5094058 ], [ -74.3518377, 39.5101612 ], [ -74.3513428, 39.5105867 ], [ -74.3506282, 39.5108845 ], [ -74.3493219, 39.5109376 ], [ -74.3482063, 39.5108805 ], [ -74.3470177, 39.510693 ], [ -74.3452127, 39.5104884 ], [ -74.3426141, 39.5100866 ], [ -74.3414047, 39.5095165 ], [ -74.3414047, 39.5088856 ], [ -74.3417569, 39.5085275 ], [ -74.3428795, 39.5081524 ], [ -74.3453007, 39.5077261 ] ], [ [ -74.3910009, 39.4714227 ], [ -74.3904967, 39.4715983 ], [ -74.3902698, 39.4721645 ], [ -74.3902194, 39.4725354 ], [ -74.3905471, 39.4729453 ], [ -74.3910766, 39.4732382 ], [ -74.3926899, 39.4733162 ], [ -74.3935471, 39.4732187 ], [ -74.3940708, 39.4730139 ], [ -74.3942782, 39.4726136 ], [ -74.3941772, 39.4718912 ], [ -74.3937991, 39.4714422 ], [ -74.3928917, 39.4712079 ], [ -74.3916312, 39.4712274 ], [ -74.3910009, 39.4714227 ] ], [ [ -74.3705793, 39.4701755 ], [ -74.3721431, 39.4682186 ], [ -74.373021, 39.4680001 ], [ -74.3734912, 39.4680487 ], [ -74.3740556, 39.4682915 ], [ -74.3745824, 39.4687795 ], [ -74.3763729, 39.4702791 ], [ -74.3787833, 39.4713912 ], [ -74.3806498, 39.4728411 ], [ -74.3815605, 39.473194 ], [ -74.3826015, 39.4729923 ], [ -74.3848069, 39.4716125 ], [ -74.3851117, 39.4715085 ], [ -74.3854347, 39.4715752 ], [ -74.3859643, 39.4718519 ], [ -74.3861096, 39.4723068 ], [ -74.3859049, 39.4726774 ], [ -74.3791615, 39.4780323 ], [ -74.3780127, 39.4784775 ], [ -74.3760857, 39.4782286 ], [ -74.3709256, 39.4762398 ], [ -74.3687444, 39.4753275 ], [ -74.3661477, 39.4732882 ], [ -74.3643819, 39.4714367 ], [ -74.3623046, 39.4696388 ], [ -74.3609543, 39.4688069 ], [ -74.3580114, 39.4682166 ], [ -74.3555532, 39.467492 ], [ -74.3548954, 39.467009 ], [ -74.3550339, 39.4667675 ], [ -74.3556571, 39.4663918 ], [ -74.358323, 39.4667943 ], [ -74.3601234, 39.4671432 ], [ -74.3616121, 39.466848 ], [ -74.3624085, 39.4666064 ], [ -74.363274, 39.4666064 ], [ -74.3641742, 39.4669285 ], [ -74.3645897, 39.4681361 ], [ -74.365109, 39.4696388 ], [ -74.3655245, 39.4707659 ], [ -74.3665631, 39.471544 ], [ -74.3675828, 39.4717777 ], [ -74.3684677, 39.4715577 ], [ -74.3698703, 39.4709107 ], [ -74.3705793, 39.4701755 ] ], [ [ -74.376785, 39.4655868 ], [ -74.376934, 39.4658833 ], [ -74.3769552, 39.4664104 ], [ -74.3768914, 39.4670198 ], [ -74.3766999, 39.467168 ], [ -74.3761569, 39.4672931 ], [ -74.3755541, 39.4672374 ], [ -74.3753413, 39.4671057 ], [ -74.375126, 39.4668221 ], [ -74.3749984, 39.4664762 ], [ -74.3750197, 39.4659492 ], [ -74.3751472, 39.4656033 ], [ -74.3754876, 39.4654551 ], [ -74.3762745, 39.4654221 ], [ -74.376785, 39.4655868 ] ], [ [ -74.3787473, 39.4615791 ], [ -74.3782864, 39.4620848 ], [ -74.3777486, 39.4623525 ], [ -74.3770955, 39.4623228 ], [ -74.3768651, 39.4621146 ], [ -74.3766681, 39.461744 ], [ -74.3765578, 39.4611031 ], [ -74.3764809, 39.4605082 ], [ -74.3765961, 39.4598239 ], [ -74.3768265, 39.4595859 ], [ -74.3772491, 39.459467 ], [ -74.3778432, 39.4593851 ], [ -74.3785729, 39.459623 ], [ -74.3788419, 39.4601585 ], [ -74.3788625, 39.4609543 ], [ -74.3787473, 39.4615791 ] ], [ [ -74.3860636, 39.461234 ], [ -74.3857681, 39.460902 ], [ -74.3854081, 39.4600891 ], [ -74.3851681, 39.4589509 ], [ -74.3851681, 39.4581611 ], [ -74.3854381, 39.4576965 ], [ -74.385708, 39.4576269 ], [ -74.3862905, 39.4576369 ], [ -74.3866676, 39.4579521 ], [ -74.3869078, 39.4587651 ], [ -74.3872075, 39.4599265 ], [ -74.3872976, 39.4606465 ], [ -74.3872375, 39.4609485 ], [ -74.3869976, 39.4612969 ], [ -74.3868176, 39.4613433 ], [ -74.3863035, 39.46135 ], [ -74.3860636, 39.461234 ] ], [ [ -74.3879574, 39.4574178 ], [ -74.3883622, 39.4571044 ], [ -74.3888122, 39.4571044 ], [ -74.389352, 39.4572785 ], [ -74.3898917, 39.4578709 ], [ -74.3906567, 39.4588116 ], [ -74.3909264, 39.4594736 ], [ -74.3912414, 39.4604491 ], [ -74.3916463, 39.4614595 ], [ -74.392816, 39.4634454 ], [ -74.392951, 39.464595 ], [ -74.392951, 39.4650131 ], [ -74.392636, 39.4653963 ], [ -74.3923661, 39.4655008 ], [ -74.3918712, 39.4654661 ], [ -74.3912865, 39.4653615 ], [ -74.3905666, 39.4649782 ], [ -74.389622, 39.4646298 ], [ -74.389172, 39.4644905 ], [ -74.3882274, 39.4641421 ], [ -74.3879574, 39.4640027 ], [ -74.3877774, 39.4638286 ], [ -74.3876876, 39.4635847 ], [ -74.3876876, 39.4632712 ], [ -74.3879574, 39.4627486 ], [ -74.3885873, 39.4617382 ], [ -74.3888572, 39.4612505 ], [ -74.3889021, 39.4603794 ], [ -74.3887671, 39.4594387 ], [ -74.3881823, 39.458498 ], [ -74.3879124, 39.4579057 ], [ -74.3879574, 39.4574178 ] ], [ [ -74.37474, 39.4384782 ], [ -74.3760765, 39.4402136 ], [ -74.3761547, 39.4409746 ], [ -74.3759975, 39.4411572 ], [ -74.3754474, 39.4414921 ], [ -74.3749365, 39.4415529 ], [ -74.3744256, 39.4414921 ], [ -74.373679, 39.4408832 ], [ -74.3731682, 39.4400917 ], [ -74.3730109, 39.4392393 ], [ -74.3729717, 39.4386912 ], [ -74.373286, 39.438326 ], [ -74.3738362, 39.4382042 ], [ -74.3741898, 39.4382042 ], [ -74.37474, 39.4384782 ] ], [ [ -74.3772943, 39.4381128 ], [ -74.3769799, 39.4382346 ], [ -74.3767834, 39.4386 ], [ -74.376862, 39.4390566 ], [ -74.3770585, 39.4396959 ], [ -74.3780016, 39.4403048 ], [ -74.3788849, 39.4406029 ], [ -74.3791207, 39.4406029 ], [ -74.3795922, 39.440542 ], [ -74.3798672, 39.4403898 ], [ -74.3799852, 39.4399331 ], [ -74.3798279, 39.439446 ], [ -74.379102, 39.4385086 ], [ -74.3782767, 39.4380824 ], [ -74.3772943, 39.4381128 ] ], [ [ -74.3703831, 39.4414667 ], [ -74.3696707, 39.4408528 ], [ -74.3688455, 39.4395437 ], [ -74.3686883, 39.4386912 ], [ -74.3686491, 39.4381432 ], [ -74.3689634, 39.437778 ], [ -74.3695136, 39.4376562 ], [ -74.3698672, 39.4376562 ], [ -74.3704174, 39.4379302 ], [ -74.3711641, 39.4387217 ], [ -74.3718321, 39.4404265 ], [ -74.3718649, 39.4412434 ], [ -74.3713147, 39.4415783 ], [ -74.3708039, 39.4416392 ], [ -74.3703831, 39.4414667 ] ], [ [ -74.3586832, 39.4869753 ], [ -74.3523401, 39.4867042 ], [ -74.3501762, 39.4865924 ], [ -74.3445212, 39.4853852 ], [ -74.3429632, 39.4849828 ], [ -74.3411922, 39.4843314 ], [ -74.3394811, 39.4840831 ], [ -74.3379698, 39.4840985 ], [ -74.336968, 39.4841503 ], [ -74.3356799, 39.4843006 ], [ -74.3342965, 39.4848877 ], [ -74.333618, 39.4856011 ], [ -74.3332563, 39.4864529 ], [ -74.3332006, 39.4871213 ], [ -74.3336733, 39.4880389 ], [ -74.335196, 39.4894769 ], [ -74.3356719, 39.4902143 ], [ -74.3356719, 39.4909149 ], [ -74.3348153, 39.4913573 ], [ -74.3339588, 39.4914311 ], [ -74.333245, 39.4909886 ], [ -74.3322932, 39.4895875 ], [ -74.3312463, 39.4885919 ], [ -74.3293429, 39.4874489 ], [ -74.3282008, 39.4865271 ], [ -74.3277725, 39.4844621 ], [ -74.3277725, 39.4832396 ], [ -74.3277725, 39.4830978 ], [ -74.3273497, 39.4819662 ], [ -74.3257572, 39.4788465 ], [ -74.3241142, 39.476579 ], [ -74.3223472, 39.4751158 ], [ -74.3214816, 39.4748475 ], [ -74.3197851, 39.4746865 ], [ -74.3174308, 39.4756256 ], [ -74.3166345, 39.4767525 ], [ -74.3166691, 39.4779868 ], [ -74.3178064, 39.4788512 ], [ -74.3184695, 39.4793552 ], [ -74.3215855, 39.4803479 ], [ -74.3243553, 39.4811528 ], [ -74.3259479, 39.4828431 ], [ -74.3265711, 39.4857674 ], [ -74.3271597, 39.4878332 ], [ -74.3288216, 39.4890404 ], [ -74.330795, 39.4900598 ], [ -74.3313144, 39.4908109 ], [ -74.3308643, 39.4918035 ], [ -74.3299295, 39.4925546 ], [ -74.3283715, 39.4933057 ], [ -74.3269866, 39.4939764 ], [ -74.3267601, 39.4943525 ], [ -74.3265019, 39.4947811 ], [ -74.3265019, 39.4955859 ], [ -74.3273674, 39.4962565 ], [ -74.3280599, 39.4966588 ], [ -74.3282966, 39.4973983 ], [ -74.3282632, 39.4977476 ], [ -74.3278337, 39.4981313 ], [ -74.3271421, 39.4982863 ], [ -74.3258742, 39.4987691 ], [ -74.3251153, 39.4989269 ], [ -74.3242387, 39.49897 ], [ -74.323376, 39.4989053 ], [ -74.3226056, 39.4984509 ], [ -74.3211871, 39.4971843 ], [ -74.3191434, 39.4931606 ], [ -74.3168352, 39.4895651 ], [ -74.3138298, 39.4860068 ], [ -74.312267, 39.4822619 ], [ -74.3118459, 39.4798526 ], [ -74.3118737, 39.4782675 ], [ -74.3135934, 39.4735013 ], [ -74.3156152, 39.4694115 ], [ -74.3171109, 39.4670929 ], [ -74.3199196, 39.4648324 ], [ -74.3218934, 39.4630305 ], [ -74.3232158, 39.4616327 ], [ -74.3252595, 39.4582593 ], [ -74.3293468, 39.4532082 ], [ -74.330726, 39.4527236 ], [ -74.331592, 39.4534402 ], [ -74.3321631, 39.4547683 ], [ -74.3341867, 39.4566661 ], [ -74.3352129, 39.4575102 ], [ -74.3355053, 39.4573651 ], [ -74.3362515, 39.4569948 ], [ -74.3368899, 39.4565441 ], [ -74.3370643, 39.4562944 ], [ -74.3370845, 39.4558367 ], [ -74.3369704, 39.4553529 ], [ -74.3358975, 39.4531498 ], [ -74.3346857, 39.4513783 ], [ -74.3349281, 39.4500362 ], [ -74.3359321, 39.448882 ], [ -74.33704, 39.4471909 ], [ -74.3387365, 39.4457145 ], [ -74.3410909, 39.4442649 ], [ -74.3441376, 39.4435132 ], [ -74.3524124, 39.4414193 ], [ -74.3584021, 39.4387884 ], [ -74.3612411, 39.4372313 ], [ -74.3631453, 39.437285 ], [ -74.3649803, 39.4380904 ], [ -74.367023, 39.4398354 ], [ -74.3677501, 39.4419025 ], [ -74.3679578, 39.443379 ], [ -74.3667461, 39.4446407 ], [ -74.3638032, 39.4458218 ], [ -74.3594754, 39.4468956 ], [ -74.3569479, 39.4468687 ], [ -74.3536588, 39.4454997 ], [ -74.3505082, 39.444936 ], [ -74.3482231, 39.4456071 ], [ -74.347496, 39.4469224 ], [ -74.3477384, 39.4484256 ], [ -74.3477037, 39.4494188 ], [ -74.3470459, 39.4500362 ], [ -74.344657, 39.4506535 ], [ -74.3441723, 39.4513514 ], [ -74.3442115, 39.4515643 ], [ -74.3442761, 39.4519151 ], [ -74.3451417, 39.4519151 ], [ -74.347219, 39.4516735 ], [ -74.3495734, 39.4511635 ], [ -74.350335, 39.4503314 ], [ -74.3501273, 39.449392 ], [ -74.3491233, 39.448023 ], [ -74.3492617, 39.447164 ], [ -74.3503004, 39.4469761 ], [ -74.3513045, 39.4470298 ], [ -74.3522739, 39.4474861 ], [ -74.3544205, 39.448533 ], [ -74.3568787, 39.4491772 ], [ -74.3588868, 39.4490967 ], [ -74.3610334, 39.4482914 ], [ -74.3659151, 39.4464929 ], [ -74.3678194, 39.4455266 ], [ -74.3692735, 39.444077 ], [ -74.3705199, 39.4432448 ], [ -74.3714547, 39.4436206 ], [ -74.3716624, 39.4448286 ], [ -74.3713855, 39.4456608 ], [ -74.3699313, 39.4462782 ], [ -74.3678194, 39.4470566 ], [ -74.3667461, 39.4484256 ], [ -74.366019, 39.4506267 ], [ -74.3658459, 39.4540624 ], [ -74.3654304, 39.4545992 ], [ -74.3646341, 39.4548139 ], [ -74.3632146, 39.4546529 ], [ -74.3608949, 39.453955 ], [ -74.3587137, 39.4532035 ], [ -74.3552168, 39.4533108 ], [ -74.3522393, 39.453794 ], [ -74.3499888, 39.4552702 ], [ -74.3497118, 39.4559412 ], [ -74.3498896, 39.456079 ], [ -74.3501273, 39.4562633 ], [ -74.3511314, 39.4562364 ], [ -74.3548013, 39.4548139 ], [ -74.3574673, 39.4545723 ], [ -74.3604448, 39.4551897 ], [ -74.3632492, 39.4563169 ], [ -74.3651188, 39.4564511 ], [ -74.3663306, 39.4560217 ], [ -74.3673346, 39.4546797 ], [ -74.367854, 39.4507609 ], [ -74.3682348, 39.4494188 ], [ -74.3692735, 39.4482377 ], [ -74.3703122, 39.4483451 ], [ -74.3704507, 39.4492041 ], [ -74.3703122, 39.4513783 ], [ -74.3703122, 39.4550823 ], [ -74.3701391, 39.4565048 ], [ -74.3700006, 39.4584641 ], [ -74.3699659, 39.462463 ], [ -74.3718009, 39.4646099 ], [ -74.3720087, 39.4659249 ], [ -74.3716624, 39.4667568 ], [ -74.3707623, 39.4680986 ], [ -74.3684426, 39.4700038 ], [ -74.3673693, 39.4701917 ], [ -74.3667807, 39.4697623 ], [ -74.3661229, 39.4673472 ], [ -74.3656728, 39.4663006 ], [ -74.3641148, 39.465254 ], [ -74.3628684, 39.4651198 ], [ -74.3618643, 39.4654955 ], [ -74.3589214, 39.4657907 ], [ -74.3568787, 39.4651198 ], [ -74.3536934, 39.4644221 ], [ -74.3529829, 39.4644199 ], [ -74.3521494, 39.4649821 ], [ -74.3518238, 39.4658981 ], [ -74.3519623, 39.4667568 ], [ -74.353001, 39.4677229 ], [ -74.3557708, 39.4687158 ], [ -74.3581943, 39.4696013 ], [ -74.3598908, 39.4697623 ], [ -74.3605487, 39.4704868 ], [ -74.3616219, 39.4733849 ], [ -74.364184, 39.477678 ], [ -74.3661229, 39.4806563 ], [ -74.3660646, 39.4826001 ], [ -74.3644536, 39.4846055 ], [ -74.3642927, 39.4847975 ], [ -74.363011, 39.4863269 ], [ -74.3616261, 39.4868635 ], [ -74.3586832, 39.4869753 ] ], [ [ -74.3814067, 39.4302613 ], [ -74.3807606, 39.4301778 ], [ -74.3800607, 39.4302613 ], [ -74.3798096, 39.4306583 ], [ -74.3799707, 39.4310881 ], [ -74.3821604, 39.4334108 ], [ -74.3824566, 39.4336611 ], [ -74.3826719, 39.4338071 ], [ -74.382968, 39.4338071 ], [ -74.3835872, 39.4336402 ], [ -74.3838393, 39.4333691 ], [ -74.3837046, 39.432806 ], [ -74.3834524, 39.4323629 ], [ -74.3827059, 39.4313251 ], [ -74.3814067, 39.4302613 ] ], [ [ -74.4502128, 39.4296369 ], [ -74.4506175, 39.43007 ], [ -74.4507523, 39.4305626 ], [ -74.4505596, 39.4311897 ], [ -74.4497503, 39.4317272 ], [ -74.4487483, 39.4317869 ], [ -74.4482473, 39.4314137 ], [ -74.4479582, 39.4307268 ], [ -74.4479197, 39.4299505 ], [ -74.4483436, 39.4295026 ], [ -74.449442, 39.4294727 ], [ -74.4502128, 39.4296369 ] ], [ [ -74.4520241, 39.4293085 ], [ -74.4525059, 39.4292039 ], [ -74.4529876, 39.4292786 ], [ -74.4533923, 39.4295773 ], [ -74.4533344, 39.430279 ], [ -74.4529106, 39.4304581 ], [ -74.4522746, 39.4303835 ], [ -74.4520241, 39.4301596 ], [ -74.4519278, 39.4296071 ], [ -74.4520241, 39.4293085 ] ], [ [ -74.4361478, 39.427592 ], [ -74.4365176, 39.4279104 ], [ -74.4365792, 39.4282925 ], [ -74.4365381, 39.4286586 ], [ -74.4363943, 39.4289451 ], [ -74.4360862, 39.4292475 ], [ -74.4360039, 39.4296296 ], [ -74.4360039, 39.4301072 ], [ -74.4360862, 39.4306802 ], [ -74.436045, 39.4313329 ], [ -74.435778, 39.4315397 ], [ -74.4348124, 39.4316353 ], [ -74.4339906, 39.4316034 ], [ -74.4338057, 39.4314761 ], [ -74.4337029, 39.4312532 ], [ -74.4336824, 39.4309508 ], [ -74.4337852, 39.4306483 ], [ -74.4344426, 39.4294226 ], [ -74.4345659, 39.4288655 ], [ -74.4347097, 39.4282925 ], [ -74.4347713, 39.4278786 ], [ -74.4349357, 39.4276398 ], [ -74.4354287, 39.4275761 ], [ -74.4361478, 39.427592 ] ], [ [ -74.3780426, 39.4315023 ], [ -74.3787969, 39.4320032 ], [ -74.3796589, 39.4331164 ], [ -74.3796589, 39.4336451 ], [ -74.3792997, 39.4340068 ], [ -74.3787609, 39.4342295 ], [ -74.3778271, 39.4342573 ], [ -74.3753128, 39.4340068 ], [ -74.3733014, 39.4340347 ], [ -74.3711104, 39.4342295 ], [ -74.3694941, 39.4342851 ], [ -74.3683447, 39.4339234 ], [ -74.3680574, 39.4335616 ], [ -74.3677341, 39.4326155 ], [ -74.3673749, 39.4319754 ], [ -74.3669439, 39.4306952 ], [ -74.3668361, 39.4294707 ], [ -74.3668361, 39.4283575 ], [ -74.366908, 39.4269938 ], [ -74.3672313, 39.4265485 ], [ -74.3676982, 39.4265206 ], [ -74.368237, 39.4267154 ], [ -74.3684165, 39.4269103 ], [ -74.3685602, 39.4273556 ], [ -74.368668, 39.4285523 ], [ -74.3687039, 39.4294707 ], [ -74.3688475, 39.4299716 ], [ -74.3691349, 39.4305561 ], [ -74.369566, 39.43089 ], [ -74.3701766, 39.4311405 ], [ -74.3715774, 39.4313075 ], [ -74.3731578, 39.4313353 ], [ -74.3760312, 39.4313075 ], [ -74.3772524, 39.4313075 ], [ -74.3780426, 39.4315023 ] ], [ [ -74.4400922, 39.4262071 ], [ -74.4406881, 39.427194 ], [ -74.4413044, 39.4294385 ], [ -74.4414071, 39.430903 ], [ -74.44114, 39.4315716 ], [ -74.4404826, 39.4318263 ], [ -74.4396608, 39.4318422 ], [ -74.4391062, 39.4316989 ], [ -74.4389007, 39.431301 ], [ -74.4385925, 39.4304891 ], [ -74.438346, 39.4288337 ], [ -74.4383255, 39.4274965 ], [ -74.4384692, 39.4265414 ], [ -74.4387569, 39.4260001 ], [ -74.4395581, 39.4259842 ], [ -74.4400922, 39.4262071 ] ], [ [ -74.4430602, 39.4255042 ], [ -74.442277, 39.4254918 ], [ -74.4421249, 39.4256517 ], [ -74.4419717, 39.4258297 ], [ -74.441978, 39.4262155 ], [ -74.4428587, 39.4282924 ], [ -74.4432416, 39.4288562 ], [ -74.4435097, 39.4296869 ], [ -74.4435863, 39.4303397 ], [ -74.4433949, 39.4318528 ], [ -74.443816, 39.4325649 ], [ -74.444467, 39.4327132 ], [ -74.4450414, 39.4326835 ], [ -74.4456924, 39.4324759 ], [ -74.4459605, 39.4318528 ], [ -74.4459222, 39.4305771 ], [ -74.4456541, 39.4292716 ], [ -74.4443138, 39.4270759 ], [ -74.4436246, 39.4257637 ], [ -74.4430602, 39.4255042 ] ], [ [ -74.4533025, 39.4243007 ], [ -74.4537994, 39.424321 ], [ -74.4541917, 39.4245034 ], [ -74.4543485, 39.4248478 ], [ -74.4543746, 39.4253139 ], [ -74.4538517, 39.4263878 ], [ -74.4524657, 39.4277048 ], [ -74.4511321, 39.4283127 ], [ -74.4505306, 39.4283735 ], [ -74.4493277, 39.4282316 ], [ -74.4478372, 39.4274212 ], [ -74.4465035, 39.4266107 ], [ -74.4456929, 39.4257192 ], [ -74.4454576, 39.425172 ], [ -74.4454837, 39.4248883 ], [ -74.445876, 39.4247667 ], [ -74.4465035, 39.4247262 ], [ -74.4483864, 39.4248478 ], [ -74.4492231, 39.4249694 ], [ -74.4500077, 39.4249288 ], [ -74.4533025, 39.4243007 ] ], [ [ -74.3652657, 39.4272899 ], [ -74.3650867, 39.4294052 ], [ -74.3647734, 39.4300987 ], [ -74.3643706, 39.4304455 ], [ -74.3639679, 39.4306882 ], [ -74.3637441, 39.4309309 ], [ -74.3637441, 39.431139 ], [ -74.3638783, 39.4315551 ], [ -74.3651762, 39.4325953 ], [ -74.3654447, 39.433046 ], [ -74.3654, 39.4333928 ], [ -74.3651554, 39.4336547 ], [ -74.3646631, 39.433724 ], [ -74.3635203, 39.4334968 ], [ -74.362491, 39.4333235 ], [ -74.359224, 39.432734 ], [ -74.3580681, 39.4324037 ], [ -74.3573073, 39.4320224 ], [ -74.356636, 39.4312595 ], [ -74.3565017, 39.4309821 ], [ -74.3566283, 39.430272 ], [ -74.3567178, 39.4295092 ], [ -74.3569416, 39.4285036 ], [ -74.3569863, 39.4276367 ], [ -74.3568521, 39.4269778 ], [ -74.3559123, 39.4260762 ], [ -74.3556885, 39.4254867 ], [ -74.355778, 39.4251053 ], [ -74.3561808, 39.424481 ], [ -74.3565836, 39.4242382 ], [ -74.3573891, 39.4242036 ], [ -74.3577919, 39.4242729 ], [ -74.3585975, 39.4245504 ], [ -74.3596268, 39.4252439 ], [ -74.3603428, 39.4259375 ], [ -74.3612826, 39.4262843 ], [ -74.3618644, 39.4264577 ], [ -74.362668, 39.4267893 ], [ -74.363026, 39.426824 ], [ -74.363205, 39.4267893 ], [ -74.363563, 39.4265465 ], [ -74.3641165, 39.425595 ], [ -74.3644297, 39.4254563 ], [ -74.3648772, 39.4254217 ], [ -74.365283, 39.425729 ], [ -74.3652657, 39.4263883 ], [ -74.3652657, 39.4272899 ] ], [ [ -74.4378163, 39.4222473 ], [ -74.4374622, 39.4221101 ], [ -74.4371436, 39.4221376 ], [ -74.4351609, 39.4226039 ], [ -74.4344882, 39.4228783 ], [ -74.434205, 39.4231801 ], [ -74.434028, 39.4237014 ], [ -74.4340988, 39.424497 ], [ -74.4345236, 39.4256218 ], [ -74.4348777, 39.4259235 ], [ -74.4353025, 39.4260332 ], [ -74.4355504, 39.4260332 ], [ -74.4359753, 39.4257041 ], [ -74.4379933, 39.4229332 ], [ -74.4380641, 39.4225216 ], [ -74.4379579, 39.422357 ], [ -74.4378163, 39.4222473 ] ], [ [ -74.3591946, 39.4182775 ], [ -74.3599719, 39.4187531 ], [ -74.3602174, 39.4191336 ], [ -74.3601765, 39.4196092 ], [ -74.3599719, 39.420053 ], [ -74.3596037, 39.4201798 ], [ -74.3591945, 39.4201481 ], [ -74.3584991, 39.4199896 ], [ -74.3573944, 39.4195457 ], [ -74.357108, 39.4191969 ], [ -74.357108, 39.4187848 ], [ -74.3572511, 39.4184406 ], [ -74.3575784, 39.4182187 ], [ -74.3582725, 39.4181155 ], [ -74.3591946, 39.4182775 ] ], [ [ -74.4027952, 39.4178012 ], [ -74.4026318, 39.4181165 ], [ -74.4024655, 39.418893 ], [ -74.4027212, 39.4198508 ], [ -74.4034884, 39.4208746 ], [ -74.4040424, 39.421304 ], [ -74.404426, 39.42137 ], [ -74.4054062, 39.4212048 ], [ -74.4099238, 39.4193554 ], [ -74.4105205, 39.4191242 ], [ -74.4106479, 39.4188224 ], [ -74.4107646, 39.4184152 ], [ -74.4104729, 39.4182251 ], [ -74.4093648, 39.4179609 ], [ -74.4057848, 39.4177627 ], [ -74.4035259, 39.4176636 ], [ -74.4027952, 39.4178012 ] ], [ [ -74.4506871, 39.4155429 ], [ -74.4514299, 39.4150885 ], [ -74.4524855, 39.4150279 ], [ -74.4535802, 39.4151491 ], [ -74.4566297, 39.4161792 ], [ -74.4575289, 39.416664 ], [ -74.4579981, 39.4172093 ], [ -74.4580763, 39.4176941 ], [ -74.4578808, 39.4186333 ], [ -74.4570598, 39.4204511 ], [ -74.4565124, 39.4210873 ], [ -74.4553786, 39.4218144 ], [ -74.4545185, 39.4222386 ], [ -74.4517036, 39.4231172 ], [ -74.4488105, 39.4233595 ], [ -74.4459956, 39.4233898 ], [ -74.4443145, 39.423299 ], [ -74.4430243, 39.4229051 ], [ -74.4416951, 39.4219659 ], [ -74.4414214, 39.4212085 ], [ -74.441226, 39.420027 ], [ -74.441226, 39.418694 ], [ -74.4413823, 39.4181183 ], [ -74.4425161, 39.4168155 ], [ -74.443298, 39.4165428 ], [ -74.4442754, 39.4164216 ], [ -74.445331, 39.4165125 ], [ -74.4460738, 39.4167549 ], [ -74.4466603, 39.4170275 ], [ -74.4471294, 39.4172093 ], [ -74.4481459, 39.4172699 ], [ -74.4484978, 39.4171184 ], [ -74.4506871, 39.4155429 ] ], [ [ -74.3941875, 39.4150951 ], [ -74.3935659, 39.4149336 ], [ -74.3929192, 39.4150152 ], [ -74.3925014, 39.415336 ], [ -74.3924755, 39.4158993 ], [ -74.3925794, 39.4165432 ], [ -74.3933842, 39.4180521 ], [ -74.3938255, 39.418437 ], [ -74.3940592, 39.4185175 ], [ -74.3943967, 39.4185377 ], [ -74.39489, 39.4183365 ], [ -74.3952275, 39.4179516 ], [ -74.3953833, 39.4173882 ], [ -74.3953313, 39.416523 ], [ -74.3948381, 39.4156579 ], [ -74.3941875, 39.4150951 ] ], [ [ -74.3904213, 39.4224941 ], [ -74.3918368, 39.4206921 ], [ -74.3919485, 39.4202592 ], [ -74.3918811, 39.4197891 ], [ -74.3918474, 39.4188489 ], [ -74.3912407, 39.4169945 ], [ -74.3903645, 39.4159236 ], [ -74.3893534, 39.4153229 ], [ -74.3881738, 39.4149834 ], [ -74.3871628, 39.4149311 ], [ -74.3863876, 39.4150357 ], [ -74.3856461, 39.4154274 ], [ -74.3847025, 39.4161588 ], [ -74.3831859, 39.4176214 ], [ -74.381467, 39.418666 ], [ -74.3794449, 39.419319 ], [ -74.3780188, 39.4197258 ], [ -74.3764685, 39.4200392 ], [ -74.3755585, 39.4205877 ], [ -74.3750193, 39.421345 ], [ -74.3745137, 39.4223635 ], [ -74.3744126, 39.4229903 ], [ -74.3744463, 39.4235649 ], [ -74.3746149, 39.4239566 ], [ -74.3749182, 39.4242178 ], [ -74.3759629, 39.424505 ], [ -74.3770077, 39.4252363 ], [ -74.3779514, 39.4266204 ], [ -74.3783221, 39.4271427 ], [ -74.3789962, 39.4277955 ], [ -74.3796365, 39.4281872 ], [ -74.3806476, 39.4285789 ], [ -74.3816586, 39.4288923 ], [ -74.3827371, 39.4293101 ], [ -74.3840179, 39.4302502 ], [ -74.3844897, 39.4308508 ], [ -74.3850289, 39.431138 ], [ -74.3853322, 39.4312163 ], [ -74.385703, 39.4311641 ], [ -74.3859051, 39.4309553 ], [ -74.3860063, 39.4304068 ], [ -74.3860063, 39.4299107 ], [ -74.3861748, 39.4289706 ], [ -74.3863433, 39.4282656 ], [ -74.387051, 39.4269337 ], [ -74.3873881, 39.4256541 ], [ -74.3874218, 39.4245312 ], [ -74.3875565, 39.4241134 ], [ -74.3878262, 39.4239305 ], [ -74.3880958, 39.4238522 ], [ -74.3888373, 39.4238 ], [ -74.3894776, 39.4236694 ], [ -74.3898146, 39.4234343 ], [ -74.3899832, 39.4230426 ], [ -74.3904213, 39.4224941 ] ], [ [ -74.3940038, 39.4139457 ], [ -74.3966993, 39.4153671 ], [ -74.3979418, 39.4159901 ], [ -74.3993145, 39.4167535 ], [ -74.3996048, 39.4176318 ], [ -74.4000694, 39.4179246 ], [ -74.4009114, 39.417812 ], [ -74.4013759, 39.4172039 ], [ -74.4017243, 39.4161455 ], [ -74.4017243, 39.4153572 ], [ -74.4015211, 39.4147942 ], [ -74.4010275, 39.4144339 ], [ -74.4002145, 39.414051 ], [ -74.3970207, 39.4134654 ], [ -74.3952206, 39.4132627 ], [ -74.3943428, 39.4130857 ], [ -74.3938485, 39.4130417 ], [ -74.3935406, 39.4130983 ], [ -74.3933056, 39.4132931 ], [ -74.3932732, 39.4135194 ], [ -74.3940038, 39.4139457 ] ], [ [ -74.4555598, 39.414342 ], [ -74.4552377, 39.4140646 ], [ -74.4551346, 39.4138516 ], [ -74.4550942, 39.4133194 ], [ -74.4552091, 39.4130746 ], [ -74.4555342, 39.412983 ], [ -74.4561921, 39.4129834 ], [ -74.4566945, 39.4132769 ], [ -74.4568022, 39.4137223 ], [ -74.4566917, 39.414208 ], [ -74.4563384, 39.414432 ], [ -74.4560707, 39.4144551 ], [ -74.4555598, 39.414342 ] ], [ [ -74.4365277, 39.4117076 ], [ -74.436797, 39.4119582 ], [ -74.4371202, 39.4125426 ], [ -74.4374973, 39.4147967 ], [ -74.4380359, 39.4166333 ], [ -74.4380359, 39.4178021 ], [ -74.4378743, 39.4186786 ], [ -74.4372818, 39.4198474 ], [ -74.4363661, 39.4206404 ], [ -74.435666, 39.4209326 ], [ -74.4352351, 39.4209326 ], [ -74.4345348, 39.4207656 ], [ -74.4338885, 39.4203482 ], [ -74.4335653, 39.419096 ], [ -74.4335653, 39.4176351 ], [ -74.4343732, 39.4160907 ], [ -74.4349658, 39.4151306 ], [ -74.4353967, 39.4138784 ], [ -74.435666, 39.4119999 ], [ -74.436043, 39.4116659 ], [ -74.4365277, 39.4117076 ] ], [ [ -74.4295006, 39.4180786 ], [ -74.4292503, 39.41782 ], [ -74.4291251, 39.4174966 ], [ -74.4294588, 39.416753 ], [ -74.4303767, 39.4150071 ], [ -74.4317117, 39.4132611 ], [ -74.4329633, 39.4117738 ], [ -74.4336726, 39.4115475 ], [ -74.4342567, 39.4116121 ], [ -74.434507, 39.4119031 ], [ -74.434507, 39.4124851 ], [ -74.434048, 39.4135522 ], [ -74.4332553, 39.4148454 ], [ -74.4320038, 39.4167207 ], [ -74.4307522, 39.4179493 ], [ -74.4301264, 39.4181109 ], [ -74.4295006, 39.4180786 ] ], [ [ -74.4596084, 39.4107746 ], [ -74.4597969, 39.4103729 ], [ -74.4603151, 39.4102269 ], [ -74.4611362, 39.4102273 ], [ -74.4618228, 39.4106285 ], [ -74.4619641, 39.4112128 ], [ -74.4618228, 39.4118335 ], [ -74.4613045, 39.4121622 ], [ -74.4608805, 39.4121986 ], [ -74.4602209, 39.4120526 ], [ -74.4597969, 39.4116874 ], [ -74.4596555, 39.4113953 ], [ -74.4596084, 39.4107746 ] ], [ [ -74.4477469, 39.4056453 ], [ -74.4463412, 39.405588 ], [ -74.4454163, 39.4058174 ], [ -74.4438984, 39.4072953 ], [ -74.4425296, 39.4084423 ], [ -74.4411608, 39.4092164 ], [ -74.440051, 39.4097325 ], [ -74.439718, 39.4102486 ], [ -74.439644, 39.4108507 ], [ -74.439644, 39.4116248 ], [ -74.439755, 39.4124276 ], [ -74.440014, 39.413001 ], [ -74.440421, 39.4137464 ], [ -74.4411238, 39.4142052 ], [ -74.4421967, 39.4144632 ], [ -74.4433434, 39.4146065 ], [ -74.4462289, 39.4143772 ], [ -74.4484355, 39.4139033 ], [ -74.4492994, 39.4137178 ], [ -74.4510751, 39.4132877 ], [ -74.4520051, 39.4132261 ], [ -74.4534848, 39.4130827 ], [ -74.4537808, 39.4129394 ], [ -74.4540027, 39.4126239 ], [ -74.4539607, 39.4118829 ], [ -74.4538655, 39.4109074 ], [ -74.4539033, 39.410551 ], [ -74.4541244, 39.4103913 ], [ -74.4544574, 39.4102766 ], [ -74.4547164, 39.4103053 ], [ -74.4557835, 39.4108503 ], [ -74.4560425, 39.410879 ], [ -74.4563754, 39.410793 ], [ -74.4564864, 39.4104776 ], [ -74.4564124, 39.4100475 ], [ -74.4556254, 39.4093024 ], [ -74.4539607, 39.4081556 ], [ -74.4507422, 39.4066646 ], [ -74.4477469, 39.4056453 ] ], [ [ -74.4617286, 39.4079263 ], [ -74.4608805, 39.4073785 ], [ -74.4588545, 39.4056257 ], [ -74.4584777, 39.4048223 ], [ -74.4584777, 39.4044571 ], [ -74.4589017, 39.4040919 ], [ -74.4596555, 39.4040554 ], [ -74.4607391, 39.4046032 ], [ -74.4622939, 39.4057718 ], [ -74.4634718, 39.4070133 ], [ -74.4634718, 39.4077803 ], [ -74.4632833, 39.4082185 ], [ -74.4630477, 39.4083281 ], [ -74.4626709, 39.4083281 ], [ -74.4617286, 39.4079263 ] ], [ [ -74.4228772, 39.426224 ], [ -74.4220371, 39.4267322 ], [ -74.421029, 39.4269276 ], [ -74.419668, 39.4265628 ], [ -74.4177861, 39.4248948 ], [ -74.417114, 39.4237219 ], [ -74.4162739, 39.421676 ], [ -74.4141568, 39.4195126 ], [ -74.4120061, 39.4182615 ], [ -74.4101578, 39.4176881 ], [ -74.4069989, 39.4174665 ], [ -74.40342, 39.4173101 ], [ -74.4034872, 39.416463 ], [ -74.4036049, 39.4158244 ], [ -74.4045458, 39.4141561 ], [ -74.4052347, 39.4118361 ], [ -74.4052851, 39.4103894 ], [ -74.4056652, 39.4083844 ], [ -74.4064782, 39.407506 ], [ -74.4084526, 39.4058842 ], [ -74.4098753, 39.4033164 ], [ -74.4106301, 39.4025956 ], [ -74.4115883, 39.4026406 ], [ -74.4143756, 39.4039021 ], [ -74.4178017, 39.4059293 ], [ -74.4205309, 39.407078 ], [ -74.4224762, 39.4076186 ], [ -74.4245667, 39.4077988 ], [ -74.426483, 39.4072132 ], [ -74.4280218, 39.4061545 ], [ -74.4292994, 39.4058392 ], [ -74.4307511, 39.4059068 ], [ -74.4317673, 39.4063122 ], [ -74.4319996, 39.4073933 ], [ -74.4319705, 39.4096457 ], [ -74.4311866, 39.4118754 ], [ -74.4286896, 39.415051 ], [ -74.4265992, 39.4175058 ], [ -74.4254378, 39.418767 ], [ -74.4241022, 39.4189696 ], [ -74.4229408, 39.4186093 ], [ -74.4220407, 39.4186093 ], [ -74.4211987, 39.4190822 ], [ -74.4212568, 39.4199155 ], [ -74.4216633, 39.4207712 ], [ -74.4223257, 39.4214551 ], [ -74.4229282, 39.4221574 ], [ -74.4234837, 39.4235177 ], [ -74.4235325, 39.4251033 ], [ -74.4228772, 39.426224 ] ], [ [ -74.449573, 39.4047858 ], [ -74.4476884, 39.4039458 ], [ -74.4466047, 39.403179 ], [ -74.4464163, 39.4025947 ], [ -74.4465576, 39.4021929 ], [ -74.4468874, 39.4020468 ], [ -74.4475941, 39.4020103 ], [ -74.4493374, 39.4022295 ], [ -74.4513162, 39.4031424 ], [ -74.4558392, 39.4051144 ], [ -74.4578651, 39.4064656 ], [ -74.4588074, 39.4074151 ], [ -74.459043, 39.4080359 ], [ -74.4589488, 39.4083645 ], [ -74.4587132, 39.4085472 ], [ -74.4584306, 39.4086202 ], [ -74.4578651, 39.4085836 ], [ -74.4569699, 39.4082185 ], [ -74.4551796, 39.407123 ], [ -74.4526354, 39.4058083 ], [ -74.449573, 39.4047858 ] ], [ [ -74.439986, 39.3993883 ], [ -74.4425288, 39.4002503 ], [ -74.4435694, 39.4010694 ], [ -74.4437837, 39.4016919 ], [ -74.4434926, 39.4026577 ], [ -74.4426893, 39.4035292 ], [ -74.4412436, 39.4047329 ], [ -74.4407618, 39.4056874 ], [ -74.4402798, 39.4067665 ], [ -74.4396372, 39.407057 ], [ -74.4389947, 39.40714 ], [ -74.4385664, 39.4070155 ], [ -74.4381622, 39.4067162 ], [ -74.437549, 39.4061025 ], [ -74.4356749, 39.4040688 ], [ -74.4353, 39.4032387 ], [ -74.4348717, 39.4006239 ], [ -74.4349788, 39.3992957 ], [ -74.435193, 39.3989636 ], [ -74.4359961, 39.3988392 ], [ -74.439986, 39.3993883 ] ], [ [ -74.4465093, 39.3971036 ], [ -74.444995, 39.3969992 ], [ -74.4441682, 39.3971185 ], [ -74.4437836, 39.3974949 ], [ -74.4436298, 39.3984749 ], [ -74.4438653, 39.3988661 ], [ -74.4447931, 39.399373 ], [ -74.4473169, 39.399999 ], [ -74.4484355, 39.4002254 ], [ -74.4496076, 39.4004626 ], [ -74.4510383, 39.4006549 ], [ -74.4520078, 39.4003989 ], [ -74.4521088, 39.4000859 ], [ -74.4519406, 39.3996 ], [ -74.449807, 39.3985643 ], [ -74.4465093, 39.3971036 ] ], [ [ -74.3906811, 39.4114711 ], [ -74.3932151, 39.4121821 ], [ -74.3942234, 39.4123984 ], [ -74.3957216, 39.4127768 ], [ -74.3994148, 39.4134254 ], [ -74.4010523, 39.4133984 ], [ -74.4016098, 39.413047 ], [ -74.4016795, 39.4125606 ], [ -74.4014356, 39.4117227 ], [ -74.4007736, 39.4107768 ], [ -74.3999374, 39.4097768 ], [ -74.3993799, 39.4086957 ], [ -74.3995541, 39.4075334 ], [ -74.3999722, 39.4056144 ], [ -74.4012614, 39.4048035 ], [ -74.4030731, 39.4049116 ], [ -74.4054075, 39.4052089 ], [ -74.4066618, 39.4050468 ], [ -74.4071844, 39.4042359 ], [ -74.4075328, 39.4033439 ], [ -74.4071147, 39.4022897 ], [ -74.4047455, 39.4003435 ], [ -74.4034215, 39.3987486 ], [ -74.4016795, 39.3973159 ], [ -74.3995193, 39.396613 ], [ -74.3944324, 39.3964779 ], [ -74.3900076, 39.3973429 ], [ -74.3851994, 39.4014517 ], [ -74.3817501, 39.4037764 ], [ -74.3811946, 39.4048718 ], [ -74.3797913, 39.4080815 ], [ -74.3798155, 39.4102588 ], [ -74.380251, 39.4110471 ], [ -74.3828399, 39.4116664 ], [ -74.3868436, 39.4125892 ], [ -74.388087, 39.4126674 ], [ -74.3890676, 39.4121595 ], [ -74.3906811, 39.4114711 ] ], [ [ -74.4544059, 39.3963384 ], [ -74.4538451, 39.397034 ], [ -74.4536207, 39.3976426 ], [ -74.4538451, 39.3985991 ], [ -74.4547424, 39.3995556 ], [ -74.4563127, 39.3999903 ], [ -74.4576588, 39.4002512 ], [ -74.4587804, 39.4002512 ], [ -74.4595656, 39.3999903 ], [ -74.4599021, 39.3994686 ], [ -74.4599021, 39.3988599 ], [ -74.4596778, 39.3982513 ], [ -74.4590047, 39.3974688 ], [ -74.4578831, 39.3968601 ], [ -74.4567614, 39.3963384 ], [ -74.4556397, 39.3962515 ], [ -74.4544059, 39.3963384 ] ], [ [ -74.414279, 39.3925985 ], [ -74.4146718, 39.3930428 ], [ -74.4148175, 39.3933252 ], [ -74.4150361, 39.3938617 ], [ -74.414911, 39.3946281 ], [ -74.414491, 39.3951574 ], [ -74.4139798, 39.3955558 ], [ -74.4133687, 39.3959692 ], [ -74.4129298, 39.3961176 ], [ -74.4123446, 39.396218 ], [ -74.4115512, 39.3961656 ], [ -74.4106521, 39.3959333 ], [ -74.4104673, 39.395639 ], [ -74.4102826, 39.3951034 ], [ -74.4102729, 39.3942961 ], [ -74.4105451, 39.393519 ], [ -74.4111383, 39.3928022 ], [ -74.4119745, 39.392425 ], [ -74.4129955, 39.3923722 ], [ -74.414279, 39.3925985 ] ], [ [ -74.4244473, 39.3898012 ], [ -74.4227536, 39.3894257 ], [ -74.4217657, 39.3896447 ], [ -74.4211003, 39.390474 ], [ -74.420072, 39.3917256 ], [ -74.4184589, 39.3929615 ], [ -74.4173903, 39.3935247 ], [ -74.416483, 39.3943539 ], [ -74.416362, 39.3955585 ], [ -74.4167854, 39.3977017 ], [ -74.4174105, 39.3985465 ], [ -74.4189227, 39.3989845 ], [ -74.4217657, 39.3996259 ], [ -74.4244104, 39.4007548 ], [ -74.4281573, 39.4018368 ], [ -74.4298039, 39.4021888 ], [ -74.431753, 39.4023452 ], [ -74.4332148, 39.4022018 ], [ -74.4336181, 39.4017846 ], [ -74.433366, 39.401198 ], [ -74.4322403, 39.4004811 ], [ -74.4313666, 39.3998553 ], [ -74.4302744, 39.3980954 ], [ -74.4287823, 39.3951048 ], [ -74.4276331, 39.3926173 ], [ -74.4262015, 39.3913344 ], [ -74.4244473, 39.3898012 ] ], [ [ -74.4343161, 39.3892609 ], [ -74.4347782, 39.3892251 ], [ -74.4358872, 39.3895117 ], [ -74.4367189, 39.3904073 ], [ -74.4368114, 39.3914819 ], [ -74.436608, 39.3925248 ], [ -74.4361921, 39.3927756 ], [ -74.4354972, 39.392937 ], [ -74.4344085, 39.3925925 ], [ -74.4336692, 39.3917686 ], [ -74.4333919, 39.3909088 ], [ -74.4333919, 39.3899416 ], [ -74.433623, 39.3894758 ], [ -74.4343161, 39.3892609 ] ], [ [ -74.412989, 39.3799184 ], [ -74.4139326, 39.3805192 ], [ -74.4143198, 39.3808985 ], [ -74.4151618, 39.3817998 ], [ -74.4154812, 39.3831067 ], [ -74.4151908, 39.3835573 ], [ -74.4146972, 39.3838502 ], [ -74.41371, 39.3840981 ], [ -74.4119099, 39.3847965 ], [ -74.4091142, 39.3850613 ], [ -74.4076625, 39.3846106 ], [ -74.4070946, 39.3845968 ], [ -74.4066221, 39.384836 ], [ -74.4064365, 39.3853248 ], [ -74.4065345, 39.3858138 ], [ -74.4072486, 39.3868025 ], [ -74.4076067, 39.3877118 ], [ -74.4074586, 39.3887148 ], [ -74.4068776, 39.3899904 ], [ -74.4060375, 39.3905789 ], [ -74.4049029, 39.391398 ], [ -74.4032496, 39.3919456 ], [ -74.4018987, 39.3923211 ], [ -74.4012107, 39.3921118 ], [ -74.3999855, 39.3912427 ], [ -74.3992388, 39.3908352 ], [ -74.3987625, 39.3909135 ], [ -74.3984024, 39.3911405 ], [ -74.3981379, 39.3915073 ], [ -74.3981107, 39.3918434 ], [ -74.3980835, 39.3919488 ], [ -74.3981484, 39.3925692 ], [ -74.3982348, 39.3929715 ], [ -74.3987106, 39.3934073 ], [ -74.3994464, 39.3938121 ], [ -74.4002818, 39.3939002 ], [ -74.4020077, 39.3937125 ], [ -74.4036288, 39.3934496 ], [ -74.4071129, 39.391929 ], [ -74.4109842, 39.3900515 ], [ -74.4117585, 39.3887748 ], [ -74.4122424, 39.3868035 ], [ -74.413307, 39.385752 ], [ -74.4157023, 39.3849447 ], [ -74.4171057, 39.3847006 ], [ -74.4180251, 39.3848696 ], [ -74.4192349, 39.3860712 ], [ -74.4201301, 39.387423 ], [ -74.4199365, 39.3886997 ], [ -74.4190655, 39.3907462 ], [ -74.4180251, 39.3918726 ], [ -74.4172508, 39.3921167 ], [ -74.4163314, 39.3917225 ], [ -74.4156056, 39.3910654 ], [ -74.4145893, 39.3907462 ], [ -74.4134764, 39.3907462 ], [ -74.4101374, 39.3917975 ], [ -74.4072097, 39.3935435 ], [ -74.4070888, 39.3946887 ], [ -74.4077662, 39.3959653 ], [ -74.4092663, 39.3987624 ], [ -74.4098228, 39.3999263 ], [ -74.4097986, 39.4006959 ], [ -74.4092905, 39.4010338 ], [ -74.4086131, 39.4009775 ], [ -74.4076452, 39.4004143 ], [ -74.4052499, 39.3982931 ], [ -74.403657, 39.3966124 ], [ -74.4012039, 39.3953609 ], [ -74.3992044, 39.3949698 ], [ -74.395561, 39.3951385 ], [ -74.3933108, 39.3952136 ], [ -74.3909477, 39.395386 ], [ -74.3898831, 39.3955174 ], [ -74.386278, 39.398033 ], [ -74.3827085, 39.4013478 ], [ -74.3813148, 39.4019695 ], [ -74.3797818, 39.4027534 ], [ -74.3782139, 39.4034833 ], [ -74.3765415, 39.4036184 ], [ -74.3753221, 39.4040239 ], [ -74.3745904, 39.4054294 ], [ -74.3736148, 39.4072944 ], [ -74.3726044, 39.4079431 ], [ -74.3712456, 39.4084296 ], [ -74.3696081, 39.4090512 ], [ -74.3697474, 39.409781 ], [ -74.3708624, 39.4100783 ], [ -74.372256, 39.4097269 ], [ -74.3734058, 39.4093215 ], [ -74.3741723, 39.4090242 ], [ -74.3752524, 39.4095107 ], [ -74.3756008, 39.4108891 ], [ -74.3759492, 39.4115378 ], [ -74.3764994, 39.4118852 ], [ -74.3785802, 39.4129362 ], [ -74.381372, 39.414568 ], [ -74.3815276, 39.4150105 ], [ -74.3815276, 39.4156138 ], [ -74.3811645, 39.4161769 ], [ -74.3806454, 39.416539 ], [ -74.3790365, 39.4169813 ], [ -74.376753, 39.4176248 ], [ -74.3737948, 39.4187509 ], [ -74.3719264, 39.4197564 ], [ -74.3693214, 39.4213535 ], [ -74.3674531, 39.4223992 ], [ -74.366519, 39.422721 ], [ -74.365896, 39.4228416 ], [ -74.365481, 39.4227612 ], [ -74.3651694, 39.4225199 ], [ -74.3649511, 39.4220366 ], [ -74.3648061, 39.4217155 ], [ -74.3631972, 39.4187796 ], [ -74.362315, 39.4177339 ], [ -74.3614846, 39.4169697 ], [ -74.3602391, 39.4163262 ], [ -74.3590455, 39.4159241 ], [ -74.3580075, 39.4158034 ], [ -74.3571635, 39.4159123 ], [ -74.3570733, 39.4159241 ], [ -74.3563985, 39.4162055 ], [ -74.355672, 39.4168089 ], [ -74.3551529, 39.4176132 ], [ -74.3545821, 39.4184579 ], [ -74.3532847, 39.4192622 ], [ -74.3522468, 39.4198253 ], [ -74.3518834, 39.420308 ], [ -74.3519352, 39.4206699 ], [ -74.3521947, 39.4210721 ], [ -74.3525581, 39.4212731 ], [ -74.3529731, 39.4215144 ], [ -74.3534922, 39.4217557 ], [ -74.3538556, 39.4220775 ], [ -74.3539594, 39.4224796 ], [ -74.3538556, 39.4230829 ], [ -74.353129, 39.4238068 ], [ -74.3524543, 39.424973 ], [ -74.3521427, 39.4255762 ], [ -74.3516756, 39.4258578 ], [ -74.3512606, 39.4259382 ], [ -74.3505859, 39.4259784 ], [ -74.3490808, 39.4258175 ], [ -74.3479391, 39.4258578 ], [ -74.3466935, 39.4261393 ], [ -74.346382, 39.4263403 ], [ -74.3461226, 39.4266218 ], [ -74.3460706, 39.4271447 ], [ -74.3460706, 39.4279891 ], [ -74.346382, 39.4295574 ], [ -74.3462264, 39.4314876 ], [ -74.3459148, 39.4341012 ], [ -74.3457526, 39.4356883 ], [ -74.3458563, 39.436211 ], [ -74.3461679, 39.4365327 ], [ -74.3466868, 39.4368543 ], [ -74.3473615, 39.436975 ], [ -74.3479323, 39.436975 ], [ -74.3486069, 39.4369347 ], [ -74.3493336, 39.4366131 ], [ -74.3497487, 39.436211 ], [ -74.3504753, 39.4345223 ], [ -74.3508907, 39.4332355 ], [ -74.3509944, 39.4322302 ], [ -74.3509425, 39.4315868 ], [ -74.350164, 39.4305816 ], [ -74.3487627, 39.4296567 ], [ -74.3481399, 39.4290535 ], [ -74.3480361, 39.4286514 ], [ -74.3480881, 39.4280884 ], [ -74.3485551, 39.4276058 ], [ -74.3495412, 39.4273244 ], [ -74.3508907, 39.4273645 ], [ -74.3520324, 39.4274852 ], [ -74.3528109, 39.4277667 ], [ -74.3531222, 39.4281286 ], [ -74.3533818, 39.4290133 ], [ -74.3534855, 39.4305414 ], [ -74.3536413, 39.4315064 ], [ -74.3543677, 39.4323509 ], [ -74.3560286, 39.4338789 ], [ -74.3561843, 39.4346027 ], [ -74.3561324, 39.4352863 ], [ -74.3556652, 39.4361306 ], [ -74.3545755, 39.436774 ], [ -74.3510982, 39.4380204 ], [ -74.3488569, 39.4386947 ], [ -74.3451689, 39.4399246 ], [ -74.343781, 39.4398939 ], [ -74.3416, 39.4400169 ], [ -74.3393793, 39.4403244 ], [ -74.3377534, 39.4410931 ], [ -74.3346206, 39.4433991 ], [ -74.3329284, 39.445653 ], [ -74.3323525, 39.4473376 ], [ -74.3316508, 39.4480504 ], [ -74.3303927, 39.4486882 ], [ -74.3294007, 39.4490071 ], [ -74.3282151, 39.4490259 ], [ -74.3267876, 39.448707 ], [ -74.3259891, 39.4481067 ], [ -74.3254665, 39.4470712 ], [ -74.325441, 39.4455489 ], [ -74.3258044, 39.4431942 ], [ -74.3273771, 39.4413338 ], [ -74.3284054, 39.4403645 ], [ -74.3299572, 39.4390078 ], [ -74.3312637, 39.4377507 ], [ -74.3328606, 39.4361185 ], [ -74.3351108, 39.4335855 ], [ -74.3376554, 39.4311977 ], [ -74.3406897, 39.4277687 ], [ -74.3434267, 39.4249379 ], [ -74.3459039, 39.4221077 ], [ -74.3487583, 39.41881 ], [ -74.3510418, 39.416276 ], [ -74.3536573, 39.4137268 ], [ -74.3582837, 39.4094312 ], [ -74.366615, 39.4015821 ], [ -74.3718958, 39.3969634 ], [ -74.3739822, 39.3954765 ], [ -74.378407, 39.3921243 ], [ -74.3820449, 39.3891217 ], [ -74.3851394, 39.3868182 ], [ -74.3872957, 39.3851993 ], [ -74.3902501, 39.3827327 ], [ -74.3915264, 39.3817576 ], [ -74.3945508, 39.379786 ], [ -74.3964879, 39.3785012 ], [ -74.3978555, 39.3776572 ], [ -74.3989173, 39.3770233 ], [ -74.4036733, 39.3738269 ], [ -74.4045387, 39.3733062 ], [ -74.4053166, 39.3731855 ], [ -74.4059525, 39.3733907 ], [ -74.406392, 39.3741011 ], [ -74.4074405, 39.3763076 ], [ -74.4085897, 39.3776064 ], [ -74.4107068, 39.37878 ], [ -74.412989, 39.3799184 ] ], [ [ -74.5199753, 39.3687406 ], [ -74.5192792, 39.3684355 ], [ -74.5188555, 39.3678957 ], [ -74.5183107, 39.367168 ], [ -74.518008, 39.3666986 ], [ -74.5177356, 39.3662057 ], [ -74.5175541, 39.3658536 ], [ -74.517433, 39.3656658 ], [ -74.5173724, 39.3651729 ], [ -74.5174027, 39.3649617 ], [ -74.5175541, 39.3647505 ], [ -74.5179173, 39.3647035 ], [ -74.5182805, 39.3647505 ], [ -74.5186436, 39.3651025 ], [ -74.5202174, 39.3665108 ], [ -74.5210043, 39.3672619 ], [ -74.5213675, 39.3677313 ], [ -74.5215188, 39.3679426 ], [ -74.5215491, 39.3682008 ], [ -74.5214583, 39.3684589 ], [ -74.5211556, 39.3686936 ], [ -74.5206411, 39.3687875 ], [ -74.5199753, 39.3687406 ] ], [ [ -74.4976101, 39.3511288 ], [ -74.4988143, 39.3507157 ], [ -74.5001024, 39.3504427 ], [ -74.5012517, 39.3502705 ], [ -74.5025018, 39.3503331 ], [ -74.5027841, 39.3507401 ], [ -74.5028849, 39.3513819 ], [ -74.5021792, 39.352916 ], [ -74.500667, 39.3539648 ], [ -74.4993371, 39.3547068 ], [ -74.4981703, 39.3548155 ], [ -74.4974235, 39.3547159 ], [ -74.4966534, 39.354417 ], [ -74.4962333, 39.3539006 ], [ -74.4960933, 39.3532665 ], [ -74.496315, 39.3524784 ], [ -74.4965484, 39.3518986 ], [ -74.4970538, 39.3515505 ], [ -74.4976101, 39.3511288 ] ], [ [ -74.518399, 39.3477285 ], [ -74.5188902, 39.3480219 ], [ -74.5186917, 39.3488972 ], [ -74.5185115, 39.3501843 ], [ -74.518947, 39.3526264 ], [ -74.5191405, 39.3551623 ], [ -74.5186808, 39.3558009 ], [ -74.5180034, 39.3561015 ], [ -74.5171081, 39.3561578 ], [ -74.5165758, 39.3561015 ], [ -74.5160193, 39.3551811 ], [ -74.5152693, 39.3538662 ], [ -74.5143982, 39.3529082 ], [ -74.5120997, 39.3523446 ], [ -74.5109141, 39.3515557 ], [ -74.5109625, 39.3506728 ], [ -74.5122932, 39.3499213 ], [ -74.5142289, 39.3491887 ], [ -74.5165516, 39.3483058 ], [ -74.517244, 39.3476824 ], [ -74.517803, 39.3476136 ], [ -74.518399, 39.3477285 ] ], [ [ -74.5014411, 39.3486007 ], [ -74.5026454, 39.3477096 ], [ -74.5034208, 39.3466654 ], [ -74.5035714, 39.3464094 ], [ -74.5036082, 39.3461822 ], [ -74.5034672, 39.3458801 ], [ -74.5018889, 39.3458196 ], [ -74.4979271, 39.3463059 ], [ -74.4969729, 39.3466698 ], [ -74.4965377, 39.3474243 ], [ -74.4968679, 39.3478117 ], [ -74.4985926, 39.3486802 ], [ -74.5003065, 39.3488837 ], [ -74.5014411, 39.3486007 ] ], [ [ -74.5353375, 39.3456572 ], [ -74.5369948, 39.3472808 ], [ -74.5381654, 39.3482871 ], [ -74.5385837, 39.3499905 ], [ -74.5383417, 39.3512898 ], [ -74.5378578, 39.3520726 ], [ -74.5371521, 39.3526831 ], [ -74.5355391, 39.3537788 ], [ -74.534531, 39.3541545 ], [ -74.5327768, 39.3544989 ], [ -74.5312242, 39.3542797 ], [ -74.529833, 39.3537632 ], [ -74.5286232, 39.3534031 ], [ -74.5268086, 39.3529961 ], [ -74.5247318, 39.352777 ], [ -74.5221308, 39.3519473 ], [ -74.5205984, 39.351055 ], [ -74.520296, 39.3496148 ], [ -74.5204573, 39.3483468 ], [ -74.5211025, 39.3473762 ], [ -74.5222719, 39.3468596 ], [ -74.5236027, 39.3467343 ], [ -74.5262037, 39.346703 ], [ -74.5288249, 39.346656 ], [ -74.5322929, 39.3464995 ], [ -74.5341882, 39.3459672 ], [ -74.5353375, 39.3456572 ] ], [ [ -74.51094, 39.3477673 ], [ -74.5114441, 39.3478142 ], [ -74.5118473, 39.347689 ], [ -74.5124724, 39.3468906 ], [ -74.5130976, 39.3457855 ], [ -74.5140383, 39.3454338 ], [ -74.5148396, 39.3451362 ], [ -74.516512, 39.3448386 ], [ -74.5170347, 39.344027 ], [ -74.5171043, 39.343026 ], [ -74.5150734, 39.3422721 ], [ -74.5138636, 39.3424444 ], [ -74.5123111, 39.3433524 ], [ -74.5106174, 39.3448397 ], [ -74.5103351, 39.3461861 ], [ -74.5104964, 39.3471567 ], [ -74.51094, 39.3477673 ] ], [ [ -74.5338579, 39.3392227 ], [ -74.5320288, 39.3406431 ], [ -74.5283994, 39.3412969 ], [ -74.5245378, 39.3420634 ], [ -74.5216344, 39.3429878 ], [ -74.520502, 39.3440474 ], [ -74.5198633, 39.3450168 ], [ -74.5197181, 39.3457382 ], [ -74.5205601, 39.3459411 ], [ -74.5222151, 39.3453324 ], [ -74.5232894, 39.3449717 ], [ -74.525496, 39.345107 ], [ -74.5286898, 39.3454677 ], [ -74.5306351, 39.3454 ], [ -74.5319126, 39.345152 ], [ -74.5325804, 39.3448364 ], [ -74.5333934, 39.343619 ], [ -74.5341662, 39.3424002 ], [ -74.5354258, 39.3412744 ], [ -74.5359775, 39.3407333 ], [ -74.5380389, 39.3385238 ], [ -74.5391422, 39.3370131 ], [ -74.538997, 39.3360887 ], [ -74.5381841, 39.3357505 ], [ -74.536442, 39.3371484 ], [ -74.5338579, 39.3392227 ] ], [ [ -74.5164585, 39.3412876 ], [ -74.5155109, 39.3409588 ], [ -74.5149262, 39.3403012 ], [ -74.515027, 39.3382032 ], [ -74.5151278, 39.3368566 ], [ -74.5173255, 39.333177 ], [ -74.5184748, 39.3310944 ], [ -74.5186563, 39.3302332 ], [ -74.5190999, 39.3293876 ], [ -74.520471, 39.3278217 ], [ -74.5215396, 39.3273206 ], [ -74.5226284, 39.3269447 ], [ -74.5243624, 39.3261617 ], [ -74.5249874, 39.3254257 ], [ -74.5264392, 39.323891 ], [ -74.5280119, 39.3227321 ], [ -74.5293426, 39.3226382 ], [ -74.5302701, 39.3228887 ], [ -74.5311371, 39.3233742 ], [ -74.5328711, 39.3251282 ], [ -74.535089, 39.327164 ], [ -74.5357343, 39.3280409 ], [ -74.535573, 39.3285263 ], [ -74.5350487, 39.3286673 ], [ -74.5330123, 39.3273675 ], [ -74.5318832, 39.3268821 ], [ -74.5310161, 39.3272892 ], [ -74.5318025, 39.3283854 ], [ -74.533718, 39.3296068 ], [ -74.5352907, 39.3305151 ], [ -74.5367424, 39.3319243 ], [ -74.5367827, 39.3337407 ], [ -74.5361375, 39.3352282 ], [ -74.5342019, 39.3373577 ], [ -74.5319638, 39.3387981 ], [ -74.5308145, 39.3392365 ], [ -74.5270239, 39.3397532 ], [ -74.5249471, 39.3397219 ], [ -74.5237172, 39.3399724 ], [ -74.5228502, 39.340536 ], [ -74.5215799, 39.3413032 ], [ -74.5199669, 39.3417886 ], [ -74.5184345, 39.3417886 ], [ -74.5164585, 39.3412876 ] ], [ [ -74.5857213, 39.3050101 ], [ -74.5846809, 39.3047469 ], [ -74.5837856, 39.3049161 ], [ -74.5835299, 39.3053328 ], [ -74.583457, 39.3055595 ], [ -74.5835212, 39.3057537 ], [ -74.5845185, 39.3064345 ], [ -74.5856003, 39.3071905 ], [ -74.5868635, 39.3076407 ], [ -74.58769, 39.3078748 ], [ -74.5889055, 39.3081392 ], [ -74.5896946, 39.3082119 ], [ -74.5910271, 39.308082 ], [ -74.5914314, 39.3076041 ], [ -74.5914314, 39.3069462 ], [ -74.5899071, 39.3064763 ], [ -74.5874875, 39.305762 ], [ -74.5857213, 39.3050101 ] ], [ [ -74.4515376, 39.3590944 ], [ -74.4502135, 39.3583679 ], [ -74.4494586, 39.358458 ], [ -74.4484714, 39.358999 ], [ -74.4467584, 39.3600358 ], [ -74.4454228, 39.3615459 ], [ -74.4449258, 39.3628497 ], [ -74.4447715, 39.36463 ], [ -74.4447297, 39.3662851 ], [ -74.4451896, 39.3683297 ], [ -74.4456913, 39.3697576 ], [ -74.4467366, 39.3701145 ], [ -74.4490779, 39.3702768 ], [ -74.4545132, 39.3702768 ], [ -74.4572726, 39.3715749 ], [ -74.4585269, 39.3727106 ], [ -74.4583179, 39.3740735 ], [ -74.457398, 39.3745278 ], [ -74.4557257, 39.3753391 ], [ -74.4535934, 39.3765397 ], [ -74.4522136, 39.3774807 ], [ -74.4521718, 39.3785515 ], [ -74.4526928, 39.3798173 ], [ -74.4528128, 39.380531 ], [ -74.4528128, 39.3815548 ], [ -74.4526527, 39.3824236 ], [ -74.4519325, 39.3833233 ], [ -74.4510121, 39.3839439 ], [ -74.4490113, 39.3848126 ], [ -74.4466103, 39.3854641 ], [ -74.443169, 39.3859605 ], [ -74.4402878, 39.3862708 ], [ -74.4382048, 39.3867116 ], [ -74.4364627, 39.386796 ], [ -74.4333166, 39.3878311 ], [ -74.4271288, 39.3859169 ], [ -74.4243275, 39.3852356 ], [ -74.4237207, 39.3844736 ], [ -74.4238505, 39.383822 ], [ -74.4244666, 39.3825072 ], [ -74.4251615, 39.3816938 ], [ -74.4276294, 39.378389 ], [ -74.4285005, 39.377206 ], [ -74.4286214, 39.3763047 ], [ -74.4283069, 39.3753282 ], [ -74.4277988, 39.374577 ], [ -74.4273633, 39.3743141 ], [ -74.4265406, 39.3745207 ], [ -74.4250405, 39.3757413 ], [ -74.4235888, 39.3766614 ], [ -74.4221129, 39.3773187 ], [ -74.4207579, 39.3777318 ], [ -74.4193546, 39.3779384 ], [ -74.4185319, 39.3779196 ], [ -74.4177333, 39.3777618 ], [ -74.4164052, 39.3771033 ], [ -74.4156114, 39.3767541 ], [ -74.4149778, 39.3759066 ], [ -74.4140629, 39.3733102 ], [ -74.4120853, 39.3699394 ], [ -74.4113408, 39.3688121 ], [ -74.4096036, 39.3661771 ], [ -74.4083462, 39.3651473 ], [ -74.4082063, 39.3637195 ], [ -74.4113421, 39.3615774 ], [ -74.4150213, 39.359338 ], [ -74.4235923, 39.3561247 ], [ -74.4330015, 39.3531197 ], [ -74.4359825, 39.3522734 ], [ -74.4444675, 39.3501568 ], [ -74.4482189, 39.3492423 ], [ -74.4537922, 39.3469974 ], [ -74.4551134, 39.3464077 ], [ -74.4622885, 39.3429765 ], [ -74.4724031, 39.3377031 ], [ -74.4801777, 39.3344464 ], [ -74.4867836, 39.3315134 ], [ -74.4988822, 39.3257412 ], [ -74.5083141, 39.3206259 ], [ -74.5172673, 39.31602 ], [ -74.5236973, 39.3116424 ], [ -74.5264026, 39.309115 ], [ -74.5343728, 39.3034221 ], [ -74.536127, 39.3031401 ], [ -74.5370541, 39.3032367 ], [ -74.5379215, 39.3035004 ], [ -74.5382302, 39.3038925 ], [ -74.5382441, 39.304268 ], [ -74.5379417, 39.3050199 ], [ -74.5370136, 39.305886 ], [ -74.5360488, 39.3065776 ], [ -74.5345425, 39.3074527 ], [ -74.5307503, 39.3095558 ], [ -74.5286967, 39.3116134 ], [ -74.5271053, 39.3148894 ], [ -74.5252936, 39.3203833 ], [ -74.524109, 39.3223589 ], [ -74.5217049, 39.3239555 ], [ -74.5193008, 39.3248214 ], [ -74.5173149, 39.3265263 ], [ -74.5164787, 39.3278522 ], [ -74.516409, 39.3287722 ], [ -74.5165484, 39.3298816 ], [ -74.5169665, 39.3309099 ], [ -74.5165832, 39.3318028 ], [ -74.5155728, 39.3323981 ], [ -74.514423, 39.3326686 ], [ -74.5129945, 39.3332369 ], [ -74.5121583, 39.3336157 ], [ -74.5118796, 39.3347791 ], [ -74.5121583, 39.3351579 ], [ -74.5128552, 39.3362131 ], [ -74.5134823, 39.3375389 ], [ -74.5130119, 39.3392028 ], [ -74.511415, 39.3406908 ], [ -74.5098472, 39.3415475 ], [ -74.5090052, 39.3417279 ], [ -74.5070599, 39.3415025 ], [ -74.5062759, 39.3413446 ], [ -74.5052931, 39.3417743 ], [ -74.5048322, 39.3425307 ], [ -74.5041064, 39.3432446 ], [ -74.5026546, 39.3439022 ], [ -74.5006706, 39.344541 ], [ -74.4975494, 39.3451046 ], [ -74.4955412, 39.3457621 ], [ -74.4938717, 39.3467202 ], [ -74.4932668, 39.3476407 ], [ -74.4927345, 39.3486927 ], [ -74.4924925, 39.3495945 ], [ -74.4925893, 39.3505525 ], [ -74.4925651, 39.3517735 ], [ -74.491936, 39.3521117 ], [ -74.4896859, 39.3527128 ], [ -74.4867895, 39.3536272 ], [ -74.4843216, 39.3549796 ], [ -74.4820956, 39.3569144 ], [ -74.4811036, 39.3570271 ], [ -74.4787082, 39.3569895 ], [ -74.4761435, 39.3567829 ], [ -74.4743046, 39.3571586 ], [ -74.471256, 39.3582292 ], [ -74.4691268, 39.3594689 ], [ -74.4678445, 39.3599009 ], [ -74.4667557, 39.3593374 ], [ -74.4655943, 39.3591871 ], [ -74.4648442, 39.359375 ], [ -74.463828, 39.3599385 ], [ -74.4632957, 39.3611781 ], [ -74.4631505, 39.3622675 ], [ -74.462715, 39.3628497 ], [ -74.4611181, 39.363338 ], [ -74.4587954, 39.3634883 ], [ -74.4562306, 39.3633756 ], [ -74.4542224, 39.3630939 ], [ -74.4524556, 39.362548 ], [ -74.4515523, 39.3609597 ], [ -74.4515376, 39.3590944 ] ], [ [ -74.5956742, 39.3044004 ], [ -74.5956438, 39.3048503 ], [ -74.5953868, 39.3052006 ], [ -74.5933848, 39.3057 ], [ -74.5908242, 39.305423 ], [ -74.589074, 39.3049572 ], [ -74.5883852, 39.3046235 ], [ -74.5880692, 39.3043213 ], [ -74.5881178, 39.3039562 ], [ -74.5894305, 39.3029489 ], [ -74.5907675, 39.3024327 ], [ -74.5926216, 39.3023174 ], [ -74.5933704, 39.3022228 ], [ -74.5935623, 39.3022597 ], [ -74.5941335, 39.3023697 ], [ -74.5947344, 39.3027999 ], [ -74.5952119, 39.3034098 ], [ -74.5956786, 39.3043345 ], [ -74.5956742, 39.3044004 ] ], [ [ -74.6136821, 39.3017803 ], [ -74.6132204, 39.3025739 ], [ -74.6135502, 39.3033162 ], [ -74.6146384, 39.3038026 ], [ -74.6160233, 39.3039306 ], [ -74.6180678, 39.3039306 ], [ -74.619123, 39.3035978 ], [ -74.6196836, 39.3033674 ], [ -74.6200793, 39.3031627 ], [ -74.6200793, 39.3024971 ], [ -74.6195517, 39.3019851 ], [ -74.6184305, 39.3016268 ], [ -74.6160893, 39.3015243 ], [ -74.6147702, 39.3016779 ], [ -74.6136821, 39.3017803 ] ], [ [ -74.5925548, 39.3012148 ], [ -74.591793, 39.3013514 ], [ -74.5896356, 39.3015394 ], [ -74.5880629, 39.3021034 ], [ -74.5867926, 39.3023697 ], [ -74.5855022, 39.3020877 ], [ -74.5843126, 39.3016647 ], [ -74.583123, 39.3018841 ], [ -74.5824778, 39.3021817 ], [ -74.58151, 39.3021974 ], [ -74.5809252, 39.3019624 ], [ -74.5805421, 39.3014768 ], [ -74.5805421, 39.3008501 ], [ -74.5807034, 39.3002392 ], [ -74.5813837, 39.29949 ], [ -74.5828422, 39.2989733 ], [ -74.5833206, 39.2988826 ], [ -74.5849425, 39.2981845 ], [ -74.5865761, 39.2971963 ], [ -74.587988, 39.296335 ], [ -74.5884867, 39.2960354 ], [ -74.5897703, 39.2955639 ], [ -74.5908909, 39.2953014 ], [ -74.5918938, 39.2956176 ], [ -74.5931036, 39.296354 ], [ -74.5942731, 39.2981713 ], [ -74.5947167, 39.2997065 ], [ -74.5945553, 39.3004272 ], [ -74.5936279, 39.3010225 ], [ -74.5925548, 39.3012148 ] ], [ [ -74.5839559, 39.2971117 ], [ -74.58509, 39.2966112 ], [ -74.5861402, 39.2960237 ], [ -74.5864762, 39.2955994 ], [ -74.5863502, 39.2948922 ], [ -74.5853561, 39.2943591 ], [ -74.5834658, 39.294098 ], [ -74.5816175, 39.294 ], [ -74.5800633, 39.2941197 ], [ -74.5785651, 39.2947834 ], [ -74.5773329, 39.2956755 ], [ -74.5768008, 39.2963283 ], [ -74.5762407, 39.2973945 ], [ -74.5762127, 39.2981996 ], [ -74.5764788, 39.2991896 ], [ -74.5769549, 39.2998424 ], [ -74.5773749, 39.3002231 ], [ -74.578033, 39.3004625 ], [ -74.5789151, 39.3005277 ], [ -74.5793072, 39.3003537 ], [ -74.5797132, 39.2997336 ], [ -74.5799513, 39.2989503 ], [ -74.5799513, 39.2984607 ], [ -74.5801613, 39.2980582 ], [ -74.5807494, 39.2977753 ], [ -74.5815755, 39.2976991 ], [ -74.5839559, 39.2971117 ] ], [ [ -74.5838692, 39.2901565 ], [ -74.5799301, 39.2891965 ], [ -74.5789922, 39.2887621 ], [ -74.5776856, 39.2877844 ], [ -74.5780243, 39.2870699 ], [ -74.578847, 39.2864682 ], [ -74.5801293, 39.2857913 ], [ -74.5812665, 39.285246 ], [ -74.5819438, 39.2852131 ], [ -74.582815, 39.2851708 ], [ -74.5835651, 39.2853776 ], [ -74.5853072, 39.2862426 ], [ -74.5868799, 39.2870887 ], [ -74.5873154, 39.28801 ], [ -74.5865895, 39.2889689 ], [ -74.5851378, 39.2899842 ], [ -74.5838857, 39.2901605 ], [ -74.5838692, 39.2901565 ] ], [ [ -74.5902481, 39.281171 ], [ -74.5886855, 39.2797998 ], [ -74.5875093, 39.2794734 ], [ -74.5867196, 39.2796431 ], [ -74.5859803, 39.2798651 ], [ -74.5853418, 39.2806486 ], [ -74.5841152, 39.2833386 ], [ -74.584048, 39.2842135 ], [ -74.5846697, 39.2849056 ], [ -74.5864172, 39.2857543 ], [ -74.5881142, 39.2863027 ], [ -74.5890719, 39.2871253 ], [ -74.5897608, 39.2881177 ], [ -74.5905505, 39.2887052 ], [ -74.5919619, 39.2887575 ], [ -74.5935246, 39.2883266 ], [ -74.5945831, 39.2876607 ], [ -74.5950872, 39.2867989 ], [ -74.5947511, 39.2861591 ], [ -74.5930559, 39.285067 ], [ -74.5926475, 39.2841451 ], [ -74.5925308, 39.2830342 ], [ -74.5916557, 39.2822257 ], [ -74.5902481, 39.281171 ] ], [ [ -74.6021313, 39.2805417 ], [ -74.6030881, 39.2806415 ], [ -74.6042658, 39.2804922 ], [ -74.6059353, 39.2796649 ], [ -74.607871, 39.2789503 ], [ -74.6102421, 39.2788751 ], [ -74.6120568, 39.278593 ], [ -74.6122987, 39.2780476 ], [ -74.6118148, 39.277145 ], [ -74.6100727, 39.275603 ], [ -74.609855, 39.2743618 ], [ -74.6099034, 39.2719734 ], [ -74.6089598, 39.2710895 ], [ -74.6076532, 39.2708074 ], [ -74.6063224, 39.2710895 ], [ -74.6049917, 39.2717665 ], [ -74.6045078, 39.2732898 ], [ -74.6041932, 39.2756218 ], [ -74.6034432, 39.2773707 ], [ -74.6015559, 39.2789503 ], [ -74.6010461, 39.2797255 ], [ -74.6011511, 39.2802152 ], [ -74.6021313, 39.2805417 ] ], [ [ -74.612284, 39.273421 ], [ -74.6119558, 39.2733268 ], [ -74.6117599, 39.272728 ], [ -74.611348, 39.2721034 ], [ -74.6105107, 39.2705708 ], [ -74.6105647, 39.2699829 ], [ -74.6109699, 39.2696785 ], [ -74.6117666, 39.2697467 ], [ -74.6123676, 39.2699829 ], [ -74.6128658, 39.270471 ], [ -74.6134539, 39.2718532 ], [ -74.6135099, 39.2724627 ], [ -74.6133938, 39.2729472 ], [ -74.6132492, 39.2732539 ], [ -74.613046, 39.2733936 ], [ -74.6127334, 39.2734301 ], [ -74.612284, 39.273421 ] ], [ [ -74.3666667, 39.2435076 ], [ -74.3666667, 39.2489053 ], [ -74.3692319, 39.2485766 ], [ -74.3702553, 39.2485008 ], [ -74.3717173, 39.2485008 ], [ -74.372692, 39.2478567 ], [ -74.3727895, 39.2463788 ], [ -74.3723021, 39.2458862 ], [ -74.3715712, 39.2453178 ], [ -74.3687604, 39.2438314 ], [ -74.3666667, 39.2435076 ] ], [ [ -74.657707, 39.2049357 ], [ -74.6595979, 39.2040972 ], [ -74.660971, 39.2036312 ], [ -74.6627182, 39.2018898 ], [ -74.6638333, 39.2006749 ], [ -74.6649285, 39.1993101 ], [ -74.6668955, 39.1981129 ], [ -74.6692733, 39.1982788 ], [ -74.6713888, 39.199491 ], [ -74.6740892, 39.2008123 ], [ -74.6766629, 39.2013972 ], [ -74.677863, 39.2015673 ], [ -74.6785484, 39.2018801 ], [ -74.6786605, 39.2023159 ], [ -74.6785286, 39.2027672 ], [ -74.6781176, 39.2029523 ], [ -74.6776455, 39.2030543 ], [ -74.6765946, 39.2031516 ], [ -74.6760138, 39.2032313 ], [ -74.6754672, 39.203187 ], [ -74.6735995, 39.2031604 ], [ -74.6723368, 39.203306 ], [ -74.6713802, 39.2035808 ], [ -74.6701936, 39.2042105 ], [ -74.6694943, 39.2047398 ], [ -74.6686991, 39.2055355 ], [ -74.6678135, 39.2060867 ], [ -74.6670264, 39.2067144 ], [ -74.665826, 39.2074187 ], [ -74.6650388, 39.2077249 ], [ -74.662581, 39.2092128 ], [ -74.6609374, 39.2115276 ], [ -74.6601758, 39.2136034 ], [ -74.6593729, 39.2149445 ], [ -74.6586172, 39.2155691 ], [ -74.6576963, 39.2159365 ], [ -74.6565155, 39.2161385 ], [ -74.6549333, 39.2161385 ], [ -74.6534456, 39.2159548 ], [ -74.652539, 39.2157684 ], [ -74.6512863, 39.2158127 ], [ -74.6503658, 39.2158497 ], [ -74.6498818, 39.2158127 ], [ -74.6494953, 39.215815 ], [ -74.6490207, 39.2157247 ], [ -74.6483984, 39.2154704 ], [ -74.648202, 39.2152738 ], [ -74.6481356, 39.2146758 ], [ -74.6485253, 39.2140642 ], [ -74.6492994, 39.2132915 ], [ -74.650707, 39.2119732 ], [ -74.6521966, 39.2108463 ], [ -74.6536413, 39.2097266 ], [ -74.6547433, 39.2087161 ], [ -74.6558674, 39.2074792 ], [ -74.6561208, 39.2072004 ], [ -74.657707, 39.2049357 ] ], [ [ -74.6630782, 39.1991022 ], [ -74.6619373, 39.200607 ], [ -74.6608381, 39.2020036 ], [ -74.6601563, 39.2023175 ], [ -74.659224, 39.2022959 ], [ -74.6588762, 39.2020252 ], [ -74.6589179, 39.2010509 ], [ -74.6599197, 39.1985933 ], [ -74.6609354, 39.1974241 ], [ -74.6624382, 39.1966012 ], [ -74.6637322, 39.1965038 ], [ -74.6647757, 39.1967636 ], [ -74.664887, 39.1974457 ], [ -74.6642052, 39.198052 ], [ -74.6630782, 39.1991022 ] ], [ [ -74.6709345, 39.1977157 ], [ -74.6724925, 39.1984431 ], [ -74.6751584, 39.1994668 ], [ -74.6767164, 39.1995207 ], [ -74.6785514, 39.1993051 ], [ -74.679857, 39.1986206 ], [ -74.6821611, 39.1976384 ], [ -74.6851666, 39.1970927 ], [ -74.6882111, 39.1970961 ], [ -74.6899768, 39.1965842 ], [ -74.6917772, 39.1958838 ], [ -74.6922965, 39.1945906 ], [ -74.6918811, 39.1932435 ], [ -74.6925043, 39.1920042 ], [ -74.6950317, 39.1906032 ], [ -74.6957241, 39.1900913 ], [ -74.6956203, 39.1895524 ], [ -74.6938892, 39.1894177 ], [ -74.6909116, 39.1894985 ], [ -74.6881072, 39.1896602 ], [ -74.6855798, 39.1904146 ], [ -74.6835371, 39.1919234 ], [ -74.6819098, 39.1940787 ], [ -74.6800402, 39.1957221 ], [ -74.6779282, 39.1967459 ], [ -74.6764741, 39.1969075 ], [ -74.6745006, 39.1965573 ], [ -74.6722502, 39.1959376 ], [ -74.6707268, 39.1955066 ], [ -74.6697227, 39.1958838 ], [ -74.6696881, 39.1967997 ], [ -74.6709345, 39.1977157 ] ], [ [ -74.6790302, 39.1920078 ], [ -74.6793356, 39.1897574 ], [ -74.6806099, 39.1881295 ], [ -74.6827978, 39.1855287 ], [ -74.6822929, 39.184144 ], [ -74.6809705, 39.1835827 ], [ -74.6793356, 39.1835827 ], [ -74.6773881, 39.1839569 ], [ -74.6746471, 39.1841814 ], [ -74.6737816, 39.1842937 ], [ -74.6728198, 39.1852106 ], [ -74.6721466, 39.1864081 ], [ -74.6723149, 39.1872688 ], [ -74.6739739, 39.1892335 ], [ -74.6747673, 39.1905619 ], [ -74.674575, 39.1912729 ], [ -74.6740941, 39.191909 ], [ -74.6732045, 39.1923019 ], [ -74.6719302, 39.1925826 ], [ -74.6710406, 39.1929006 ], [ -74.6708723, 39.1934058 ], [ -74.6712089, 39.1943038 ], [ -74.672387, 39.1950335 ], [ -74.6739499, 39.1954077 ], [ -74.6762099, 39.1951458 ], [ -74.6775804, 39.1948838 ], [ -74.6784219, 39.194678 ], [ -74.678999, 39.1943226 ], [ -74.6792394, 39.1938922 ], [ -74.6790302, 39.1920078 ] ], [ [ -74.6805803, 39.192151 ], [ -74.6809977, 39.1924867 ], [ -74.6814708, 39.1922268 ], [ -74.6823373, 39.1911279 ], [ -74.6830013, 39.1905594 ], [ -74.6839315, 39.1895696 ], [ -74.6853683, 39.1889894 ], [ -74.688167, 39.1883383 ], [ -74.6907348, 39.1880913 ], [ -74.6929853, 39.1882709 ], [ -74.6956108, 39.1881362 ], [ -74.6965918, 39.1879117 ], [ -74.6972009, 39.1874682 ], [ -74.6973419, 39.1868788 ], [ -74.6966495, 39.1864747 ], [ -74.6952069, 39.1864971 ], [ -74.6944567, 39.1860256 ], [ -74.6940564, 39.1846203 ], [ -74.6948049, 39.1834022 ], [ -74.6951896, 39.1820549 ], [ -74.6950213, 39.1811754 ], [ -74.694276, 39.1807824 ], [ -74.6931219, 39.180745 ], [ -74.6913186, 39.1810631 ], [ -74.6891067, 39.1816619 ], [ -74.6873275, 39.1818865 ], [ -74.6861012, 39.1818677 ], [ -74.6851636, 39.1815309 ], [ -74.6842259, 39.1808573 ], [ -74.6835286, 39.1803707 ], [ -74.6822303, 39.1804269 ], [ -74.6814128, 39.1807263 ], [ -74.6805472, 39.1812502 ], [ -74.6803549, 39.181849 ], [ -74.6811483, 39.1823917 ], [ -74.6824947, 39.1825601 ], [ -74.6836488, 39.1829905 ], [ -74.684322, 39.1839635 ], [ -74.6843461, 39.1850301 ], [ -74.6841537, 39.1858908 ], [ -74.684031, 39.1864772 ], [ -74.6819995, 39.1888053 ], [ -74.6805247, 39.1911982 ], [ -74.6805803, 39.192151 ] ] ] } },
{ "type": "Feature", "properties": { "RCID": 206, "PRIM": 3, "GRUP": 1, "OBJL": 42, "RVER": 1, "AGEN": 550, "FIDN": 37880965, "FIDS": 50, "LNAM": "0226024204850032", "DRVAL1": 100.5, "DRVAL2": 109.7 }, "geometry": { "type": "Polygon", "coordinates": [ [ [ -72.7869815, 39.166667 ], [ -72.7733548, 39.166667 ], [ -72.7724422, 39.1677607 ], [ -72.7699803, 39.1709016 ], [ -72.7681348, 39.1736475 ], [ -72.7671006, 39.1760311 ], [ -72.7663208, 39.1778282 ], [ -72.7599522, 39.1880563 ], [ -72.758391, 39.1909726 ], [ -72.7561274, 39.1972906 ], [ -72.7555791, 39.2004361 ], [ -72.7552314, 39.2024904 ], [ -72.7543487, 39.2047985 ], [ -72.7526196, 39.2079004 ], [ -72.7504291, 39.2127796 ], [ -72.7444187, 39.2289938 ], [ -72.7402034, 39.2371905 ], [ -72.739605, 39.239963 ], [ -72.7385197, 39.2433396 ], [ -72.7368265, 39.2463022 ], [ -72.7325378, 39.2516752 ], [ -72.7309453, 39.2533263 ], [ -72.7252923, 39.260841 ], [ -72.7227175, 39.2654166 ], [ -72.7195061, 39.270433 ], [ -72.7175604, 39.2725486 ], [ -72.7175001, 39.2726141 ], [ -72.7150928, 39.2747953 ], [ -72.7129263, 39.277101 ], [ -72.7107725, 39.2796156 ], [ -72.7093373, 39.2812911 ], [ -72.705485, 39.2884139 ], [ -72.7038451, 39.2930445 ], [ -72.7036252, 39.2935098 ], [ -72.7005478, 39.3000209 ], [ -72.6982059, 39.3032761 ], [ -72.6933608, 39.3087754 ], [ -72.6889635, 39.3146387 ], [ -72.6887587, 39.3149687 ], [ -72.6868371, 39.3180642 ], [ -72.6849113, 39.3218007 ], [ -72.6818621, 39.3283392 ], [ -72.6804178, 39.3321376 ], [ -72.6795351, 39.3337564 ], [ -72.6789725, 39.3343485 ], [ -72.6761142, 39.3373564 ], [ -72.6722977, 39.3402529 ], [ -72.6693225, 39.3419033 ], [ -72.666278, 39.3442675 ], [ -72.6525385, 39.3559785 ], [ -72.6505089, 39.357906 ], [ -72.648167, 39.3607545 ], [ -72.6270628, 39.381587 ], [ -72.6255018, 39.3831136 ], [ -72.6198097, 39.3886803 ], [ -72.6125727, 39.3946173 ], [ -72.6086252, 39.3985051 ], [ -72.6027839, 39.4036554 ], [ -72.5977817, 39.4091533 ], [ -72.5963945, 39.4113059 ], [ -72.5899683, 39.4194958 ], [ -72.585494, 39.4224019 ], [ -72.5818832, 39.4247027 ], [ -72.5793154, 39.4264438 ], [ -72.5764268, 39.4291175 ], [ -72.5734519, 39.4314515 ], [ -72.5669669, 39.4346368 ], [ -72.5626302, 39.4388408 ], [ -72.559628, 39.4425775 ], [ -72.557943, 39.4441939 ], [ -72.5562101, 39.4452141 ], [ -72.5559369, 39.445375 ], [ -72.5536902, 39.4463696 ], [ -72.551991, 39.4476096 ], [ -72.5504298, 39.4500307 ], [ -72.5497274, 39.4544491 ], [ -72.5498091, 39.4559394 ], [ -72.5503708, 39.4574933 ], [ -72.5511732, 39.460228 ], [ -72.5514747, 39.4620026 ], [ -72.5515744, 39.4625896 ], [ -72.5512558, 39.4649013 ], [ -72.5491504, 39.4685735 ], [ -72.5458806, 39.4711081 ], [ -72.5410628, 39.4732087 ], [ -72.5375237, 39.4742374 ], [ -72.5349423, 39.475738 ], [ -72.5338026, 39.4770812 ], [ -72.5302897, 39.4830707 ], [ -72.5266467, 39.4854235 ], [ -72.5243121, 39.4860266 ], [ -72.5216712, 39.4864104 ], [ -72.5194384, 39.4872755 ], [ -72.5183009, 39.4880101 ], [ -72.5160148, 39.4903132 ], [ -72.5134275, 39.4943229 ], [ -72.511518, 39.4962957 ], [ -72.5093682, 39.4977102 ], [ -72.5075204, 39.4993683 ], [ -72.5023047, 39.5027846 ], [ -72.48726, 39.5132415 ], [ -72.4846214, 39.514584 ], [ -72.4819286, 39.5164087 ], [ -72.4768803, 39.5217301 ], [ -72.4742421, 39.5241719 ], [ -72.472788, 39.5255178 ], [ -72.4702202, 39.5280013 ], [ -72.4677327, 39.5307333 ], [ -72.4662884, 39.5326579 ], [ -72.4623731, 39.5388288 ], [ -72.4580016, 39.5468882 ], [ -72.4563312, 39.5516308 ], [ -72.45566, 39.5552689 ], [ -72.454151, 39.5599424 ], [ -72.4489468, 39.5689863 ], [ -72.4471825, 39.5716417 ], [ -72.445772, 39.5739166 ], [ -72.4443741, 39.5761712 ], [ -72.4432506, 39.5790253 ], [ -72.4422075, 39.5818791 ], [ -72.442047, 39.5848571 ], [ -72.442047, 39.5868422 ], [ -72.4422075, 39.5881449 ], [ -72.4432908, 39.5902542 ], [ -72.4457783, 39.5932317 ], [ -72.4480251, 39.5960849 ], [ -72.4492287, 39.5980078 ], [ -72.4499779, 39.6 ], [ -72.4525525, 39.6 ], [ -72.462264, 39.6 ], [ -72.4647678, 39.5961894 ], [ -72.4660978, 39.593901 ], [ -72.4668272, 39.5923089 ], [ -72.4672991, 39.5908827 ], [ -72.4675566, 39.5890917 ], [ -72.4676852, 39.5866372 ], [ -72.4676836, 39.577263 ], [ -72.4681831, 39.5741697 ], [ -72.4692448, 39.5717047 ], [ -72.4724071, 39.5660187 ], [ -72.4746381, 39.5622693 ], [ -72.4803431, 39.553245 ], [ -72.4814224, 39.551908 ], [ -72.4869421, 39.545925 ], [ -72.4916844, 39.5414882 ], [ -72.4972198, 39.5363093 ], [ -72.5011025, 39.5325582 ], [ -72.5073398, 39.5268576 ], [ -72.5145218, 39.5197229 ], [ -72.520767, 39.5140629 ], [ -72.5242019, 39.5112247 ], [ -72.5304211, 39.5067279 ], [ -72.533882, 39.5031529 ], [ -72.5399709, 39.4961366 ], [ -72.5421568, 39.4941103 ], [ -72.547123, 39.4900695 ], [ -72.5498852, 39.4883332 ], [ -72.5540776, 39.4863859 ], [ -72.5670339, 39.4780413 ], [ -72.5673588, 39.4778321 ], [ -72.5690749, 39.4761711 ], [ -72.571041, 39.4740548 ], [ -72.5751369, 39.4688575 ], [ -72.5823221, 39.4613123 ], [ -72.5851729, 39.4583186 ], [ -72.5951629, 39.4491214 ], [ -72.5975049, 39.4473056 ], [ -72.6042821, 39.4428721 ], [ -72.6089157, 39.4404789 ], [ -72.6133776, 39.4382851 ], [ -72.6162951, 39.436623 ], [ -72.6191268, 39.434429 ], [ -72.6215294, 39.4321019 ], [ -72.6234227, 39.4300519 ], [ -72.6242988, 39.429433 ], [ -72.6329021, 39.4242615 ], [ -72.6358434, 39.4214857 ], [ -72.6373964, 39.4183535 ], [ -72.6373963, 39.4165324 ], [ -72.6345815, 39.4135698 ], [ -72.6342454, 39.4123727 ], [ -72.6342436, 39.4113439 ], [ -72.6345869, 39.4105458 ], [ -72.6352732, 39.4094817 ], [ -72.6363888, 39.4087501 ], [ -72.6380192, 39.4080185 ], [ -72.6408507, 39.4076194 ], [ -72.6457278, 39.4070078 ], [ -72.6476487, 39.4058901 ], [ -72.6487763, 39.4045777 ], [ -72.6491839, 39.4015292 ], [ -72.6506704, 39.3980057 ], [ -72.6509482, 39.397651 ], [ -72.6521291, 39.3961432 ], [ -72.6535554, 39.3940181 ], [ -72.6548043, 39.3930368 ], [ -72.6607303, 39.3897258 ], [ -72.6643515, 39.3872902 ], [ -72.6661157, 39.3856318 ], [ -72.6676603, 39.384035 ], [ -72.6690332, 39.3821055 ], [ -72.6751791, 39.3702678 ], [ -72.6799408, 39.362511 ], [ -72.6847808, 39.3559655 ], [ -72.6895426, 39.3487525 ], [ -72.6933008, 39.3413374 ], [ -72.6937369, 39.3404769 ], [ -72.6950241, 39.3383465 ], [ -72.696397, 39.3365488 ], [ -72.6983705, 39.3346846 ], [ -72.7011164, 39.3324873 ], [ -72.70309, 39.33029 ], [ -72.7035378, 39.3295219 ], [ -72.7047203, 39.3274934 ], [ -72.7071067, 39.3234709 ], [ -72.7092144, 39.3204996 ], [ -72.7106196, 39.3190442 ], [ -72.7118686, 39.3180739 ], [ -72.7175462, 39.3147659 ], [ -72.7198982, 39.3123904 ], [ -72.7251915, 39.3031944 ], [ -72.7266128, 39.3011776 ], [ -72.7297696, 39.2966983 ], [ -72.7320864, 39.2945665 ], [ -72.7346529, 39.2917767 ], [ -72.7355186, 39.2908356 ], [ -72.735903, 39.2900759 ], [ -72.7364625, 39.2889702 ], [ -72.7368058, 39.2873712 ], [ -72.7362241, 39.2816381 ], [ -72.7371283, 39.2783583 ], [ -72.7422346, 39.2661847 ], [ -72.7431557, 39.264275 ], [ -72.7454469, 39.2613804 ], [ -72.7492951, 39.2585645 ], [ -72.7510893, 39.2554102 ], [ -72.7501186, 39.2486639 ], [ -72.7509773, 39.2463572 ], [ -72.7551011, 39.2416537 ], [ -72.7558953, 39.2398007 ], [ -72.7558952, 39.2379793 ], [ -72.7553747, 39.2371698 ], [ -72.7525381, 39.2352474 ], [ -72.7522258, 39.2347616 ], [ -72.7520826, 39.2330818 ], [ -72.752616, 39.2314223 ], [ -72.7581582, 39.2201884 ], [ -72.7633215, 39.2107403 ], [ -72.7643251, 39.2076166 ], [ -72.7651055, 39.2031826 ], [ -72.765886, 39.2002668 ], [ -72.7669242, 39.1981987 ], [ -72.7677631, 39.1965277 ], [ -72.7687743, 39.1947388 ], [ -72.7712723, 39.1916404 ], [ -72.774437, 39.1882802 ], [ -72.7752926, 39.1864154 ], [ -72.7751894, 39.1846496 ], [ -72.7750763, 39.1827151 ], [ -72.7755596, 39.1807088 ], [ -72.7771735, 39.1761856 ], [ -72.7796419, 39.1731113 ], [ -72.7853763, 39.1684932 ], [ -72.7869815, 39.166667 ] ] ] } },
{ "type": "Feature", "properties": { "RCID": 207, "PRIM": 3, "GRUP": 1, "OBJL": 42, "RVER": 1, "AGEN": 550, "FIDN": 1477497609, "FIDS": 48294, "LNAM": "02265810D309BCA6", "DRVAL1": 155.4, "DRVAL2": 164.5 }, "geometry": { "type": "Polygon", "coordinates": [ [ [ -72.2247747, 39.5178706 ], [ -72.2214936, 39.5175076 ], [ -72.2179831, 39.5167757 ], [ -72.2127092, 39.5154993 ], [ -72.2081811, 39.5137458 ], [ -72.2058269, 39.5130946 ], [ -72.2029764, 39.5128188 ], [ -72.2010422, 39.5129987 ], [ -72.1994374, 39.5135042 ], [ -72.1936604, 39.5157417 ], [ -72.1764858, 39.5240864 ], [ -72.170419, 39.5281978 ], [ -72.1652865, 39.5312895 ], [ -72.1553149, 39.5393376 ], [ -72.1529565, 39.5412323 ], [ -72.1508703, 39.5432673 ], [ -72.1474825, 39.5467703 ], [ -72.1463577, 39.5479334 ], [ -72.1421398, 39.5525643 ], [ -72.1394413, 39.5549848 ], [ -72.1333835, 39.5608303 ], [ -72.1315984, 39.5621075 ], [ -72.1296468, 39.5641016 ], [ -72.126368, 39.5666396 ], [ -72.1206873, 39.5702372 ], [ -72.1149234, 39.5729458 ], [ -72.1059612, 39.575802 ], [ -72.1013086, 39.5779386 ], [ -72.0966247, 39.5803856 ], [ -72.0965845, 39.5804156 ], [ -72.0856414, 39.5885852 ], [ -72.0794502, 39.5929204 ], [ -72.0724264, 39.5999076 ], [ -72.0722999, 39.6 ], [ -72.09824, 39.6 ], [ -72.1171888, 39.6 ], [ -72.1183286, 39.5982947 ], [ -72.1209544, 39.5930271 ], [ -72.1212917, 39.5923504 ], [ -72.1224657, 39.5896574 ], [ -72.1238115, 39.5855726 ], [ -72.1242778, 39.5801575 ], [ -72.1250361, 39.575853 ], [ -72.1271713, 39.5721637 ], [ -72.1306714, 39.5689767 ], [ -72.1364286, 39.5649894 ], [ -72.1403508, 39.5627629 ], [ -72.1452992, 39.5592971 ], [ -72.1552835, 39.5510567 ], [ -72.1641422, 39.5437452 ], [ -72.1650497, 39.5426912 ], [ -72.1685777, 39.5396862 ], [ -72.1747689, 39.5353314 ], [ -72.1783287, 39.5330099 ], [ -72.1805301, 39.5318733 ], [ -72.1817898, 39.5307583 ], [ -72.1898427, 39.5258009 ], [ -72.1972519, 39.5222719 ], [ -72.2019734, 39.5205111 ], [ -72.210107, 39.5191274 ], [ -72.2134119, 39.5191273 ], [ -72.2204381, 39.5198527 ], [ -72.2270739, 39.5199734 ], [ -72.2361299, 39.5198522 ], [ -72.2384719, 39.5196254 ], [ -72.2422324, 39.520232 ], [ -72.2443057, 39.5205665 ], [ -72.2556991, 39.5218267 ], [ -72.2711302, 39.5247284 ], [ -72.2730304, 39.5248493 ], [ -72.2753007, 39.5250938 ], [ -72.2765384, 39.5252926 ], [ -72.2791615, 39.5259274 ], [ -72.2874993, 39.5286175 ], [ -72.3054972, 39.5350005 ], [ -72.3114824, 39.5376485 ], [ -72.3165832, 39.5393763 ], [ -72.328633, 39.5422204 ], [ -72.3301203, 39.5434924 ], [ -72.332854, 39.5439394 ], [ -72.3369382, 39.5444582 ], [ -72.3476129, 39.5463275 ], [ -72.3503193, 39.5465892 ], [ -72.3602824, 39.5487102 ], [ -72.3718534, 39.5522573 ], [ -72.3775135, 39.554949 ], [ -72.3795825, 39.5567284 ], [ -72.3818855, 39.5595015 ], [ -72.3832519, 39.5616165 ], [ -72.384157, 39.564885 ], [ -72.3844624, 39.5698946 ], [ -72.38416, 39.5717676 ], [ -72.382989, 39.5741844 ], [ -72.3804032, 39.5773865 ], [ -72.3786775, 39.5791672 ], [ -72.3779238, 39.5804184 ], [ -72.3773752, 39.5822094 ], [ -72.377619, 39.5843773 ], [ -72.3787642, 39.5866898 ], [ -72.3800915, 39.5883811 ], [ -72.3814493, 39.5905924 ], [ -72.3838881, 39.5935273 ], [ -72.3847387, 39.5958305 ], [ -72.3849061, 39.5976424 ], [ -72.3846015, 39.6 ], [ -72.3884565, 39.6 ], [ -72.3888513, 39.5993012 ], [ -72.3891947, 39.5977067 ], [ -72.3889656, 39.5952264 ], [ -72.3877815, 39.5933943 ], [ -72.3855173, 39.5912923 ], [ -72.3837194, 39.5899942 ], [ -72.3801126, 39.5856683 ], [ -72.3792793, 39.5830895 ], [ -72.3797398, 39.5809509 ], [ -72.3801301, 39.5803467 ], [ -72.3840333, 39.5767218 ], [ -72.3865745, 39.5736596 ], [ -72.3876632, 39.5700153 ], [ -72.3877207, 39.5686583 ], [ -72.3876299, 39.5671851 ], [ -72.3869043, 39.5648353 ], [ -72.3860398, 39.5620712 ], [ -72.383525, 39.5576885 ], [ -72.3800349, 39.5532996 ], [ -72.377123, 39.55092 ], [ -72.3731353, 39.549161 ], [ -72.3588369, 39.5455712 ], [ -72.3414964, 39.542899 ], [ -72.3326738, 39.54026 ], [ -72.3289045, 39.5394263 ], [ -72.3251998, 39.5391077 ], [ -72.321902, 39.5383782 ], [ -72.31295, 39.5356899 ], [ -72.294057, 39.5281941 ], [ -72.2901508, 39.5263216 ], [ -72.2756853, 39.5226642 ], [ -72.2648543, 39.5210123 ], [ -72.2510017, 39.5171383 ], [ -72.24784, 39.5165262 ], [ -72.2453746, 39.5162876 ], [ -72.2415685, 39.5169194 ], [ -72.2383835, 39.5176596 ], [ -72.2368962, 39.5177644 ], [ -72.233007, 39.5180383 ], [ -72.2262931, 39.5180385 ], [ -72.2247747, 39.5178706 ] ] ] } },
{ "type": "Feature", "properties": { "RCID": 208, "PRIM": 3, "GRUP": 1, "OBJL": 42, "RVER": 1, "AGEN": 550, "FIDN": 1852016501, "FIDS": 48294, "LNAM": "02266E638775BCA6", "DRVAL1": 155.4, "DRVAL2": 164.5 }, "geometry": { "type": "Polygon", "coordinates": [ [ [ -72.6084534, 39.166667 ], [ -72.6071805, 39.16741 ], [ -72.6057255, 39.1682593 ], [ -72.5745057, 39.1852559 ], [ -72.5587536, 39.1950137 ], [ -72.5537322, 39.1988126 ], [ -72.5535399, 39.1989369 ], [ -72.5433913, 39.2059834 ], [ -72.5380403, 39.2101744 ], [ -72.5335633, 39.2131218 ], [ -72.5304064, 39.214841 ], [ -72.5212206, 39.2191632 ], [ -72.5193636, 39.2201263 ], [ -72.5151314, 39.2223212 ], [ -72.5115341, 39.2244977 ], [ -72.5030311, 39.2287582 ], [ -72.4925859, 39.2354859 ], [ -72.4841783, 39.2420248 ], [ -72.4759156, 39.2472386 ], [ -72.4751841, 39.2477001 ], [ -72.4720784, 39.2490379 ], [ -72.4640621, 39.2534182 ], [ -72.4542506, 39.2614606 ], [ -72.4454744, 39.2671242 ], [ -72.4390874, 39.2718559 ], [ -72.4368283, 39.2733425 ], [ -72.4329367, 39.2759033 ], [ -72.4295322, 39.2790789 ], [ -72.4276978, 39.2819306 ], [ -72.4261365, 39.2831442 ], [ -72.4229692, 39.2850337 ], [ -72.4166124, 39.287998 ], [ -72.4152072, 39.2889687 ], [ -72.4120539, 39.2923383 ], [ -72.4095655, 39.2966355 ], [ -72.4075203, 39.2988606 ], [ -72.4044228, 39.3008663 ], [ -72.3975873, 39.3034539 ], [ -72.3949622, 39.3049836 ], [ -72.3936213, 39.3063232 ], [ -72.3903421, 39.3107393 ], [ -72.3880884, 39.3147416 ], [ -72.3857768, 39.3179018 ], [ -72.3852215, 39.3188133 ], [ -72.3848164, 39.3193617 ], [ -72.3817142, 39.3220702 ], [ -72.3789167, 39.3242628 ], [ -72.3758698, 39.3273582 ], [ -72.3731553, 39.3297656 ], [ -72.3711487, 39.3318018 ], [ -72.3709949, 39.3319579 ], [ -72.3694437, 39.3332046 ], [ -72.3682122, 39.3336675 ], [ -72.3649112, 39.3359108 ], [ -72.3646021, 39.3362369 ], [ -72.3616548, 39.3393462 ], [ -72.3608742, 39.3409629 ], [ -72.3607254, 39.3416021 ], [ -72.3600369, 39.3437368 ], [ -72.3590128, 39.3455545 ], [ -72.3571446, 39.3479723 ], [ -72.3495754, 39.3533598 ], [ -72.3462443, 39.3553584 ], [ -72.3455109, 39.356037 ], [ -72.3434398, 39.3578142 ], [ -72.3404436, 39.361214 ], [ -72.3387225, 39.3636487 ], [ -72.3358935, 39.3652081 ], [ -72.331834, 39.3666424 ], [ -72.3298043, 39.3681574 ], [ -72.3284137, 39.3708563 ], [ -72.3279205, 39.3780067 ], [ -72.3271896, 39.3802761 ], [ -72.3221546, 39.3874857 ], [ -72.3209056, 39.3898484 ], [ -72.3168914, 39.3953751 ], [ -72.3160657, 39.3965119 ], [ -72.3151291, 39.3994193 ], [ -72.3155715, 39.4007923 ], [ -72.3175227, 39.4028232 ], [ -72.3184393, 39.4034653 ], [ -72.3192669, 39.4047492 ], [ -72.3195011, 39.405476 ], [ -72.3195012, 39.4070103 ], [ -72.3181742, 39.4094127 ], [ -72.3131311, 39.413325 ], [ -72.3117495, 39.4161834 ], [ -72.3086894, 39.4202527 ], [ -72.3070736, 39.423571 ], [ -72.3059443, 39.4270747 ], [ -72.3057863, 39.429037 ], [ -72.3061267, 39.431676 ], [ -72.3067774, 39.433694 ], [ -72.3081828, 39.4365999 ], [ -72.3103476, 39.4393295 ], [ -72.310863, 39.4402429 ], [ -72.3118133, 39.4419269 ], [ -72.3123208, 39.4435008 ], [ -72.3123209, 39.4464063 ], [ -72.3116475, 39.4503236 ], [ -72.3124385, 39.4548194 ], [ -72.315132, 39.4582689 ], [ -72.3192364, 39.4614503 ], [ -72.3238496, 39.4637745 ], [ -72.3262082, 39.4655771 ], [ -72.3281083, 39.4672326 ], [ -72.3292958, 39.4679377 ], [ -72.3306417, 39.4684282 ], [ -72.3341648, 39.4693786 ], [ -72.3362232, 39.4702063 ], [ -72.343292, 39.4705206 ], [ -72.3460477, 39.4713238 ], [ -72.3506311, 39.4715885 ], [ -72.3519029, 39.4718227 ], [ -72.3524494, 39.4720647 ], [ -72.3549789, 39.4742913 ], [ -72.3559887, 39.4758564 ], [ -72.3565093, 39.477873 ], [ -72.3565094, 39.4810594 ], [ -72.3574017, 39.4829031 ], [ -72.3584352, 39.4841044 ], [ -72.360413, 39.4852538 ], [ -72.3634109, 39.4866087 ], [ -72.3679077, 39.4871894 ], [ -72.3692835, 39.4871332 ], [ -72.3695634, 39.4871218 ], [ -72.3696858, 39.4871168 ], [ -72.3742879, 39.4869289 ], [ -72.3787592, 39.4875784 ], [ -72.3828969, 39.4885802 ], [ -72.3858635, 39.4897295 ], [ -72.3889083, 39.4919071 ], [ -72.391797, 39.4944475 ], [ -72.394998, 39.498258 ], [ -72.4002288, 39.5031569 ], [ -72.4030728, 39.5046256 ], [ -72.4123152, 39.5080619 ], [ -72.4174127, 39.5115773 ], [ -72.4193684, 39.5134286 ], [ -72.4221216, 39.5178353 ], [ -72.4264041, 39.5236392 ], [ -72.4337608, 39.5342958 ], [ -72.4375264, 39.541187 ], [ -72.4397337, 39.5480573 ], [ -72.4405927, 39.553819 ], [ -72.4408428, 39.5600073 ], [ -72.4403005, 39.5633671 ], [ -72.4392044, 39.5678927 ], [ -72.4376199, 39.5710464 ], [ -72.4338118, 39.5775963 ], [ -72.4332166, 39.579439 ], [ -72.4330216, 39.5833859 ], [ -72.4344271, 39.588621 ], [ -72.4357307, 39.591673 ], [ -72.4380604, 39.5961805 ], [ -72.4393573, 39.6 ], [ -72.4354695, 39.6 ], [ -72.4343993, 39.5976131 ], [ -72.431929, 39.5910373 ], [ -72.4303674, 39.5859331 ], [ -72.4300908, 39.5844782 ], [ -72.4297948, 39.5839497 ], [ -72.4294304, 39.5828221 ], [ -72.4292741, 39.5800432 ], [ -72.430077, 39.5775576 ], [ -72.432865, 39.5746058 ], [ -72.4343482, 39.5723098 ], [ -72.4359093, 39.5669928 ], [ -72.4372361, 39.5595964 ], [ -72.4372354, 39.5465665 ], [ -72.4367495, 39.54431 ], [ -72.4334097, 39.5387692 ], [ -72.4323322, 39.535251 ], [ -72.4297401, 39.5318174 ], [ -72.4233381, 39.5241193 ], [ -72.421255, 39.5198176 ], [ -72.4170693, 39.5140166 ], [ -72.4144689, 39.5114779 ], [ -72.4105341, 39.5094462 ], [ -72.4063032, 39.5079565 ], [ -72.4019465, 39.5056364 ], [ -72.3991359, 39.5045479 ], [ -72.3968607, 39.5032261 ], [ -72.3949981, 39.5013426 ], [ -72.3894703, 39.4949587 ], [ -72.3869921, 39.4931667 ], [ -72.3835737, 39.492008 ], [ -72.3779787, 39.4909244 ], [ -72.3729043, 39.4903348 ], [ -72.3660342, 39.490335 ], [ -72.3638483, 39.4899116 ], [ -72.3611218, 39.4888554 ], [ -72.356409, 39.4856334 ], [ -72.3492758, 39.479114 ], [ -72.3451633, 39.4767239 ], [ -72.3422486, 39.4754533 ], [ -72.3383972, 39.4744854 ], [ -72.329133, 39.4727512 ], [ -72.325802, 39.4716218 ], [ -72.3240948, 39.4707949 ], [ -72.3219949, 39.4694387 ], [ -72.3193976, 39.4665107 ], [ -72.3177197, 39.465427 ], [ -72.3101225, 39.4628941 ], [ -72.3077157, 39.4612951 ], [ -72.3065446, 39.4600847 ], [ -72.3054515, 39.4580271 ], [ -72.3043141, 39.4540602 ], [ -72.3046443, 39.4484241 ], [ -72.3045307, 39.4450835 ], [ -72.304894, 39.4400095 ], [ -72.3041335, 39.4384372 ], [ -72.3020438, 39.4371834 ], [ -72.2981376, 39.4354527 ], [ -72.2970658, 39.4349778 ], [ -72.2959698, 39.4338457 ], [ -72.2954575, 39.432314 ], [ -72.2954575, 39.4322263 ], [ -72.2954573, 39.4296203 ], [ -72.2989474, 39.421021 ], [ -72.2996724, 39.418396 ], [ -72.2996723, 39.4166198 ], [ -72.2992484, 39.4143186 ], [ -72.2978862, 39.4109434 ], [ -72.2975234, 39.4089748 ], [ -72.2975234, 39.4077795 ], [ -72.2977048, 39.4072874 ], [ -72.2984227, 39.4060823 ], [ -72.3001625, 39.4047325 ], [ -72.3068767, 39.4005956 ], [ -72.3075476, 39.3999315 ], [ -72.3077309, 39.398927 ], [ -72.3073322, 39.3982709 ], [ -72.3068333, 39.3980247 ], [ -72.3055181, 39.3976731 ], [ -72.3053799, 39.3975566 ], [ -72.3048194, 39.3970839 ], [ -72.3042298, 39.3963104 ], [ -72.3041121, 39.3955635 ], [ -72.3041121, 39.3947548 ], [ -72.3041991, 39.3937259 ], [ -72.3046898, 39.3927047 ], [ -72.3059165, 39.3911815 ], [ -72.3082585, 39.3893642 ], [ -72.3109439, 39.3867591 ], [ -72.3119832, 39.3847425 ], [ -72.3123909, 39.3806286 ], [ -72.3137227, 39.3782165 ], [ -72.315604, 39.3758802 ], [ -72.3176706, 39.3749444 ], [ -72.3200616, 39.3733204 ], [ -72.3227329, 39.3710741 ], [ -72.3243108, 39.3691144 ], [ -72.3263524, 39.3652401 ], [ -72.3293356, 39.362461 ], [ -72.3296466, 39.3617544 ], [ -72.32996, 39.3593096 ], [ -72.3299598, 39.3561984 ], [ -72.3307014, 39.3542791 ], [ -72.3312479, 39.3534305 ], [ -72.3323538, 39.3524001 ], [ -72.3361388, 39.3497551 ], [ -72.338476, 39.347661 ], [ -72.3392495, 39.3464597 ], [ -72.3397959, 39.3442774 ], [ -72.3411228, 39.3410039 ], [ -72.3420987, 39.3395489 ], [ -72.343259, 39.3383475 ], [ -72.3479536, 39.3353959 ], [ -72.3517265, 39.3325578 ], [ -72.3538219, 39.3309815 ], [ -72.3557721, 39.3291515 ], [ -72.3581758, 39.3267582 ], [ -72.3597829, 39.324728 ], [ -72.360126, 39.3242945 ], [ -72.3641624, 39.3192964 ], [ -72.367065, 39.316058 ], [ -72.3687884, 39.3143683 ], [ -72.3697726, 39.3135966 ], [ -72.3708209, 39.3126089 ], [ -72.3759677, 39.309624 ], [ -72.3820458, 39.3053123 ], [ -72.3849174, 39.3029217 ], [ -72.3878447, 39.3001921 ], [ -72.3922553, 39.2933373 ], [ -72.3933602, 39.2920493 ], [ -72.3963841, 39.289913 ], [ -72.3992812, 39.2887872 ], [ -72.4039653, 39.2884838 ], [ -72.4050359, 39.2882757 ], [ -72.4077646, 39.2870034 ], [ -72.4114652, 39.2835519 ], [ -72.4187757, 39.2760563 ], [ -72.4287956, 39.2689519 ], [ -72.4303306, 39.2678635 ], [ -72.4448074, 39.2574592 ], [ -72.4607011, 39.2491209 ], [ -72.4670514, 39.2449271 ], [ -72.4684975, 39.2440948 ], [ -72.4695004, 39.2435176 ], [ -72.4750676, 39.240392 ], [ -72.4829853, 39.2368678 ], [ -72.4881971, 39.2337355 ], [ -72.4962704, 39.228054 ], [ -72.5015335, 39.2253935 ], [ -72.5053432, 39.2236311 ], [ -72.5107856, 39.2206703 ], [ -72.5148611, 39.2181738 ], [ -72.5256389, 39.2115718 ], [ -72.5327741, 39.2076236 ], [ -72.5363652, 39.2056799 ], [ -72.5431703, 39.2026486 ], [ -72.5511101, 39.197565 ], [ -72.5563212, 39.1942286 ], [ -72.5593947, 39.1922544 ], [ -72.5727816, 39.1844021 ], [ -72.6002689, 39.1695184 ], [ -72.6052821, 39.166667 ], [ -72.6064097, 39.166667 ], [ -72.6084534, 39.166667 ] ] ] } },
{ "type": "Feature", "properties": { "RCID": 209, "PRIM": 3, "GRUP": 1, "OBJL": 42, "RVER": 1, "AGEN": 550, "FIDN": 1719837516, "FIDS": 48294, "LNAM": "02266682A34CBCA6", "DRVAL1": 27.4, "DRVAL2": 36.5 }, "geometry": { "type": "Polygon", "coordinates": [ [ [ -73.4983194, 39.5930266 ], [ -73.5029426, 39.5876607 ], [ -73.5060201, 39.5832639 ], [ -73.5098726, 39.5754172 ], [ -73.5102629, 39.5734838 ], [ -73.5102349, 39.5714017 ], [ -73.509298, 39.5706766 ], [ -73.5078928, 39.5706767 ], [ -73.5062032, 39.5714297 ], [ -73.5037051, 39.5726986 ], [ -73.4994809, 39.5763573 ], [ -73.4933693, 39.5822968 ], [ -73.4866869, 39.5878625 ], [ -73.4852038, 39.5897955 ], [ -73.4841108, 39.5917285 ], [ -73.4830181, 39.5946277 ], [ -73.4810665, 39.59801 ], [ -73.4787245, 39.5999428 ], [ -73.4785766, 39.6 ], [ -73.4192209, 39.6 ], [ -73.4192364, 39.5986561 ], [ -73.4182214, 39.5960188 ], [ -73.4172844, 39.5940861 ], [ -73.4164256, 39.5931801 ], [ -73.4140836, 39.591791 ], [ -73.4128344, 39.5913682 ], [ -73.4115853, 39.5911266 ], [ -73.4103362, 39.5912474 ], [ -73.4091652, 39.5917307 ], [ -73.4066671, 39.59312 ], [ -73.4043022, 39.5952198 ], [ -73.4004777, 39.5992549 ], [ -73.399955, 39.6 ], [ -73.3463184, 39.6 ], [ -73.3376811, 39.6 ], [ -73.3327242, 39.6 ], [ -73.3196241, 39.6 ], [ -73.2911705, 39.6 ], [ -73.2754179, 39.6 ], [ -73.2757466, 39.5989826 ], [ -73.2767614, 39.5970499 ], [ -73.2780885, 39.5951171 ], [ -73.2798059, 39.5931842 ], [ -73.2817575, 39.5913721 ], [ -73.2820606, 39.5911212 ], [ -73.2851143, 39.5885935 ], [ -73.2871768, 39.587197 ], [ -73.293233, 39.5805791 ], [ -73.2938576, 39.5792903 ], [ -73.2951846, 39.577357 ], [ -73.2960432, 39.5754236 ], [ -73.2963555, 39.5734903 ], [ -73.2961211, 39.5715569 ], [ -73.2954966, 39.5705902 ], [ -73.2937008, 39.5687172 ], [ -73.2925298, 39.5679922 ], [ -73.2900316, 39.5670255 ], [ -73.2823748, 39.5660078 ], [ -73.2750424, 39.5656966 ], [ -73.2725441, 39.5653945 ], [ -73.2666891, 39.5658479 ], [ -73.2649715, 39.5655156 ], [ -73.2637224, 39.5649114 ], [ -73.262695, 39.5639084 ], [ -73.262239, 39.5630986 ], [ -73.2620905, 39.5622273 ], [ -73.2620828, 39.561165 ], [ -73.2627851, 39.555847 ], [ -73.2628631, 39.5534296 ], [ -73.262362, 39.5467431 ], [ -73.2618478, 39.5458144 ], [ -73.2609109, 39.5449682 ], [ -73.2597399, 39.5444243 ], [ -73.2560706, 39.5436386 ], [ -73.2549776, 39.5430342 ], [ -73.2540408, 39.542188 ], [ -73.2537285, 39.5412209 ], [ -73.2540406, 39.5392866 ], [ -73.2546651, 39.5383798 ], [ -73.2566948, 39.5365058 ], [ -73.259193, 39.534934 ], [ -73.260442, 39.5343899 ], [ -73.262862, 39.5329994 ], [ -73.2638769, 39.532153 ], [ -73.2641892, 39.5311857 ], [ -73.2637206, 39.5292512 ], [ -73.2629399, 39.5282838 ], [ -73.2614097, 39.5272682 ], [ -73.2593486, 39.5264702 ], [ -73.2537276, 39.5248379 ], [ -73.2518539, 39.5238707 ], [ -73.2493557, 39.5228429 ], [ -73.2472477, 39.52115 ], [ -73.2465451, 39.5203035 ], [ -73.2460766, 39.519336 ], [ -73.2459205, 39.5183686 ], [ -73.2467011, 39.5163731 ], [ -73.249043, 39.5146195 ], [ -73.2538831, 39.5117772 ], [ -73.2563812, 39.5106886 ], [ -73.2614587, 39.5088694 ], [ -73.2626266, 39.5084509 ], [ -73.2651247, 39.5073018 ], [ -73.2671544, 39.5053664 ], [ -73.26908, 39.5039351 ], [ -73.2696216, 39.5033333 ], [ -73.2710576, 39.5017376 ], [ -73.2716041, 39.5007699 ], [ -73.2731653, 39.4988344 ], [ -73.2766002, 39.4950238 ], [ -73.278968, 39.4908298 ], [ -73.2801128, 39.4872809 ], [ -73.2807372, 39.4834091 ], [ -73.280737, 39.4795373 ], [ -73.2814394, 39.4756651 ], [ -73.2822981, 39.4738499 ], [ -73.284679, 39.4707035 ], [ -73.2899483, 39.4652574 ], [ -73.2912754, 39.4633209 ], [ -73.2916657, 39.4613844 ], [ -73.2916656, 39.4604161 ], [ -73.2915095, 39.4594479 ], [ -73.2908848, 39.4586006 ], [ -73.289948, 39.4577534 ], [ -73.2886988, 39.4570272 ], [ -73.2874498, 39.456543 ], [ -73.2843269, 39.4556353 ], [ -73.2774569, 39.4550303 ], [ -73.2699624, 39.4552121 ], [ -73.2687133, 39.4552727 ], [ -73.2662151, 39.4559385 ], [ -73.2636389, 39.4563017 ], [ -73.2598135, 39.4563018 ], [ -73.2585644, 39.4559387 ], [ -73.2560662, 39.4548494 ], [ -73.2549732, 39.4540021 ], [ -73.2546225, 39.4534808 ], [ -73.254329, 39.4529013 ], [ -73.2542711, 39.4525279 ], [ -73.2543485, 39.4520049 ], [ -73.2546811, 39.4513823 ], [ -73.2551643, 39.4508265 ], [ -73.2560659, 39.4502496 ], [ -73.2585641, 39.4493416 ], [ -73.2698058, 39.4466175 ], [ -73.2723039, 39.44577 ], [ -73.274724, 39.4446804 ], [ -73.2795913, 39.4420619 ], [ -73.2836495, 39.4384654 ], [ -73.2856295, 39.4365169 ], [ -73.286746, 39.4354182 ], [ -73.2883854, 39.4335414 ], [ -73.2910395, 39.4294244 ], [ -73.2919763, 39.4286978 ], [ -73.2942402, 39.4273658 ], [ -73.2967383, 39.426518 ], [ -73.3030618, 39.4248629 ], [ -73.3215639, 39.4216734 ], [ -73.3224227, 39.4216734 ], [ -73.3314786, 39.420795 ], [ -73.3392073, 39.419493 ], [ -73.3417054, 39.4193112 ], [ -73.3465456, 39.4185239 ], [ -73.3490438, 39.4184027 ], [ -73.3603637, 39.4184023 ], [ -73.3627058, 39.4186445 ], [ -73.365204, 39.418705 ], [ -73.3677022, 39.4190682 ], [ -73.3689513, 39.419371 ], [ -73.3726987, 39.420703 ], [ -73.3751968, 39.4210057 ], [ -73.377695, 39.4210056 ], [ -73.3826914, 39.420521 ], [ -73.3851896, 39.4200971 ], [ -73.3920595, 39.4187042 ], [ -73.3981488, 39.417069 ], [ -73.4055992, 39.4159309 ], [ -73.4108387, 39.4150285 ], [ -73.4141036, 39.4145617 ], [ -73.4296101, 39.4123446 ], [ -73.4321083, 39.4117995 ], [ -73.4346064, 39.4114967 ], [ -73.4381195, 39.4112846 ], [ -73.4391273, 39.4114915 ], [ -73.4399611, 39.4117038 ], [ -73.4405209, 39.4119808 ], [ -73.4409049, 39.4123442 ], [ -73.4409854, 39.4128394 ], [ -73.44093, 39.4133132 ], [ -73.440312, 39.4139844 ], [ -73.4364803, 39.4159779 ], [ -73.4341384, 39.4174313 ], [ -73.4335919, 39.4184002 ], [ -73.4337481, 39.4192479 ], [ -73.4346069, 39.4200956 ], [ -73.4371051, 39.4208222 ], [ -73.4396033, 39.4210038 ], [ -73.4513395, 39.4204988 ], [ -73.4521723, 39.4205795 ], [ -73.4596668, 39.4198527 ], [ -73.4627895, 39.419247 ], [ -73.4734068, 39.4192467 ], [ -73.4778126, 39.4187794 ], [ -73.4823336, 39.4183521 ], [ -73.486158, 39.4180352 ], [ -73.4910502, 39.4173236 ], [ -73.5036973, 39.4160969 ], [ -73.508069, 39.415249 ], [ -73.5093181, 39.4151279 ], [ -73.5105671, 39.4151279 ], [ -73.5116601, 39.4158545 ], [ -73.5121286, 39.4168234 ], [ -73.5121287, 39.4177922 ], [ -73.5118165, 39.4187611 ], [ -73.5111919, 39.41973 ], [ -73.5095526, 39.4216677 ], [ -73.5084597, 39.4225759 ], [ -73.5061958, 39.4240898 ], [ -73.4975304, 39.4283284 ], [ -73.4951104, 39.4297815 ], [ -73.4907552, 39.4331147 ], [ -73.4873819, 39.436078 ], [ -73.4855084, 39.4380152 ], [ -73.4843374, 39.4399525 ], [ -73.4806797, 39.4447804 ], [ -73.4806685, 39.4447952 ], [ -73.478873, 39.4467323 ], [ -73.4757504, 39.4495772 ], [ -73.4730181, 39.4523614 ], [ -73.4709885, 39.4540561 ], [ -73.4684903, 39.4556297 ], [ -73.4626354, 39.4599268 ], [ -73.4566209, 39.4647502 ], [ -73.4518972, 39.4689611 ], [ -73.4493644, 39.4719086 ], [ -73.4471006, 39.4736634 ], [ -73.4435095, 39.4759022 ], [ -73.4414017, 39.4774148 ], [ -73.4385133, 39.480319 ], [ -73.4371081, 39.4822549 ], [ -73.4362495, 39.4841909 ], [ -73.4362496, 39.4852194 ], [ -73.4365619, 39.4861872 ], [ -73.4371865, 39.4870341 ], [ -73.4382795, 39.48776 ], [ -73.4395286, 39.488244 ], [ -73.4406996, 39.4883044 ], [ -73.4431979, 39.4881834 ], [ -73.444525, 39.4880018 ], [ -73.4494432, 39.4860053 ], [ -73.4551568, 39.4821536 ], [ -73.4562349, 39.4809839 ], [ -73.4601339, 39.4775304 ], [ -73.4641975, 39.474873 ], [ -73.4666957, 39.4729973 ], [ -73.4715357, 39.4699718 ], [ -73.4738777, 39.4682169 ], [ -73.4748145, 39.4673092 ], [ -73.475439, 39.466341 ], [ -73.4765319, 39.4653728 ], [ -73.4788738, 39.462468 ], [ -73.4798106, 39.4615603 ], [ -73.4812938, 39.4596236 ], [ -73.4833527, 39.4579291 ], [ -73.4851189, 39.4559319 ], [ -73.4873828, 39.4541161 ], [ -73.4902712, 39.4512714 ], [ -73.4919511, 39.4498186 ], [ -73.4923009, 39.4495161 ], [ -73.4956578, 39.4469738 ], [ -73.4980778, 39.4453394 ], [ -73.5028819, 39.4429507 ], [ -73.5081063, 39.4399797 ], [ -73.5140033, 39.4370458 ], [ -73.5158769, 39.4363193 ], [ -73.5202487, 39.4354717 ], [ -73.5214978, 39.4353506 ], [ -73.523996, 39.4356531 ], [ -73.5264942, 39.4365006 ], [ -73.5288363, 39.4375902 ], [ -73.5324276, 39.4396484 ], [ -73.5347697, 39.4411616 ], [ -73.5375802, 39.4420696 ], [ -73.5388293, 39.4421301 ], [ -73.5400784, 39.442009 ], [ -73.5413275, 39.4414035 ], [ -73.5422642, 39.440556 ], [ -73.5440596, 39.4375898 ], [ -73.5457771, 39.4356525 ], [ -73.5479629, 39.4338362 ], [ -73.5489987, 39.4330903 ], [ -73.5501488, 39.4322621 ], [ -73.5514759, 39.4315961 ], [ -73.5537397, 39.4298403 ], [ -73.56187, 39.4251617 ], [ -73.5669955, 39.4229254 ], [ -73.5684943, 39.4226347 ], [ -73.5728661, 39.4209391 ], [ -73.5759887, 39.4203335 ], [ -73.578487, 39.4201518 ], [ -73.5822343, 39.4202122 ], [ -73.5859816, 39.4213021 ], [ -73.5897289, 39.4220286 ], [ -73.5934762, 39.4223918 ], [ -73.5984726, 39.4224521 ], [ -73.6009708, 39.4223915 ], [ -73.6065917, 39.4218464 ], [ -73.6097143, 39.4209986 ], [ -73.6122125, 39.4200902 ], [ -73.6146326, 39.4183341 ], [ -73.616428, 39.4164569 ], [ -73.6194725, 39.4126416 ], [ -73.6215022, 39.4107643 ], [ -73.624937, 39.4085233 ], [ -73.6274352, 39.4072515 ], [ -73.6337898, 39.403472 ], [ -73.6350596, 39.4024867 ], [ -73.6380522, 39.4008916 ], [ -73.6405504, 39.3997408 ], [ -73.6417213, 39.3990139 ], [ -73.6421897, 39.3980447 ], [ -73.6421896, 39.3970756 ], [ -73.6414089, 39.3962276 ], [ -73.6401598, 39.3956218 ], [ -73.6389107, 39.3953796 ], [ -73.6364125, 39.3955008 ], [ -73.6325872, 39.3965913 ], [ -73.6302452, 39.3978633 ], [ -73.6278251, 39.3993777 ], [ -73.6246245, 39.4021034 ], [ -73.6212677, 39.4047079 ], [ -73.6190037, 39.4062221 ], [ -73.613305, 39.4107645 ], [ -73.6109631, 39.413187 ], [ -73.6090895, 39.4146404 ], [ -73.6081527, 39.4155488 ], [ -73.6056546, 39.41676 ], [ -73.6044055, 39.4170627 ], [ -73.6031564, 39.4168206 ], [ -73.6020634, 39.416094 ], [ -73.6011266, 39.4152462 ], [ -73.6008143, 39.4142773 ], [ -73.6009703, 39.4132478 ], [ -73.6017509, 39.4113099 ], [ -73.6024305, 39.410316 ], [ -73.6075656, 39.4051699 ], [ -73.6095963, 39.402649 ], [ -73.6120554, 39.4001051 ], [ -73.61994, 39.393987 ], [ -73.6219697, 39.3921091 ], [ -73.6243896, 39.3892012 ], [ -73.6264193, 39.3872626 ], [ -73.6295419, 39.3833852 ], [ -73.6300796, 39.3822722 ], [ -73.6330435, 39.377863 ], [ -73.6342254, 39.3723578 ], [ -73.6348892, 39.3706049 ], [ -73.6354743, 39.3679948 ], [ -73.6353962, 39.3660556 ], [ -73.6355522, 39.365086 ], [ -73.6362547, 39.3631467 ], [ -73.6375818, 39.3612074 ], [ -73.6400018, 39.359571 ], [ -73.6425, 39.3584194 ], [ -73.6486672, 39.3561162 ], [ -73.6510092, 39.3548433 ], [ -73.6521802, 39.3540553 ], [ -73.6526717, 39.3536101 ], [ -73.653117, 39.3532067 ], [ -73.6537415, 39.3522369 ], [ -73.6538195, 39.3512066 ], [ -73.6534291, 39.3492669 ], [ -73.6534291, 39.3483577 ], [ -73.6540535, 39.3473878 ], [ -73.6565731, 39.3450133 ], [ -73.6596742, 39.3434475 ], [ -73.6619381, 39.3417501 ], [ -73.6634214, 39.3403557 ], [ -73.6659194, 39.3359907 ], [ -73.6677929, 39.3335656 ], [ -73.6693737, 39.3319285 ], [ -73.67396, 39.3290181 ], [ -73.6763801, 39.3279267 ], [ -73.6851236, 39.3246521 ], [ -73.6964509, 39.320039 ], [ -73.7037273, 39.315775 ], [ -73.7072464, 39.3137128 ], [ -73.7158297, 39.3097533 ], [ -73.7197852, 39.3082168 ], [ -73.7260306, 39.3065184 ], [ -73.733525, 39.3050625 ], [ -73.7397705, 39.303546 ], [ -73.7441313, 39.3026218 ], [ -73.7466403, 39.30209 ], [ -73.7510122, 39.3008161 ], [ -73.7535103, 39.2998455 ], [ -73.7560084, 39.298511 ], [ -73.7584285, 39.2969944 ], [ -73.7621496, 39.2932804 ], [ -73.7682645, 39.2845576 ], [ -73.77006, 39.2826161 ], [ -73.7728959, 39.2805152 ], [ -73.7733907, 39.2801486 ], [ -73.7749781, 39.2792788 ], [ -73.7774762, 39.2776405 ], [ -73.7795839, 39.2760022 ], [ -73.7820821, 39.2747885 ], [ -73.7845802, 39.2739389 ], [ -73.7870784, 39.2733927 ], [ -73.7883274, 39.2726645 ], [ -73.7902791, 39.270844 ], [ -73.7917622, 39.268902 ], [ -73.7931048, 39.2655278 ], [ -73.7932453, 39.2641078 ], [ -73.7931671, 39.2621657 ], [ -73.7925425, 39.2592525 ], [ -73.7916056, 39.257371 ], [ -73.7909029, 39.2563999 ], [ -73.7889511, 39.2546397 ], [ -73.787702, 39.2539721 ], [ -73.7864528, 39.2533652 ], [ -73.7827055, 39.2522727 ], [ -73.7814564, 39.2521514 ], [ -73.7802073, 39.2522728 ], [ -73.7791144, 39.2527584 ], [ -73.7781776, 39.2536083 ], [ -73.7778654, 39.2545794 ], [ -73.7777873, 39.2555505 ], [ -73.7770848, 39.2574929 ], [ -73.7763042, 39.258464 ], [ -73.7750552, 39.2593137 ], [ -73.7738061, 39.2597993 ], [ -73.772557, 39.2600421 ], [ -73.7712298, 39.2598601 ], [ -73.7687316, 39.2590712 ], [ -73.7674825, 39.2590105 ], [ -73.7649843, 39.2593747 ], [ -73.7637352, 39.2596782 ], [ -73.7612371, 39.2605279 ], [ -73.7609206, 39.2606056 ], [ -73.7597538, 39.2608921 ], [ -73.7585047, 39.2608922 ], [ -73.7570995, 39.2606495 ], [ -73.7558504, 39.2602854 ], [ -73.7547574, 39.2594357 ], [ -73.7542889, 39.2583433 ], [ -73.7542888, 39.2573722 ], [ -73.7547572, 39.256401 ], [ -73.7555378, 39.2554298 ], [ -73.756553, 39.2547423 ], [ -73.7579578, 39.2537909 ], [ -73.7592069, 39.2533053 ], [ -73.7617051, 39.2526376 ], [ -73.7665663, 39.2523443 ], [ -73.7678725, 39.251909 ], [ -73.7691215, 39.2511805 ], [ -73.7700583, 39.2504521 ], [ -73.770839, 39.2494808 ], [ -73.7720099, 39.2465671 ], [ -73.7737272, 39.2446245 ], [ -73.7759912, 39.2428032 ], [ -73.7784892, 39.2417104 ], [ -73.7797384, 39.2414675 ], [ -73.7806306, 39.2414675 ], [ -73.7814289, 39.2416782 ], [ -73.7909804, 39.244199 ], [ -73.7934785, 39.2444417 ], [ -73.7972258, 39.2443203 ], [ -73.8010822, 39.2435403 ], [ -73.804012, 39.2421913 ], [ -73.8042259, 39.2420928 ], [ -73.810164, 39.2390167 ], [ -73.8142391, 39.2364834 ], [ -73.8170547, 39.2349096 ], [ -73.8181476, 39.2341203 ], [ -73.8197089, 39.232238 ], [ -73.8232998, 39.2264696 ], [ -73.8250172, 39.2245264 ], [ -73.8288562, 39.2216008 ], [ -73.8415672, 39.2141414 ], [ -73.8493331, 39.2103334 ], [ -73.8510172, 39.2092103 ], [ -73.8597566, 39.2050304 ], [ -73.8634257, 39.2030866 ], [ -73.8682138, 39.2008794 ], [ -73.8758383, 39.1965865 ], [ -73.8820725, 39.1927938 ], [ -73.88263, 39.192273 ], [ -73.8834628, 39.1919491 ], [ -73.8884152, 39.1892992 ], [ -73.8995704, 39.1820048 ], [ -73.9057647, 39.1788106 ], [ -73.9139294, 39.17305 ], [ -73.9196813, 39.1696263 ], [ -73.9208773, 39.1688418 ], [ -73.9243886, 39.166667 ], [ -73.9329737, 39.166667 ], [ -73.9458375, 39.166667 ], [ -73.994165, 39.166667 ], [ -73.9963723, 39.166667 ], [ -74.0963664, 39.166667 ], [ -74.0962442, 39.1667369 ], [ -74.0949305, 39.1676225 ], [ -74.092128, 39.1693937 ], [ -74.0892379, 39.171301 ], [ -74.086856, 39.1729452 ], [ -74.0859974, 39.1738567 ], [ -74.0850606, 39.1758013 ], [ -74.0843581, 39.1777458 ], [ -74.082953, 39.1796903 ], [ -74.0820162, 39.1807233 ], [ -74.0806891, 39.1815132 ], [ -74.078191, 39.1827285 ], [ -74.0756928, 39.1833969 ], [ -74.0720237, 39.1841261 ], [ -74.0694474, 39.1844908 ], [ -74.0669492, 39.1852199 ], [ -74.063202, 39.1865567 ], [ -74.0607038, 39.1871643 ], [ -74.0557856, 39.187772 ], [ -74.053912, 39.1875898 ], [ -74.0535637, 39.1874377 ], [ -74.0465966, 39.1841532 ], [ -74.0430411, 39.17802 ], [ -74.0427072, 39.1766839 ], [ -74.0419174, 39.1752788 ], [ -74.0389838, 39.1740493 ], [ -74.034809, 39.1734784 ], [ -74.0324395, 39.1736101 ], [ -74.0300137, 39.1742249 ], [ -74.0265723, 39.1762448 ], [ -74.0242029, 39.1784843 ], [ -74.022454, 39.1801967 ], [ -74.0210436, 39.1810749 ], [ -74.0193414, 39.1819061 ], [ -74.0181038, 39.1823692 ], [ -74.0165303, 39.1825238 ], [ -74.0130819, 39.1826841 ], [ -74.0115825, 39.1828325 ], [ -74.0100566, 39.1833258 ], [ -74.0073064, 39.1856638 ], [ -74.0043868, 39.1877382 ], [ -74.0017635, 39.1889236 ], [ -74.0000941, 39.189558 ], [ -73.9943615, 39.1913705 ], [ -73.9907904, 39.1924485 ], [ -73.9853025, 39.1944505 ], [ -73.9794351, 39.1974945 ], [ -73.9745951, 39.2004105 ], [ -73.9684539, 39.203559 ], [ -73.9680085, 39.2040326 ], [ -73.9678749, 39.2045062 ], [ -73.9678897, 39.2050491 ], [ -73.9680382, 39.2055227 ], [ -73.9688993, 39.2062966 ], [ -73.9709185, 39.2077173 ], [ -73.9716289, 39.2090357 ], [ -73.9719412, 39.2100075 ], [ -73.9719413, 39.2109793 ], [ -73.9716291, 39.211951 ], [ -73.9706922, 39.2129228 ], [ -73.9695993, 39.2138946 ], [ -73.9683503, 39.214502 ], [ -73.9677504, 39.2148499 ], [ -73.9674656, 39.2153522 ], [ -73.9674824, 39.2158395 ], [ -73.9677259, 39.2163239 ], [ -73.9686627, 39.2171741 ], [ -73.9699118, 39.2176599 ], [ -73.9711609, 39.2177813 ], [ -73.9748301, 39.2177812 ], [ -73.9773283, 39.2175989 ], [ -73.9824028, 39.2176595 ], [ -73.9836519, 39.2180239 ], [ -73.9845888, 39.2188741 ], [ -73.9843546, 39.2197849 ], [ -73.982403, 39.2216676 ], [ -73.9757674, 39.2267078 ], [ -73.9742061, 39.2285902 ], [ -73.973972, 39.2295618 ], [ -73.9741281, 39.2305332 ], [ -73.974725, 39.2315557 ], [ -73.9750524, 39.2318914 ], [ -73.9760019, 39.2322332 ], [ -73.9766156, 39.2321466 ], [ -73.977251, 39.2318689 ], [ -73.9780316, 39.2310189 ], [ -73.9793587, 39.2290758 ], [ -73.9802955, 39.228165 ], [ -73.9823251, 39.2266469 ], [ -73.9847452, 39.2253716 ], [ -73.9859943, 39.2249466 ], [ -73.9872434, 39.2247036 ], [ -73.9897415, 39.2247035 ], [ -73.9909907, 39.2251286 ], [ -73.9934109, 39.2265252 ], [ -73.9945456, 39.2273782 ], [ -73.995753, 39.2282859 ], [ -73.9970802, 39.2288324 ], [ -73.9983293, 39.2290753 ], [ -73.9995784, 39.2289537 ], [ -74.0008274, 39.2285894 ], [ -74.0012131, 39.2282541 ], [ -74.001452, 39.2277393 ], [ -74.0013103, 39.2270907 ], [ -74.0006087, 39.2264278 ], [ -73.9962709, 39.2238974 ], [ -73.9958866, 39.2236611 ], [ -73.9953034, 39.2231776 ], [ -73.9950507, 39.2225475 ], [ -73.9951285, 39.2220897 ], [ -73.9955184, 39.2214243 ], [ -73.9964552, 39.2204526 ], [ -73.9989533, 39.2189343 ], [ -74.0051987, 39.2159584 ], [ -74.0116001, 39.2123142 ], [ -74.0140982, 39.2113424 ], [ -74.0165964, 39.2109172 ], [ -74.0178455, 39.2112208 ], [ -74.0189385, 39.2120711 ], [ -74.0194069, 39.2130428 ], [ -74.0190167, 39.2142575 ], [ -74.0164406, 39.2169297 ], [ -74.0152, 39.2180328 ], [ -74.0107047, 39.2208741 ], [ -74.0097269, 39.2223954 ], [ -74.0088683, 39.2248244 ], [ -74.0077754, 39.2267069 ], [ -74.0030136, 39.2324753 ], [ -73.9994349, 39.2356564 ], [ -73.9979776, 39.2365927 ], [ -73.9921625, 39.2403287 ], [ -73.9872703, 39.2431409 ], [ -73.9854487, 39.2444359 ], [ -73.9834972, 39.2463785 ], [ -73.9824043, 39.2483211 ], [ -73.9825606, 39.2512348 ], [ -73.9831853, 39.2537234 ], [ -73.983732, 39.2590039 ], [ -73.9838102, 39.2609461 ], [ -73.9837321, 39.2619172 ], [ -73.9832638, 39.2638592 ], [ -73.9832639, 39.2658012 ], [ -73.9841227, 39.2667115 ], [ -73.9852157, 39.2673184 ], [ -73.9864648, 39.2673183 ], [ -73.9889629, 39.2664686 ], [ -73.9914611, 39.2651335 ], [ -73.992554, 39.2644052 ], [ -74.0000484, 39.2607635 ], [ -74.0024684, 39.2597923 ], [ -74.0049666, 39.2590033 ], [ -74.0070638, 39.2581706 ], [ -74.0086358, 39.2575465 ], [ -74.0108996, 39.2562112 ], [ -74.0158179, 39.2537831 ], [ -74.019565, 39.2517799 ], [ -74.023078, 39.249716 ], [ -74.0255762, 39.2485019 ], [ -74.0269033, 39.2481376 ], [ -74.0281524, 39.2480162 ], [ -74.0294015, 39.2483804 ], [ -74.0301042, 39.2492909 ], [ -74.0310411, 39.2512333 ], [ -74.0315843, 39.2516455 ], [ -74.032206, 39.2517569 ], [ -74.0326686, 39.2516831 ], [ -74.0333723, 39.2512102 ], [ -74.0351005, 39.2494729 ], [ -74.0365837, 39.2465591 ], [ -74.0383011, 39.2436452 ], [ -74.0397062, 39.2418239 ], [ -74.0409552, 39.2410953 ], [ -74.0422044, 39.2407311 ], [ -74.0434534, 39.2407311 ], [ -74.0447025, 39.2412774 ], [ -74.0464982, 39.2430985 ], [ -74.0478253, 39.243402 ], [ -74.049352, 39.2431052 ], [ -74.0522908, 39.2417992 ], [ -74.0534852, 39.2411025 ], [ -74.0601597, 39.235145 ], [ -74.0609404, 39.2341736 ], [ -74.061669, 39.2336069 ], [ -74.0681744, 39.2273325 ], [ -74.071323, 39.224944 ], [ -74.0749141, 39.2225756 ], [ -74.0773341, 39.2212396 ], [ -74.0798323, 39.2203894 ], [ -74.0810814, 39.22045 ], [ -74.0823305, 39.2206929 ], [ -74.0835796, 39.2213001 ], [ -74.0843603, 39.2222717 ], [ -74.0843604, 39.2232433 ], [ -74.0832676, 39.2260973 ], [ -74.0816282, 39.2280404 ], [ -74.0805353, 39.2289513 ], [ -74.0785837, 39.2310158 ], [ -74.0771005, 39.2331409 ], [ -74.0766322, 39.2341124 ], [ -74.07632, 39.2360552 ], [ -74.0764762, 39.2370267 ], [ -74.077257, 39.2389694 ], [ -74.0781159, 39.2418834 ], [ -74.078194, 39.2438261 ], [ -74.0778818, 39.246315 ], [ -74.0784285, 39.2496537 ], [ -74.0790531, 39.251596 ], [ -74.0792095, 39.2571599 ], [ -74.0801466, 39.2610443 ], [ -74.0801467, 39.264389 ], [ -74.0816015, 39.2664643 ], [ -74.0839754, 39.2677813 ], [ -74.0899296, 39.2672079 ], [ -74.1007859, 39.2627464 ], [ -74.1140216, 39.2565004 ], [ -74.1265138, 39.2475774 ], [ -74.1343251, 39.2409711 ], [ -74.1371354, 39.2380569 ], [ -74.1393212, 39.2363569 ], [ -74.1426781, 39.2341104 ], [ -74.1451762, 39.2330781 ], [ -74.1489234, 39.2324102 ], [ -74.1514997, 39.232228 ], [ -74.1539978, 39.2317421 ], [ -74.1550907, 39.2312563 ], [ -74.1563398, 39.2305277 ], [ -74.1595405, 39.227856 ], [ -74.1615702, 39.2259735 ], [ -74.1628252, 39.2252495 ], [ -74.1668006, 39.2217834 ], [ -74.1692987, 39.2205688 ], [ -74.1705477, 39.2203259 ], [ -74.1717969, 39.2203258 ], [ -74.173046, 39.2205687 ], [ -74.1739048, 39.2213581 ], [ -74.1748417, 39.2233013 ], [ -74.1764814, 39.229677 ], [ -74.1774183, 39.2311342 ], [ -74.1781991, 39.232045 ], [ -74.1805412, 39.2336235 ], [ -74.1830394, 39.2344735 ], [ -74.1855009, 39.2350127 ], [ -74.1984601, 39.2348687 ], [ -74.2040139, 39.2395323 ], [ -74.1972482, 39.2415763 ], [ -74.1964676, 39.2418039 ], [ -74.1859284, 39.2439442 ], [ -74.1821812, 39.244855 ], [ -74.1781997, 39.2461602 ], [ -74.1714717, 39.2472503 ], [ -74.1660212, 39.2491047 ], [ -74.1634451, 39.250076 ], [ -74.161103, 39.2512294 ], [ -74.159932, 39.2520185 ], [ -74.158683, 39.2526255 ], [ -74.1525871, 39.2565631 ], [ -74.1442841, 39.2607996 ], [ -74.1377612, 39.2630049 ], [ -74.1312659, 39.2647894 ], [ -74.1265976, 39.2664644 ], [ -74.1229285, 39.2681031 ], [ -74.1204303, 39.2690741 ], [ -74.1168393, 39.2707734 ], [ -74.1143411, 39.2716837 ], [ -74.1131701, 39.2722905 ], [ -74.1111404, 39.2741111 ], [ -74.1102818, 39.2760528 ], [ -74.1102818, 39.2775091 ], [ -74.1110626, 39.2799361 ], [ -74.1108285, 39.2818777 ], [ -74.110126, 39.2847899 ], [ -74.108877, 39.2867314 ], [ -74.1069255, 39.2886729 ], [ -74.1011809, 39.2932145 ], [ -74.1007126, 39.2941851 ], [ -74.1010249, 39.2951558 ], [ -74.1019617, 39.296005 ], [ -74.1027184, 39.2964249 ], [ -74.1070039, 39.2971658 ], [ -74.1082531, 39.2975297 ], [ -74.1093461, 39.2983789 ], [ -74.1098926, 39.2993494 ], [ -74.110205, 39.3012905 ], [ -74.1101269, 39.3022609 ], [ -74.109034, 39.3042019 ], [ -74.1071605, 39.3060822 ], [ -74.1059114, 39.3068707 ], [ -74.1034914, 39.3079626 ], [ -74.1022423, 39.3083871 ], [ -74.0997442, 39.308933 ], [ -74.096075, 39.3100248 ], [ -74.0914951, 39.3109145 ], [ -74.0898296, 39.3107528 ], [ -74.0885804, 39.3103889 ], [ -74.0873314, 39.3097825 ], [ -74.0868629, 39.3088121 ], [ -74.0868628, 39.3083269 ], [ -74.0882463, 39.3043407 ], [ -74.0882463, 39.3039768 ], [ -74.0874656, 39.3031276 ], [ -74.0855919, 39.3029457 ], [ -74.0810856, 39.303475 ], [ -74.0773383, 39.3045062 ], [ -74.0748401, 39.3056586 ], [ -74.0724982, 39.3071144 ], [ -74.0700001, 39.3083274 ], [ -74.0647539, 39.3105352 ], [ -74.0637547, 39.3110568 ], [ -74.0612566, 39.3119667 ], [ -74.0576655, 39.3137254 ], [ -74.0552454, 39.3145746 ], [ -74.0527473, 39.3149992 ], [ -74.0515763, 39.3149992 ], [ -74.0503272, 39.314878 ], [ -74.049078, 39.3143928 ], [ -74.0482973, 39.3135438 ], [ -74.0481411, 39.3125735 ], [ -74.0488436, 39.3096017 ], [ -74.0488435, 39.307661 ], [ -74.0479066, 39.3057201 ], [ -74.0462671, 39.3037792 ], [ -74.0453301, 39.3028695 ], [ -74.0440811, 39.3021417 ], [ -74.0429881, 39.3012925 ], [ -74.0422073, 39.300322 ], [ -74.0422073, 39.2993515 ], [ -74.0426756, 39.298381 ], [ -74.0434563, 39.2974103 ], [ -74.0445492, 39.2964398 ], [ -74.0451736, 39.2955904 ], [ -74.0450175, 39.2946199 ], [ -74.0443929, 39.2936493 ], [ -74.0431437, 39.2928001 ], [ -74.0422069, 39.2919508 ], [ -74.0420507, 39.2909801 ], [ -74.0426752, 39.2900095 ], [ -74.0433539, 39.2893062 ], [ -74.051965, 39.2838817 ], [ -74.0541508, 39.2820614 ], [ -74.0551657, 39.2809086 ], [ -74.055556, 39.2798771 ], [ -74.0553997, 39.2779355 ], [ -74.0545409, 39.2771467 ], [ -74.0531134, 39.2768694 ], [ -74.0482955, 39.2775716 ], [ -74.0457973, 39.2780571 ], [ -74.0432992, 39.2790281 ], [ -74.0396301, 39.2813944 ], [ -74.0361172, 39.2839428 ], [ -74.0333068, 39.286673 ], [ -74.0320679, 39.2887 ], [ -74.0303404, 39.2915265 ], [ -74.0288573, 39.2934071 ], [ -74.0251883, 39.2971683 ], [ -74.0228463, 39.2989275 ], [ -74.0191772, 39.3011113 ], [ -74.016679, 39.3022031 ], [ -74.0141809, 39.303113 ], [ -74.0116828, 39.3044475 ], [ -74.0094189, 39.3061459 ], [ -74.0044226, 39.308572 ], [ -74.0019245, 39.3093606 ], [ -73.9994263, 39.3094819 ], [ -73.9981772, 39.3096639 ], [ -73.995679, 39.3102705 ], [ -73.993181, 39.3117261 ], [ -73.9911512, 39.3135456 ], [ -73.9905267, 39.3145159 ], [ -73.9902145, 39.3154862 ], [ -73.9909172, 39.3164565 ], [ -73.9932593, 39.3179119 ], [ -73.9945865, 39.3182756 ], [ -73.9958356, 39.3183969 ], [ -73.9995828, 39.3174872 ], [ -74.000988, 39.3173052 ], [ -74.0022372, 39.3174265 ], [ -74.0034863, 39.3179115 ], [ -74.0041109, 39.3187605 ], [ -74.0045793, 39.3197307 ], [ -74.0047355, 39.320701 ], [ -74.0044233, 39.3216712 ], [ -74.0039549, 39.3226414 ], [ -74.0016911, 39.3255521 ], [ -74.0005202, 39.3274924 ], [ -73.9995054, 39.3294326 ], [ -73.9994273, 39.3304028 ], [ -73.9997396, 39.3313729 ], [ -74.0003642, 39.3323429 ], [ -74.0023161, 39.334283 ], [ -74.0035652, 39.3361624 ], [ -74.0039556, 39.3371929 ], [ -74.0037996, 39.338163 ], [ -73.9998963, 39.3419217 ], [ -73.999428, 39.3428916 ], [ -74.0000671, 39.3438867 ], [ -74.0011601, 39.3443716 ], [ -74.0025508, 39.3444677 ], [ -74.005049, 39.3445282 ], [ -74.006534, 39.3447824 ], [ -74.007627, 39.3455098 ], [ -74.0077034, 39.3467709 ], [ -74.0069228, 39.347559 ], [ -74.0045027, 39.348832 ], [ -74.0020046, 39.3505292 ], [ -74.0001311, 39.3524083 ], [ -73.998882, 39.3533175 ], [ -73.9968523, 39.3551359 ], [ -73.9953691, 39.3570148 ], [ -73.9925589, 39.3628935 ], [ -73.9907525, 39.3678802 ], [ -73.9895538, 39.372347 ], [ -73.9889683, 39.3735589 ], [ -73.9881877, 39.3745284 ], [ -73.9869386, 39.3753767 ], [ -73.9834647, 39.377062 ], [ -73.9820985, 39.3771946 ], [ -73.9808494, 39.3770734 ], [ -73.9771802, 39.3759224 ], [ -73.9746818, 39.3745894 ], [ -73.9739792, 39.3736805 ], [ -73.9739792, 39.372711 ], [ -73.9744475, 39.3717415 ], [ -73.9791607, 39.3675602 ], [ -73.9795998, 39.3670148 ], [ -73.9800681, 39.3660452 ], [ -73.979912, 39.3650756 ], [ -73.9790062, 39.3622637 ], [ -73.9787848, 39.3512874 ], [ -73.9781937, 39.3496814 ], [ -73.9777251, 39.3467719 ], [ -73.9777251, 39.3447715 ], [ -73.9785056, 39.3428316 ], [ -73.9827731, 39.3363752 ], [ -73.9849848, 39.3321614 ], [ -73.9852969, 39.3302213 ], [ -73.9850627, 39.3293118 ], [ -73.9844381, 39.3283417 ], [ -73.982096, 39.3270079 ], [ -73.9797539, 39.3258559 ], [ -73.9786608, 39.3249464 ], [ -73.9778021, 39.3239763 ], [ -73.9771774, 39.3220359 ], [ -73.9770212, 39.3210656 ], [ -73.9760843, 39.3191252 ], [ -73.9752255, 39.3182762 ], [ -73.9739764, 39.3177912 ], [ -73.9712284, 39.31767 ], [ -73.9668982, 39.3187212 ], [ -73.9626566, 39.3203384 ], [ -73.9603927, 39.3217938 ], [ -73.9565935, 39.3253513 ], [ -73.9550843, 39.3265236 ], [ -73.9517534, 39.3281406 ], [ -73.9456121, 39.3302276 ], [ -73.9426717, 39.3316171 ], [ -73.9402516, 39.3330116 ], [ -73.9368948, 39.3358006 ], [ -73.9350993, 39.3376801 ], [ -73.9333819, 39.34059 ], [ -73.9329487, 39.3421735 ], [ -73.932055, 39.3454396 ], [ -73.931899, 39.3473794 ], [ -73.9321333, 39.3483492 ], [ -73.9329141, 39.3502889 ], [ -73.9329475, 39.350358 ], [ -73.9343195, 39.3531983 ], [ -73.9338511, 39.354168 ], [ -73.9329468, 39.3550457 ], [ -73.9329143, 39.3550772 ], [ -73.9305722, 39.356047 ], [ -73.9293232, 39.3562289 ], [ -73.9269032, 39.3570775 ], [ -73.9247954, 39.3588957 ], [ -73.924327, 39.3598654 ], [ -73.9239367, 39.3618048 ], [ -73.9243272, 39.363744 ], [ -73.926201, 39.3666528 ], [ -73.9274502, 39.3675011 ], [ -73.9285431, 39.3678647 ], [ -73.9322905, 39.3685918 ], [ -73.9329449, 39.3686553 ], [ -73.9366623, 39.3690158 ], [ -73.9397069, 39.3687127 ], [ -73.9422052, 39.3688339 ], [ -73.9435323, 39.3693186 ], [ -73.9446253, 39.3700457 ], [ -73.9452499, 39.3710153 ], [ -73.9450939, 39.3729543 ], [ -73.9446255, 39.3739238 ], [ -73.9438448, 39.3748933 ], [ -73.9427519, 39.3758022 ], [ -73.9414249, 39.3777411 ], [ -73.9411907, 39.3787712 ], [ -73.9413469, 39.3797406 ], [ -73.9421276, 39.3806493 ], [ -73.9457189, 39.3833756 ], [ -73.9463436, 39.3844661 ], [ -73.9466559, 39.3854354 ], [ -73.9466559, 39.3864048 ], [ -73.9461876, 39.387374 ], [ -73.9451252, 39.3886931 ], [ -73.9393958, 39.3922205 ], [ -73.93721, 39.3940379 ], [ -73.9336295, 39.3987863 ], [ -73.9329404, 39.3999963 ], [ -73.9308557, 39.4036568 ], [ -73.9295599, 39.4057282 ], [ -73.9274522, 39.4085748 ], [ -73.9265935, 39.4104522 ], [ -73.9247461, 39.4130967 ], [ -73.9242517, 39.4143281 ], [ -73.9231588, 39.4162659 ], [ -73.9217536, 39.4182037 ], [ -73.9194899, 39.4231085 ], [ -73.9191777, 39.4240773 ], [ -73.9190997, 39.4249856 ], [ -73.9194121, 39.4269231 ], [ -73.9198024, 39.4279523 ], [ -73.9202709, 39.428921 ], [ -73.9222228, 39.4317665 ], [ -73.9233158, 39.4337038 ], [ -73.9238524, 39.4350352 ], [ -73.9240966, 39.4356411 ], [ -73.9240966, 39.4366097 ], [ -73.923316, 39.4385469 ], [ -73.9226135, 39.4395154 ], [ -73.9213657, 39.4404186 ], [ -73.9202716, 39.4412105 ], [ -73.9177734, 39.4422396 ], [ -73.9130269, 39.4431599 ], [ -73.9116577, 39.4436465 ], [ -73.9066277, 39.4454342 ], [ -73.9054388, 39.4463562 ], [ -73.9051265, 39.4473246 ], [ -73.9057512, 39.448293 ], [ -73.9067661, 39.4491404 ], [ -73.9073189, 39.4498944 ], [ -73.9076835, 39.4503916 ], [ -73.909987, 39.4529661 ], [ -73.9111388, 39.4565569 ], [ -73.9110033, 39.4595379 ], [ -73.9104743, 39.4605958 ], [ -73.909987, 39.4615704 ], [ -73.904025, 39.4661097 ], [ -73.9024821, 39.4672956 ], [ -73.9015365, 39.4680225 ], [ -73.8994683, 39.4722181 ], [ -73.8982596, 39.4741341 ], [ -73.8961048, 39.4752013 ], [ -73.8941941, 39.4806059 ], [ -73.8940692, 39.4817686 ], [ -73.8938645, 39.4832029 ], [ -73.8935237, 39.4858928 ], [ -73.8928462, 39.4891448 ], [ -73.8900684, 39.4913806 ], [ -73.8883931, 39.4931715 ], [ -73.8881037, 39.4934808 ], [ -73.8860034, 39.4943616 ], [ -73.8841742, 39.4957843 ], [ -73.8813964, 39.4978846 ], [ -73.8796349, 39.5001881 ], [ -73.8778056, 39.5029659 ], [ -73.8746214, 39.5056081 ], [ -73.8717081, 39.5064889 ], [ -73.8687271, 39.5083859 ], [ -73.8657461, 39.5117056 ], [ -73.8629006, 39.5129929 ], [ -73.8594453, 39.5140769 ], [ -73.8593009, 39.5142823 ], [ -73.8589619, 39.5143479 ], [ -73.8572532, 39.5158595 ], [ -73.8556101, 39.5181598 ], [ -73.8554954, 39.5203678 ], [ -73.8553472, 39.5232204 ], [ -73.8538356, 39.5258492 ], [ -73.8502209, 39.528741 ], [ -73.8472634, 39.5309755 ], [ -73.8470663, 39.53229 ], [ -73.8479206, 39.5332101 ], [ -73.8519989, 39.5347369 ], [ -73.8537691, 39.536594 ], [ -73.8540546, 39.5387164 ], [ -73.8553109, 39.5401754 ], [ -73.8577664, 39.5403965 ], [ -73.8596508, 39.5400428 ], [ -73.86085, 39.5390259 ], [ -73.8616494, 39.5366825 ], [ -73.8625631, 39.5335431 ], [ -73.8640882, 39.531107 ], [ -73.8684916, 39.527558 ], [ -73.8730944, 39.5250374 ], [ -73.8740122, 39.5245348 ], [ -73.8808473, 39.5230232 ], [ -73.8847792, 39.5224064 ], [ -73.8861506, 39.5224634 ], [ -73.8876167, 39.5228917 ], [ -73.8889311, 39.5237461 ], [ -73.8898291, 39.5246374 ], [ -73.8901141, 39.5264407 ], [ -73.8882081, 39.5282809 ], [ -73.8873443, 39.5288184 ], [ -73.8852507, 39.5301212 ], [ -73.8794671, 39.533933 ], [ -73.8768383, 39.5359704 ], [ -73.8738151, 39.5393222 ], [ -73.870989, 39.5442514 ], [ -73.8696089, 39.5463545 ], [ -73.8667317, 39.5483103 ], [ -73.8624283, 39.5503897 ], [ -73.8612497, 39.5518469 ], [ -73.8600547, 39.5532535 ], [ -73.8592577, 39.5560828 ], [ -73.857024, 39.5578144 ], [ -73.8521131, 39.5609969 ], [ -73.8476989, 39.5658573 ], [ -73.8445061, 39.5677038 ], [ -73.8407495, 39.5691735 ], [ -73.8367931, 39.5705698 ], [ -73.8359398, 39.5718886 ], [ -73.8364828, 39.5728971 ], [ -73.8406719, 39.573285 ], [ -73.8459199, 39.5731252 ], [ -73.8513501, 39.5712634 ], [ -73.8583319, 39.5697119 ], [ -73.8631468, 39.5696552 ], [ -73.8649258, 39.5696343 ], [ -73.8657114, 39.5699237 ], [ -73.8678737, 39.5707203 ], [ -73.8685667, 39.5724512 ], [ -73.8675583, 39.576873 ], [ -73.8681013, 39.5795106 ], [ -73.8694735, 39.5812283 ], [ -73.8716504, 39.5819653 ], [ -73.8732831, 39.58186 ], [ -73.8744056, 39.5823365 ], [ -73.8745608, 39.5829571 ], [ -73.8735958, 39.5839623 ], [ -73.8592722, 39.5942662 ], [ -73.8577043, 39.5955112 ], [ -73.8566899, 39.5971252 ], [ -73.8565625, 39.5986408 ], [ -73.8566403, 39.5989417 ], [ -73.8567821, 39.5999842 ], [ -73.8567902, 39.6 ], [ -73.8171214, 39.6 ], [ -73.8172005, 39.5997276 ], [ -73.8176312, 39.5988466 ], [ -73.8184065, 39.5975154 ], [ -73.8194871, 39.5957268 ], [ -73.8215781, 39.5940092 ], [ -73.8227544, 39.5928978 ], [ -73.824067, 39.5921101 ], [ -73.8260405, 39.5902015 ], [ -73.8259426, 39.5867951 ], [ -73.8262509, 39.5848934 ], [ -73.8280499, 39.5824777 ], [ -73.8296432, 39.5807302 ], [ -73.8313907, 39.5789313 ], [ -73.8317505, 39.5770296 ], [ -73.8302615, 39.5726417 ], [ -73.8303628, 39.5714272 ], [ -73.8293348, 39.5666473 ], [ -73.8273985, 39.5659128 ], [ -73.8263537, 39.5655165 ], [ -73.8226531, 39.5648997 ], [ -73.821985, 39.564026 ], [ -73.8218822, 39.5593488 ], [ -73.8216766, 39.5544146 ], [ -73.8187469, 39.5516906 ], [ -73.8117054, 39.547733 ], [ -73.809444, 39.5453173 ], [ -73.809187, 39.5398691 ], [ -73.8102663, 39.5326221 ], [ -73.8117054, 39.5280991 ], [ -73.8095981, 39.5231906 ], [ -73.808802, 39.5219836 ], [ -73.8087158, 39.5215562 ], [ -73.8077008, 39.5186539 ], [ -73.8075445, 39.5167191 ], [ -73.8095853, 39.5152337 ], [ -73.8114088, 39.5134101 ], [ -73.8122983, 39.509852 ], [ -73.8122983, 39.5089062 ], [ -73.8122983, 39.5068275 ], [ -73.8102969, 39.5047816 ], [ -73.8078507, 39.5043813 ], [ -73.8044259, 39.5043813 ], [ -73.8018907, 39.5048705 ], [ -73.800017, 39.5059011 ], [ -73.7974431, 39.5073168 ], [ -73.7900599, 39.5081174 ], [ -73.7853009, 39.5081174 ], [ -73.7822319, 39.5080729 ], [ -73.7784069, 39.5074947 ], [ -73.7765834, 39.5069165 ], [ -73.7755159, 39.5062048 ], [ -73.7751156, 39.5051819 ], [ -73.7752491, 39.5034473 ], [ -73.7759607, 39.5019351 ], [ -73.7778287, 39.5013124 ], [ -73.7790296, 39.5004673 ], [ -73.7793409, 39.4988662 ], [ -73.7773395, 39.4975763 ], [ -73.7752935, 39.4971316 ], [ -73.7685355, 39.4980055 ], [ -73.763431, 39.4989871 ], [ -73.7607105, 39.4989591 ], [ -73.7588765, 39.498242 ], [ -73.7564868, 39.4973077 ], [ -73.755706, 39.4962794 ], [ -73.7558101, 39.4945562 ], [ -73.7562041, 39.4920237 ], [ -73.756598, 39.4893223 ], [ -73.7563729, 39.4874088 ], [ -73.7547408, 39.4851013 ], [ -73.7537769, 39.4845343 ], [ -73.7528273, 39.4839757 ], [ -73.7513641, 39.4836944 ], [ -73.7487189, 39.4839195 ], [ -73.7425282, 39.4853264 ], [ -73.7387575, 39.4871274 ], [ -73.7356059, 39.4884218 ], [ -73.7302031, 39.4911232 ], [ -73.7278956, 39.4929804 ], [ -73.7259822, 39.4941623 ], [ -73.7225491, 39.4967511 ], [ -73.7217612, 39.4992837 ], [ -73.7254756, 39.5019851 ], [ -73.7275017, 39.5049116 ], [ -73.7273891, 39.5077256 ], [ -73.7248003, 39.5099767 ], [ -73.7154579, 39.5144791 ], [ -73.7124189, 39.5167302 ], [ -73.7107305, 39.5175181 ], [ -73.7047649, 39.52112 ], [ -73.7002626, 39.5243842 ], [ -73.6986868, 39.5265228 ], [ -73.6977863, 39.5286614 ], [ -73.6974687, 39.529238 ], [ -73.6975662, 39.5313843 ], [ -73.6986969, 39.5330998 ], [ -73.7008022, 39.5349322 ], [ -73.7029855, 39.5361018 ], [ -73.7047399, 39.5369986 ], [ -73.707859, 39.5385581 ], [ -73.7115238, 39.5399616 ], [ -73.713863, 39.5411312 ], [ -73.7144826, 39.541265 ], [ -73.717294, 39.541872 ], [ -73.7192043, 39.5430026 ], [ -73.7205299, 39.5439773 ], [ -73.7212024, 39.5464049 ], [ -73.7218272, 39.5502731 ], [ -73.7221911, 39.551561 ], [ -73.7223737, 39.552207 ], [ -73.7232325, 39.554141 ], [ -73.7233559, 39.5578267 ], [ -73.7218933, 39.5621714 ], [ -73.7221514, 39.5654408 ], [ -73.7228827, 39.5676777 ], [ -73.7243453, 39.5700436 ], [ -73.7255067, 39.5705168 ], [ -73.7264961, 39.5706028 ], [ -73.7279174, 39.5700938 ], [ -73.7296349, 39.5681602 ], [ -73.7303168, 39.5675711 ], [ -73.7328627, 39.5666022 ], [ -73.7338579, 39.5663298 ], [ -73.7350996, 39.5664732 ], [ -73.7363901, 39.5678497 ], [ -73.7366392, 39.5684265 ], [ -73.7372075, 39.5697425 ], [ -73.7363359, 39.5752992 ], [ -73.7374357, 39.5765915 ], [ -73.7392162, 39.5778483 ], [ -73.7411538, 39.5794887 ], [ -73.7420965, 39.5812693 ], [ -73.7422012, 39.5838877 ], [ -73.742306, 39.5856683 ], [ -73.742306, 39.5870299 ], [ -73.7413633, 39.5893341 ], [ -73.739478, 39.5910099 ], [ -73.7388496, 39.5934189 ], [ -73.7385354, 39.5957231 ], [ -73.7375928, 39.5971894 ], [ -73.7353933, 39.5990747 ], [ -73.7330801, 39.6 ], [ -73.7303991, 39.6 ], [ -73.7027452, 39.6 ], [ -73.66625, 39.6 ], [ -73.6443661, 39.6 ], [ -73.6415949, 39.6 ], [ -73.6168732, 39.6 ], [ -73.57561, 39.6 ], [ -73.5756856, 39.5997586 ], [ -73.5759977, 39.597826 ], [ -73.5758415, 39.5958933 ], [ -73.5750607, 39.5939606 ], [ -73.5741239, 39.5930546 ], [ -73.5730309, 39.5924506 ], [ -73.5717817, 39.5920882 ], [ -73.5692836, 39.5924507 ], [ -73.5667854, 39.5932964 ], [ -73.5618318, 39.596009 ], [ -73.5581981, 39.5974641 ], [ -73.556949, 39.5977662 ], [ -73.5556999, 39.5976454 ], [ -73.5544508, 39.5972831 ], [ -73.5532017, 39.5965584 ], [ -73.5527332, 39.595592 ], [ -73.5530455, 39.5946256 ], [ -73.553808, 39.5939513 ], [ -73.5583986, 39.5913465 ], [ -73.5626476, 39.5897328 ], [ -73.5650676, 39.5881622 ], [ -73.5685806, 39.5843565 ], [ -73.5702978, 39.5804297 ], [ -73.571703, 39.5784965 ], [ -73.5741229, 39.5756569 ], [ -73.5745913, 39.5746299 ], [ -73.5750596, 39.5726964 ], [ -73.5749397, 39.5718168 ], [ -73.5738659, 39.5714686 ], [ -73.5726891, 39.5717203 ], [ -73.5700224, 39.5736348 ], [ -73.5679954, 39.5749653 ], [ -73.565067, 39.5755364 ], [ -73.5603829, 39.5759897 ], [ -73.5588215, 39.5755365 ], [ -73.5578847, 39.5746907 ], [ -73.5570259, 39.5736637 ], [ -73.5560109, 39.5717303 ], [ -73.5549957, 39.564963 ], [ -73.555464, 39.5630294 ], [ -73.555542, 39.562123 ], [ -73.5548564, 39.5611193 ], [ -73.5536072, 39.5609986 ], [ -73.5524721, 39.5611336 ], [ -73.5504068, 39.5622843 ], [ -73.5457836, 39.5663531 ], [ -73.5421145, 39.5684076 ], [ -73.5407874, 39.5686493 ], [ -73.5382892, 39.5687098 ], [ -73.5371182, 39.5685286 ], [ -73.5363472, 39.5682745 ], [ -73.535931, 39.5679005 ], [ -73.5358983, 39.5673048 ], [ -73.5362853, 39.5666354 ], [ -73.538289, 39.5630299 ], [ -73.5398502, 39.5611566 ], [ -73.5438259, 39.5578054 ], [ -73.5466419, 39.5564428 ], [ -73.5489319, 39.5555563 ], [ -73.5524535, 39.5536089 ], [ -73.5539801, 39.5525747 ], [ -73.5549169, 39.5517286 ], [ -73.5555414, 39.5507616 ], [ -73.5564001, 39.5488275 ], [ -73.5569465, 39.5468934 ], [ -73.5591321, 39.5420579 ], [ -73.5607714, 39.5391564 ], [ -73.5622547, 39.5372219 ], [ -73.5645966, 39.5352875 ], [ -73.5678754, 39.5339574 ], [ -73.5703735, 39.5334737 ], [ -73.5727936, 39.5326273 ], [ -73.5736524, 39.5317809 ], [ -73.5737303, 39.5307532 ], [ -73.573418, 39.5288186 ], [ -73.573496, 39.5279117 ], [ -73.5742766, 39.5254933 ], [ -73.5763842, 39.522047 ], [ -73.5781017, 39.5201726 ], [ -73.5823792, 39.5163972 ], [ -73.5873985, 39.5115405 ], [ -73.5890716, 39.5098135 ], [ -73.5910235, 39.5080865 ], [ -73.5926538, 39.5063919 ], [ -73.595726, 39.5041817 ], [ -73.5982424, 39.5010624 ], [ -73.599179, 39.4991269 ], [ -73.5995693, 39.4967076 ], [ -73.5995692, 39.4957398 ], [ -73.5991007, 39.494772 ], [ -73.5983201, 39.4940462 ], [ -73.5969148, 39.4938043 ], [ -73.5955096, 39.4939253 ], [ -73.5929333, 39.4950746 ], [ -73.5879862, 39.4977516 ], [ -73.5796622, 39.5031798 ], [ -73.5772421, 39.5043894 ], [ -73.5757288, 39.5054549 ], [ -73.5699279, 39.5085811 ], [ -73.5663909, 39.5098931 ], [ -73.5564764, 39.5140055 ], [ -73.5539782, 39.5146708 ], [ -73.5527291, 39.5148522 ], [ -73.5514801, 39.5148522 ], [ -73.5489818, 39.51455 ], [ -73.5477328, 39.5141267 ], [ -73.5467958, 39.5132801 ], [ -73.546952, 39.5124336 ], [ -73.5479668, 39.5115869 ], [ -73.5503869, 39.510196 ], [ -73.5513236, 39.5094098 ], [ -73.5549147, 39.5069907 ], [ -73.5581934, 39.5044505 ], [ -73.561394, 39.4995515 ], [ -73.5624088, 39.4976159 ], [ -73.5626429, 39.4966482 ], [ -73.5624867, 39.4947126 ], [ -73.5620963, 39.4937448 ], [ -73.560769, 39.4918697 ], [ -73.5599102, 39.490902 ], [ -73.5593637, 39.4899341 ], [ -73.5590513, 39.4879984 ], [ -73.5606903, 39.4799091 ], [ -73.5606902, 39.4754146 ], [ -73.5605339, 39.4734785 ], [ -73.5599874, 39.4715423 ], [ -73.5588161, 39.4686379 ], [ -73.557567, 39.4667016 ], [ -73.5560203, 39.4653744 ], [ -73.555381, 39.4648258 ], [ -73.5541318, 39.4641602 ], [ -73.5535361, 39.463787 ], [ -73.553244, 39.4633337 ], [ -73.5533783, 39.4625799 ], [ -73.5539132, 39.4621511 ], [ -73.5642282, 39.4541542 ], [ -73.5655292, 39.4525402 ], [ -73.5658414, 39.4515718 ], [ -73.5655291, 39.4506034 ], [ -73.5645923, 39.449756 ], [ -73.5633431, 39.449514 ], [ -73.5620941, 39.4493929 ], [ -73.5582687, 39.4497562 ], [ -73.5557705, 39.4498168 ], [ -73.5545995, 39.4497564 ], [ -73.5532724, 39.4493327 ], [ -73.5511644, 39.4475775 ], [ -73.5499152, 39.4457616 ], [ -73.5488222, 39.4450353 ], [ -73.5475731, 39.4451564 ], [ -73.5452311, 39.4463671 ], [ -73.5445025, 39.4470127 ], [ -73.5407815, 39.4511488 ], [ -73.5395325, 39.4530857 ], [ -73.537737, 39.4550225 ], [ -73.5369349, 39.4563269 ], [ -73.528157, 39.4647885 ], [ -73.5254809, 39.4673682 ], [ -73.5164254, 39.476868 ], [ -73.5132249, 39.4817082 ], [ -73.5103834, 39.4857737 ], [ -73.509634, 39.486548 ], [ -73.5090095, 39.4875159 ], [ -73.4985488, 39.4980413 ], [ -73.4962849, 39.4997349 ], [ -73.4942552, 39.5016703 ], [ -73.4928502, 39.5037802 ], [ -73.4929666, 39.5043661 ], [ -73.4931625, 39.504627 ], [ -73.4955392, 39.505548 ], [ -73.4958099, 39.5060841 ], [ -73.4957735, 39.506576 ], [ -73.4950983, 39.5074452 ], [ -73.4903119, 39.5113218 ], [ -73.4880884, 39.5127982 ], [ -73.4847472, 39.5153864 ], [ -73.4840463, 39.5167087 ], [ -73.4843586, 39.5175551 ], [ -73.4855905, 39.5181195 ], [ -73.4869957, 39.5181194 ], [ -73.488401, 39.5177566 ], [ -73.4901574, 39.5170007 ], [ -73.4933972, 39.5144911 ], [ -73.4944533, 39.5131821 ], [ -73.4997984, 39.50796 ], [ -73.5001888, 39.5073552 ], [ -73.5033113, 39.5042102 ], [ -73.5068242, 39.5003394 ], [ -73.5097906, 39.4975571 ], [ -73.5129913, 39.4948351 ], [ -73.5202514, 39.4893909 ], [ -73.5223591, 39.4876365 ], [ -73.5260282, 39.4852166 ], [ -73.5288074, 39.4835953 ], [ -73.5333665, 39.4818285 ], [ -73.5346156, 39.4814655 ], [ -73.5383629, 39.4814654 ], [ -73.539612, 39.4820704 ], [ -73.5402366, 39.4829174 ], [ -73.5402367, 39.4838853 ], [ -73.539456, 39.4848532 ], [ -73.5383631, 39.4857607 ], [ -73.535865, 39.4869102 ], [ -73.5296195, 39.4889066 ], [ -73.5271215, 39.490056 ], [ -73.5235304, 39.4923548 ], [ -73.5125492, 39.5008634 ], [ -73.5105716, 39.5030609 ], [ -73.50862, 39.5057341 ], [ -73.5039698, 39.5134197 ], [ -73.503546, 39.5147327 ], [ -73.5008636, 39.5197863 ], [ -73.4989116, 39.523995 ], [ -73.4972385, 39.5270166 ], [ -73.4936135, 39.5314406 ], [ -73.4935541, 39.5317229 ], [ -73.4917587, 39.5346247 ], [ -73.4898071, 39.5364383 ], [ -73.487309, 39.5377078 ], [ -73.4848108, 39.5384937 ], [ -73.4798927, 39.54067 ], [ -73.4774725, 39.5423021 ], [ -73.473257, 39.5459691 ], [ -73.4709151, 39.5487093 ], [ -73.4699784, 39.5494345 ], [ -73.4668168, 39.5526983 ], [ -73.4642406, 39.5555992 ], [ -73.4600642, 39.5597691 ], [ -73.4576441, 39.5616425 ], [ -73.4549048, 39.5634444 ], [ -73.4500426, 39.5677457 ], [ -73.4481983, 39.5700297 ], [ -73.4421484, 39.5760234 ], [ -73.4385183, 39.5789839 ], [ -73.4375815, 39.57989 ], [ -73.4352396, 39.5815817 ], [ -73.4342247, 39.5825483 ], [ -73.433366, 39.5835149 ], [ -73.4324293, 39.5854479 ], [ -73.4323513, 39.5864144 ], [ -73.4332881, 39.5873809 ], [ -73.4345373, 39.5878641 ], [ -73.4357863, 39.5878641 ], [ -73.4369574, 39.5876224 ], [ -73.4393774, 39.5864142 ], [ -73.4455914, 39.581388 ], [ -73.4510872, 39.578198 ], [ -73.4521802, 39.5773522 ], [ -73.4528827, 39.5763252 ], [ -73.453351, 39.5743918 ], [ -73.4551464, 39.5705854 ], [ -73.4562393, 39.5686519 ], [ -73.4577225, 39.5666578 ], [ -73.4596741, 39.5647242 ], [ -73.463109, 39.5621257 ], [ -73.465529, 39.5604941 ], [ -73.4688078, 39.5579559 ], [ -73.4723207, 39.5555385 ], [ -73.4748188, 39.5542693 ], [ -73.477317, 39.5532419 ], [ -73.4798151, 39.55161 ], [ -73.4862165, 39.5466538 ], [ -73.4932423, 39.5418181 ], [ -73.5016735, 39.5370727 ], [ -73.5076456, 39.5333151 ], [ -73.5119782, 39.5312387 ], [ -73.5144764, 39.5298481 ], [ -73.5168964, 39.5282762 ], [ -73.5193945, 39.5270669 ], [ -73.5207217, 39.5267042 ], [ -73.5219517, 39.5265562 ], [ -73.5230447, 39.5270399 ], [ -73.5235322, 39.5281551 ], [ -73.52322, 39.5291224 ], [ -73.5201755, 39.5329312 ], [ -73.5144769, 39.5396414 ], [ -73.5119008, 39.5424824 ], [ -73.5081537, 39.5471971 ], [ -73.503548, 39.5525762 ], [ -73.5008156, 39.5548729 ], [ -73.496444, 39.5582572 ], [ -73.4945705, 39.5601307 ], [ -73.4938644, 39.561266 ], [ -73.4938469, 39.5617841 ], [ -73.4939243, 39.5620399 ], [ -73.4944855, 39.5623013 ], [ -73.4960016, 39.5623524 ], [ -73.4977713, 39.5621247 ], [ -73.5015186, 39.5614599 ], [ -73.5040168, 39.5607347 ], [ -73.5065149, 39.5602511 ], [ -73.5219203, 39.5565644 ], [ -73.5258757, 39.555416 ], [ -73.5277492, 39.554449 ], [ -73.5302474, 39.5528172 ], [ -73.5323552, 39.5510041 ], [ -73.5340725, 39.5491908 ], [ -73.537039, 39.5453225 ], [ -73.5382098, 39.5433883 ], [ -73.5386782, 39.5424212 ], [ -73.5396149, 39.5395197 ], [ -73.5407078, 39.5386734 ], [ -73.544455, 39.5368598 ], [ -73.5457041, 39.5364971 ], [ -73.5467971, 39.5368598 ], [ -73.5471094, 39.5377664 ], [ -73.546563, 39.5397008 ], [ -73.5451578, 39.5416352 ], [ -73.5369612, 39.5512456 ], [ -73.531809, 39.5580145 ], [ -73.530638, 39.5599483 ], [ -73.5285305, 39.5647826 ], [ -73.5275157, 39.5667162 ], [ -73.5233003, 39.573423 ], [ -73.5218952, 39.575296 ], [ -73.5202113, 39.578265 ], [ -73.5169677, 39.585989 ], [ -73.5168213, 39.5868951 ], [ -73.5171336, 39.5878616 ], [ -73.5180705, 39.5887073 ], [ -73.5192415, 39.5888884 ], [ -73.5217397, 39.5882843 ], [ -73.5231927, 39.5875848 ], [ -73.5274906, 39.5861297 ], [ -73.529156, 39.5858075 ], [ -73.5304052, 39.586049 ], [ -73.5311078, 39.5868947 ], [ -73.5309518, 39.5888276 ], [ -73.5298589, 39.5907606 ], [ -73.5280634, 39.5928143 ], [ -73.5238064, 39.5961785 ], [ -73.5197398, 39.6 ], [ -73.4913474, 39.6 ], [ -73.4952598, 39.5957886 ], [ -73.4983194, 39.5930266 ] ], [ [ -73.6846866, 39.5609232 ], [ -73.6869472, 39.560379 ], [ -73.6895427, 39.5604627 ], [ -73.6941476, 39.5604627 ], [ -73.6953616, 39.5607139 ], [ -73.6965338, 39.5620116 ], [ -73.6972036, 39.5641048 ], [ -73.6972454, 39.566156 ], [ -73.6963244, 39.5676631 ], [ -73.695864, 39.567998 ], [ -73.6947337, 39.5687934 ], [ -73.6924312, 39.5692539 ], [ -73.6895563, 39.5695475 ], [ -73.6863193, 39.5694632 ], [ -73.6844773, 39.5681654 ], [ -73.6834667, 39.5664019 ], [ -73.683347, 39.5648164 ], [ -73.6835145, 39.5636024 ], [ -73.6837238, 39.5622209 ], [ -73.6846866, 39.5609232 ] ], [ [ -73.4702111, 39.5192688 ], [ -73.4694304, 39.5201153 ], [ -73.4681033, 39.5220503 ], [ -73.4650812, 39.5254275 ], [ -73.4582672, 39.531603 ], [ -73.4557691, 39.5332959 ], [ -73.4520219, 39.5355327 ], [ -73.4493677, 39.5366813 ], [ -73.4467914, 39.5374068 ], [ -73.4441371, 39.5377696 ], [ -73.4415609, 39.5375883 ], [ -73.4403118, 39.5372861 ], [ -73.4378135, 39.5361981 ], [ -73.4367205, 39.5355332 ], [ -73.4357836, 39.5346868 ], [ -73.4353152, 39.5337196 ], [ -73.4355025, 39.5325589 ], [ -73.4378913, 39.52979 ], [ -73.4420287, 39.5261624 ], [ -73.4439023, 39.5243485 ], [ -73.4449171, 39.5224137 ], [ -73.4526453, 39.5137668 ], [ -73.4566804, 39.5089335 ], [ -73.4619692, 39.5037579 ], [ -73.4640427, 39.5011875 ], [ -73.4659163, 39.4993124 ], [ -73.469195, 39.496651 ], [ -73.4729422, 39.4943524 ], [ -73.4756745, 39.4931426 ], [ -73.4783288, 39.4929005 ], [ -73.4809051, 39.493203 ], [ -73.4821543, 39.4935658 ], [ -73.4846525, 39.4948964 ], [ -73.4855893, 39.4961062 ], [ -73.4859017, 39.4973159 ], [ -73.4857457, 39.4982836 ], [ -73.4852773, 39.4992513 ], [ -73.4816863, 39.5028804 ], [ -73.480047, 39.5047552 ], [ -73.4716942, 39.5173943 ], [ -73.4716162, 39.5173339 ], [ -73.4702111, 39.5192688 ] ], [ [ -73.8257401, 39.4799674 ], [ -73.826201, 39.4791577 ], [ -73.8284649, 39.4774637 ], [ -73.829714, 39.4769191 ], [ -73.8322121, 39.476314 ], [ -73.8348664, 39.4761929 ], [ -73.8361156, 39.4763744 ], [ -73.8386918, 39.4771003 ], [ -73.8401752, 39.4777053 ], [ -73.8414243, 39.4785523 ], [ -73.842205, 39.4795202 ], [ -73.8426735, 39.4804883 ], [ -73.8428297, 39.4815773 ], [ -73.8425175, 39.4825452 ], [ -73.8422248, 39.4830556 ], [ -73.841893, 39.4836342 ], [ -73.8408782, 39.4847231 ], [ -73.838302, 39.4868405 ], [ -73.8370529, 39.487506 ], [ -73.8358039, 39.487869 ], [ -73.8345548, 39.4879296 ], [ -73.8320566, 39.4873852 ], [ -73.8283092, 39.4859334 ], [ -73.82706, 39.4852075 ], [ -73.825967, 39.4842396 ], [ -73.8251863, 39.4832717 ], [ -73.824874, 39.4823037 ], [ -73.8250301, 39.4812147 ], [ -73.8257401, 39.4799674 ] ], [ [ -73.3352285, 39.5077991 ], [ -73.3363231, 39.5074811 ], [ -73.3399142, 39.5055457 ], [ -73.3467059, 39.5005257 ], [ -73.3502188, 39.4982877 ], [ -73.352717, 39.496957 ], [ -73.3602114, 39.4935695 ], [ -73.3639585, 39.4916337 ], [ -73.3664567, 39.4906053 ], [ -73.3689548, 39.4897584 ], [ -73.3739512, 39.4892138 ], [ -73.3764493, 39.4884878 ], [ -73.3789475, 39.4873989 ], [ -73.3812113, 39.485584 ], [ -73.3864417, 39.4805625 ], [ -73.3888617, 39.4786869 ], [ -73.3985418, 39.470337 ], [ -73.4002592, 39.4682191 ], [ -73.4007275, 39.4661618 ], [ -73.4006494, 39.465133 ], [ -73.3995563, 39.4631966 ], [ -73.3983853, 39.4624099 ], [ -73.3957309, 39.4620469 ], [ -73.3932327, 39.462168 ], [ -73.3857382, 39.4634996 ], [ -73.3757457, 39.4670702 ], [ -73.372701, 39.4676754 ], [ -73.3695002, 39.467736 ], [ -73.3640615, 39.4675899 ], [ -73.3625521, 39.4677361 ], [ -73.3581804, 39.469007 ], [ -73.356619, 39.4697635 ], [ -73.3525596, 39.4721234 ], [ -73.3497492, 39.4734849 ], [ -73.3460801, 39.4761471 ], [ -73.3429575, 39.4789303 ], [ -73.3402773, 39.4815117 ], [ -73.3375711, 39.4857063 ], [ -73.336166, 39.4875816 ], [ -73.3335899, 39.4904249 ], [ -73.3321847, 39.4923606 ], [ -73.3307537, 39.4959092 ], [ -73.3305456, 39.4971996 ], [ -73.3307017, 39.4981673 ], [ -73.3316387, 39.5000422 ], [ -73.3318469, 39.501393 ], [ -73.3315061, 39.5024493 ], [ -73.3307021, 39.5049412 ], [ -73.3307022, 39.5059088 ], [ -73.3313267, 39.5067555 ], [ -73.3325758, 39.5074812 ], [ -73.333825, 39.507844 ], [ -73.3350741, 39.507844 ], [ -73.3352285, 39.5077991 ] ], [ [ -73.7795146, 39.4485995 ], [ -73.784511, 39.448902 ], [ -73.7870091, 39.4484177 ], [ -73.7883362, 39.4478124 ], [ -73.7894291, 39.4470861 ], [ -73.7913417, 39.4447858 ], [ -73.7922394, 39.4420013 ], [ -73.7923955, 39.4410328 ], [ -73.7920831, 39.4389746 ], [ -73.7914585, 39.438006 ], [ -73.7905216, 39.4371585 ], [ -73.7890383, 39.4366743 ], [ -73.786462, 39.4361295 ], [ -73.7839638, 39.4357664 ], [ -73.7813095, 39.4358875 ], [ -73.7788114, 39.4363719 ], [ -73.7763912, 39.4376433 ], [ -73.7747519, 39.4397015 ], [ -73.7739713, 39.4416387 ], [ -73.7737372, 39.4426072 ], [ -73.7737373, 39.4445442 ], [ -73.7741277, 39.4455127 ], [ -73.7747522, 39.4464811 ], [ -73.7758452, 39.4474496 ], [ -73.7770164, 39.4480548 ], [ -73.7795146, 39.4485995 ] ], [ [ -73.6240017, 39.4372847 ], [ -73.6257972, 39.4354079 ], [ -73.6280611, 39.4335311 ], [ -73.6305592, 39.4323202 ], [ -73.6330573, 39.4312909 ], [ -73.6341503, 39.4306249 ], [ -73.6366484, 39.429535 ], [ -73.6391465, 39.4280818 ], [ -73.6410981, 39.4263865 ], [ -73.6442987, 39.4229352 ], [ -73.6463285, 39.4211186 ], [ -73.6486704, 39.4194836 ], [ -73.6498414, 39.418878 ], [ -73.6543692, 39.4153657 ], [ -73.6574514, 39.4126068 ], [ -73.6585848, 39.4118532 ], [ -73.6613951, 39.4109145 ], [ -73.6718442, 39.4090903 ], [ -73.677321, 39.4088246 ], [ -73.6804437, 39.4082188 ], [ -73.6856482, 39.4056346 ], [ -73.6871574, 39.4044637 ], [ -73.687938, 39.4034945 ], [ -73.6885355, 39.4022795 ], [ -73.688067, 39.4002808 ], [ -73.6873644, 39.3993116 ], [ -73.6861152, 39.3984637 ], [ -73.6843466, 39.3979223 ], [ -73.6809897, 39.3977407 ], [ -73.6784915, 39.3977408 ], [ -73.6735732, 39.398286 ], [ -73.6723241, 39.3986496 ], [ -73.671831, 39.3989531 ], [ -73.6715434, 39.3994975 ], [ -73.6716888, 39.4000895 ], [ -73.6723002, 39.4006716 ], [ -73.6757593, 39.4016779 ], [ -73.6770084, 39.4022835 ], [ -73.677195, 39.402693 ], [ -73.6771646, 39.4032526 ], [ -73.6770812, 39.4036416 ], [ -73.6765401, 39.4041006 ], [ -73.675291, 39.404464 ], [ -73.6740419, 39.4045852 ], [ -73.6727928, 39.4044641 ], [ -73.6715437, 39.4042218 ], [ -73.6663911, 39.4027078 ], [ -73.6638929, 39.4022839 ], [ -73.6591464, 39.4017753 ], [ -73.6524949, 39.4022843 ], [ -73.6474986, 39.4031324 ], [ -73.6450005, 39.4039804 ], [ -73.6412533, 39.405737 ], [ -73.6389113, 39.4070088 ], [ -73.6364912, 39.408523 ], [ -73.635008, 39.4097949 ], [ -73.6297778, 39.4180915 ], [ -73.6279824, 39.4199687 ], [ -73.6259526, 39.4216642 ], [ -73.6237668, 39.4232385 ], [ -73.6230643, 39.4246917 ], [ -73.6222838, 39.4295354 ], [ -73.6220496, 39.4300198 ], [ -73.6214251, 39.4309885 ], [ -73.6198639, 39.4328654 ], [ -73.6123111, 39.4401908 ], [ -73.611589, 39.4415225 ], [ -73.611433, 39.4426121 ], [ -73.6117526, 39.4434107 ], [ -73.6126041, 39.4443676 ], [ -73.6132497, 39.444611 ], [ -73.6142265, 39.4445777 ], [ -73.6175223, 39.4425514 ], [ -73.6210353, 39.4398878 ], [ -73.6240017, 39.4372847 ] ], [ [ -74.158663, 39.2407831 ], [ -74.1605687, 39.2412985 ], [ -74.1622672, 39.2425549 ], [ -74.16322, 39.2441011 ], [ -74.1635929, 39.2462272 ], [ -74.1633443, 39.2478378 ], [ -74.1617701, 39.2494162 ], [ -74.1603201, 39.2507691 ], [ -74.1587044, 39.251832 ], [ -74.156343, 39.2526373 ], [ -74.1538988, 39.2529272 ], [ -74.1516203, 39.2530238 ], [ -74.1495903, 39.2528305 ], [ -74.1480575, 39.2523474 ], [ -74.1468147, 39.251671 ], [ -74.1454475, 39.2503181 ], [ -74.1446604, 39.2491585 ], [ -74.1441218, 39.2474191 ], [ -74.1441633, 39.2458729 ], [ -74.144039, 39.2445199 ], [ -74.1444533, 39.2433924 ], [ -74.145489, 39.2422649 ], [ -74.1476846, 39.2412019 ], [ -74.1505017, 39.240622 ], [ -74.1516203, 39.2405575 ], [ -74.1553073, 39.2404609 ], [ -74.158663, 39.2407831 ] ] ] } },
{ "type": "Feature", "properties": { "RCID": 210, "PRIM": 3, "GRUP": 1, "OBJL": 42, "RVER": 1, "AGEN": 550, "FIDN": 946096752, "FIDS": 48294, "LNAM": "022638644A70BCA6", "DRVAL1": 18.2, "DRVAL2": 27.4 }, "geometry": { "type": "Polygon", "coordinates": [ [ [ -74.0452317, 39.6 ], [ -74.0464812, 39.5991613 ], [ -74.0517, 39.5951313 ], [ -74.0522611, 39.5942992 ], [ -74.0554589, 39.5917528 ], [ -74.0578905, 39.5894011 ], [ -74.0608833, 39.586796 ], [ -74.0647646, 39.5839738 ], [ -74.0658402, 39.5833226 ], [ -74.0668222, 39.5830331 ], [ -74.0686459, 39.5814771 ], [ -74.0701088, 39.5796902 ], [ -74.0724469, 39.5772657 ], [ -74.0749721, 39.5750221 ], [ -74.0764217, 39.5740812 ], [ -74.0794612, 39.5740089 ], [ -74.0809109, 39.5746241 ], [ -74.0865223, 39.5774468 ], [ -74.0879629, 39.5781296 ], [ -74.0892138, 39.5791781 ], [ -74.0893528, 39.5827005 ], [ -74.0873027, 39.5841792 ], [ -74.0826814, 39.5853891 ], [ -74.081222, 39.5857923 ], [ -74.0797054, 39.5873003 ], [ -74.0773079, 39.5908758 ], [ -74.0756747, 39.5948545 ], [ -74.0742221, 39.5981224 ], [ -74.0733642, 39.6 ], [ -74.0452317, 39.6 ] ] ] } },
{ "type": "Feature", "properties": { "RCID": 211, "PRIM": 3, "GRUP": 1, "OBJL": 42, "RVER": 1, "AGEN": 550, "FIDN": -735156942, "FIDS": 48294, "LNAM": "0226D42E6532BCA6", "DRVAL1": 18.2, "DRVAL2": 27.4 }, "geometry": { "type": "Polygon", "coordinates": [ [ [ -73.8171214, 39.6 ], [ -73.8172005, 39.5997276 ], [ -73.8176312, 39.5988466 ], [ -73.8184065, 39.5975154 ], [ -73.8194871, 39.5957268 ], [ -73.8215781, 39.5940092 ], [ -73.8227544, 39.5928978 ], [ -73.824067, 39.5921101 ], [ -73.8260405, 39.5902015 ], [ -73.8259426, 39.5867951 ], [ -73.8262509, 39.5848934 ], [ -73.8280499, 39.5824777 ], [ -73.8296432, 39.5807302 ], [ -73.8313907, 39.5789313 ], [ -73.8317505, 39.5770296 ], [ -73.8302615, 39.5726417 ], [ -73.8303628, 39.5714272 ], [ -73.8293348, 39.5666473 ], [ -73.8273985, 39.5659128 ], [ -73.8263537, 39.5655165 ], [ -73.8226531, 39.5648997 ], [ -73.821985, 39.564026 ], [ -73.8218822, 39.5593488 ], [ -73.8216766, 39.5544146 ], [ -73.8187469, 39.5516906 ], [ -73.8117054, 39.547733 ], [ -73.809444, 39.5453173 ], [ -73.809187, 39.5398691 ], [ -73.8102663, 39.5326221 ], [ -73.8117054, 39.5280991 ], [ -73.8095981, 39.5231906 ], [ -73.808802, 39.5219836 ], [ -73.8087158, 39.5215562 ], [ -73.8077008, 39.5186539 ], [ -73.8075445, 39.5167191 ], [ -73.8095853, 39.5152337 ], [ -73.8114088, 39.5134101 ], [ -73.8122983, 39.509852 ], [ -73.8122983, 39.5089062 ], [ -73.8122983, 39.5068275 ], [ -73.8102969, 39.5047816 ], [ -73.8078507, 39.5043813 ], [ -73.8044259, 39.5043813 ], [ -73.8018907, 39.5048705 ], [ -73.800017, 39.5059011 ], [ -73.7974431, 39.5073168 ], [ -73.7900599, 39.5081174 ], [ -73.7853009, 39.5081174 ], [ -73.7822319, 39.5080729 ], [ -73.7784069, 39.5074947 ], [ -73.7765834, 39.5069165 ], [ -73.7755159, 39.5062048 ], [ -73.7751156, 39.5051819 ], [ -73.7752491, 39.5034473 ], [ -73.7759607, 39.5019351 ], [ -73.7778287, 39.5013124 ], [ -73.7790296, 39.5004673 ], [ -73.7793409, 39.4988662 ], [ -73.7773395, 39.4975763 ], [ -73.7752935, 39.4971316 ], [ -73.7685355, 39.4980055 ], [ -73.763431, 39.4989871 ], [ -73.7607105, 39.4989591 ], [ -73.7588765, 39.498242 ], [ -73.7564868, 39.4973077 ], [ -73.755706, 39.4962794 ], [ -73.7558101, 39.4945562 ], [ -73.7562041, 39.4920237 ], [ -73.756598, 39.4893223 ], [ -73.7563729, 39.4874088 ], [ -73.7547408, 39.4851013 ], [ -73.7537769, 39.4845343 ], [ -73.7528273, 39.4839757 ], [ -73.7513641, 39.4836944 ], [ -73.7487189, 39.4839195 ], [ -73.7425282, 39.4853264 ], [ -73.7387575, 39.4871274 ], [ -73.7356059, 39.4884218 ], [ -73.7302031, 39.4911232 ], [ -73.7278956, 39.4929804 ], [ -73.7259822, 39.4941623 ], [ -73.7225491, 39.4967511 ], [ -73.7217612, 39.4992837 ], [ -73.7254756, 39.5019851 ], [ -73.7275017, 39.5049116 ], [ -73.7273891, 39.5077256 ], [ -73.7248003, 39.5099767 ], [ -73.7154579, 39.5144791 ], [ -73.7124189, 39.5167302 ], [ -73.7107305, 39.5175181 ], [ -73.7047649, 39.52112 ], [ -73.7002626, 39.5243842 ], [ -73.6986868, 39.5265228 ], [ -73.6977863, 39.5286614 ], [ -73.6974687, 39.529238 ], [ -73.6975662, 39.5313843 ], [ -73.6986969, 39.5330998 ], [ -73.7008022, 39.5349322 ], [ -73.7029855, 39.5361018 ], [ -73.7047399, 39.5369986 ], [ -73.707859, 39.5385581 ], [ -73.7115238, 39.5399616 ], [ -73.713863, 39.5411312 ], [ -73.7144826, 39.541265 ], [ -73.717294, 39.541872 ], [ -73.7192043, 39.5430026 ], [ -73.7205299, 39.5439773 ], [ -73.7212024, 39.5464049 ], [ -73.7218272, 39.5502731 ], [ -73.7221911, 39.551561 ], [ -73.7223737, 39.552207 ], [ -73.7232325, 39.554141 ], [ -73.7233559, 39.5578267 ], [ -73.7218933, 39.5621714 ], [ -73.7221514, 39.5654408 ], [ -73.7228827, 39.5676777 ], [ -73.7243453, 39.5700436 ], [ -73.7255067, 39.5705168 ], [ -73.7264961, 39.5706028 ], [ -73.7279174, 39.5700938 ], [ -73.7296349, 39.5681602 ], [ -73.7303168, 39.5675711 ], [ -73.7328627, 39.5666022 ], [ -73.7338579, 39.5663298 ], [ -73.7350996, 39.5664732 ], [ -73.7363901, 39.5678497 ], [ -73.7366392, 39.5684265 ], [ -73.7372075, 39.5697425 ], [ -73.7363359, 39.5752992 ], [ -73.7374357, 39.5765915 ], [ -73.7392162, 39.5778483 ], [ -73.7411538, 39.5794887 ], [ -73.7420965, 39.5812693 ], [ -73.7422012, 39.5838877 ], [ -73.742306, 39.5856683 ], [ -73.742306, 39.5870299 ], [ -73.7413633, 39.5893341 ], [ -73.739478, 39.5910099 ], [ -73.7388496, 39.5934189 ], [ -73.7385354, 39.5957231 ], [ -73.7375928, 39.5971894 ], [ -73.7353933, 39.5990747 ], [ -73.7330801, 39.6 ], [ -73.8171214, 39.6 ] ] ] } },
{ "type": "Feature", "properties": { "RCID": 212, "PRIM": 3, "GRUP": 1, "OBJL": 42, "RVER": 1, "AGEN": 550, "FIDN": 37881953, "FIDS": 50, "LNAM": "0226024208610032", "DRVAL1": 36.5, "DRVAL2": 45.7 }, "geometry": { "type": "Polygon", "coordinates": [ [ [ -73.57561, 39.6 ], [ -73.5756856, 39.5997586 ], [ -73.5759977, 39.597826 ], [ -73.5758415, 39.5958933 ], [ -73.5750607, 39.5939606 ], [ -73.5741239, 39.5930546 ], [ -73.5730309, 39.5924506 ], [ -73.5717817, 39.5920882 ], [ -73.5692836, 39.5924507 ], [ -73.5667854, 39.5932964 ], [ -73.5618318, 39.596009 ], [ -73.5581981, 39.5974641 ], [ -73.556949, 39.5977662 ], [ -73.5556999, 39.5976454 ], [ -73.5544508, 39.5972831 ], [ -73.5532017, 39.5965584 ], [ -73.5527332, 39.595592 ], [ -73.5530455, 39.5946256 ], [ -73.553808, 39.5939513 ], [ -73.5583986, 39.5913465 ], [ -73.5626476, 39.5897328 ], [ -73.5650676, 39.5881622 ], [ -73.5685806, 39.5843565 ], [ -73.5702978, 39.5804297 ], [ -73.571703, 39.5784965 ], [ -73.5741229, 39.5756569 ], [ -73.5745913, 39.5746299 ], [ -73.5750596, 39.5726964 ], [ -73.5749397, 39.5718168 ], [ -73.5738659, 39.5714686 ], [ -73.5726891, 39.5717203 ], [ -73.5700224, 39.5736348 ], [ -73.5679954, 39.5749653 ], [ -73.565067, 39.5755364 ], [ -73.5603829, 39.5759897 ], [ -73.5588215, 39.5755365 ], [ -73.5578847, 39.5746907 ], [ -73.5570259, 39.5736637 ], [ -73.5560109, 39.5717303 ], [ -73.5549957, 39.564963 ], [ -73.555464, 39.5630294 ], [ -73.555542, 39.562123 ], [ -73.5548564, 39.5611193 ], [ -73.5536072, 39.5609986 ], [ -73.5524721, 39.5611336 ], [ -73.5504068, 39.5622843 ], [ -73.5457836, 39.5663531 ], [ -73.5421145, 39.5684076 ], [ -73.5407874, 39.5686493 ], [ -73.5382892, 39.5687098 ], [ -73.5371182, 39.5685286 ], [ -73.5363472, 39.5682745 ], [ -73.535931, 39.5679005 ], [ -73.5358983, 39.5673048 ], [ -73.5362853, 39.5666354 ], [ -73.538289, 39.5630299 ], [ -73.5398502, 39.5611566 ], [ -73.5438259, 39.5578054 ], [ -73.5466419, 39.5564428 ], [ -73.5489319, 39.5555563 ], [ -73.5524535, 39.5536089 ], [ -73.5539801, 39.5525747 ], [ -73.5549169, 39.5517286 ], [ -73.5555414, 39.5507616 ], [ -73.5564001, 39.5488275 ], [ -73.5569465, 39.5468934 ], [ -73.5591321, 39.5420579 ], [ -73.5607714, 39.5391564 ], [ -73.5622547, 39.5372219 ], [ -73.5645966, 39.5352875 ], [ -73.5678754, 39.5339574 ], [ -73.5703735, 39.5334737 ], [ -73.5727936, 39.5326273 ], [ -73.5736524, 39.5317809 ], [ -73.5737303, 39.5307532 ], [ -73.573418, 39.5288186 ], [ -73.573496, 39.5279117 ], [ -73.5742766, 39.5254933 ], [ -73.5763842, 39.522047 ], [ -73.5781017, 39.5201726 ], [ -73.5823792, 39.5163972 ], [ -73.5873985, 39.5115405 ], [ -73.5890716, 39.5098135 ], [ -73.5910235, 39.5080865 ], [ -73.5926538, 39.5063919 ], [ -73.595726, 39.5041817 ], [ -73.5982424, 39.5010624 ], [ -73.599179, 39.4991269 ], [ -73.5995693, 39.4967076 ], [ -73.5995692, 39.4957398 ], [ -73.5991007, 39.494772 ], [ -73.5983201, 39.4940462 ], [ -73.5969148, 39.4938043 ], [ -73.5955096, 39.4939253 ], [ -73.5929333, 39.4950746 ], [ -73.5879862, 39.4977516 ], [ -73.5796622, 39.5031798 ], [ -73.5772421, 39.5043894 ], [ -73.5757288, 39.5054549 ], [ -73.5699279, 39.5085811 ], [ -73.5663909, 39.5098931 ], [ -73.5564764, 39.5140055 ], [ -73.5539782, 39.5146708 ], [ -73.5527291, 39.5148522 ], [ -73.5514801, 39.5148522 ], [ -73.5489818, 39.51455 ], [ -73.5477328, 39.5141267 ], [ -73.5467958, 39.5132801 ], [ -73.546952, 39.5124336 ], [ -73.5479668, 39.5115869 ], [ -73.5503869, 39.510196 ], [ -73.5513236, 39.5094098 ], [ -73.5549147, 39.5069907 ], [ -73.5581934, 39.5044505 ], [ -73.561394, 39.4995515 ], [ -73.5624088, 39.4976159 ], [ -73.5626429, 39.4966482 ], [ -73.5624867, 39.4947126 ], [ -73.5620963, 39.4937448 ], [ -73.560769, 39.4918697 ], [ -73.5599102, 39.490902 ], [ -73.5593637, 39.4899341 ], [ -73.5590513, 39.4879984 ], [ -73.5606903, 39.4799091 ], [ -73.5606902, 39.4754146 ], [ -73.5605339, 39.4734785 ], [ -73.5599874, 39.4715423 ], [ -73.5588161, 39.4686379 ], [ -73.557567, 39.4667016 ], [ -73.5560203, 39.4653744 ], [ -73.555381, 39.4648258 ], [ -73.5541318, 39.4641602 ], [ -73.5535361, 39.463787 ], [ -73.553244, 39.4633337 ], [ -73.5533783, 39.4625799 ], [ -73.5539132, 39.4621511 ], [ -73.5642282, 39.4541542 ], [ -73.5655292, 39.4525402 ], [ -73.5658414, 39.4515718 ], [ -73.5655291, 39.4506034 ], [ -73.5645923, 39.449756 ], [ -73.5633431, 39.449514 ], [ -73.5620941, 39.4493929 ], [ -73.5582687, 39.4497562 ], [ -73.5557705, 39.4498168 ], [ -73.5545995, 39.4497564 ], [ -73.5532724, 39.4493327 ], [ -73.5511644, 39.4475775 ], [ -73.5499152, 39.4457616 ], [ -73.5488222, 39.4450353 ], [ -73.5475731, 39.4451564 ], [ -73.5452311, 39.4463671 ], [ -73.5445025, 39.4470127 ], [ -73.5407815, 39.4511488 ], [ -73.5395325, 39.4530857 ], [ -73.537737, 39.4550225 ], [ -73.5369349, 39.4563269 ], [ -73.528157, 39.4647885 ], [ -73.5254809, 39.4673682 ], [ -73.5164254, 39.476868 ], [ -73.5132249, 39.4817082 ], [ -73.5103834, 39.4857737 ], [ -73.509634, 39.486548 ], [ -73.5090095, 39.4875159 ], [ -73.4985488, 39.4980413 ], [ -73.4962849, 39.4997349 ], [ -73.4942552, 39.5016703 ], [ -73.4928502, 39.5037802 ], [ -73.4929666, 39.5043661 ], [ -73.4931625, 39.504627 ], [ -73.4955392, 39.505548 ], [ -73.4958099, 39.5060841 ], [ -73.4957735, 39.506576 ], [ -73.4950983, 39.5074452 ], [ -73.4903119, 39.5113218 ], [ -73.4880884, 39.5127982 ], [ -73.4847472, 39.5153864 ], [ -73.4840463, 39.5167087 ], [ -73.4843586, 39.5175551 ], [ -73.4855905, 39.5181195 ], [ -73.4869957, 39.5181194 ], [ -73.488401, 39.5177566 ], [ -73.4901574, 39.5170007 ], [ -73.4933972, 39.5144911 ], [ -73.4944533, 39.5131821 ], [ -73.4997984, 39.50796 ], [ -73.5001888, 39.5073552 ], [ -73.5033113, 39.5042102 ], [ -73.5068242, 39.5003394 ], [ -73.5097906, 39.4975571 ], [ -73.5129913, 39.4948351 ], [ -73.5202514, 39.4893909 ], [ -73.5223591, 39.4876365 ], [ -73.5260282, 39.4852166 ], [ -73.5288074, 39.4835953 ], [ -73.5333665, 39.4818285 ], [ -73.5346156, 39.4814655 ], [ -73.5383629, 39.4814654 ], [ -73.539612, 39.4820704 ], [ -73.5402366, 39.4829174 ], [ -73.5402367, 39.4838853 ], [ -73.539456, 39.4848532 ], [ -73.5383631, 39.4857607 ], [ -73.535865, 39.4869102 ], [ -73.5296195, 39.4889066 ], [ -73.5271215, 39.490056 ], [ -73.5235304, 39.4923548 ], [ -73.5125492, 39.5008634 ], [ -73.5105716, 39.5030609 ], [ -73.50862, 39.5057341 ], [ -73.5039698, 39.5134197 ], [ -73.503546, 39.5147327 ], [ -73.5008636, 39.5197863 ], [ -73.4989116, 39.523995 ], [ -73.4972385, 39.5270166 ], [ -73.4936135, 39.5314406 ], [ -73.4935541, 39.5317229 ], [ -73.4917587, 39.5346247 ], [ -73.4898071, 39.5364383 ], [ -73.487309, 39.5377078 ], [ -73.4848108, 39.5384937 ], [ -73.4798927, 39.54067 ], [ -73.4774725, 39.5423021 ], [ -73.473257, 39.5459691 ], [ -73.4709151, 39.5487093 ], [ -73.4699784, 39.5494345 ], [ -73.4668168, 39.5526983 ], [ -73.4642406, 39.5555992 ], [ -73.4600642, 39.5597691 ], [ -73.4576441, 39.5616425 ], [ -73.4549048, 39.5634444 ], [ -73.4500426, 39.5677457 ], [ -73.4481983, 39.5700297 ], [ -73.4421484, 39.5760234 ], [ -73.4385183, 39.5789839 ], [ -73.4375815, 39.57989 ], [ -73.4352396, 39.5815817 ], [ -73.4342247, 39.5825483 ], [ -73.433366, 39.5835149 ], [ -73.4324293, 39.5854479 ], [ -73.4323513, 39.5864144 ], [ -73.4332881, 39.5873809 ], [ -73.4345373, 39.5878641 ], [ -73.4357863, 39.5878641 ], [ -73.4369574, 39.5876224 ], [ -73.4393774, 39.5864142 ], [ -73.4455914, 39.581388 ], [ -73.4510872, 39.578198 ], [ -73.4521802, 39.5773522 ], [ -73.4528827, 39.5763252 ], [ -73.453351, 39.5743918 ], [ -73.4551464, 39.5705854 ], [ -73.4562393, 39.5686519 ], [ -73.4577225, 39.5666578 ], [ -73.4596741, 39.5647242 ], [ -73.463109, 39.5621257 ], [ -73.465529, 39.5604941 ], [ -73.4688078, 39.5579559 ], [ -73.4723207, 39.5555385 ], [ -73.4748188, 39.5542693 ], [ -73.477317, 39.5532419 ], [ -73.4798151, 39.55161 ], [ -73.4862165, 39.5466538 ], [ -73.4932423, 39.5418181 ], [ -73.5016735, 39.5370727 ], [ -73.5076456, 39.5333151 ], [ -73.5119782, 39.5312387 ], [ -73.5144764, 39.5298481 ], [ -73.5168964, 39.5282762 ], [ -73.5193945, 39.5270669 ], [ -73.5207217, 39.5267042 ], [ -73.5219517, 39.5265562 ], [ -73.5230447, 39.5270399 ], [ -73.5235322, 39.5281551 ], [ -73.52322, 39.5291224 ], [ -73.5201755, 39.5329312 ], [ -73.5144769, 39.5396414 ], [ -73.5119008, 39.5424824 ], [ -73.5081537, 39.5471971 ], [ -73.503548, 39.5525762 ], [ -73.5008156, 39.5548729 ], [ -73.496444, 39.5582572 ], [ -73.4945705, 39.5601307 ], [ -73.4938644, 39.561266 ], [ -73.4938469, 39.5617841 ], [ -73.4939243, 39.5620399 ], [ -73.4944855, 39.5623013 ], [ -73.4960016, 39.5623524 ], [ -73.4977713, 39.5621247 ], [ -73.5015186, 39.5614599 ], [ -73.5040168, 39.5607347 ], [ -73.5065149, 39.5602511 ], [ -73.5219203, 39.5565644 ], [ -73.5258757, 39.555416 ], [ -73.5277492, 39.554449 ], [ -73.5302474, 39.5528172 ], [ -73.5323552, 39.5510041 ], [ -73.5340725, 39.5491908 ], [ -73.537039, 39.5453225 ], [ -73.5382098, 39.5433883 ], [ -73.5386782, 39.5424212 ], [ -73.5396149, 39.5395197 ], [ -73.5407078, 39.5386734 ], [ -73.544455, 39.5368598 ], [ -73.5457041, 39.5364971 ], [ -73.5467971, 39.5368598 ], [ -73.5471094, 39.5377664 ], [ -73.546563, 39.5397008 ], [ -73.5451578, 39.5416352 ], [ -73.5369612, 39.5512456 ], [ -73.531809, 39.5580145 ], [ -73.530638, 39.5599483 ], [ -73.5285305, 39.5647826 ], [ -73.5275157, 39.5667162 ], [ -73.5233003, 39.573423 ], [ -73.5218952, 39.575296 ], [ -73.5202113, 39.578265 ], [ -73.5169677, 39.585989 ], [ -73.5168213, 39.5868951 ], [ -73.5171336, 39.5878616 ], [ -73.5180705, 39.5887073 ], [ -73.5192415, 39.5888884 ], [ -73.5217397, 39.5882843 ], [ -73.5231927, 39.5875848 ], [ -73.5274906, 39.5861297 ], [ -73.529156, 39.5858075 ], [ -73.5304052, 39.586049 ], [ -73.5311078, 39.5868947 ], [ -73.5309518, 39.5888276 ], [ -73.5298589, 39.5907606 ], [ -73.5280634, 39.5928143 ], [ -73.5238064, 39.5961785 ], [ -73.5197398, 39.6 ], [ -73.57561, 39.6 ] ] ] } },
{ "type": "Feature", "properties": { "RCID": 213, "PRIM": 3, "GRUP": 1, "OBJL": 42, "RVER": 1, "AGEN": 550, "FIDN": -725060872, "FIDS": 48294, "LNAM": "0226D4C872F8BCA6", "DRVAL1": 128.0, "DRVAL2": 137.1 }, "geometry": { "type": "Polygon", "coordinates": [ [ [ -72.7059878, 39.166667 ], [ -72.7059257, 39.1671237 ], [ -72.7055447, 39.1681828 ], [ -72.7055559, 39.1694302 ], [ -72.7065904, 39.1716264 ], [ -72.7078129, 39.1743348 ], [ -72.7093176, 39.1775555 ], [ -72.7097525, 39.1790833 ], [ -72.7095257, 39.1804599 ], [ -72.7087094, 39.1815541 ], [ -72.7040426, 39.1867614 ], [ -72.6980442, 39.1923717 ], [ -72.6918607, 39.1992428 ], [ -72.6875055, 39.2031849 ], [ -72.6789184, 39.2122352 ], [ -72.6774352, 39.2133891 ], [ -72.6744332, 39.2152056 ], [ -72.673043, 39.2175286 ], [ -72.6728035, 39.219766 ], [ -72.673298, 39.2228023 ], [ -72.6732283, 39.2245774 ], [ -72.6730849, 39.2260535 ], [ -72.6724399, 39.226889 ], [ -72.6709347, 39.2281979 ], [ -72.6708313, 39.2282857 ], [ -72.6662172, 39.2322035 ], [ -72.6626813, 39.2347036 ], [ -72.6570086, 39.2391156 ], [ -72.6542502, 39.2406537 ], [ -72.6519651, 39.2417599 ], [ -72.6492773, 39.2429571 ], [ -72.6454288, 39.2449035 ], [ -72.6447604, 39.2454337 ], [ -72.641373, 39.2481209 ], [ -72.6382317, 39.2512419 ], [ -72.6366074, 39.2528557 ], [ -72.6332897, 39.2569225 ], [ -72.6325169, 39.2585248 ], [ -72.6317676, 39.2612925 ], [ -72.6312547, 39.2648471 ], [ -72.6298805, 39.2676633 ], [ -72.6297237, 39.2679846 ], [ -72.6277347, 39.2708793 ], [ -72.6257637, 39.2728275 ], [ -72.6237927, 39.2741913 ], [ -72.6230042, 39.2749427 ], [ -72.6224981, 39.275976 ], [ -72.6224265, 39.2768387 ], [ -72.6224623, 39.2776458 ], [ -72.6231746, 39.2783826 ], [ -72.6243456, 39.278868 ], [ -72.6256791, 39.2787235 ], [ -72.6272405, 39.2779201 ], [ -72.6320804, 39.2733082 ], [ -72.6337897, 39.2709569 ], [ -72.6344602, 39.2695078 ], [ -72.6346139, 39.2691756 ], [ -72.635359, 39.2662689 ], [ -72.6356711, 39.2635986 ], [ -72.6361595, 39.2619295 ], [ -72.6370912, 39.2605098 ], [ -72.6385605, 39.2589788 ], [ -72.6410153, 39.2574198 ], [ -72.643273, 39.2564455 ], [ -72.6441531, 39.2561037 ], [ -72.6454232, 39.2556104 ], [ -72.6500103, 39.2541349 ], [ -72.6538091, 39.2522974 ], [ -72.6556228, 39.2510584 ], [ -72.6603762, 39.2478112 ], [ -72.6622796, 39.2456967 ], [ -72.6651018, 39.241139 ], [ -72.6657731, 39.2404591 ], [ -72.667976, 39.2391741 ], [ -72.6718311, 39.2381032 ], [ -72.6758907, 39.2381275 ], [ -72.6789561, 39.2392499 ], [ -72.6800312, 39.2400017 ], [ -72.6810525, 39.241394 ], [ -72.6816618, 39.2434266 ], [ -72.6819843, 39.2450137 ], [ -72.681841, 39.2464059 ], [ -72.6812317, 39.2473803 ], [ -72.6800849, 39.2481599 ], [ -72.6768125, 39.2498195 ], [ -72.673924, 39.2506087 ], [ -72.6711916, 39.2521263 ], [ -72.6659794, 39.2562397 ], [ -72.6658523, 39.2563553 ], [ -72.6627606, 39.2591673 ], [ -72.6578864, 39.2655642 ], [ -72.6544858, 39.2680888 ], [ -72.6526448, 39.269174 ], [ -72.6503381, 39.2697961 ], [ -72.6500646, 39.2698699 ], [ -72.6480935, 39.2706493 ], [ -72.6464092, 39.2717904 ], [ -72.6445432, 39.2735242 ], [ -72.6429566, 39.2749983 ], [ -72.635497, 39.2844518 ], [ -72.6285215, 39.2920441 ], [ -72.6236667, 39.2983118 ], [ -72.6201634, 39.3000782 ], [ -72.6164682, 39.301095 ], [ -72.6142967, 39.3013615 ], [ -72.6125765, 39.3020292 ], [ -72.6119047, 39.302404 ], [ -72.6114297, 39.302669 ], [ -72.6083351, 39.3049882 ], [ -72.6011286, 39.312208 ], [ -72.5941576, 39.317423 ], [ -72.5879742, 39.3211097 ], [ -72.5830276, 39.3236588 ], [ -72.5809431, 39.3258153 ], [ -72.5755815, 39.3344645 ], [ -72.5732981, 39.3374201 ], [ -72.572221, 39.33993 ], [ -72.5719972, 39.3413202 ], [ -72.5726739, 39.3434217 ], [ -72.5730643, 39.3440279 ], [ -72.5739699, 39.344731 ], [ -72.5762183, 39.3453857 ], [ -72.5773737, 39.3462828 ], [ -72.5771631, 39.3505303 ], [ -72.5769839, 39.352671 ], [ -72.5763388, 39.3542833 ], [ -72.5762063, 39.3545068 ], [ -72.5755146, 39.3556733 ], [ -72.574762, 39.3562014 ], [ -72.574117, 39.3563682 ], [ -72.5735078, 39.3564238 ], [ -72.5728985, 39.3563126 ], [ -72.5723252, 39.3560346 ], [ -72.5717875, 39.3553397 ], [ -72.5712859, 39.3536439 ], [ -72.5706408, 39.3527265 ], [ -72.5699241, 39.3520871 ], [ -72.5686929, 39.351605 ], [ -72.5680683, 39.3517262 ], [ -72.5649456, 39.3536053 ], [ -72.5637747, 39.3554237 ], [ -72.5626038, 39.3579692 ], [ -72.5621876, 39.3599086 ], [ -72.5613376, 39.3618884 ], [ -72.560262, 39.3625147 ], [ -72.559117, 39.3627369 ], [ -72.5572433, 39.3620097 ], [ -72.5549309, 39.3593027 ], [ -72.5537921, 39.3591417 ], [ -72.5527672, 39.359424 ], [ -72.5502692, 39.3612423 ], [ -72.5478977, 39.362378 ], [ -72.5453892, 39.3633231 ], [ -72.5418234, 39.3646295 ], [ -72.5393507, 39.3660192 ], [ -72.5364121, 39.3683817 ], [ -72.5302062, 39.3737261 ], [ -72.5280985, 39.3751805 ], [ -72.5271617, 39.3762711 ], [ -72.5233946, 39.3793599 ], [ -72.5223912, 39.3806104 ], [ -72.5210294, 39.3828613 ], [ -72.5191659, 39.3851676 ], [ -72.5169353, 39.3871769 ], [ -72.5144868, 39.3889778 ], [ -72.5127041, 39.3898426 ], [ -72.5113077, 39.3897793 ], [ -72.5102061, 39.3893496 ], [ -72.5096776, 39.3883696 ], [ -72.509831, 39.3876618 ], [ -72.5099872, 39.3870387 ], [ -72.5124266, 39.3823909 ], [ -72.5124311, 39.3818741 ], [ -72.5121586, 39.3812746 ], [ -72.5105251, 39.3803239 ], [ -72.5095883, 39.3800816 ], [ -72.5083214, 39.3801493 ], [ -72.5055109, 39.3809674 ], [ -72.5037102, 39.3820156 ], [ -72.5028047, 39.3834212 ], [ -72.5016292, 39.3890618 ], [ -72.5008408, 39.3903956 ], [ -72.5000167, 39.3914513 ], [ -72.4981601, 39.3925993 ], [ -72.4930466, 39.3932961 ], [ -72.4903586, 39.3945076 ], [ -72.4882801, 39.3948966 ], [ -72.4863448, 39.3948966 ], [ -72.4860158, 39.394894 ], [ -72.482797, 39.3948687 ], [ -72.478855, 39.3949243 ], [ -72.4760955, 39.3953689 ], [ -72.4748413, 39.3956467 ], [ -72.4741944, 39.3960057 ], [ -72.4726656, 39.3968539 ], [ -72.4644353, 39.4083484 ], [ -72.4612737, 39.4108013 ], [ -72.4595562, 39.4114675 ], [ -72.4579948, 39.4117703 ], [ -72.4570581, 39.4117703 ], [ -72.4558089, 39.4112859 ], [ -72.4519054, 39.4083185 ], [ -72.4511247, 39.4080157 ], [ -72.4497194, 39.4078946 ], [ -72.4484703, 39.4080158 ], [ -72.4465187, 39.4087729 ], [ -72.4455038, 39.4099539 ], [ -72.4445047, 39.4138298 ], [ -72.4432402, 39.4170998 ], [ -72.4421039, 39.4188627 ], [ -72.4396381, 39.4209667 ], [ -72.438166, 39.4218232 ], [ -72.4340284, 39.4234278 ], [ -72.42776, 39.4245625 ], [ -72.422032, 39.4260217 ], [ -72.4208663, 39.4264738 ], [ -72.418715, 39.4284458 ], [ -72.4169708, 39.4294603 ], [ -72.4149801, 39.4301036 ], [ -72.4126381, 39.4305579 ], [ -72.4109987, 39.4315114 ], [ -72.4100619, 39.4329645 ], [ -72.4094375, 39.4349018 ], [ -72.4079756, 39.4366556 ], [ -72.4047393, 39.4377013 ], [ -72.4036996, 39.4387763 ], [ -72.4034612, 39.4417359 ], [ -72.4042073, 39.4428927 ], [ -72.4053783, 39.4441033 ], [ -72.4070438, 39.4450717 ], [ -72.4100313, 39.4460643 ], [ -72.4130292, 39.4466453 ], [ -72.4151901, 39.446887 ], [ -72.418494, 39.4472101 ], [ -72.4231782, 39.4474117 ], [ -72.4276281, 39.4483699 ], [ -72.4287991, 39.4488239 ], [ -72.4294237, 39.4494291 ], [ -72.4298253, 39.4507434 ], [ -72.4291115, 39.4518502 ], [ -72.428487, 39.4523344 ], [ -72.4266134, 39.4530607 ], [ -72.4243235, 39.4532827 ], [ -72.4090331, 39.4517373 ], [ -72.4050552, 39.4515707 ], [ -72.4035819, 39.4516225 ], [ -72.40269, 39.4516539 ], [ -72.4010415, 39.4519593 ], [ -72.3963229, 39.453328 ], [ -72.3942064, 39.4543125 ], [ -72.391717, 39.4559063 ], [ -72.3890367, 39.4583277 ], [ -72.386313, 39.4604927 ], [ -72.3831952, 39.4629076 ], [ -72.3816184, 39.4646561 ], [ -72.3812959, 39.4653777 ], [ -72.3810221, 39.4667391 ], [ -72.3815354, 39.4703178 ], [ -72.3821335, 39.471836 ], [ -72.3826879, 39.4728706 ], [ -72.3836133, 39.4746634 ], [ -72.3875762, 39.4801621 ], [ -72.3883223, 39.4817037 ], [ -72.3888103, 39.4837203 ], [ -72.3896106, 39.4853738 ], [ -72.3914843, 39.4871887 ], [ -72.3943261, 39.4881202 ], [ -72.3984883, 39.4886575 ], [ -72.3994591, 39.4891889 ], [ -72.4005122, 39.4898616 ], [ -72.4011968, 39.4904528 ], [ -72.4015428, 39.4909108 ], [ -72.4019867, 39.4920835 ], [ -72.4017896, 39.492961 ], [ -72.39976, 39.4947584 ], [ -72.3995118, 39.495467 ], [ -72.3995644, 39.4960581 ], [ -72.3998802, 39.4966341 ], [ -72.4007489, 39.4971388 ], [ -72.4027267, 39.4977134 ], [ -72.4050168, 39.4977133 ], [ -72.4082138, 39.4969701 ], [ -72.4097118, 39.496825 ], [ -72.4138125, 39.4974711 ], [ -72.414867, 39.4981549 ], [ -72.4161213, 39.4990426 ], [ -72.4171247, 39.5000691 ], [ -72.4185748, 39.5015838 ], [ -72.4196619, 39.5033889 ], [ -72.4209803, 39.5092235 ], [ -72.4218824, 39.5116692 ], [ -72.4249772, 39.5157348 ], [ -72.4284143, 39.521563 ], [ -72.4323532, 39.5268678 ], [ -72.4384527, 39.5359763 ], [ -72.439221, 39.5377607 ], [ -72.4424689, 39.5486115 ], [ -72.4434961, 39.5561633 ], [ -72.4433806, 39.5576844 ], [ -72.443152, 39.5606948 ], [ -72.4424991, 39.5647391 ], [ -72.4406912, 39.5711768 ], [ -72.4391885, 39.5744243 ], [ -72.4367687, 39.5784722 ], [ -72.4361174, 39.5811606 ], [ -72.4363656, 39.5842314 ], [ -72.4371594, 39.586688 ], [ -72.4387209, 39.5891646 ], [ -72.441782, 39.5961257 ], [ -72.4426778, 39.5984803 ], [ -72.4431154, 39.6 ], [ -72.4393573, 39.6 ], [ -72.4380604, 39.5961805 ], [ -72.4357307, 39.591673 ], [ -72.4344271, 39.588621 ], [ -72.4330216, 39.5833859 ], [ -72.4332166, 39.579439 ], [ -72.4338118, 39.5775963 ], [ -72.4376199, 39.5710464 ], [ -72.4392044, 39.5678927 ], [ -72.4403005, 39.5633671 ], [ -72.4408428, 39.5600073 ], [ -72.4405927, 39.553819 ], [ -72.4397337, 39.5480573 ], [ -72.4375264, 39.541187 ], [ -72.4337608, 39.5342958 ], [ -72.4264041, 39.5236392 ], [ -72.4221216, 39.5178353 ], [ -72.4193684, 39.5134286 ], [ -72.4174127, 39.5115773 ], [ -72.4123152, 39.5080619 ], [ -72.4030728, 39.5046256 ], [ -72.4002288, 39.5031569 ], [ -72.394998, 39.498258 ], [ -72.391797, 39.4944475 ], [ -72.3889083, 39.4919071 ], [ -72.3858635, 39.4897295 ], [ -72.3828969, 39.4885802 ], [ -72.3787592, 39.4875784 ], [ -72.3742879, 39.4869289 ], [ -72.3696858, 39.4871168 ], [ -72.3695634, 39.4871218 ], [ -72.369547, 39.4842251 ], [ -72.3660339, 39.4833178 ], [ -72.3639103, 39.4822893 ], [ -72.3612559, 39.4804624 ], [ -72.35958, 39.478236 ], [ -72.3576618, 39.4733362 ], [ -72.3573256, 39.4719604 ], [ -72.3567975, 39.4707334 ], [ -72.3556932, 39.4695064 ], [ -72.3530737, 39.4674661 ], [ -72.3462035, 39.4648037 ], [ -72.3440819, 39.4633345 ], [ -72.3434308, 39.4621155 ], [ -72.3434846, 39.46079 ], [ -72.3454661, 39.4582493 ], [ -72.3457571, 39.4578761 ], [ -72.3493778, 39.455484 ], [ -72.3505607, 39.4543835 ], [ -72.3512774, 39.4528209 ], [ -72.3510738, 39.4510707 ], [ -72.3504015, 39.4498434 ], [ -72.3493933, 39.4489879 ], [ -72.3481929, 39.4481697 ], [ -72.3463205, 39.4471282 ], [ -72.3443999, 39.4460495 ], [ -72.3430798, 39.4446499 ], [ -72.3412684, 39.4420229 ], [ -72.3408468, 39.4397347 ], [ -72.3415181, 39.4381729 ], [ -72.3429856, 39.4358966 ], [ -72.3437708, 39.43544 ], [ -72.3514463, 39.4330589 ], [ -72.3549455, 39.4305445 ], [ -72.356702, 39.4287281 ], [ -72.3575215, 39.4270328 ], [ -72.3586612, 39.4234967 ], [ -72.36016, 39.420784 ], [ -72.3608559, 39.4199743 ], [ -72.363064, 39.4179501 ], [ -72.3680081, 39.4153931 ], [ -72.3720416, 39.4126814 ], [ -72.3753984, 39.4100771 ], [ -72.3779143, 39.408606 ], [ -72.3784046, 39.408407 ], [ -72.3799309, 39.4077873 ], [ -72.3814673, 39.4074523 ], [ -72.3861939, 39.4062354 ], [ -72.3884616, 39.4048279 ], [ -72.3888816, 39.4041761 ], [ -72.3886316, 39.401657 ], [ -72.3886695, 39.4008708 ], [ -72.3887559, 39.4003855 ], [ -72.3890302, 39.3998068 ], [ -72.3898939, 39.3989708 ], [ -72.3925912, 39.3980987 ], [ -72.3953927, 39.3967982 ], [ -72.3975823, 39.3948504 ], [ -72.3977384, 39.3943657 ], [ -72.3977299, 39.3937681 ], [ -72.3970549, 39.3932187 ], [ -72.3960514, 39.3931402 ], [ -72.389392, 39.3940553 ], [ -72.3859108, 39.3942483 ], [ -72.385035, 39.3942079 ], [ -72.3838529, 39.3940453 ], [ -72.3829106, 39.3936191 ], [ -72.3823799, 39.3929428 ], [ -72.3823799, 39.3924583 ], [ -72.3832043, 39.3916638 ], [ -72.3860147, 39.3907248 ], [ -72.3884192, 39.3893254 ], [ -72.3898243, 39.3880531 ], [ -72.3904352, 39.387105 ], [ -72.3901716, 39.3842425 ], [ -72.3911668, 39.382334 ], [ -72.3923378, 39.3816524 ], [ -72.3964753, 39.3807586 ], [ -72.3987393, 39.37988 ], [ -72.4014717, 39.3792438 ], [ -72.4041259, 39.3782137 ], [ -72.4066241, 39.3767595 ], [ -72.4106054, 39.3736692 ], [ -72.4129734, 39.3723563 ], [ -72.4152113, 39.3714877 ], [ -72.4278863, 39.3678384 ], [ -72.4286562, 39.3675933 ], [ -72.4324475, 39.3663861 ], [ -72.4348482, 39.3656041 ], [ -72.4365286, 39.3648221 ], [ -72.4384491, 39.3632953 ], [ -72.4419541, 39.3600925 ], [ -72.4427217, 39.3594698 ], [ -72.4445709, 39.3579697 ], [ -72.4463954, 39.3571503 ], [ -72.4513563, 39.3562453 ], [ -72.453604, 39.3555091 ], [ -72.4549811, 39.3548684 ], [ -72.4570436, 39.3536516 ], [ -72.4577699, 39.3527953 ], [ -72.4581766, 39.3518489 ], [ -72.4581766, 39.3506319 ], [ -72.4575956, 39.3494826 ], [ -72.4559688, 39.3484009 ], [ -72.4554169, 39.34786 ], [ -72.4552716, 39.3473868 ], [ -72.4552716, 39.3468459 ], [ -72.4554169, 39.3464176 ], [ -72.4561722, 39.3458993 ], [ -72.4568403, 39.3455387 ], [ -72.4576242, 39.3454236 ], [ -72.4634563, 39.3447586 ], [ -72.4670948, 39.3439478 ], [ -72.4698316, 39.3431283 ], [ -72.4722803, 39.3417873 ], [ -72.4746809, 39.3403717 ], [ -72.4778978, 39.3382855 ], [ -72.4791461, 39.3373542 ], [ -72.481958, 39.3348159 ], [ -72.482036, 39.334075 ], [ -72.481532, 39.333366 ], [ -72.4805898, 39.3327024 ], [ -72.4801623, 39.3319732 ], [ -72.4800825, 39.3310602 ], [ -72.4807, 39.3298713 ], [ -72.4841904, 39.3281769 ], [ -72.4856432, 39.3276581 ], [ -72.4873443, 39.3269944 ], [ -72.4883805, 39.3267464 ], [ -72.4917421, 39.3265597 ], [ -72.4932491, 39.3259745 ], [ -72.4963859, 39.3237254 ], [ -72.4978053, 39.3231741 ], [ -72.4989763, 39.3231134 ], [ -72.5009033, 39.3237987 ], [ -72.5024397, 39.3242085 ], [ -72.5034262, 39.3243866 ], [ -72.5051318, 39.3243866 ], [ -72.5126512, 39.3209351 ], [ -72.5162171, 39.3198297 ], [ -72.5164322, 39.3197406 ], [ -72.5180432, 39.319073 ], [ -72.5202089, 39.3178793 ], [ -72.5218891, 39.3168516 ], [ -72.5257534, 39.3153506 ], [ -72.532155, 39.3150472 ], [ -72.5388689, 39.3152895 ], [ -72.5433968, 39.3147032 ], [ -72.5452888, 39.3140907 ], [ -72.5477685, 39.3127422 ], [ -72.5524525, 39.3091032 ], [ -72.5550755, 39.3079144 ], [ -72.5571365, 39.3076474 ], [ -72.563382, 39.3076472 ], [ -72.5670043, 39.3074712 ], [ -72.5685005, 39.3070353 ], [ -72.5702963, 39.3053604 ], [ -72.5714292, 39.3037579 ], [ -72.5719888, 39.3023095 ], [ -72.5717238, 39.3006631 ], [ -72.5702862, 39.2979826 ], [ -72.5699503, 39.2964171 ], [ -72.5701392, 39.2952429 ], [ -72.5711881, 39.2939385 ], [ -72.5731398, 39.2924219 ], [ -72.5762624, 39.2905412 ], [ -72.5795586, 39.2877847 ], [ -72.5804643, 39.2869072 ], [ -72.5837872, 39.2836881 ], [ -72.585176, 39.2818376 ], [ -72.5854686, 39.2800177 ], [ -72.5839748, 39.2754214 ], [ -72.5845173, 39.2737345 ], [ -72.5853956, 39.2728243 ], [ -72.5896111, 39.2695473 ], [ -72.5914846, 39.267848 ], [ -72.5937064, 39.2647669 ], [ -72.5941658, 39.2626235 ], [ -72.5942825, 39.2597564 ], [ -72.5950747, 39.2535277 ], [ -72.5951434, 39.2532719 ], [ -72.5959869, 39.2501335 ], [ -72.5964799, 39.2457548 ], [ -72.5974685, 39.2419101 ], [ -72.5985343, 39.2390089 ], [ -72.6013728, 39.2352243 ], [ -72.6058351, 39.2310777 ], [ -72.6066372, 39.2302499 ], [ -72.60812, 39.2287195 ], [ -72.608908, 39.2279062 ], [ -72.6103963, 39.2263391 ], [ -72.6129177, 39.2230991 ], [ -72.6254582, 39.210947 ], [ -72.6276705, 39.2063565 ], [ -72.6333703, 39.1971902 ], [ -72.6348758, 39.1941064 ], [ -72.6354388, 39.1929531 ], [ -72.6365263, 39.1909762 ], [ -72.6395514, 39.1870821 ], [ -72.6417298, 39.1857733 ], [ -72.6431566, 39.1852735 ], [ -72.6447533, 39.1850769 ], [ -72.6509296, 39.1863585 ], [ -72.6535449, 39.1863584 ], [ -72.6570059, 39.1855887 ], [ -72.6586713, 39.1849405 ], [ -72.6609613, 39.1835633 ], [ -72.6619065, 39.1829422 ], [ -72.6631122, 39.1813603 ], [ -72.6642878, 39.1779446 ], [ -72.6653066, 39.1731257 ], [ -72.666247, 39.1697706 ], [ -72.6667995, 39.1683924 ], [ -72.6680009, 39.1673584 ], [ -72.6690453, 39.166667 ], [ -72.684838, 39.166667 ], [ -72.691066, 39.166667 ], [ -72.701428, 39.166667 ], [ -72.7053189, 39.166667 ], [ -72.7059878, 39.166667 ] ] ] } },
{ "type": "Feature", "properties": { "RCID": 214, "PRIM": 3, "GRUP": 1, "OBJL": 42, "RVER": 1, "AGEN": 550, "FIDN": -1774680725, "FIDS": 48294, "LNAM": "02269638856BBCA6", "DRVAL1": 100.5, "DRVAL2": 109.7 }, "geometry": { "type": "Polygon", "coordinates": [ [ [ -72.3790309, 39.6 ], [ -72.3791864, 39.5995188 ], [ -72.3789256, 39.5962925 ], [ -72.3764907, 39.5907671 ], [ -72.3748108, 39.5863282 ], [ -72.3743557, 39.584569 ], [ -72.3741107, 39.5832158 ], [ -72.3741457, 39.5814295 ], [ -72.3746883, 39.5791018 ], [ -72.3754234, 39.5770988 ], [ -72.3764387, 39.5751228 ], [ -72.3779047, 39.5726137 ], [ -72.3799181, 39.5681904 ], [ -72.3800901, 39.5630064 ], [ -72.3797778, 39.5620395 ], [ -72.377658, 39.5596704 ], [ -72.3768178, 39.558831 ], [ -72.3753277, 39.5576283 ], [ -72.373376, 39.5567219 ], [ -72.3705655, 39.5562687 ], [ -72.3680673, 39.5565105 ], [ -72.3660125, 39.5571071 ], [ -72.3583222, 39.5605697 ], [ -72.3485214, 39.5649825 ], [ -72.3442716, 39.5680893 ], [ -72.3412906, 39.5726752 ], [ -72.3395907, 39.5766269 ], [ -72.338871, 39.581073 ], [ -72.3388112, 39.5858732 ], [ -72.3365296, 39.5938186 ], [ -72.3365297, 39.5974426 ], [ -72.3360309, 39.6 ], [ -72.3740477, 39.6 ], [ -72.3790309, 39.6 ] ] ] } },
{ "type": "Feature", "properties": { "RCID": 215, "PRIM": 3, "GRUP": 1, "OBJL": 42, "RVER": 1, "AGEN": 550, "FIDN": 531478095, "FIDS": 48294, "LNAM": "02261FADB64FBCA6", "DRVAL1": 173.7, "DRVAL2": 182.8 }, "geometry": { "type": "Polygon", "coordinates": [ [ [ -72.391, 39.6 ], [ -72.3915473, 39.5991168 ], [ -72.3911618, 39.5931646 ], [ -72.3903966, 39.5907969 ], [ -72.3892646, 39.5890452 ], [ -72.3874611, 39.5878493 ], [ -72.384203, 39.5865889 ], [ -72.3833489, 39.5861367 ], [ -72.3829502, 39.5853773 ], [ -72.3829801, 39.584986 ], [ -72.3834758, 39.5829365 ], [ -72.3867267, 39.5774467 ], [ -72.3891481, 39.5726984 ], [ -72.3901374, 39.5689369 ], [ -72.3902392, 39.565544 ], [ -72.3899268, 39.5639124 ], [ -72.3876412, 39.5569302 ], [ -72.3846176, 39.5525515 ], [ -72.3817366, 39.5501642 ], [ -72.3789334, 39.5486337 ], [ -72.3752882, 39.5473314 ], [ -72.3729446, 39.5462731 ], [ -72.3634029, 39.5432785 ], [ -72.3601037, 39.5424587 ], [ -72.3522474, 39.541021 ], [ -72.3445499, 39.5398622 ], [ -72.3421477, 39.5391649 ], [ -72.322759, 39.5354122 ], [ -72.3130658, 39.5321491 ], [ -72.3121571, 39.5317093 ], [ -72.2998216, 39.5279569 ], [ -72.2887481, 39.5233575 ], [ -72.2834394, 39.5214833 ], [ -72.2821903, 39.5212415 ], [ -72.2771802, 39.5196249 ], [ -72.2683193, 39.5174579 ], [ -72.261337, 39.5153904 ], [ -72.2577268, 39.5146631 ], [ -72.2496354, 39.5139259 ], [ -72.244717, 39.5139261 ], [ -72.231207, 39.5147783 ], [ -72.2303012, 39.5147146 ], [ -72.2217899, 39.5141155 ], [ -72.2187046, 39.5132194 ], [ -72.2155469, 39.5117928 ], [ -72.2115259, 39.5090934 ], [ -72.2080247, 39.5081218 ], [ -72.2050581, 39.5081219 ], [ -72.2032625, 39.5083034 ], [ -72.1966788, 39.5096676 ], [ -72.1939724, 39.5105413 ], [ -72.1879502, 39.5132627 ], [ -72.1849167, 39.514835 ], [ -72.1791433, 39.5183648 ], [ -72.174279, 39.5216825 ], [ -72.1670238, 39.5263397 ], [ -72.1563471, 39.5346965 ], [ -72.1505759, 39.5392253 ], [ -72.1447044, 39.5452438 ], [ -72.1439803, 39.5459861 ], [ -72.1294904, 39.5590256 ], [ -72.1268361, 39.5610803 ], [ -72.1212154, 39.5643436 ], [ -72.1139708, 39.567498 ], [ -72.1054072, 39.5705361 ], [ -72.1002067, 39.5731121 ], [ -72.0922668, 39.5781895 ], [ -72.090492, 39.5793244 ], [ -72.0852155, 39.5825754 ], [ -72.075487, 39.5892682 ], [ -72.0663768, 39.5963426 ], [ -72.0631621, 39.5984986 ], [ -72.0609235, 39.6 ], [ -72.0660883, 39.6 ], [ -72.0661236, 39.5999703 ], [ -72.0663827, 39.5997521 ], [ -72.07467, 39.5929908 ], [ -72.0841707, 39.5863231 ], [ -72.0951381, 39.5796699 ], [ -72.0965332, 39.5788236 ], [ -72.1027137, 39.5752804 ], [ -72.1120274, 39.5709588 ], [ -72.120591, 39.5673497 ], [ -72.1328734, 39.559205 ], [ -72.1370108, 39.5554196 ], [ -72.1385809, 39.5535954 ], [ -72.1417241, 39.5498957 ], [ -72.1452089, 39.5467243 ], [ -72.1459933, 39.545952 ], [ -72.148967, 39.5430242 ], [ -72.152896, 39.5392182 ], [ -72.1567224, 39.5362049 ], [ -72.1599358, 39.533881 ], [ -72.1657907, 39.5291653 ], [ -72.1701291, 39.5260828 ], [ -72.1750989, 39.5225109 ], [ -72.1840672, 39.5182057 ], [ -72.200296, 39.5109644 ], [ -72.2048083, 39.5100571 ], [ -72.2067756, 39.510057 ], [ -72.2118928, 39.5116347 ], [ -72.2158422, 39.5141769 ], [ -72.2213817, 39.515992 ], [ -72.2247747, 39.5178706 ], [ -72.2262931, 39.5180385 ], [ -72.233007, 39.5180383 ], [ -72.2368962, 39.5177644 ], [ -72.2383835, 39.5176596 ], [ -72.2415685, 39.5169194 ], [ -72.2453746, 39.5162876 ], [ -72.24784, 39.5165262 ], [ -72.2510017, 39.5171383 ], [ -72.2648543, 39.5210123 ], [ -72.2756853, 39.5226642 ], [ -72.2901508, 39.5263216 ], [ -72.294057, 39.5281941 ], [ -72.31295, 39.5356899 ], [ -72.321902, 39.5383782 ], [ -72.3251998, 39.5391077 ], [ -72.3289045, 39.5394263 ], [ -72.3326738, 39.54026 ], [ -72.3414964, 39.542899 ], [ -72.3588369, 39.5455712 ], [ -72.3731353, 39.549161 ], [ -72.377123, 39.55092 ], [ -72.3800349, 39.5532996 ], [ -72.383525, 39.5576885 ], [ -72.3860398, 39.5620712 ], [ -72.3869043, 39.5648353 ], [ -72.3876299, 39.5671851 ], [ -72.3877207, 39.5686583 ], [ -72.3876632, 39.5700153 ], [ -72.3865745, 39.5736596 ], [ -72.3840333, 39.5767218 ], [ -72.3801301, 39.5803467 ], [ -72.3797398, 39.5809509 ], [ -72.3792793, 39.5830895 ], [ -72.3801126, 39.5856683 ], [ -72.3837194, 39.5899942 ], [ -72.3855173, 39.5912923 ], [ -72.3877815, 39.5933943 ], [ -72.3889656, 39.5952264 ], [ -72.3891947, 39.5977067 ], [ -72.3888513, 39.5993012 ], [ -72.3884565, 39.6 ], [ -72.391, 39.6 ] ] ] } },
{ "type": "Feature", "properties": { "RCID": 216, "PRIM": 3, "GRUP": 1, "OBJL": 42, "RVER": 1, "AGEN": 550, "FIDN": -787977656, "FIDS": 48294, "LNAM": "0226D1086A48BCA6", "DRVAL1": 173.7, "DRVAL2": 182.8 }, "geometry": { "type": "Polygon", "coordinates": [ [ [ -72.6013753, 39.166667 ], [ -72.5967033, 39.1693413 ], [ -72.5603314, 39.1895812 ], [ -72.556298, 39.1919581 ], [ -72.5523444, 39.1943056 ], [ -72.5488997, 39.1965133 ], [ -72.5424353, 39.2006562 ], [ -72.5326788, 39.2058129 ], [ -72.5244615, 39.2088321 ], [ -72.5182703, 39.2122219 ], [ -72.5141161, 39.2147909 ], [ -72.5117134, 39.2168089 ], [ -72.5115385, 39.2169558 ], [ -72.5072254, 39.2198052 ], [ -72.5028405, 39.2223752 ], [ -72.4995338, 39.2242189 ], [ -72.4965865, 39.2257831 ], [ -72.4929925, 39.2277326 ], [ -72.4917686, 39.228875 ], [ -72.4823165, 39.2346953 ], [ -72.478009, 39.23706 ], [ -72.4672971, 39.2422451 ], [ -72.4659089, 39.2429977 ], [ -72.4500374, 39.2516025 ], [ -72.4463286, 39.2533066 ], [ -72.4280011, 39.2631583 ], [ -72.423471, 39.2658998 ], [ -72.4190351, 39.2685842 ], [ -72.4110388, 39.2740899 ], [ -72.4044332, 39.2782909 ], [ -72.3949093, 39.2856933 ], [ -72.3858126, 39.292039 ], [ -72.3767227, 39.3000355 ], [ -72.3705528, 39.3043172 ], [ -72.3624845, 39.3118993 ], [ -72.3613729, 39.3131603 ], [ -72.3584975, 39.3161174 ], [ -72.3552268, 39.3200228 ], [ -72.354216, 39.3212633 ], [ -72.3521357, 39.3238164 ], [ -72.3492604, 39.3271077 ], [ -72.346353, 39.3308994 ], [ -72.3462707, 39.3309988 ], [ -72.3426059, 39.3354264 ], [ -72.337922, 39.3395491 ], [ -72.3340578, 39.3435502 ], [ -72.331755, 39.3465812 ], [ -72.3260564, 39.3556733 ], [ -72.3233502, 39.358825 ], [ -72.3175001, 39.3647489 ], [ -72.3121426, 39.3706674 ], [ -72.3081798, 39.3760353 ], [ -72.3060944, 39.3796362 ], [ -72.301117, 39.3898206 ], [ -72.2981099, 39.3946952 ], [ -72.2971507, 39.3967807 ], [ -72.2958311, 39.3996501 ], [ -72.2935305, 39.406244 ], [ -72.2930876, 39.4086497 ], [ -72.2938951, 39.412825 ], [ -72.2938952, 39.4141976 ], [ -72.2933788, 39.4158001 ], [ -72.2903962, 39.4200419 ], [ -72.2897189, 39.4224936 ], [ -72.289524, 39.4275797 ], [ -72.2899059, 39.4293374 ], [ -72.2904589, 39.4318822 ], [ -72.2906173, 39.4336945 ], [ -72.2920764, 39.4342639 ], [ -72.294302, 39.4348601 ], [ -72.2962038, 39.4352523 ], [ -72.2981376, 39.4354527 ], [ -72.3020438, 39.4371834 ], [ -72.3041335, 39.4384372 ], [ -72.304894, 39.4400095 ], [ -72.3045307, 39.4450835 ], [ -72.3046443, 39.4484241 ], [ -72.3043141, 39.4540602 ], [ -72.3054515, 39.4580271 ], [ -72.3065446, 39.4600847 ], [ -72.3077157, 39.4612951 ], [ -72.3101225, 39.4628941 ], [ -72.3177197, 39.465427 ], [ -72.3193976, 39.4665107 ], [ -72.3219949, 39.4694387 ], [ -72.3240948, 39.4707949 ], [ -72.325802, 39.4716218 ], [ -72.329133, 39.4727512 ], [ -72.3383972, 39.4744854 ], [ -72.3422486, 39.4754533 ], [ -72.3451633, 39.4767239 ], [ -72.3492758, 39.479114 ], [ -72.356409, 39.4856334 ], [ -72.3611218, 39.4888554 ], [ -72.3638483, 39.4899116 ], [ -72.3660342, 39.490335 ], [ -72.3729043, 39.4903348 ], [ -72.3779787, 39.4909244 ], [ -72.3835737, 39.492008 ], [ -72.3869921, 39.4931667 ], [ -72.3894703, 39.4949587 ], [ -72.3949981, 39.5013426 ], [ -72.3968607, 39.5032261 ], [ -72.3991359, 39.5045479 ], [ -72.4019465, 39.5056364 ], [ -72.4063032, 39.5079565 ], [ -72.4105341, 39.5094462 ], [ -72.4144689, 39.5114779 ], [ -72.4170693, 39.5140166 ], [ -72.421255, 39.5198176 ], [ -72.4233381, 39.5241193 ], [ -72.4297401, 39.5318174 ], [ -72.4323322, 39.535251 ], [ -72.4334097, 39.5387692 ], [ -72.4367495, 39.54431 ], [ -72.4372354, 39.5465665 ], [ -72.4372361, 39.5595964 ], [ -72.4359093, 39.5669928 ], [ -72.4343482, 39.5723098 ], [ -72.432865, 39.5746058 ], [ -72.430077, 39.5775576 ], [ -72.4292741, 39.5800432 ], [ -72.4294304, 39.5828221 ], [ -72.4297948, 39.5839497 ], [ -72.4300908, 39.5844782 ], [ -72.4303674, 39.5859331 ], [ -72.431929, 39.5910373 ], [ -72.4343993, 39.5976131 ], [ -72.4354695, 39.6 ], [ -72.4299298, 39.6 ], [ -72.429225, 39.5987447 ], [ -72.4274937, 39.5947934 ], [ -72.4265867, 39.5917979 ], [ -72.4257947, 39.5850142 ], [ -72.4260133, 39.5795972 ], [ -72.4265728, 39.5769984 ], [ -72.4271549, 39.5757971 ], [ -72.430679, 39.5717058 ], [ -72.4317719, 39.5701348 ], [ -72.4337456, 39.5655944 ], [ -72.4346908, 39.5606185 ], [ -72.43503, 39.5543104 ], [ -72.4348816, 39.5462881 ], [ -72.4342427, 39.5443101 ], [ -72.4316093, 39.5394914 ], [ -72.4289215, 39.5359831 ], [ -72.4235726, 39.5289157 ], [ -72.420762, 39.5260137 ], [ -72.4168295, 39.5210305 ], [ -72.4118252, 39.5161866 ], [ -72.4015563, 39.5091441 ], [ -72.3979691, 39.5064164 ], [ -72.3919536, 39.5051529 ], [ -72.3908607, 39.5047296 ], [ -72.3884488, 39.5031726 ], [ -72.3844502, 39.4963114 ], [ -72.3807903, 39.4937336 ], [ -72.3774323, 39.4925728 ], [ -72.3752984, 39.4921494 ], [ -72.3721041, 39.4924066 ], [ -72.3693132, 39.4932384 ], [ -72.3664091, 39.4936136 ], [ -72.364473, 39.4932386 ], [ -72.3618186, 39.4920893 ], [ -72.3593203, 39.4903957 ], [ -72.3581073, 39.4899258 ], [ -72.3553557, 39.4876001 ], [ -72.3518254, 39.4842256 ], [ -72.3458921, 39.4796884 ], [ -72.3435499, 39.4784785 ], [ -72.33465, 39.4759981 ], [ -72.3280922, 39.4749006 ], [ -72.3220028, 39.4732153 ], [ -72.3185677, 39.4725499 ], [ -72.3160248, 39.4715645 ], [ -72.3127385, 39.4696053 ], [ -72.3115413, 39.4686775 ], [ -72.3077245, 39.4645359 ], [ -72.3037343, 39.4629896 ], [ -72.3014347, 39.4616528 ], [ -72.2995183, 39.4597219 ], [ -72.2978788, 39.4571801 ], [ -72.2967817, 39.4549122 ], [ -72.2945214, 39.4482226 ], [ -72.2934596, 39.4457531 ], [ -72.2924121, 39.4446703 ], [ -72.2838749, 39.4394824 ], [ -72.2814999, 39.4374993 ], [ -72.2812804, 39.4368186 ], [ -72.282603, 39.4320905 ], [ -72.2822376, 39.4275597 ], [ -72.2813076, 39.4248631 ], [ -72.2798432, 39.4206168 ], [ -72.2792185, 39.4177103 ], [ -72.2794525, 39.4135925 ], [ -72.2803423, 39.4105403 ], [ -72.2820161, 39.4070773 ], [ -72.2850338, 39.403115 ], [ -72.2872646, 39.3996811 ], [ -72.2883412, 39.3952516 ], [ -72.2907085, 39.3855117 ], [ -72.2928005, 39.3806406 ], [ -72.2949863, 39.3766306 ], [ -72.2949863, 39.376157 ], [ -72.2978187, 39.3723093 ], [ -72.3062275, 39.3636738 ], [ -72.3129194, 39.3544638 ], [ -72.3194205, 39.3445479 ], [ -72.3224422, 39.3409379 ], [ -72.3274852, 39.335967 ], [ -72.3337409, 39.3290709 ], [ -72.3350855, 39.3278027 ], [ -72.3370707, 39.3259302 ], [ -72.3432297, 39.3209351 ], [ -72.3474921, 39.3170785 ], [ -72.3510543, 39.3138554 ], [ -72.3577498, 39.3083812 ], [ -72.3590509, 39.3073704 ], [ -72.3682293, 39.2997169 ], [ -72.3760171, 39.2948544 ], [ -72.3867065, 39.2877446 ], [ -72.3972785, 39.2793451 ], [ -72.3995689, 39.2778615 ], [ -72.4089608, 39.2704023 ], [ -72.4159193, 39.2663086 ], [ -72.418831, 39.2642964 ], [ -72.4197742, 39.2637807 ], [ -72.4259792, 39.2603883 ], [ -72.4413146, 39.2530146 ], [ -72.4456737, 39.2502231 ], [ -72.453927, 39.2458806 ], [ -72.4626677, 39.2416241 ], [ -72.4706332, 39.2377451 ], [ -72.4877005, 39.2284626 ], [ -72.491555, 39.2266334 ], [ -72.5024739, 39.2208292 ], [ -72.5062664, 39.2176894 ], [ -72.5089713, 39.2156198 ], [ -72.5148966, 39.2110862 ], [ -72.5193532, 39.2086856 ], [ -72.5257359, 39.2057643 ], [ -72.5302089, 39.2046041 ], [ -72.5366187, 39.2018835 ], [ -72.5403569, 39.1997401 ], [ -72.5461555, 39.1952076 ], [ -72.5465135, 39.1949278 ], [ -72.5504596, 39.1926976 ], [ -72.5531566, 39.1912728 ], [ -72.5568183, 39.1893383 ], [ -72.5933542, 39.1696319 ], [ -72.5984156, 39.166667 ], [ -72.5984941, 39.166667 ], [ -72.6013753, 39.166667 ] ] ] } },
{ "type": "Feature", "properties": { "RCID": 217, "PRIM": 3, "GRUP": 1, "OBJL": 42, "RVER": 1, "AGEN": 550, "FIDN": -865143843, "FIDS": 48294, "LNAM": "0226CC6EF3DDBCA6", "DRVAL1": 146.3, "DRVAL2": 155.4 }, "geometry": { "type": "Polygon", "coordinates": [ [ [ -72.3301203, 39.5434924 ], [ -72.328633, 39.5422204 ], [ -72.3165832, 39.5393763 ], [ -72.3114824, 39.5376485 ], [ -72.3054972, 39.5350005 ], [ -72.2874993, 39.5286175 ], [ -72.2791615, 39.5259274 ], [ -72.2765384, 39.5252926 ], [ -72.2753007, 39.5250938 ], [ -72.2730304, 39.5248493 ], [ -72.2711302, 39.5247284 ], [ -72.2556991, 39.5218267 ], [ -72.2443057, 39.5205665 ], [ -72.2422324, 39.520232 ], [ -72.2384719, 39.5196254 ], [ -72.2361299, 39.5198522 ], [ -72.2270739, 39.5199734 ], [ -72.2204381, 39.5198527 ], [ -72.2134119, 39.5191273 ], [ -72.210107, 39.5191274 ], [ -72.2019734, 39.5205111 ], [ -72.1972519, 39.5222719 ], [ -72.1898427, 39.5258009 ], [ -72.1817898, 39.5307583 ], [ -72.1805301, 39.5318733 ], [ -72.1783287, 39.5330099 ], [ -72.1747689, 39.5353314 ], [ -72.1685777, 39.5396862 ], [ -72.1650497, 39.5426912 ], [ -72.1641422, 39.5437452 ], [ -72.1552835, 39.5510567 ], [ -72.1452992, 39.5592971 ], [ -72.1403508, 39.5627629 ], [ -72.1364286, 39.5649894 ], [ -72.1306714, 39.5689767 ], [ -72.1271713, 39.5721637 ], [ -72.1250361, 39.575853 ], [ -72.1242778, 39.5801575 ], [ -72.1238115, 39.5855726 ], [ -72.1224657, 39.5896574 ], [ -72.1212917, 39.5923504 ], [ -72.1209544, 39.5930271 ], [ -72.1183286, 39.5982947 ], [ -72.1171888, 39.6 ], [ -72.1344204, 39.6 ], [ -72.1551736, 39.6 ], [ -72.1593298, 39.5970142 ], [ -72.1643245, 39.5943258 ], [ -72.1661885, 39.5931055 ], [ -72.1703833, 39.5895891 ], [ -72.1764604, 39.5830055 ], [ -72.1797529, 39.5799721 ], [ -72.1823826, 39.5766071 ], [ -72.1833583, 39.5740897 ], [ -72.1833582, 39.5729216 ], [ -72.1842949, 39.5700215 ], [ -72.1852202, 39.5688393 ], [ -72.186184, 39.5676079 ], [ -72.1869765, 39.5668065 ], [ -72.1883785, 39.5657694 ], [ -72.1961794, 39.5598737 ], [ -72.198711, 39.5571301 ], [ -72.1996998, 39.555599 ], [ -72.2017811, 39.5462109 ], [ -72.2024837, 39.5450021 ], [ -72.2033424, 39.5440349 ], [ -72.2047475, 39.5429469 ], [ -72.2081305, 39.5418991 ], [ -72.2117736, 39.541496 ], [ -72.2138034, 39.541496 ], [ -72.2159893, 39.5417377 ], [ -72.2197366, 39.5417375 ], [ -72.2209857, 39.541254 ], [ -72.2217663, 39.5406495 ], [ -72.2223908, 39.5396823 ], [ -72.2219222, 39.535209 ], [ -72.221922, 39.5332746 ], [ -72.2223904, 39.5323073 ], [ -72.2234353, 39.5314981 ], [ -72.2283094, 39.5304495 ], [ -72.2303533, 39.5298163 ], [ -72.2325818, 39.5294711 ], [ -72.2369779, 39.5292581 ], [ -72.2395653, 39.5282562 ], [ -72.2437265, 39.5256455 ], [ -72.2479554, 39.5244757 ], [ -72.2505835, 39.5240939 ], [ -72.2514835, 39.5239632 ], [ -72.2580205, 39.523963 ], [ -72.2674872, 39.525629 ], [ -72.2822547, 39.5289757 ], [ -72.2873433, 39.5306644 ], [ -72.2965799, 39.5340401 ], [ -72.3072869, 39.5379532 ], [ -72.3126953, 39.5402672 ], [ -72.3186673, 39.5419485 ], [ -72.3252852, 39.5427015 ], [ -72.3301203, 39.5434924 ] ] ] } },
{ "type": "Feature", "properties": { "RCID": 218, "PRIM": 3, "GRUP": 1, "OBJL": 42, "RVER": 1, "AGEN": 550, "FIDN": -936209839, "FIDS": 48294, "LNAM": "0226C8329251BCA6", "DRVAL1": 64.0, "DRVAL2": 73.1 }, "geometry": { "type": "Polygon", "coordinates": [ [ [ -73.1573726, 39.166667 ], [ -73.1601433, 39.1693618 ], [ -73.1699586, 39.1707002 ], [ -73.1855738, 39.1726335 ], [ -73.1955378, 39.1735258 ], [ -73.2004455, 39.1744181 ], [ -73.2004918, 39.1783214 ], [ -73.1986963, 39.180752 ], [ -73.1973693, 39.1831824 ], [ -73.1955219, 39.1872331 ], [ -73.194429, 39.1884482 ], [ -73.1907339, 39.1913239 ], [ -73.189641, 39.1924783 ], [ -73.1879236, 39.1949084 ], [ -73.1874553, 39.1961841 ], [ -73.187143, 39.1973991 ], [ -73.185738, 39.2010438 ], [ -73.1818349, 39.207118 ], [ -73.1776975, 39.2119163 ], [ -73.1757459, 39.2143457 ], [ -73.173482, 39.2165929 ], [ -73.1689432, 39.2204623 ], [ -73.1663781, 39.2220586 ], [ -73.1648167, 39.2226659 ], [ -73.1601328, 39.2241234 ], [ -73.1554486, 39.2248522 ], [ -73.1532661, 39.2250645 ], [ -73.1523259, 39.225156 ], [ -73.1507646, 39.2255203 ], [ -73.1472126, 39.2269018 ], [ -73.1471673, 39.226931 ], [ -73.1443631, 39.2287387 ], [ -73.143036, 39.2298317 ], [ -73.1422195, 39.2309361 ], [ -73.1412405, 39.2322605 ], [ -73.1404599, 39.2334748 ], [ -73.1387427, 39.2371177 ], [ -73.137806, 39.2395462 ], [ -73.1371814, 39.2407604 ], [ -73.1360885, 39.2419746 ], [ -73.1331221, 39.243796 ], [ -73.1315607, 39.2444031 ], [ -73.1301555, 39.245253 ], [ -73.1285942, 39.2463457 ], [ -73.1275794, 39.2475598 ], [ -73.1259402, 39.2524159 ], [ -73.1246911, 39.25363 ], [ -73.1234421, 39.2546619 ], [ -73.1204756, 39.2564828 ], [ -73.1189143, 39.2570292 ], [ -73.1158697, 39.2584859 ], [ -73.112747, 39.2603675 ], [ -73.1098586, 39.2624917 ], [ -73.1083285, 39.263997 ], [ -73.1078289, 39.2651621 ], [ -73.1079518, 39.2663072 ], [ -73.1079852, 39.2666187 ], [ -73.1082394, 39.266771 ], [ -73.1087859, 39.2670983 ], [ -73.1098589, 39.2672254 ], [ -73.1114202, 39.2669827 ], [ -73.114777, 39.2657688 ], [ -73.1242455, 39.2627861 ], [ -73.1319354, 39.2618217 ], [ -73.1335913, 39.2607917 ], [ -73.1346842, 39.2595779 ], [ -73.1360894, 39.2584246 ], [ -73.1452231, 39.2529617 ], [ -73.1466283, 39.2518083 ], [ -73.1495168, 39.2504122 ], [ -73.1526394, 39.2498657 ], [ -73.1542008, 39.2498657 ], [ -73.1557623, 39.2509582 ], [ -73.1555812, 39.2525073 ], [ -73.1523275, 39.2573316 ], [ -73.1463167, 39.2657679 ], [ -73.1449897, 39.2681954 ], [ -73.1426478, 39.2718365 ], [ -73.1419359, 39.27322 ], [ -73.1371053, 39.2798462 ], [ -73.1365589, 39.280453 ], [ -73.1349976, 39.2815451 ], [ -73.1334987, 39.2823606 ], [ -73.1293767, 39.2830015 ], [ -73.1270346, 39.2830015 ], [ -73.123912, 39.2832443 ], [ -73.1208673, 39.2838511 ], [ -73.1191481, 39.2842782 ], [ -73.1185159, 39.2844353 ], [ -73.1165736, 39.2849433 ], [ -73.1148562, 39.2859141 ], [ -73.1126703, 39.2882196 ], [ -73.1119678, 39.2894936 ], [ -73.1108749, 39.2919203 ], [ -73.1100164, 39.2944075 ], [ -73.108299, 39.2980472 ], [ -73.1054108, 39.3028999 ], [ -73.1033811, 39.3053261 ], [ -73.1025224, 39.3065391 ], [ -73.1018198, 39.3077523 ], [ -73.0993217, 39.3100569 ], [ -73.0978385, 39.3111487 ], [ -73.0947939, 39.3128469 ], [ -73.0918274, 39.3143025 ], [ -73.0870653, 39.3162432 ], [ -73.085504, 39.316971 ], [ -73.0848487, 39.3173588 ], [ -73.0838646, 39.3179413 ], [ -73.0810543, 39.320367 ], [ -73.0791026, 39.3227927 ], [ -73.0778537, 39.3240054 ], [ -73.0769949, 39.3246725 ], [ -73.0718425, 39.3268554 ], [ -73.0687198, 39.3284927 ], [ -73.0673927, 39.3295841 ], [ -73.0658314, 39.330433 ], [ -73.0642701, 39.3316456 ], [ -73.063021, 39.3328582 ], [ -73.0616159, 39.3339496 ], [ -73.060523, 39.335041 ], [ -73.0589617, 39.3361323 ], [ -73.0530286, 39.3392243 ], [ -73.049906, 39.3404368 ], [ -73.0483446, 39.3409219 ], [ -73.0436605, 39.3417707 ], [ -73.0405378, 39.3426195 ], [ -73.0374152, 39.3439532 ], [ -73.0342926, 39.3457112 ], [ -73.0327312, 39.3464993 ], [ -73.0296086, 39.3479542 ], [ -73.0264859, 39.3492272 ], [ -73.0250807, 39.3503183 ], [ -73.0239878, 39.3515306 ], [ -73.023051, 39.3527429 ], [ -73.0218801, 39.3538339 ], [ -73.0189917, 39.3558947 ], [ -73.0159471, 39.357713 ], [ -73.0093895, 39.3623374 ], [ -73.0085308, 39.3628041 ], [ -73.0069695, 39.3632889 ], [ -73.0054081, 39.3636526 ], [ -73.0038468, 39.3638951 ], [ -73.0022854, 39.3638951 ], [ -73.000645, 39.3644068 ], [ -72.9965867, 39.368016 ], [ -72.9936201, 39.3701977 ], [ -72.9927614, 39.3714096 ], [ -72.9920589, 39.3726215 ], [ -72.9896389, 39.3750453 ], [ -72.9882337, 39.3762571 ], [ -72.9867504, 39.3769843 ], [ -72.9843861, 39.3775427 ], [ -72.9814057, 39.3779482 ], [ -72.9813638, 39.3779539 ], [ -72.9798024, 39.3782569 ], [ -72.9766797, 39.3790446 ], [ -72.9751184, 39.3796505 ], [ -72.9698911, 39.3821842 ], [ -72.9636009, 39.3859293 ], [ -72.9609104, 39.3872846 ], [ -72.9599736, 39.388254 ], [ -72.9585983, 39.3894469 ], [ -72.9573194, 39.3905561 ], [ -72.955758, 39.3915254 ], [ -72.9542747, 39.3923129 ], [ -72.9511521, 39.3934639 ], [ -72.9480294, 39.3944332 ], [ -72.9464681, 39.395039 ], [ -72.9441536, 39.3961312 ], [ -72.9425154, 39.3976844 ], [ -72.9400667, 39.4000062 ], [ -72.9388178, 39.402429 ], [ -72.937959, 39.4036403 ], [ -72.9365539, 39.4047305 ], [ -72.9349925, 39.4052152 ], [ -72.9333531, 39.405518 ], [ -72.9318698, 39.405942 ], [ -72.9303085, 39.4069111 ], [ -72.9287472, 39.4080618 ], [ -72.926093, 39.4104239 ], [ -72.9245316, 39.4112112 ], [ -72.921409, 39.412483 ], [ -72.9198477, 39.4129675 ], [ -72.9182863, 39.413331 ], [ -72.9159443, 39.4140578 ], [ -72.9120408, 39.4146634 ], [ -72.9104795, 39.415269 ], [ -72.9090744, 39.4164802 ], [ -72.9090914, 39.4171642 ], [ -72.9094309, 39.4177974 ], [ -72.9098552, 39.4181757 ], [ -72.9111042, 39.4191446 ], [ -72.9126657, 39.41975 ], [ -72.9145393, 39.419871 ], [ -72.9210189, 39.4182965 ], [ -72.9240635, 39.4167219 ], [ -72.925781, 39.4155108 ], [ -72.92703, 39.4144207 ], [ -72.9285913, 39.4135729 ], [ -72.9301527, 39.4130278 ], [ -72.931714, 39.4126038 ], [ -72.9348367, 39.4119982 ], [ -72.9395208, 39.4115741 ], [ -72.9473276, 39.4112105 ], [ -72.9535731, 39.4110892 ], [ -72.9566958, 39.4113313 ], [ -72.9598186, 39.4117552 ], [ -72.9629414, 39.4123001 ], [ -72.9646589, 39.4127239 ], [ -72.9662203, 39.413935 ], [ -72.9665327, 39.4156307 ], [ -72.9654398, 39.4169629 ], [ -72.9640346, 39.4176291 ], [ -72.9607558, 39.4189008 ], [ -72.9591944, 39.4192642 ], [ -72.9576331, 39.4195064 ], [ -72.9545104, 39.4196882 ], [ -72.9513876, 39.4197488 ], [ -72.9451421, 39.4191435 ], [ -72.9435808, 39.4191436 ], [ -72.9420194, 39.4192042 ], [ -72.9388967, 39.4197492 ], [ -72.9373353, 39.4203548 ], [ -72.935774, 39.4210815 ], [ -72.9342127, 39.4219898 ], [ -72.9315584, 39.4241697 ], [ -72.9296849, 39.4265311 ], [ -72.9281236, 39.4273788 ], [ -72.9265622, 39.4278632 ], [ -72.9250009, 39.4281054 ], [ -72.9218782, 39.4282266 ], [ -72.917194, 39.4281057 ], [ -72.9140714, 39.4285901 ], [ -72.9109486, 39.4285297 ], [ -72.9078258, 39.4282875 ], [ -72.8987699, 39.4281788 ], [ -72.8937736, 39.428954 ], [ -72.8922123, 39.4294384 ], [ -72.8906509, 39.4304072 ], [ -72.8880016, 39.4328192 ], [ -72.8870599, 39.4336765 ], [ -72.8858064, 39.4343246 ], [ -72.8843834, 39.4350604 ], [ -72.8799558, 39.4357956 ], [ -72.8768331, 39.4359774 ], [ -72.8753498, 39.4362195 ], [ -72.8737884, 39.4367039 ], [ -72.872071, 39.4376725 ], [ -72.870822, 39.4387622 ], [ -72.8693387, 39.4394887 ], [ -72.8662161, 39.4403363 ], [ -72.8646547, 39.4408812 ], [ -72.8600487, 39.443 ], [ -72.8584874, 39.4438475 ], [ -72.8570822, 39.444937 ], [ -72.8559894, 39.4461477 ], [ -72.8550526, 39.4473583 ], [ -72.8536474, 39.4483268 ], [ -72.8520861, 39.4489321 ], [ -72.8489633, 39.4494164 ], [ -72.8473239, 39.4497797 ], [ -72.8442012, 39.4509297 ], [ -72.8395953, 39.4529272 ], [ -72.838034, 39.4532903 ], [ -72.8341287, 39.4545015 ], [ -72.8302273, 39.4557115 ], [ -72.8222645, 39.4587377 ], [ -72.8161753, 39.4612796 ], [ -72.8114131, 39.4624296 ], [ -72.8067291, 39.4640636 ], [ -72.802045, 39.4655766 ], [ -72.8004837, 39.4659397 ], [ -72.7957997, 39.4672711 ], [ -72.7942383, 39.4675738 ], [ -72.7911156, 39.468542 ], [ -72.7896324, 39.4691471 ], [ -72.7879929, 39.4699943 ], [ -72.7852607, 39.4724147 ], [ -72.7839248, 39.4737746 ], [ -72.783005, 39.4747108 ], [ -72.7805767, 39.4758031 ], [ -72.7790154, 39.4762872 ], [ -72.777454, 39.4772553 ], [ -72.7758927, 39.4784654 ], [ -72.7747999, 39.4796755 ], [ -72.7741754, 39.4808855 ], [ -72.7732386, 39.4820954 ], [ -72.7719115, 39.4832449 ], [ -72.7690231, 39.4852414 ], [ -72.7643391, 39.4872984 ], [ -72.7565324, 39.4905047 ], [ -72.7518484, 39.4926824 ], [ -72.7487257, 39.4937713 ], [ -72.7471644, 39.4947997 ], [ -72.7462277, 39.4960095 ], [ -72.7454471, 39.4972191 ], [ -72.7440419, 39.4983079 ], [ -72.7416724, 39.4993287 ], [ -72.7407738, 39.4998504 ], [ -72.7402122, 39.5006329 ], [ -72.7402167, 39.5019975 ], [ -72.741544, 39.5032675 ], [ -72.7431053, 39.5042351 ], [ -72.7446667, 39.5050818 ], [ -72.7477114, 39.5062308 ], [ -72.7508342, 39.5069564 ], [ -72.7524737, 39.5075006 ], [ -72.7540351, 39.5084682 ], [ -72.754972, 39.5096777 ], [ -72.7555966, 39.5108871 ], [ -72.7557528, 39.5120361 ], [ -72.755753, 39.5144549 ], [ -72.7571582, 39.5156038 ], [ -72.7587197, 39.5164503 ], [ -72.7598127, 39.5175386 ], [ -72.7599688, 39.518748 ], [ -72.7587198, 39.5200783 ], [ -72.7571585, 39.5208039 ], [ -72.7563778, 39.5220132 ], [ -72.7570025, 39.5234643 ], [ -72.75872, 39.5241898 ], [ -72.7604375, 39.5243106 ], [ -72.7621551, 39.5238269 ], [ -72.7654338, 39.5224362 ], [ -72.7669952, 39.5221338 ], [ -72.7685566, 39.5219524 ], [ -72.7742816, 39.5218515 ], [ -72.7763634, 39.5215289 ], [ -72.7779247, 39.5205614 ], [ -72.7793299, 39.5199567 ], [ -72.7824526, 39.5194124 ], [ -72.7855753, 39.5185053 ], [ -72.7932259, 39.5151794 ], [ -72.7963485, 39.5141513 ], [ -72.7979098, 39.5137885 ], [ -72.7994712, 39.5137884 ], [ -72.8010326, 39.5136675 ], [ -72.802594, 39.5134255 ], [ -72.8057166, 39.5126392 ], [ -72.8072779, 39.5119741 ], [ -72.8088393, 39.5110064 ], [ -72.8118058, 39.5088293 ], [ -72.8133089, 39.5075193 ], [ -72.819144, 39.5040514 ], [ -72.8222666, 39.5025393 ], [ -72.82866, 39.4997373 ], [ -72.8299953, 39.4991521 ], [ -72.8313224, 39.4983053 ], [ -72.8328837, 39.4970956 ], [ -72.8344517, 39.4955334 ], [ -72.8397377, 39.4892319 ], [ -72.8411584, 39.487659 ], [ -72.8425636, 39.4864491 ], [ -72.8439688, 39.4856626 ], [ -72.8470915, 39.4849971 ], [ -72.8502142, 39.484997 ], [ -72.8533369, 39.4845734 ], [ -72.8548983, 39.4842104 ], [ -72.858021, 39.4832423 ], [ -72.8611437, 39.4823953 ], [ -72.8638203, 39.481505 ], [ -72.8687942, 39.4792491 ], [ -72.8703555, 39.4787045 ], [ -72.8719169, 39.4778574 ], [ -72.8733221, 39.4767684 ], [ -72.8741027, 39.4756793 ], [ -72.8747272, 39.4744692 ], [ -72.8750783, 39.4713228 ], [ -72.8754622, 39.4705206 ], [ -72.875976, 39.469447 ], [ -72.8769128, 39.4682974 ], [ -72.8783179, 39.4670871 ], [ -72.8814406, 39.4658768 ], [ -72.8845634, 39.4649085 ], [ -72.8892473, 39.4630929 ], [ -72.8906525, 39.4620036 ], [ -72.8919016, 39.4607932 ], [ -72.8922138, 39.4595829 ], [ -72.8925259, 39.4571621 ], [ -72.8929943, 39.4559517 ], [ -72.8936188, 39.4547412 ], [ -72.8947117, 39.4535307 ], [ -72.8961168, 39.4525623 ], [ -72.8976782, 39.451715 ], [ -72.8992395, 39.4511096 ], [ -72.9007228, 39.4506254 ], [ -72.9038454, 39.4499595 ], [ -72.9054469, 39.4494689 ], [ -72.9057876, 39.4493645 ], [ -72.9083598, 39.4468599 ], [ -72.9088237, 39.4459006 ], [ -72.9094661, 39.4445723 ], [ -72.9115292, 39.4413726 ], [ -72.9130571, 39.4399717 ], [ -72.9158674, 39.4381555 ], [ -72.9174287, 39.4377317 ], [ -72.9205515, 39.4370657 ], [ -72.9221909, 39.4370657 ], [ -72.9237523, 39.4373077 ], [ -72.9254698, 39.437792 ], [ -72.9270312, 39.4388816 ], [ -72.9281243, 39.4400923 ], [ -72.9287489, 39.441424 ], [ -72.928671, 39.4439059 ], [ -72.9281245, 39.4463271 ], [ -72.9278124, 39.4487483 ], [ -72.9278126, 39.4524403 ], [ -72.928203, 39.4535902 ], [ -72.9289127, 39.4544279 ], [ -72.9299191, 39.4549835 ], [ -72.9311574, 39.455184 ], [ -72.9330868, 39.4553625 ], [ -72.9343705, 39.4557084 ], [ -72.936088, 39.4564346 ], [ -72.9364303, 39.4572505 ], [ -72.9361355, 39.4589366 ], [ -72.9356909, 39.4594126 ], [ -72.9345936, 39.4605875 ], [ -72.9309359, 39.4635153 ], [ -72.9290623, 39.4651492 ], [ -72.9283669, 39.4659194 ], [ -72.926961, 39.4700018 ], [ -72.9268022, 39.4704629 ], [ -72.9239882, 39.4719869 ], [ -72.9197986, 39.4735804 ], [ -72.9118879, 39.4771302 ], [ -72.9102485, 39.4779168 ], [ -72.9087653, 39.4788244 ], [ -72.9056426, 39.4802159 ], [ -72.9011928, 39.4825755 ], [ -72.8980701, 39.4840881 ], [ -72.8965088, 39.4846326 ], [ -72.8919028, 39.4865686 ], [ -72.887235, 39.488739 ], [ -72.8864381, 39.4891095 ], [ -72.8813638, 39.4911663 ], [ -72.8798025, 39.4917108 ], [ -72.8766799, 39.4926182 ], [ -72.8735571, 39.4934651 ], [ -72.8704344, 39.4941911 ], [ -72.868873, 39.4942516 ], [ -72.8627057, 39.4947962 ], [ -72.8595049, 39.4953407 ], [ -72.8563822, 39.496732 ], [ -72.854899, 39.4977602 ], [ -72.8521258, 39.4994004 ], [ -72.8495905, 39.5018128 ], [ -72.8487247, 39.5024836 ], [ -72.8408133, 39.5067906 ], [ -72.8400085, 39.5072288 ], [ -72.8364755, 39.5095542 ], [ -72.8333528, 39.511308 ], [ -72.8317914, 39.5119733 ], [ -72.8303082, 39.51282 ], [ -72.8271856, 39.5140899 ], [ -72.8256242, 39.5143923 ], [ -72.8225014, 39.5145134 ], [ -72.8210181, 39.5151181 ], [ -72.8197692, 39.5163275 ], [ -72.8193008, 39.5175369 ], [ -72.8191447, 39.5187462 ], [ -72.8187544, 39.519895 ], [ -72.8173493, 39.5223136 ], [ -72.8164907, 39.5235834 ], [ -72.8166468, 39.5250345 ], [ -72.8177399, 39.5264855 ], [ -72.8207066, 39.5286618 ], [ -72.8210189, 39.529871 ], [ -72.8207067, 39.5310801 ], [ -72.8194577, 39.5325311 ], [ -72.8178964, 39.5334984 ], [ -72.8164912, 39.5347075 ], [ -72.8158667, 39.5359165 ], [ -72.8160229, 39.5372464 ], [ -72.817116, 39.5385763 ], [ -72.8200826, 39.5407523 ], [ -72.8213318, 39.5419612 ], [ -72.8222686, 39.5431701 ], [ -72.8234398, 39.5455878 ], [ -72.8238303, 39.5480054 ], [ -72.8239085, 39.5504229 ], [ -72.8238305, 39.5528404 ], [ -72.8236745, 39.5540492 ], [ -72.8233252, 39.5597414 ], [ -72.8233252, 39.5675597 ], [ -72.8226605, 39.5730836 ], [ -72.8227389, 39.5779773 ], [ -72.8224266, 39.5791252 ], [ -72.8221925, 39.5822062 ], [ -72.8219274, 39.5883677 ], [ -72.8208659, 39.5924148 ], [ -72.8204757, 39.5948308 ], [ -72.82071, 39.5972468 ], [ -72.8211785, 39.5986358 ], [ -72.8224276, 39.5999645 ], [ -72.8225194, 39.6 ], [ -72.8164238, 39.6 ], [ -72.6857658, 39.6 ], [ -72.6702299, 39.6 ], [ -72.6696738, 39.5988418 ], [ -72.668945, 39.5965869 ], [ -72.6689449, 39.5932046 ], [ -72.6694132, 39.5921174 ], [ -72.6718331, 39.5883723 ], [ -72.6723015, 39.5868017 ], [ -72.6723014, 39.5863184 ], [ -72.6725356, 39.5860769 ], [ -72.672545, 39.5857975 ], [ -72.6726673, 39.5821788 ], [ -72.6729257, 39.5797942 ], [ -72.6736281, 39.5761694 ], [ -72.6739403, 39.575686 ], [ -72.6743306, 39.574236 ], [ -72.6765275, 39.5700929 ], [ -72.677375, 39.5677105 ], [ -72.6772968, 39.5660186 ], [ -72.6775309, 39.5638434 ], [ -72.677968, 39.5628282 ], [ -72.6806012, 39.5576392 ], [ -72.6834636, 39.5532073 ], [ -72.683932, 39.5527238 ], [ -72.6869763, 39.5478887 ], [ -72.6874447, 39.5474051 ], [ -72.6879911, 39.5461963 ], [ -72.6897085, 39.5435367 ], [ -72.6904891, 39.5411189 ], [ -72.690489, 39.5405144 ], [ -72.6899425, 39.5387614 ], [ -72.6894741, 39.5382779 ], [ -72.68721, 39.5367063 ], [ -72.6857527, 39.5361421 ], [ -72.6803399, 39.5348325 ], [ -72.6806238, 39.5348984 ], [ -72.6785286, 39.533817 ], [ -72.6770609, 39.5321122 ], [ -72.6757335, 39.5292708 ], [ -72.6757335, 39.5287871 ], [ -72.6751869, 39.5270943 ], [ -72.6751088, 39.5254015 ], [ -72.6749527, 39.5249178 ], [ -72.6748745, 39.5224994 ], [ -72.6751086, 39.5208064 ], [ -72.6751865, 39.5185087 ], [ -72.6753335, 39.5179098 ], [ -72.6762884, 39.5140181 ], [ -72.6769464, 39.5129359 ], [ -72.6783446, 39.5113445 ], [ -72.6803386, 39.5101032 ], [ -72.6837736, 39.5089541 ], [ -72.6859595, 39.5084097 ], [ -72.6884613, 39.5073339 ], [ -72.6907642, 39.5062516 ], [ -72.6941364, 39.5038325 ], [ -72.6981666, 39.5005855 ], [ -72.7043764, 39.4960012 ], [ -72.7090669, 39.4921999 ], [ -72.7157136, 39.487369 ], [ -72.7181225, 39.4859689 ], [ -72.7195277, 39.48488 ], [ -72.7237433, 39.4827019 ], [ -72.7273678, 39.4814054 ], [ -72.7313775, 39.4802754 ], [ -72.7317061, 39.4804028 ], [ -72.7320184, 39.4802212 ], [ -72.732643, 39.4802212 ], [ -72.7352799, 39.4796565 ], [ -72.7395909, 39.4774379 ], [ -72.7452116, 39.4727184 ], [ -72.7503639, 39.4676355 ], [ -72.7518471, 39.4664858 ], [ -72.7570846, 39.4614034 ], [ -72.7585948, 39.4592079 ], [ -72.7586226, 39.4591649 ], [ -72.7594996, 39.4578063 ], [ -72.760434, 39.4548663 ], [ -72.7604338, 39.4511138 ], [ -72.7598091, 39.4478454 ], [ -72.7574666, 39.4379451 ], [ -72.756998, 39.4349518 ], [ -72.7569979, 39.4321064 ], [ -72.7581686, 39.4264152 ], [ -72.7591053, 39.4233272 ], [ -72.7606665, 39.4210867 ], [ -72.7628291, 39.4184028 ], [ -72.7658333, 39.4159059 ], [ -72.7686292, 39.41382 ], [ -72.7690195, 39.413396 ], [ -72.7724544, 39.411882 ], [ -72.7792202, 39.4092574 ], [ -72.7823373, 39.4072128 ], [ -72.7827905, 39.4069155 ], [ -72.7830715, 39.4069155 ], [ -72.7859578, 39.4046491 ], [ -72.789001, 39.4018437 ], [ -72.7936892, 39.3973804 ], [ -72.798871, 39.3938735 ], [ -72.8002839, 39.3925383 ], [ -72.8057104, 39.3874105 ], [ -72.8100039, 39.3840784 ], [ -72.8151817, 39.3796367 ], [ -72.8188254, 39.3774741 ], [ -72.8214015, 39.3753533 ], [ -72.8245908, 39.3733682 ], [ -72.828293, 39.3710638 ], [ -72.8377173, 39.3657181 ], [ -72.8388703, 39.3649722 ], [ -72.8400472, 39.3639279 ], [ -72.8428176, 39.3621357 ], [ -72.8453677, 39.3602636 ], [ -72.845758, 39.3597788 ], [ -72.8513787, 39.3554149 ], [ -72.854562, 39.3526715 ], [ -72.8592892, 39.3485974 ], [ -72.8652352, 39.3423823 ], [ -72.86673, 39.3410417 ], [ -72.8685963, 39.3394926 ], [ -72.8729067, 39.3357928 ], [ -72.8764375, 39.3321364 ], [ -72.8783111, 39.3297111 ], [ -72.8800285, 39.3280537 ], [ -72.8829168, 39.3244964 ], [ -72.8847066, 39.3218536 ], [ -72.8859147, 39.3200697 ], [ -72.8890402, 39.3139414 ], [ -72.8896077, 39.3128566 ], [ -72.8918939, 39.3084863 ], [ -72.8922062, 39.3074553 ], [ -72.895875, 39.3009046 ], [ -72.8963434, 39.2994488 ], [ -72.8976704, 39.2968404 ], [ -72.8982948, 39.2945959 ], [ -72.8983728, 39.2936253 ], [ -72.901072, 39.2869744 ], [ -72.9016327, 39.2814166 ], [ -72.9032902, 39.2757273 ], [ -72.9036806, 39.2746957 ], [ -72.9041489, 39.2739675 ], [ -72.904227, 39.2734821 ], [ -72.9050033, 39.2720142 ], [ -72.9076617, 39.2683239 ], [ -72.9105761, 39.2649254 ], [ -72.9127359, 39.2630439 ], [ -72.9151039, 39.2617289 ], [ -72.9158325, 39.2614457 ], [ -72.9243447, 39.258757 ], [ -72.9265225, 39.2582731 ], [ -72.930301, 39.2571714 ], [ -72.9313656, 39.257068 ], [ -72.9371709, 39.2552745 ], [ -72.9420557, 39.2542078 ], [ -72.946539, 39.2527249 ], [ -72.9484769, 39.2523285 ], [ -72.953114, 39.2516523 ], [ -72.9623086, 39.249568 ], [ -72.9641823, 39.2493252 ], [ -72.9705838, 39.2480806 ], [ -72.9733943, 39.247261 ], [ -72.9755801, 39.246836 ], [ -72.9775058, 39.2460873 ], [ -72.9822939, 39.2456217 ], [ -72.9841676, 39.2452574 ], [ -72.9854167, 39.2452574 ], [ -72.9888517, 39.244635 ], [ -72.9924427, 39.2435574 ], [ -72.9937324, 39.2432745 ], [ -72.998532, 39.2422216 ], [ -73.0032111, 39.2405601 ], [ -73.0074986, 39.2387349 ], [ -73.0110747, 39.2365954 ], [ -73.0146137, 39.233843 ], [ -73.0194225, 39.2292525 ], [ -73.0232009, 39.2263136 ], [ -73.0260632, 39.2236417 ], [ -73.0267918, 39.2227915 ], [ -73.0316839, 39.2182976 ], [ -73.0336615, 39.2158683 ], [ -73.0399066, 39.2094911 ], [ -73.0413118, 39.2084586 ], [ -73.042998, 39.2067092 ], [ -73.0434977, 39.2065149 ], [ -73.0458035, 39.204272 ], [ -73.0490402, 39.1999545 ], [ -73.0502111, 39.1980107 ], [ -73.0522407, 39.1952162 ], [ -73.0542443, 39.1901536 ], [ -73.0547386, 39.1870753 ], [ -73.0547384, 39.1848881 ], [ -73.0541413, 39.1830295 ], [ -73.0530243, 39.1819364 ], [ -73.0518728, 39.1813608 ], [ -73.0502278, 39.180913 ], [ -73.0478426, 39.180913 ], [ -73.0462799, 39.1813608 ], [ -73.0437302, 39.1821283 ], [ -73.039515, 39.1833087 ], [ -73.038344, 39.1839164 ], [ -73.0364704, 39.1850101 ], [ -73.0327232, 39.1879265 ], [ -73.0325212, 39.1882411 ], [ -73.0213258, 39.1978293 ], [ -73.0197645, 39.1995302 ], [ -73.0191399, 39.1998947 ], [ -73.0143, 39.2047543 ], [ -73.0140658, 39.2051795 ], [ -73.0115287, 39.2073813 ], [ -73.0102417, 39.208816 ], [ -73.0094599, 39.2096743 ], [ -73.0085129, 39.2109396 ], [ -73.0076385, 39.2118203 ], [ -73.0048542, 39.2147761 ], [ -73.0013413, 39.2180556 ], [ -72.9982187, 39.2206063 ], [ -72.993847, 39.2246143 ], [ -72.9912637, 39.2264692 ], [ -72.9892411, 39.2271647 ], [ -72.9886946, 39.2270433 ], [ -72.9880417, 39.2261491 ], [ -72.9885383, 39.2232785 ], [ -72.9902556, 39.2186632 ], [ -72.9909581, 39.2173272 ], [ -72.9918948, 39.2144121 ], [ -72.9922851, 39.2125901 ], [ -72.9925972, 39.2095533 ], [ -72.9920037, 39.2053988 ], [ -72.991582, 39.2040868 ], [ -72.990567, 39.2025076 ], [ -72.989193, 39.2014385 ], [ -72.9868978, 39.2006853 ], [ -72.9862732, 39.2006854 ], [ -72.986039, 39.2005639 ], [ -72.9840872, 39.200564 ], [ -72.9832806, 39.2006855 ], [ -72.9800278, 39.2022041 ], [ -72.976723, 39.2044922 ], [ -72.9697743, 39.21022 ], [ -72.9680057, 39.2111331 ], [ -72.961831, 39.2138461 ], [ -72.9595745, 39.2149596 ], [ -72.95895, 39.2151419 ], [ -72.9581954, 39.2155872 ], [ -72.9577485, 39.2159754 ], [ -72.9573106, 39.2164173 ], [ -72.9559947, 39.2180744 ], [ -72.9546867, 39.2211326 ], [ -72.9520024, 39.2259514 ], [ -72.9505583, 39.2281982 ], [ -72.9486457, 39.2303234 ], [ -72.9482554, 39.2309306 ], [ -72.9451328, 39.2341689 ], [ -72.9423225, 39.236719 ], [ -72.9399574, 39.2382563 ], [ -72.9392519, 39.2386618 ], [ -72.9351404, 39.2407666 ], [ -72.9327203, 39.2421023 ], [ -72.9320958, 39.2422844 ], [ -72.9293175, 39.2438879 ], [ -72.9268407, 39.2446904 ], [ -72.9266599, 39.2449716 ], [ -72.9232743, 39.2460687 ], [ -72.9213225, 39.2465341 ], [ -72.920698, 39.2465341 ], [ -72.9137651, 39.2477563 ], [ -72.9102994, 39.2479489 ], [ -72.9054747, 39.2473238 ], [ -72.9039133, 39.2467167 ], [ -72.9020396, 39.2452194 ], [ -72.9010929, 39.2432566 ], [ -72.9006927, 39.2411015 ], [ -72.9011962, 39.238752 ], [ -72.9016429, 39.2375359 ], [ -72.9037567, 39.2354249 ], [ -72.9046934, 39.2350606 ], [ -72.9121879, 39.2331174 ], [ -72.9173091, 39.2315525 ], [ -72.9248347, 39.2281989 ], [ -72.9277232, 39.227197 ], [ -72.9351126, 39.2239397 ], [ -72.9378719, 39.2223692 ], [ -72.9384184, 39.2218833 ], [ -72.9402919, 39.2207902 ], [ -72.9444294, 39.2178751 ], [ -72.9448197, 39.2173893 ], [ -72.9462249, 39.2162759 ], [ -72.9484887, 39.2137453 ], [ -72.9487229, 39.2132595 ], [ -72.9498158, 39.2118625 ], [ -72.9508306, 39.2093723 ], [ -72.9516893, 39.2077729 ], [ -72.9548895, 39.1977099 ], [ -72.9552018, 39.1972846 ], [ -72.9563726, 39.1938218 ], [ -72.9573094, 39.1918981 ], [ -72.9573094, 39.1916348 ], [ -72.9599634, 39.1875642 ], [ -72.9605099, 39.1871389 ], [ -72.960666, 39.1866529 ], [ -72.9637886, 39.1831288 ], [ -72.9648035, 39.1822781 ], [ -72.9671193, 39.1797059 ], [ -72.9674576, 39.1791792 ], [ -72.9745615, 39.1711578 ], [ -72.9774034, 39.166667 ], [ -72.9780878, 39.166667 ], [ -73.044969, 39.166667 ], [ -73.0740901, 39.166667 ], [ -73.0830458, 39.166667 ], [ -73.1004125, 39.166667 ], [ -73.1573726, 39.166667 ] ], [ [ -72.7688698, 39.5411165 ], [ -72.7707435, 39.5419627 ], [ -72.7718365, 39.5430507 ], [ -72.7726172, 39.5442596 ], [ -72.7729296, 39.5455893 ], [ -72.7727735, 39.546919 ], [ -72.7723051, 39.5481278 ], [ -72.7715245, 39.5493366 ], [ -72.7704316, 39.5505455 ], [ -72.767867, 39.5522041 ], [ -72.7652792, 39.5526005 ], [ -72.7621565, 39.5528423 ], [ -72.7605951, 39.5530841 ], [ -72.7590338, 39.5534468 ], [ -72.7574724, 39.5539303 ], [ -72.755911, 39.5540512 ], [ -72.7543497, 39.5540513 ], [ -72.7526321, 39.5530844 ], [ -72.7520075, 39.5518756 ], [ -72.7518514, 39.550546 ], [ -72.7526319, 39.5480075 ], [ -72.7537248, 39.546557 ], [ -72.7551299, 39.545348 ], [ -72.7566912, 39.5441391 ], [ -72.7580965, 39.5432929 ], [ -72.7595016, 39.5425675 ], [ -72.7626244, 39.5417816 ], [ -72.765747, 39.5411166 ], [ -72.7673084, 39.5409956 ], [ -72.7688698, 39.5411165 ] ], [ [ -72.9162417, 39.3841922 ], [ -72.9149279, 39.3849637 ], [ -72.9106343, 39.3878314 ], [ -72.9046232, 39.3909817 ], [ -72.8973631, 39.3960097 ], [ -72.8928352, 39.3981905 ], [ -72.8911958, 39.3984934 ], [ -72.8880731, 39.3989174 ], [ -72.8834671, 39.399281 ], [ -72.8819057, 39.3990388 ], [ -72.8809688, 39.3977063 ], [ -72.881281, 39.3964948 ], [ -72.8819055, 39.3951622 ], [ -72.8826861, 39.3938901 ], [ -72.8847158, 39.3913457 ], [ -72.8869016, 39.3889225 ], [ -72.8897119, 39.3864386 ], [ -72.8912732, 39.3853481 ], [ -72.8959571, 39.3825611 ], [ -72.9051447, 39.3784935 ], [ -72.9074196, 39.3774864 ], [ -72.9125816, 39.3758851 ], [ -72.9177379, 39.3742597 ], [ -72.9224999, 39.3723813 ], [ -72.9242174, 39.3720176 ], [ -72.9260911, 39.3720176 ], [ -72.9274963, 39.3732294 ], [ -72.9278087, 39.3745624 ], [ -72.9276526, 39.3758955 ], [ -72.9270281, 39.3771073 ], [ -72.9258571, 39.3783191 ], [ -72.9227346, 39.3803792 ], [ -72.9162417, 39.3841922 ] ], [ [ -72.9649674, 39.3378326 ], [ -72.9634061, 39.3380751 ], [ -72.9618447, 39.3385602 ], [ -72.9608115, 39.3385013 ], [ -72.9601271, 39.3381965 ], [ -72.959684, 39.3375176 ], [ -72.9596587, 39.3367415 ], [ -72.9609077, 39.3342558 ], [ -72.9618444, 39.3331038 ], [ -72.9623128, 39.3318912 ], [ -72.9621566, 39.3306786 ], [ -72.9616881, 39.329466 ], [ -72.9601267, 39.3286172 ], [ -72.9585653, 39.3282535 ], [ -72.9569258, 39.3281262 ], [ -72.9506024, 39.3285569 ], [ -72.9443568, 39.3287996 ], [ -72.9412342, 39.3286178 ], [ -72.9396728, 39.3282541 ], [ -72.9387359, 39.3270414 ], [ -72.9382674, 39.3258288 ], [ -72.9384235, 39.3246161 ], [ -72.9392041, 39.323282 ], [ -72.9406092, 39.3218266 ], [ -72.9421706, 39.3207351 ], [ -72.9432634, 39.3195223 ], [ -72.9442002, 39.3183094 ], [ -72.944044, 39.3170966 ], [ -72.942951, 39.3156411 ], [ -72.9413896, 39.3146709 ], [ -72.9401404, 39.3137006 ], [ -72.9398281, 39.3124877 ], [ -72.9412332, 39.3109108 ], [ -72.9427945, 39.3100617 ], [ -72.9443559, 39.3094552 ], [ -72.9475567, 39.3090306 ], [ -72.9506794, 39.3084846 ], [ -72.9544339, 39.307291 ], [ -72.9583529, 39.305286 ], [ -72.96245, 39.3036265 ], [ -72.9643204, 39.3027969 ], [ -72.9660128, 39.3023128 ], [ -72.9716794, 39.3009629 ], [ -72.9748022, 39.3005989 ], [ -72.9804231, 39.3005987 ], [ -72.9813599, 39.30072 ], [ -72.9827652, 39.3013265 ], [ -72.9838582, 39.3025396 ], [ -72.9841706, 39.3037527 ], [ -72.9840926, 39.3061788 ], [ -72.9844829, 39.3073918 ], [ -72.9851076, 39.3086049 ], [ -72.9862006, 39.3098178 ], [ -72.9874497, 39.3107882 ], [ -72.987684, 39.312365 ], [ -72.986357, 39.3147302 ], [ -72.9844054, 39.3170954 ], [ -72.9819074, 39.3207339 ], [ -72.9812049, 39.3231594 ], [ -72.9822981, 39.3288834 ], [ -72.9822982, 39.3305567 ], [ -72.9821421, 39.3318906 ], [ -72.9812835, 39.3343158 ], [ -72.980581, 39.3355284 ], [ -72.9790196, 39.3364984 ], [ -72.9774583, 39.3371048 ], [ -72.9758969, 39.3373472 ], [ -72.9743356, 39.3373473 ], [ -72.9727743, 39.3374686 ], [ -72.9712129, 39.3377112 ], [ -72.9696515, 39.3378325 ], [ -72.9665287, 39.3377113 ], [ -72.9649674, 39.3378326 ] ] ] } },
{ "type": "Feature", "properties": { "RCID": 219, "PRIM": 3, "GRUP": 1, "OBJL": 42, "RVER": 1, "AGEN": 550, "FIDN": -1157669259, "FIDS": 48294, "LNAM": "0226BAFF5E75BCA6", "DRVAL1": 164.5, "DRVAL2": 173.7 }, "geometry": { "type": "Polygon", "coordinates": [ [ [ -72.2247747, 39.5178706 ], [ -72.2213817, 39.515992 ], [ -72.2158422, 39.5141769 ], [ -72.2118928, 39.5116347 ], [ -72.2067756, 39.510057 ], [ -72.2048083, 39.5100571 ], [ -72.200296, 39.5109644 ], [ -72.1840672, 39.5182057 ], [ -72.1750989, 39.5225109 ], [ -72.1701291, 39.5260828 ], [ -72.1657907, 39.5291653 ], [ -72.1599358, 39.533881 ], [ -72.1567224, 39.5362049 ], [ -72.152896, 39.5392182 ], [ -72.148967, 39.5430242 ], [ -72.1459933, 39.545952 ], [ -72.1452089, 39.5467243 ], [ -72.1417241, 39.5498957 ], [ -72.1385809, 39.5535954 ], [ -72.1370108, 39.5554196 ], [ -72.1328734, 39.559205 ], [ -72.120591, 39.5673497 ], [ -72.1120274, 39.5709588 ], [ -72.1027137, 39.5752804 ], [ -72.0965332, 39.5788236 ], [ -72.0951381, 39.5796699 ], [ -72.0841707, 39.5863231 ], [ -72.07467, 39.5929908 ], [ -72.0663827, 39.5997521 ], [ -72.0661236, 39.5999703 ], [ -72.0660883, 39.6 ], [ -72.0661834, 39.6 ], [ -72.0722999, 39.6 ], [ -72.0724264, 39.5999076 ], [ -72.0794502, 39.5929204 ], [ -72.0856414, 39.5885852 ], [ -72.0965845, 39.5804156 ], [ -72.0966247, 39.5803856 ], [ -72.1013086, 39.5779386 ], [ -72.1059612, 39.575802 ], [ -72.1149234, 39.5729458 ], [ -72.1206873, 39.5702372 ], [ -72.126368, 39.5666396 ], [ -72.1296468, 39.5641016 ], [ -72.1315984, 39.5621075 ], [ -72.1333835, 39.5608303 ], [ -72.1394413, 39.5549848 ], [ -72.1421398, 39.5525643 ], [ -72.1463577, 39.5479334 ], [ -72.1474825, 39.5467703 ], [ -72.1508703, 39.5432673 ], [ -72.1529565, 39.5412323 ], [ -72.1553149, 39.5393376 ], [ -72.1652865, 39.5312895 ], [ -72.170419, 39.5281978 ], [ -72.1764858, 39.5240864 ], [ -72.1936604, 39.5157417 ], [ -72.1994374, 39.5135042 ], [ -72.2010422, 39.5129987 ], [ -72.2029764, 39.5128188 ], [ -72.2058269, 39.5130946 ], [ -72.2081811, 39.5137458 ], [ -72.2127092, 39.5154993 ], [ -72.2179831, 39.5167757 ], [ -72.2214936, 39.5175076 ], [ -72.2247747, 39.5178706 ] ] ] } },
{ "type": "Feature", "properties": { "RCID": 220, "PRIM": 3, "GRUP": 1, "OBJL": 42, "RVER": 1, "AGEN": 550, "FIDN": 2105100204, "FIDS": 48294, "LNAM": "02267D7947ACBCA6", "DRVAL1": 45.7, "DRVAL2": 54.8 }, "geometry": { "type": "Polygon", "coordinates": [ [ [ -73.5525026, 39.166667 ], [ -73.5515407, 39.1674921 ], [ -73.5464664, 39.1719285 ], [ -73.5407676, 39.1763647 ], [ -73.5392844, 39.177337 ], [ -73.5377231, 39.1777017 ], [ -73.5360837, 39.177884 ], [ -73.5329609, 39.1777017 ], [ -73.5298381, 39.1770942 ], [ -73.525154, 39.1767298 ], [ -73.5220312, 39.1767299 ], [ -73.520548, 39.1768515 ], [ -73.5189086, 39.1772769 ], [ -73.5174253, 39.1778238 ], [ -73.5157859, 39.1786138 ], [ -73.5128975, 39.1809836 ], [ -73.5068633, 39.1866918 ], [ -73.5068085, 39.1867437 ], [ -73.5019683, 39.1894292 ], [ -73.5007193, 39.1898788 ], [ -73.4926002, 39.1913129 ], [ -73.4894775, 39.192042 ], [ -73.4879161, 39.1925281 ], [ -73.4847936, 39.1940469 ], [ -73.4814012, 39.1965045 ], [ -73.475227, 39.2031315 ], [ -73.4719909, 39.2055281 ], [ -73.4704296, 39.2061355 ], [ -73.4687902, 39.2065 ], [ -73.4656674, 39.2070468 ], [ -73.4625447, 39.2074113 ], [ -73.4594219, 39.2076543 ], [ -73.4547378, 39.2074723 ], [ -73.4532179, 39.2073461 ], [ -73.4508529, 39.207338 ], [ -73.4473883, 39.2079365 ], [ -73.4428973, 39.2090338 ], [ -73.4394327, 39.2099315 ], [ -73.437641, 39.2103882 ], [ -73.4315605, 39.2133238 ], [ -73.4210909, 39.2192555 ], [ -73.4195296, 39.2197413 ], [ -73.4179682, 39.2194985 ], [ -73.4165629, 39.2187698 ], [ -73.4153138, 39.2177982 ], [ -73.4139085, 39.216948 ], [ -73.4123472, 39.2164015 ], [ -73.4092244, 39.2167659 ], [ -73.4068824, 39.2179199 ], [ -73.4033695, 39.2205313 ], [ -73.4008714, 39.222839 ], [ -73.397983, 39.2251466 ], [ -73.3933771, 39.2282435 ], [ -73.3880947, 39.2322106 ], [ -73.386013, 39.2342345 ], [ -73.3839313, 39.2374727 ], [ -73.3833068, 39.2386869 ], [ -73.383463, 39.2399011 ], [ -73.3842437, 39.2413581 ], [ -73.3870856, 39.2445148 ], [ -73.3883036, 39.2460931 ], [ -73.3884598, 39.2473072 ], [ -73.3881475, 39.2485212 ], [ -73.3876011, 39.2497353 ], [ -73.3861179, 39.2521634 ], [ -73.3844147, 39.2536533 ], [ -73.3803606, 39.2557548 ], [ -73.3798727, 39.2570193 ], [ -73.3798728, 39.2582332 ], [ -73.3802632, 39.2594471 ], [ -73.3817466, 39.2618747 ], [ -73.3863863, 39.2662182 ], [ -73.3872117, 39.267822 ], [ -73.387407, 39.2693391 ], [ -73.3856506, 39.2738903 ], [ -73.3842455, 39.2762568 ], [ -73.3840895, 39.2787446 ], [ -73.3844018, 39.2799581 ], [ -73.3851826, 39.2811716 ], [ -73.3862756, 39.282385 ], [ -73.3876809, 39.2835985 ], [ -73.3892423, 39.2843264 ], [ -73.3904914, 39.2852971 ], [ -73.3908037, 39.2865105 ], [ -73.3910381, 39.2889372 ], [ -73.3908625, 39.2899231 ], [ -73.3892092, 39.2934105 ], [ -73.3884036, 39.2951099 ], [ -73.38815, 39.2960957 ], [ -73.38815, 39.2973089 ], [ -73.3889307, 39.298522 ], [ -73.3900237, 39.2997352 ], [ -73.3915852, 39.300463 ], [ -73.3933026, 39.3003416 ], [ -73.3945908, 39.300008 ], [ -73.3960051, 39.2993235 ], [ -73.4014216, 39.2967019 ], [ -73.4045443, 39.2954886 ], [ -73.4061057, 39.2953672 ], [ -73.407667, 39.2958525 ], [ -73.40876, 39.296823 ], [ -73.409775, 39.2992493 ], [ -73.4105657, 39.303571 ], [ -73.410181, 39.308555 ], [ -73.4099424, 39.3116477 ], [ -73.4098761, 39.3125062 ], [ -73.4082146, 39.3186573 ], [ -73.407356, 39.3210829 ], [ -73.4061851, 39.3235085 ], [ -73.4037651, 39.3259339 ], [ -73.4006424, 39.3275106 ], [ -73.3943971, 39.3289659 ], [ -73.3928357, 39.3296936 ], [ -73.3915867, 39.330785 ], [ -73.3911183, 39.3319976 ], [ -73.3920553, 39.3332101 ], [ -73.3949438, 39.3349682 ], [ -73.3980667, 39.3363019 ], [ -73.3993939, 39.3374538 ], [ -73.3993939, 39.3386662 ], [ -73.3987694, 39.3398787 ], [ -73.3973643, 39.34097 ], [ -73.3957509, 39.341847 ], [ -73.3899441, 39.3443272 ], [ -73.3883085, 39.3454561 ], [ -73.3876841, 39.3466685 ], [ -73.3884648, 39.3478808 ], [ -73.3900262, 39.3486082 ], [ -73.3915876, 39.349093 ], [ -73.3961936, 39.3497596 ], [ -73.4110129, 39.3486146 ], [ -73.4196921, 39.3461826 ], [ -73.4260936, 39.3433333 ], [ -73.4292163, 39.3424845 ], [ -73.4323389, 39.3414539 ], [ -73.4369449, 39.3390895 ], [ -73.4397909, 39.3373105 ], [ -73.4401456, 39.3370888 ], [ -73.4460785, 39.3326022 ], [ -73.4493572, 39.3289643 ], [ -73.4512307, 39.3265389 ], [ -73.4524798, 39.3253262 ], [ -73.4531043, 39.3241134 ], [ -73.4561487, 39.3204751 ], [ -73.4620816, 39.3144713 ], [ -73.4689513, 39.3086489 ], [ -73.4719179, 39.3071326 ], [ -73.4794123, 39.3042513 ], [ -73.4805832, 39.3028866 ], [ -73.4812078, 39.3017947 ], [ -73.4817541, 39.2980946 ], [ -73.4827688, 39.2956682 ], [ -73.4837056, 39.2945156 ], [ -73.4850327, 39.2935449 ], [ -73.4879992, 39.2923316 ], [ -73.4895606, 39.2918463 ], [ -73.5020514, 39.2886912 ], [ -73.5107168, 39.2860215 ], [ -73.5134492, 39.2847474 ], [ -73.5207875, 39.2819563 ], [ -73.5239101, 39.2805 ], [ -73.5268767, 39.278801 ], [ -73.528438, 39.2781941 ], [ -73.533122, 39.2766164 ], [ -73.5346053, 39.2760096 ], [ -73.537728, 39.2752207 ], [ -73.5408507, 39.2746138 ], [ -73.542412, 39.274007 ], [ -73.5435049, 39.2727933 ], [ -73.5435048, 39.2709728 ], [ -73.5428281, 39.2683432 ], [ -73.5430362, 39.2667249 ], [ -73.5435045, 39.2655111 ], [ -73.5445974, 39.2642974 ], [ -73.5460807, 39.2632049 ], [ -73.5491252, 39.2612627 ], [ -73.5522479, 39.2595026 ], [ -73.554746, 39.2572568 ], [ -73.5599918, 39.2503371 ], [ -73.5613033, 39.2488802 ], [ -73.5616607, 39.2486578 ], [ -73.5628646, 39.2479089 ], [ -73.5643479, 39.2473018 ], [ -73.5674706, 39.2469375 ], [ -73.5705933, 39.2457233 ], [ -73.5731694, 39.2436593 ], [ -73.5741062, 39.2424451 ], [ -73.5766823, 39.2400774 ], [ -73.5811321, 39.2370417 ], [ -73.5841767, 39.2353416 ], [ -73.585738, 39.2347952 ], [ -73.5888607, 39.2340664 ], [ -73.5905002, 39.2340664 ], [ -73.5920615, 39.2343093 ], [ -73.5932326, 39.2351592 ], [ -73.5951064, 39.237527 ], [ -73.5964335, 39.2386804 ], [ -73.597995, 39.2390446 ], [ -73.5995563, 39.239166 ], [ -73.6011177, 39.2389232 ], [ -73.6022106, 39.2378303 ], [ -73.6030433, 39.2362113 ], [ -73.6050988, 39.2298158 ], [ -73.6061136, 39.2282371 ], [ -73.6075187, 39.2271441 ], [ -73.6090801, 39.2267796 ], [ -73.6102769, 39.2269424 ], [ -73.6107973, 39.2272167 ], [ -73.6111189, 39.2277786 ], [ -73.6111813, 39.229051 ], [ -73.6114222, 39.2295727 ], [ -73.6116802, 39.2304566 ], [ -73.6120471, 39.2307747 ], [ -73.6130212, 39.2309171 ], [ -73.6136082, 39.2309085 ], [ -73.6152977, 39.2306263 ], [ -73.6166529, 39.2302404 ], [ -73.6196974, 39.2287832 ], [ -73.621519, 39.2277104 ], [ -73.6248763, 39.2263696 ], [ -73.627348, 39.2253825 ], [ -73.6304707, 39.2247144 ], [ -73.6335935, 39.2245929 ], [ -73.6367162, 39.2251393 ], [ -73.6382776, 39.2256858 ], [ -73.6395268, 39.2267787 ], [ -73.6401514, 39.2279932 ], [ -73.6403075, 39.2292075 ], [ -73.6410884, 39.2316363 ], [ -73.6420252, 39.2328506 ], [ -73.6435866, 39.2337005 ], [ -73.64507, 39.2340041 ], [ -73.6481147, 39.2350968 ], [ -73.6494419, 39.2361289 ], [ -73.6506911, 39.2385574 ], [ -73.6518622, 39.2397715 ], [ -73.654985, 39.2406213 ], [ -73.6565464, 39.2407428 ], [ -73.6705986, 39.2398924 ], [ -73.6737214, 39.2398923 ], [ -73.6768441, 39.2392851 ], [ -73.6784054, 39.2385565 ], [ -73.6798106, 39.2374637 ], [ -73.6807474, 39.2362494 ], [ -73.6823087, 39.2350351 ], [ -73.68387, 39.234185 ], [ -73.6854313, 39.2339421 ], [ -73.6865255, 39.2341602 ], [ -73.6869302, 39.2345007 ], [ -73.6872739, 39.2351902 ], [ -73.6875546, 39.2363655 ], [ -73.6874613, 39.2369777 ], [ -73.6866027, 39.2405597 ], [ -73.685354, 39.2483909 ], [ -73.6832463, 39.2514259 ], [ -73.681685, 39.2525186 ], [ -73.6801237, 39.2531256 ], [ -73.6754396, 39.2538541 ], [ -73.6733578, 39.2545016 ], [ -73.6693504, 39.2574354 ], [ -73.6662277, 39.2588921 ], [ -73.6646664, 39.2594385 ], [ -73.6615437, 39.2602275 ], [ -73.6557519, 39.2614659 ], [ -73.6552983, 39.2615629 ], [ -73.6521756, 39.2619879 ], [ -73.649053, 39.2630197 ], [ -73.6474916, 39.2638087 ], [ -73.644369, 39.2658722 ], [ -73.6412463, 39.2672681 ], [ -73.6399144, 39.2679376 ], [ -73.6375427, 39.2686234 ], [ -73.6255546, 39.2695746 ], [ -73.6193092, 39.2698175 ], [ -73.6161865, 39.2704245 ], [ -73.6130638, 39.2713955 ], [ -73.6101753, 39.2728519 ], [ -73.6072869, 39.2746724 ], [ -73.6041642, 39.2755221 ], [ -73.5979969, 39.2766751 ], [ -73.5964356, 39.2772819 ], [ -73.5942355, 39.278479 ], [ -73.5912832, 39.2813473 ], [ -73.5903294, 39.281718 ], [ -73.5884728, 39.2824396 ], [ -73.5830081, 39.2837139 ], [ -73.5767626, 39.2846848 ], [ -73.57364, 39.2854736 ], [ -73.5675508, 39.2882039 ], [ -73.5644281, 39.2891747 ], [ -73.5628667, 39.2895387 ], [ -73.5613834, 39.2902668 ], [ -73.5585731, 39.2926327 ], [ -73.5565435, 39.2950594 ], [ -73.5545078, 39.2969679 ], [ -73.5518655, 39.2986104 ], [ -73.5497518, 39.3004582 ], [ -73.5489712, 39.3016714 ], [ -73.548737, 39.3028239 ], [ -73.5495178, 39.30525 ], [ -73.5518339, 39.3080197 ], [ -73.5534996, 39.3112542 ], [ -73.5544364, 39.3123459 ], [ -73.5558417, 39.3135587 ], [ -73.5566225, 39.3147717 ], [ -73.5569348, 39.3159845 ], [ -73.556935, 39.319623 ], [ -73.5575598, 39.3244741 ], [ -73.5571697, 39.3280515 ], [ -73.5573259, 39.3304768 ], [ -73.5577164, 39.33175 ], [ -73.5586532, 39.3329626 ], [ -73.5602146, 39.3336901 ], [ -73.561776, 39.3340538 ], [ -73.5633373, 39.3340537 ], [ -73.5648987, 39.3342962 ], [ -73.5678654, 39.3357512 ], [ -73.5694268, 39.3361149 ], [ -73.5709101, 39.3361755 ], [ -73.5740328, 39.3365391 ], [ -73.5756723, 39.3370847 ], [ -73.576859, 39.3382694 ], [ -73.5789583, 39.3426935 ], [ -73.5798245, 39.3435176 ], [ -73.5806159, 39.3439731 ], [ -73.5815995, 39.3441114 ], [ -73.582358, 39.3440754 ], [ -73.5833001, 39.3443093 ], [ -73.5836357, 39.3447228 ], [ -73.5845726, 39.3458139 ], [ -73.5848849, 39.3470262 ], [ -73.5847288, 39.3482385 ], [ -73.5841044, 39.3494509 ], [ -73.5833237, 39.350542 ], [ -73.5822308, 39.3517542 ], [ -73.5802011, 39.3533302 ], [ -73.5766101, 39.3556335 ], [ -73.5744479, 39.3582258 ], [ -73.5740316, 39.3590339 ], [ -73.5739561, 39.3629063 ], [ -73.5737219, 39.3641183 ], [ -73.5720046, 39.3664817 ], [ -73.5719489, 39.3669581 ], [ -73.5723132, 39.3675441 ], [ -73.5728529, 39.3683185 ], [ -73.5729714, 39.3689998 ], [ -73.5729743, 39.3696056 ], [ -73.5728635, 39.3701782 ], [ -73.5719268, 39.3713901 ], [ -73.5706777, 39.3722385 ], [ -73.5691164, 39.3729656 ], [ -73.567477, 39.3735111 ], [ -73.5643542, 39.3743595 ], [ -73.5612316, 39.3748443 ], [ -73.5596702, 39.3749655 ], [ -73.5534247, 39.3749051 ], [ -73.550302, 39.3746628 ], [ -73.5488186, 39.3744205 ], [ -73.5472573, 39.3739358 ], [ -73.5456959, 39.3730876 ], [ -73.5442906, 39.3721181 ], [ -73.5436659, 39.3709062 ], [ -73.5424169, 39.3700579 ], [ -73.5408555, 39.3699368 ], [ -73.5392941, 39.3705428 ], [ -73.5377328, 39.3713912 ], [ -73.5366399, 39.3724819 ], [ -73.5356251, 39.3736332 ], [ -73.5340638, 39.376057 ], [ -73.5326603, 39.3795472 ], [ -73.5311756, 39.3808435 ], [ -73.5296142, 39.3815707 ], [ -73.5249301, 39.3830248 ], [ -73.5233688, 39.3837519 ], [ -73.5221979, 39.3849636 ], [ -73.521105, 39.387387 ], [ -73.5207148, 39.3885986 ], [ -73.5193096, 39.3895678 ], [ -73.5177482, 39.3899314 ], [ -73.5161869, 39.3900526 ], [ -73.5146255, 39.3899315 ], [ -73.5130641, 39.3894469 ], [ -73.5116588, 39.3883565 ], [ -73.510878, 39.3871449 ], [ -73.5107219, 39.3858121 ], [ -73.511034, 39.3844793 ], [ -73.5118147, 39.3832676 ], [ -73.5130637, 39.3818135 ], [ -73.5143128, 39.380844 ], [ -73.5154057, 39.3796323 ], [ -73.5163424, 39.3783599 ], [ -73.5173572, 39.3759363 ], [ -73.5174352, 39.374785 ], [ -73.5171229, 39.3735732 ], [ -73.5163421, 39.3723613 ], [ -73.515093, 39.3711494 ], [ -73.5119701, 39.3700588 ], [ -73.5088474, 39.3696348 ], [ -73.5072861, 39.3696348 ], [ -73.5041633, 39.3693925 ], [ -73.4916723, 39.3695141 ], [ -73.4885496, 39.3690294 ], [ -73.4869882, 39.3684841 ], [ -73.4862855, 39.3672721 ], [ -73.485817, 39.3648482 ], [ -73.484802, 39.3637574 ], [ -73.4832406, 39.3633938 ], [ -73.4816793, 39.3632726 ], [ -73.4801179, 39.362909 ], [ -73.4785565, 39.3621819 ], [ -73.4774635, 39.3609699 ], [ -73.4768389, 39.3597578 ], [ -73.4768388, 39.3585457 ], [ -73.4769949, 39.3573335 ], [ -73.4779315, 39.3549092 ], [ -73.4779315, 39.3524847 ], [ -73.4769945, 39.3500602 ], [ -73.4773068, 39.348848 ], [ -73.478868, 39.3464233 ], [ -73.4806165, 39.3430286 ], [ -73.4804531, 39.3414991 ], [ -73.479204, 39.340408 ], [ -73.4776426, 39.3402868 ], [ -73.4760573, 39.3409676 ], [ -73.474652, 39.3420588 ], [ -73.4723102, 39.345696 ], [ -73.4710611, 39.3468478 ], [ -73.4679385, 39.3483633 ], [ -73.4648158, 39.3489695 ], [ -73.4601316, 39.3489697 ], [ -73.457009, 39.3493335 ], [ -73.4544391, 39.350431 ], [ -73.4538863, 39.3506671 ], [ -73.4510759, 39.3529704 ], [ -73.4495592, 39.3539922 ], [ -73.4438255, 39.3559708 ], [ -73.4395288, 39.3564989 ], [ -73.4358076, 39.3567975 ], [ -73.4317015, 39.3571957 ], [ -73.4274995, 39.3572138 ], [ -73.4262504, 39.3574563 ], [ -73.424689, 39.357517 ], [ -73.4215663, 39.3579412 ], [ -73.4189641, 39.3589514 ], [ -73.415321, 39.3610323 ], [ -73.4122764, 39.3630929 ], [ -73.4107932, 39.3638808 ], [ -73.4092319, 39.3643656 ], [ -73.4061091, 39.3647293 ], [ -73.3998636, 39.3643054 ], [ -73.3967409, 39.3647903 ], [ -73.3936182, 39.3659418 ], [ -73.3890161, 39.3692661 ], [ -73.3798193, 39.3719434 ], [ -73.3783171, 39.3728502 ], [ -73.3772243, 39.3740622 ], [ -73.3770682, 39.375274 ], [ -73.3780051, 39.3762435 ], [ -73.3794103, 39.3768493 ], [ -73.3840163, 39.3769097 ], [ -73.3856558, 39.3770915 ], [ -73.386905, 39.3780608 ], [ -73.3870611, 39.3792726 ], [ -73.3867082, 39.3798891 ], [ -73.3837304, 39.3831906 ], [ -73.3812063, 39.3850891 ], [ -73.3781617, 39.386846 ], [ -73.3735558, 39.3892088 ], [ -73.3692116, 39.3918278 ], [ -73.3673611, 39.3929434 ], [ -73.3612995, 39.3962361 ], [ -73.3526185, 39.4005732 ], [ -73.3459984, 39.4031415 ], [ -73.3441248, 39.4041106 ], [ -73.3401434, 39.4056855 ], [ -73.3347567, 39.4075026 ], [ -73.3260913, 39.4097437 ], [ -73.3214072, 39.4107733 ], [ -73.3182845, 39.4116818 ], [ -73.3062064, 39.4144419 ], [ -73.2993141, 39.4162242 ], [ -73.2949424, 39.4178594 ], [ -73.2919758, 39.4186467 ], [ -73.2872918, 39.4197367 ], [ -73.2810463, 39.4207058 ], [ -73.2763623, 39.4217353 ], [ -73.2754571, 39.4218973 ], [ -73.2733176, 39.4222803 ], [ -73.2686336, 39.4236126 ], [ -73.2624663, 39.425066 ], [ -73.260905, 39.4255503 ], [ -73.2515368, 39.4277303 ], [ -73.2498974, 39.4283358 ], [ -73.2468529, 39.4298496 ], [ -73.2453696, 39.4307578 ], [ -73.2426373, 39.4328768 ], [ -73.2370165, 39.4365215 ], [ -73.2350649, 39.4373569 ], [ -73.2320984, 39.4389916 ], [ -73.2278047, 39.442079 ], [ -73.2272385, 39.4423424 ], [ -73.2246821, 39.4435318 ], [ -73.2231208, 39.4440766 ], [ -73.2211869, 39.4443765 ], [ -73.2210389, 39.4443995 ], [ -73.2147935, 39.4446418 ], [ -73.2089905, 39.4455903 ], [ -73.2058678, 39.4464378 ], [ -73.1964996, 39.4476487 ], [ -73.1933769, 39.4483751 ], [ -73.1871315, 39.4503122 ], [ -73.1840088, 39.4511597 ], [ -73.1808861, 39.4523097 ], [ -73.1747189, 39.455094 ], [ -73.1701129, 39.4573939 ], [ -73.1657413, 39.4599358 ], [ -73.1612134, 39.4623566 ], [ -73.1597302, 39.4634459 ], [ -73.158325, 39.4641721 ], [ -73.1567637, 39.4652614 ], [ -73.1543436, 39.467682 ], [ -73.1525482, 39.4700419 ], [ -73.1518457, 39.4712521 ], [ -73.149816, 39.4736724 ], [ -73.1473179, 39.4759717 ], [ -73.144772, 39.478053 ], [ -73.1416192, 39.4806304 ], [ -73.1383405, 39.4841394 ], [ -73.1355302, 39.4877692 ], [ -73.1347496, 39.4889185 ], [ -73.1337348, 39.4913382 ], [ -73.1319397, 39.4994636 ], [ -73.131159, 39.5014797 ], [ -73.1278401, 39.5057652 ], [ -73.1258507, 39.508334 ], [ -73.1253824, 39.5095436 ], [ -73.1239774, 39.5149861 ], [ -73.1230407, 39.5168002 ], [ -73.1221039, 39.5180095 ], [ -73.1208549, 39.5189771 ], [ -73.1177322, 39.5207911 ], [ -73.1163271, 39.5220004 ], [ -73.1156245, 39.5231492 ], [ -73.114922, 39.5255677 ], [ -73.1146881, 39.5304648 ], [ -73.1155471, 39.5352405 ], [ -73.115391, 39.5376586 ], [ -73.1150007, 39.5388676 ], [ -73.1132053, 39.5412856 ], [ -73.1117533, 39.5437045 ], [ -73.1106292, 39.5455772 ], [ -73.1100828, 39.5461816 ], [ -73.1094583, 39.5473904 ], [ -73.1094584, 39.5485993 ], [ -73.1105232, 39.5509542 ], [ -73.1105515, 39.5510168 ], [ -73.1103954, 39.5521651 ], [ -73.1085219, 39.5545825 ], [ -73.10618, 39.557 ], [ -73.1050871, 39.5594777 ], [ -73.1043065, 39.5606863 ], [ -73.1028233, 39.561774 ], [ -73.0997787, 39.5636474 ], [ -73.098998, 39.564856 ], [ -73.0981395, 39.567273 ], [ -73.0977492, 39.5696898 ], [ -73.0974371, 39.5733151 ], [ -73.0968127, 39.5757318 ], [ -73.0944396, 39.5790546 ], [ -73.089631, 39.5883578 ], [ -73.0886163, 39.5913176 ], [ -73.0877577, 39.5949417 ], [ -73.0873675, 39.5973576 ], [ -73.0872115, 39.5997734 ], [ -73.0872139, 39.6 ], [ -73.0657967, 39.6 ], [ -73.0587482, 39.6 ], [ -73.0593409, 39.5971772 ], [ -73.0596531, 39.5947613 ], [ -73.0597879, 39.5943932 ], [ -73.0609801, 39.5911372 ], [ -73.0616045, 39.588721 ], [ -73.0628534, 39.5850966 ], [ -73.0679158, 39.5725747 ], [ -73.0683955, 39.5707179 ], [ -73.0693322, 39.568301 ], [ -73.0742331, 39.5597256 ], [ -73.0744843, 39.5587535 ], [ -73.0775285, 39.5514408 ], [ -73.0796362, 39.5478144 ], [ -73.0835394, 39.54177 ], [ -73.0847883, 39.5393521 ], [ -73.0861026, 39.5373311 ], [ -73.0902527, 39.5309492 ], [ -73.0922823, 39.5272612 ], [ -73.0935478, 39.5254409 ], [ -73.0955609, 39.5225452 ], [ -73.096966, 39.5201266 ], [ -73.0988395, 39.5177684 ], [ -73.1004788, 39.5153496 ], [ -73.1052406, 39.5068833 ], [ -73.1083631, 39.5021054 ], [ -73.1096901, 39.4996861 ], [ -73.1134805, 39.4945044 ], [ -73.1160496, 39.4899101 ], [ -73.1176524, 39.4870438 ], [ -73.119526, 39.4839585 ], [ -73.1213995, 39.4816596 ], [ -73.1238194, 39.4780294 ], [ -73.1256149, 39.4756093 ], [ -73.1287374, 39.4719789 ], [ -73.1334793, 39.4672789 ], [ -73.1334994, 39.467259 ], [ -73.1362317, 39.4648989 ], [ -73.1391981, 39.4626598 ], [ -73.1410791, 39.461478 ], [ -73.146417, 39.4590822 ], [ -73.1559826, 39.4564865 ], [ -73.1591052, 39.4558812 ], [ -73.166912, 39.4535206 ], [ -73.1700346, 39.4527942 ], [ -73.1747187, 39.4513415 ], [ -73.17628, 39.4506152 ], [ -73.1777633, 39.4497678 ], [ -73.1805736, 39.4474676 ], [ -73.1821349, 39.446378 ], [ -73.1851015, 39.444562 ], [ -73.1911907, 39.4411115 ], [ -73.1943132, 39.4395375 ], [ -73.2000815, 39.436302 ], [ -73.2018857, 39.4356023 ], [ -73.2032128, 39.4346942 ], [ -73.2062575, 39.4333017 ], [ -73.2120849, 39.429941 ], [ -73.2123466, 39.4297901 ], [ -73.2154693, 39.4276709 ], [ -73.2173651, 39.4265551 ], [ -73.217456, 39.4265141 ], [ -73.2260355, 39.4226452 ], [ -73.2310044, 39.4204045 ], [ -73.2340491, 39.4188906 ], [ -73.2368595, 39.417195 ], [ -73.2415434, 39.415136 ], [ -73.2446661, 39.4135009 ], [ -73.2523946, 39.4089585 ], [ -73.2553612, 39.407081 ], [ -73.2566883, 39.4060514 ], [ -73.257625, 39.4048401 ], [ -73.257464, 39.4042275 ], [ -73.2568443, 39.4037499 ], [ -73.2552829, 39.4035077 ], [ -73.2536435, 39.4036288 ], [ -73.2504427, 39.4044769 ], [ -73.2488814, 39.4047192 ], [ -73.24732, 39.404477 ], [ -73.2459147, 39.4033868 ], [ -73.2456804, 39.4021755 ], [ -73.2467732, 39.3997527 ], [ -73.2495055, 39.3961183 ], [ -73.2509887, 39.3936953 ], [ -73.2513789, 39.3924837 ], [ -73.2514888, 39.3919207 ], [ -73.2513788, 39.3912721 ], [ -73.2509083, 39.3909206 ], [ -73.2499736, 39.3907876 ], [ -73.2476539, 39.3916185 ], [ -73.2427916, 39.3953916 ], [ -73.2403715, 39.3967848 ], [ -73.2360778, 39.3996318 ], [ -73.2345165, 39.4001165 ], [ -73.2329552, 39.4001165 ], [ -73.2320708, 39.3999092 ], [ -73.2315499, 39.3993897 ], [ -73.231421, 39.3989129 ], [ -73.2317059, 39.3981783 ], [ -73.2326427, 39.3969668 ], [ -73.2409176, 39.3899397 ], [ -73.2418544, 39.3887281 ], [ -73.2423227, 39.3875165 ], [ -73.2423227, 39.3863049 ], [ -73.2419424, 39.3856901 ], [ -73.2410735, 39.3853962 ], [ -73.2379508, 39.3853963 ], [ -73.2372271, 39.3851806 ], [ -73.2367016, 39.3844876 ], [ -73.2364541, 39.3839818 ], [ -73.2367016, 39.3832759 ], [ -73.2381428, 39.3815608 ], [ -73.2438897, 39.3763132 ], [ -73.244363, 39.375881 ], [ -73.244957, 39.3753386 ], [ -73.2492188, 39.3709277 ], [ -73.2566862, 39.3648551 ], [ -73.2591842, 39.3624915 ], [ -73.2609797, 39.3600673 ], [ -73.2624629, 39.357643 ], [ -73.2635557, 39.3552186 ], [ -73.2646485, 39.3516426 ], [ -73.2664439, 39.3479451 ], [ -73.2671465, 39.3467934 ], [ -73.2685516, 39.3457022 ], [ -73.2713619, 39.342065 ], [ -73.2755772, 39.33479 ], [ -73.2763357, 39.3333172 ], [ -73.2768262, 39.3323648 ], [ -73.2797144, 39.3275142 ], [ -73.2875208, 39.3167204 ], [ -73.2898628, 39.3142946 ], [ -73.2991934, 39.3031794 ], [ -73.3063342, 39.2956129 ], [ -73.3086761, 39.2926404 ], [ -73.3108619, 39.289061 ], [ -73.312423, 39.2837221 ], [ -73.3124227, 39.2793535 ], [ -73.3132811, 39.2726789 ], [ -73.315779, 39.2660036 ], [ -73.3171842, 39.2635759 ], [ -73.3239757, 39.2561713 ], [ -73.3260054, 39.2537434 ], [ -73.3275666, 39.2513153 ], [ -73.3295962, 39.2476732 ], [ -73.3317819, 39.2428166 ], [ -73.3336553, 39.2379598 ], [ -73.3345919, 39.2343171 ], [ -73.3345918, 39.2318884 ], [ -73.3344356, 39.230674 ], [ -73.3333425, 39.2282453 ], [ -73.3325618, 39.2270309 ], [ -73.33148, 39.2259569 ], [ -73.3288923, 39.2233876 ], [ -73.327409, 39.2222946 ], [ -73.325223, 39.2199871 ], [ -73.32413, 39.2187727 ], [ -73.3225684, 39.2163435 ], [ -73.3221, 39.2139142 ], [ -73.3220998, 39.2114849 ], [ -73.322412, 39.2102702 ], [ -73.3233487, 39.2078406 ], [ -73.3240513, 39.2066258 ], [ -73.3259248, 39.2041355 ], [ -73.3283448, 39.201645 ], [ -73.3338093, 39.1972711 ], [ -73.3374003, 39.1937476 ], [ -73.3395861, 39.1913175 ], [ -73.3409913, 39.1901024 ], [ -73.3440713, 39.1866779 ], [ -73.3511895, 39.181002 ], [ -73.3542457, 39.1788629 ], [ -73.3559298, 39.1779126 ], [ -73.3595398, 39.1757911 ], [ -73.3632301, 39.1740129 ], [ -73.3659724, 39.1728455 ], [ -73.3687047, 39.1717516 ], [ -73.3718274, 39.17084 ], [ -73.3764298, 39.1694425 ], [ -73.3825767, 39.166667 ], [ -73.3859443, 39.166667 ], [ -73.4866552, 39.166667 ], [ -73.488883, 39.166667 ], [ -73.4917298, 39.166667 ], [ -73.5525026, 39.166667 ] ], [ [ -73.5010378, 39.3156224 ], [ -73.5021772, 39.316811 ], [ -73.5025556, 39.3191296 ], [ -73.5020931, 39.3220359 ], [ -73.5013364, 39.3236033 ], [ -73.4988525, 39.3266587 ], [ -73.4976034, 39.3277501 ], [ -73.4960421, 39.3286597 ], [ -73.4929195, 39.3301149 ], [ -73.4902652, 39.3302969 ], [ -73.4887038, 39.3300545 ], [ -73.4871423, 39.3295694 ], [ -73.4855809, 39.3288419 ], [ -73.4843318, 39.3272655 ], [ -73.4843936, 39.325987 ], [ -73.4850342, 39.3235667 ], [ -73.4859912, 39.3225257 ], [ -73.4882194, 39.3203379 ], [ -73.4955237, 39.3155076 ], [ -73.4976028, 39.3147734 ], [ -73.4994765, 39.3146521 ], [ -73.5010378, 39.3156224 ] ] ] } },
{ "type": "Feature", "properties": { "RCID": 221, "PRIM": 3, "GRUP": 1, "OBJL": 42, "RVER": 1, "AGEN": 550, "FIDN": 37880923, "FIDS": 50, "LNAM": "02260242045B0032", "DRVAL1": 1828.8, "DRVAL2": 2743.2 }, "geometry": { "type": "Polygon", "coordinates": [ [ [ -69.2666667, 39.5152994 ], [ -69.2666667, 39.5727118 ], [ -69.2666667, 39.6 ], [ -69.6, 39.6 ], [ -70.1257344, 39.6 ], [ -70.4154338, 39.6 ], [ -70.4452574, 39.6 ], [ -70.5546835, 39.6 ], [ -70.6505717, 39.6 ], [ -70.6699616, 39.6 ], [ -70.8, 39.6 ], [ -70.8990252, 39.6 ], [ -71.1302402, 39.6 ], [ -71.2571819, 39.6 ], [ -71.2791868, 39.6 ], [ -71.2952366, 39.6 ], [ -71.3071999, 39.6 ], [ -71.3397369, 39.6 ], [ -71.3677465, 39.6 ], [ -71.4737244, 39.6 ], [ -71.4757475, 39.5984348 ], [ -71.4784797, 39.5967739 ], [ -71.4815244, 39.5953544 ], [ -71.4871953, 39.5932592 ], [ -71.4902992, 39.5925878 ], [ -71.4935467, 39.5917502 ], [ -71.4952189, 39.5915345 ], [ -71.4958888, 39.5914481 ], [ -71.4976062, 39.5916695 ], [ -71.4988554, 39.5921527 ], [ -71.501666, 39.5945082 ], [ -71.5033815, 39.5974121 ], [ -71.5041419, 39.6 ], [ -71.5368458, 39.6 ], [ -71.5371718, 39.5993027 ], [ -71.5389828, 39.5982518 ], [ -71.5412256, 39.5978179 ], [ -71.5439068, 39.5982041 ], [ -71.5477013, 39.5997581 ], [ -71.5481391, 39.6 ], [ -71.562235, 39.6 ], [ -71.5616885, 39.5991824 ], [ -71.5516295, 39.5895336 ], [ -71.5492352, 39.5864463 ], [ -71.5487926, 39.5843147 ], [ -71.5486347, 39.581791 ], [ -71.5487926, 39.5802036 ], [ -71.5500035, 39.5783312 ], [ -71.5510824, 39.5768074 ], [ -71.5551914, 39.572622 ], [ -71.5560941, 39.5712246 ], [ -71.5563552, 39.568799 ], [ -71.5561064, 39.5668743 ], [ -71.5549072, 39.5653275 ], [ -71.5534803, 39.5640023 ], [ -71.5484384, 39.5605107 ], [ -71.5473342, 39.5591037 ], [ -71.5463973, 39.557472 ], [ -71.5463191, 39.554813 ], [ -71.5472559, 39.5533625 ], [ -71.5483835, 39.5523149 ], [ -71.5503265, 39.5511867 ], [ -71.5563636, 39.5485675 ], [ -71.5598533, 39.5462813 ], [ -71.5629587, 39.5424778 ], [ -71.5635743, 39.5417239 ], [ -71.5656274, 39.540054 ], [ -71.5703129, 39.5377731 ], [ -71.5760513, 39.5347184 ], [ -71.5896602, 39.5286082 ], [ -71.5907645, 39.5283297 ], [ -71.5923261, 39.5276914 ], [ -71.5936271, 39.5271875 ], [ -71.5976476, 39.5248521 ], [ -71.6007482, 39.5238515 ], [ -71.6028391, 39.52362 ], [ -71.611895, 39.5236198 ], [ -71.6177016, 39.5230574 ], [ -71.6210583, 39.5236573 ], [ -71.6234384, 39.5244951 ], [ -71.6248064, 39.5259076 ], [ -71.626121, 39.5281471 ], [ -71.6267674, 39.5301489 ], [ -71.6270407, 39.5318416 ], [ -71.627041, 39.5374032 ], [ -71.6278274, 39.5402443 ], [ -71.6281627, 39.5438765 ], [ -71.628915, 39.5454425 ], [ -71.6295396, 39.5457447 ], [ -71.6301641, 39.5457447 ], [ -71.6307106, 39.5455634 ], [ -71.6318816, 39.5446567 ], [ -71.632428, 39.5438105 ], [ -71.6331169, 39.5406094 ], [ -71.6338009, 39.5313354 ], [ -71.6351819, 39.5274021 ], [ -71.6376056, 39.5245864 ], [ -71.6389587, 39.5238003 ], [ -71.64101, 39.5233237 ], [ -71.6434347, 39.5235583 ], [ -71.645395, 39.5243174 ], [ -71.647617, 39.5258816 ], [ -71.6495242, 39.5278508 ], [ -71.6499927, 39.5288182 ], [ -71.6532405, 39.5319617 ], [ -71.6621773, 39.5394115 ], [ -71.666605, 39.5443087 ], [ -71.6717748, 39.5494907 ], [ -71.674128, 39.5509412 ], [ -71.6754441, 39.5509411 ], [ -71.6763288, 39.5502561 ], [ -71.6769533, 39.5490474 ], [ -71.6765368, 39.5474356 ], [ -71.6760258, 39.5465125 ], [ -71.6710618, 39.5415715 ], [ -71.6573307, 39.5215627 ], [ -71.6545922, 39.5189116 ], [ -71.6530864, 39.5169124 ], [ -71.6504389, 39.5124741 ], [ -71.6502923, 39.5119878 ], [ -71.6497018, 39.5100293 ], [ -71.6486111, 39.5067968 ], [ -71.6483716, 39.5057802 ], [ -71.6481177, 39.5034215 ], [ -71.6484544, 39.499781 ], [ -71.6492967, 39.4975803 ], [ -71.6495455, 39.4972652 ], [ -71.6504549, 39.4961131 ], [ -71.6527187, 39.4944422 ], [ -71.6560802, 39.4932599 ], [ -71.659359, 39.4929574 ], [ -71.6645667, 39.4931814 ], [ -71.6710873, 39.4955494 ], [ -71.6810626, 39.501848 ], [ -71.6990187, 39.5100119 ], [ -71.7038591, 39.512733 ], [ -71.7108277, 39.5157996 ], [ -71.7267076, 39.5241202 ], [ -71.7295442, 39.5260422 ], [ -71.7341503, 39.5280901 ], [ -71.7361021, 39.52809 ], [ -71.7383437, 39.5271486 ], [ -71.739762, 39.5255009 ], [ -71.7400001, 39.5236562 ], [ -71.7394729, 39.5216152 ], [ -71.7378561, 39.5187979 ], [ -71.733718, 39.5146316 ], [ -71.7315687, 39.512782 ], [ -71.725718, 39.5078945 ], [ -71.720331, 39.5037217 ], [ -71.7138996, 39.4983354 ], [ -71.7040142, 39.4924722 ], [ -71.6989708, 39.4892542 ], [ -71.694398, 39.4868301 ], [ -71.6915807, 39.48492 ], [ -71.6876366, 39.4813082 ], [ -71.6871508, 39.4805553 ], [ -71.6871507, 39.4786193 ], [ -71.6878793, 39.4774899 ], [ -71.6888547, 39.4765449 ], [ -71.6916743, 39.4755515 ], [ -71.6950614, 39.4749889 ], [ -71.700793, 39.4749887 ], [ -71.710855, 39.4761655 ], [ -71.7159467, 39.4772615 ], [ -71.7200955, 39.4775293 ], [ -71.721813, 39.4775292 ], [ -71.7232963, 39.4768032 ], [ -71.7237647, 39.4763191 ], [ -71.7238427, 39.474867 ], [ -71.7221474, 39.4725938 ], [ -71.7190803, 39.4711083 ], [ -71.7089313, 39.4680906 ], [ -71.7019689, 39.4662205 ], [ -71.6968081, 39.4638205 ], [ -71.6932392, 39.4619188 ], [ -71.6916257, 39.4606682 ], [ -71.6893356, 39.4584089 ], [ -71.6873838, 39.4553829 ], [ -71.6869933, 39.4541725 ], [ -71.6869933, 39.4519937 ], [ -71.6873693, 39.4496602 ], [ -71.6908902, 39.4445574 ], [ -71.6908963, 39.4445486 ], [ -71.6915207, 39.4433985 ], [ -71.6936711, 39.4400552 ], [ -71.7015649, 39.4303624 ], [ -71.70768, 39.4237223 ], [ -71.7098463, 39.4220419 ], [ -71.7184731, 39.4136229 ], [ -71.734468, 39.4019085 ], [ -71.7398304, 39.3993298 ], [ -71.7407433, 39.3988908 ], [ -71.746465, 39.3961393 ], [ -71.7512875, 39.394736 ], [ -71.7545149, 39.3940204 ], [ -71.7586479, 39.393753 ], [ -71.7650066, 39.3941258 ], [ -71.7720849, 39.3953169 ], [ -71.7750827, 39.3942749 ], [ -71.7759437, 39.3933841 ], [ -71.7764067, 39.3919958 ], [ -71.7761961, 39.3911386 ], [ -71.7754064, 39.3902407 ], [ -71.7694574, 39.3877099 ], [ -71.7668778, 39.3864446 ], [ -71.7644035, 39.3848118 ], [ -71.7624029, 39.3831381 ], [ -71.761271, 39.3812195 ], [ -71.7611131, 39.3788108 ], [ -71.7617821, 39.3754587 ], [ -71.7617975, 39.3753816 ], [ -71.7629029, 39.3716165 ], [ -71.765734, 39.3686863 ], [ -71.7671139, 39.3677936 ], [ -71.7707095, 39.36672 ], [ -71.7742694, 39.3667199 ], [ -71.7825124, 39.3680236 ], [ -71.7893239, 39.3697373 ], [ -71.7900394, 39.3699917 ], [ -71.8047542, 39.3754773 ], [ -71.8146315, 39.3807762 ], [ -71.8194875, 39.3838296 ], [ -71.8243383, 39.3859661 ], [ -71.8290225, 39.3883286 ], [ -71.8376622, 39.3915592 ], [ -71.8413315, 39.3924071 ], [ -71.8422326, 39.3923618 ], [ -71.8428397, 39.3918911 ], [ -71.8426586, 39.3911956 ], [ -71.8412694, 39.3896833 ], [ -71.8354652, 39.3849748 ], [ -71.8304135, 39.3814584 ], [ -71.8255411, 39.3770991 ], [ -71.8253841, 39.376944 ], [ -71.8210933, 39.3696496 ], [ -71.8203819, 39.3689135 ], [ -71.8158017, 39.3653855 ], [ -71.8122327, 39.36123 ], [ -71.8097212, 39.358926 ], [ -71.8063941, 39.3572042 ], [ -71.7976318, 39.3544835 ], [ -71.7911315, 39.3533366 ], [ -71.7889623, 39.3531071 ], [ -71.7771903, 39.3527559 ], [ -71.773198, 39.3514645 ], [ -71.7720827, 39.3505987 ], [ -71.7716143, 39.3498713 ], [ -71.7716142, 39.3487803 ], [ -71.7728007, 39.3469376 ], [ -71.7746587, 39.3450826 ], [ -71.776704, 39.3434943 ], [ -71.7798891, 39.3420514 ], [ -71.7848854, 39.3401114 ], [ -71.7878661, 39.3380281 ], [ -71.7915281, 39.3349471 ], [ -71.7931603, 39.3324116 ], [ -71.7946322, 39.3293628 ], [ -71.7970113, 39.3265909 ], [ -71.8012757, 39.3226161 ], [ -71.8123898, 39.3136896 ], [ -71.8161196, 39.3115163 ], [ -71.8315686, 39.3059712 ], [ -71.8348474, 39.3045154 ], [ -71.8371893, 39.302453 ], [ -71.8376663, 39.3009704 ], [ -71.8375156, 39.299332 ], [ -71.836749, 39.2975454 ], [ -71.8345347, 39.2955381 ], [ -71.831872, 39.2936417 ], [ -71.8286793, 39.2908065 ], [ -71.8265713, 39.2875306 ], [ -71.8264931, 39.2857711 ], [ -71.8285228, 39.2824341 ], [ -71.8306305, 39.2802498 ], [ -71.8359389, 39.275881 ], [ -71.8376699, 39.2736757 ], [ -71.8380708, 39.2728168 ], [ -71.8391966, 39.2704048 ], [ -71.8400761, 39.2681136 ], [ -71.840878, 39.2648254 ], [ -71.8412987, 39.2586055 ], [ -71.8419362, 39.2566228 ], [ -71.8428511, 39.2554846 ], [ -71.8451562, 39.2544888 ], [ -71.8472202, 39.2546894 ], [ -71.8512046, 39.2558807 ], [ -71.8558298, 39.2587572 ], [ -71.8620131, 39.2618013 ], [ -71.8656042, 39.2631971 ], [ -71.8690002, 39.263857 ], [ -71.8760654, 39.263925 ], [ -71.8788239, 39.264107 ], [ -71.8841846, 39.265442 ], [ -71.8879319, 39.2661701 ], [ -71.8916793, 39.2666555 ], [ -71.8985493, 39.2666553 ], [ -71.9041702, 39.2659269 ], [ -71.9104602, 39.2646461 ], [ -71.9178476, 39.2636204 ], [ -71.9243118, 39.2636201 ], [ -71.9320291, 39.2644198 ], [ -71.9411746, 39.2668361 ], [ -71.9492939, 39.2699914 ], [ -71.957023, 39.2741783 ], [ -71.9606922, 39.276484 ], [ -71.9662839, 39.2807016 ], [ -71.9728146, 39.2863017 ], [ -71.9774933, 39.2914953 ], [ -71.9805701, 39.2940566 ], [ -71.9863074, 39.2976516 ], [ -71.9919209, 39.3002041 ], [ -71.9945752, 39.3016396 ], [ -71.9972965, 39.3034014 ], [ -71.998421, 39.3045864 ], [ -71.9994826, 39.3061954 ], [ -72.0035401, 39.3109769 ], [ -72.0057765, 39.3122798 ], [ -72.0103241, 39.3139421 ], [ -72.0125629, 39.3151842 ], [ -72.0179029, 39.3186407 ], [ -72.0219001, 39.3205811 ], [ -72.0247227, 39.3216771 ], [ -72.0313362, 39.3224881 ], [ -72.0379043, 39.3243098 ], [ -72.041927, 39.3255879 ], [ -72.0431103, 39.3261622 ], [ -72.0469133, 39.3284207 ], [ -72.0507217, 39.3318333 ], [ -72.052522, 39.3342298 ], [ -72.0564717, 39.3409769 ], [ -72.0581562, 39.3432191 ], [ -72.0591555, 39.3439949 ], [ -72.061404, 39.3450133 ], [ -72.0677979, 39.3472195 ], [ -72.0703779, 39.3484522 ], [ -72.0723337, 39.3488924 ], [ -72.0744416, 39.3491348 ], [ -72.0757687, 39.3485286 ], [ -72.0756126, 39.3476194 ], [ -72.0743035, 39.3461844 ], [ -72.0691272, 39.3435633 ], [ -72.0671198, 39.3417449 ], [ -72.0643702, 39.3379812 ], [ -72.0624963, 39.3336161 ], [ -72.0617155, 39.331191 ], [ -72.0604273, 39.3291901 ], [ -72.0588664, 39.3274584 ], [ -72.0521387, 39.3218731 ], [ -72.0456015, 39.3175362 ], [ -72.0405222, 39.3138229 ], [ -72.034937, 39.3102105 ], [ -72.0297063, 39.3072995 ], [ -72.0254905, 39.3040244 ], [ -72.0102632, 39.2900536 ], [ -72.0070654, 39.285705 ], [ -72.0048793, 39.2831569 ], [ -72.0014832, 39.2807376 ], [ -71.9994994, 39.2788105 ], [ -71.9987897, 39.2779391 ], [ -71.9961712, 39.2748866 ], [ -71.9907103, 39.2656659 ], [ -71.9874001, 39.2612549 ], [ -71.9837044, 39.2579399 ], [ -71.9780223, 39.2539076 ], [ -71.9745872, 39.2512369 ], [ -71.9742749, 39.2507513 ], [ -71.969981, 39.2475342 ], [ -71.9542698, 39.2378655 ], [ -71.9435149, 39.2293824 ], [ -71.9405169, 39.227488 ], [ -71.9385183, 39.2267108 ], [ -71.9340821, 39.2255608 ], [ -71.9207966, 39.2241154 ], [ -71.9174137, 39.2234577 ], [ -71.912008, 39.2211452 ], [ -71.9096602, 39.2197105 ], [ -71.9090201, 39.2187147 ], [ -71.9096846, 39.2175084 ], [ -71.9107495, 39.2168181 ], [ -71.9158556, 39.2145835 ], [ -71.9175641, 39.2131328 ], [ -71.9183759, 39.2114485 ], [ -71.9183759, 39.2105576 ], [ -71.9178294, 39.2092215 ], [ -71.9162059, 39.208041 ], [ -71.9130671, 39.207278 ], [ -71.9091948, 39.2057718 ], [ -71.9071372, 39.2043997 ], [ -71.9039913, 39.2008397 ], [ -71.9027615, 39.1977782 ], [ -71.9027614, 39.1951296 ], [ -71.9034305, 39.1933938 ], [ -71.9046349, 39.1924565 ], [ -71.9063524, 39.1917882 ], [ -71.9091628, 39.1912414 ], [ -71.9108803, 39.1912413 ], [ -71.9141675, 39.1918807 ], [ -71.9228262, 39.1956077 ], [ -71.9262781, 39.1966148 ], [ -71.9303978, 39.1970727 ], [ -71.9343904, 39.1968469 ], [ -71.9363309, 39.1963435 ], [ -71.9378142, 39.1956145 ], [ -71.9383606, 39.1951285 ], [ -71.9391413, 39.1939135 ], [ -71.9401404, 39.1915806 ], [ -71.9406308, 39.1885267 ], [ -71.9419707, 39.1851891 ], [ -71.9428881, 39.1840468 ], [ -71.945511, 39.1825481 ], [ -71.9468583, 39.1827228 ], [ -71.9487637, 39.1835465 ], [ -71.9508391, 39.1849309 ], [ -71.9529785, 39.1868733 ], [ -71.9551339, 39.1910664 ], [ -71.9560039, 39.1919689 ], [ -71.958268, 39.1937306 ], [ -71.9618748, 39.1949334 ], [ -71.9651046, 39.1955616 ], [ -71.9743272, 39.1966945 ], [ -71.9928526, 39.2002295 ], [ -71.9947263, 39.2002295 ], [ -71.9969902, 39.1997891 ], [ -71.9990241, 39.1991296 ], [ -71.9999135, 39.1986475 ], [ -72.0011278, 39.1984677 ], [ -72.004719, 39.1993059 ], [ -72.0079631, 39.1998107 ], [ -72.0095592, 39.1995001 ], [ -72.0103399, 39.1988926 ], [ -72.010574, 39.1984674 ], [ -72.0112142, 39.1964263 ], [ -72.0107288, 39.1947273 ], [ -72.0076851, 39.1900841 ], [ -72.0062452, 39.1872193 ], [ -72.0034223, 39.1841179 ], [ -72.0014392, 39.1810314 ], [ -72.0009753, 39.1800373 ], [ -72.0005307, 39.1788992 ], [ -71.9997279, 39.1762517 ], [ -71.9987218, 39.1738249 ], [ -71.9950306, 39.1671717 ], [ -71.9946933, 39.1669092 ], [ -71.9938657, 39.1640771 ], [ -71.993676, 39.1622278 ], [ -71.9938116, 39.1615947 ], [ -71.9947407, 39.1603888 ], [ -71.9963637, 39.1598834 ], [ -71.9975347, 39.1598833 ], [ -72.0030383, 39.1614714 ], [ -72.0067761, 39.1620037 ], [ -72.0105139, 39.1629047 ], [ -72.0251574, 39.1676365 ], [ -72.0297617, 39.1679048 ], [ -72.0321548, 39.1668698 ], [ -72.0336026, 39.1655953 ], [ -72.0339929, 39.1649876 ], [ -72.0343351, 39.163716 ], [ -72.0335276, 39.1614112 ], [ -72.0306356, 39.1584236 ], [ -72.0304014, 39.1579374 ], [ -72.0268361, 39.1543716 ], [ -72.024351, 39.1524752 ], [ -72.0235613, 39.1510826 ], [ -72.0235551, 39.1510052 ], [ -72.023456, 39.1497719 ], [ -72.0238772, 39.147724 ], [ -72.0248774, 39.1458398 ], [ -72.0271412, 39.1430134 ], [ -72.0319056, 39.1386303 ], [ -72.0382232, 39.1330587 ], [ -72.0416188, 39.1304367 ], [ -72.042777, 39.129904 ], [ -72.0456725, 39.1295763 ], [ -72.0565529, 39.128497 ], [ -72.0623744, 39.1271742 ], [ -72.06711, 39.1250224 ], [ -72.0714335, 39.1220978 ], [ -72.076772, 39.1182344 ], [ -72.0889562, 39.108102 ], [ -72.093627, 39.1036753 ], [ -72.0973032, 39.1005341 ], [ -72.1012065, 39.0974924 ], [ -72.1037826, 39.0958194 ], [ -72.1066711, 39.0946937 ], [ -72.1091693, 39.094207 ], [ -72.112292, 39.0943981 ], [ -72.1151806, 39.0953627 ], [ -72.1186019, 39.0969622 ], [ -72.1204578, 39.0979045 ], [ -72.1220118, 39.0989518 ], [ -72.1245491, 39.1005941 ], [ -72.1259387, 39.1012388 ], [ -72.1279841, 39.1012631 ], [ -72.1287647, 39.1007765 ], [ -72.1292331, 39.0999248 ], [ -72.1290222, 39.0980208 ], [ -72.1275731, 39.0953862 ], [ -72.1210779, 39.0861204 ], [ -72.1195839, 39.0801335 ], [ -72.1198638, 39.0783873 ], [ -72.1203713, 39.0775963 ], [ -72.1231922, 39.0749574 ], [ -72.1272577, 39.0729363 ], [ -72.1319294, 39.0713955 ], [ -72.1376328, 39.0702007 ], [ -72.1457626, 39.0684976 ], [ -72.15318, 39.0658285 ], [ -72.1567894, 39.0620763 ], [ -72.1579863, 39.0602098 ], [ -72.1607235, 39.0524588 ], [ -72.1622312, 39.0495195 ], [ -72.1637984, 39.04789 ], [ -72.1656884, 39.0468581 ], [ -72.1690843, 39.045534 ], [ -72.1735472, 39.0447881 ], [ -72.1821217, 39.044666 ], [ -72.1921968, 39.0432993 ], [ -72.1971029, 39.042206 ], [ -72.2048063, 39.0398216 ], [ -72.2097186, 39.0380898 ], [ -72.2133556, 39.0364959 ], [ -72.2164215, 39.034617 ], [ -72.2189304, 39.0322687 ], [ -72.2215195, 39.0294411 ], [ -72.2227, 39.0281519 ], [ -72.2266587, 39.0254849 ], [ -72.2293191, 39.0243746 ], [ -72.2328706, 39.0232663 ], [ -72.2344097, 39.0230661 ], [ -72.2406493, 39.0228225 ], [ -72.2434433, 39.0232311 ], [ -72.246805, 39.0241051 ], [ -72.2618017, 39.0312189 ], [ -72.2646784, 39.0320602 ], [ -72.2657714, 39.0316339 ], [ -72.2660056, 39.0314513 ], [ -72.266375, 39.0294337 ], [ -72.2660438, 39.027368 ], [ -72.2629602, 39.0178713 ], [ -72.258822, 39.0063597 ], [ -72.2581816, 39.0028633 ], [ -72.2585875, 39.0009992 ], [ -72.260451, 38.999258 ], [ -72.2608729, 38.9990112 ], [ -72.261504, 38.9986422 ], [ -72.2629254, 38.998396 ], [ -72.2647153, 38.998396 ], [ -72.2664527, 38.9987243 ], [ -72.2692955, 38.9996684 ], [ -72.2797443, 39.0045317 ], [ -72.2846627, 39.0064199 ], [ -72.2860679, 39.0064198 ], [ -72.2877854, 39.0056753 ], [ -72.2877853, 39.0040441 ], [ -72.2872387, 39.002704 ], [ -72.2846796, 38.9981894 ], [ -72.2841504, 38.9965377 ], [ -72.2844278, 38.9935051 ], [ -72.2850342, 38.9916117 ], [ -72.2867892, 38.9886766 ], [ -72.2882528, 38.9875341 ], [ -72.290044, 38.9871347 ], [ -72.2923735, 38.9874651 ], [ -72.2943423, 38.988387 ], [ -72.2977773, 38.9910677 ], [ -72.3002615, 38.99356 ], [ -72.3017786, 38.9954541 ], [ -72.3046477, 38.9980128 ], [ -72.3101908, 39.0019723 ], [ -72.3171003, 39.0062945 ], [ -72.3228886, 39.0090434 ], [ -72.3242435, 39.0086115 ], [ -72.3250241, 39.0080024 ], [ -72.3251021, 39.0062968 ], [ -72.3243693, 39.0040102 ], [ -72.3201051, 38.9955145 ], [ -72.3190706, 38.9910061 ], [ -72.318036, 38.987777 ], [ -72.31697, 38.9857803 ], [ -72.3146113, 38.9825591 ], [ -72.3127972, 38.980514 ], [ -72.3112045, 38.9780278 ], [ -72.3112045, 38.9774794 ], [ -72.3126617, 38.9760574 ], [ -72.3133903, 38.975773 ], [ -72.3168643, 38.975194 ], [ -72.3240169, 38.9760943 ], [ -72.3269501, 38.9759026 ], [ -72.3326732, 38.9755286 ], [ -72.3359676, 38.9750654 ], [ -72.3421521, 38.9724973 ], [ -72.3448851, 38.9721417 ], [ -72.3475415, 38.9727636 ], [ -72.3503947, 38.9742483 ], [ -72.351956, 38.9748577 ], [ -72.3533613, 38.9748577 ], [ -72.3561717, 38.9737607 ], [ -72.3586698, 38.9718104 ], [ -72.3591586, 38.9712536 ], [ -72.3597627, 38.970104 ], [ -72.3604681, 38.9684755 ], [ -72.361558, 38.9659595 ], [ -72.3636658, 38.9642529 ], [ -72.3658381, 38.962896 ], [ -72.3696434, 38.9616579 ], [ -72.3749278, 38.9607677 ], [ -72.3778518, 38.9609959 ], [ -72.3804113, 38.961662 ], [ -72.3818556, 38.9623385 ], [ -72.383921, 38.9645958 ], [ -72.3861451, 38.9675721 ], [ -72.3906926, 38.97209 ], [ -72.3939202, 38.9768137 ], [ -72.3954794, 38.978726 ], [ -72.3971244, 38.9800099 ], [ -72.4002026, 38.9809501 ], [ -72.4008272, 38.9813765 ], [ -72.4072008, 38.9887546 ], [ -72.4080446, 38.9904009 ], [ -72.4107686, 38.9941511 ], [ -72.4111329, 38.994476 ], [ -72.412382, 38.9949633 ], [ -72.4142556, 38.9949633 ], [ -72.4157389, 38.9943845 ], [ -72.4167849, 38.9931599 ], [ -72.4173113, 38.9915166 ], [ -72.4175863, 38.9891549 ], [ -72.416653, 38.986242 ], [ -72.4138695, 38.9803174 ], [ -72.4094535, 38.9749169 ], [ -72.4084085, 38.970676 ], [ -72.408165, 38.968396 ], [ -72.4081648, 38.9658362 ], [ -72.4086852, 38.9638045 ], [ -72.409726, 38.9621791 ], [ -72.4115059, 38.9612527 ], [ -72.412709, 38.9610178 ], [ -72.4156791, 38.9614393 ], [ -72.4225648, 38.9648238 ], [ -72.4260426, 38.9669479 ], [ -72.42763, 38.9672577 ], [ -72.4290872, 38.9666888 ], [ -72.4296895, 38.9662186 ], [ -72.4299069, 38.9648603 ], [ -72.4290609, 38.9613659 ], [ -72.4264551, 38.9567158 ], [ -72.4233095, 38.9532792 ], [ -72.4158983, 38.9476275 ], [ -72.4130288, 38.9449387 ], [ -72.4121713, 38.9441352 ], [ -72.4111671, 38.9429588 ], [ -72.4109272, 38.9410867 ], [ -72.4111902, 38.9390325 ], [ -72.413377, 38.936755 ], [ -72.4184683, 38.9338917 ], [ -72.4286794, 38.9291107 ], [ -72.4353307, 38.9266956 ], [ -72.4374385, 38.9263296 ], [ -72.4389218, 38.9263296 ], [ -72.4409584, 38.9265947 ], [ -72.4420446, 38.9269863 ], [ -72.4470802, 38.9291041 ], [ -72.4489928, 38.9301712 ], [ -72.45, 38.9310332 ], [ -72.45, 38.7792619 ], [ -72.45, 38.7666666 ], [ -72.3954519, 38.7666666 ], [ -72.2710002, 38.7666666 ], [ -72.2709178, 38.7666666 ], [ -72.1064885, 38.7666666 ], [ -72.0837594, 38.7666666 ], [ -71.9997208, 38.7666666 ], [ -71.9670525, 38.7666666 ], [ -71.3169836, 38.7666666 ], [ -71.2899816, 38.7795487 ], [ -71.2758517, 38.7873707 ], [ -71.2612379, 38.7948665 ], [ -71.2454058, 38.8049793 ], [ -71.2442696, 38.8060463 ], [ -71.2427858, 38.8080368 ], [ -71.2402537, 38.8124399 ], [ -71.2400977, 38.8132747 ], [ -71.2403096, 38.8156917 ], [ -71.2417373, 38.8182831 ], [ -71.2444223, 38.8207552 ], [ -71.2465344, 38.8221713 ], [ -71.2526622, 38.8254394 ], [ -71.2631286, 38.8289089 ], [ -71.2655488, 38.8299469 ], [ -71.2674225, 38.831046 ], [ -71.2683984, 38.8325726 ], [ -71.2686717, 38.833855 ], [ -71.2684666, 38.8372141 ], [ -71.2677889, 38.8386707 ], [ -71.2677472, 38.8387294 ], [ -71.2669416, 38.8398625 ], [ -71.2657554, 38.8414516 ], [ -71.2608654, 38.8452119 ], [ -71.2501927, 38.8527126 ], [ -71.2486872, 38.8541254 ], [ -71.2443009, 38.8576426 ], [ -71.2344501, 38.8655748 ], [ -71.2332863, 38.8665119 ], [ -71.2278638, 38.8719389 ], [ -71.2252677, 38.8746954 ], [ -71.2250335, 38.8752446 ], [ -71.2218929, 38.8790377 ], [ -71.21928, 38.8816639 ], [ -71.2149632, 38.8848133 ], [ -71.2126212, 38.8862778 ], [ -71.2054911, 38.8895729 ], [ -71.1932605, 38.8924531 ], [ -71.182253, 38.8946803 ], [ -71.1693965, 38.8968337 ], [ -71.1633867, 38.8985142 ], [ -71.1613183, 38.8996688 ], [ -71.159886, 38.9014598 ], [ -71.1596451, 38.9039091 ], [ -71.1610624, 38.9065668 ], [ -71.1624381, 38.908179 ], [ -71.1664819, 38.9111277 ], [ -71.1689923, 38.9123534 ], [ -71.1723393, 38.9133167 ], [ -71.1778822, 38.9147601 ], [ -71.1857029, 38.9158565 ], [ -71.1937302, 38.9185439 ], [ -71.1966275, 38.9201606 ], [ -71.201199, 38.9235215 ], [ -71.2030208, 38.9263673 ], [ -71.2032342, 38.9277008 ], [ -71.2028561, 38.9297687 ], [ -71.2019158, 38.9316052 ], [ -71.1998984, 38.9336849 ], [ -71.1966978, 38.9363679 ], [ -71.1952926, 38.9379532 ], [ -71.1916653, 38.9407863 ], [ -71.1897499, 38.9422823 ], [ -71.1829582, 38.9462454 ], [ -71.1735904, 38.9535612 ], [ -71.169884, 38.9566622 ], [ -71.1646058, 38.9618735 ], [ -71.1617636, 38.9653256 ], [ -71.1603662, 38.9675076 ], [ -71.1576145, 38.973457 ], [ -71.1530717, 38.9881321 ], [ -71.1509369, 38.993369 ], [ -71.1475097, 38.9987116 ], [ -71.1463235, 39.0006273 ], [ -71.1450526, 39.0020145 ], [ -71.141259, 39.0045981 ], [ -71.1348803, 39.0072646 ], [ -71.1314362, 39.0081605 ], [ -71.1257557, 39.0087938 ], [ -71.1156283, 39.0083632 ], [ -71.0995312, 39.0050434 ], [ -71.0814721, 39.0030453 ], [ -71.0673157, 39.0030457 ], [ -71.0589885, 39.0035333 ], [ -71.053992, 39.0035334 ], [ -71.0368218, 39.0043151 ], [ -71.0283982, 39.0052739 ], [ -71.0237016, 39.0055445 ], [ -71.0202666, 39.0060928 ], [ -71.0162071, 39.0064585 ], [ -70.9974707, 39.0087737 ], [ -70.9921214, 39.0091605 ], [ -70.9847758, 39.0101516 ], [ -70.9729917, 39.0121022 ], [ -70.9588428, 39.0154992 ], [ -70.9540305, 39.0175163 ], [ -70.9537286, 39.0176404 ], [ -70.9493706, 39.0194315 ], [ -70.942084, 39.0228656 ], [ -70.9398574, 39.0238298 ], [ -70.9359837, 39.0255071 ], [ -70.909655, 39.0375852 ], [ -70.8969204, 39.0438528 ], [ -70.8719391, 39.0555416 ], [ -70.8657718, 39.0579767 ], [ -70.8585897, 39.0613854 ], [ -70.8508611, 39.0654026 ], [ -70.8452404, 39.0680198 ], [ -70.8352479, 39.0735581 ], [ -70.8342219, 39.0739581 ], [ -70.8236514, 39.0802965 ], [ -70.8230285, 39.080944 ], [ -70.8207276, 39.0821994 ], [ -70.8121403, 39.0880408 ], [ -70.808493, 39.090315 ], [ -70.7950344, 39.0967067 ], [ -70.7851816, 39.1006881 ], [ -70.7703173, 39.1044594 ], [ -70.7648707, 39.1051976 ], [ -70.7590642, 39.1055536 ], [ -70.7507909, 39.1054299 ], [ -70.7479064, 39.1049305 ], [ -70.7419316, 39.1042656 ], [ -70.7376638, 39.1034345 ], [ -70.7298764, 39.1014843 ], [ -70.7272806, 39.100454 ], [ -70.7216111, 39.0988989 ], [ -70.716585, 39.0967233 ], [ -70.7040937, 39.0902343 ], [ -70.6982541, 39.0868517 ], [ -70.695292, 39.0848985 ], [ -70.69332, 39.0831768 ], [ -70.6800185, 39.0731928 ], [ -70.6746453, 39.068243 ], [ -70.6666975, 39.0618782 ], [ -70.6574851, 39.0531742 ], [ -70.6525379, 39.0477719 ], [ -70.6440722, 39.0394526 ], [ -70.6317993, 39.0286391 ], [ -70.6284423, 39.0260206 ], [ -70.6251075, 39.0238197 ], [ -70.615977, 39.0190718 ], [ -70.6121645, 39.0174609 ], [ -70.6088466, 39.0164903 ], [ -70.6021089, 39.0140501 ], [ -70.5950512, 39.0123115 ], [ -70.5924297, 39.0119707 ], [ -70.5840205, 39.0099436 ], [ -70.5829831, 39.0098759 ], [ -70.5821181, 39.0096399 ], [ -70.5791412, 39.0088278 ], [ -70.5680852, 39.0065688 ], [ -70.5662207, 39.0060457 ], [ -70.5400161, 39.0027871 ], [ -70.5312459, 39.0028792 ], [ -70.5223822, 39.0033271 ], [ -70.5122071, 39.0049129 ], [ -70.5063827, 39.0065874 ], [ -70.5022048, 39.0090324 ], [ -70.4981453, 39.0121998 ], [ -70.4946745, 39.0155451 ], [ -70.4896365, 39.0240153 ], [ -70.4872167, 39.0291306 ], [ -70.4854212, 39.0322362 ], [ -70.4831575, 39.0378988 ], [ -70.481274, 39.0414667 ], [ -70.4806076, 39.042729 ], [ -70.4771729, 39.0501968 ], [ -70.4755854, 39.054216 ], [ -70.4668766, 39.0762643 ], [ -70.4655162, 39.0805065 ], [ -70.4627842, 39.0881731 ], [ -70.4625371, 39.0888335 ], [ -70.4616914, 39.0910935 ], [ -70.4607547, 39.0932837 ], [ -70.4604815, 39.0947438 ], [ -70.4561492, 39.1045655 ], [ -70.4539896, 39.1100731 ], [ -70.4514649, 39.1138002 ], [ -70.4499068, 39.1161003 ], [ -70.4479267, 39.1183042 ], [ -70.4454806, 39.1202098 ], [ -70.4419936, 39.1217621 ], [ -70.4381007, 39.1228453 ], [ -70.4333542, 39.1228454 ], [ -70.4314805, 39.122637 ], [ -70.4274771, 39.1217461 ], [ -70.4238742, 39.1201091 ], [ -70.4212533, 39.11868 ], [ -70.4191454, 39.1172509 ], [ -70.4125875, 39.113602 ], [ -70.4029067, 39.1075808 ], [ -70.3894258, 39.0983429 ], [ -70.3858619, 39.0959007 ], [ -70.3811822, 39.0921902 ], [ -70.3711317, 39.0842211 ], [ -70.3632198, 39.0771732 ], [ -70.3602574, 39.0751721 ], [ -70.3564803, 39.0729642 ], [ -70.3512304, 39.0711227 ], [ -70.3466019, 39.070092 ], [ -70.3425613, 39.0695671 ], [ -70.3305339, 39.068944 ], [ -70.3072241, 39.0686813 ], [ -70.2963674, 39.0676916 ], [ -70.2931405, 39.0670628 ], [ -70.2907984, 39.06615 ], [ -70.2874152, 39.0634722 ], [ -70.2860761, 39.0611231 ], [ -70.285484, 39.0586617 ], [ -70.2857358, 39.0559119 ], [ -70.286492, 39.0532581 ], [ -70.2897044, 39.0465499 ], [ -70.2914217, 39.04241 ], [ -70.2953873, 39.0358587 ], [ -70.2959873, 39.0345324 ], [ -70.3034433, 39.0234729 ], [ -70.3050046, 39.021524 ], [ -70.3118741, 39.010561 ], [ -70.3160893, 39.0023376 ], [ -70.3181188, 38.9972203 ], [ -70.3184441, 38.9956971 ], [ -70.3188994, 38.9935649 ], [ -70.3185869, 38.9895926 ], [ -70.3175955, 38.9877358 ], [ -70.3149989, 38.9848088 ], [ -70.3097257, 38.981465 ], [ -70.3064858, 38.979856 ], [ -70.3023502, 38.9782064 ], [ -70.2932615, 38.9758902 ], [ -70.2881394, 38.9747987 ], [ -70.279708, 38.973641 ], [ -70.2607488, 38.9721248 ], [ -70.2500089, 38.9719961 ], [ -70.2334915, 38.973094 ], [ -70.2303688, 38.9737035 ], [ -70.2133989, 38.9758285 ], [ -70.1975804, 38.97925 ], [ -70.1796217, 38.9837842 ], [ -70.1755944, 38.98505 ], [ -70.1616693, 38.9894268 ], [ -70.1596397, 38.9904017 ], [ -70.1505839, 38.9940574 ], [ -70.144963, 38.9959462 ], [ -70.1393422, 38.9981396 ], [ -70.1344097, 39.0005491 ], [ -70.1252357, 39.0038819 ], [ -70.1191392, 39.0067117 ], [ -70.1110162, 39.0095006 ], [ -70.0966656, 39.0132881 ], [ -70.0911905, 39.0143561 ], [ -70.0897139, 39.0148499 ], [ -70.0813384, 39.0164151 ], [ -70.0781376, 39.0172678 ], [ -70.0682229, 39.0184862 ], [ -70.0526903, 39.0201161 ], [ -70.0447259, 39.0207105 ], [ -70.0385408, 39.0205784 ], [ -70.0312542, 39.02005 ], [ -70.0230357, 39.0193236 ], [ -70.0129108, 39.018267 ], [ -70.0051158, 39.0171442 ], [ -69.9969821, 39.0154271 ], [ -69.976258, 39.0103275 ], [ -69.9554867, 39.0064796 ], [ -69.9468445, 39.0052906 ], [ -69.9352368, 39.0036392 ], [ -69.9261711, 39.0023841 ], [ -69.9213416, 39.0019878 ], [ -69.916301, 39.0018624 ], [ -69.9125537, 39.0021062 ], [ -69.9047469, 39.0037511 ], [ -69.8941299, 39.0082591 ], [ -69.8903738, 39.0107729 ], [ -69.8884272, 39.0121525 ], [ -69.8875778, 39.0127544 ], [ -69.8835911, 39.0163602 ], [ -69.8793756, 39.0209889 ], [ -69.8538744, 39.0446556 ], [ -69.8511161, 39.0468068 ], [ -69.8467346, 39.0510918 ], [ -69.8413657, 39.0555203 ], [ -69.8308905, 39.0641608 ], [ -69.8237933, 39.0693898 ], [ -69.8037987, 39.0827171 ], [ -69.8008082, 39.084911 ], [ -69.795298, 39.0878314 ], [ -69.7767801, 39.0960759 ], [ -69.7727165, 39.098125 ], [ -69.7557194, 39.1044984 ], [ -69.7497666, 39.107139 ], [ -69.7399499, 39.1114937 ], [ -69.7368273, 39.1131359 ], [ -69.7333143, 39.1153864 ], [ -69.7125022, 39.126259 ], [ -69.7075056, 39.1284214 ], [ -69.6962327, 39.1322322 ], [ -69.6880536, 39.1346365 ], [ -69.6810303, 39.1360953 ], [ -69.6636275, 39.1380507 ], [ -69.6433575, 39.1384596 ], [ -69.6383843, 39.1382837 ], [ -69.6326853, 39.138375 ], [ -69.628938, 39.1386791 ], [ -69.6120753, 39.1386797 ], [ -69.5969246, 39.1391791 ], [ -69.592402, 39.1395314 ], [ -69.5861566, 39.1394708 ], [ -69.5775302, 39.1399989 ], [ -69.561487, 39.1417819 ], [ -69.5559213, 39.142229 ], [ -69.5483632, 39.1438345 ], [ -69.5402527, 39.1458557 ], [ -69.5272935, 39.1498682 ], [ -69.5208139, 39.1523607 ], [ -69.5173789, 39.1533941 ], [ -69.5107673, 39.1563066 ], [ -69.5077576, 39.1576324 ], [ -69.5006405, 39.1611915 ], [ -69.4969125, 39.162971 ], [ -69.4961841, 39.1633159 ], [ -69.4878698, 39.1672528 ], [ -69.4813902, 39.1701092 ], [ -69.461859, 39.1780704 ], [ -69.4515688, 39.182567 ], [ -69.4440743, 39.1849976 ], [ -69.4378289, 39.1865167 ], [ -69.4307023, 39.18884 ], [ -69.4235093, 39.1923756 ], [ -69.4197175, 39.1953265 ], [ -69.4164681, 39.1990321 ], [ -69.4158143, 39.2002471 ], [ -69.4146674, 39.2031955 ], [ -69.4142782, 39.2056191 ], [ -69.414904, 39.2097023 ], [ -69.4176106, 39.2139132 ], [ -69.4207335, 39.2173545 ], [ -69.4247151, 39.2201074 ], [ -69.4288529, 39.2221719 ], [ -69.4327206, 39.2237466 ], [ -69.4455082, 39.230091 ], [ -69.4513371, 39.2332225 ], [ -69.4628678, 39.2403545 ], [ -69.4641407, 39.2415092 ], [ -69.4685016, 39.2465955 ], [ -69.469684, 39.2490467 ], [ -69.4706834, 39.2518955 ], [ -69.4714019, 39.2558045 ], [ -69.4714019, 39.2584265 ], [ -69.4698101, 39.2648629 ], [ -69.4661809, 39.2757641 ], [ -69.4639572, 39.2797149 ], [ -69.4601616, 39.2880448 ], [ -69.4537144, 39.2986547 ], [ -69.4511625, 39.302033 ], [ -69.448718, 39.3052692 ], [ -69.4444529, 39.3097665 ], [ -69.4431485, 39.3114556 ], [ -69.4379144, 39.316229 ], [ -69.4289984, 39.321836 ], [ -69.4249399, 39.3239861 ], [ -69.4207882, 39.3258929 ], [ -69.4157894, 39.3279969 ], [ -69.4124002, 39.3287859 ], [ -69.4083333, 39.3291803 ], [ -69.4061304, 39.3290489 ], [ -69.4036733, 39.3286544 ], [ -69.4009621, 39.3279969 ], [ -69.396524, 39.326043 ], [ -69.3923857, 39.3230587 ], [ -69.3905478, 39.3210601 ], [ -69.388184, 39.3171588 ], [ -69.3878789, 39.3162614 ], [ -69.3875359, 39.3148392 ], [ -69.3869345, 39.3101694 ], [ -69.3871684, 39.3041043 ], [ -69.3881364, 39.2995906 ], [ -69.3884953, 39.2979173 ], [ -69.388495, 39.2934283 ], [ -69.3886512, 39.2931857 ], [ -69.3884167, 39.2876044 ], [ -69.388082, 39.2848484 ], [ -69.3869312, 39.2816291 ], [ -69.385825, 39.2801009 ], [ -69.3831486, 39.2774267 ], [ -69.3765859, 39.2747171 ], [ -69.3726462, 39.2737105 ], [ -69.3684565, 39.2731645 ], [ -69.3584607, 39.2731648 ], [ -69.3392218, 39.2757332 ], [ -69.3355638, 39.2763815 ], [ -69.3076155, 39.2803263 ], [ -69.2922361, 39.2811156 ], [ -69.2865371, 39.2811764 ], [ -69.2666667, 39.278969 ], [ -69.2666667, 39.2948834 ], [ -69.2666667, 39.3471644 ], [ -69.2666667, 39.4085757 ], [ -69.2666667, 39.4150329 ], [ -69.2666667, 39.5152994 ] ] ] } },
{ "type": "Feature", "properties": { "RCID": 222, "PRIM": 3, "GRUP": 1, "OBJL": 42, "RVER": 1, "AGEN": 550, "FIDN": 1539971280, "FIDS": 48294, "LNAM": "02265BCA18D0BCA6", "DRVAL1": 914.4, "DRVAL2": 1828.8 }, "geometry": { "type": "Polygon", "coordinates": [ [ [ -72.45, 38.9310332 ], [ -72.4489928, 38.9301712 ], [ -72.4470802, 38.9291041 ], [ -72.4420446, 38.9269863 ], [ -72.4409584, 38.9265947 ], [ -72.4389218, 38.9263296 ], [ -72.4374385, 38.9263296 ], [ -72.4353307, 38.9266956 ], [ -72.4286794, 38.9291107 ], [ -72.4184683, 38.9338917 ], [ -72.413377, 38.936755 ], [ -72.4111902, 38.9390325 ], [ -72.4109272, 38.9410867 ], [ -72.4111671, 38.9429588 ], [ -72.4121713, 38.9441352 ], [ -72.4130288, 38.9449387 ], [ -72.4158983, 38.9476275 ], [ -72.4233095, 38.9532792 ], [ -72.4264551, 38.9567158 ], [ -72.4290609, 38.9613659 ], [ -72.4299069, 38.9648603 ], [ -72.4296895, 38.9662186 ], [ -72.4290872, 38.9666888 ], [ -72.42763, 38.9672577 ], [ -72.4260426, 38.9669479 ], [ -72.4225648, 38.9648238 ], [ -72.4156791, 38.9614393 ], [ -72.412709, 38.9610178 ], [ -72.4115059, 38.9612527 ], [ -72.409726, 38.9621791 ], [ -72.4086852, 38.9638045 ], [ -72.4081648, 38.9658362 ], [ -72.408165, 38.968396 ], [ -72.4084085, 38.970676 ], [ -72.4094535, 38.9749169 ], [ -72.4138695, 38.9803174 ], [ -72.416653, 38.986242 ], [ -72.4175863, 38.9891549 ], [ -72.4173113, 38.9915166 ], [ -72.4167849, 38.9931599 ], [ -72.4157389, 38.9943845 ], [ -72.4142556, 38.9949633 ], [ -72.412382, 38.9949633 ], [ -72.4111329, 38.994476 ], [ -72.4107686, 38.9941511 ], [ -72.4080446, 38.9904009 ], [ -72.4072008, 38.9887546 ], [ -72.4008272, 38.9813765 ], [ -72.4002026, 38.9809501 ], [ -72.3971244, 38.9800099 ], [ -72.3954794, 38.978726 ], [ -72.3939202, 38.9768137 ], [ -72.3906926, 38.97209 ], [ -72.3861451, 38.9675721 ], [ -72.383921, 38.9645958 ], [ -72.3818556, 38.9623385 ], [ -72.3804113, 38.961662 ], [ -72.3778518, 38.9609959 ], [ -72.3749278, 38.9607677 ], [ -72.3696434, 38.9616579 ], [ -72.3658381, 38.962896 ], [ -72.3636658, 38.9642529 ], [ -72.361558, 38.9659595 ], [ -72.3604681, 38.9684755 ], [ -72.3597627, 38.970104 ], [ -72.3591586, 38.9712536 ], [ -72.3586698, 38.9718104 ], [ -72.3561717, 38.9737607 ], [ -72.3533613, 38.9748577 ], [ -72.351956, 38.9748577 ], [ -72.3503947, 38.9742483 ], [ -72.3475415, 38.9727636 ], [ -72.3448851, 38.9721417 ], [ -72.3421521, 38.9724973 ], [ -72.3359676, 38.9750654 ], [ -72.3326732, 38.9755286 ], [ -72.3269501, 38.9759026 ], [ -72.3240169, 38.9760943 ], [ -72.3168643, 38.975194 ], [ -72.3133903, 38.975773 ], [ -72.3126617, 38.9760574 ], [ -72.3112045, 38.9774794 ], [ -72.3112045, 38.9780278 ], [ -72.3127972, 38.980514 ], [ -72.3146113, 38.9825591 ], [ -72.31697, 38.9857803 ], [ -72.318036, 38.987777 ], [ -72.3190706, 38.9910061 ], [ -72.3201051, 38.9955145 ], [ -72.3243693, 39.0040102 ], [ -72.3251021, 39.0062968 ], [ -72.3250241, 39.0080024 ], [ -72.3242435, 39.0086115 ], [ -72.3228886, 39.0090434 ], [ -72.3171003, 39.0062945 ], [ -72.3101908, 39.0019723 ], [ -72.3046477, 38.9980128 ], [ -72.3017786, 38.9954541 ], [ -72.3002615, 38.99356 ], [ -72.2977773, 38.9910677 ], [ -72.2943423, 38.988387 ], [ -72.2923735, 38.9874651 ], [ -72.290044, 38.9871347 ], [ -72.2882528, 38.9875341 ], [ -72.2867892, 38.9886766 ], [ -72.2850342, 38.9916117 ], [ -72.2844278, 38.9935051 ], [ -72.2841504, 38.9965377 ], [ -72.2846796, 38.9981894 ], [ -72.2872387, 39.002704 ], [ -72.2877853, 39.0040441 ], [ -72.2877854, 39.0056753 ], [ -72.2860679, 39.0064198 ], [ -72.2846627, 39.0064199 ], [ -72.2797443, 39.0045317 ], [ -72.2692955, 38.9996684 ], [ -72.2664527, 38.9987243 ], [ -72.2647153, 38.998396 ], [ -72.2629254, 38.998396 ], [ -72.261504, 38.9986422 ], [ -72.2608729, 38.9990112 ], [ -72.260451, 38.999258 ], [ -72.2585875, 39.0009992 ], [ -72.2581816, 39.0028633 ], [ -72.258822, 39.0063597 ], [ -72.2629602, 39.0178713 ], [ -72.2660438, 39.027368 ], [ -72.266375, 39.0294337 ], [ -72.2660056, 39.0314513 ], [ -72.2657714, 39.0316339 ], [ -72.2646784, 39.0320602 ], [ -72.2618017, 39.0312189 ], [ -72.246805, 39.0241051 ], [ -72.2434433, 39.0232311 ], [ -72.2406493, 39.0228225 ], [ -72.2344097, 39.0230661 ], [ -72.2328706, 39.0232663 ], [ -72.2293191, 39.0243746 ], [ -72.2266587, 39.0254849 ], [ -72.2227, 39.0281519 ], [ -72.2215195, 39.0294411 ], [ -72.2189304, 39.0322687 ], [ -72.2164215, 39.034617 ], [ -72.2133556, 39.0364959 ], [ -72.2097186, 39.0380898 ], [ -72.2048063, 39.0398216 ], [ -72.1971029, 39.042206 ], [ -72.1921968, 39.0432993 ], [ -72.1821217, 39.044666 ], [ -72.1735472, 39.0447881 ], [ -72.1690843, 39.045534 ], [ -72.1656884, 39.0468581 ], [ -72.1637984, 39.04789 ], [ -72.1622312, 39.0495195 ], [ -72.1607235, 39.0524588 ], [ -72.1579863, 39.0602098 ], [ -72.1567894, 39.0620763 ], [ -72.15318, 39.0658285 ], [ -72.1457626, 39.0684976 ], [ -72.1376328, 39.0702007 ], [ -72.1319294, 39.0713955 ], [ -72.1272577, 39.0729363 ], [ -72.1231922, 39.0749574 ], [ -72.1203713, 39.0775963 ], [ -72.1198638, 39.0783873 ], [ -72.1195839, 39.0801335 ], [ -72.1210779, 39.0861204 ], [ -72.1275731, 39.0953862 ], [ -72.1290222, 39.0980208 ], [ -72.1292331, 39.0999248 ], [ -72.1287647, 39.1007765 ], [ -72.1279841, 39.1012631 ], [ -72.1259387, 39.1012388 ], [ -72.1245491, 39.1005941 ], [ -72.1220118, 39.0989518 ], [ -72.1204578, 39.0979045 ], [ -72.1186019, 39.0969622 ], [ -72.1151806, 39.0953627 ], [ -72.112292, 39.0943981 ], [ -72.1091693, 39.094207 ], [ -72.1066711, 39.0946937 ], [ -72.1037826, 39.0958194 ], [ -72.1012065, 39.0974924 ], [ -72.0973032, 39.1005341 ], [ -72.093627, 39.1036753 ], [ -72.0889562, 39.108102 ], [ -72.076772, 39.1182344 ], [ -72.0714335, 39.1220978 ], [ -72.06711, 39.1250224 ], [ -72.0623744, 39.1271742 ], [ -72.0565529, 39.128497 ], [ -72.0456725, 39.1295763 ], [ -72.042777, 39.129904 ], [ -72.0416188, 39.1304367 ], [ -72.0382232, 39.1330587 ], [ -72.0319056, 39.1386303 ], [ -72.0271412, 39.1430134 ], [ -72.0248774, 39.1458398 ], [ -72.0238772, 39.147724 ], [ -72.023456, 39.1497719 ], [ -72.0235551, 39.1510052 ], [ -72.0235613, 39.1510826 ], [ -72.024351, 39.1524752 ], [ -72.0268361, 39.1543716 ], [ -72.0304014, 39.1579374 ], [ -72.0306356, 39.1584236 ], [ -72.0335276, 39.1614112 ], [ -72.0343351, 39.163716 ], [ -72.0339929, 39.1649876 ], [ -72.0336026, 39.1655953 ], [ -72.0321548, 39.1668698 ], [ -72.0297617, 39.1679048 ], [ -72.0251574, 39.1676365 ], [ -72.0105139, 39.1629047 ], [ -72.0067761, 39.1620037 ], [ -72.0030383, 39.1614714 ], [ -71.9975347, 39.1598833 ], [ -71.9963637, 39.1598834 ], [ -71.9947407, 39.1603888 ], [ -71.9938116, 39.1615947 ], [ -71.993676, 39.1622278 ], [ -71.9938657, 39.1640771 ], [ -71.9946933, 39.1669092 ], [ -71.9950306, 39.1671717 ], [ -71.9987218, 39.1738249 ], [ -71.9997279, 39.1762517 ], [ -72.0005307, 39.1788992 ], [ -72.0009753, 39.1800373 ], [ -72.0014392, 39.1810314 ], [ -72.0034223, 39.1841179 ], [ -72.0062452, 39.1872193 ], [ -72.0076851, 39.1900841 ], [ -72.0107288, 39.1947273 ], [ -72.0112142, 39.1964263 ], [ -72.010574, 39.1984674 ], [ -72.0103399, 39.1988926 ], [ -72.0095592, 39.1995001 ], [ -72.0079631, 39.1998107 ], [ -72.004719, 39.1993059 ], [ -72.0011278, 39.1984677 ], [ -71.9999135, 39.1986475 ], [ -71.9990241, 39.1991296 ], [ -71.9969902, 39.1997891 ], [ -71.9947263, 39.2002295 ], [ -71.9928526, 39.2002295 ], [ -71.9743272, 39.1966945 ], [ -71.9651046, 39.1955616 ], [ -71.9618748, 39.1949334 ], [ -71.958268, 39.1937306 ], [ -71.9560039, 39.1919689 ], [ -71.9551339, 39.1910664 ], [ -71.9529785, 39.1868733 ], [ -71.9508391, 39.1849309 ], [ -71.9487637, 39.1835465 ], [ -71.9468583, 39.1827228 ], [ -71.945511, 39.1825481 ], [ -71.9428881, 39.1840468 ], [ -71.9419707, 39.1851891 ], [ -71.9406308, 39.1885267 ], [ -71.9401404, 39.1915806 ], [ -71.9391413, 39.1939135 ], [ -71.9383606, 39.1951285 ], [ -71.9378142, 39.1956145 ], [ -71.9363309, 39.1963435 ], [ -71.9343904, 39.1968469 ], [ -71.9303978, 39.1970727 ], [ -71.9262781, 39.1966148 ], [ -71.9228262, 39.1956077 ], [ -71.9141675, 39.1918807 ], [ -71.9108803, 39.1912413 ], [ -71.9091628, 39.1912414 ], [ -71.9063524, 39.1917882 ], [ -71.9046349, 39.1924565 ], [ -71.9034305, 39.1933938 ], [ -71.9027614, 39.1951296 ], [ -71.9027615, 39.1977782 ], [ -71.9039913, 39.2008397 ], [ -71.9071372, 39.2043997 ], [ -71.9091948, 39.2057718 ], [ -71.9130671, 39.207278 ], [ -71.9162059, 39.208041 ], [ -71.9178294, 39.2092215 ], [ -71.9183759, 39.2105576 ], [ -71.9183759, 39.2114485 ], [ -71.9175641, 39.2131328 ], [ -71.9158556, 39.2145835 ], [ -71.9107495, 39.2168181 ], [ -71.9096846, 39.2175084 ], [ -71.9090201, 39.2187147 ], [ -71.9096602, 39.2197105 ], [ -71.912008, 39.2211452 ], [ -71.9174137, 39.2234577 ], [ -71.9207966, 39.2241154 ], [ -71.9340821, 39.2255608 ], [ -71.9385183, 39.2267108 ], [ -71.9405169, 39.227488 ], [ -71.9435149, 39.2293824 ], [ -71.9542698, 39.2378655 ], [ -71.969981, 39.2475342 ], [ -71.9742749, 39.2507513 ], [ -71.9745872, 39.2512369 ], [ -71.9780223, 39.2539076 ], [ -71.9837044, 39.2579399 ], [ -71.9874001, 39.2612549 ], [ -71.9907103, 39.2656659 ], [ -71.9961712, 39.2748866 ], [ -71.9987897, 39.2779391 ], [ -71.9994994, 39.2788105 ], [ -72.0014832, 39.2807376 ], [ -72.0048793, 39.2831569 ], [ -72.0070654, 39.285705 ], [ -72.0102632, 39.2900536 ], [ -72.0254905, 39.3040244 ], [ -72.0297063, 39.3072995 ], [ -72.034937, 39.3102105 ], [ -72.0405222, 39.3138229 ], [ -72.0456015, 39.3175362 ], [ -72.0521387, 39.3218731 ], [ -72.0588664, 39.3274584 ], [ -72.0604273, 39.3291901 ], [ -72.0617155, 39.331191 ], [ -72.0624963, 39.3336161 ], [ -72.0643702, 39.3379812 ], [ -72.0671198, 39.3417449 ], [ -72.0691272, 39.3435633 ], [ -72.0743035, 39.3461844 ], [ -72.0756126, 39.3476194 ], [ -72.0757687, 39.3485286 ], [ -72.0744416, 39.3491348 ], [ -72.0723337, 39.3488924 ], [ -72.0703779, 39.3484522 ], [ -72.0677979, 39.3472195 ], [ -72.061404, 39.3450133 ], [ -72.0591555, 39.3439949 ], [ -72.0581562, 39.3432191 ], [ -72.0564717, 39.3409769 ], [ -72.052522, 39.3342298 ], [ -72.0507217, 39.3318333 ], [ -72.0469133, 39.3284207 ], [ -72.0431103, 39.3261622 ], [ -72.041927, 39.3255879 ], [ -72.0379043, 39.3243098 ], [ -72.0313362, 39.3224881 ], [ -72.0247227, 39.3216771 ], [ -72.0219001, 39.3205811 ], [ -72.0179029, 39.3186407 ], [ -72.0125629, 39.3151842 ], [ -72.0103241, 39.3139421 ], [ -72.0057765, 39.3122798 ], [ -72.0035401, 39.3109769 ], [ -71.9994826, 39.3061954 ], [ -71.998421, 39.3045864 ], [ -71.9972965, 39.3034014 ], [ -71.9945752, 39.3016396 ], [ -71.9919209, 39.3002041 ], [ -71.9863074, 39.2976516 ], [ -71.9805701, 39.2940566 ], [ -71.9774933, 39.2914953 ], [ -71.9728146, 39.2863017 ], [ -71.9662839, 39.2807016 ], [ -71.9606922, 39.276484 ], [ -71.957023, 39.2741783 ], [ -71.9492939, 39.2699914 ], [ -71.9411746, 39.2668361 ], [ -71.9320291, 39.2644198 ], [ -71.9243118, 39.2636201 ], [ -71.9178476, 39.2636204 ], [ -71.9104602, 39.2646461 ], [ -71.9041702, 39.2659269 ], [ -71.8985493, 39.2666553 ], [ -71.8916793, 39.2666555 ], [ -71.8879319, 39.2661701 ], [ -71.8841846, 39.265442 ], [ -71.8788239, 39.264107 ], [ -71.8760654, 39.263925 ], [ -71.8690002, 39.263857 ], [ -71.8656042, 39.2631971 ], [ -71.8620131, 39.2618013 ], [ -71.8558298, 39.2587572 ], [ -71.8512046, 39.2558807 ], [ -71.8472202, 39.2546894 ], [ -71.8451562, 39.2544888 ], [ -71.8428511, 39.2554846 ], [ -71.8419362, 39.2566228 ], [ -71.8412987, 39.2586055 ], [ -71.840878, 39.2648254 ], [ -71.8400761, 39.2681136 ], [ -71.8391966, 39.2704048 ], [ -71.8380708, 39.2728168 ], [ -71.8376699, 39.2736757 ], [ -71.8359389, 39.275881 ], [ -71.8306305, 39.2802498 ], [ -71.8285228, 39.2824341 ], [ -71.8264931, 39.2857711 ], [ -71.8265713, 39.2875306 ], [ -71.8286793, 39.2908065 ], [ -71.831872, 39.2936417 ], [ -71.8345347, 39.2955381 ], [ -71.836749, 39.2975454 ], [ -71.8375156, 39.299332 ], [ -71.8376663, 39.3009704 ], [ -71.8371893, 39.302453 ], [ -71.8348474, 39.3045154 ], [ -71.8315686, 39.3059712 ], [ -71.8161196, 39.3115163 ], [ -71.8123898, 39.3136896 ], [ -71.8012757, 39.3226161 ], [ -71.7970113, 39.3265909 ], [ -71.7946322, 39.3293628 ], [ -71.7931603, 39.3324116 ], [ -71.7915281, 39.3349471 ], [ -71.7878661, 39.3380281 ], [ -71.7848854, 39.3401114 ], [ -71.7798891, 39.3420514 ], [ -71.776704, 39.3434943 ], [ -71.7746587, 39.3450826 ], [ -71.7728007, 39.3469376 ], [ -71.7716142, 39.3487803 ], [ -71.7716143, 39.3498713 ], [ -71.7720827, 39.3505987 ], [ -71.773198, 39.3514645 ], [ -71.7771903, 39.3527559 ], [ -71.7889623, 39.3531071 ], [ -71.7911315, 39.3533366 ], [ -71.7976318, 39.3544835 ], [ -71.8063941, 39.3572042 ], [ -71.8097212, 39.358926 ], [ -71.8122327, 39.36123 ], [ -71.8158017, 39.3653855 ], [ -71.8203819, 39.3689135 ], [ -71.8210933, 39.3696496 ], [ -71.8253841, 39.376944 ], [ -71.8255411, 39.3770991 ], [ -71.8304135, 39.3814584 ], [ -71.8354652, 39.3849748 ], [ -71.8412694, 39.3896833 ], [ -71.8426586, 39.3911956 ], [ -71.8428397, 39.3918911 ], [ -71.8422326, 39.3923618 ], [ -71.8413315, 39.3924071 ], [ -71.8376622, 39.3915592 ], [ -71.8290225, 39.3883286 ], [ -71.8243383, 39.3859661 ], [ -71.8194875, 39.3838296 ], [ -71.8146315, 39.3807762 ], [ -71.8047542, 39.3754773 ], [ -71.7900394, 39.3699917 ], [ -71.7893239, 39.3697373 ], [ -71.7825124, 39.3680236 ], [ -71.7742694, 39.3667199 ], [ -71.7707095, 39.36672 ], [ -71.7671139, 39.3677936 ], [ -71.765734, 39.3686863 ], [ -71.7629029, 39.3716165 ], [ -71.7617975, 39.3753816 ], [ -71.7617821, 39.3754587 ], [ -71.7611131, 39.3788108 ], [ -71.761271, 39.3812195 ], [ -71.7624029, 39.3831381 ], [ -71.7644035, 39.3848118 ], [ -71.7668778, 39.3864446 ], [ -71.7694574, 39.3877099 ], [ -71.7754064, 39.3902407 ], [ -71.7761961, 39.3911386 ], [ -71.7764067, 39.3919958 ], [ -71.7759437, 39.3933841 ], [ -71.7750827, 39.3942749 ], [ -71.7720849, 39.3953169 ], [ -71.7650066, 39.3941258 ], [ -71.7586479, 39.393753 ], [ -71.7545149, 39.3940204 ], [ -71.7512875, 39.394736 ], [ -71.746465, 39.3961393 ], [ -71.7407433, 39.3988908 ], [ -71.7398304, 39.3993298 ], [ -71.734468, 39.4019085 ], [ -71.7184731, 39.4136229 ], [ -71.7098463, 39.4220419 ], [ -71.70768, 39.4237223 ], [ -71.7015649, 39.4303624 ], [ -71.6936711, 39.4400552 ], [ -71.6915207, 39.4433985 ], [ -71.6908963, 39.4445486 ], [ -71.6908902, 39.4445574 ], [ -71.6873693, 39.4496602 ], [ -71.6869933, 39.4519937 ], [ -71.6869933, 39.4541725 ], [ -71.6873838, 39.4553829 ], [ -71.6893356, 39.4584089 ], [ -71.6916257, 39.4606682 ], [ -71.6932392, 39.4619188 ], [ -71.6968081, 39.4638205 ], [ -71.7019689, 39.4662205 ], [ -71.7089313, 39.4680906 ], [ -71.7190803, 39.4711083 ], [ -71.7221474, 39.4725938 ], [ -71.7238427, 39.474867 ], [ -71.7237647, 39.4763191 ], [ -71.7232963, 39.4768032 ], [ -71.721813, 39.4775292 ], [ -71.7200955, 39.4775293 ], [ -71.7159467, 39.4772615 ], [ -71.710855, 39.4761655 ], [ -71.700793, 39.4749887 ], [ -71.6950614, 39.4749889 ], [ -71.6916743, 39.4755515 ], [ -71.6888547, 39.4765449 ], [ -71.6878793, 39.4774899 ], [ -71.6871507, 39.4786193 ], [ -71.6871508, 39.4805553 ], [ -71.6876366, 39.4813082 ], [ -71.6915807, 39.48492 ], [ -71.694398, 39.4868301 ], [ -71.6989708, 39.4892542 ], [ -71.7040142, 39.4924722 ], [ -71.7138996, 39.4983354 ], [ -71.720331, 39.5037217 ], [ -71.725718, 39.5078945 ], [ -71.7315687, 39.512782 ], [ -71.733718, 39.5146316 ], [ -71.7378561, 39.5187979 ], [ -71.7394729, 39.5216152 ], [ -71.7400001, 39.5236562 ], [ -71.739762, 39.5255009 ], [ -71.7383437, 39.5271486 ], [ -71.7361021, 39.52809 ], [ -71.7341503, 39.5280901 ], [ -71.7295442, 39.5260422 ], [ -71.7267076, 39.5241202 ], [ -71.7108277, 39.5157996 ], [ -71.7038591, 39.512733 ], [ -71.6990187, 39.5100119 ], [ -71.6810626, 39.501848 ], [ -71.6710873, 39.4955494 ], [ -71.6645667, 39.4931814 ], [ -71.659359, 39.4929574 ], [ -71.6560802, 39.4932599 ], [ -71.6527187, 39.4944422 ], [ -71.6504549, 39.4961131 ], [ -71.6495455, 39.4972652 ], [ -71.6492967, 39.4975803 ], [ -71.6484544, 39.499781 ], [ -71.6481177, 39.5034215 ], [ -71.6483716, 39.5057802 ], [ -71.6486111, 39.5067968 ], [ -71.6497018, 39.5100293 ], [ -71.6502923, 39.5119878 ], [ -71.6504389, 39.5124741 ], [ -71.6530864, 39.5169124 ], [ -71.6545922, 39.5189116 ], [ -71.6573307, 39.5215627 ], [ -71.6710618, 39.5415715 ], [ -71.6760258, 39.5465125 ], [ -71.6765368, 39.5474356 ], [ -71.6769533, 39.5490474 ], [ -71.6763288, 39.5502561 ], [ -71.6754441, 39.5509411 ], [ -71.674128, 39.5509412 ], [ -71.6717748, 39.5494907 ], [ -71.666605, 39.5443087 ], [ -71.6621773, 39.5394115 ], [ -71.6532405, 39.5319617 ], [ -71.6499927, 39.5288182 ], [ -71.6495242, 39.5278508 ], [ -71.647617, 39.5258816 ], [ -71.645395, 39.5243174 ], [ -71.6434347, 39.5235583 ], [ -71.64101, 39.5233237 ], [ -71.6389587, 39.5238003 ], [ -71.6376056, 39.5245864 ], [ -71.6351819, 39.5274021 ], [ -71.6338009, 39.5313354 ], [ -71.6331169, 39.5406094 ], [ -71.632428, 39.5438105 ], [ -71.6318816, 39.5446567 ], [ -71.6307106, 39.5455634 ], [ -71.6301641, 39.5457447 ], [ -71.6295396, 39.5457447 ], [ -71.628915, 39.5454425 ], [ -71.6281627, 39.5438765 ], [ -71.6278274, 39.5402443 ], [ -71.627041, 39.5374032 ], [ -71.6270407, 39.5318416 ], [ -71.6267674, 39.5301489 ], [ -71.626121, 39.5281471 ], [ -71.6248064, 39.5259076 ], [ -71.6234384, 39.5244951 ], [ -71.6210583, 39.5236573 ], [ -71.6177016, 39.5230574 ], [ -71.611895, 39.5236198 ], [ -71.6028391, 39.52362 ], [ -71.6007482, 39.5238515 ], [ -71.5976476, 39.5248521 ], [ -71.5936271, 39.5271875 ], [ -71.5923261, 39.5276914 ], [ -71.5907645, 39.5283297 ], [ -71.5896602, 39.5286082 ], [ -71.5760513, 39.5347184 ], [ -71.5703129, 39.5377731 ], [ -71.5656274, 39.540054 ], [ -71.5635743, 39.5417239 ], [ -71.5629587, 39.5424778 ], [ -71.5598533, 39.5462813 ], [ -71.5563636, 39.5485675 ], [ -71.5503265, 39.5511867 ], [ -71.5483835, 39.5523149 ], [ -71.5472559, 39.5533625 ], [ -71.5463191, 39.554813 ], [ -71.5463973, 39.557472 ], [ -71.5473342, 39.5591037 ], [ -71.5484384, 39.5605107 ], [ -71.5534803, 39.5640023 ], [ -71.5549072, 39.5653275 ], [ -71.5561064, 39.5668743 ], [ -71.5563552, 39.568799 ], [ -71.5560941, 39.5712246 ], [ -71.5551914, 39.572622 ], [ -71.5510824, 39.5768074 ], [ -71.5500035, 39.5783312 ], [ -71.5487926, 39.5802036 ], [ -71.5486347, 39.581791 ], [ -71.5487926, 39.5843147 ], [ -71.5492352, 39.5864463 ], [ -71.5516295, 39.5895336 ], [ -71.5616885, 39.5991824 ], [ -71.562235, 39.6 ], [ -71.6384244, 39.6 ], [ -71.7880389, 39.6 ], [ -71.7875527, 39.5988603 ], [ -71.7875527, 39.5980631 ], [ -71.7884569, 39.597409 ], [ -71.7899098, 39.5969598 ], [ -71.7899532, 39.5969464 ], [ -71.7916489, 39.5968692 ], [ -71.7940428, 39.5970235 ], [ -71.7971551, 39.5978816 ], [ -71.8008515, 39.5980942 ], [ -71.8037128, 39.5976398 ], [ -71.8074104, 39.5974036 ], [ -71.8112074, 39.598002 ], [ -71.8145123, 39.5990688 ], [ -71.815935, 39.6 ], [ -71.8477617, 39.6 ], [ -71.8610652, 39.6 ], [ -71.8562528, 39.5961283 ], [ -71.8531889, 39.5932839 ], [ -71.8462595, 39.5854977 ], [ -71.8403699, 39.5794342 ], [ -71.8365474, 39.5767504 ], [ -71.8320506, 39.5747621 ], [ -71.8282781, 39.5724683 ], [ -71.824946, 39.5691864 ], [ -71.8240872, 39.5678571 ], [ -71.8236773, 39.5669055 ], [ -71.8241154, 39.5652095 ], [ -71.8251941, 39.5633307 ], [ -71.8264716, 39.5620123 ], [ -71.8275219, 39.5613009 ], [ -71.8299349, 39.5601334 ], [ -71.8330256, 39.5593972 ], [ -71.8390759, 39.5593969 ], [ -71.8421386, 39.5589228 ], [ -71.8441476, 39.5577131 ], [ -71.8445405, 39.5562544 ], [ -71.8442566, 39.5549358 ], [ -71.842979, 39.5533536 ], [ -71.8387631, 39.5500901 ], [ -71.8259714, 39.5389596 ], [ -71.8239295, 39.5364301 ], [ -71.8226803, 39.5344956 ], [ -71.8216582, 39.5317258 ], [ -71.8211186, 39.5294982 ], [ -71.8211186, 39.5283293 ], [ -71.8216182, 39.5267816 ], [ -71.823558, 39.5235832 ], [ -71.8271035, 39.5212294 ], [ -71.8300492, 39.5202514 ], [ -71.8342857, 39.519431 ], [ -71.8384013, 39.5192317 ], [ -71.8416345, 39.519482 ], [ -71.843947, 39.5199595 ], [ -71.8501597, 39.5219196 ], [ -71.8543755, 39.5230078 ], [ -71.8597297, 39.5233641 ], [ -71.8617247, 39.5229009 ], [ -71.8620424, 39.522737 ], [ -71.8635201, 39.5219746 ], [ -71.8647171, 39.5206624 ], [ -71.8657146, 39.5191185 ], [ -71.8662133, 39.5168027 ], [ -71.8661136, 39.5143324 ], [ -71.8660174, 39.5134634 ], [ -71.8658144, 39.5116304 ], [ -71.8662411, 39.5081321 ], [ -71.8671657, 39.5038336 ], [ -71.8697477, 39.4996325 ], [ -71.8720218, 39.4947869 ], [ -71.8737877, 39.489617 ], [ -71.8746414, 39.4826684 ], [ -71.875608, 39.4807916 ], [ -71.8771233, 39.4792257 ], [ -71.8794666, 39.4780905 ], [ -71.8809972, 39.4777067 ], [ -71.8818693, 39.477488 ], [ -71.8840629, 39.4771421 ], [ -71.8861576, 39.4771421 ], [ -71.8892698, 39.4772821 ], [ -71.894032, 39.479097 ], [ -71.8991605, 39.481452 ], [ -71.90614, 39.4862112 ], [ -71.908901, 39.4885643 ], [ -71.9209665, 39.4977884 ], [ -71.9260412, 39.5010544 ], [ -71.9288517, 39.5025663 ], [ -71.9320786, 39.5038161 ], [ -71.9353244, 39.5045344 ], [ -71.9372832, 39.5037756 ], [ -71.9380271, 39.5033914 ], [ -71.9383761, 39.5024451 ], [ -71.9382979, 39.5012354 ], [ -71.9368202, 39.4991898 ], [ -71.934526, 39.4961012 ], [ -71.9289402, 39.4889967 ], [ -71.928081, 39.4876614 ], [ -71.9238543, 39.4810927 ], [ -71.9208921, 39.4748537 ], [ -71.9209654, 39.4743165 ], [ -71.9215378, 39.4736106 ], [ -71.9227325, 39.4728698 ], [ -71.925036, 39.4724235 ], [ -71.9301687, 39.4732607 ], [ -71.9345323, 39.4746134 ], [ -71.9440892, 39.478886 ], [ -71.9500332, 39.4809507 ], [ -71.9534422, 39.4818177 ], [ -71.9619518, 39.4834509 ], [ -71.9679475, 39.4849027 ], [ -71.9740852, 39.4874503 ], [ -71.978405, 39.4906114 ], [ -71.9801577, 39.4912904 ], [ -71.980858, 39.4911897 ], [ -71.9833012, 39.4901113 ], [ -71.9837332, 39.4900744 ], [ -71.9841918, 39.4901732 ], [ -71.9865095, 39.4912251 ], [ -71.986934, 39.4913143 ], [ -71.9879709, 39.4911366 ], [ -71.9885735, 39.4908908 ], [ -71.9935862, 39.4866955 ], [ -71.9968767, 39.4850562 ], [ -72.0019228, 39.4844176 ], [ -72.0040377, 39.4838182 ], [ -72.0053578, 39.4829656 ], [ -72.0062519, 39.4815797 ], [ -72.0057248, 39.48015 ], [ -72.0021307, 39.4777627 ], [ -71.9976287, 39.4761899 ], [ -71.9817805, 39.4717613 ], [ -71.9780331, 39.4697768 ], [ -71.975691, 39.4679615 ], [ -71.9749103, 39.4669329 ], [ -71.9748322, 39.4664488 ], [ -71.9756909, 39.464936 ], [ -71.9763154, 39.4644518 ], [ -71.9825608, 39.4632413 ], [ -71.9842782, 39.462031 ], [ -71.9845905, 39.4615468 ], [ -71.9842608, 39.4596507 ], [ -71.9831851, 39.4584 ], [ -71.9814155, 39.4570282 ], [ -71.9794377, 39.4559793 ], [ -71.9777202, 39.4552531 ], [ -71.9720992, 39.4538007 ], [ -71.9699132, 39.4529535 ], [ -71.9670976, 39.4516103 ], [ -71.9639352, 39.4493222 ], [ -71.9627827, 39.4480713 ], [ -71.9607788, 39.4449642 ], [ -71.9591391, 39.4401216 ], [ -71.9577142, 39.4379121 ], [ -71.9556102, 39.4365137 ], [ -71.952425, 39.4354402 ], [ -71.9488338, 39.4351579 ], [ -71.941027, 39.4351581 ], [ -71.9390492, 39.4349664 ], [ -71.9363429, 39.4343107 ], [ -71.9324783, 39.432313 ], [ -71.930982, 39.4309205 ], [ -71.9302533, 39.4291042 ], [ -71.9302532, 39.4275301 ], [ -71.9309123, 39.4259962 ], [ -71.9325068, 39.4238761 ], [ -71.9348451, 39.42176 ], [ -71.9408484, 39.4172695 ], [ -71.9529856, 39.4060685 ], [ -71.9570552, 39.3997533 ], [ -71.9608663, 39.3949477 ], [ -71.9642111, 39.3917371 ], [ -71.9675657, 39.3891148 ], [ -71.9749061, 39.3833766 ], [ -71.9791096, 39.3807433 ], [ -71.9856271, 39.37713 ], [ -71.9895044, 39.3741667 ], [ -71.9898947, 39.373682 ], [ -71.9905192, 39.373379 ], [ -71.9924709, 39.3716368 ], [ -71.996943, 39.3690332 ], [ -71.9986381, 39.3677433 ], [ -72.0026976, 39.3658646 ], [ -72.0057209, 39.3650822 ], [ -72.0095593, 39.3648692 ], [ -72.0140732, 39.3655699 ], [ -72.0190608, 39.3672215 ], [ -72.025806, 39.3707117 ], [ -72.0359663, 39.3754992 ], [ -72.0444782, 39.381121 ], [ -72.0580648, 39.3882328 ], [ -72.0645291, 39.3931273 ], [ -72.0760489, 39.4007322 ], [ -72.0808047, 39.4044216 ], [ -72.088953, 39.4085494 ], [ -72.0923223, 39.4105096 ], [ -72.0937276, 39.4110546 ], [ -72.094196, 39.4114786 ], [ -72.0980995, 39.413174 ], [ -72.1047886, 39.4165094 ], [ -72.115309, 39.4221962 ], [ -72.1212605, 39.4257347 ], [ -72.1247392, 39.4282077 ], [ -72.1298609, 39.4323884 ], [ -72.1324195, 39.4348133 ], [ -72.1344806, 39.4372106 ], [ -72.1372912, 39.439753 ], [ -72.1397114, 39.4416295 ], [ -72.1456448, 39.4446559 ], [ -72.1520569, 39.4482912 ], [ -72.1601207, 39.4512084 ], [ -72.164876, 39.4522616 ], [ -72.172336, 39.4534181 ], [ -72.1735156, 39.4531894 ], [ -72.1739101, 39.4531894 ], [ -72.1760139, 39.4531893 ], [ -72.1782444, 39.4535351 ], [ -72.1803857, 39.4541576 ], [ -72.1835084, 39.4547627 ], [ -72.1903142, 39.4549013 ], [ -72.1927652, 39.4553763 ], [ -72.1990355, 39.4573646 ], [ -72.2036503, 39.4593768 ], [ -72.2056547, 39.4605797 ], [ -72.2071841, 39.4612089 ], [ -72.2121529, 39.4642357 ], [ -72.2156732, 39.4653724 ], [ -72.218796, 39.466986 ], [ -72.223264, 39.467563 ], [ -72.2336811, 39.4677117 ], [ -72.2387816, 39.4685587 ], [ -72.2414012, 39.4696344 ], [ -72.2448793, 39.4719152 ], [ -72.246466, 39.4735547 ], [ -72.2478819, 39.4745522 ], [ -72.2531988, 39.4799735 ], [ -72.254474, 39.4809617 ], [ -72.2564447, 39.4820524 ], [ -72.2599232, 39.4823893 ], [ -72.2611879, 39.4818689 ], [ -72.2616563, 39.4814454 ], [ -72.2625189, 39.4796425 ], [ -72.2627163, 39.4771928 ], [ -72.2620717, 39.474862 ], [ -72.2611528, 39.4735802 ], [ -72.2594869, 39.4719202 ], [ -72.2570923, 39.4702964 ], [ -72.2516071, 39.4677458 ], [ -72.2458551, 39.4657645 ], [ -72.2400148, 39.4633395 ], [ -72.2365173, 39.4622049 ], [ -72.2315709, 39.4602865 ], [ -72.2283789, 39.458664 ], [ -72.2261844, 39.4568097 ], [ -72.2248749, 39.4530365 ], [ -72.2252141, 39.4498792 ], [ -72.2248219, 39.4480553 ], [ -72.2234791, 39.4470142 ], [ -72.2219177, 39.446409 ], [ -72.2164089, 39.4454482 ], [ -72.2148232, 39.4439728 ], [ -72.2131383, 39.4419409 ], [ -72.2120026, 39.4384189 ], [ -72.2102605, 39.4357173 ], [ -72.2028628, 39.4291415 ], [ -72.1925627, 39.4218305 ], [ -72.1892837, 39.4192875 ], [ -72.1863081, 39.4163191 ], [ -72.1832137, 39.4132321 ], [ -72.1819106, 39.411615 ], [ -72.1791744, 39.4092771 ], [ -72.178177, 39.4078012 ], [ -72.1780864, 39.4068523 ], [ -72.1781317, 39.4058683 ], [ -72.1782677, 39.4052357 ], [ -72.1785851, 39.4044626 ], [ -72.1796731, 39.4033731 ], [ -72.1828921, 39.4015104 ], [ -72.1847963, 39.3999991 ], [ -72.1861111, 39.3981715 ], [ -72.186483, 39.396379 ], [ -72.186483, 39.395223 ], [ -72.1862835, 39.3936764 ], [ -72.184887, 39.3922844 ], [ -72.1848661, 39.3922731 ], [ -72.1812961, 39.390351 ], [ -72.1705456, 39.3852487 ], [ -72.1687057, 39.3841059 ], [ -72.1640617, 39.3817893 ], [ -72.1611772, 39.3808566 ], [ -72.1560247, 39.3805236 ], [ -72.1533703, 39.3805237 ], [ -72.1516268, 39.3801854 ], [ -72.1467415, 39.3781003 ], [ -72.1434294, 39.3760808 ], [ -72.1427528, 39.3755556 ], [ -72.1408855, 39.3733008 ], [ -72.1406861, 39.3702066 ], [ -72.1398881, 39.3661838 ], [ -72.1393952, 39.3640424 ], [ -72.1364674, 39.3591336 ], [ -72.1313962, 39.353085 ], [ -72.1279461, 39.3501387 ], [ -72.1221413, 39.3461026 ], [ -72.1208186, 39.345418 ], [ -72.1181345, 39.3429551 ], [ -72.1149196, 39.3390026 ], [ -72.1124602, 39.3347059 ], [ -72.1112468, 39.3277288 ], [ -72.1096492, 39.3252475 ], [ -72.1078163, 39.3232544 ], [ -72.10229, 39.3194392 ], [ -72.0977302, 39.3147369 ], [ -72.0958929, 39.3118825 ], [ -72.0949715, 39.3072975 ], [ -72.0949713, 39.3043256 ], [ -72.0963761, 39.2957728 ], [ -72.096376, 39.2916477 ], [ -72.0954205, 39.2864517 ], [ -72.095263, 39.2835182 ], [ -72.0942174, 39.2809179 ], [ -72.092628, 39.2792711 ], [ -72.0875378, 39.2771112 ], [ -72.0856434, 39.2758491 ], [ -72.0851853, 39.2747812 ], [ -72.0854455, 39.2741743 ], [ -72.0862262, 39.2735676 ], [ -72.088006, 39.2731063 ], [ -72.0926277, 39.2726571 ], [ -72.0945794, 39.272202 ], [ -72.0978322, 39.2709377 ], [ -72.1006634, 39.2706625 ], [ -72.1034323, 39.2709699 ], [ -72.1043899, 39.271342 ], [ -72.1061942, 39.2715173 ], [ -72.1089569, 39.2707502 ], [ -72.1117748, 39.2692168 ], [ -72.112894, 39.2680567 ], [ -72.1165942, 39.2631288 ], [ -72.1179213, 39.2610653 ], [ -72.1183896, 39.2596086 ], [ -72.1183894, 39.2568774 ], [ -72.1171922, 39.2517586 ], [ -72.1163853, 39.2492497 ], [ -72.1161388, 39.2473334 ], [ -72.1149058, 39.2442658 ], [ -72.1135797, 39.2418599 ], [ -72.1128978, 39.2397392 ], [ -72.1133921, 39.236906 ], [ -72.1153827, 39.2338095 ], [ -72.1186484, 39.231401 ], [ -72.1225648, 39.2298778 ], [ -72.126299, 39.2292554 ], [ -72.1299422, 39.2292553 ], [ -72.1352025, 39.2300419 ], [ -72.137999, 39.2308094 ], [ -72.1440468, 39.2330599 ], [ -72.1457123, 39.2333836 ], [ -72.1496826, 39.2333835 ], [ -72.1530283, 39.232245 ], [ -72.1555071, 39.2305579 ], [ -72.1585243, 39.2278757 ], [ -72.1691212, 39.2212491 ], [ -72.1751061, 39.2172176 ], [ -72.1829907, 39.2134519 ], [ -72.1833852, 39.2132635 ], [ -72.186677, 39.2117903 ], [ -72.1893702, 39.2099294 ], [ -72.1921631, 39.207138 ], [ -72.1946069, 39.2038812 ], [ -72.1962029, 39.2031832 ], [ -72.1997939, 39.2024854 ], [ -72.2068642, 39.2016 ], [ -72.210039, 39.2009519 ], [ -72.2112881, 39.2005267 ], [ -72.2119126, 39.2005267 ], [ -72.2157799, 39.1989004 ], [ -72.2268714, 39.192247 ], [ -72.2287458, 39.1909208 ], [ -72.2371863, 39.1819204 ], [ -72.244013, 39.173708 ], [ -72.2451995, 39.1718606 ], [ -72.2483609, 39.1684766 ], [ -72.2554209, 39.1637653 ], [ -72.2559601, 39.163475 ], [ -72.2624208, 39.1599969 ], [ -72.2759262, 39.1513045 ], [ -72.2782292, 39.1501722 ], [ -72.2814335, 39.1491324 ], [ -72.2855814, 39.1482095 ], [ -72.3014824, 39.1479456 ], [ -72.3096056, 39.1460648 ], [ -72.3203624, 39.1429383 ], [ -72.32643, 39.1425444 ], [ -72.3287, 39.1426705 ], [ -72.3305737, 39.1434 ], [ -72.3320658, 39.1442714 ], [ -72.3342611, 39.1463226 ], [ -72.3363937, 39.1492745 ], [ -72.338537, 39.1503907 ], [ -72.3397861, 39.1499044 ], [ -72.3416597, 39.1484454 ], [ -72.3433553, 39.1449593 ], [ -72.3436112, 39.1444331 ], [ -72.3449517, 39.1395589 ], [ -72.3461091, 39.1385358 ], [ -72.3494972, 39.1372103 ], [ -72.3529293, 39.1363192 ], [ -72.3565668, 39.1361168 ], [ -72.3625127, 39.1366311 ], [ -72.367734, 39.13738 ], [ -72.3699199, 39.1373799 ], [ -72.3713251, 39.1368327 ], [ -72.3730165, 39.1342588 ], [ -72.374057, 39.1278945 ], [ -72.3770416, 39.1251112 ], [ -72.3822957, 39.1230047 ], [ -72.3832925, 39.1226051 ], [ -72.3896704, 39.1212049 ], [ -72.3953694, 39.1212047 ], [ -72.3980663, 39.1216247 ], [ -72.4000536, 39.1221775 ], [ -72.4048939, 39.1242693 ], [ -72.4127165, 39.1290622 ], [ -72.4152601, 39.1304362 ], [ -72.421168, 39.1333948 ], [ -72.4245323, 39.134608 ], [ -72.4250246, 39.1347145 ], [ -72.426064, 39.1345655 ], [ -72.4268845, 39.134076 ], [ -72.4270486, 39.1332459 ], [ -72.4265838, 39.1318138 ], [ -72.4264818, 39.1314997 ], [ -72.4238118, 39.124915 ], [ -72.4220688, 39.121812 ], [ -72.4195183, 39.1162982 ], [ -72.4189234, 39.1144446 ], [ -72.4173788, 39.1043272 ], [ -72.417618, 39.1028359 ], [ -72.4187629, 39.1010515 ], [ -72.4202667, 39.0997122 ], [ -72.423348, 39.0990885 ], [ -72.4253649, 39.0993505 ], [ -72.4307802, 39.1012491 ], [ -72.4331995, 39.101626 ], [ -72.4350392, 39.1015065 ], [ -72.4380718, 39.1007975 ], [ -72.4384461, 39.1006487 ], [ -72.4496257, 39.0962042 ], [ -72.45, 39.09618 ], [ -72.45, 39.0909355 ], [ -72.45, 39.0866064 ], [ -72.45, 39.0308395 ], [ -72.45, 39.0234196 ], [ -72.45, 39.0110958 ], [ -72.45, 38.9507818 ], [ -72.45, 38.9449789 ], [ -72.45, 38.9310332 ] ] ] } },
{ "type": "Feature", "properties": { "RCID": 223, "PRIM": 3, "GRUP": 1, "OBJL": 42, "RVER": 1, "AGEN": 550, "FIDN": 1767298513, "FIDS": 48294, "LNAM": "02266956D5D1BCA6", "DRVAL1": 914.4, "DRVAL2": 1828.8 }, "geometry": { "type": "Polygon", "coordinates": [ [ [ -71.5481391, 39.6 ], [ -71.5477013, 39.5997581 ], [ -71.5439068, 39.5982041 ], [ -71.5412256, 39.5978179 ], [ -71.5389828, 39.5982518 ], [ -71.5371718, 39.5993027 ], [ -71.5368458, 39.6 ], [ -71.5481391, 39.6 ] ] ] } },
{ "type": "Feature", "properties": { "RCID": 224, "PRIM": 3, "GRUP": 1, "OBJL": 42, "RVER": 1, "AGEN": 550, "FIDN": 1860935356, "FIDS": 48294, "LNAM": "02266EEB9EBCBCA6", "DRVAL1": 914.4, "DRVAL2": 1828.8 }, "geometry": { "type": "Polygon", "coordinates": [ [ [ -71.5041419, 39.6 ], [ -71.5033815, 39.5974121 ], [ -71.501666, 39.5945082 ], [ -71.4988554, 39.5921527 ], [ -71.4976062, 39.5916695 ], [ -71.4958888, 39.5914481 ], [ -71.4952189, 39.5915345 ], [ -71.4935467, 39.5917502 ], [ -71.4902992, 39.5925878 ], [ -71.4871953, 39.5932592 ], [ -71.4815244, 39.5953544 ], [ -71.4784797, 39.5967739 ], [ -71.4757475, 39.5984348 ], [ -71.4737244, 39.6 ], [ -71.5030349, 39.6 ], [ -71.5041419, 39.6 ] ] ] } },
{ "type": "Feature", "properties": { "RCID": 225, "PRIM": 3, "GRUP": 1, "OBJL": 42, "RVER": 1, "AGEN": 550, "FIDN": 1186179447, "FIDS": 48294, "LNAM": "022646B3A977BCA6", "DRVAL1": 182.8, "DRVAL2": 914.4 }, "geometry": { "type": "Polygon", "coordinates": [ [ [ -71.815935, 39.6 ], [ -71.8145123, 39.5990688 ], [ -71.8112074, 39.598002 ], [ -71.8074104, 39.5974036 ], [ -71.8037128, 39.5976398 ], [ -71.8008515, 39.5980942 ], [ -71.7971551, 39.5978816 ], [ -71.7940428, 39.5970235 ], [ -71.7916489, 39.5968692 ], [ -71.7899532, 39.5969464 ], [ -71.7899098, 39.5969598 ], [ -71.7884569, 39.597409 ], [ -71.7875527, 39.5980631 ], [ -71.7875527, 39.5988603 ], [ -71.7880389, 39.6 ], [ -71.7942879, 39.6 ], [ -71.815935, 39.6 ] ] ] } }
]
}
