{
"type": "FeatureCollection",
"name": "M_QUAL",
"crs": { "type": "name", "properties": { "name": "urn:ogc:def:crs:OGC:1.3:CRS84" } },
"features": [
{ "type": "Feature", "properties": { "RCID": 305, "PRIM": 3, "GRUP": 2, "OBJL": 308, "RVER": 1, "AGEN": 550, "FIDN": 415605484, "FIDS": 7298, "LNAM": "022618C5A2EC1C82", "CATZOC": 5, "TXTDSC": "US3NY01I.TXT", "SORDAT": "20180321", "SORIND": "US,US,reprt,L-250-2018" }, "geometry": { "type": "Polygon", "coordinates": [ [ [ -71.6741043, 39.416828 ], [ -71.4334603, 39.5607096 ], [ -71.5682612, 39.5315131 ], [ -71.7070889, 39.4564096 ], [ -71.6741043, 39.416828 ] ] ] } },
{ "type": "Feature", "properties": { "RCID": 306, "PRIM": 3, "GRUP": 2, "OBJL": 308, "RVER": 1, "AGEN": 550, "FIDN": 261890533, "FIDS": 7298, "LNAM": "02260F9C21E51C82", "CATZOC": 1, "SUREND": "20120622", "SURSTA": "20120621", "TXTDSC": "US3NY01I.TXT", "SORDAT": "20180321", "SORIND": "US,US,reprt,L-250-2018" }, "geometry": { "type": "Polygon", "coordinates": [ [ [ -72.701428, 39.166667 ], [ -72.691066, 39.166667 ], [ -72.693285, 39.1712942 ], [ -72.7120828, 39.1682009 ], [ -72.7137096, 39.166667 ], [ -72.7066577, 39.166667 ], [ -72.7059878, 39.166667 ], [ -72.7053189, 39.166667 ], [ -72.701428, 39.166667 ] ] ] } },
{ "type": "Feature", "properties": { "RCID": 307, "PRIM": 3, "GRUP": 2, "OBJL": 308, "RVER": 1, "AGEN": 550, "FIDN": 155372391, "FIDS": 7298, "LNAM": "02260942CB671C82", "CATZOC": 1, "SUREND": "20120622", "SURSTA": "20120621", "TXTDSC": "US3NY01I.TXT", "SORDAT": "20180321", "SORIND": "US,US,reprt,L-250-2018" }, "geometry": { "type": "Polygon", "coordinates": [ [ [ -72.5861808, 39.166667 ], [ -72.5527808, 39.166667 ], [ -72.5587265, 39.1777584 ], [ -72.5640803, 39.1819225 ], [ -72.5753827, 39.1944146 ], [ -72.684838, 39.166667 ], [ -72.6690453, 39.166667 ], [ -72.6127771, 39.166667 ], [ -72.6084534, 39.166667 ], [ -72.6064097, 39.166667 ], [ -72.6052821, 39.166667 ], [ -72.6013753, 39.166667 ], [ -72.5984941, 39.166667 ], [ -72.5984156, 39.166667 ], [ -72.5861808, 39.166667 ] ] ] } },
{ "type": "Feature", "properties": { "RCID": 308, "PRIM": 3, "GRUP": 2, "OBJL": 308, "RVER": 1, "AGEN": 550, "FIDN": 409063908, "FIDS": 7298, "LNAM": "02261861D1E41C82", "CATZOC": 4, "SUREND": "1939", "SURSTA": "1930", "TXTDSC": "US3NY01I.TXT", "SORDAT": "20180321", "SORIND": "US,US,reprt,L-250-2018" }, "geometry": { "type": "Polygon", "coordinates": [ [ [ -72.3006506, 38.916518 ], [ -72.1663904, 39.0124181 ], [ -71.9642977, 39.1287745 ], [ -71.8448793, 39.2053247 ], [ -71.7652671, 39.2053247 ], [ -71.746895, 39.2451309 ], [ -71.6642207, 39.3247431 ], [ -71.6506962, 39.3878578 ], [ -72.3715954, 38.9576173 ], [ -72.3720712, 38.9438191 ], [ -72.3899172, 38.9247834 ], [ -72.3006506, 38.916518 ] ] ] } },
{ "type": "Feature", "properties": { "RCID": 309, "PRIM": 3, "GRUP": 2, "OBJL": 308, "RVER": 1, "AGEN": 550, "FIDN": 747971931, "FIDS": 7298, "LNAM": "02262C95255B1C82", "CATZOC": 4, "SUREND": "1979", "SURSTA": "1970", "TXTDSC": "US3NY01I.TXT", "SORDAT": "20180321", "SORIND": "US,US,reprt,L-250-2018" }, "geometry": { "type": "Polygon", "coordinates": [ [ [ -72.3954519, 38.7666666 ], [ -72.2710002, 38.7666666 ], [ -72.2614263, 38.9128861 ], [ -72.3006506, 38.916518 ], [ -72.3899172, 38.9247834 ], [ -72.3720712, 38.9438191 ], [ -72.3715954, 38.9576173 ], [ -72.3704564, 38.99065 ], [ -72.3696918, 39.0128234 ], [ -72.45, 39.0110958 ], [ -72.45, 38.9507818 ], [ -72.45, 38.9449789 ], [ -72.45, 38.9310332 ], [ -72.45, 38.7792619 ], [ -72.45, 38.7666666 ], [ -72.3954519, 38.7666666 ] ] ] } },
{ "type": "Feature", "properties": { "RCID": 310, "PRIM": 3, "GRUP": 2, "OBJL": 308, "RVER": 1, "AGEN": 550, "FIDN": 1865334753, "FIDS": 48294, "LNAM": "02266F2EBFE1BCA6", "CATZOC": 4, "SUREND": "1939", "SURSTA": "1930", "TXTDSC": "US3NY01I.TXT", "SORDAT": "20180321", "SORIND": "US,US,reprt,L-250-2018" }, "geometry": { "type": "Polygon", "coordinates": [ [ [ -72.0433339, 39.6 ], [ -72.0300569, 39.6 ], [ -72.0, 39.6 ], [ -71.9487288, 39.6 ], [ -71.8610652, 39.6 ], [ -71.8477617, 39.6 ], [ -71.815935, 39.6 ], [ -71.7942879, 39.6 ], [ -71.7880389, 39.6 ], [ -71.6384244, 39.6 ], [ -71.562235, 39.6 ], [ -71.5481391, 39.6 ], [ -71.5368458, 39.6 ], [ -71.5041419, 39.6 ], [ -71.5030349, 39.6 ], [ -71.4737244, 39.6 ], [ -71.3677465, 39.6 ], [ -71.4334603, 39.5607096 ], [ -71.5682612, 39.5315131 ], [ -71.7070889, 39.4564096 ], [ -71.6741043, 39.416828 ], [ -71.7750089, 39.3564969 ], [ -72.1936751, 39.1023705 ], [ -72.3704564, 38.99065 ], [ -72.3696918, 39.0128234 ], [ -72.45, 39.0110958 ], [ -72.45, 39.0234196 ], [ -72.45, 39.0308395 ], [ -72.45, 39.0866064 ], [ -72.45, 39.0909355 ], [ -72.45, 39.09618 ], [ -72.45, 39.1005323 ], [ -72.45, 39.1439121 ], [ -72.45, 39.1466435 ], [ -72.45, 39.1493749 ], [ -72.45, 39.166667 ], [ -72.4793139, 39.166667 ], [ -72.4832228, 39.166667 ], [ -72.4871316, 39.166667 ], [ -72.4929781, 39.166667 ], [ -72.491755, 39.1933026 ], [ -72.3642159, 39.2656382 ], [ -72.2309661, 39.3817559 ], [ -72.1357876, 39.4845487 ], [ -72.1110412, 39.5435593 ], [ -72.1072341, 39.562595 ], [ -72.0433339, 39.6 ] ] ] } },
{ "type": "Feature", "properties": { "RCID": 311, "PRIM": 3, "GRUP": 2, "OBJL": 308, "RVER": 1, "AGEN": 550, "FIDN": 1480059525, "FIDS": 22850, "LNAM": "02265837EA855942", "CATZOC": 3, "SUREND": "1979", "SURSTA": "1970", "TXTDSC": "US3NY01I.TXT", "SORDAT": "20180321", "SORIND": "US,US,reprt,L-250-2018" }, "geometry": { "type": "Polygon", "coordinates": [ [ [ -73.9329737, 39.166667 ], [ -73.932972, 39.178562 ], [ -73.9329487, 39.3421735 ], [ -73.9329475, 39.350358 ], [ -73.9329468, 39.3550457 ], [ -73.9329449, 39.3686553 ], [ -73.9329404, 39.3999963 ], [ -73.9329333, 39.4498944 ], [ -73.9073189, 39.4498944 ], [ -73.7235662, 39.4498944 ], [ -73.7182476, 39.4498944 ], [ -73.7182475, 39.4567944 ], [ -73.7182474, 39.4608492 ], [ -73.7124272, 39.4643469 ], [ -73.66625, 39.4920972 ], [ -73.66625, 39.5299759 ], [ -73.66625, 39.6 ], [ -73.6443661, 39.6 ], [ -73.6415949, 39.6 ], [ -73.6168732, 39.6 ], [ -73.57561, 39.6 ], [ -73.5197398, 39.6 ], [ -73.4913474, 39.6 ], [ -73.4785766, 39.6 ], [ -73.4192209, 39.6 ], [ -73.4004139, 39.6 ], [ -73.399955, 39.6 ], [ -73.3463184, 39.6 ], [ -73.3376811, 39.6 ], [ -73.3327242, 39.6 ], [ -73.3196241, 39.6 ], [ -73.2911705, 39.6 ], [ -73.2842435, 39.5890323 ], [ -73.2856712, 39.5176484 ], [ -73.2799605, 39.4191387 ], [ -73.2828158, 39.3934406 ], [ -73.5797044, 39.3866623 ], [ -73.5754895, 39.320629 ], [ -73.7639428, 39.3234844 ], [ -73.7677855, 39.166667 ], [ -73.8176724, 39.166667 ], [ -73.8624036, 39.166667 ], [ -73.9243886, 39.166667 ], [ -73.9329737, 39.166667 ] ] ] } },
{ "type": "Feature", "properties": { "RCID": 312, "PRIM": 3, "GRUP": 2, "OBJL": 308, "RVER": 1, "AGEN": 550, "FIDN": 555841326, "FIDS": 48294, "LNAM": "02262121772EBCA6", "CATZOC": 4, "SUREND": "1949", "SURSTA": "1940", "TXTDSC": "US3NY01I.TXT", "SORDAT": "20180321", "SORIND": "US,US,reprt,L-250-2018" }, "geometry": { "type": "Polygon", "coordinates": [ [ [ -72.3715954, 38.9576173 ], [ -72.3704564, 38.99065 ], [ -72.1936751, 39.1023705 ], [ -71.7750089, 39.3564969 ], [ -71.6741043, 39.416828 ], [ -71.4334603, 39.5607096 ], [ -71.3677465, 39.6 ], [ -71.3397369, 39.6 ], [ -71.3071999, 39.6 ], [ -71.2952366, 39.6 ], [ -71.3198343, 39.5853198 ], [ -71.6506962, 39.3878578 ], [ -72.3715954, 38.9576173 ] ] ] } },
{ "type": "Feature", "properties": { "RCID": 313, "PRIM": 3, "GRUP": 2, "OBJL": 308, "RVER": 1, "AGEN": 550, "FIDN": 749010294, "FIDS": 7298, "LNAM": "02262CA4FD761C82", "CATZOC": 5, "TXTDSC": "US3NY01I.TXT", "SORDAT": "20180321", "SORIND": "US,US,reprt,L-250-2018" }, "geometry": { "type": "Polygon", "coordinates": [ [ [ -72.3006506, 38.916518 ], [ -72.2614263, 38.9128861 ], [ -72.2710002, 38.7666666 ], [ -72.2709178, 38.7666666 ], [ -72.1064885, 38.7666666 ], [ -72.0837594, 38.7666666 ], [ -71.9997208, 38.7666666 ], [ -71.9670525, 38.7666666 ], [ -71.3169836, 38.7666666 ], [ -71.2447887, 38.7666666 ], [ -70.8513712, 38.7666666 ], [ -70.8380685, 38.7666666 ], [ -70.7730588, 38.7666666 ], [ -70.6896046, 38.7666666 ], [ -70.6159237, 38.7666666 ], [ -70.6134294, 38.7666666 ], [ -70.3398953, 38.7666666 ], [ -70.1236129, 38.7666666 ], [ -70.098702, 38.7666666 ], [ -70.0119938, 38.7666666 ], [ -69.2666667, 38.7666666 ], [ -69.2666667, 38.8495564 ], [ -69.2666667, 38.9075141 ], [ -69.2666667, 38.9183308 ], [ -69.2666667, 38.9761331 ], [ -69.2666667, 39.0323073 ], [ -69.2666667, 39.0855118 ], [ -69.2666667, 39.1045834 ], [ -69.2666667, 39.136663 ], [ -69.2666667, 39.1438353 ], [ -69.2666667, 39.2013821 ], [ -69.2666667, 39.278969 ], [ -69.2666667, 39.2948834 ], [ -69.2666667, 39.3471644 ], [ -69.2666667, 39.4085757 ], [ -69.2666667, 39.4150329 ], [ -69.2666667, 39.5152994 ], [ -69.2666667, 39.5727118 ], [ -69.2666667, 39.6 ], [ -69.6, 39.6 ], [ -70.1257344, 39.6 ], [ -70.4154338, 39.6 ], [ -70.4452574, 39.6 ], [ -70.5546835, 39.6 ], [ -70.6505717, 39.6 ], [ -70.6699616, 39.6 ], [ -70.8, 39.6 ], [ -70.8990252, 39.6 ], [ -71.1302402, 39.6 ], [ -71.2571819, 39.6 ], [ -71.2637218, 39.5974732 ], [ -71.3198343, 39.5853198 ], [ -71.6506962, 39.3878578 ], [ -71.6642207, 39.3247431 ], [ -71.746895, 39.2451309 ], [ -71.7652671, 39.2053247 ], [ -71.8448793, 39.2053247 ], [ -71.9642977, 39.1287745 ], [ -72.1663904, 39.0124181 ], [ -72.3006506, 38.916518 ] ] ] } },
{ "type": "Feature", "properties": { "RCID": 314, "PRIM": 3, "GRUP": 2, "OBJL": 308, "RVER": 1, "AGEN": 550, "FIDN": 22394676, "FIDS": 48294, "LNAM": "02260155B734BCA6", "CATZOC": 4, "SUREND": "1979", "SURSTA": "1970", "TXTDSC": "US3NY01I.TXT", "SORDAT": "20180321", "SORIND": "US,US,reprt,L-250-2018" }, "geometry": { "type": "Polygon", "coordinates": [ [ [ -73.7677855, 39.166667 ], [ -73.7639428, 39.3234844 ], [ -73.5754895, 39.320629 ], [ -73.5797044, 39.3866623 ], [ -73.2828158, 39.3934406 ], [ -73.2799605, 39.4191387 ], [ -73.2856712, 39.5176484 ], [ -73.2842435, 39.5890323 ], [ -73.2911705, 39.6 ], [ -73.2754179, 39.6 ], [ -73.2290075, 39.6 ], [ -73.2, 39.6 ], [ -73.1944785, 39.6 ], [ -73.1676093, 39.6 ], [ -73.0872139, 39.6 ], [ -73.0657967, 39.6 ], [ -73.0587482, 39.6 ], [ -73.0468665, 39.6 ], [ -73.0426858, 39.6 ], [ -72.9739713, 39.6 ], [ -72.9394683, 39.6 ], [ -72.890604, 39.6 ], [ -72.8611938, 39.6 ], [ -72.829597, 39.6 ], [ -72.8225194, 39.6 ], [ -72.8164238, 39.6 ], [ -72.6857658, 39.6 ], [ -72.6702299, 39.6 ], [ -72.5555838, 39.6 ], [ -72.5510873, 39.6 ], [ -72.5440811, 39.6 ], [ -72.5049083, 39.6 ], [ -72.462264, 39.6 ], [ -72.4525525, 39.6 ], [ -72.4499779, 39.6 ], [ -72.4431154, 39.6 ], [ -72.4393573, 39.6 ], [ -72.4354695, 39.6 ], [ -72.4299298, 39.6 ], [ -72.391, 39.6 ], [ -72.3884565, 39.6 ], [ -72.3846015, 39.6 ], [ -72.3820011, 39.6 ], [ -72.3790309, 39.6 ], [ -72.3740477, 39.6 ], [ -72.3360309, 39.6 ], [ -72.2612199, 39.6 ], [ -72.2364455, 39.6 ], [ -72.212864, 39.6 ], [ -72.2015027, 39.6 ], [ -72.1825554, 39.6 ], [ -72.1710739, 39.6 ], [ -72.1551736, 39.6 ], [ -72.1344204, 39.6 ], [ -72.1171888, 39.6 ], [ -72.09824, 39.6 ], [ -72.0722999, 39.6 ], [ -72.0661834, 39.6 ], [ -72.0660883, 39.6 ], [ -72.0609235, 39.6 ], [ -72.0433339, 39.6 ], [ -72.1072341, 39.562595 ], [ -72.1110412, 39.5435593 ], [ -72.1357876, 39.4845487 ], [ -72.2309661, 39.3817559 ], [ -72.3642159, 39.2656382 ], [ -72.491755, 39.1933026 ], [ -72.4929781, 39.166667 ], [ -72.4937296, 39.166667 ], [ -72.4978135, 39.166667 ], [ -72.5007685, 39.166667 ], [ -72.5037234, 39.166667 ], [ -72.5527808, 39.166667 ], [ -72.5587265, 39.1777584 ], [ -72.5640803, 39.1819225 ], [ -72.5753827, 39.1944146 ], [ -72.684838, 39.166667 ], [ -72.691066, 39.166667 ], [ -72.693285, 39.1712942 ], [ -72.7120828, 39.1682009 ], [ -72.7137096, 39.166667 ], [ -72.7532976, 39.166667 ], [ -72.7616141, 39.166667 ], [ -72.7628912, 39.166667 ], [ -72.7733548, 39.166667 ], [ -72.7869815, 39.166667 ], [ -72.7942978, 39.166667 ], [ -72.79453, 39.166667 ], [ -72.8055189, 39.166667 ], [ -72.8058552, 39.166667 ], [ -72.8940338, 39.166667 ], [ -72.9513807, 39.166667 ], [ -72.9774034, 39.166667 ], [ -72.9780878, 39.166667 ], [ -73.044969, 39.166667 ], [ -73.0740901, 39.166667 ], [ -73.0830458, 39.166667 ], [ -73.1004125, 39.166667 ], [ -73.1573726, 39.166667 ], [ -73.1651732, 39.166667 ], [ -73.1678802, 39.166667 ], [ -73.2159843, 39.166667 ], [ -73.2182932, 39.166667 ], [ -73.252992, 39.166667 ], [ -73.2972158, 39.166667 ], [ -73.2984953, 39.166667 ], [ -73.2997932, 39.166667 ], [ -73.3825767, 39.166667 ], [ -73.3859443, 39.166667 ], [ -73.4866552, 39.166667 ], [ -73.488883, 39.166667 ], [ -73.4917298, 39.166667 ], [ -73.5525026, 39.166667 ], [ -73.5725802, 39.166667 ], [ -73.6426847, 39.166667 ], [ -73.6956418, 39.166667 ], [ -73.696332, 39.166667 ], [ -73.7015006, 39.166667 ], [ -73.7044831, 39.166667 ], [ -73.7234952, 39.166667 ], [ -73.759203, 39.166667 ], [ -73.7630581, 39.166667 ], [ -73.7677855, 39.166667 ] ] ] } },
{ "type": "Feature", "properties": { "RCID": 315, "PRIM": 3, "GRUP": 2, "OBJL": 308, "RVER": 1, "AGEN": 550, "FIDN": 1764269062, "FIDS": 48294, "LNAM": "022669289C06BCA6", "CATZOC": 6, "INFORM": "Use Larger Scale ENCs", "TXTDSC": "US3NY01I.TXT", "SORDAT": "20180321", "SORIND": "US,US,reprt,L-250-2018" }, "geometry": { "type": "Polygon", "coordinates": [ [ [ -74.268457, 39.6 ], [ -74.2677952, 39.5994235 ], [ -74.2671559, 39.5985013 ], [ -74.2661759, 39.5979084 ], [ -74.2645141, 39.597645 ], [ -74.2635768, 39.5976121 ], [ -74.261915, 39.5979084 ], [ -74.2608497, 39.5980403 ], [ -74.2601022, 39.5980121 ], [ -74.2595483, 39.5977158 ], [ -74.2593351, 39.5974524 ], [ -74.2592926, 39.5969912 ], [ -74.2595363, 39.5963236 ], [ -74.2603356, 39.5958358 ], [ -74.2617446, 39.595636 ], [ -74.2639601, 39.5955373 ], [ -74.2656646, 39.595636 ], [ -74.2677098, 39.5962947 ], [ -74.2696699, 39.5971839 ], [ -74.2706927, 39.598139 ], [ -74.2707778, 39.5989293 ], [ -74.270437, 39.599654 ], [ -74.2699683, 39.5999833 ], [ -74.2699172, 39.6 ], [ -74.2889068, 39.6 ], [ -74.2892045, 39.599449 ], [ -74.2899002, 39.599171 ], [ -74.2909331, 39.5990003 ], [ -74.291795, 39.5993337 ], [ -74.2926745, 39.5998235 ], [ -74.292848, 39.6 ], [ -74.3052366, 39.6 ], [ -74.3053134, 39.5999169 ], [ -74.3054267, 39.5993915 ], [ -74.3053134, 39.5983845 ], [ -74.3050443, 39.5976265 ], [ -74.305194, 39.5971448 ], [ -74.3056077, 39.5967586 ], [ -74.3072109, 39.5961954 ], [ -74.30908, 39.5953198 ], [ -74.3096615, 39.5949047 ], [ -74.3112156, 39.5940599 ], [ -74.3119399, 39.5937188 ], [ -74.3130423, 39.5935239 ], [ -74.3137666, 39.5935239 ], [ -74.3145855, 39.593597 ], [ -74.3154988, 39.593865 ], [ -74.3161602, 39.5945473 ], [ -74.3165697, 39.5952051 ], [ -74.3172625, 39.5960336 ], [ -74.3183963, 39.5961798 ], [ -74.3198766, 39.5959848 ], [ -74.3213253, 39.5954732 ], [ -74.3228371, 39.5950346 ], [ -74.3238764, 39.594864 ], [ -74.3265849, 39.5946934 ], [ -74.3274983, 39.5945229 ], [ -74.3281597, 39.5940112 ], [ -74.3285691, 39.5933289 ], [ -74.3286006, 39.5921593 ], [ -74.3285376, 39.5911359 ], [ -74.3284116, 39.5902587 ], [ -74.3276243, 39.5894789 ], [ -74.3268369, 39.589089 ], [ -74.32627, 39.5888454 ], [ -74.3257346, 39.5888454 ], [ -74.3255456, 39.5889428 ], [ -74.3254826, 39.5892109 ], [ -74.3256401, 39.5896982 ], [ -74.3257346, 39.5901369 ], [ -74.3256086, 39.5906973 ], [ -74.3249472, 39.591209 ], [ -74.3239079, 39.5913065 ], [ -74.3231946, 39.5911815 ], [ -74.3223456, 39.5908278 ], [ -74.3216925, 39.5907267 ], [ -74.3203863, 39.5908278 ], [ -74.3191455, 39.5912826 ], [ -74.3169904, 39.5917878 ], [ -74.3152271, 39.5922426 ], [ -74.3138556, 39.592192 ], [ -74.3133985, 39.5917878 ], [ -74.3134638, 39.5909289 ], [ -74.3135944, 39.5901204 ], [ -74.3135338, 39.5891684 ], [ -74.3135337, 39.5864502 ], [ -74.3143924, 39.5854534 ], [ -74.3153292, 39.5849399 ], [ -74.3166563, 39.5845774 ], [ -74.3175931, 39.5844566 ], [ -74.3204036, 39.5844565 ], [ -74.3209501, 39.5842753 ], [ -74.3220642, 39.5838846 ], [ -74.3227669, 39.5833408 ], [ -74.3235824, 39.5824078 ], [ -74.3246191, 39.5803001 ], [ -74.3246191, 39.5797443 ], [ -74.3239553, 39.5766029 ], [ -74.3243193, 39.5751002 ], [ -74.3246159, 39.5746652 ], [ -74.3253966, 39.5743026 ], [ -74.3263334, 39.5741818 ], [ -74.3271922, 39.5743026 ], [ -74.3290687, 39.5755153 ], [ -74.3296933, 39.5756965 ], [ -74.3312547, 39.5764819 ], [ -74.3323677, 39.5776406 ], [ -74.333019, 39.5783632 ], [ -74.3333872, 39.5790201 ], [ -74.333727, 39.5792391 ], [ -74.3344351, 39.5793704 ], [ -74.3351431, 39.5792172 ], [ -74.3355395, 39.5789544 ], [ -74.3361484, 39.5781661 ], [ -74.3367998, 39.5771369 ], [ -74.3368679, 39.5769857 ], [ -74.3374169, 39.575767 ], [ -74.338329, 39.5737426 ], [ -74.338768, 39.5725164 ], [ -74.3386831, 39.5717061 ], [ -74.3379184, 39.5709614 ], [ -74.3368126, 39.5699332 ], [ -74.3367276, 39.5696266 ], [ -74.3367312, 39.5695784 ], [ -74.3367843, 39.5688601 ], [ -74.3370675, 39.5681812 ], [ -74.3382582, 39.5672385 ], [ -74.3391815, 39.5661317 ], [ -74.339391, 39.5658806 ], [ -74.3398326, 39.5650447 ], [ -74.3403424, 39.56476 ], [ -74.3408804, 39.5646286 ], [ -74.3425204, 39.5649169 ], [ -74.3439931, 39.5648074 ], [ -74.344786, 39.5645008 ], [ -74.3450693, 39.5641942 ], [ -74.3451978, 39.5635041 ], [ -74.3447375, 39.5627923 ], [ -74.3442055, 39.5622667 ], [ -74.344078, 39.561993 ], [ -74.3440639, 39.561752 ], [ -74.3441913, 39.5614235 ], [ -74.3459684, 39.5598027 ], [ -74.346818, 39.5590141 ], [ -74.3475118, 39.5585323 ], [ -74.3486524, 39.558046 ], [ -74.3496154, 39.5578927 ], [ -74.3496746, 39.5578565 ], [ -74.3498844, 39.5577284 ], [ -74.3499552, 39.5575751 ], [ -74.3499127, 39.5573232 ], [ -74.3496012, 39.5570275 ], [ -74.3490207, 39.5568633 ], [ -74.348171, 39.5568194 ], [ -74.3476188, 39.5568851 ], [ -74.3467118, 39.5573166 ], [ -74.3450693, 39.5584556 ], [ -74.3433771, 39.5596493 ], [ -74.3424941, 39.5603434 ], [ -74.3422086, 39.5605679 ], [ -74.3418941, 39.5608843 ], [ -74.3417999, 39.5611274 ], [ -74.3418313, 39.5615164 ], [ -74.3426486, 39.5626711 ], [ -74.3427743, 39.5630235 ], [ -74.3426171, 39.5633639 ], [ -74.3424128, 39.5634976 ], [ -74.3418628, 39.5635584 ], [ -74.3412812, 39.5633639 ], [ -74.3402125, 39.5625374 ], [ -74.3396781, 39.5623186 ], [ -74.3392695, 39.56227 ], [ -74.338248, 39.5623915 ], [ -74.3370378, 39.5627197 ], [ -74.336936, 39.5627209 ], [ -74.3362207, 39.5627298 ], [ -74.3357493, 39.5627107 ], [ -74.3344279, 39.5624091 ], [ -74.3333518, 39.5620587 ], [ -74.3317093, 39.5611825 ], [ -74.3310862, 39.5606569 ], [ -74.33018, 39.5592551 ], [ -74.3285212, 39.554729 ], [ -74.3275155, 39.553118 ], [ -74.32671, 39.5526984 ], [ -74.3243054, 39.5521908 ], [ -74.3219941, 39.5527545 ], [ -74.32032, 39.5532994 ], [ -74.3195276, 39.5532994 ], [ -74.3190257, 39.5531153 ], [ -74.3186559, 39.5526655 ], [ -74.3190257, 39.5515817 ], [ -74.319105, 39.5505593 ], [ -74.3187469, 39.5492812 ], [ -74.3186295, 39.5488621 ], [ -74.3166214, 39.5469802 ], [ -74.3156183, 39.5460401 ], [ -74.3128448, 39.5445063 ], [ -74.309728, 39.5429316 ], [ -74.3074564, 39.5418273 ], [ -74.3022264, 39.5401707 ], [ -74.2994001, 39.5392504 ], [ -74.2986077, 39.5384118 ], [ -74.2979473, 39.5360803 ], [ -74.2975775, 39.5324805 ], [ -74.2974515, 39.5304768 ], [ -74.2973459, 39.5285336 ], [ -74.2975169, 39.5263226 ], [ -74.2979353, 39.524732 ], [ -74.2978212, 39.5239366 ], [ -74.2977094, 39.5231948 ], [ -74.2976454, 39.5227704 ], [ -74.2978832, 39.5208065 ], [ -74.2989397, 39.5189654 ], [ -74.3004189, 39.5173901 ], [ -74.3015547, 39.5167559 ], [ -74.3029018, 39.5163876 ], [ -74.3035094, 39.5157943 ], [ -74.3035358, 39.5151806 ], [ -74.3035622, 39.5139939 ], [ -74.3052151, 39.5116157 ], [ -74.3069495, 39.5102368 ], [ -74.3085014, 39.5092469 ], [ -74.3095057, 39.5089723 ], [ -74.3108292, 39.5086104 ], [ -74.3155305, 39.5083276 ], [ -74.3212359, 39.5080801 ], [ -74.3270783, 39.5082569 ], [ -74.3307754, 39.5092469 ], [ -74.3317147, 39.5101392 ], [ -74.3331945, 39.511545 ], [ -74.334153, 39.5143026 ], [ -74.3340161, 39.5163531 ], [ -74.3329206, 39.5199943 ], [ -74.3328564, 39.5208348 ], [ -74.3328315, 39.5211605 ], [ -74.3328865, 39.5232062 ], [ -74.3325563, 39.5244279 ], [ -74.3320427, 39.525053 ], [ -74.3299883, 39.5256496 ], [ -74.3291262, 39.5259195 ], [ -74.328044, 39.5261184 ], [ -74.3269984, 39.5264309 ], [ -74.3267232, 39.5269707 ], [ -74.3268333, 39.5274821 ], [ -74.3279496, 39.5280972 ], [ -74.3287407, 39.5291768 ], [ -74.3291285, 39.529706 ], [ -74.3299723, 39.530956 ], [ -74.3303025, 39.5324759 ], [ -74.3307398, 39.5353511 ], [ -74.3312152, 39.5377849 ], [ -74.3321133, 39.5391348 ], [ -74.3331698, 39.5403619 ], [ -74.3333547, 39.5411186 ], [ -74.3325887, 39.5420798 ], [ -74.3314001, 39.542816 ], [ -74.3310831, 39.5432864 ], [ -74.3316907, 39.5439612 ], [ -74.3329321, 39.5439612 ], [ -74.3343321, 39.5435931 ], [ -74.3350717, 39.5432046 ], [ -74.335302, 39.5428342 ], [ -74.335415, 39.5426524 ], [ -74.3355207, 39.5418139 ], [ -74.3358112, 39.5406073 ], [ -74.3362603, 39.5391552 ], [ -74.3370527, 39.5386235 ], [ -74.3375282, 39.5385212 ], [ -74.338347, 39.5387053 ], [ -74.3400111, 39.5397483 ], [ -74.3442373, 39.5418548 ], [ -74.346327, 39.5430531 ], [ -74.3472736, 39.5436067 ], [ -74.3536897, 39.5435474 ], [ -74.3570369, 39.5432824 ], [ -74.3623739, 39.5427835 ], [ -74.3636974, 39.5428671 ], [ -74.3663377, 39.5430338 ], [ -74.3693107, 39.5430359 ], [ -74.3715363, 39.5427002 ], [ -74.3721985, 39.5425646 ], [ -74.3727854, 39.5425188 ], [ -74.3775475, 39.5425186 ], [ -74.3783349, 39.5423553 ], [ -74.3795758, 39.5415524 ], [ -74.3818256, 39.5391577 ], [ -74.3829783, 39.538199 ], [ -74.384105, 39.5376827 ], [ -74.3884902, 39.536708 ], [ -74.3908661, 39.5363677 ], [ -74.3918271, 39.5363878 ], [ -74.3929617, 39.5364116 ], [ -74.3939813, 39.5365868 ], [ -74.3947206, 39.5371901 ], [ -74.3952304, 39.5383294 ], [ -74.395457, 39.5393373 ], [ -74.3958535, 39.5408272 ], [ -74.3967597, 39.5425361 ], [ -74.3975673, 39.5436753 ], [ -74.3977226, 39.5438944 ], [ -74.3977226, 39.5445516 ], [ -74.3974394, 39.5451212 ], [ -74.3961933, 39.546129 ], [ -74.3957968, 39.5464795 ], [ -74.3956269, 39.5471367 ], [ -74.3957319, 39.5475529 ], [ -74.3958535, 39.5480349 ], [ -74.3970428, 39.549174 ], [ -74.3975526, 39.549415 ], [ -74.398289, 39.549437 ], [ -74.3995917, 39.5492179 ], [ -74.4014325, 39.5486922 ], [ -74.4031025, 39.5485692 ], [ -74.4040051, 39.5485571 ], [ -74.4046949, 39.5485479 ], [ -74.4054915, 39.5485451 ], [ -74.4058314, 39.5486546 ], [ -74.4060908, 39.549032 ], [ -74.4060578, 39.5498037 ], [ -74.4058925, 39.5501683 ], [ -74.405028, 39.5509191 ], [ -74.4044816, 39.5514027 ], [ -74.4038571, 39.5517049 ], [ -74.4019614, 39.5520904 ], [ -74.4012808, 39.5523698 ], [ -74.400593, 39.5530283 ], [ -74.4005931, 39.5535118 ], [ -74.40074, 39.5538975 ], [ -74.4013252, 39.5541741 ], [ -74.4018535, 39.5543239 ], [ -74.4055048, 39.5549202 ], [ -74.4060712, 39.5551393 ], [ -74.4062695, 39.5554241 ], [ -74.4062411, 39.5557527 ], [ -74.4060146, 39.5562784 ], [ -74.4049026, 39.5575823 ], [ -74.4041095, 39.5582831 ], [ -74.403968, 39.5588307 ], [ -74.4040246, 39.5590279 ], [ -74.4041095, 39.5591593 ], [ -74.4043361, 39.5592907 ], [ -74.4050725, 39.5592907 ], [ -74.4057521, 39.5591593 ], [ -74.4069021, 39.5582317 ], [ -74.4081979, 39.5565638 ], [ -74.4093689, 39.5541463 ], [ -74.4101807, 39.5535178 ], [ -74.4106491, 39.5527926 ], [ -74.4118646, 39.5496608 ], [ -74.4121195, 39.5494417 ], [ -74.4124309, 39.5492665 ], [ -74.4129974, 39.5492665 ], [ -74.4136204, 39.5493979 ], [ -74.4139603, 39.5496827 ], [ -74.4141548, 39.5504885 ], [ -74.4141831, 39.5511895 ], [ -74.4140982, 39.5518466 ], [ -74.4137583, 39.5528762 ], [ -74.4135884, 39.5536648 ], [ -74.4135884, 39.5543438 ], [ -74.4141571, 39.5550627 ], [ -74.414497, 39.5556103 ], [ -74.414792, 39.556381 ], [ -74.4147643, 39.5569607 ], [ -74.4145371, 39.5576952 ], [ -74.4137721, 39.5587149 ], [ -74.4137722, 39.5596818 ], [ -74.4141625, 39.5605883 ], [ -74.4163746, 39.5629851 ], [ -74.4174685, 39.5649942 ], [ -74.4175251, 39.5653665 ], [ -74.4174685, 39.5658703 ], [ -74.4171569, 39.5665492 ], [ -74.4169587, 39.566812 ], [ -74.4163923, 39.5670967 ], [ -74.415217, 39.5673815 ], [ -74.4116203, 39.5678852 ], [ -74.4106292, 39.5681261 ], [ -74.4105535, 39.56836 ], [ -74.4105442, 39.5683889 ], [ -74.4105725, 39.568586 ], [ -74.4107424, 39.5688269 ], [ -74.4111389, 39.5689802 ], [ -74.4117053, 39.5691116 ], [ -74.4128381, 39.5691335 ], [ -74.4146223, 39.5690678 ], [ -74.4148898, 39.5689997 ], [ -74.415952, 39.5687299 ], [ -74.4166047, 39.5685641 ], [ -74.4183039, 39.567929 ], [ -74.4191818, 39.5673596 ], [ -74.4194934, 39.5668997 ], [ -74.4196349, 39.5663521 ], [ -74.4195495, 39.565241 ], [ -74.4191591, 39.5640325 ], [ -74.4174674, 39.5619743 ], [ -74.4166687, 39.5608543 ], [ -74.4164265, 39.5604069 ], [ -74.416385, 39.5601269 ], [ -74.4165573, 39.5598011 ], [ -74.4170131, 39.5596445 ], [ -74.4188182, 39.5597968 ], [ -74.4191917, 39.5597978 ], [ -74.4196177, 39.559687 ], [ -74.4207268, 39.558909 ], [ -74.4220681, 39.5580212 ], [ -74.4234525, 39.5573851 ], [ -74.42517, 39.5558743 ], [ -74.4261772, 39.5553702 ], [ -74.4264887, 39.5551949 ], [ -74.4271684, 39.5550635 ], [ -74.4278481, 39.5550416 ], [ -74.4291508, 39.5551512 ], [ -74.4306235, 39.5555892 ], [ -74.4310864, 39.5557063 ], [ -74.4321811, 39.5559835 ], [ -74.433144, 39.5560712 ], [ -74.4341404, 39.556021 ], [ -74.4344467, 39.5560055 ], [ -74.4365707, 39.5555455 ], [ -74.4375336, 39.555173 ], [ -74.439066, 39.5540004 ], [ -74.4394564, 39.5535169 ], [ -74.440315, 39.5520664 ], [ -74.4403149, 39.5503742 ], [ -74.4395988, 39.5483985 ], [ -74.4373927, 39.5465199 ], [ -74.436099, 39.5446324 ], [ -74.4358647, 39.544028 ], [ -74.4357279, 39.5437696 ], [ -74.4357198, 39.5432743 ], [ -74.4359428, 39.5427587 ], [ -74.4365628, 39.5425719 ], [ -74.4378945, 39.5425772 ], [ -74.438519, 39.5426982 ], [ -74.4418761, 39.5444509 ], [ -74.4434374, 39.5456598 ], [ -74.4439059, 39.546385 ], [ -74.4443744, 39.5474729 ], [ -74.4443744, 39.5483433 ], [ -74.4426571, 39.5520664 ], [ -74.4425122, 39.5530851 ], [ -74.4430944, 39.5557891 ], [ -74.4437629, 39.5567004 ], [ -74.4460788, 39.5580045 ], [ -74.4488137, 39.5588866 ], [ -74.4493295, 39.5590902 ], [ -74.4496836, 39.5595599 ], [ -74.4496837, 39.5614936 ], [ -74.4510891, 39.5645149 ], [ -74.4510892, 39.5656026 ], [ -74.4491766, 39.5683822 ], [ -74.4488637, 39.5694035 ], [ -74.4488489, 39.5704553 ], [ -74.4492018, 39.57226 ], [ -74.4494501, 39.5728532 ], [ -74.4496758, 39.5739839 ], [ -74.4496283, 39.574595 ], [ -74.449238, 39.575018 ], [ -74.4487696, 39.5752596 ], [ -74.4473579, 39.5757281 ], [ -74.4463855, 39.5760655 ], [ -74.4453027, 39.5764414 ], [ -74.4437329, 39.5772171 ], [ -74.4422603, 39.5783558 ], [ -74.4404478, 39.5807207 ], [ -74.4403739, 39.5808969 ], [ -74.4403455, 39.5810605 ], [ -74.4403675, 39.5812189 ], [ -74.4404041, 39.5812755 ], [ -74.4405138, 39.5814056 ], [ -74.4407187, 39.5815753 ], [ -74.4409382, 39.5817054 ], [ -74.4411065, 39.5817959 ], [ -74.4415455, 39.5818241 ], [ -74.4416406, 39.5817959 ], [ -74.442915, 39.5801671 ], [ -74.4441893, 39.5788399 ], [ -74.4455677, 39.5780959 ], [ -74.4485065, 39.5768893 ], [ -74.4497809, 39.5763062 ], [ -74.4506651, 39.5757028 ], [ -74.4510293, 39.5752806 ], [ -74.4513673, 39.5747376 ], [ -74.451558, 39.5738929 ], [ -74.451558, 39.5734573 ], [ -74.4513581, 39.5724646 ], [ -74.4510811, 39.5719053 ], [ -74.4505733, 39.5709532 ], [ -74.450404, 39.5703106 ], [ -74.4504128, 39.5697919 ], [ -74.4507781, 39.5690735 ], [ -74.4512454, 39.568503 ], [ -74.4529678, 39.5673021 ], [ -74.4534169, 39.566538 ], [ -74.4535766, 39.5661339 ], [ -74.4537874, 39.5656002 ], [ -74.4538099, 39.5650793 ], [ -74.4536752, 39.5642978 ], [ -74.4535515, 39.5641155 ], [ -74.4532036, 39.5636032 ], [ -74.4525446, 39.5626753 ], [ -74.4523279, 39.5623702 ], [ -74.452036, 39.5615714 ], [ -74.4518788, 39.561033 ], [ -74.4518563, 39.560703 ], [ -74.4525479, 39.5583054 ], [ -74.4552454, 39.5549988 ], [ -74.4554132, 39.5542851 ], [ -74.4553408, 39.5531289 ], [ -74.455148, 39.5497693 ], [ -74.4553547, 39.5489859 ], [ -74.4555797, 39.5484135 ], [ -74.4558766, 39.5481375 ], [ -74.4565531, 39.5478352 ], [ -74.4571776, 39.5477748 ], [ -74.4576412, 39.5478998 ], [ -74.4581145, 39.5482582 ], [ -74.4585048, 39.5487418 ], [ -74.4589373, 39.5513685 ], [ -74.4597785, 39.553539 ], [ -74.4611483, 39.5548113 ], [ -74.4631112, 39.5555709 ], [ -74.4646726, 39.5558731 ], [ -74.4671708, 39.5559334 ], [ -74.4689105, 39.5554672 ], [ -74.4728701, 39.5536239 ], [ -74.4738768, 39.5535114 ], [ -74.4755239, 39.5536972 ], [ -74.4762266, 39.5540597 ], [ -74.4768915, 39.5545774 ], [ -74.4772038, 39.5553026 ], [ -74.4771635, 39.5561748 ], [ -74.4757584, 39.5582296 ], [ -74.475134, 39.5604051 ], [ -74.4757196, 39.5622179 ], [ -74.4771417, 39.5639789 ], [ -74.4776498, 39.5651587 ], [ -74.4775592, 39.5661294 ], [ -74.4768518, 39.5669312 ], [ -74.4755247, 39.5680188 ], [ -74.4752125, 39.5685022 ], [ -74.4750303, 39.569291 ], [ -74.4750079, 39.5695689 ], [ -74.4750752, 39.5699508 ], [ -74.4753004, 39.5702974 ], [ -74.4756814, 39.570576 ], [ -74.476153, 39.5706976 ], [ -74.4767144, 39.570767 ], [ -74.4775681, 39.5707041 ], [ -74.4795469, 39.5701936 ], [ -74.480152, 39.5699832 ], [ -74.4806946, 39.5700238 ], [ -74.4810971, 39.5701795 ], [ -74.4815597, 39.5707282 ], [ -74.4817703, 39.5713418 ], [ -74.4818484, 39.5722481 ], [ -74.482317, 39.5736981 ], [ -74.4839566, 39.5775043 ], [ -74.4852702, 39.5822985 ], [ -74.4852563, 39.583744 ], [ -74.4850078, 39.5845352 ], [ -74.483879, 39.5875927 ], [ -74.4827861, 39.5892237 ], [ -74.482205, 39.589861 ], [ -74.4816065, 39.5904655 ], [ -74.4810687, 39.5908546 ], [ -74.4793513, 39.5927272 ], [ -74.4791171, 39.5932104 ], [ -74.4791952, 39.5944788 ], [ -74.4798345, 39.5957445 ], [ -74.4806289, 39.5966861 ], [ -74.4814629, 39.5971588 ], [ -74.4821444, 39.5972647 ], [ -74.4827857, 39.5970875 ], [ -74.4834997, 39.5967195 ], [ -74.4856655, 39.5956893 ], [ -74.487022, 39.5955789 ], [ -74.4879502, 39.5958549 ], [ -74.4881644, 39.5963332 ], [ -74.4881882, 39.5969771 ], [ -74.487617, 39.5980257 ], [ -74.4859108, 39.6004821 ], [ -74.4859167, 39.6005503 ], [ -74.4859547, 39.6006033 ], [ -74.486008, 39.6006562 ], [ -74.4862059, 39.6006916 ], [ -74.4867083, 39.6006856 ], [ -74.487302, 39.6007092 ], [ -74.4875272, 39.6006773 ], [ -74.4896566, 39.5982231 ], [ -74.490281, 39.5966527 ], [ -74.490281, 39.5955656 ], [ -74.4898126, 39.5948408 ], [ -74.4873663, 39.5929484 ], [ -74.4862837, 39.5914827 ], [ -74.4858295, 39.5904356 ], [ -74.4857573, 39.5894261 ], [ -74.4871577, 39.5836057 ], [ -74.4871576, 39.5816726 ], [ -74.4865173, 39.5787004 ], [ -74.4863815, 39.5770209 ], [ -74.4841905, 39.5712813 ], [ -74.4818483, 39.5678373 ], [ -74.4808284, 39.56678 ], [ -74.478254, 39.5626309 ], [ -74.477345, 39.5610971 ], [ -74.4772831, 39.5599946 ], [ -74.4775103, 39.5588922 ], [ -74.4779441, 39.5579973 ], [ -74.4788945, 39.5572623 ], [ -74.4803123, 39.5569977 ], [ -74.4817613, 39.5571067 ], [ -74.4840179, 39.5575819 ], [ -74.4862697, 39.5575819 ], [ -74.4877572, 39.5573742 ], [ -74.4899263, 39.5563036 ], [ -74.4907734, 39.556064 ], [ -74.4911452, 39.5560959 ], [ -74.4914139, 39.5562557 ], [ -74.4917498, 39.5566865 ], [ -74.4917237, 39.5570706 ], [ -74.4914551, 39.5575659 ], [ -74.4883356, 39.5588922 ], [ -74.4874267, 39.5593715 ], [ -74.4872201, 39.5600106 ], [ -74.4873027, 39.5606497 ], [ -74.4884389, 39.56188 ], [ -74.4899263, 39.5629345 ], [ -74.4913724, 39.5634298 ], [ -74.4923446, 39.5635675 ], [ -74.4983205, 39.5642114 ], [ -74.4998201, 39.5649728 ], [ -74.5005044, 39.5656738 ], [ -74.5009831, 39.5668772 ], [ -74.5020604, 39.5687284 ], [ -74.5027805, 39.5694592 ], [ -74.5038874, 39.5701186 ], [ -74.5042684, 39.5701585 ], [ -74.5050805, 39.5702438 ], [ -74.5074548, 39.5695888 ], [ -74.5093631, 39.5692934 ], [ -74.5105775, 39.5693654 ], [ -74.5113378, 39.5695677 ], [ -74.5126073, 39.570495 ], [ -74.5136708, 39.5722457 ], [ -74.5142693, 39.5725697 ], [ -74.515167, 39.5728474 ], [ -74.5163091, 39.5729533 ], [ -74.5166632, 39.5729862 ], [ -74.5184365, 39.5727303 ], [ -74.521574, 39.5709349 ], [ -74.5227426, 39.5695488 ], [ -74.523477, 39.5694442 ], [ -74.5240474, 39.5697436 ], [ -74.5243176, 39.5701925 ], [ -74.5246612, 39.5727785 ], [ -74.5259461, 39.574767 ], [ -74.5282994, 39.576778 ], [ -74.5304073, 39.5782882 ], [ -74.5313136, 39.5789486 ], [ -74.5320728, 39.5793354 ], [ -74.5348685, 39.5806874 ], [ -74.5371409, 39.582094 ], [ -74.5396197, 39.5846513 ], [ -74.5417666, 39.5860355 ], [ -74.5457234, 39.5882938 ], [ -74.5476064, 39.5899587 ], [ -74.5477521, 39.5904096 ], [ -74.5504297, 39.5937239 ], [ -74.5510182, 39.5952014 ], [ -74.5516422, 39.5963873 ], [ -74.5520113, 39.5967285 ], [ -74.5526276, 39.5972982 ], [ -74.5541558, 39.5982378 ], [ -74.5560709, 39.5992092 ], [ -74.5570285, 39.5993943 ], [ -74.5575073, 39.5993943 ], [ -74.5578483, 39.5992987 ], [ -74.5580718, 39.5992361 ], [ -74.5583273, 39.5988666 ], [ -74.5582006, 39.5970131 ], [ -74.5584348, 39.5964092 ], [ -74.558669, 39.5961675 ], [ -74.5596839, 39.5957447 ], [ -74.5604385, 39.5956037 ], [ -74.5637991, 39.5952787 ], [ -74.5658105, 39.5954094 ], [ -74.5669442, 39.5956841 ], [ -74.56817, 39.5961086 ], [ -74.5688179, 39.5964088 ], [ -74.570328, 39.5968935 ], [ -74.5710578, 39.5969835 ], [ -74.5756957, 39.596902 ], [ -74.5768471, 39.5971074 ], [ -74.5782466, 39.597751 ], [ -74.5788107, 39.5982204 ], [ -74.5793244, 39.5986905 ], [ -74.5795915, 39.599066 ], [ -74.5803202, 39.6001933 ], [ -74.5822298, 39.6018815 ], [ -74.5853167, 39.6033738 ], [ -74.5861495, 39.604018 ], [ -74.5866179, 39.605105 ], [ -74.5871645, 39.6072186 ], [ -74.5881015, 39.6089094 ], [ -74.5888997, 39.6093792 ], [ -74.5890392, 39.6094547 ], [ -74.5893878, 39.6094762 ], [ -74.5896389, 39.609487 ], [ -74.590127, 39.6094655 ], [ -74.5903362, 39.6094439 ], [ -74.590406, 39.6094008 ], [ -74.5905873, 39.609196 ], [ -74.5905873, 39.6090882 ], [ -74.5905454, 39.6085277 ], [ -74.589756, 39.6076224 ], [ -74.5891959, 39.6068549 ], [ -74.588885, 39.6061873 ], [ -74.5881346, 39.6036383 ], [ -74.5871643, 39.6023874 ], [ -74.5861493, 39.6016023 ], [ -74.5830265, 39.5997906 ], [ -74.5816061, 39.5984472 ], [ -74.5804033, 39.59694 ], [ -74.5789952, 39.596123 ], [ -74.5761563, 39.5956838 ], [ -74.5719406, 39.595684 ], [ -74.570067, 39.5953216 ], [ -74.5648102, 39.5932883 ], [ -74.5630407, 39.5931172 ], [ -74.5572396, 39.5942999 ], [ -74.5562972, 39.5943919 ], [ -74.5554022, 39.5942267 ], [ -74.5542971, 39.5938725 ], [ -74.5533601, 39.5931478 ], [ -74.5521109, 39.5900069 ], [ -74.5501851, 39.5875907 ], [ -74.5456421, 39.5843462 ], [ -74.5447721, 39.583 ], [ -74.544616, 39.5825167 ], [ -74.5446896, 39.5805425 ], [ -74.5447373, 39.5792635 ], [ -74.544468, 39.5776438 ], [ -74.5444254, 39.5775746 ], [ -74.5435227, 39.5761129 ], [ -74.5425858, 39.5750255 ], [ -74.5396191, 39.5727297 ], [ -74.534935, 39.5713251 ], [ -74.5325928, 39.5699506 ], [ -74.5304848, 39.5677755 ], [ -74.5296122, 39.567112 ], [ -74.5287323, 39.5668216 ], [ -74.5278646, 39.5666365 ], [ -74.5263515, 39.566534 ], [ -74.5256632, 39.5665572 ], [ -74.5248251, 39.5664649 ], [ -74.5236288, 39.5659217 ], [ -74.5233295, 39.5658523 ], [ -74.5228508, 39.5658523 ], [ -74.5225245, 39.5659787 ], [ -74.5222389, 39.5662714 ], [ -74.5220277, 39.5667303 ], [ -74.5200378, 39.5689288 ], [ -74.5193176, 39.5697301 ], [ -74.5188109, 39.570294 ], [ -74.5181227, 39.5708494 ], [ -74.5177337, 39.5709883 ], [ -74.5166864, 39.5709651 ], [ -74.5159084, 39.5708262 ], [ -74.5153099, 39.5704329 ], [ -74.5146964, 39.5698775 ], [ -74.514457, 39.5686973 ], [ -74.513709, 39.5675866 ], [ -74.5126018, 39.5665453 ], [ -74.5118641, 39.5660301 ], [ -74.51173, 39.5659365 ], [ -74.5108115, 39.5656008 ], [ -74.510187, 39.5656008 ], [ -74.5075066, 39.5661648 ], [ -74.5066972, 39.5660797 ], [ -74.5056828, 39.5652804 ], [ -74.5049263, 39.5642542 ], [ -74.5044775, 39.5631203 ], [ -74.5041184, 39.5612225 ], [ -74.5039688, 39.5605745 ], [ -74.5035798, 39.56032 ], [ -74.5030411, 39.5602043 ], [ -74.5023529, 39.5602274 ], [ -74.5008268, 39.560644 ], [ -74.4998094, 39.560644 ], [ -74.49954, 39.5605282 ], [ -74.4992109, 39.5602274 ], [ -74.4990164, 39.558561 ], [ -74.4990905, 39.5561361 ], [ -74.4991062, 39.5556217 ], [ -74.4990463, 39.5551125 ], [ -74.4983282, 39.5541867 ], [ -74.4980019, 39.553936 ], [ -74.4960689, 39.5524508 ], [ -74.4941538, 39.5508999 ], [ -74.4937491, 39.5506763 ], [ -74.4937349, 39.5506685 ], [ -74.4929868, 39.5505759 ], [ -74.4921189, 39.5506453 ], [ -74.4920645, 39.5506878 ], [ -74.4891266, 39.5529831 ], [ -74.4873312, 39.554395 ], [ -74.487219, 39.5544378 ], [ -74.4855168, 39.5550868 ], [ -74.4838773, 39.5554495 ], [ -74.4826283, 39.5552077 ], [ -74.4815353, 39.5543618 ], [ -74.481223, 39.5538179 ], [ -74.4810668, 39.5533343 ], [ -74.4808745, 39.5506518 ], [ -74.480286, 39.5493455 ], [ -74.4798175, 39.548862 ], [ -74.4784122, 39.5478345 ], [ -74.4768508, 39.5472302 ], [ -74.4758359, 39.5471093 ], [ -74.4743527, 39.5472303 ], [ -74.4730255, 39.5475325 ], [ -74.4724009, 39.5478952 ], [ -74.4717764, 39.5483183 ], [ -74.4703713, 39.5497689 ], [ -74.4685758, 39.5519447 ], [ -74.4671706, 39.5529117 ], [ -74.4663119, 39.5533348 ], [ -74.4651409, 39.5536974 ], [ -74.4638137, 39.5534558 ], [ -74.4631891, 39.5530932 ], [ -74.4626426, 39.5524284 ], [ -74.4624865, 39.5519448 ], [ -74.4624864, 39.5497691 ], [ -74.4619008, 39.547956 ], [ -74.461362, 39.5468439 ], [ -74.4603002, 39.5460218 ], [ -74.4588271, 39.5452073 ], [ -74.4576458, 39.5450548 ], [ -74.4554599, 39.5450549 ], [ -74.4530399, 39.5460221 ], [ -74.4524934, 39.5463848 ], [ -74.4517475, 39.5475399 ], [ -74.4515338, 39.5523436 ], [ -74.4514613, 39.5530435 ], [ -74.4512447, 39.553589 ], [ -74.4499176, 39.5556922 ], [ -74.4492931, 39.5561757 ], [ -74.4485905, 39.5564175 ], [ -74.44787, 39.5563893 ], [ -74.4470292, 39.5561153 ], [ -74.4460923, 39.5554507 ], [ -74.445687, 39.5549688 ], [ -74.4454456, 39.5542382 ], [ -74.4454052, 39.5536134 ], [ -74.4472271, 39.5504204 ], [ -74.4474972, 39.5491651 ], [ -74.447497, 39.5463849 ], [ -74.4477, 39.5451277 ], [ -74.4476565, 39.5449022 ], [ -74.4459026, 39.5423695 ], [ -74.4458574, 39.542033 ], [ -74.4458854, 39.5416007 ], [ -74.4470283, 39.5403405 ], [ -74.4478089, 39.5391315 ], [ -74.4479651, 39.538648 ], [ -74.4477531, 39.5364874 ], [ -74.4477764, 39.5361283 ], [ -74.4478218, 39.5359801 ], [ -74.4479133, 39.5358811 ], [ -74.4487456, 39.5355649 ], [ -74.4493701, 39.5355649 ], [ -74.4521737, 39.5366477 ], [ -74.453251, 39.5371802 ], [ -74.4540291, 39.5373191 ], [ -74.454272, 39.5373263 ], [ -74.4548071, 39.5373423 ], [ -74.456006, 39.537076 ], [ -74.4599738, 39.5355328 ], [ -74.4603955, 39.5350174 ], [ -74.4604558, 39.5343556 ], [ -74.4604557, 39.5332069 ], [ -74.4606119, 39.5329047 ], [ -74.4612364, 39.5326629 ], [ -74.4632662, 39.5325721 ], [ -74.4646714, 39.5323 ], [ -74.4683044, 39.530875 ], [ -74.4690027, 39.5307061 ], [ -74.4696212, 39.5307421 ], [ -74.471099, 39.5309874 ], [ -74.4714535, 39.5310001 ], [ -74.4718906, 39.5309129 ], [ -74.4723123, 39.5306675 ], [ -74.4745078, 39.5282492 ], [ -74.477162, 39.5260242 ], [ -74.4773037, 39.5256252 ], [ -74.4771619, 39.5231704 ], [ -74.4777083, 39.520631 ], [ -74.4793475, 39.5178495 ], [ -74.4799006, 39.5173039 ], [ -74.4808047, 39.5167207 ], [ -74.4862175, 39.5159144 ], [ -74.4883253, 39.5159143 ], [ -74.4898046, 39.5162918 ], [ -74.4897631, 39.5161453 ], [ -74.4890621, 39.5154982 ], [ -74.4888582, 39.5151151 ], [ -74.4883341, 39.514777 ], [ -74.4878973, 39.5145517 ], [ -74.4876935, 39.5145066 ], [ -74.4876737, 39.5144616 ], [ -74.4877084, 39.5143218 ], [ -74.4876935, 39.5142362 ], [ -74.4875122, 39.514087 ], [ -74.4830252, 39.5141676 ], [ -74.4801343, 39.5146683 ], [ -74.4791913, 39.5151285 ], [ -74.4778486, 39.5166886 ], [ -74.4769464, 39.5190333 ], [ -74.4758503, 39.5207297 ], [ -74.4755111, 39.5219565 ], [ -74.4753216, 39.5230015 ], [ -74.4754339, 39.5254862 ], [ -74.4752369, 39.5259505 ], [ -74.4715413, 39.5290957 ], [ -74.4711813, 39.5293037 ], [ -74.4709063, 39.5293633 ], [ -74.4684185, 39.5294585 ], [ -74.4677485, 39.5296273 ], [ -74.4643591, 39.5310305 ], [ -74.4640691, 39.531129 ], [ -74.4616832, 39.5314072 ], [ -74.460219, 39.5313827 ], [ -74.459525, 39.5314498 ], [ -74.4590045, 39.5315841 ], [ -74.4588202, 39.5317486 ], [ -74.4586351, 39.5321309 ], [ -74.4584974, 39.5325827 ], [ -74.4584824, 39.5327451 ], [ -74.4584541, 39.5330525 ], [ -74.4586342, 39.534134 ], [ -74.4583896, 39.5347397 ], [ -74.4578015, 39.5350206 ], [ -74.4541212, 39.5353057 ], [ -74.4523368, 39.5349603 ], [ -74.4503849, 39.5342047 ], [ -74.4477827, 39.5340033 ], [ -74.4467078, 39.5343176 ], [ -74.4458235, 39.534902 ], [ -74.4456228, 39.5355046 ], [ -74.4456229, 39.5370763 ], [ -74.4458572, 39.5384062 ], [ -74.4455447, 39.5388982 ], [ -74.444608, 39.5390795 ], [ -74.4435759, 39.5388469 ], [ -74.4405504, 39.5372681 ], [ -74.4379481, 39.5367732 ], [ -74.4361466, 39.5366565 ], [ -74.4344592, 39.5368953 ], [ -74.4331321, 39.5373185 ], [ -74.4325075, 39.5376812 ], [ -74.4320391, 39.5381648 ], [ -74.4312584, 39.5393738 ], [ -74.4308749, 39.5404403 ], [ -74.4305929, 39.541145 ], [ -74.4305713, 39.5417994 ], [ -74.4306146, 39.542588 ], [ -74.4307665, 39.5433263 ], [ -74.4308822, 39.5436758 ], [ -74.4312588, 39.5448139 ], [ -74.4312588, 39.5460228 ], [ -74.4314149, 39.5465062 ], [ -74.4323908, 39.5475942 ], [ -74.4353358, 39.5488969 ], [ -74.4361179, 39.5498949 ], [ -74.436118, 39.550741 ], [ -74.4359421, 39.5512205 ], [ -74.4352208, 39.5517603 ], [ -74.4344943, 39.5518556 ], [ -74.4336011, 39.5515832 ], [ -74.4317274, 39.5501327 ], [ -74.4309467, 39.5496492 ], [ -74.4303222, 39.549347 ], [ -74.4284485, 39.5488434 ], [ -74.4261585, 39.548548 ], [ -74.4248434, 39.5487632 ], [ -74.423296, 39.5496495 ], [ -74.4225154, 39.5502538 ], [ -74.4213444, 39.5519461 ], [ -74.421082, 39.552336 ], [ -74.4205638, 39.5529131 ], [ -74.4198467, 39.553393 ], [ -74.4192995, 39.5535673 ], [ -74.4189618, 39.5535589 ], [ -74.4188525, 39.5535562 ], [ -74.4185137, 39.553317 ], [ -74.4184675, 39.5528951 ], [ -74.4193927, 39.5507374 ], [ -74.4195338, 39.5495018 ], [ -74.4191767, 39.5478292 ], [ -74.4175361, 39.5463052 ], [ -74.4160354, 39.5454188 ], [ -74.4142116, 39.5447079 ], [ -74.4137455, 39.5444326 ], [ -74.4134852, 39.5441641 ], [ -74.4133943, 39.5433741 ], [ -74.4135243, 39.5430721 ], [ -74.413828, 39.5428371 ], [ -74.4144353, 39.5427365 ], [ -74.4155022, 39.542956 ], [ -74.415936, 39.542956 ], [ -74.4162831, 39.5427883 ], [ -74.4164566, 39.5424527 ], [ -74.4164972, 39.5417596 ], [ -74.4164999, 39.5417144 ], [ -74.4163698, 39.5409761 ], [ -74.4150413, 39.5396716 ], [ -74.4126393, 39.5383249 ], [ -74.4111644, 39.5371839 ], [ -74.4106005, 39.5365127 ], [ -74.4105327, 39.5362944 ], [ -74.4101391, 39.5350273 ], [ -74.4124174, 39.5290974 ], [ -74.4121553, 39.5266625 ], [ -74.4103354, 39.5234143 ], [ -74.4103352, 39.5205121 ], [ -74.4107017, 39.5194053 ], [ -74.4117946, 39.5187402 ], [ -74.4131456, 39.5185166 ], [ -74.414707, 39.518819 ], [ -74.415956, 39.5193026 ], [ -74.418142, 39.5197258 ], [ -74.4203279, 39.5199676 ], [ -74.421577, 39.5203304 ], [ -74.4228262, 39.5210559 ], [ -74.4248087, 39.5217991 ], [ -74.4255896, 39.5219333 ], [ -74.4270211, 39.5219333 ], [ -74.4275849, 39.5218662 ], [ -74.4278886, 39.5217319 ], [ -74.4281488, 39.5215641 ], [ -74.4281705, 39.5214552 ], [ -74.4282356, 39.5211278 ], [ -74.4277585, 39.5207585 ], [ -74.4269398, 39.5205348 ], [ -74.4262836, 39.5203556 ], [ -74.4251124, 39.5199864 ], [ -74.4230736, 39.5187779 ], [ -74.4218156, 39.5184087 ], [ -74.4212062, 39.5183301 ], [ -74.4207746, 39.5182744 ], [ -74.418649, 39.5182073 ], [ -74.4175173, 39.5178514 ], [ -74.4159559, 39.5172468 ], [ -74.4142384, 39.5159166 ], [ -74.4133015, 39.5148281 ], [ -74.4103348, 39.5124094 ], [ -74.4098663, 39.5114419 ], [ -74.4097102, 39.5107162 ], [ -74.409988, 39.506377 ], [ -74.4100314, 39.5054369 ], [ -74.4099811, 39.5053502 ], [ -74.4094458, 39.5044296 ], [ -74.4087951, 39.5028851 ], [ -74.4084915, 39.5018107 ], [ -74.4083451, 39.501516 ], [ -74.4082746, 39.5013741 ], [ -74.4080143, 39.5011055 ], [ -74.4066696, 39.500266 ], [ -74.4033729, 39.4977812 ], [ -74.397972, 39.4953126 ], [ -74.3975506, 39.4950455 ], [ -74.3968169, 39.494456 ], [ -74.3958131, 39.4934191 ], [ -74.3952113, 39.4914293 ], [ -74.3949548, 39.4912371 ], [ -74.39454, 39.4909264 ], [ -74.3905042, 39.489427 ], [ -74.3878704, 39.4885458 ], [ -74.3853516, 39.4870679 ], [ -74.3828534, 39.486584 ], [ -74.3822288, 39.486342 ], [ -74.380199, 39.4842248 ], [ -74.3795744, 39.4839223 ], [ -74.3781531, 39.4836213 ], [ -74.3775757, 39.4832432 ], [ -74.377536, 39.4829971 ], [ -74.3774879, 39.4826998 ], [ -74.377984, 39.4819321 ], [ -74.3787155, 39.481442 ], [ -74.3805193, 39.4804994 ], [ -74.3824697, 39.4783398 ], [ -74.3836497, 39.4765793 ], [ -74.3847265, 39.4755126 ], [ -74.3856632, 39.4749076 ], [ -74.3860683, 39.4746867 ], [ -74.387542, 39.4743591 ], [ -74.3890276, 39.4745055 ], [ -74.3908912, 39.4749029 ], [ -74.3936732, 39.4753631 ], [ -74.3955099, 39.4754466 ], [ -74.3970765, 39.4754258 ], [ -74.3980758, 39.4755303 ], [ -74.3991833, 39.4758231 ], [ -74.4003716, 39.4762832 ], [ -74.4022354, 39.4767015 ], [ -74.4031808, 39.4767852 ], [ -74.4040721, 39.4769525 ], [ -74.4045313, 39.477308 ], [ -74.4046393, 39.477538 ], [ -74.4046933, 39.4781445 ], [ -74.4047627, 39.4786547 ], [ -74.4048808, 39.4807978 ], [ -74.4047507, 39.4816711 ], [ -74.4042301, 39.4823429 ], [ -74.4033191, 39.4826115 ], [ -74.4016708, 39.4829138 ], [ -74.4010635, 39.4831825 ], [ -74.4009116, 39.48393 ], [ -74.4012804, 39.4845595 ], [ -74.4019311, 39.4850298 ], [ -74.403189, 39.4854328 ], [ -74.4054447, 39.4855335 ], [ -74.4072666, 39.4855335 ], [ -74.408698, 39.4853656 ], [ -74.4098693, 39.4850634 ], [ -74.4100172, 39.4848344 ], [ -74.4100862, 39.4847275 ], [ -74.4100428, 39.4840222 ], [ -74.4092404, 39.48253 ], [ -74.4090529, 39.4807786 ], [ -74.4090095, 39.4793007 ], [ -74.4092698, 39.4785282 ], [ -74.4097904, 39.4781251 ], [ -74.4105712, 39.4778564 ], [ -74.4121328, 39.4775877 ], [ -74.4125127, 39.4774732 ], [ -74.4129136, 39.4773525 ], [ -74.4133907, 39.4767143 ], [ -74.4134218, 39.4763293 ], [ -74.4134341, 39.476177 ], [ -74.4124296, 39.4751315 ], [ -74.4108794, 39.4748463 ], [ -74.4101767, 39.4744228 ], [ -74.4099425, 39.4733337 ], [ -74.4095521, 39.4729102 ], [ -74.4089275, 39.4726681 ], [ -74.4067416, 39.4722447 ], [ -74.4045556, 39.4709741 ], [ -74.4026508, 39.470478 ], [ -74.4009644, 39.4698246 ], [ -74.4001318, 39.4695729 ], [ -74.3986938, 39.468849 ], [ -74.3982822, 39.4683704 ], [ -74.3970608, 39.4661335 ], [ -74.3966963, 39.4633298 ], [ -74.3956554, 39.461716 ], [ -74.3945311, 39.4605542 ], [ -74.3940269, 39.4598106 ], [ -74.3936861, 39.4589773 ], [ -74.3936369, 39.4586749 ], [ -74.393748, 39.4582292 ], [ -74.394504, 39.45728 ], [ -74.3949076, 39.457081 ], [ -74.3956751, 39.4569774 ], [ -74.3962797, 39.4571167 ], [ -74.3997147, 39.4588918 ], [ -74.4014184, 39.4594926 ], [ -74.4030718, 39.4601424 ], [ -74.4069262, 39.4610261 ], [ -74.4080106, 39.4610261 ], [ -74.4089216, 39.4604213 ], [ -74.4090144, 39.4602057 ], [ -74.4092686, 39.459615 ], [ -74.4091611, 39.4590529 ], [ -74.408396, 39.4578667 ], [ -74.4056479, 39.4562691 ], [ -74.4029935, 39.4552403 ], [ -74.3998447, 39.4545079 ], [ -74.3990531, 39.4541046 ], [ -74.3987928, 39.453567 ], [ -74.3989013, 39.4529286 ], [ -74.399617, 39.4523406 ], [ -74.4013739, 39.4513661 ], [ -74.4016341, 39.4507445 ], [ -74.4015898, 39.4505154 ], [ -74.4015691, 39.4504085 ], [ -74.4009401, 39.4500052 ], [ -74.4002894, 39.4500388 ], [ -74.3990097, 39.4506773 ], [ -74.398576, 39.4507445 ], [ -74.3981422, 39.4506941 ], [ -74.3978619, 39.4505511 ], [ -74.3976701, 39.4503468 ], [ -74.3976467, 39.4502883 ], [ -74.3976823, 39.4497772 ], [ -74.398309, 39.4476748 ], [ -74.3979447, 39.4471099 ], [ -74.3967475, 39.4466458 ], [ -74.3951862, 39.4463433 ], [ -74.3933125, 39.445738 ], [ -74.3925318, 39.4451933 ], [ -74.3920633, 39.4445275 ], [ -74.3919852, 39.4433168 ], [ -74.3926097, 39.4425904 ], [ -74.3942492, 39.4416622 ], [ -74.3953421, 39.4413797 ], [ -74.3964477, 39.4408492 ], [ -74.3972937, 39.4401689 ], [ -74.3986989, 39.4393214 ], [ -74.3996357, 39.4389581 ], [ -74.4004164, 39.4390792 ], [ -74.4010409, 39.4393818 ], [ -74.4042503, 39.4421054 ], [ -74.4050264, 39.4425205 ], [ -74.4051937, 39.4425338 ], [ -74.4057251, 39.4425758 ], [ -74.4062457, 39.4423069 ], [ -74.4063022, 39.4421315 ], [ -74.4063324, 39.4420381 ], [ -74.4062389, 39.4418379 ], [ -74.4042105, 39.4398539 ], [ -74.4022119, 39.4376262 ], [ -74.4019777, 39.4371419 ], [ -74.4018605, 39.4359918 ], [ -74.402368, 39.4352047 ], [ -74.4036169, 39.4342361 ], [ -74.4045146, 39.4328436 ], [ -74.4045626, 39.4305532 ], [ -74.404499, 39.4296476 ], [ -74.4046506, 39.4292727 ], [ -74.4050722, 39.4289897 ], [ -74.4058026, 39.4290293 ], [ -74.40955, 39.4304217 ], [ -74.4098259, 39.430516 ], [ -74.4103246, 39.4307344 ], [ -74.4106446, 39.4305732 ], [ -74.4106735, 39.4301978 ], [ -74.4104087, 39.4295136 ], [ -74.4099552, 39.4288746 ], [ -74.4092153, 39.4284238 ], [ -74.4054543, 39.4271478 ], [ -74.4042188, 39.4259502 ], [ -74.4036946, 39.4244884 ], [ -74.4040068, 39.4236407 ], [ -74.4046313, 39.4232168 ], [ -74.4074417, 39.4224902 ], [ -74.4091241, 39.4220269 ], [ -74.4103387, 39.4219597 ], [ -74.4111195, 39.4222958 ], [ -74.411857, 39.423124 ], [ -74.4123601, 39.4240643 ], [ -74.4123602, 39.4256789 ], [ -74.4118919, 39.4272531 ], [ -74.4118919, 39.4279394 ], [ -74.4125165, 39.4293924 ], [ -74.4147026, 39.4326616 ], [ -74.4167325, 39.4349621 ], [ -74.4177318, 39.4365119 ], [ -74.4186064, 39.4401078 ], [ -74.4199337, 39.4421054 ], [ -74.4217436, 39.4439763 ], [ -74.4237592, 39.4453436 ], [ -74.424112, 39.4457136 ], [ -74.4250083, 39.4468266 ], [ -74.4254768, 39.4475529 ], [ -74.4257375, 39.448234 ], [ -74.4261796, 39.4508214 ], [ -74.4290227, 39.4550387 ], [ -74.42963, 39.4560467 ], [ -74.4307579, 39.4565171 ], [ -74.4324253, 39.4563893 ], [ -74.4332841, 39.4562077 ], [ -74.4342209, 39.455784 ], [ -74.4351576, 39.4549367 ], [ -74.4365705, 39.452821 ], [ -74.4367441, 39.4524178 ], [ -74.4370852, 39.4522758 ], [ -74.4376116, 39.4520818 ], [ -74.4382189, 39.4522834 ], [ -74.4396856, 39.4543314 ], [ -74.4407348, 39.4567859 ], [ -74.4409797, 39.4571464 ], [ -74.4410407, 39.4571624 ], [ -74.441815, 39.4573665 ], [ -74.4423832, 39.4573907 ], [ -74.4430773, 39.4572563 ], [ -74.4442137, 39.4568126 ], [ -74.4450724, 39.4563284 ], [ -74.4458865, 39.4552477 ], [ -74.4463118, 39.4499686 ], [ -74.4468364, 39.4485449 ], [ -74.4472579, 39.4481576 ], [ -74.4481166, 39.4476733 ], [ -74.4502883, 39.447145 ], [ -74.4540761, 39.4467794 ], [ -74.4554465, 39.4464963 ], [ -74.4558258, 39.4462523 ], [ -74.4588574, 39.4443022 ], [ -74.4599703, 39.443402 ], [ -74.4601389, 39.4422251 ], [ -74.4594596, 39.4403608 ], [ -74.4595273, 39.4397722 ], [ -74.4606071, 39.4376245 ], [ -74.46285, 39.4337662 ], [ -74.4635874, 39.4300017 ], [ -74.4636232, 39.4275035 ], [ -74.4636742, 39.4239512 ], [ -74.463993, 39.4224193 ], [ -74.464108, 39.421867 ], [ -74.4650561, 39.4204297 ], [ -74.4657587, 39.4199452 ], [ -74.4673201, 39.4194607 ], [ -74.4726807, 39.4183707 ], [ -74.47419, 39.4183706 ], [ -74.4785962, 39.4191777 ], [ -74.4789884, 39.4192114 ], [ -74.479377, 39.4192449 ], [ -74.4799843, 39.4191777 ], [ -74.4813723, 39.4187337 ], [ -74.4826213, 39.4175226 ], [ -74.4840265, 39.4153425 ], [ -74.4842678, 39.4145939 ], [ -74.4839695, 39.4104317 ], [ -74.4843514, 39.4092462 ], [ -74.4857685, 39.4074873 ], [ -74.4861275, 39.4053418 ], [ -74.4865241, 39.4035934 ], [ -74.4874609, 39.4021399 ], [ -74.4907006, 39.3996261 ], [ -74.4917003, 39.3978159 ], [ -74.4918334, 39.3968901 ], [ -74.4915731, 39.396083 ], [ -74.4906188, 39.3948723 ], [ -74.4901902, 39.39454 ], [ -74.489838, 39.394267 ], [ -74.4888837, 39.3940652 ], [ -74.4865236, 39.3938415 ], [ -74.4844938, 39.3940233 ], [ -74.479029, 39.3931754 ], [ -74.4763746, 39.3931755 ], [ -74.4742928, 39.3933775 ], [ -74.4735643, 39.3936601 ], [ -74.4723152, 39.3946294 ], [ -74.4712223, 39.3963255 ], [ -74.47091, 39.3972947 ], [ -74.4699734, 39.3987485 ], [ -74.4692707, 39.3994147 ], [ -74.4680998, 39.3999599 ], [ -74.4667726, 39.39996 ], [ -74.4654574, 39.3992798 ], [ -74.4638839, 39.3977103 ], [ -74.4635852, 39.3972825 ], [ -74.4629471, 39.3963258 ], [ -74.4623224, 39.3953566 ], [ -74.4619808, 39.3944972 ], [ -74.462215, 39.3934069 ], [ -74.4629469, 39.3925702 ], [ -74.4644639, 39.391745 ], [ -74.466538, 39.3914797 ], [ -74.468474, 39.3911646 ], [ -74.4689594, 39.3908413 ], [ -74.4693692, 39.3901226 ], [ -74.4691922, 39.3890564 ], [ -74.4687154, 39.3882916 ], [ -74.4685827, 39.3880788 ], [ -74.4667719, 39.3862697 ], [ -74.4664336, 39.3856236 ], [ -74.4664824, 39.3847312 ], [ -74.4667989, 39.3839296 ], [ -74.4668858, 39.3837094 ], [ -74.46712, 39.383417 ], [ -74.4688594, 39.3820404 ], [ -74.4700505, 39.38009 ], [ -74.4701947, 39.3795809 ], [ -74.4703627, 39.3791206 ], [ -74.470896, 39.3768989 ], [ -74.4707268, 39.3747985 ], [ -74.4705259, 39.3741961 ], [ -74.4696633, 39.3732591 ], [ -74.4687052, 39.3723803 ], [ -74.4680084, 39.3726958 ], [ -74.4683377, 39.3742159 ], [ -74.4685298, 39.3763611 ], [ -74.4685298, 39.3774336 ], [ -74.4683377, 39.3780295 ], [ -74.4676461, 39.3795787 ], [ -74.4672235, 39.3803831 ], [ -74.4667624, 39.3807704 ], [ -74.4663782, 39.3810087 ], [ -74.4657113, 39.3816036 ], [ -74.465187, 39.3822302 ], [ -74.4647644, 39.3837198 ], [ -74.4644571, 39.384971 ], [ -74.4644147, 39.3858861 ], [ -74.4646836, 39.38675 ], [ -74.4656442, 39.388299 ], [ -74.4657595, 39.3886565 ], [ -74.4657211, 39.3891331 ], [ -74.4654521, 39.3895799 ], [ -74.4651063, 39.3899076 ], [ -74.4640304, 39.3902948 ], [ -74.4622246, 39.3911586 ], [ -74.4603803, 39.3921118 ], [ -74.459996, 39.3926183 ], [ -74.4599192, 39.3933927 ], [ -74.4599192, 39.3947629 ], [ -74.4601069, 39.3957293 ], [ -74.46003, 39.3959676 ], [ -74.4597995, 39.3960868 ], [ -74.4594537, 39.3960868 ], [ -74.459031, 39.3958782 ], [ -74.4581473, 39.3950145 ], [ -74.4562935, 39.3933375 ], [ -74.4559092, 39.3932183 ], [ -74.4554482, 39.3931886 ], [ -74.4548429, 39.3933166 ], [ -74.4534597, 39.3937336 ], [ -74.4521917, 39.3942102 ], [ -74.4507123, 39.3945417 ], [ -74.4496749, 39.3945715 ], [ -74.448676, 39.3943928 ], [ -74.4484355, 39.3943127 ], [ -74.4466973, 39.3937336 ], [ -74.4454293, 39.3936443 ], [ -74.4432777, 39.3935847 ], [ -74.4417611, 39.3939529 ], [ -74.4407111, 39.393971 ], [ -74.4402117, 39.3938816 ], [ -74.4399427, 39.3937029 ], [ -74.4396737, 39.3934348 ], [ -74.4391922, 39.3924412 ], [ -74.438808, 39.3911901 ], [ -74.4387312, 39.390207 ], [ -74.4389617, 39.3894922 ], [ -74.439538, 39.3889262 ], [ -74.4401528, 39.3886581 ], [ -74.4419971, 39.3884198 ], [ -74.4443793, 39.3881516 ], [ -74.4485916, 39.3881713 ], [ -74.4507237, 39.3881252 ], [ -74.4521068, 39.3879465 ], [ -74.45276, 39.387738 ], [ -74.4531584, 39.3872418 ], [ -74.4533505, 39.3867949 ], [ -74.4535811, 39.385931 ], [ -74.4544264, 39.3845905 ], [ -74.4553177, 39.3835555 ], [ -74.4556635, 39.3827512 ], [ -74.4558556, 39.3817382 ], [ -74.4580609, 39.3787788 ], [ -74.4608204, 39.3744566 ], [ -74.4605724, 39.3731521 ], [ -74.4594691, 39.3719802 ], [ -74.4579593, 39.3707633 ], [ -74.4561592, 39.3697943 ], [ -74.4547074, 39.3691633 ], [ -74.4532557, 39.3689379 ], [ -74.450962, 39.3689379 ], [ -74.4488715, 39.3688928 ], [ -74.4478843, 39.3686675 ], [ -74.446752, 39.3681041 ], [ -74.4460842, 39.3671575 ], [ -74.44591, 39.3663462 ], [ -74.4461422, 39.3654447 ], [ -74.4464907, 39.3642502 ], [ -74.4470133, 39.3629204 ], [ -74.4478262, 39.3615005 ], [ -74.4489876, 39.3614329 ], [ -74.4499458, 39.362109 ], [ -74.4520363, 39.3642051 ], [ -74.4539235, 39.3653095 ], [ -74.4552207, 39.3659245 ], [ -74.4565509, 39.3662615 ], [ -74.4599393, 39.3668375 ], [ -74.4634958, 39.3666527 ], [ -74.464868, 39.3669244 ], [ -74.4662542, 39.3674135 ], [ -74.4677945, 39.3686308 ], [ -74.4694047, 39.3694459 ], [ -74.4702868, 39.3696198 ], [ -74.4720371, 39.369685 ], [ -74.4745714, 39.3693916 ], [ -74.4761817, 39.3691307 ], [ -74.478534, 39.3688156 ], [ -74.4800182, 39.368446 ], [ -74.4816144, 39.3686634 ], [ -74.4832387, 39.3695437 ], [ -74.4845829, 39.3707827 ], [ -74.485339, 39.3716847 ], [ -74.485549, 39.3718151 ], [ -74.4859971, 39.371739 ], [ -74.4861371, 39.3714782 ], [ -74.4861511, 39.3710218 ], [ -74.4860671, 39.3703154 ], [ -74.4857001, 39.3697199 ], [ -74.4848049, 39.3690062 ], [ -74.4834257, 39.3677292 ], [ -74.4823127, 39.3671657 ], [ -74.4811756, 39.3667526 ], [ -74.4790222, 39.3666774 ], [ -74.477522, 39.3669404 ], [ -74.4751025, 39.3679357 ], [ -74.4734814, 39.3683677 ], [ -74.4728523, 39.3683489 ], [ -74.4714974, 39.3676728 ], [ -74.4697311, 39.366715 ], [ -74.4678681, 39.3651937 ], [ -74.4669123, 39.3643329 ], [ -74.4659647, 39.3637382 ], [ -74.465138, 39.3630025 ], [ -74.4649364, 39.3623452 ], [ -74.4654001, 39.3613278 ], [ -74.4660655, 39.3611713 ], [ -74.4663881, 39.3615156 ], [ -74.466993, 39.3623139 ], [ -74.468606, 39.3625486 ], [ -74.4692512, 39.3625486 ], [ -74.4700779, 39.3622669 ], [ -74.4706425, 39.3616252 ], [ -74.4718926, 39.3605139 ], [ -74.4748363, 39.359653 ], [ -74.4763082, 39.3595121 ], [ -74.4781632, 39.3597 ], [ -74.4810264, 39.3596217 ], [ -74.4836072, 39.3582756 ], [ -74.4854622, 39.3575399 ], [ -74.4869542, 39.357399 ], [ -74.4872109, 39.3567573 ], [ -74.4872806, 39.3561892 ], [ -74.4881168, 39.3553507 ], [ -74.4889878, 39.3547016 ], [ -74.4902421, 39.3542688 ], [ -74.491357, 39.354377 ], [ -74.492681, 39.3548368 ], [ -74.4956077, 39.3558376 ], [ -74.4966878, 39.3565138 ], [ -74.4969073, 39.3574856 ], [ -74.4963887, 39.3585376 ], [ -74.4945538, 39.3599918 ], [ -74.4929583, 39.361384 ], [ -74.4916021, 39.3639829 ], [ -74.4916787, 39.3648257 ], [ -74.4916801, 39.3662217 ], [ -74.4917743, 39.3674631 ], [ -74.4920096, 39.3679012 ], [ -74.4921509, 39.3682298 ], [ -74.4921509, 39.3687775 ], [ -74.4921979, 39.3695077 ], [ -74.4923391, 39.3699093 ], [ -74.4927157, 39.3704204 ], [ -74.4929982, 39.3707855 ], [ -74.4931394, 39.3711505 ], [ -74.4931865, 39.3715157 ], [ -74.4933748, 39.3717347 ], [ -74.4936573, 39.3721728 ], [ -74.4939397, 39.3729029 ], [ -74.4940339, 39.3736696 ], [ -74.4952238, 39.3764864 ], [ -74.4967893, 39.3790603 ], [ -74.4977914, 39.3802743 ], [ -74.4992944, 39.3813427 ], [ -74.5007348, 39.3822167 ], [ -74.5020499, 39.3827023 ], [ -74.5043044, 39.3833822 ], [ -74.5081245, 39.3843534 ], [ -74.5103791, 39.3846447 ], [ -74.513918, 39.3847262 ], [ -74.5180628, 39.3841478 ], [ -74.519343, 39.383651 ], [ -74.5219661, 39.381906 ], [ -74.5249877, 39.3792258 ], [ -74.5267877, 39.3767808 ], [ -74.5272743, 39.374514 ], [ -74.526962, 39.3729386 ], [ -74.5256223, 39.3698196 ], [ -74.5222552, 39.3661173 ], [ -74.5214968, 39.3649399 ], [ -74.5213406, 39.3643946 ], [ -74.521288, 39.363906 ], [ -74.5212346, 39.3630468 ], [ -74.5210282, 39.3622128 ], [ -74.5207939, 39.3602735 ], [ -74.5210461, 39.3587524 ], [ -74.5213812, 39.3576708 ], [ -74.52171, 39.356022 ], [ -74.5221511, 39.3553102 ], [ -74.5229399, 39.3548011 ], [ -74.5255699, 39.3546489 ], [ -74.529827, 39.3552672 ], [ -74.5302695, 39.3553315 ], [ -74.53326, 39.3555794 ], [ -74.5354626, 39.3551588 ], [ -74.5364829, 39.354768 ], [ -74.5377344, 39.3541516 ], [ -74.5385836, 39.3533172 ], [ -74.5392992, 39.3525364 ], [ -74.5397194, 39.3520596 ], [ -74.5400098, 39.3513383 ], [ -74.5403872, 39.3502112 ], [ -74.540155, 39.3484303 ], [ -74.5392549, 39.3472129 ], [ -74.5378322, 39.346221 ], [ -74.5365837, 39.3448684 ], [ -74.5365256, 39.3435383 ], [ -74.536874, 39.3422983 ], [ -74.5387928, 39.3401275 ], [ -74.5405591, 39.3373281 ], [ -74.5411156, 39.3353364 ], [ -74.5405833, 39.3324616 ], [ -74.5385993, 39.328384 ], [ -74.5366153, 39.3259974 ], [ -74.5335182, 39.3228779 ], [ -74.5314132, 39.3205663 ], [ -74.5307492, 39.3188916 ], [ -74.5305912, 39.3160792 ], [ -74.5305644, 39.3156026 ], [ -74.5322548, 39.3137085 ], [ -74.5342115, 39.3125782 ], [ -74.5361865, 39.3117824 ], [ -74.5406114, 39.3115658 ], [ -74.5438019, 39.3118664 ], [ -74.5470918, 39.3115839 ], [ -74.5497721, 39.3104127 ], [ -74.5532112, 39.3089191 ], [ -74.5567229, 39.3074049 ], [ -74.5577143, 39.3066347 ], [ -74.5583863, 39.3067783 ], [ -74.5587619, 39.3073763 ], [ -74.5586546, 39.3097702 ], [ -74.5581054, 39.3127577 ], [ -74.5578097, 39.3132724 ], [ -74.5566446, 39.3153008 ], [ -74.5547574, 39.3165187 ], [ -74.5532185, 39.3174433 ], [ -74.5505179, 39.3189098 ], [ -74.5496637, 39.3197538 ], [ -74.5496187, 39.3200881 ], [ -74.5495225, 39.3208031 ], [ -74.5500064, 39.3231052 ], [ -74.5510146, 39.325282 ], [ -74.5519824, 39.3268637 ], [ -74.5525066, 39.3272082 ], [ -74.5532269, 39.3271869 ], [ -74.5552286, 39.3271299 ], [ -74.5560345, 39.3275469 ], [ -74.5558312, 39.328043 ], [ -74.5544086, 39.3287646 ], [ -74.5515632, 39.3297568 ], [ -74.5490952, 39.3314028 ], [ -74.5479919, 39.3331841 ], [ -74.5477887, 39.334785 ], [ -74.547766, 39.3357916 ], [ -74.5473459, 39.3360395 ], [ -74.5465898, 39.3361178 ], [ -74.5450104, 39.3361178 ], [ -74.5437838, 39.3362353 ], [ -74.5431621, 39.336705 ], [ -74.5430757, 39.3379905 ], [ -74.5432208, 39.3391366 ], [ -74.5446484, 39.3405081 ], [ -74.5448177, 39.3426687 ], [ -74.5449629, 39.344942 ], [ -74.5451726, 39.3461286 ], [ -74.5457775, 39.3465513 ], [ -74.5469469, 39.3468488 ], [ -74.5479148, 39.346614 ], [ -74.548439, 39.3463009 ], [ -74.5491044, 39.3460973 ], [ -74.5501125, 39.3464574 ], [ -74.551786, 39.3472402 ], [ -74.5530563, 39.3475533 ], [ -74.554178, 39.3474661 ], [ -74.5546804, 39.3472899 ], [ -74.5553296, 39.3467885 ], [ -74.5556438, 39.3463662 ], [ -74.556565, 39.3449864 ], [ -74.5567759, 39.3446211 ], [ -74.5570168, 39.3440285 ], [ -74.5577194, 39.3431191 ], [ -74.5581878, 39.3427554 ], [ -74.5611544, 39.3416035 ], [ -74.5639648, 39.3397848 ], [ -74.5645892, 39.3391785 ], [ -74.565526, 39.3377841 ], [ -74.565526, 39.3364504 ], [ -74.564589, 39.3354804 ], [ -74.5633784, 39.3348412 ], [ -74.5624936, 39.3348412 ], [ -74.560021, 39.3354199 ], [ -74.5593513, 39.3353363 ], [ -74.558568, 39.3348102 ], [ -74.5583935, 39.3343645 ], [ -74.558262, 39.3338247 ], [ -74.5583964, 39.3330418 ], [ -74.5591155, 39.3319874 ], [ -74.5603253, 39.3310322 ], [ -74.561031, 39.3299048 ], [ -74.5610915, 39.3289809 ], [ -74.5608092, 39.3278221 ], [ -74.5599019, 39.3264754 ], [ -74.5588937, 39.3253635 ], [ -74.557684, 39.3241733 ], [ -74.5534766, 39.3234432 ], [ -74.5515116, 39.322404 ], [ -74.5510517, 39.3207478 ], [ -74.5519297, 39.3199359 ], [ -74.5541874, 39.3189292 ], [ -74.5573124, 39.317511 ], [ -74.5590331, 39.3164841 ], [ -74.5598735, 39.3154217 ], [ -74.5600634, 39.313957 ], [ -74.5601049, 39.3136371 ], [ -74.560267, 39.3123867 ], [ -74.5615755, 39.3097114 ], [ -74.5645774, 39.3069191 ], [ -74.5679648, 39.3043188 ], [ -74.5700214, 39.3036608 ], [ -74.5717554, 39.3038488 ], [ -74.572703, 39.3043657 ], [ -74.5767591, 39.3075378 ], [ -74.5796716, 39.3095393 ], [ -74.5847263, 39.3123021 ], [ -74.5866586, 39.3142926 ], [ -74.5864065, 39.3153694 ], [ -74.5854684, 39.3161634 ], [ -74.5844182, 39.3165876 ], [ -74.5823599, 39.3170879 ], [ -74.5812118, 39.3174903 ], [ -74.5810438, 39.3179145 ], [ -74.5815338, 39.3183496 ], [ -74.582556, 39.3184909 ], [ -74.5835081, 39.3183169 ], [ -74.5851883, 39.3176861 ], [ -74.5865465, 39.316816 ], [ -74.5873867, 39.3160003 ], [ -74.5878588, 39.3142712 ], [ -74.588004, 39.3124857 ], [ -74.5887056, 39.311715 ], [ -74.5897461, 39.3114331 ], [ -74.5906897, 39.3114143 ], [ -74.5918511, 39.3113955 ], [ -74.593983, 39.3103768 ], [ -74.5970599, 39.3078754 ], [ -74.5985704, 39.3073362 ], [ -74.6009173, 39.3072046 ], [ -74.6031844, 39.3068136 ], [ -74.6047148, 39.3066149 ], [ -74.6079409, 39.30682 ], [ -74.6090995, 39.3069172 ], [ -74.6100389, 39.3068929 ], [ -74.6110409, 39.3067957 ], [ -74.6116045, 39.3066499 ], [ -74.6133608, 39.3056505 ], [ -74.6141437, 39.3054803 ], [ -74.6144255, 39.305456 ], [ -74.6150204, 39.3055533 ], [ -74.6156467, 39.3060151 ], [ -74.6163014, 39.3071117 ], [ -74.6165206, 39.3074034 ], [ -74.6167711, 39.3075979 ], [ -74.6171155, 39.3076707 ], [ -74.6182741, 39.3075736 ], [ -74.6204988, 39.3071933 ], [ -74.6216872, 39.3069902 ], [ -74.622971, 39.3070388 ], [ -74.6237851, 39.3072332 ], [ -74.6240356, 39.307452 ], [ -74.6242548, 39.3076707 ], [ -74.6244114, 39.3079381 ], [ -74.6245053, 39.308327 ], [ -74.6243881, 39.3087978 ], [ -74.6237636, 39.3094043 ], [ -74.6234514, 39.3098895 ], [ -74.6234752, 39.3102723 ], [ -74.6237637, 39.3106173 ], [ -74.6243882, 39.3111024 ], [ -74.6249237, 39.3117306 ], [ -74.6250129, 39.3130027 ], [ -74.6256763, 39.3145329 ], [ -74.6261439, 39.3151978 ], [ -74.6263226, 39.3159145 ], [ -74.6262631, 39.3164461 ], [ -74.625727, 39.3171165 ], [ -74.6244462, 39.3179487 ], [ -74.6237314, 39.3185728 ], [ -74.6232847, 39.3191045 ], [ -74.6232549, 39.3197055 ], [ -74.6232847, 39.3199597 ], [ -74.6234336, 39.3206301 ], [ -74.6237017, 39.3212542 ], [ -74.6242079, 39.3220633 ], [ -74.6244462, 39.3229879 ], [ -74.6242384, 39.323887 ], [ -74.6226715, 39.3266266 ], [ -74.6218909, 39.3275967 ], [ -74.6193928, 39.3295371 ], [ -74.6179223, 39.3305297 ], [ -74.6177344, 39.3307483 ], [ -74.6176629, 39.3309702 ], [ -74.6176091, 39.3311371 ], [ -74.6175465, 39.3313801 ], [ -74.6175465, 39.331696 ], [ -74.6176405, 39.3320118 ], [ -74.6178596, 39.3322305 ], [ -74.6181728, 39.3323034 ], [ -74.6184232, 39.3322791 ], [ -74.6187677, 39.3321333 ], [ -74.6192374, 39.3317445 ], [ -74.6211772, 39.3299528 ], [ -74.6226047, 39.3291212 ], [ -74.6245452, 39.3271116 ], [ -74.6254473, 39.3258854 ], [ -74.6257942, 39.3249894 ], [ -74.6268486, 39.3234967 ], [ -74.6271774, 39.3229377 ], [ -74.6271774, 39.3223788 ], [ -74.6268643, 39.3215282 ], [ -74.6264572, 39.3210422 ], [ -74.6264259, 39.3207263 ], [ -74.6264886, 39.3202403 ], [ -74.6269504, 39.3196327 ], [ -74.627561, 39.3192438 ], [ -74.6281246, 39.3189158 ], [ -74.6286099, 39.3184905 ], [ -74.6287877, 39.3182408 ], [ -74.6289388, 39.3180287 ], [ -74.6292988, 39.3173847 ], [ -74.6294867, 39.3168865 ], [ -74.629745, 39.3161575 ], [ -74.6302175, 39.3132451 ], [ -74.6305817, 39.312113 ], [ -74.6305627, 39.3118803 ], [ -74.6304133, 39.3116035 ], [ -74.6298531, 39.3109204 ], [ -74.6296188, 39.3100713 ], [ -74.6296188, 39.3093435 ], [ -74.6300871, 39.3084337 ], [ -74.6307116, 39.3079485 ], [ -74.6314923, 39.3075845 ], [ -74.6325072, 39.3075845 ], [ -74.6357861, 39.3082213 ], [ -74.6393253, 39.3094442 ], [ -74.6409192, 39.3103287 ], [ -74.6428645, 39.3108324 ], [ -74.6462083, 39.3110487 ], [ -74.6503069, 39.3102526 ], [ -74.6510876, 39.3103132 ], [ -74.6517121, 39.3105557 ], [ -74.6524929, 39.3115868 ], [ -74.6526491, 39.3123145 ], [ -74.6523313, 39.3142899 ], [ -74.6507757, 39.3174087 ], [ -74.6506977, 39.3185609 ], [ -74.6509319, 39.3192037 ], [ -74.6522591, 39.3206833 ], [ -74.6528838, 39.3211077 ], [ -74.6538986, 39.3215322 ], [ -74.6557098, 39.3218838 ], [ -74.6586608, 39.3220475 ], [ -74.6597538, 39.3224416 ], [ -74.6606545, 39.3232259 ], [ -74.6616566, 39.3244167 ], [ -74.6621888, 39.3250727 ], [ -74.6623492, 39.3251894 ], [ -74.6636919, 39.3261662 ], [ -74.6646939, 39.3268223 ], [ -74.6651322, 39.3269924 ], [ -74.6656646, 39.3270653 ], [ -74.6662337, 39.3269891 ], [ -74.6677951, 39.3263827 ], [ -74.6693564, 39.3251699 ], [ -74.6719532, 39.3237251 ], [ -74.672642, 39.3236293 ], [ -74.6731615, 39.323788 ], [ -74.6733493, 39.3239095 ], [ -74.6734986, 39.3241812 ], [ -74.67353, 39.32457 ], [ -74.673436, 39.3251289 ], [ -74.6729736, 39.3262167 ], [ -74.6727857, 39.3268971 ], [ -74.6726918, 39.3277718 ], [ -74.6726918, 39.3283307 ], [ -74.6728796, 39.329084 ], [ -74.673459, 39.3297401 ], [ -74.6739895, 39.3301474 ], [ -74.6741773, 39.3303174 ], [ -74.6743687, 39.3303859 ], [ -74.6745844, 39.3304633 ], [ -74.6752107, 39.3305847 ], [ -74.6758995, 39.3306576 ], [ -74.6766528, 39.3308578 ], [ -74.676872, 39.3309793 ], [ -74.6770912, 39.3312952 ], [ -74.6772165, 39.3316353 ], [ -74.677467, 39.3330932 ], [ -74.6775922, 39.333652 ], [ -74.6777175, 39.3339922 ], [ -74.6778427, 39.334138 ], [ -74.6780339, 39.3341009 ], [ -74.6780933, 39.3340894 ], [ -74.6782185, 39.333895 ], [ -74.6782185, 39.3335792 ], [ -74.6783437, 39.3317569 ], [ -74.6783437, 39.3310765 ], [ -74.6785003, 39.330712 ], [ -74.6787803, 39.3301759 ], [ -74.6790935, 39.3299572 ], [ -74.6794065, 39.329787 ], [ -74.6799076, 39.3296899 ], [ -74.6806904, 39.3296413 ], [ -74.6811601, 39.3296413 ], [ -74.6821326, 39.3301288 ], [ -74.6833851, 39.3309307 ], [ -74.6845182, 39.3315212 ], [ -74.6849879, 39.3316427 ], [ -74.6854262, 39.3316912 ], [ -74.6856454, 39.3316184 ], [ -74.685708, 39.3311081 ], [ -74.6855456, 39.3305905 ], [ -74.6851698, 39.3294728 ], [ -74.684982, 39.3285251 ], [ -74.684888, 39.3278448 ], [ -74.6847941, 39.3274803 ], [ -74.6845534, 39.3268365 ], [ -74.6840485, 39.3265923 ], [ -74.6835334, 39.3266001 ], [ -74.6827842, 39.3266854 ], [ -74.6812229, 39.3269886 ], [ -74.6797395, 39.327595 ], [ -74.6781721, 39.3284136 ], [ -74.6775693, 39.3284197 ], [ -74.6770722, 39.3282542 ], [ -74.6766159, 39.3277738 ], [ -74.6764678, 39.3269447 ], [ -74.6769159, 39.3241592 ], [ -74.6763823, 39.3225017 ], [ -74.6754455, 39.3215315 ], [ -74.6742745, 39.3208039 ], [ -74.6736499, 39.3205614 ], [ -74.6727638, 39.3203907 ], [ -74.6716005, 39.3202696 ], [ -74.6700962, 39.3204761 ], [ -74.6689733, 39.3209192 ], [ -74.6677948, 39.3217743 ], [ -74.6666216, 39.3223672 ], [ -74.6659212, 39.3224414 ], [ -74.6652967, 39.3221989 ], [ -74.6643838, 39.3212334 ], [ -74.6634134, 39.3209293 ], [ -74.6622771, 39.3208455 ], [ -74.6619078, 39.3206223 ], [ -74.6618193, 39.3202771 ], [ -74.6619474, 39.3198081 ], [ -74.6622588, 39.3193676 ], [ -74.6623504, 39.3188843 ], [ -74.6621879, 39.3184118 ], [ -74.6620207, 39.3177189 ], [ -74.6617053, 39.3172871 ], [ -74.661563, 39.3165819 ], [ -74.6616545, 39.3158428 ], [ -74.6617052, 39.3155891 ], [ -74.6616545, 39.3153312 ], [ -74.6614714, 39.3151606 ], [ -74.6611587, 39.3151039 ], [ -74.6608305, 39.3151038 ], [ -74.6605341, 39.3152253 ], [ -74.6576145, 39.3176268 ], [ -74.6570354, 39.3179268 ], [ -74.6563441, 39.3180032 ], [ -74.6558145, 39.3178255 ], [ -74.6553547, 39.3173403 ], [ -74.6553036, 39.3168022 ], [ -74.6553003, 39.3163403 ], [ -74.6554597, 39.3158804 ], [ -74.6567088, 39.3141338 ], [ -74.6585823, 39.3126782 ], [ -74.6592849, 39.3114046 ], [ -74.6597532, 39.31098 ], [ -74.6614447, 39.3102522 ], [ -74.6621733, 39.3100703 ], [ -74.664636, 39.3101867 ], [ -74.6664435, 39.3099932 ], [ -74.6674228, 39.3097167 ], [ -74.6683489, 39.3093436 ], [ -74.6693817, 39.3086662 ], [ -74.6704679, 39.3078507 ], [ -74.6710556, 39.3075881 ], [ -74.6714651, 39.3074775 ], [ -74.6719637, 39.3074637 ], [ -74.6729787, 39.3075052 ], [ -74.6741005, 39.3077816 ], [ -74.675721, 39.3083483 ], [ -74.6761484, 39.3085142 ], [ -74.6762908, 39.308528 ], [ -74.6763799, 39.3084728 ], [ -74.6764333, 39.3083621 ], [ -74.6763977, 39.3081687 ], [ -74.676095, 39.3078784 ], [ -74.6743499, 39.3070352 ], [ -74.6732458, 39.3065652 ], [ -74.6723377, 39.3062611 ], [ -74.6715541, 39.3061367 ], [ -74.6711802, 39.3061367 ], [ -74.6696156, 39.3064512 ], [ -74.6682001, 39.3074136 ], [ -74.6671695, 39.3079474 ], [ -74.6652959, 39.3086753 ], [ -74.6621733, 39.3086754 ], [ -74.6600914, 39.308352 ], [ -74.6584259, 39.3077051 ], [ -74.6579132, 39.307396 ], [ -74.6576452, 39.3070379 ], [ -74.6562919, 39.3054408 ], [ -74.6551469, 39.3045512 ], [ -74.6524404, 39.3034999 ], [ -74.6505668, 39.3033181 ], [ -74.6487452, 39.3026105 ], [ -74.6480022, 39.3020635 ], [ -74.6476383, 39.3013668 ], [ -74.6475741, 39.3007301 ], [ -74.6476521, 39.3001236 ], [ -74.6482766, 39.2992744 ], [ -74.6487504, 39.2990525 ], [ -74.6492315, 39.2989165 ], [ -74.649669, 39.2985597 ], [ -74.6497783, 39.2983048 ], [ -74.6497346, 39.2981688 ], [ -74.6494721, 39.2979309 ], [ -74.648816, 39.297608 ], [ -74.6480505, 39.2972512 ], [ -74.6475912, 39.2968263 ], [ -74.6474818, 39.2964525 ], [ -74.6475693, 39.2961636 ], [ -74.6480724, 39.2959596 ], [ -74.6487066, 39.2960956 ], [ -74.6493628, 39.2964015 ], [ -74.6498877, 39.2965714 ], [ -74.6502376, 39.2963675 ], [ -74.6503689, 39.2959596 ], [ -74.650347, 39.2956537 ], [ -74.6504623, 39.2950483 ], [ -74.6516632, 39.2925596 ], [ -74.6518122, 39.2917487 ], [ -74.652648, 39.290903 ], [ -74.6533506, 39.2907209 ], [ -74.6544435, 39.2906602 ], [ -74.6553024, 39.2908422 ], [ -74.6567856, 39.2914488 ], [ -74.6572541, 39.2919948 ], [ -74.6574884, 39.2926014 ], [ -74.6573419, 39.2936254 ], [ -74.6570201, 39.2947246 ], [ -74.6570982, 39.2966658 ], [ -74.6579146, 39.297536 ], [ -74.6588938, 39.2981215 ], [ -74.6601429, 39.2984855 ], [ -74.6623914, 39.2987766 ], [ -74.665444, 39.2985336 ], [ -74.667013, 39.2984852 ], [ -74.6679498, 39.2982426 ], [ -74.6696152, 39.2975955 ], [ -74.6710364, 39.296712 ], [ -74.6730516, 39.2940747 ], [ -74.6733504, 39.2939706 ], [ -74.6736762, 39.2939534 ], [ -74.6738895, 39.2940185 ], [ -74.6740665, 39.294196 ], [ -74.6741951, 39.2949061 ], [ -74.6743513, 39.2964226 ], [ -74.6748978, 39.2980604 ], [ -74.6753663, 39.2984244 ], [ -74.6759908, 39.2986669 ], [ -74.6768903, 39.2986813 ], [ -74.6776302, 39.298485 ], [ -74.6791983, 39.2976942 ], [ -74.679265, 39.2968656 ], [ -74.6793873, 39.2963737 ], [ -74.6798321, 39.296037 ], [ -74.6798665, 39.2956165 ], [ -74.6797377, 39.2954832 ], [ -74.6795928, 39.2955006 ], [ -74.6791134, 39.2956339 ], [ -74.6784889, 39.2959372 ], [ -74.6781278, 39.2961288 ], [ -74.6776179, 39.2962789 ], [ -74.6771305, 39.2962769 ], [ -74.6766649, 39.2961015 ], [ -74.676277, 39.2956137 ], [ -74.6758345, 39.294724 ], [ -74.6754441, 39.2930255 ], [ -74.6751318, 39.2925402 ], [ -74.6747455, 39.2922774 ], [ -74.6741949, 39.2921762 ], [ -74.6735704, 39.2922369 ], [ -74.6724986, 39.292487 ], [ -74.6715527, 39.2930816 ], [ -74.6688413, 39.2957517 ], [ -74.6685403, 39.2959064 ], [ -74.6680199, 39.2960225 ], [ -74.6669549, 39.2961345 ], [ -74.6649359, 39.296212 ], [ -74.6643388, 39.2963394 ], [ -74.6627972, 39.2969083 ], [ -74.662085, 39.2970044 ], [ -74.6613139, 39.2969083 ], [ -74.6606893, 39.2967263 ], [ -74.6601428, 39.2962411 ], [ -74.6600647, 39.2957557 ], [ -74.6611931, 39.293765 ], [ -74.6617821, 39.2919339 ], [ -74.6614697, 39.290478 ], [ -74.6604027, 39.2893726 ], [ -74.6579566, 39.2886581 ], [ -74.6567074, 39.2885368 ], [ -74.6545215, 39.2885369 ], [ -74.6529601, 39.2882943 ], [ -74.6523356, 39.2883549 ], [ -74.6516069, 39.288537 ], [ -74.6499156, 39.289447 ], [ -74.6477296, 39.2901144 ], [ -74.6465586, 39.2905998 ], [ -74.6446851, 39.2916918 ], [ -74.6421869, 39.2926625 ], [ -74.6411721, 39.2927233 ], [ -74.6393765, 39.2927839 ], [ -74.637737, 39.2925716 ], [ -74.6326703, 39.2905153 ], [ -74.6297739, 39.2898723 ], [ -74.6278739, 39.2899568 ], [ -74.6272957, 39.2899825 ], [ -74.6252862, 39.289765 ], [ -74.6234248, 39.2889848 ], [ -74.6208551, 39.2875907 ], [ -74.6202263, 39.2873278 ], [ -74.6196217, 39.2868396 ], [ -74.6188478, 39.286126 ], [ -74.616708, 39.2846815 ], [ -74.6148884, 39.2829014 ], [ -74.6147703, 39.2823141 ], [ -74.6149592, 39.2815433 ], [ -74.6156913, 39.2802586 ], [ -74.6167539, 39.2786435 ], [ -74.6174388, 39.2785518 ], [ -74.6183597, 39.2788821 ], [ -74.6195405, 39.2795979 ], [ -74.620367, 39.2803504 ], [ -74.6213824, 39.2805706 ], [ -74.6222089, 39.2803871 ], [ -74.6227284, 39.2797447 ], [ -74.6229646, 39.2780012 ], [ -74.6228229, 39.2752481 ], [ -74.6231299, 39.2747892 ], [ -74.6244759, 39.2741652 ], [ -74.626129, 39.2736145 ], [ -74.626554, 39.2728436 ], [ -74.6275222, 39.2686586 ], [ -74.6283015, 39.2651892 ], [ -74.6284432, 39.2640327 ], [ -74.628207, 39.2623989 ], [ -74.6285613, 39.2611322 ], [ -74.6298365, 39.2583601 ], [ -74.6296711, 39.2566711 ], [ -74.6293405, 39.2558633 ], [ -74.6284904, 39.2549453 ], [ -74.6283251, 39.2541191 ], [ -74.6287738, 39.2526136 ], [ -74.6287974, 39.2518608 ], [ -74.6287029, 39.2507775 ], [ -74.6284196, 39.2500431 ], [ -74.6279001, 39.2494372 ], [ -74.6273097, 39.2489231 ], [ -74.626247, 39.2488864 ], [ -74.6250663, 39.2490333 ], [ -74.6245468, 39.2499146 ], [ -74.6250663, 39.2505756 ], [ -74.6259164, 39.2513284 ], [ -74.6267429, 39.2520811 ], [ -74.626861, 39.2527054 ], [ -74.6266957, 39.2532562 ], [ -74.6246885, 39.2546883 ], [ -74.6245704, 39.2554594 ], [ -74.6246648, 39.257075 ], [ -74.6244995, 39.2577543 ], [ -74.6236966, 39.2586538 ], [ -74.6217366, 39.2599573 ], [ -74.6202961, 39.26071 ], [ -74.6192335, 39.2609303 ], [ -74.6174151, 39.2605998 ], [ -74.6160927, 39.2603795 ], [ -74.6150537, 39.2604346 ], [ -74.6139202, 39.2611873 ], [ -74.6140619, 39.2618115 ], [ -74.6146758, 39.2625458 ], [ -74.6146995, 39.2633535 ], [ -74.6140383, 39.2639226 ], [ -74.6133062, 39.2646569 ], [ -74.6133062, 39.2654462 ], [ -74.6142508, 39.2663273 ], [ -74.6153607, 39.2672819 ], [ -74.6151481, 39.268163 ], [ -74.613684, 39.2687504 ], [ -74.6118185, 39.2687136 ], [ -74.6105197, 39.268475 ], [ -74.6088666, 39.2684016 ], [ -74.6070719, 39.2690441 ], [ -74.603884, 39.2709347 ], [ -74.6024907, 39.272917 ], [ -74.6012284, 39.275271 ], [ -74.6007156, 39.2761939 ], [ -74.5995595, 39.2765639 ], [ -74.5980292, 39.2766168 ], [ -74.596193, 39.2763789 ], [ -74.5950368, 39.2759296 ], [ -74.5943227, 39.2757182 ], [ -74.5933705, 39.2756918 ], [ -74.5911942, 39.2766168 ], [ -74.5902081, 39.2771454 ], [ -74.5882018, 39.2775947 ], [ -74.5864678, 39.2779449 ], [ -74.5854131, 39.2785246 ], [ -74.5839211, 39.2794404 ], [ -74.5817345, 39.2824755 ], [ -74.5797811, 39.2835112 ], [ -74.5782888, 39.2842504 ], [ -74.5761158, 39.2856803 ], [ -74.5704264, 39.2893325 ], [ -74.5681109, 39.2910897 ], [ -74.5657386, 39.2930442 ], [ -74.5627867, 39.2951391 ], [ -74.55952, 39.2970504 ], [ -74.5566608, 39.2984818 ], [ -74.5549291, 39.2981149 ], [ -74.5528431, 39.2968305 ], [ -74.5517017, 39.2959895 ], [ -74.5510327, 39.2950721 ], [ -74.5507572, 39.2934665 ], [ -74.5509736, 39.2921209 ], [ -74.5515039, 39.2903326 ], [ -74.5523922, 39.2880706 ], [ -74.5530755, 39.2867431 ], [ -74.5537724, 39.2855749 ], [ -74.5560579, 39.2827624 ], [ -74.5573867, 39.2816074 ], [ -74.5590161, 39.2797354 ], [ -74.5612359, 39.2779918 ], [ -74.5634556, 39.2767254 ], [ -74.5655101, 39.2758077 ], [ -74.5718388, 39.2734767 ], [ -74.5768215, 39.2713292 ], [ -74.5808119, 39.2694864 ], [ -74.5854167, 39.2665678 ], [ -74.589384, 39.2637592 ], [ -74.5909668, 39.2624673 ], [ -74.5996041, 39.2562548 ], [ -74.605759, 39.2510729 ], [ -74.6119139, 39.2453794 ], [ -74.6182561, 39.2396026 ], [ -74.6261793, 39.2313253 ], [ -74.6322694, 39.2246055 ], [ -74.633883, 39.2225697 ], [ -74.6378057, 39.218202 ], [ -74.6391162, 39.2167789 ], [ -74.6406741, 39.2149419 ], [ -74.6422674, 39.2129902 ], [ -74.6453137, 39.2097569 ], [ -74.6476752, 39.2081402 ], [ -74.6494227, 39.207736 ], [ -74.6499894, 39.207883 ], [ -74.6505798, 39.2092609 ], [ -74.6502256, 39.2105285 ], [ -74.6494935, 39.2109694 ], [ -74.6471557, 39.2126412 ], [ -74.6461166, 39.2142027 ], [ -74.6459546, 39.2154521 ], [ -74.6466619, 39.2166715 ], [ -74.6470415, 39.2168044 ], [ -74.6472276, 39.2168816 ], [ -74.6494635, 39.2173984 ], [ -74.6515101, 39.2175974 ], [ -74.6528482, 39.2177351 ], [ -74.65458, 39.2177198 ], [ -74.6547632, 39.2176959 ], [ -74.6569218, 39.2174137 ], [ -74.6581265, 39.2171224 ], [ -74.6591314, 39.2166108 ], [ -74.6598875, 39.2159937 ], [ -74.6610493, 39.2146931 ], [ -74.6623528, 39.2119596 ], [ -74.6641664, 39.2097109 ], [ -74.6654133, 39.2088952 ], [ -74.6665468, 39.2088291 ], [ -74.6674253, 39.2091377 ], [ -74.668162, 39.2099534 ], [ -74.6685871, 39.2120918 ], [ -74.6682754, 39.2134586 ], [ -74.6666035, 39.2152442 ], [ -74.6644498, 39.2158174 ], [ -74.6620978, 39.216655 ], [ -74.661276, 39.2183965 ], [ -74.6617294, 39.2201158 ], [ -74.6614744, 39.22124 ], [ -74.6611626, 39.2224082 ], [ -74.661361, 39.2236425 ], [ -74.6622395, 39.224965 ], [ -74.6622395, 39.2263095 ], [ -74.6624945, 39.2272793 ], [ -74.6632596, 39.2273233 ], [ -74.6638364, 39.2271247 ], [ -74.6649882, 39.2267282 ], [ -74.66564, 39.2258246 ], [ -74.6656683, 39.2251854 ], [ -74.6648465, 39.2246785 ], [ -74.6638831, 39.2236866 ], [ -74.6638831, 39.2229151 ], [ -74.6642798, 39.2215045 ], [ -74.6659517, 39.2204244 ], [ -74.667822, 39.2198292 ], [ -74.6708541, 39.216148 ], [ -74.6713925, 39.2139656 ], [ -74.6708824, 39.2125107 ], [ -74.66917, 39.2092834 ], [ -74.6688705, 39.2087189 ], [ -74.6692389, 39.2072417 ], [ -74.6705424, 39.2052355 ], [ -74.6728944, 39.20453 ], [ -74.6755015, 39.2041111 ], [ -74.6783352, 39.2039788 ], [ -74.6794404, 39.2036701 ], [ -74.6802338, 39.2028543 ], [ -74.6822458, 39.2002967 ], [ -74.6844561, 39.1992163 ], [ -74.6875166, 39.1987092 ], [ -74.6882686, 39.1987242 ], [ -74.6897269, 39.1987533 ], [ -74.6919089, 39.1983564 ], [ -74.692759, 39.197739 ], [ -74.6932408, 39.1968129 ], [ -74.6948844, 39.1935164 ], [ -74.6960764, 39.1919145 ], [ -74.6985772, 39.1907554 ], [ -74.7, 39.1907784 ], [ -74.7, 39.166667 ], [ -74.6989042, 39.166667 ], [ -74.6994627, 39.167752 ], [ -74.699556, 39.1681756 ], [ -74.6993049, 39.1685512 ], [ -74.6985327, 39.1688803 ], [ -74.6973913, 39.1688343 ], [ -74.6945182, 39.1676088 ], [ -74.6916254, 39.1672871 ], [ -74.6894339, 39.1677648 ], [ -74.6883516, 39.1677955 ], [ -74.686915, 39.1678721 ], [ -74.6857146, 39.1681325 ], [ -74.6849078, 39.1689903 ], [ -74.6845536, 39.1701852 ], [ -74.6817592, 39.1726054 ], [ -74.6812475, 39.1737236 ], [ -74.6802636, 39.1754698 ], [ -74.6790041, 39.1772466 ], [ -74.6781973, 39.17838 ], [ -74.6781186, 39.179008 ], [ -74.6790435, 39.1799423 ], [ -74.6790828, 39.1807846 ], [ -74.6788467, 39.1815811 ], [ -74.6783941, 39.182209 ], [ -74.6774298, 39.182546 ], [ -74.6763868, 39.1825766 ], [ -74.6747732, 39.1825766 ], [ -74.6735137, 39.1827144 ], [ -74.6720378, 39.1836027 ], [ -74.6705619, 39.1852874 ], [ -74.6700896, 39.1864513 ], [ -74.670188, 39.187508 ], [ -74.6717229, 39.189116 ], [ -74.672884, 39.1897745 ], [ -74.6731595, 39.1904024 ], [ -74.6728643, 39.1910456 ], [ -74.6721952, 39.1913519 ], [ -74.670188, 39.1914744 ], [ -74.6689482, 39.1917347 ], [ -74.6685153, 39.1923319 ], [ -74.6687908, 39.1931435 ], [ -74.669145, 39.1940623 ], [ -74.6687121, 39.1944145 ], [ -74.668102, 39.1945677 ], [ -74.6641072, 39.1945677 ], [ -74.6626116, 39.1949964 ], [ -74.6579084, 39.1980283 ], [ -74.6567276, 39.1994217 ], [ -74.6556453, 39.2010294 ], [ -74.6551482, 39.201948 ], [ -74.6548581, 39.202484 ], [ -74.6533429, 39.2035098 ], [ -74.6522802, 39.2038926 ], [ -74.651493, 39.2037854 ], [ -74.6511979, 39.2031118 ], [ -74.6506469, 39.2021012 ], [ -74.6507649, 39.1999576 ], [ -74.651493, 39.1980283 ], [ -74.6538742, 39.1955936 ], [ -74.65842, 39.1922707 ], [ -74.6630839, 39.1880594 ], [ -74.6657406, 39.1853027 ], [ -74.6668106, 39.1840239 ], [ -74.6703823, 39.1802916 ], [ -74.6754255, 39.173806 ], [ -74.6810347, 39.166667 ], [ -74.6800365, 39.166667 ], [ -74.6008134, 39.166667 ], [ -74.6002002, 39.166667 ], [ -74.5307232, 39.166667 ], [ -74.5300028, 39.166667 ], [ -74.5188813, 39.166667 ], [ -74.5183306, 39.166667 ], [ -74.5020025, 39.166667 ], [ -74.5000144, 39.166667 ], [ -74.4954277, 39.166667 ], [ -74.4772559, 39.166667 ], [ -74.4424416, 39.166667 ], [ -74.3389793, 39.166667 ], [ -74.3376939, 39.166667 ], [ -74.3376481, 39.166667 ], [ -74.3095638, 39.166667 ], [ -74.3090885, 39.166667 ], [ -74.2884901, 39.166667 ], [ -74.2794536, 39.166667 ], [ -74.2775366, 39.166667 ], [ -74.2771534, 39.166667 ], [ -74.2312312, 39.166667 ], [ -74.1338429, 39.166667 ], [ -74.127871, 39.166667 ], [ -74.1270217, 39.166667 ], [ -74.1265568, 39.166667 ], [ -74.1236349, 39.166667 ], [ -74.0963664, 39.166667 ], [ -73.9963723, 39.166667 ], [ -73.994165, 39.166667 ], [ -73.9458375, 39.166667 ], [ -73.9329737, 39.166667 ], [ -73.932972, 39.178562 ], [ -73.9329487, 39.3421735 ], [ -73.9329475, 39.350358 ], [ -73.9329468, 39.3550457 ], [ -73.9329449, 39.3686553 ], [ -73.9329404, 39.3999963 ], [ -73.9329333, 39.4498944 ], [ -73.9073189, 39.4498944 ], [ -73.7235662, 39.4498944 ], [ -73.7182476, 39.4498944 ], [ -73.7182475, 39.4567944 ], [ -73.7182474, 39.4608492 ], [ -73.7124272, 39.4643469 ], [ -73.66625, 39.4920972 ], [ -73.66625, 39.5299759 ], [ -73.66625, 39.6 ], [ -73.7027452, 39.6 ], [ -73.7303991, 39.6 ], [ -73.7330801, 39.6 ], [ -73.8171214, 39.6 ], [ -73.8567902, 39.6 ], [ -73.9097207, 39.6 ], [ -73.9102451, 39.6 ], [ -74.035907, 39.6 ], [ -74.0452317, 39.6 ], [ -74.0733642, 39.6 ], [ -74.1346475, 39.6 ], [ -74.1351773, 39.6 ], [ -74.2080106, 39.6 ], [ -74.2105088, 39.5967697 ], [ -74.2131741, 39.5936355 ], [ -74.2149413, 39.5912707 ], [ -74.2164774, 39.5889475 ], [ -74.2174438, 39.587396 ], [ -74.2192444, 39.5850805 ], [ -74.2207093, 39.5828279 ], [ -74.2221437, 39.5808273 ], [ -74.2236569, 39.5784978 ], [ -74.2255618, 39.5756858 ], [ -74.2288197, 39.5707782 ], [ -74.2306355, 39.5679382 ], [ -74.2306992, 39.5678478 ], [ -74.2311121, 39.5672616 ], [ -74.2313962, 39.5668582 ], [ -74.2315333, 39.5666635 ], [ -74.2317314, 39.5663822 ], [ -74.2341604, 39.5629336 ], [ -74.2385166, 39.5575273 ], [ -74.2407332, 39.555186 ], [ -74.2433383, 39.552287 ], [ -74.2469674, 39.5496769 ], [ -74.2475757, 39.5491485 ], [ -74.2482879, 39.5485299 ], [ -74.2492195, 39.5477208 ], [ -74.2500701, 39.5469819 ], [ -74.2540401, 39.5423343 ], [ -74.2574047, 39.5379346 ], [ -74.2598081, 39.5339899 ], [ -74.2607328, 39.5323913 ], [ -74.2612448, 39.5320224 ], [ -74.262867, 39.5308536 ], [ -74.2642683, 39.5308702 ], [ -74.2658509, 39.5304018 ], [ -74.2685569, 39.5286441 ], [ -74.2710696, 39.5261689 ], [ -74.2757898, 39.5211001 ], [ -74.2780507, 39.518603 ], [ -74.2811646, 39.5156661 ], [ -74.287487, 39.509197 ], [ -74.2929346, 39.5039397 ], [ -74.2956762, 39.5014558 ], [ -74.2990943, 39.5005726 ], [ -74.3046487, 39.4999102 ], [ -74.3069096, 39.500614 ], [ -74.307782, 39.501787 ], [ -74.3070343, 39.5032636 ], [ -74.3055388, 39.5046297 ], [ -74.304729, 39.5051442 ], [ -74.3032819, 39.5055097 ], [ -74.3031025, 39.505568 ], [ -74.3029715, 39.5056173 ], [ -74.3013594, 39.5071381 ], [ -74.3003777, 39.5074442 ], [ -74.299574, 39.5073299 ], [ -74.2988446, 39.5069767 ], [ -74.2983157, 39.5069202 ], [ -74.2975315, 39.5071886 ], [ -74.2968932, 39.5086578 ], [ -74.2964738, 39.5092653 ], [ -74.2958902, 39.5095761 ], [ -74.2951425, 39.5092935 ], [ -74.2944677, 39.5087991 ], [ -74.2937018, 39.5087143 ], [ -74.2926623, 39.509124 ], [ -74.2905468, 39.5120623 ], [ -74.2889967, 39.5149439 ], [ -74.2882672, 39.5158056 ], [ -74.2875377, 39.5162293 ], [ -74.2859694, 39.5162999 ], [ -74.2845834, 39.5176842 ], [ -74.2831244, 39.5198029 ], [ -74.2819755, 39.5212859 ], [ -74.2812825, 39.5218085 ], [ -74.2803524, 39.5218226 ], [ -74.2795318, 39.5214695 ], [ -74.2789299, 39.5214272 ], [ -74.2782369, 39.5227689 ], [ -74.2779087, 39.5238706 ], [ -74.2776661, 39.5250372 ], [ -74.2774128, 39.5257238 ], [ -74.2770708, 39.5262436 ], [ -74.2761007, 39.5273265 ], [ -74.2754879, 39.5280891 ], [ -74.2744156, 39.5282416 ], [ -74.2734308, 39.5282077 ], [ -74.2724898, 39.5285467 ], [ -74.2713956, 39.5297499 ], [ -74.2706296, 39.5307498 ], [ -74.2699075, 39.5317496 ], [ -74.2679561, 39.5335186 ], [ -74.2662352, 39.5346847 ], [ -74.2636643, 39.5372444 ], [ -74.2626474, 39.5393443 ], [ -74.2625332, 39.5404065 ], [ -74.2618294, 39.5425864 ], [ -74.2613999, 39.54371 ], [ -74.2602531, 39.545119 ], [ -74.2596798, 39.5455363 ], [ -74.2593087, 39.5456146 ], [ -74.2588027, 39.5455363 ], [ -74.2586679, 39.5454059 ], [ -74.2578583, 39.5444927 ], [ -74.2575886, 39.5444145 ], [ -74.2573189, 39.5444667 ], [ -74.2567978, 39.5449523 ], [ -74.2566105, 39.5457189 ], [ -74.2565431, 39.5463712 ], [ -74.2568465, 39.549893 ], [ -74.2569102, 39.5504052 ], [ -74.2569625, 39.5513724 ], [ -74.2569163, 39.5518743 ], [ -74.2566844, 39.5520176 ], [ -74.2563138, 39.5520176 ], [ -74.2549698, 39.5515159 ], [ -74.254043, 39.551265 ], [ -74.2536723, 39.551265 ], [ -74.2530235, 39.5513724 ], [ -74.252004, 39.5518026 ], [ -74.2517723, 39.5523044 ], [ -74.2517723, 39.5525911 ], [ -74.2518649, 39.5527345 ], [ -74.252143, 39.5529854 ], [ -74.25256, 39.5531646 ], [ -74.2531163, 39.553308 ], [ -74.2537649, 39.5536305 ], [ -74.254182, 39.554204 ], [ -74.2543674, 39.5548492 ], [ -74.2543674, 39.5570354 ], [ -74.2538114, 39.5587916 ], [ -74.2529773, 39.5601893 ], [ -74.2513553, 39.5622678 ], [ -74.249965, 39.563558 ], [ -74.249687, 39.5635938 ], [ -74.2492699, 39.563558 ], [ -74.2491771, 39.563343 ], [ -74.2492235, 39.5631638 ], [ -74.2499186, 39.5619453 ], [ -74.2507065, 39.5609419 ], [ -74.2509845, 39.560476 ], [ -74.2512163, 39.5599384 ], [ -74.2513089, 39.5596875 ], [ -74.2511235, 39.5595083 ], [ -74.2507528, 39.5595083 ], [ -74.249965, 39.5599025 ], [ -74.2495016, 39.5599384 ], [ -74.2488529, 39.5599025 ], [ -74.2484358, 39.5596875 ], [ -74.2481576, 39.5593291 ], [ -74.2478334, 39.558254 ], [ -74.2475554, 39.5580748 ], [ -74.2472309, 39.5580748 ], [ -74.2468601, 39.558254 ], [ -74.2458406, 39.5591858 ], [ -74.2455626, 39.5597951 ], [ -74.24547, 39.5606551 ], [ -74.2456552, 39.5617303 ], [ -74.245748, 39.5630563 ], [ -74.2457943, 39.5638088 ], [ -74.2456089, 39.5642389 ], [ -74.2450991, 39.564884 ], [ -74.2432382, 39.5660546 ], [ -74.2410138, 39.5666997 ], [ -74.2400869, 39.5669864 ], [ -74.2394844, 39.5672013 ], [ -74.2389748, 39.5675956 ], [ -74.2388358, 39.5682764 ], [ -74.2388358, 39.5688497 ], [ -74.2386504, 39.5691723 ], [ -74.2382334, 39.5694948 ], [ -74.2373528, 39.5698889 ], [ -74.2366578, 39.5703906 ], [ -74.2363795, 39.5708923 ], [ -74.2362869, 39.5717164 ], [ -74.2363333, 39.5735797 ], [ -74.2361944, 39.5740814 ], [ -74.2353139, 39.5750846 ], [ -74.2337381, 39.5763387 ], [ -74.2323016, 39.5773777 ], [ -74.2295069, 39.5793038 ], [ -74.2279775, 39.580916 ], [ -74.2277323, 39.5824363 ], [ -74.2275709, 39.5850544 ], [ -74.2271679, 39.5863011 ], [ -74.2261195, 39.5872984 ], [ -74.2238617, 39.5884828 ], [ -74.2225718, 39.5891685 ], [ -74.2216847, 39.5900411 ], [ -74.2212009, 39.5911007 ], [ -74.220072, 39.5929083 ], [ -74.2188625, 39.5937808 ], [ -74.2178143, 39.5950898 ], [ -74.2170886, 39.5963986 ], [ -74.2153953, 39.5990785 ], [ -74.2143676, 39.6 ], [ -74.2248866, 39.6 ], [ -74.2250914, 39.5991297 ], [ -74.2254392, 39.5983566 ], [ -74.2260047, 39.5979868 ], [ -74.2263092, 39.5979868 ], [ -74.2268531, 39.5980363 ], [ -74.2272882, 39.5985064 ], [ -74.2275703, 39.5996675 ], [ -74.2275555, 39.6 ], [ -74.268457, 39.6 ] ], [ [ -74.2218731, 39.5996675 ], [ -74.2222645, 39.5997684 ], [ -74.2228733, 39.5996675 ], [ -74.2233082, 39.5994995 ], [ -74.2235256, 39.5989952 ], [ -74.2235691, 39.5987263 ], [ -74.2235691, 39.5983566 ], [ -74.2234388, 39.598054 ], [ -74.2230909, 39.597886 ], [ -74.2226559, 39.597886 ], [ -74.2221339, 39.5979868 ], [ -74.2218296, 39.5982221 ], [ -74.2216121, 39.5987936 ], [ -74.2216555, 39.599365 ], [ -74.2218731, 39.5996675 ] ], [ [ -74.2526692, 39.5842209 ], [ -74.2525823, 39.5838516 ], [ -74.2527778, 39.5832808 ], [ -74.2542328, 39.58224 ], [ -74.256426, 39.5812663 ], [ -74.2574685, 39.5812328 ], [ -74.2578375, 39.5814845 ], [ -74.2579894, 39.5818707 ], [ -74.2578809, 39.5824247 ], [ -74.2568604, 39.5833144 ], [ -74.253907, 39.5845567 ], [ -74.25306, 39.5845567 ], [ -74.2526692, 39.5842209 ] ], [ [ -74.2370436, 39.5853842 ], [ -74.2361231, 39.5849888 ], [ -74.2356117, 39.584554 ], [ -74.2355095, 39.5841982 ], [ -74.2355095, 39.5839215 ], [ -74.2359186, 39.5833284 ], [ -74.236481, 39.5828936 ], [ -74.2383221, 39.5818262 ], [ -74.2391404, 39.581154 ], [ -74.2396517, 39.5808772 ], [ -74.2402654, 39.5809564 ], [ -74.2406234, 39.5812726 ], [ -74.2407768, 39.5816285 ], [ -74.2406746, 39.5825773 ], [ -74.2396517, 39.5848307 ], [ -74.2389358, 39.5853842 ], [ -74.2382199, 39.5855423 ], [ -74.2370436, 39.5853842 ] ], [ [ -74.233157, 39.5805214 ], [ -74.2340263, 39.58064 ], [ -74.236788, 39.5803238 ], [ -74.2374527, 39.5800075 ], [ -74.237555, 39.5795331 ], [ -74.2376062, 39.5792563 ], [ -74.237555, 39.5789005 ], [ -74.2370436, 39.5774772 ], [ -74.2368876, 39.577017 ], [ -74.236528, 39.5768119 ], [ -74.2360805, 39.5769206 ], [ -74.235573, 39.5773487 ], [ -74.2332073, 39.5791772 ], [ -74.2327479, 39.5797703 ], [ -74.2327991, 39.5801261 ], [ -74.233157, 39.5805214 ] ], [ [ -74.2505599, 39.576365 ], [ -74.2502886, 39.5761553 ], [ -74.250119, 39.5757619 ], [ -74.2502548, 39.575421 ], [ -74.2504583, 39.5752112 ], [ -74.2508992, 39.5750537 ], [ -74.2514758, 39.5750275 ], [ -74.2517812, 39.5751062 ], [ -74.2519508, 39.5754472 ], [ -74.2520186, 39.5758668 ], [ -74.251849, 39.5762865 ], [ -74.2515438, 39.57647 ], [ -74.2509671, 39.5764962 ], [ -74.2505599, 39.576365 ] ], [ [ -74.5315984, 39.5737389 ], [ -74.5317578, 39.5730606 ], [ -74.5321565, 39.5727216 ], [ -74.5336716, 39.5725366 ], [ -74.5343095, 39.5727524 ], [ -74.5371402, 39.5739546 ], [ -74.5387748, 39.574602 ], [ -74.5399709, 39.5752185 ], [ -74.5410873, 39.5768832 ], [ -74.5412069, 39.577962 ], [ -74.5408481, 39.5791951 ], [ -74.5398115, 39.579719 ], [ -74.5388147, 39.5798423 ], [ -74.5371801, 39.5797499 ], [ -74.5353859, 39.5789792 ], [ -74.5339507, 39.577962 ], [ -74.5327546, 39.5770065 ], [ -74.5320768, 39.5763283 ], [ -74.5317578, 39.5757426 ], [ -74.5315984, 39.5746945 ], [ -74.5315984, 39.5737389 ] ], [ [ -74.5278899, 39.5736662 ], [ -74.5290166, 39.5738672 ], [ -74.5295366, 39.5737667 ], [ -74.5297099, 39.5736327 ], [ -74.5299699, 39.5732306 ], [ -74.5300566, 39.572795 ], [ -74.5299699, 39.5719573 ], [ -74.5293199, 39.5706506 ], [ -74.5290166, 39.5701144 ], [ -74.5284532, 39.5695783 ], [ -74.5278899, 39.5691427 ], [ -74.5270665, 39.5691427 ], [ -74.5265465, 39.5694442 ], [ -74.5264165, 39.5699134 ], [ -74.5264165, 39.5704495 ], [ -74.5265032, 39.5710191 ], [ -74.5268499, 39.5721249 ], [ -74.5273265, 39.572795 ], [ -74.5278899, 39.5736662 ] ], [ [ -74.2491014, 39.5686804 ], [ -74.2488302, 39.5684706 ], [ -74.2486605, 39.5680772 ], [ -74.2487962, 39.5677362 ], [ -74.2489997, 39.5675264 ], [ -74.2494407, 39.567369 ], [ -74.2500174, 39.5673427 ], [ -74.2503227, 39.5674214 ], [ -74.2504923, 39.5677624 ], [ -74.2505601, 39.5681821 ], [ -74.2503905, 39.5686018 ], [ -74.2500853, 39.5687853 ], [ -74.2495087, 39.5688116 ], [ -74.2491014, 39.5686804 ] ], [ [ -74.245845, 39.569887 ], [ -74.2452004, 39.569887 ], [ -74.244556, 39.5695721 ], [ -74.2443525, 39.5688902 ], [ -74.244556, 39.5680772 ], [ -74.2452343, 39.5672378 ], [ -74.2458331, 39.5669164 ], [ -74.2465107, 39.5669921 ], [ -74.247168, 39.5673689 ], [ -74.2473035, 39.5678673 ], [ -74.2470661, 39.5686017 ], [ -74.2464556, 39.5695198 ], [ -74.245845, 39.569887 ] ], [ [ -74.3176548, 39.5573421 ], [ -74.317386, 39.5571516 ], [ -74.3170501, 39.5568398 ], [ -74.3170052, 39.556528 ], [ -74.3170949, 39.5561643 ], [ -74.317386, 39.5558525 ], [ -74.3176548, 39.555662 ], [ -74.3179909, 39.5556099 ], [ -74.3185956, 39.555662 ], [ -74.3191108, 39.5559218 ], [ -74.3193796, 39.5561469 ], [ -74.3193796, 39.556528 ], [ -74.3193347, 39.5569264 ], [ -74.3190436, 39.5572208 ], [ -74.3185284, 39.5574114 ], [ -74.3179909, 39.5574461 ], [ -74.3176548, 39.5573421 ] ], [ [ -74.2852616, 39.5639401 ], [ -74.2866333, 39.5641825 ], [ -74.2884005, 39.5646345 ], [ -74.2891542, 39.5652178 ], [ -74.2896743, 39.5656697 ], [ -74.2902687, 39.5657929 ], [ -74.2906721, 39.5657765 ], [ -74.2912029, 39.5652835 ], [ -74.2922963, 39.5629255 ], [ -74.2926359, 39.5618409 ], [ -74.2925416, 39.5609065 ], [ -74.2917528, 39.5594441 ], [ -74.2905789, 39.5579958 ], [ -74.2895741, 39.5573456 ], [ -74.2887692, 39.556321 ], [ -74.2866455, 39.5541863 ], [ -74.2856629, 39.5540636 ], [ -74.285029, 39.5545544 ], [ -74.284395, 39.5555358 ], [ -74.283666, 39.5561983 ], [ -74.2820812, 39.5568117 ], [ -74.2818458, 39.5577081 ], [ -74.2821943, 39.5608034 ], [ -74.2825795, 39.5628621 ], [ -74.2832582, 39.5635152 ], [ -74.2849458, 39.5638843 ], [ -74.2852616, 39.5639401 ] ], [ [ -74.2970093, 39.5519911 ], [ -74.2981539, 39.5526216 ], [ -74.2991884, 39.5532861 ], [ -74.2999808, 39.554087 ], [ -74.3001569, 39.5546152 ], [ -74.3000909, 39.5551094 ], [ -74.2993865, 39.555808 ], [ -74.2986821, 39.556694 ], [ -74.2985917, 39.5571361 ], [ -74.2987702, 39.5574267 ], [ -74.2998091, 39.5584217 ], [ -74.3006059, 39.5593051 ], [ -74.3014776, 39.5610047 ], [ -74.3009714, 39.5633388 ], [ -74.2997387, 39.5643611 ], [ -74.2987262, 39.564804 ], [ -74.2971413, 39.5651788 ], [ -74.2960848, 39.5652981 ], [ -74.2955125, 39.5651277 ], [ -74.2953804, 39.564344 ], [ -74.2957766, 39.5635092 ], [ -74.2960187, 39.5624529 ], [ -74.2963049, 39.5608854 ], [ -74.2957766, 39.5594031 ], [ -74.2938836, 39.5573415 ], [ -74.2926509, 39.5560636 ], [ -74.2914183, 39.5548027 ], [ -74.2902957, 39.5532691 ], [ -74.2898555, 39.552366 ], [ -74.2901636, 39.5505597 ], [ -74.2905818, 39.55027 ], [ -74.2919686, 39.5507472 ], [ -74.2934654, 39.5516333 ], [ -74.2945219, 39.5516503 ], [ -74.2958646, 39.5516333 ], [ -74.2970093, 39.5519911 ] ], [ [ -74.2743558, 39.5627977 ], [ -74.275069, 39.5636768 ], [ -74.2749897, 39.565435 ], [ -74.2764953, 39.5667843 ], [ -74.2767066, 39.5676225 ], [ -74.2757293, 39.5687264 ], [ -74.276284, 39.5696668 ], [ -74.2771821, 39.5696873 ], [ -74.2775783, 39.5692375 ], [ -74.2779481, 39.568338 ], [ -74.2790575, 39.5678065 ], [ -74.2797443, 39.568338 ], [ -74.2797971, 39.5694419 ], [ -74.2804838, 39.5698099 ], [ -74.2813555, 39.569769 ], [ -74.2821743, 39.569074 ], [ -74.2822272, 39.5678678 ], [ -74.2814083, 39.566539 ], [ -74.279982, 39.5651488 ], [ -74.2795329, 39.562675 ], [ -74.278899, 39.561571 ], [ -74.2768915, 39.5610803 ], [ -74.2766274, 39.5605078 ], [ -74.2765482, 39.5580134 ], [ -74.2773934, 39.5564799 ], [ -74.2782915, 39.5545988 ], [ -74.2793745, 39.553147 ], [ -74.2805631, 39.5531266 ], [ -74.2811442, 39.5543943 ], [ -74.2818838, 39.5546397 ], [ -74.2825177, 39.5542921 ], [ -74.282597, 39.553147 ], [ -74.2814876, 39.5499162 ], [ -74.2798235, 39.5486893 ], [ -74.2780802, 39.5486688 ], [ -74.2772613, 39.5484848 ], [ -74.2771029, 39.5477895 ], [ -74.2781594, 39.5462763 ], [ -74.277816, 39.5451106 ], [ -74.2771029, 39.544763 ], [ -74.2756237, 39.5450902 ], [ -74.2746728, 39.5466648 ], [ -74.2738275, 39.5481985 ], [ -74.2742237, 39.5495277 ], [ -74.2740652, 39.5508364 ], [ -74.273669, 39.5522269 ], [ -74.2736162, 39.5529426 ], [ -74.2741709, 39.5541285 ], [ -74.2737747, 39.5555803 ], [ -74.2733256, 39.5578703 ], [ -74.2735105, 39.5599967 ], [ -74.2737483, 39.5610803 ], [ -74.2743558, 39.5627977 ] ], [ [ -74.3000703, 39.5521846 ], [ -74.2991249, 39.5515193 ], [ -74.2974872, 39.5507218 ], [ -74.2943704, 39.5490859 ], [ -74.293393, 39.5478385 ], [ -74.2932345, 39.5464275 ], [ -74.2934459, 39.5450778 ], [ -74.2939741, 39.5441576 ], [ -74.2949515, 39.5440144 ], [ -74.2962986, 39.5440144 ], [ -74.2975136, 39.5446484 ], [ -74.2978285, 39.5446853 ], [ -74.2983853, 39.5447506 ], [ -74.3008418, 39.5445257 ], [ -74.3031662, 39.544178 ], [ -74.3052529, 39.5444848 ], [ -74.3077359, 39.54563 ], [ -74.3097169, 39.5468774 ], [ -74.3120678, 39.5490655 ], [ -74.3120942, 39.5509263 ], [ -74.3097961, 39.5544025 ], [ -74.3099282, 39.5592074 ], [ -74.3097169, 39.5608635 ], [ -74.3091094, 39.5622947 ], [ -74.3083962, 39.5629489 ], [ -74.3068378, 39.5633987 ], [ -74.3055699, 39.5640325 ], [ -74.3047247, 39.5642369 ], [ -74.3038794, 39.563644 ], [ -74.303536, 39.5619267 ], [ -74.3039586, 39.5598208 ], [ -74.3042492, 39.5564267 ], [ -74.3029021, 39.5541775 ], [ -74.3000703, 39.5521846 ] ], [ [ -74.2791813, 39.5395717 ], [ -74.2783269, 39.5401554 ], [ -74.2776754, 39.5411132 ], [ -74.2756576, 39.5432435 ], [ -74.2749086, 39.5436103 ], [ -74.2742819, 39.5435748 ], [ -74.2737622, 39.5433026 ], [ -74.2733494, 39.5421665 ], [ -74.2738386, 39.5407463 ], [ -74.2754589, 39.5394444 ], [ -74.2780728, 39.538391 ], [ -74.2790817, 39.5382371 ], [ -74.2794638, 39.538462 ], [ -74.2795555, 39.5390656 ], [ -74.2791813, 39.5395717 ] ], [ [ -74.2822878, 39.5374972 ], [ -74.28336, 39.5368643 ], [ -74.2845913, 39.5368479 ], [ -74.2850359, 39.537233 ], [ -74.2851433, 39.5376422 ], [ -74.2849397, 39.538135 ], [ -74.2842835, 39.5386068 ], [ -74.2837421, 39.5390342 ], [ -74.2825744, 39.5399876 ], [ -74.2819588, 39.5403493 ], [ -74.281566, 39.5403164 ], [ -74.2810777, 39.5400945 ], [ -74.2810671, 39.5396917 ], [ -74.2813537, 39.5388205 ], [ -74.2822878, 39.5374972 ] ], [ [ -74.3403094, 39.5149047 ], [ -74.3410068, 39.5159113 ], [ -74.3421162, 39.5180226 ], [ -74.3452542, 39.5216804 ], [ -74.347885, 39.5239389 ], [ -74.3484872, 39.524798 ], [ -74.3479801, 39.5252399 ], [ -74.346839, 39.525068 ], [ -74.3446836, 39.5241598 ], [ -74.3434456, 39.5235445 ], [ -74.342338, 39.5228342 ], [ -74.3379933, 39.5204854 ], [ -74.3372778, 39.5199433 ], [ -74.3360893, 39.519283 ], [ -74.3357768, 39.5185382 ], [ -74.3364107, 39.5174334 ], [ -74.3381541, 39.515543 ], [ -74.3396121, 39.5147083 ], [ -74.3403094, 39.5149047 ] ], [ [ -74.3479655, 39.5172215 ], [ -74.3488904, 39.5180389 ], [ -74.3493344, 39.518265 ], [ -74.3497378, 39.518265 ], [ -74.3500244, 39.5181746 ], [ -74.3502792, 39.5179197 ], [ -74.3503535, 39.5176073 ], [ -74.3502889, 39.516523 ], [ -74.3499985, 39.5151377 ], [ -74.3494941, 39.5142971 ], [ -74.3483629, 39.5136222 ], [ -74.3471095, 39.5133262 ], [ -74.3459783, 39.5132789 ], [ -74.3455962, 39.5135512 ], [ -74.345749, 39.5142261 ], [ -74.3464369, 39.5154219 ], [ -74.3472012, 39.5164401 ], [ -74.3479655, 39.5172215 ] ], [ [ -74.3413439, 39.5138119 ], [ -74.3415288, 39.5133618 ], [ -74.342242, 39.5131981 ], [ -74.343774, 39.513505 ], [ -74.3446985, 39.5150395 ], [ -74.3461513, 39.5170035 ], [ -74.3488719, 39.5189675 ], [ -74.3503247, 39.5204404 ], [ -74.3515133, 39.5224657 ], [ -74.3514077, 39.5230794 ], [ -74.3510115, 39.5235499 ], [ -74.3501662, 39.5237954 ], [ -74.3490304, 39.523509 ], [ -74.3481323, 39.5228135 ], [ -74.3474266, 39.5222431 ], [ -74.3460968, 39.5214126 ], [ -74.3443748, 39.5195223 ], [ -74.3423183, 39.5168012 ], [ -74.3416873, 39.5152031 ], [ -74.3413439, 39.5138119 ] ], [ [ -74.3453007, 39.5077261 ], [ -74.3467315, 39.5075215 ], [ -74.3483384, 39.5075045 ], [ -74.3500993, 39.5077773 ], [ -74.3515762, 39.5083419 ], [ -74.3520161, 39.5088526 ], [ -74.352071, 39.5094058 ], [ -74.3518377, 39.5101612 ], [ -74.3513428, 39.5105867 ], [ -74.3506282, 39.5108845 ], [ -74.3493219, 39.5109376 ], [ -74.3482063, 39.5108805 ], [ -74.3470177, 39.510693 ], [ -74.3452127, 39.5104884 ], [ -74.3426141, 39.5100866 ], [ -74.3414047, 39.5095165 ], [ -74.3414047, 39.5088856 ], [ -74.3417569, 39.5085275 ], [ -74.3428795, 39.5081524 ], [ -74.3453007, 39.5077261 ] ], [ [ -74.3910009, 39.4714227 ], [ -74.3904967, 39.4715983 ], [ -74.3902698, 39.4721645 ], [ -74.3902194, 39.4725354 ], [ -74.3905471, 39.4729453 ], [ -74.3910766, 39.4732382 ], [ -74.3926899, 39.4733162 ], [ -74.3935471, 39.4732187 ], [ -74.3940708, 39.4730139 ], [ -74.3942782, 39.4726136 ], [ -74.3941772, 39.4718912 ], [ -74.3937991, 39.4714422 ], [ -74.3928917, 39.4712079 ], [ -74.3916312, 39.4712274 ], [ -74.3910009, 39.4714227 ] ], [ [ -74.3705793, 39.4701755 ], [ -74.3721431, 39.4682186 ], [ -74.373021, 39.4680001 ], [ -74.3734912, 39.4680487 ], [ -74.3740556, 39.4682915 ], [ -74.3745824, 39.4687795 ], [ -74.3763729, 39.4702791 ], [ -74.3787833, 39.4713912 ], [ -74.3806498, 39.4728411 ], [ -74.3815605, 39.473194 ], [ -74.3826015, 39.4729923 ], [ -74.3848069, 39.4716125 ], [ -74.3851117, 39.4715085 ], [ -74.3854347, 39.4715752 ], [ -74.3859643, 39.4718519 ], [ -74.3861096, 39.4723068 ], [ -74.3859049, 39.4726774 ], [ -74.3791615, 39.4780323 ], [ -74.3780127, 39.4784775 ], [ -74.3760857, 39.4782286 ], [ -74.3709256, 39.4762398 ], [ -74.3687444, 39.4753275 ], [ -74.3661477, 39.4732882 ], [ -74.3643819, 39.4714367 ], [ -74.3623046, 39.4696388 ], [ -74.3609543, 39.4688069 ], [ -74.3580114, 39.4682166 ], [ -74.3555532, 39.467492 ], [ -74.3548954, 39.467009 ], [ -74.3550339, 39.4667675 ], [ -74.3556571, 39.4663918 ], [ -74.358323, 39.4667943 ], [ -74.3601234, 39.4671432 ], [ -74.3616121, 39.466848 ], [ -74.3624085, 39.4666064 ], [ -74.363274, 39.4666064 ], [ -74.3641742, 39.4669285 ], [ -74.3645897, 39.4681361 ], [ -74.365109, 39.4696388 ], [ -74.3655245, 39.4707659 ], [ -74.3665631, 39.471544 ], [ -74.3675828, 39.4717777 ], [ -74.3684677, 39.4715577 ], [ -74.3698703, 39.4709107 ], [ -74.3705793, 39.4701755 ] ], [ [ -74.376785, 39.4655868 ], [ -74.376934, 39.4658833 ], [ -74.3769552, 39.4664104 ], [ -74.3768914, 39.4670198 ], [ -74.3766999, 39.467168 ], [ -74.3761569, 39.4672931 ], [ -74.3755541, 39.4672374 ], [ -74.3753413, 39.4671057 ], [ -74.375126, 39.4668221 ], [ -74.3749984, 39.4664762 ], [ -74.3750197, 39.4659492 ], [ -74.3751472, 39.4656033 ], [ -74.3754876, 39.4654551 ], [ -74.3762745, 39.4654221 ], [ -74.376785, 39.4655868 ] ], [ [ -74.3787473, 39.4615791 ], [ -74.3782864, 39.4620848 ], [ -74.3777486, 39.4623525 ], [ -74.3770955, 39.4623228 ], [ -74.3768651, 39.4621146 ], [ -74.3766681, 39.461744 ], [ -74.3765578, 39.4611031 ], [ -74.3764809, 39.4605082 ], [ -74.3765961, 39.4598239 ], [ -74.3768265, 39.4595859 ], [ -74.3772491, 39.459467 ], [ -74.3778432, 39.4593851 ], [ -74.3785729, 39.459623 ], [ -74.3788419, 39.4601585 ], [ -74.3788625, 39.4609543 ], [ -74.3787473, 39.4615791 ] ], [ [ -74.3860636, 39.461234 ], [ -74.3857681, 39.460902 ], [ -74.3854081, 39.4600891 ], [ -74.3851681, 39.4589509 ], [ -74.3851681, 39.4581611 ], [ -74.3854381, 39.4576965 ], [ -74.385708, 39.4576269 ], [ -74.3862905, 39.4576369 ], [ -74.3866676, 39.4579521 ], [ -74.3869078, 39.4587651 ], [ -74.3872075, 39.4599265 ], [ -74.3872976, 39.4606465 ], [ -74.3872375, 39.4609485 ], [ -74.3869976, 39.4612969 ], [ -74.3868176, 39.4613433 ], [ -74.3863035, 39.46135 ], [ -74.3860636, 39.461234 ] ], [ [ -74.3879574, 39.4574178 ], [ -74.3883622, 39.4571044 ], [ -74.3888122, 39.4571044 ], [ -74.389352, 39.4572785 ], [ -74.3898917, 39.4578709 ], [ -74.3906567, 39.4588116 ], [ -74.3909264, 39.4594736 ], [ -74.3912414, 39.4604491 ], [ -74.3916463, 39.4614595 ], [ -74.392816, 39.4634454 ], [ -74.392951, 39.464595 ], [ -74.392951, 39.4650131 ], [ -74.392636, 39.4653963 ], [ -74.3923661, 39.4655008 ], [ -74.3918712, 39.4654661 ], [ -74.3912865, 39.4653615 ], [ -74.3905666, 39.4649782 ], [ -74.389622, 39.4646298 ], [ -74.389172, 39.4644905 ], [ -74.3882274, 39.4641421 ], [ -74.3879574, 39.4640027 ], [ -74.3877774, 39.4638286 ], [ -74.3876876, 39.4635847 ], [ -74.3876876, 39.4632712 ], [ -74.3879574, 39.4627486 ], [ -74.3885873, 39.4617382 ], [ -74.3888572, 39.4612505 ], [ -74.3889021, 39.4603794 ], [ -74.3887671, 39.4594387 ], [ -74.3881823, 39.458498 ], [ -74.3879124, 39.4579057 ], [ -74.3879574, 39.4574178 ] ], [ [ -74.37474, 39.4384782 ], [ -74.3760765, 39.4402136 ], [ -74.3761547, 39.4409746 ], [ -74.3759975, 39.4411572 ], [ -74.3754474, 39.4414921 ], [ -74.3749365, 39.4415529 ], [ -74.3744256, 39.4414921 ], [ -74.373679, 39.4408832 ], [ -74.3731682, 39.4400917 ], [ -74.3730109, 39.4392393 ], [ -74.3729717, 39.4386912 ], [ -74.373286, 39.438326 ], [ -74.3738362, 39.4382042 ], [ -74.3741898, 39.4382042 ], [ -74.37474, 39.4384782 ] ], [ [ -74.3772943, 39.4381128 ], [ -74.3769799, 39.4382346 ], [ -74.3767834, 39.4386 ], [ -74.376862, 39.4390566 ], [ -74.3770585, 39.4396959 ], [ -74.3780016, 39.4403048 ], [ -74.3788849, 39.4406029 ], [ -74.3791207, 39.4406029 ], [ -74.3795922, 39.440542 ], [ -74.3798672, 39.4403898 ], [ -74.3799852, 39.4399331 ], [ -74.3798279, 39.439446 ], [ -74.379102, 39.4385086 ], [ -74.3782767, 39.4380824 ], [ -74.3772943, 39.4381128 ] ], [ [ -74.3703831, 39.4414667 ], [ -74.3696707, 39.4408528 ], [ -74.3688455, 39.4395437 ], [ -74.3686883, 39.4386912 ], [ -74.3686491, 39.4381432 ], [ -74.3689634, 39.437778 ], [ -74.3695136, 39.4376562 ], [ -74.3698672, 39.4376562 ], [ -74.3704174, 39.4379302 ], [ -74.3711641, 39.4387217 ], [ -74.3718321, 39.4404265 ], [ -74.3718649, 39.4412434 ], [ -74.3713147, 39.4415783 ], [ -74.3708039, 39.4416392 ], [ -74.3703831, 39.4414667 ] ], [ [ -74.3586832, 39.4869753 ], [ -74.3523401, 39.4867042 ], [ -74.3501762, 39.4865924 ], [ -74.3445212, 39.4853852 ], [ -74.3429632, 39.4849828 ], [ -74.3411922, 39.4843314 ], [ -74.3394811, 39.4840831 ], [ -74.3379698, 39.4840985 ], [ -74.336968, 39.4841503 ], [ -74.3356799, 39.4843006 ], [ -74.3342965, 39.4848877 ], [ -74.333618, 39.4856011 ], [ -74.3332563, 39.4864529 ], [ -74.3332006, 39.4871213 ], [ -74.3336733, 39.4880389 ], [ -74.335196, 39.4894769 ], [ -74.3356719, 39.4902143 ], [ -74.3356719, 39.4909149 ], [ -74.3348153, 39.4913573 ], [ -74.3339588, 39.4914311 ], [ -74.333245, 39.4909886 ], [ -74.3322932, 39.4895875 ], [ -74.3312463, 39.4885919 ], [ -74.3293429, 39.4874489 ], [ -74.3282008, 39.4865271 ], [ -74.3277725, 39.4844621 ], [ -74.3277725, 39.4832396 ], [ -74.3277725, 39.4830978 ], [ -74.3273497, 39.4819662 ], [ -74.3257572, 39.4788465 ], [ -74.3241142, 39.476579 ], [ -74.3223472, 39.4751158 ], [ -74.3214816, 39.4748475 ], [ -74.3197851, 39.4746865 ], [ -74.3174308, 39.4756256 ], [ -74.3166345, 39.4767525 ], [ -74.3166691, 39.4779868 ], [ -74.3178064, 39.4788512 ], [ -74.3184695, 39.4793552 ], [ -74.3215855, 39.4803479 ], [ -74.3243553, 39.4811528 ], [ -74.3259479, 39.4828431 ], [ -74.3265711, 39.4857674 ], [ -74.3271597, 39.4878332 ], [ -74.3288216, 39.4890404 ], [ -74.330795, 39.4900598 ], [ -74.3313144, 39.4908109 ], [ -74.3308643, 39.4918035 ], [ -74.3299295, 39.4925546 ], [ -74.3283715, 39.4933057 ], [ -74.3269866, 39.4939764 ], [ -74.3267601, 39.4943525 ], [ -74.3265019, 39.4947811 ], [ -74.3265019, 39.4955859 ], [ -74.3273674, 39.4962565 ], [ -74.3280599, 39.4966588 ], [ -74.3282966, 39.4973983 ], [ -74.3282632, 39.4977476 ], [ -74.3278337, 39.4981313 ], [ -74.3271421, 39.4982863 ], [ -74.3258742, 39.4987691 ], [ -74.3251153, 39.4989269 ], [ -74.3242387, 39.49897 ], [ -74.323376, 39.4989053 ], [ -74.3226056, 39.4984509 ], [ -74.3211871, 39.4971843 ], [ -74.3191434, 39.4931606 ], [ -74.3168352, 39.4895651 ], [ -74.3138298, 39.4860068 ], [ -74.312267, 39.4822619 ], [ -74.3118459, 39.4798526 ], [ -74.3118737, 39.4782675 ], [ -74.3135934, 39.4735013 ], [ -74.3156152, 39.4694115 ], [ -74.3171109, 39.4670929 ], [ -74.3199196, 39.4648324 ], [ -74.3218934, 39.4630305 ], [ -74.3232158, 39.4616327 ], [ -74.3252595, 39.4582593 ], [ -74.3293468, 39.4532082 ], [ -74.330726, 39.4527236 ], [ -74.331592, 39.4534402 ], [ -74.3321631, 39.4547683 ], [ -74.3341867, 39.4566661 ], [ -74.3352129, 39.4575102 ], [ -74.3355053, 39.4573651 ], [ -74.3362515, 39.4569948 ], [ -74.3368899, 39.4565441 ], [ -74.3370643, 39.4562944 ], [ -74.3370845, 39.4558367 ], [ -74.3369704, 39.4553529 ], [ -74.3358975, 39.4531498 ], [ -74.3346857, 39.4513783 ], [ -74.3349281, 39.4500362 ], [ -74.3359321, 39.448882 ], [ -74.33704, 39.4471909 ], [ -74.3387365, 39.4457145 ], [ -74.3410909, 39.4442649 ], [ -74.3441376, 39.4435132 ], [ -74.3524124, 39.4414193 ], [ -74.3584021, 39.4387884 ], [ -74.3612411, 39.4372313 ], [ -74.3631453, 39.437285 ], [ -74.3649803, 39.4380904 ], [ -74.367023, 39.4398354 ], [ -74.3677501, 39.4419025 ], [ -74.3679578, 39.443379 ], [ -74.3667461, 39.4446407 ], [ -74.3638032, 39.4458218 ], [ -74.3594754, 39.4468956 ], [ -74.3569479, 39.4468687 ], [ -74.3536588, 39.4454997 ], [ -74.3505082, 39.444936 ], [ -74.3482231, 39.4456071 ], [ -74.347496, 39.4469224 ], [ -74.3477384, 39.4484256 ], [ -74.3477037, 39.4494188 ], [ -74.3470459, 39.4500362 ], [ -74.344657, 39.4506535 ], [ -74.3441723, 39.4513514 ], [ -74.3442115, 39.4515643 ], [ -74.3442761, 39.4519151 ], [ -74.3451417, 39.4519151 ], [ -74.347219, 39.4516735 ], [ -74.3495734, 39.4511635 ], [ -74.350335, 39.4503314 ], [ -74.3501273, 39.449392 ], [ -74.3491233, 39.448023 ], [ -74.3492617, 39.447164 ], [ -74.3503004, 39.4469761 ], [ -74.3513045, 39.4470298 ], [ -74.3522739, 39.4474861 ], [ -74.3544205, 39.448533 ], [ -74.3568787, 39.4491772 ], [ -74.3588868, 39.4490967 ], [ -74.3610334, 39.4482914 ], [ -74.3659151, 39.4464929 ], [ -74.3678194, 39.4455266 ], [ -74.3692735, 39.444077 ], [ -74.3705199, 39.4432448 ], [ -74.3714547, 39.4436206 ], [ -74.3716624, 39.4448286 ], [ -74.3713855, 39.4456608 ], [ -74.3699313, 39.4462782 ], [ -74.3678194, 39.4470566 ], [ -74.3667461, 39.4484256 ], [ -74.366019, 39.4506267 ], [ -74.3658459, 39.4540624 ], [ -74.3654304, 39.4545992 ], [ -74.3646341, 39.4548139 ], [ -74.3632146, 39.4546529 ], [ -74.3608949, 39.453955 ], [ -74.3587137, 39.4532035 ], [ -74.3552168, 39.4533108 ], [ -74.3522393, 39.453794 ], [ -74.3499888, 39.4552702 ], [ -74.3497118, 39.4559412 ], [ -74.3498896, 39.456079 ], [ -74.3501273, 39.4562633 ], [ -74.3511314, 39.4562364 ], [ -74.3548013, 39.4548139 ], [ -74.3574673, 39.4545723 ], [ -74.3604448, 39.4551897 ], [ -74.3632492, 39.4563169 ], [ -74.3651188, 39.4564511 ], [ -74.3663306, 39.4560217 ], [ -74.3673346, 39.4546797 ], [ -74.367854, 39.4507609 ], [ -74.3682348, 39.4494188 ], [ -74.3692735, 39.4482377 ], [ -74.3703122, 39.4483451 ], [ -74.3704507, 39.4492041 ], [ -74.3703122, 39.4513783 ], [ -74.3703122, 39.4550823 ], [ -74.3701391, 39.4565048 ], [ -74.3700006, 39.4584641 ], [ -74.3699659, 39.462463 ], [ -74.3718009, 39.4646099 ], [ -74.3720087, 39.4659249 ], [ -74.3716624, 39.4667568 ], [ -74.3707623, 39.4680986 ], [ -74.3684426, 39.4700038 ], [ -74.3673693, 39.4701917 ], [ -74.3667807, 39.4697623 ], [ -74.3661229, 39.4673472 ], [ -74.3656728, 39.4663006 ], [ -74.3641148, 39.465254 ], [ -74.3628684, 39.4651198 ], [ -74.3618643, 39.4654955 ], [ -74.3589214, 39.4657907 ], [ -74.3568787, 39.4651198 ], [ -74.3536934, 39.4644221 ], [ -74.3529829, 39.4644199 ], [ -74.3521494, 39.4649821 ], [ -74.3518238, 39.4658981 ], [ -74.3519623, 39.4667568 ], [ -74.353001, 39.4677229 ], [ -74.3557708, 39.4687158 ], [ -74.3581943, 39.4696013 ], [ -74.3598908, 39.4697623 ], [ -74.3605487, 39.4704868 ], [ -74.3616219, 39.4733849 ], [ -74.364184, 39.477678 ], [ -74.3661229, 39.4806563 ], [ -74.3660646, 39.4826001 ], [ -74.3644536, 39.4846055 ], [ -74.3642927, 39.4847975 ], [ -74.363011, 39.4863269 ], [ -74.3616261, 39.4868635 ], [ -74.3586832, 39.4869753 ] ], [ [ -74.3814067, 39.4302613 ], [ -74.3807606, 39.4301778 ], [ -74.3800607, 39.4302613 ], [ -74.3798096, 39.4306583 ], [ -74.3799707, 39.4310881 ], [ -74.3821604, 39.4334108 ], [ -74.3824566, 39.4336611 ], [ -74.3826719, 39.4338071 ], [ -74.382968, 39.4338071 ], [ -74.3835872, 39.4336402 ], [ -74.3838393, 39.4333691 ], [ -74.3837046, 39.432806 ], [ -74.3834524, 39.4323629 ], [ -74.3827059, 39.4313251 ], [ -74.3814067, 39.4302613 ] ], [ [ -74.4502128, 39.4296369 ], [ -74.4506175, 39.43007 ], [ -74.4507523, 39.4305626 ], [ -74.4505596, 39.4311897 ], [ -74.4497503, 39.4317272 ], [ -74.4487483, 39.4317869 ], [ -74.4482473, 39.4314137 ], [ -74.4479582, 39.4307268 ], [ -74.4479197, 39.4299505 ], [ -74.4483436, 39.4295026 ], [ -74.449442, 39.4294727 ], [ -74.4502128, 39.4296369 ] ], [ [ -74.4520241, 39.4293085 ], [ -74.4525059, 39.4292039 ], [ -74.4529876, 39.4292786 ], [ -74.4533923, 39.4295773 ], [ -74.4533344, 39.430279 ], [ -74.4529106, 39.4304581 ], [ -74.4522746, 39.4303835 ], [ -74.4520241, 39.4301596 ], [ -74.4519278, 39.4296071 ], [ -74.4520241, 39.4293085 ] ], [ [ -74.4361478, 39.427592 ], [ -74.4365176, 39.4279104 ], [ -74.4365792, 39.4282925 ], [ -74.4365381, 39.4286586 ], [ -74.4363943, 39.4289451 ], [ -74.4360862, 39.4292475 ], [ -74.4360039, 39.4296296 ], [ -74.4360039, 39.4301072 ], [ -74.4360862, 39.4306802 ], [ -74.436045, 39.4313329 ], [ -74.435778, 39.4315397 ], [ -74.4348124, 39.4316353 ], [ -74.4339906, 39.4316034 ], [ -74.4338057, 39.4314761 ], [ -74.4337029, 39.4312532 ], [ -74.4336824, 39.4309508 ], [ -74.4337852, 39.4306483 ], [ -74.4344426, 39.4294226 ], [ -74.4345659, 39.4288655 ], [ -74.4347097, 39.4282925 ], [ -74.4347713, 39.4278786 ], [ -74.4349357, 39.4276398 ], [ -74.4354287, 39.4275761 ], [ -74.4361478, 39.427592 ] ], [ [ -74.3780426, 39.4315023 ], [ -74.3787969, 39.4320032 ], [ -74.3796589, 39.4331164 ], [ -74.3796589, 39.4336451 ], [ -74.3792997, 39.4340068 ], [ -74.3787609, 39.4342295 ], [ -74.3778271, 39.4342573 ], [ -74.3753128, 39.4340068 ], [ -74.3733014, 39.4340347 ], [ -74.3711104, 39.4342295 ], [ -74.3694941, 39.4342851 ], [ -74.3683447, 39.4339234 ], [ -74.3680574, 39.4335616 ], [ -74.3677341, 39.4326155 ], [ -74.3673749, 39.4319754 ], [ -74.3669439, 39.4306952 ], [ -74.3668361, 39.4294707 ], [ -74.3668361, 39.4283575 ], [ -74.366908, 39.4269938 ], [ -74.3672313, 39.4265485 ], [ -74.3676982, 39.4265206 ], [ -74.368237, 39.4267154 ], [ -74.3684165, 39.4269103 ], [ -74.3685602, 39.4273556 ], [ -74.368668, 39.4285523 ], [ -74.3687039, 39.4294707 ], [ -74.3688475, 39.4299716 ], [ -74.3691349, 39.4305561 ], [ -74.369566, 39.43089 ], [ -74.3701766, 39.4311405 ], [ -74.3715774, 39.4313075 ], [ -74.3731578, 39.4313353 ], [ -74.3760312, 39.4313075 ], [ -74.3772524, 39.4313075 ], [ -74.3780426, 39.4315023 ] ], [ [ -74.4400922, 39.4262071 ], [ -74.4406881, 39.427194 ], [ -74.4413044, 39.4294385 ], [ -74.4414071, 39.430903 ], [ -74.44114, 39.4315716 ], [ -74.4404826, 39.4318263 ], [ -74.4396608, 39.4318422 ], [ -74.4391062, 39.4316989 ], [ -74.4389007, 39.431301 ], [ -74.4385925, 39.4304891 ], [ -74.438346, 39.4288337 ], [ -74.4383255, 39.4274965 ], [ -74.4384692, 39.4265414 ], [ -74.4387569, 39.4260001 ], [ -74.4395581, 39.4259842 ], [ -74.4400922, 39.4262071 ] ], [ [ -74.4430602, 39.4255042 ], [ -74.442277, 39.4254918 ], [ -74.4421249, 39.4256517 ], [ -74.4419717, 39.4258297 ], [ -74.441978, 39.4262155 ], [ -74.4428587, 39.4282924 ], [ -74.4432416, 39.4288562 ], [ -74.4435097, 39.4296869 ], [ -74.4435863, 39.4303397 ], [ -74.4433949, 39.4318528 ], [ -74.443816, 39.4325649 ], [ -74.444467, 39.4327132 ], [ -74.4450414, 39.4326835 ], [ -74.4456924, 39.4324759 ], [ -74.4459605, 39.4318528 ], [ -74.4459222, 39.4305771 ], [ -74.4456541, 39.4292716 ], [ -74.4443138, 39.4270759 ], [ -74.4436246, 39.4257637 ], [ -74.4430602, 39.4255042 ] ], [ [ -74.4533025, 39.4243007 ], [ -74.4537994, 39.424321 ], [ -74.4541917, 39.4245034 ], [ -74.4543485, 39.4248478 ], [ -74.4543746, 39.4253139 ], [ -74.4538517, 39.4263878 ], [ -74.4524657, 39.4277048 ], [ -74.4511321, 39.4283127 ], [ -74.4505306, 39.4283735 ], [ -74.4493277, 39.4282316 ], [ -74.4478372, 39.4274212 ], [ -74.4465035, 39.4266107 ], [ -74.4456929, 39.4257192 ], [ -74.4454576, 39.425172 ], [ -74.4454837, 39.4248883 ], [ -74.445876, 39.4247667 ], [ -74.4465035, 39.4247262 ], [ -74.4483864, 39.4248478 ], [ -74.4492231, 39.4249694 ], [ -74.4500077, 39.4249288 ], [ -74.4533025, 39.4243007 ] ], [ [ -74.3652657, 39.4272899 ], [ -74.3650867, 39.4294052 ], [ -74.3647734, 39.4300987 ], [ -74.3643706, 39.4304455 ], [ -74.3639679, 39.4306882 ], [ -74.3637441, 39.4309309 ], [ -74.3637441, 39.431139 ], [ -74.3638783, 39.4315551 ], [ -74.3651762, 39.4325953 ], [ -74.3654447, 39.433046 ], [ -74.3654, 39.4333928 ], [ -74.3651554, 39.4336547 ], [ -74.3646631, 39.433724 ], [ -74.3635203, 39.4334968 ], [ -74.362491, 39.4333235 ], [ -74.359224, 39.432734 ], [ -74.3580681, 39.4324037 ], [ -74.3573073, 39.4320224 ], [ -74.356636, 39.4312595 ], [ -74.3565017, 39.4309821 ], [ -74.3566283, 39.430272 ], [ -74.3567178, 39.4295092 ], [ -74.3569416, 39.4285036 ], [ -74.3569863, 39.4276367 ], [ -74.3568521, 39.4269778 ], [ -74.3559123, 39.4260762 ], [ -74.3556885, 39.4254867 ], [ -74.355778, 39.4251053 ], [ -74.3561808, 39.424481 ], [ -74.3565836, 39.4242382 ], [ -74.3573891, 39.4242036 ], [ -74.3577919, 39.4242729 ], [ -74.3585975, 39.4245504 ], [ -74.3596268, 39.4252439 ], [ -74.3603428, 39.4259375 ], [ -74.3612826, 39.4262843 ], [ -74.3618644, 39.4264577 ], [ -74.362668, 39.4267893 ], [ -74.363026, 39.426824 ], [ -74.363205, 39.4267893 ], [ -74.363563, 39.4265465 ], [ -74.3641165, 39.425595 ], [ -74.3644297, 39.4254563 ], [ -74.3648772, 39.4254217 ], [ -74.365283, 39.425729 ], [ -74.3652657, 39.4263883 ], [ -74.3652657, 39.4272899 ] ], [ [ -74.4378163, 39.4222473 ], [ -74.4374622, 39.4221101 ], [ -74.4371436, 39.4221376 ], [ -74.4351609, 39.4226039 ], [ -74.4344882, 39.4228783 ], [ -74.434205, 39.4231801 ], [ -74.434028, 39.4237014 ], [ -74.4340988, 39.424497 ], [ -74.4345236, 39.4256218 ], [ -74.4348777, 39.4259235 ], [ -74.4353025, 39.4260332 ], [ -74.4355504, 39.4260332 ], [ -74.4359753, 39.4257041 ], [ -74.4379933, 39.4229332 ], [ -74.4380641, 39.4225216 ], [ -74.4379579, 39.422357 ], [ -74.4378163, 39.4222473 ] ], [ [ -74.3591946, 39.4182775 ], [ -74.3599719, 39.4187531 ], [ -74.3602174, 39.4191336 ], [ -74.3601765, 39.4196092 ], [ -74.3599719, 39.420053 ], [ -74.3596037, 39.4201798 ], [ -74.3591945, 39.4201481 ], [ -74.3584991, 39.4199896 ], [ -74.3573944, 39.4195457 ], [ -74.357108, 39.4191969 ], [ -74.357108, 39.4187848 ], [ -74.3572511, 39.4184406 ], [ -74.3575784, 39.4182187 ], [ -74.3582725, 39.4181155 ], [ -74.3591946, 39.4182775 ] ], [ [ -74.4027952, 39.4178012 ], [ -74.4026318, 39.4181165 ], [ -74.4024655, 39.418893 ], [ -74.4027212, 39.4198508 ], [ -74.4034884, 39.4208746 ], [ -74.4040424, 39.421304 ], [ -74.404426, 39.42137 ], [ -74.4054062, 39.4212048 ], [ -74.4099238, 39.4193554 ], [ -74.4105205, 39.4191242 ], [ -74.4106479, 39.4188224 ], [ -74.4107646, 39.4184152 ], [ -74.4104729, 39.4182251 ], [ -74.4093648, 39.4179609 ], [ -74.4057848, 39.4177627 ], [ -74.4035259, 39.4176636 ], [ -74.4027952, 39.4178012 ] ], [ [ -74.4506871, 39.4155429 ], [ -74.4514299, 39.4150885 ], [ -74.4524855, 39.4150279 ], [ -74.4535802, 39.4151491 ], [ -74.4566297, 39.4161792 ], [ -74.4575289, 39.416664 ], [ -74.4579981, 39.4172093 ], [ -74.4580763, 39.4176941 ], [ -74.4578808, 39.4186333 ], [ -74.4570598, 39.4204511 ], [ -74.4565124, 39.4210873 ], [ -74.4553786, 39.4218144 ], [ -74.4545185, 39.4222386 ], [ -74.4517036, 39.4231172 ], [ -74.4488105, 39.4233595 ], [ -74.4459956, 39.4233898 ], [ -74.4443145, 39.423299 ], [ -74.4430243, 39.4229051 ], [ -74.4416951, 39.4219659 ], [ -74.4414214, 39.4212085 ], [ -74.441226, 39.420027 ], [ -74.441226, 39.418694 ], [ -74.4413823, 39.4181183 ], [ -74.4425161, 39.4168155 ], [ -74.443298, 39.4165428 ], [ -74.4442754, 39.4164216 ], [ -74.445331, 39.4165125 ], [ -74.4460738, 39.4167549 ], [ -74.4466603, 39.4170275 ], [ -74.4471294, 39.4172093 ], [ -74.4481459, 39.4172699 ], [ -74.4484978, 39.4171184 ], [ -74.4506871, 39.4155429 ] ], [ [ -74.3941875, 39.4150951 ], [ -74.3935659, 39.4149336 ], [ -74.3929192, 39.4150152 ], [ -74.3925014, 39.415336 ], [ -74.3924755, 39.4158993 ], [ -74.3925794, 39.4165432 ], [ -74.3933842, 39.4180521 ], [ -74.3938255, 39.418437 ], [ -74.3940592, 39.4185175 ], [ -74.3943967, 39.4185377 ], [ -74.39489, 39.4183365 ], [ -74.3952275, 39.4179516 ], [ -74.3953833, 39.4173882 ], [ -74.3953313, 39.416523 ], [ -74.3948381, 39.4156579 ], [ -74.3941875, 39.4150951 ] ], [ [ -74.3904213, 39.4224941 ], [ -74.3918368, 39.4206921 ], [ -74.3919485, 39.4202592 ], [ -74.3918811, 39.4197891 ], [ -74.3918474, 39.4188489 ], [ -74.3912407, 39.4169945 ], [ -74.3903645, 39.4159236 ], [ -74.3893534, 39.4153229 ], [ -74.3881738, 39.4149834 ], [ -74.3871628, 39.4149311 ], [ -74.3863876, 39.4150357 ], [ -74.3856461, 39.4154274 ], [ -74.3847025, 39.4161588 ], [ -74.3831859, 39.4176214 ], [ -74.381467, 39.418666 ], [ -74.3794449, 39.419319 ], [ -74.3780188, 39.4197258 ], [ -74.3764685, 39.4200392 ], [ -74.3755585, 39.4205877 ], [ -74.3750193, 39.421345 ], [ -74.3745137, 39.4223635 ], [ -74.3744126, 39.4229903 ], [ -74.3744463, 39.4235649 ], [ -74.3746149, 39.4239566 ], [ -74.3749182, 39.4242178 ], [ -74.3759629, 39.424505 ], [ -74.3770077, 39.4252363 ], [ -74.3779514, 39.4266204 ], [ -74.3783221, 39.4271427 ], [ -74.3789962, 39.4277955 ], [ -74.3796365, 39.4281872 ], [ -74.3806476, 39.4285789 ], [ -74.3816586, 39.4288923 ], [ -74.3827371, 39.4293101 ], [ -74.3840179, 39.4302502 ], [ -74.3844897, 39.4308508 ], [ -74.3850289, 39.431138 ], [ -74.3853322, 39.4312163 ], [ -74.385703, 39.4311641 ], [ -74.3859051, 39.4309553 ], [ -74.3860063, 39.4304068 ], [ -74.3860063, 39.4299107 ], [ -74.3861748, 39.4289706 ], [ -74.3863433, 39.4282656 ], [ -74.387051, 39.4269337 ], [ -74.3873881, 39.4256541 ], [ -74.3874218, 39.4245312 ], [ -74.3875565, 39.4241134 ], [ -74.3878262, 39.4239305 ], [ -74.3880958, 39.4238522 ], [ -74.3888373, 39.4238 ], [ -74.3894776, 39.4236694 ], [ -74.3898146, 39.4234343 ], [ -74.3899832, 39.4230426 ], [ -74.3904213, 39.4224941 ] ], [ [ -74.3940038, 39.4139457 ], [ -74.3966993, 39.4153671 ], [ -74.3979418, 39.4159901 ], [ -74.3993145, 39.4167535 ], [ -74.3996048, 39.4176318 ], [ -74.4000694, 39.4179246 ], [ -74.4009114, 39.417812 ], [ -74.4013759, 39.4172039 ], [ -74.4017243, 39.4161455 ], [ -74.4017243, 39.4153572 ], [ -74.4015211, 39.4147942 ], [ -74.4010275, 39.4144339 ], [ -74.4002145, 39.414051 ], [ -74.3970207, 39.4134654 ], [ -74.3952206, 39.4132627 ], [ -74.3943428, 39.4130857 ], [ -74.3938485, 39.4130417 ], [ -74.3935406, 39.4130983 ], [ -74.3933056, 39.4132931 ], [ -74.3932732, 39.4135194 ], [ -74.3940038, 39.4139457 ] ], [ [ -74.4555598, 39.414342 ], [ -74.4552377, 39.4140646 ], [ -74.4551346, 39.4138516 ], [ -74.4550942, 39.4133194 ], [ -74.4552091, 39.4130746 ], [ -74.4555342, 39.412983 ], [ -74.4561921, 39.4129834 ], [ -74.4566945, 39.4132769 ], [ -74.4568022, 39.4137223 ], [ -74.4566917, 39.414208 ], [ -74.4563384, 39.414432 ], [ -74.4560707, 39.4144551 ], [ -74.4555598, 39.414342 ] ], [ [ -74.4365277, 39.4117076 ], [ -74.436797, 39.4119582 ], [ -74.4371202, 39.4125426 ], [ -74.4374973, 39.4147967 ], [ -74.4380359, 39.4166333 ], [ -74.4380359, 39.4178021 ], [ -74.4378743, 39.4186786 ], [ -74.4372818, 39.4198474 ], [ -74.4363661, 39.4206404 ], [ -74.435666, 39.4209326 ], [ -74.4352351, 39.4209326 ], [ -74.4345348, 39.4207656 ], [ -74.4338885, 39.4203482 ], [ -74.4335653, 39.419096 ], [ -74.4335653, 39.4176351 ], [ -74.4343732, 39.4160907 ], [ -74.4349658, 39.4151306 ], [ -74.4353967, 39.4138784 ], [ -74.435666, 39.4119999 ], [ -74.436043, 39.4116659 ], [ -74.4365277, 39.4117076 ] ], [ [ -74.4295006, 39.4180786 ], [ -74.4292503, 39.41782 ], [ -74.4291251, 39.4174966 ], [ -74.4294588, 39.416753 ], [ -74.4303767, 39.4150071 ], [ -74.4317117, 39.4132611 ], [ -74.4329633, 39.4117738 ], [ -74.4336726, 39.4115475 ], [ -74.4342567, 39.4116121 ], [ -74.434507, 39.4119031 ], [ -74.434507, 39.4124851 ], [ -74.434048, 39.4135522 ], [ -74.4332553, 39.4148454 ], [ -74.4320038, 39.4167207 ], [ -74.4307522, 39.4179493 ], [ -74.4301264, 39.4181109 ], [ -74.4295006, 39.4180786 ] ], [ [ -74.4596084, 39.4107746 ], [ -74.4597969, 39.4103729 ], [ -74.4603151, 39.4102269 ], [ -74.4611362, 39.4102273 ], [ -74.4618228, 39.4106285 ], [ -74.4619641, 39.4112128 ], [ -74.4618228, 39.4118335 ], [ -74.4613045, 39.4121622 ], [ -74.4608805, 39.4121986 ], [ -74.4602209, 39.4120526 ], [ -74.4597969, 39.4116874 ], [ -74.4596555, 39.4113953 ], [ -74.4596084, 39.4107746 ] ], [ [ -74.4477469, 39.4056453 ], [ -74.4463412, 39.405588 ], [ -74.4454163, 39.4058174 ], [ -74.4438984, 39.4072953 ], [ -74.4425296, 39.4084423 ], [ -74.4411608, 39.4092164 ], [ -74.440051, 39.4097325 ], [ -74.439718, 39.4102486 ], [ -74.439644, 39.4108507 ], [ -74.439644, 39.4116248 ], [ -74.439755, 39.4124276 ], [ -74.440014, 39.413001 ], [ -74.440421, 39.4137464 ], [ -74.4411238, 39.4142052 ], [ -74.4421967, 39.4144632 ], [ -74.4433434, 39.4146065 ], [ -74.4462289, 39.4143772 ], [ -74.4484355, 39.4139033 ], [ -74.4492994, 39.4137178 ], [ -74.4510751, 39.4132877 ], [ -74.4520051, 39.4132261 ], [ -74.4534848, 39.4130827 ], [ -74.4537808, 39.4129394 ], [ -74.4540027, 39.4126239 ], [ -74.4539607, 39.4118829 ], [ -74.4538655, 39.4109074 ], [ -74.4539033, 39.410551 ], [ -74.4541244, 39.4103913 ], [ -74.4544574, 39.4102766 ], [ -74.4547164, 39.4103053 ], [ -74.4557835, 39.4108503 ], [ -74.4560425, 39.410879 ], [ -74.4563754, 39.410793 ], [ -74.4564864, 39.4104776 ], [ -74.4564124, 39.4100475 ], [ -74.4556254, 39.4093024 ], [ -74.4539607, 39.4081556 ], [ -74.4507422, 39.4066646 ], [ -74.4477469, 39.4056453 ] ], [ [ -74.4617286, 39.4079263 ], [ -74.4608805, 39.4073785 ], [ -74.4588545, 39.4056257 ], [ -74.4584777, 39.4048223 ], [ -74.4584777, 39.4044571 ], [ -74.4589017, 39.4040919 ], [ -74.4596555, 39.4040554 ], [ -74.4607391, 39.4046032 ], [ -74.4622939, 39.4057718 ], [ -74.4634718, 39.4070133 ], [ -74.4634718, 39.4077803 ], [ -74.4632833, 39.4082185 ], [ -74.4630477, 39.4083281 ], [ -74.4626709, 39.4083281 ], [ -74.4617286, 39.4079263 ] ], [ [ -74.4228772, 39.426224 ], [ -74.4220371, 39.4267322 ], [ -74.421029, 39.4269276 ], [ -74.419668, 39.4265628 ], [ -74.4177861, 39.4248948 ], [ -74.417114, 39.4237219 ], [ -74.4162739, 39.421676 ], [ -74.4141568, 39.4195126 ], [ -74.4120061, 39.4182615 ], [ -74.4101578, 39.4176881 ], [ -74.4069989, 39.4174665 ], [ -74.40342, 39.4173101 ], [ -74.4034872, 39.416463 ], [ -74.4036049, 39.4158244 ], [ -74.4045458, 39.4141561 ], [ -74.4052347, 39.4118361 ], [ -74.4052851, 39.4103894 ], [ -74.4056652, 39.4083844 ], [ -74.4064782, 39.407506 ], [ -74.4084526, 39.4058842 ], [ -74.4098753, 39.4033164 ], [ -74.4106301, 39.4025956 ], [ -74.4115883, 39.4026406 ], [ -74.4143756, 39.4039021 ], [ -74.4178017, 39.4059293 ], [ -74.4205309, 39.407078 ], [ -74.4224762, 39.4076186 ], [ -74.4245667, 39.4077988 ], [ -74.426483, 39.4072132 ], [ -74.4280218, 39.4061545 ], [ -74.4292994, 39.4058392 ], [ -74.4307511, 39.4059068 ], [ -74.4317673, 39.4063122 ], [ -74.4319996, 39.4073933 ], [ -74.4319705, 39.4096457 ], [ -74.4311866, 39.4118754 ], [ -74.4286896, 39.415051 ], [ -74.4265992, 39.4175058 ], [ -74.4254378, 39.418767 ], [ -74.4241022, 39.4189696 ], [ -74.4229408, 39.4186093 ], [ -74.4220407, 39.4186093 ], [ -74.4211987, 39.4190822 ], [ -74.4212568, 39.4199155 ], [ -74.4216633, 39.4207712 ], [ -74.4223257, 39.4214551 ], [ -74.4229282, 39.4221574 ], [ -74.4234837, 39.4235177 ], [ -74.4235325, 39.4251033 ], [ -74.4228772, 39.426224 ] ], [ [ -74.449573, 39.4047858 ], [ -74.4476884, 39.4039458 ], [ -74.4466047, 39.403179 ], [ -74.4464163, 39.4025947 ], [ -74.4465576, 39.4021929 ], [ -74.4468874, 39.4020468 ], [ -74.4475941, 39.4020103 ], [ -74.4493374, 39.4022295 ], [ -74.4513162, 39.4031424 ], [ -74.4558392, 39.4051144 ], [ -74.4578651, 39.4064656 ], [ -74.4588074, 39.4074151 ], [ -74.459043, 39.4080359 ], [ -74.4589488, 39.4083645 ], [ -74.4587132, 39.4085472 ], [ -74.4584306, 39.4086202 ], [ -74.4578651, 39.4085836 ], [ -74.4569699, 39.4082185 ], [ -74.4551796, 39.407123 ], [ -74.4526354, 39.4058083 ], [ -74.449573, 39.4047858 ] ], [ [ -74.439986, 39.3993883 ], [ -74.4425288, 39.4002503 ], [ -74.4435694, 39.4010694 ], [ -74.4437837, 39.4016919 ], [ -74.4434926, 39.4026577 ], [ -74.4426893, 39.4035292 ], [ -74.4412436, 39.4047329 ], [ -74.4407618, 39.4056874 ], [ -74.4402798, 39.4067665 ], [ -74.4396372, 39.407057 ], [ -74.4389947, 39.40714 ], [ -74.4385664, 39.4070155 ], [ -74.4381622, 39.4067162 ], [ -74.437549, 39.4061025 ], [ -74.4356749, 39.4040688 ], [ -74.4353, 39.4032387 ], [ -74.4348717, 39.4006239 ], [ -74.4349788, 39.3992957 ], [ -74.435193, 39.3989636 ], [ -74.4359961, 39.3988392 ], [ -74.439986, 39.3993883 ] ], [ [ -74.4465093, 39.3971036 ], [ -74.444995, 39.3969992 ], [ -74.4441682, 39.3971185 ], [ -74.4437836, 39.3974949 ], [ -74.4436298, 39.3984749 ], [ -74.4438653, 39.3988661 ], [ -74.4447931, 39.399373 ], [ -74.4473169, 39.399999 ], [ -74.4484355, 39.4002254 ], [ -74.4496076, 39.4004626 ], [ -74.4510383, 39.4006549 ], [ -74.4520078, 39.4003989 ], [ -74.4521088, 39.4000859 ], [ -74.4519406, 39.3996 ], [ -74.449807, 39.3985643 ], [ -74.4465093, 39.3971036 ] ], [ [ -74.3906811, 39.4114711 ], [ -74.3932151, 39.4121821 ], [ -74.3942234, 39.4123984 ], [ -74.3957216, 39.4127768 ], [ -74.3994148, 39.4134254 ], [ -74.4010523, 39.4133984 ], [ -74.4016098, 39.413047 ], [ -74.4016795, 39.4125606 ], [ -74.4014356, 39.4117227 ], [ -74.4007736, 39.4107768 ], [ -74.3999374, 39.4097768 ], [ -74.3993799, 39.4086957 ], [ -74.3995541, 39.4075334 ], [ -74.3999722, 39.4056144 ], [ -74.4012614, 39.4048035 ], [ -74.4030731, 39.4049116 ], [ -74.4054075, 39.4052089 ], [ -74.4066618, 39.4050468 ], [ -74.4071844, 39.4042359 ], [ -74.4075328, 39.4033439 ], [ -74.4071147, 39.4022897 ], [ -74.4047455, 39.4003435 ], [ -74.4034215, 39.3987486 ], [ -74.4016795, 39.3973159 ], [ -74.3995193, 39.396613 ], [ -74.3944324, 39.3964779 ], [ -74.3900076, 39.3973429 ], [ -74.3851994, 39.4014517 ], [ -74.3817501, 39.4037764 ], [ -74.3811946, 39.4048718 ], [ -74.3797913, 39.4080815 ], [ -74.3798155, 39.4102588 ], [ -74.380251, 39.4110471 ], [ -74.3828399, 39.4116664 ], [ -74.3868436, 39.4125892 ], [ -74.388087, 39.4126674 ], [ -74.3890676, 39.4121595 ], [ -74.3906811, 39.4114711 ] ], [ [ -74.4544059, 39.3963384 ], [ -74.4538451, 39.397034 ], [ -74.4536207, 39.3976426 ], [ -74.4538451, 39.3985991 ], [ -74.4547424, 39.3995556 ], [ -74.4563127, 39.3999903 ], [ -74.4576588, 39.4002512 ], [ -74.4587804, 39.4002512 ], [ -74.4595656, 39.3999903 ], [ -74.4599021, 39.3994686 ], [ -74.4599021, 39.3988599 ], [ -74.4596778, 39.3982513 ], [ -74.4590047, 39.3974688 ], [ -74.4578831, 39.3968601 ], [ -74.4567614, 39.3963384 ], [ -74.4556397, 39.3962515 ], [ -74.4544059, 39.3963384 ] ], [ [ -74.414279, 39.3925985 ], [ -74.4146718, 39.3930428 ], [ -74.4148175, 39.3933252 ], [ -74.4150361, 39.3938617 ], [ -74.414911, 39.3946281 ], [ -74.414491, 39.3951574 ], [ -74.4139798, 39.3955558 ], [ -74.4133687, 39.3959692 ], [ -74.4129298, 39.3961176 ], [ -74.4123446, 39.396218 ], [ -74.4115512, 39.3961656 ], [ -74.4106521, 39.3959333 ], [ -74.4104673, 39.395639 ], [ -74.4102826, 39.3951034 ], [ -74.4102729, 39.3942961 ], [ -74.4105451, 39.393519 ], [ -74.4111383, 39.3928022 ], [ -74.4119745, 39.392425 ], [ -74.4129955, 39.3923722 ], [ -74.414279, 39.3925985 ] ], [ [ -74.4244473, 39.3898012 ], [ -74.4227536, 39.3894257 ], [ -74.4217657, 39.3896447 ], [ -74.4211003, 39.390474 ], [ -74.420072, 39.3917256 ], [ -74.4184589, 39.3929615 ], [ -74.4173903, 39.3935247 ], [ -74.416483, 39.3943539 ], [ -74.416362, 39.3955585 ], [ -74.4167854, 39.3977017 ], [ -74.4174105, 39.3985465 ], [ -74.4189227, 39.3989845 ], [ -74.4217657, 39.3996259 ], [ -74.4244104, 39.4007548 ], [ -74.4281573, 39.4018368 ], [ -74.4298039, 39.4021888 ], [ -74.431753, 39.4023452 ], [ -74.4332148, 39.4022018 ], [ -74.4336181, 39.4017846 ], [ -74.433366, 39.401198 ], [ -74.4322403, 39.4004811 ], [ -74.4313666, 39.3998553 ], [ -74.4302744, 39.3980954 ], [ -74.4287823, 39.3951048 ], [ -74.4276331, 39.3926173 ], [ -74.4262015, 39.3913344 ], [ -74.4244473, 39.3898012 ] ], [ [ -74.4343161, 39.3892609 ], [ -74.4347782, 39.3892251 ], [ -74.4358872, 39.3895117 ], [ -74.4367189, 39.3904073 ], [ -74.4368114, 39.3914819 ], [ -74.436608, 39.3925248 ], [ -74.4361921, 39.3927756 ], [ -74.4354972, 39.392937 ], [ -74.4344085, 39.3925925 ], [ -74.4336692, 39.3917686 ], [ -74.4333919, 39.3909088 ], [ -74.4333919, 39.3899416 ], [ -74.433623, 39.3894758 ], [ -74.4343161, 39.3892609 ] ], [ [ -74.412989, 39.3799184 ], [ -74.4139326, 39.3805192 ], [ -74.4143198, 39.3808985 ], [ -74.4151618, 39.3817998 ], [ -74.4154812, 39.3831067 ], [ -74.4151908, 39.3835573 ], [ -74.4146972, 39.3838502 ], [ -74.41371, 39.3840981 ], [ -74.4119099, 39.3847965 ], [ -74.4091142, 39.3850613 ], [ -74.4076625, 39.3846106 ], [ -74.4070946, 39.3845968 ], [ -74.4066221, 39.384836 ], [ -74.4064365, 39.3853248 ], [ -74.4065345, 39.3858138 ], [ -74.4072486, 39.3868025 ], [ -74.4076067, 39.3877118 ], [ -74.4074586, 39.3887148 ], [ -74.4068776, 39.3899904 ], [ -74.4060375, 39.3905789 ], [ -74.4049029, 39.391398 ], [ -74.4032496, 39.3919456 ], [ -74.4018987, 39.3923211 ], [ -74.4012107, 39.3921118 ], [ -74.3999855, 39.3912427 ], [ -74.3992388, 39.3908352 ], [ -74.3987625, 39.3909135 ], [ -74.3984024, 39.3911405 ], [ -74.3981379, 39.3915073 ], [ -74.3981107, 39.3918434 ], [ -74.3980835, 39.3919488 ], [ -74.3981484, 39.3925692 ], [ -74.3982348, 39.3929715 ], [ -74.3987106, 39.3934073 ], [ -74.3994464, 39.3938121 ], [ -74.4002818, 39.3939002 ], [ -74.4020077, 39.3937125 ], [ -74.4036288, 39.3934496 ], [ -74.4071129, 39.391929 ], [ -74.4109842, 39.3900515 ], [ -74.4117585, 39.3887748 ], [ -74.4122424, 39.3868035 ], [ -74.413307, 39.385752 ], [ -74.4157023, 39.3849447 ], [ -74.4171057, 39.3847006 ], [ -74.4180251, 39.3848696 ], [ -74.4192349, 39.3860712 ], [ -74.4201301, 39.387423 ], [ -74.4199365, 39.3886997 ], [ -74.4190655, 39.3907462 ], [ -74.4180251, 39.3918726 ], [ -74.4172508, 39.3921167 ], [ -74.4163314, 39.3917225 ], [ -74.4156056, 39.3910654 ], [ -74.4145893, 39.3907462 ], [ -74.4134764, 39.3907462 ], [ -74.4101374, 39.3917975 ], [ -74.4072097, 39.3935435 ], [ -74.4070888, 39.3946887 ], [ -74.4077662, 39.3959653 ], [ -74.4092663, 39.3987624 ], [ -74.4098228, 39.3999263 ], [ -74.4097986, 39.4006959 ], [ -74.4092905, 39.4010338 ], [ -74.4086131, 39.4009775 ], [ -74.4076452, 39.4004143 ], [ -74.4052499, 39.3982931 ], [ -74.403657, 39.3966124 ], [ -74.4012039, 39.3953609 ], [ -74.3992044, 39.3949698 ], [ -74.395561, 39.3951385 ], [ -74.3933108, 39.3952136 ], [ -74.3909477, 39.395386 ], [ -74.3898831, 39.3955174 ], [ -74.386278, 39.398033 ], [ -74.3827085, 39.4013478 ], [ -74.3813148, 39.4019695 ], [ -74.3797818, 39.4027534 ], [ -74.3782139, 39.4034833 ], [ -74.3765415, 39.4036184 ], [ -74.3753221, 39.4040239 ], [ -74.3745904, 39.4054294 ], [ -74.3736148, 39.4072944 ], [ -74.3726044, 39.4079431 ], [ -74.3712456, 39.4084296 ], [ -74.3696081, 39.4090512 ], [ -74.3697474, 39.409781 ], [ -74.3708624, 39.4100783 ], [ -74.372256, 39.4097269 ], [ -74.3734058, 39.4093215 ], [ -74.3741723, 39.4090242 ], [ -74.3752524, 39.4095107 ], [ -74.3756008, 39.4108891 ], [ -74.3759492, 39.4115378 ], [ -74.3764994, 39.4118852 ], [ -74.3785802, 39.4129362 ], [ -74.381372, 39.414568 ], [ -74.3815276, 39.4150105 ], [ -74.3815276, 39.4156138 ], [ -74.3811645, 39.4161769 ], [ -74.3806454, 39.416539 ], [ -74.3790365, 39.4169813 ], [ -74.376753, 39.4176248 ], [ -74.3737948, 39.4187509 ], [ -74.3719264, 39.4197564 ], [ -74.3693214, 39.4213535 ], [ -74.3674531, 39.4223992 ], [ -74.366519, 39.422721 ], [ -74.365896, 39.4228416 ], [ -74.365481, 39.4227612 ], [ -74.3651694, 39.4225199 ], [ -74.3649511, 39.4220366 ], [ -74.3648061, 39.4217155 ], [ -74.3631972, 39.4187796 ], [ -74.362315, 39.4177339 ], [ -74.3614846, 39.4169697 ], [ -74.3602391, 39.4163262 ], [ -74.3590455, 39.4159241 ], [ -74.3580075, 39.4158034 ], [ -74.3571635, 39.4159123 ], [ -74.3570733, 39.4159241 ], [ -74.3563985, 39.4162055 ], [ -74.355672, 39.4168089 ], [ -74.3551529, 39.4176132 ], [ -74.3545821, 39.4184579 ], [ -74.3532847, 39.4192622 ], [ -74.3522468, 39.4198253 ], [ -74.3518834, 39.420308 ], [ -74.3519352, 39.4206699 ], [ -74.3521947, 39.4210721 ], [ -74.3525581, 39.4212731 ], [ -74.3529731, 39.4215144 ], [ -74.3534922, 39.4217557 ], [ -74.3538556, 39.4220775 ], [ -74.3539594, 39.4224796 ], [ -74.3538556, 39.4230829 ], [ -74.353129, 39.4238068 ], [ -74.3524543, 39.424973 ], [ -74.3521427, 39.4255762 ], [ -74.3516756, 39.4258578 ], [ -74.3512606, 39.4259382 ], [ -74.3505859, 39.4259784 ], [ -74.3490808, 39.4258175 ], [ -74.3479391, 39.4258578 ], [ -74.3466935, 39.4261393 ], [ -74.346382, 39.4263403 ], [ -74.3461226, 39.4266218 ], [ -74.3460706, 39.4271447 ], [ -74.3460706, 39.4279891 ], [ -74.346382, 39.4295574 ], [ -74.3462264, 39.4314876 ], [ -74.3459148, 39.4341012 ], [ -74.3457526, 39.4356883 ], [ -74.3458563, 39.436211 ], [ -74.3461679, 39.4365327 ], [ -74.3466868, 39.4368543 ], [ -74.3473615, 39.436975 ], [ -74.3479323, 39.436975 ], [ -74.3486069, 39.4369347 ], [ -74.3493336, 39.4366131 ], [ -74.3497487, 39.436211 ], [ -74.3504753, 39.4345223 ], [ -74.3508907, 39.4332355 ], [ -74.3509944, 39.4322302 ], [ -74.3509425, 39.4315868 ], [ -74.350164, 39.4305816 ], [ -74.3487627, 39.4296567 ], [ -74.3481399, 39.4290535 ], [ -74.3480361, 39.4286514 ], [ -74.3480881, 39.4280884 ], [ -74.3485551, 39.4276058 ], [ -74.3495412, 39.4273244 ], [ -74.3508907, 39.4273645 ], [ -74.3520324, 39.4274852 ], [ -74.3528109, 39.4277667 ], [ -74.3531222, 39.4281286 ], [ -74.3533818, 39.4290133 ], [ -74.3534855, 39.4305414 ], [ -74.3536413, 39.4315064 ], [ -74.3543677, 39.4323509 ], [ -74.3560286, 39.4338789 ], [ -74.3561843, 39.4346027 ], [ -74.3561324, 39.4352863 ], [ -74.3556652, 39.4361306 ], [ -74.3545755, 39.436774 ], [ -74.3510982, 39.4380204 ], [ -74.3488569, 39.4386947 ], [ -74.3451689, 39.4399246 ], [ -74.343781, 39.4398939 ], [ -74.3416, 39.4400169 ], [ -74.3393793, 39.4403244 ], [ -74.3377534, 39.4410931 ], [ -74.3346206, 39.4433991 ], [ -74.3329284, 39.445653 ], [ -74.3323525, 39.4473376 ], [ -74.3316508, 39.4480504 ], [ -74.3303927, 39.4486882 ], [ -74.3294007, 39.4490071 ], [ -74.3282151, 39.4490259 ], [ -74.3267876, 39.448707 ], [ -74.3259891, 39.4481067 ], [ -74.3254665, 39.4470712 ], [ -74.325441, 39.4455489 ], [ -74.3258044, 39.4431942 ], [ -74.3273771, 39.4413338 ], [ -74.3284054, 39.4403645 ], [ -74.3299572, 39.4390078 ], [ -74.3312637, 39.4377507 ], [ -74.3328606, 39.4361185 ], [ -74.3351108, 39.4335855 ], [ -74.3376554, 39.4311977 ], [ -74.3406897, 39.4277687 ], [ -74.3434267, 39.4249379 ], [ -74.3459039, 39.4221077 ], [ -74.3487583, 39.41881 ], [ -74.3510418, 39.416276 ], [ -74.3536573, 39.4137268 ], [ -74.3582837, 39.4094312 ], [ -74.366615, 39.4015821 ], [ -74.3718958, 39.3969634 ], [ -74.3739822, 39.3954765 ], [ -74.378407, 39.3921243 ], [ -74.3820449, 39.3891217 ], [ -74.3851394, 39.3868182 ], [ -74.3872957, 39.3851993 ], [ -74.3902501, 39.3827327 ], [ -74.3915264, 39.3817576 ], [ -74.3945508, 39.379786 ], [ -74.3964879, 39.3785012 ], [ -74.3978555, 39.3776572 ], [ -74.3989173, 39.3770233 ], [ -74.4036733, 39.3738269 ], [ -74.4045387, 39.3733062 ], [ -74.4053166, 39.3731855 ], [ -74.4059525, 39.3733907 ], [ -74.406392, 39.3741011 ], [ -74.4074405, 39.3763076 ], [ -74.4085897, 39.3776064 ], [ -74.4107068, 39.37878 ], [ -74.412989, 39.3799184 ] ], [ [ -74.5199753, 39.3687406 ], [ -74.5192792, 39.3684355 ], [ -74.5188555, 39.3678957 ], [ -74.5183107, 39.367168 ], [ -74.518008, 39.3666986 ], [ -74.5177356, 39.3662057 ], [ -74.5175541, 39.3658536 ], [ -74.517433, 39.3656658 ], [ -74.5173724, 39.3651729 ], [ -74.5174027, 39.3649617 ], [ -74.5175541, 39.3647505 ], [ -74.5179173, 39.3647035 ], [ -74.5182805, 39.3647505 ], [ -74.5186436, 39.3651025 ], [ -74.5202174, 39.3665108 ], [ -74.5210043, 39.3672619 ], [ -74.5213675, 39.3677313 ], [ -74.5215188, 39.3679426 ], [ -74.5215491, 39.3682008 ], [ -74.5214583, 39.3684589 ], [ -74.5211556, 39.3686936 ], [ -74.5206411, 39.3687875 ], [ -74.5199753, 39.3687406 ] ], [ [ -74.4976101, 39.3511288 ], [ -74.4988143, 39.3507157 ], [ -74.5001024, 39.3504427 ], [ -74.5012517, 39.3502705 ], [ -74.5025018, 39.3503331 ], [ -74.5027841, 39.3507401 ], [ -74.5028849, 39.3513819 ], [ -74.5021792, 39.352916 ], [ -74.500667, 39.3539648 ], [ -74.4993371, 39.3547068 ], [ -74.4981703, 39.3548155 ], [ -74.4974235, 39.3547159 ], [ -74.4966534, 39.354417 ], [ -74.4962333, 39.3539006 ], [ -74.4960933, 39.3532665 ], [ -74.496315, 39.3524784 ], [ -74.4965484, 39.3518986 ], [ -74.4970538, 39.3515505 ], [ -74.4976101, 39.3511288 ] ], [ [ -74.518399, 39.3477285 ], [ -74.5188902, 39.3480219 ], [ -74.5186917, 39.3488972 ], [ -74.5185115, 39.3501843 ], [ -74.518947, 39.3526264 ], [ -74.5191405, 39.3551623 ], [ -74.5186808, 39.3558009 ], [ -74.5180034, 39.3561015 ], [ -74.5171081, 39.3561578 ], [ -74.5165758, 39.3561015 ], [ -74.5160193, 39.3551811 ], [ -74.5152693, 39.3538662 ], [ -74.5143982, 39.3529082 ], [ -74.5120997, 39.3523446 ], [ -74.5109141, 39.3515557 ], [ -74.5109625, 39.3506728 ], [ -74.5122932, 39.3499213 ], [ -74.5142289, 39.3491887 ], [ -74.5165516, 39.3483058 ], [ -74.517244, 39.3476824 ], [ -74.517803, 39.3476136 ], [ -74.518399, 39.3477285 ] ], [ [ -74.5014411, 39.3486007 ], [ -74.5026454, 39.3477096 ], [ -74.5034208, 39.3466654 ], [ -74.5035714, 39.3464094 ], [ -74.5036082, 39.3461822 ], [ -74.5034672, 39.3458801 ], [ -74.5018889, 39.3458196 ], [ -74.4979271, 39.3463059 ], [ -74.4969729, 39.3466698 ], [ -74.4965377, 39.3474243 ], [ -74.4968679, 39.3478117 ], [ -74.4985926, 39.3486802 ], [ -74.5003065, 39.3488837 ], [ -74.5014411, 39.3486007 ] ], [ [ -74.5353375, 39.3456572 ], [ -74.5369948, 39.3472808 ], [ -74.5381654, 39.3482871 ], [ -74.5385837, 39.3499905 ], [ -74.5383417, 39.3512898 ], [ -74.5378578, 39.3520726 ], [ -74.5371521, 39.3526831 ], [ -74.5355391, 39.3537788 ], [ -74.534531, 39.3541545 ], [ -74.5327768, 39.3544989 ], [ -74.5312242, 39.3542797 ], [ -74.529833, 39.3537632 ], [ -74.5286232, 39.3534031 ], [ -74.5268086, 39.3529961 ], [ -74.5247318, 39.352777 ], [ -74.5221308, 39.3519473 ], [ -74.5205984, 39.351055 ], [ -74.520296, 39.3496148 ], [ -74.5204573, 39.3483468 ], [ -74.5211025, 39.3473762 ], [ -74.5222719, 39.3468596 ], [ -74.5236027, 39.3467343 ], [ -74.5262037, 39.346703 ], [ -74.5288249, 39.346656 ], [ -74.5322929, 39.3464995 ], [ -74.5341882, 39.3459672 ], [ -74.5353375, 39.3456572 ] ], [ [ -74.51094, 39.3477673 ], [ -74.5114441, 39.3478142 ], [ -74.5118473, 39.347689 ], [ -74.5124724, 39.3468906 ], [ -74.5130976, 39.3457855 ], [ -74.5140383, 39.3454338 ], [ -74.5148396, 39.3451362 ], [ -74.516512, 39.3448386 ], [ -74.5170347, 39.344027 ], [ -74.5171043, 39.343026 ], [ -74.5150734, 39.3422721 ], [ -74.5138636, 39.3424444 ], [ -74.5123111, 39.3433524 ], [ -74.5106174, 39.3448397 ], [ -74.5103351, 39.3461861 ], [ -74.5104964, 39.3471567 ], [ -74.51094, 39.3477673 ] ], [ [ -74.5338579, 39.3392227 ], [ -74.5320288, 39.3406431 ], [ -74.5283994, 39.3412969 ], [ -74.5245378, 39.3420634 ], [ -74.5216344, 39.3429878 ], [ -74.520502, 39.3440474 ], [ -74.5198633, 39.3450168 ], [ -74.5197181, 39.3457382 ], [ -74.5205601, 39.3459411 ], [ -74.5222151, 39.3453324 ], [ -74.5232894, 39.3449717 ], [ -74.525496, 39.345107 ], [ -74.5286898, 39.3454677 ], [ -74.5306351, 39.3454 ], [ -74.5319126, 39.345152 ], [ -74.5325804, 39.3448364 ], [ -74.5333934, 39.343619 ], [ -74.5341662, 39.3424002 ], [ -74.5354258, 39.3412744 ], [ -74.5359775, 39.3407333 ], [ -74.5380389, 39.3385238 ], [ -74.5391422, 39.3370131 ], [ -74.538997, 39.3360887 ], [ -74.5381841, 39.3357505 ], [ -74.536442, 39.3371484 ], [ -74.5338579, 39.3392227 ] ], [ [ -74.5164585, 39.3412876 ], [ -74.5155109, 39.3409588 ], [ -74.5149262, 39.3403012 ], [ -74.515027, 39.3382032 ], [ -74.5151278, 39.3368566 ], [ -74.5173255, 39.333177 ], [ -74.5184748, 39.3310944 ], [ -74.5186563, 39.3302332 ], [ -74.5190999, 39.3293876 ], [ -74.520471, 39.3278217 ], [ -74.5215396, 39.3273206 ], [ -74.5226284, 39.3269447 ], [ -74.5243624, 39.3261617 ], [ -74.5249874, 39.3254257 ], [ -74.5264392, 39.323891 ], [ -74.5280119, 39.3227321 ], [ -74.5293426, 39.3226382 ], [ -74.5302701, 39.3228887 ], [ -74.5311371, 39.3233742 ], [ -74.5328711, 39.3251282 ], [ -74.535089, 39.327164 ], [ -74.5357343, 39.3280409 ], [ -74.535573, 39.3285263 ], [ -74.5350487, 39.3286673 ], [ -74.5330123, 39.3273675 ], [ -74.5318832, 39.3268821 ], [ -74.5310161, 39.3272892 ], [ -74.5318025, 39.3283854 ], [ -74.533718, 39.3296068 ], [ -74.5352907, 39.3305151 ], [ -74.5367424, 39.3319243 ], [ -74.5367827, 39.3337407 ], [ -74.5361375, 39.3352282 ], [ -74.5342019, 39.3373577 ], [ -74.5319638, 39.3387981 ], [ -74.5308145, 39.3392365 ], [ -74.5270239, 39.3397532 ], [ -74.5249471, 39.3397219 ], [ -74.5237172, 39.3399724 ], [ -74.5228502, 39.340536 ], [ -74.5215799, 39.3413032 ], [ -74.5199669, 39.3417886 ], [ -74.5184345, 39.3417886 ], [ -74.5164585, 39.3412876 ] ], [ [ -74.5857213, 39.3050101 ], [ -74.5846809, 39.3047469 ], [ -74.5837856, 39.3049161 ], [ -74.5835299, 39.3053328 ], [ -74.583457, 39.3055595 ], [ -74.5835212, 39.3057537 ], [ -74.5845185, 39.3064345 ], [ -74.5856003, 39.3071905 ], [ -74.5868635, 39.3076407 ], [ -74.58769, 39.3078748 ], [ -74.5889055, 39.3081392 ], [ -74.5896946, 39.3082119 ], [ -74.5910271, 39.308082 ], [ -74.5914314, 39.3076041 ], [ -74.5914314, 39.3069462 ], [ -74.5899071, 39.3064763 ], [ -74.5874875, 39.305762 ], [ -74.5857213, 39.3050101 ] ], [ [ -74.4515376, 39.3590944 ], [ -74.4502135, 39.3583679 ], [ -74.4494586, 39.358458 ], [ -74.4484714, 39.358999 ], [ -74.4467584, 39.3600358 ], [ -74.4454228, 39.3615459 ], [ -74.4449258, 39.3628497 ], [ -74.4447715, 39.36463 ], [ -74.4447297, 39.3662851 ], [ -74.4451896, 39.3683297 ], [ -74.4456913, 39.3697576 ], [ -74.4467366, 39.3701145 ], [ -74.4490779, 39.3702768 ], [ -74.4545132, 39.3702768 ], [ -74.4572726, 39.3715749 ], [ -74.4585269, 39.3727106 ], [ -74.4583179, 39.3740735 ], [ -74.457398, 39.3745278 ], [ -74.4557257, 39.3753391 ], [ -74.4535934, 39.3765397 ], [ -74.4522136, 39.3774807 ], [ -74.4521718, 39.3785515 ], [ -74.4526928, 39.3798173 ], [ -74.4528128, 39.380531 ], [ -74.4528128, 39.3815548 ], [ -74.4526527, 39.3824236 ], [ -74.4519325, 39.3833233 ], [ -74.4510121, 39.3839439 ], [ -74.4490113, 39.3848126 ], [ -74.4466103, 39.3854641 ], [ -74.443169, 39.3859605 ], [ -74.4402878, 39.3862708 ], [ -74.4382048, 39.3867116 ], [ -74.4364627, 39.386796 ], [ -74.4333166, 39.3878311 ], [ -74.4271288, 39.3859169 ], [ -74.4243275, 39.3852356 ], [ -74.4237207, 39.3844736 ], [ -74.4238505, 39.383822 ], [ -74.4244666, 39.3825072 ], [ -74.4251615, 39.3816938 ], [ -74.4276294, 39.378389 ], [ -74.4285005, 39.377206 ], [ -74.4286214, 39.3763047 ], [ -74.4283069, 39.3753282 ], [ -74.4277988, 39.374577 ], [ -74.4273633, 39.3743141 ], [ -74.4265406, 39.3745207 ], [ -74.4250405, 39.3757413 ], [ -74.4235888, 39.3766614 ], [ -74.4221129, 39.3773187 ], [ -74.4207579, 39.3777318 ], [ -74.4193546, 39.3779384 ], [ -74.4185319, 39.3779196 ], [ -74.4177333, 39.3777618 ], [ -74.4164052, 39.3771033 ], [ -74.4156114, 39.3767541 ], [ -74.4149778, 39.3759066 ], [ -74.4140629, 39.3733102 ], [ -74.4120853, 39.3699394 ], [ -74.4113408, 39.3688121 ], [ -74.4096036, 39.3661771 ], [ -74.4083462, 39.3651473 ], [ -74.4082063, 39.3637195 ], [ -74.4113421, 39.3615774 ], [ -74.4150213, 39.359338 ], [ -74.4235923, 39.3561247 ], [ -74.4330015, 39.3531197 ], [ -74.4359825, 39.3522734 ], [ -74.4444675, 39.3501568 ], [ -74.4482189, 39.3492423 ], [ -74.4537922, 39.3469974 ], [ -74.4551134, 39.3464077 ], [ -74.4622885, 39.3429765 ], [ -74.4724031, 39.3377031 ], [ -74.4801777, 39.3344464 ], [ -74.4867836, 39.3315134 ], [ -74.4988822, 39.3257412 ], [ -74.5083141, 39.3206259 ], [ -74.5172673, 39.31602 ], [ -74.5236973, 39.3116424 ], [ -74.5264026, 39.309115 ], [ -74.5343728, 39.3034221 ], [ -74.536127, 39.3031401 ], [ -74.5370541, 39.3032367 ], [ -74.5379215, 39.3035004 ], [ -74.5382302, 39.3038925 ], [ -74.5382441, 39.304268 ], [ -74.5379417, 39.3050199 ], [ -74.5370136, 39.305886 ], [ -74.5360488, 39.3065776 ], [ -74.5345425, 39.3074527 ], [ -74.5307503, 39.3095558 ], [ -74.5286967, 39.3116134 ], [ -74.5271053, 39.3148894 ], [ -74.5252936, 39.3203833 ], [ -74.524109, 39.3223589 ], [ -74.5217049, 39.3239555 ], [ -74.5193008, 39.3248214 ], [ -74.5173149, 39.3265263 ], [ -74.5164787, 39.3278522 ], [ -74.516409, 39.3287722 ], [ -74.5165484, 39.3298816 ], [ -74.5169665, 39.3309099 ], [ -74.5165832, 39.3318028 ], [ -74.5155728, 39.3323981 ], [ -74.514423, 39.3326686 ], [ -74.5129945, 39.3332369 ], [ -74.5121583, 39.3336157 ], [ -74.5118796, 39.3347791 ], [ -74.5121583, 39.3351579 ], [ -74.5128552, 39.3362131 ], [ -74.5134823, 39.3375389 ], [ -74.5130119, 39.3392028 ], [ -74.511415, 39.3406908 ], [ -74.5098472, 39.3415475 ], [ -74.5090052, 39.3417279 ], [ -74.5070599, 39.3415025 ], [ -74.5062759, 39.3413446 ], [ -74.5052931, 39.3417743 ], [ -74.5048322, 39.3425307 ], [ -74.5041064, 39.3432446 ], [ -74.5026546, 39.3439022 ], [ -74.5006706, 39.344541 ], [ -74.4975494, 39.3451046 ], [ -74.4955412, 39.3457621 ], [ -74.4938717, 39.3467202 ], [ -74.4932668, 39.3476407 ], [ -74.4927345, 39.3486927 ], [ -74.4924925, 39.3495945 ], [ -74.4925893, 39.3505525 ], [ -74.4925651, 39.3517735 ], [ -74.491936, 39.3521117 ], [ -74.4896859, 39.3527128 ], [ -74.4867895, 39.3536272 ], [ -74.4843216, 39.3549796 ], [ -74.4820956, 39.3569144 ], [ -74.4811036, 39.3570271 ], [ -74.4787082, 39.3569895 ], [ -74.4761435, 39.3567829 ], [ -74.4743046, 39.3571586 ], [ -74.471256, 39.3582292 ], [ -74.4691268, 39.3594689 ], [ -74.4678445, 39.3599009 ], [ -74.4667557, 39.3593374 ], [ -74.4655943, 39.3591871 ], [ -74.4648442, 39.359375 ], [ -74.463828, 39.3599385 ], [ -74.4632957, 39.3611781 ], [ -74.4631505, 39.3622675 ], [ -74.462715, 39.3628497 ], [ -74.4611181, 39.363338 ], [ -74.4587954, 39.3634883 ], [ -74.4562306, 39.3633756 ], [ -74.4542224, 39.3630939 ], [ -74.4524556, 39.362548 ], [ -74.4515523, 39.3609597 ], [ -74.4515376, 39.3590944 ] ], [ [ -74.5956742, 39.3044004 ], [ -74.5956438, 39.3048503 ], [ -74.5953868, 39.3052006 ], [ -74.5933848, 39.3057 ], [ -74.5908242, 39.305423 ], [ -74.589074, 39.3049572 ], [ -74.5883852, 39.3046235 ], [ -74.5880692, 39.3043213 ], [ -74.5881178, 39.3039562 ], [ -74.5894305, 39.3029489 ], [ -74.5907675, 39.3024327 ], [ -74.5926216, 39.3023174 ], [ -74.5933704, 39.3022228 ], [ -74.5935623, 39.3022597 ], [ -74.5941335, 39.3023697 ], [ -74.5947344, 39.3027999 ], [ -74.5952119, 39.3034098 ], [ -74.5956786, 39.3043345 ], [ -74.5956742, 39.3044004 ] ], [ [ -74.6136821, 39.3017803 ], [ -74.6132204, 39.3025739 ], [ -74.6135502, 39.3033162 ], [ -74.6146384, 39.3038026 ], [ -74.6160233, 39.3039306 ], [ -74.6180678, 39.3039306 ], [ -74.619123, 39.3035978 ], [ -74.6196836, 39.3033674 ], [ -74.6200793, 39.3031627 ], [ -74.6200793, 39.3024971 ], [ -74.6195517, 39.3019851 ], [ -74.6184305, 39.3016268 ], [ -74.6160893, 39.3015243 ], [ -74.6147702, 39.3016779 ], [ -74.6136821, 39.3017803 ] ], [ [ -74.5925548, 39.3012148 ], [ -74.591793, 39.3013514 ], [ -74.5896356, 39.3015394 ], [ -74.5880629, 39.3021034 ], [ -74.5867926, 39.3023697 ], [ -74.5855022, 39.3020877 ], [ -74.5843126, 39.3016647 ], [ -74.583123, 39.3018841 ], [ -74.5824778, 39.3021817 ], [ -74.58151, 39.3021974 ], [ -74.5809252, 39.3019624 ], [ -74.5805421, 39.3014768 ], [ -74.5805421, 39.3008501 ], [ -74.5807034, 39.3002392 ], [ -74.5813837, 39.29949 ], [ -74.5828422, 39.2989733 ], [ -74.5833206, 39.2988826 ], [ -74.5849425, 39.2981845 ], [ -74.5865761, 39.2971963 ], [ -74.587988, 39.296335 ], [ -74.5884867, 39.2960354 ], [ -74.5897703, 39.2955639 ], [ -74.5908909, 39.2953014 ], [ -74.5918938, 39.2956176 ], [ -74.5931036, 39.296354 ], [ -74.5942731, 39.2981713 ], [ -74.5947167, 39.2997065 ], [ -74.5945553, 39.3004272 ], [ -74.5936279, 39.3010225 ], [ -74.5925548, 39.3012148 ] ], [ [ -74.5839559, 39.2971117 ], [ -74.58509, 39.2966112 ], [ -74.5861402, 39.2960237 ], [ -74.5864762, 39.2955994 ], [ -74.5863502, 39.2948922 ], [ -74.5853561, 39.2943591 ], [ -74.5834658, 39.294098 ], [ -74.5816175, 39.294 ], [ -74.5800633, 39.2941197 ], [ -74.5785651, 39.2947834 ], [ -74.5773329, 39.2956755 ], [ -74.5768008, 39.2963283 ], [ -74.5762407, 39.2973945 ], [ -74.5762127, 39.2981996 ], [ -74.5764788, 39.2991896 ], [ -74.5769549, 39.2998424 ], [ -74.5773749, 39.3002231 ], [ -74.578033, 39.3004625 ], [ -74.5789151, 39.3005277 ], [ -74.5793072, 39.3003537 ], [ -74.5797132, 39.2997336 ], [ -74.5799513, 39.2989503 ], [ -74.5799513, 39.2984607 ], [ -74.5801613, 39.2980582 ], [ -74.5807494, 39.2977753 ], [ -74.5815755, 39.2976991 ], [ -74.5839559, 39.2971117 ] ], [ [ -74.5838692, 39.2901565 ], [ -74.5799301, 39.2891965 ], [ -74.5789922, 39.2887621 ], [ -74.5776856, 39.2877844 ], [ -74.5780243, 39.2870699 ], [ -74.578847, 39.2864682 ], [ -74.5801293, 39.2857913 ], [ -74.5812665, 39.285246 ], [ -74.5819438, 39.2852131 ], [ -74.582815, 39.2851708 ], [ -74.5835651, 39.2853776 ], [ -74.5853072, 39.2862426 ], [ -74.5868799, 39.2870887 ], [ -74.5873154, 39.28801 ], [ -74.5865895, 39.2889689 ], [ -74.5851378, 39.2899842 ], [ -74.5838857, 39.2901605 ], [ -74.5838692, 39.2901565 ] ], [ [ -74.5902481, 39.281171 ], [ -74.5886855, 39.2797998 ], [ -74.5875093, 39.2794734 ], [ -74.5867196, 39.2796431 ], [ -74.5859803, 39.2798651 ], [ -74.5853418, 39.2806486 ], [ -74.5841152, 39.2833386 ], [ -74.584048, 39.2842135 ], [ -74.5846697, 39.2849056 ], [ -74.5864172, 39.2857543 ], [ -74.5881142, 39.2863027 ], [ -74.5890719, 39.2871253 ], [ -74.5897608, 39.2881177 ], [ -74.5905505, 39.2887052 ], [ -74.5919619, 39.2887575 ], [ -74.5935246, 39.2883266 ], [ -74.5945831, 39.2876607 ], [ -74.5950872, 39.2867989 ], [ -74.5947511, 39.2861591 ], [ -74.5930559, 39.285067 ], [ -74.5926475, 39.2841451 ], [ -74.5925308, 39.2830342 ], [ -74.5916557, 39.2822257 ], [ -74.5902481, 39.281171 ] ], [ [ -74.6021313, 39.2805417 ], [ -74.6030881, 39.2806415 ], [ -74.6042658, 39.2804922 ], [ -74.6059353, 39.2796649 ], [ -74.607871, 39.2789503 ], [ -74.6102421, 39.2788751 ], [ -74.6120568, 39.278593 ], [ -74.6122987, 39.2780476 ], [ -74.6118148, 39.277145 ], [ -74.6100727, 39.275603 ], [ -74.609855, 39.2743618 ], [ -74.6099034, 39.2719734 ], [ -74.6089598, 39.2710895 ], [ -74.6076532, 39.2708074 ], [ -74.6063224, 39.2710895 ], [ -74.6049917, 39.2717665 ], [ -74.6045078, 39.2732898 ], [ -74.6041932, 39.2756218 ], [ -74.6034432, 39.2773707 ], [ -74.6015559, 39.2789503 ], [ -74.6010461, 39.2797255 ], [ -74.6011511, 39.2802152 ], [ -74.6021313, 39.2805417 ] ], [ [ -74.612284, 39.273421 ], [ -74.6119558, 39.2733268 ], [ -74.6117599, 39.272728 ], [ -74.611348, 39.2721034 ], [ -74.6105107, 39.2705708 ], [ -74.6105647, 39.2699829 ], [ -74.6109699, 39.2696785 ], [ -74.6117666, 39.2697467 ], [ -74.6123676, 39.2699829 ], [ -74.6128658, 39.270471 ], [ -74.6134539, 39.2718532 ], [ -74.6135099, 39.2724627 ], [ -74.6133938, 39.2729472 ], [ -74.6132492, 39.2732539 ], [ -74.613046, 39.2733936 ], [ -74.6127334, 39.2734301 ], [ -74.612284, 39.273421 ] ], [ [ -74.657707, 39.2049357 ], [ -74.6595979, 39.2040972 ], [ -74.660971, 39.2036312 ], [ -74.6627182, 39.2018898 ], [ -74.6638333, 39.2006749 ], [ -74.6649285, 39.1993101 ], [ -74.6668955, 39.1981129 ], [ -74.6692733, 39.1982788 ], [ -74.6713888, 39.199491 ], [ -74.6740892, 39.2008123 ], [ -74.6766629, 39.2013972 ], [ -74.677863, 39.2015673 ], [ -74.6785484, 39.2018801 ], [ -74.6786605, 39.2023159 ], [ -74.6785286, 39.2027672 ], [ -74.6781176, 39.2029523 ], [ -74.6776455, 39.2030543 ], [ -74.6765946, 39.2031516 ], [ -74.6760138, 39.2032313 ], [ -74.6754672, 39.203187 ], [ -74.6735995, 39.2031604 ], [ -74.6723368, 39.203306 ], [ -74.6713802, 39.2035808 ], [ -74.6701936, 39.2042105 ], [ -74.6694943, 39.2047398 ], [ -74.6686991, 39.2055355 ], [ -74.6678135, 39.2060867 ], [ -74.6670264, 39.2067144 ], [ -74.665826, 39.2074187 ], [ -74.6650388, 39.2077249 ], [ -74.662581, 39.2092128 ], [ -74.6609374, 39.2115276 ], [ -74.6601758, 39.2136034 ], [ -74.6593729, 39.2149445 ], [ -74.6586172, 39.2155691 ], [ -74.6576963, 39.2159365 ], [ -74.6565155, 39.2161385 ], [ -74.6549333, 39.2161385 ], [ -74.6534456, 39.2159548 ], [ -74.652539, 39.2157684 ], [ -74.6512863, 39.2158127 ], [ -74.6503658, 39.2158497 ], [ -74.6498818, 39.2158127 ], [ -74.6494953, 39.215815 ], [ -74.6490207, 39.2157247 ], [ -74.6483984, 39.2154704 ], [ -74.648202, 39.2152738 ], [ -74.6481356, 39.2146758 ], [ -74.6485253, 39.2140642 ], [ -74.6492994, 39.2132915 ], [ -74.650707, 39.2119732 ], [ -74.6521966, 39.2108463 ], [ -74.6536413, 39.2097266 ], [ -74.6547433, 39.2087161 ], [ -74.6558674, 39.2074792 ], [ -74.6561208, 39.2072004 ], [ -74.657707, 39.2049357 ] ], [ [ -74.6630782, 39.1991022 ], [ -74.6619373, 39.200607 ], [ -74.6608381, 39.2020036 ], [ -74.6601563, 39.2023175 ], [ -74.659224, 39.2022959 ], [ -74.6588762, 39.2020252 ], [ -74.6589179, 39.2010509 ], [ -74.6599197, 39.1985933 ], [ -74.6609354, 39.1974241 ], [ -74.6624382, 39.1966012 ], [ -74.6637322, 39.1965038 ], [ -74.6647757, 39.1967636 ], [ -74.664887, 39.1974457 ], [ -74.6642052, 39.198052 ], [ -74.6630782, 39.1991022 ] ], [ [ -74.6709345, 39.1977157 ], [ -74.6724925, 39.1984431 ], [ -74.6751584, 39.1994668 ], [ -74.6767164, 39.1995207 ], [ -74.6785514, 39.1993051 ], [ -74.679857, 39.1986206 ], [ -74.6821611, 39.1976384 ], [ -74.6851666, 39.1970927 ], [ -74.6882111, 39.1970961 ], [ -74.6899768, 39.1965842 ], [ -74.6917772, 39.1958838 ], [ -74.6922965, 39.1945906 ], [ -74.6918811, 39.1932435 ], [ -74.6925043, 39.1920042 ], [ -74.6950317, 39.1906032 ], [ -74.6957241, 39.1900913 ], [ -74.6956203, 39.1895524 ], [ -74.6938892, 39.1894177 ], [ -74.6909116, 39.1894985 ], [ -74.6881072, 39.1896602 ], [ -74.6855798, 39.1904146 ], [ -74.6835371, 39.1919234 ], [ -74.6819098, 39.1940787 ], [ -74.6800402, 39.1957221 ], [ -74.6779282, 39.1967459 ], [ -74.6764741, 39.1969075 ], [ -74.6745006, 39.1965573 ], [ -74.6722502, 39.1959376 ], [ -74.6707268, 39.1955066 ], [ -74.6697227, 39.1958838 ], [ -74.6696881, 39.1967997 ], [ -74.6709345, 39.1977157 ] ], [ [ -74.6790302, 39.1920078 ], [ -74.6793356, 39.1897574 ], [ -74.6806099, 39.1881295 ], [ -74.6827978, 39.1855287 ], [ -74.6822929, 39.184144 ], [ -74.6809705, 39.1835827 ], [ -74.6793356, 39.1835827 ], [ -74.6773881, 39.1839569 ], [ -74.6746471, 39.1841814 ], [ -74.6737816, 39.1842937 ], [ -74.6728198, 39.1852106 ], [ -74.6721466, 39.1864081 ], [ -74.6723149, 39.1872688 ], [ -74.6739739, 39.1892335 ], [ -74.6747673, 39.1905619 ], [ -74.674575, 39.1912729 ], [ -74.6740941, 39.191909 ], [ -74.6732045, 39.1923019 ], [ -74.6719302, 39.1925826 ], [ -74.6710406, 39.1929006 ], [ -74.6708723, 39.1934058 ], [ -74.6712089, 39.1943038 ], [ -74.672387, 39.1950335 ], [ -74.6739499, 39.1954077 ], [ -74.6762099, 39.1951458 ], [ -74.6775804, 39.1948838 ], [ -74.6784219, 39.194678 ], [ -74.678999, 39.1943226 ], [ -74.6792394, 39.1938922 ], [ -74.6790302, 39.1920078 ] ], [ [ -74.6805803, 39.192151 ], [ -74.6809977, 39.1924867 ], [ -74.6814708, 39.1922268 ], [ -74.6823373, 39.1911279 ], [ -74.6830013, 39.1905594 ], [ -74.6839315, 39.1895696 ], [ -74.6853683, 39.1889894 ], [ -74.688167, 39.1883383 ], [ -74.6907348, 39.1880913 ], [ -74.6929853, 39.1882709 ], [ -74.6956108, 39.1881362 ], [ -74.6965918, 39.1879117 ], [ -74.6972009, 39.1874682 ], [ -74.6973419, 39.1868788 ], [ -74.6966495, 39.1864747 ], [ -74.6952069, 39.1864971 ], [ -74.6944567, 39.1860256 ], [ -74.6940564, 39.1846203 ], [ -74.6948049, 39.1834022 ], [ -74.6951896, 39.1820549 ], [ -74.6950213, 39.1811754 ], [ -74.694276, 39.1807824 ], [ -74.6931219, 39.180745 ], [ -74.6913186, 39.1810631 ], [ -74.6891067, 39.1816619 ], [ -74.6873275, 39.1818865 ], [ -74.6861012, 39.1818677 ], [ -74.6851636, 39.1815309 ], [ -74.6842259, 39.1808573 ], [ -74.6835286, 39.1803707 ], [ -74.6822303, 39.1804269 ], [ -74.6814128, 39.1807263 ], [ -74.6805472, 39.1812502 ], [ -74.6803549, 39.181849 ], [ -74.6811483, 39.1823917 ], [ -74.6824947, 39.1825601 ], [ -74.6836488, 39.1829905 ], [ -74.684322, 39.1839635 ], [ -74.6843461, 39.1850301 ], [ -74.6841537, 39.1858908 ], [ -74.684031, 39.1864772 ], [ -74.6819995, 39.1888053 ], [ -74.6805247, 39.1911982 ], [ -74.6805803, 39.192151 ] ] ] } },
{ "type": "Feature", "properties": { "RCID": 316, "PRIM": 3, "GRUP": 2, "OBJL": 308, "RVER": 1, "AGEN": 550, "FIDN": -1057479672, "FIDS": 48294, "LNAM": "0226C0F82408BCA6", "CATZOC": 4, "SUREND": "1939", "SURSTA": "1930", "TXTDSC": "US3NY01I.TXT", "SORDAT": "20180321", "SORIND": "US,US,reprt,L-250-2018" }, "geometry": { "type": "Polygon", "coordinates": [ [ [ -71.3198343, 39.5853198 ], [ -71.2952366, 39.6 ], [ -71.2791868, 39.6 ], [ -71.2571819, 39.6 ], [ -71.2637218, 39.5974732 ], [ -71.3198343, 39.5853198 ] ] ] } }
]
}
