{
"type": "FeatureCollection",
"name": "DEPCNT",
"crs": { "type": "name", "properties": { "name": "urn:ogc:def:crs:OGC:1.3:CRS84" } },
"features": [
{ "type": "Feature", "properties": { "RCID": 1116, "PRIM": 2, "GRUP": 2, "OBJL": 43, "RVER": 1, "AGEN": 550, "FIDN": 592194372, "FIDS": 2004, "LNAM": "0226234C2B4407D4", "VALDCO": 10.0, "SCAMIN": 44999 }, "geometry": { "type": "LineString", "coordinates": [ [ -71.3999643, 41.55 ], [ -71.3999648, 41.5499972 ], [ -71.3999609, 41.5499919 ], [ -71.3999522, 41.5499928 ], [ -71.3999486, 41.5499959 ], [ -71.3999478, 41.55 ] ] } },
{ "type": "Feature", "properties": { "RCID": 1117, "PRIM": 2, "GRUP": 2, "OBJL": 43, "RVER": 1, "AGEN": 550, "FIDN": 577429357, "FIDS": 8691, "LNAM": "0226226ADF6D21F3", "VALDCO": 5.0, "SCAMIN": 44999 }, "geometry": { "type": "LineString", "coordinates": [ [ -71.3952676, 41.506222 ], [ -71.3954509, 41.5063167 ], [ -71.3956184, 41.5066124 ], [ -71.3954637, 41.5069693 ], [ -71.394845, 41.5069455 ], [ -71.3946666, 41.5065053 ], [ -71.3948926, 41.5062198 ], [ -71.3952676, 41.506222 ] ] } },
{ "type": "Feature", "properties": { "RCID": 1118, "PRIM": 2, "GRUP": 2, "OBJL": 43, "RVER": 1, "AGEN": 550, "FIDN": 136074551, "FIDS": 8691, "LNAM": "0226081C553721F3", "VALDCO": 5.0, "SCAMIN": 44999 }, "geometry": { "type": "LineString", "coordinates": [ [ -71.3946785, 41.5095867 ], [ -71.394964, 41.5094678 ], [ -71.3954637, 41.5096343 ], [ -71.3953804, 41.5101102 ], [ -71.3947023, 41.5101578 ], [ -71.3946309, 41.5098604 ], [ -71.3946785, 41.5095867 ] ] } },
{ "type": "Feature", "properties": { "RCID": 1119, "PRIM": 2, "GRUP": 2, "OBJL": 43, "RVER": 1, "AGEN": 550, "FIDN": 243506566, "FIDS": 8691, "LNAM": "02260E839D8621F3", "VALDCO": 10.0, "SCAMIN": 44999 }, "geometry": { "type": "LineString", "coordinates": [ [ -71.4, 41.5099679 ], [ -71.3995281, 41.5103458 ], [ -71.3987407, 41.5107088 ], [ -71.3984144, 41.5108068 ], [ -71.3978245, 41.5107716 ], [ -71.3976606, 41.5108305 ], [ -71.396926, 41.5115256 ], [ -71.3957846, 41.5128197 ], [ -71.3954135, 41.5131132 ], [ -71.395077, 41.5132626 ], [ -71.3948212, 41.5132513 ], [ -71.3945637, 41.513103 ], [ -71.3935992, 41.5120656 ], [ -71.3927826, 41.5114704 ], [ -71.3923193, 41.511303 ], [ -71.3921554, 41.5114823 ], [ -71.3921525, 41.5117731 ], [ -71.3922811, 41.5121525 ], [ -71.3929403, 41.5131592 ], [ -71.3937198, 41.5146951 ], [ -71.3939952, 41.5157241 ], [ -71.3944406, 41.5167748 ], [ -71.3946468, 41.5171121 ], [ -71.3950774, 41.5175574 ], [ -71.3951272, 41.518152 ], [ -71.3948526, 41.5203316 ], [ -71.3944048, 41.5218922 ], [ -71.3944588, 41.5223704 ], [ -71.3948325, 41.5231893 ], [ -71.3948895, 41.523831 ], [ -71.3946561, 41.5248195 ], [ -71.3940726, 41.5257865 ], [ -71.3939371, 41.5261636 ], [ -71.394126, 41.5263436 ], [ -71.3948089, 41.5264876 ], [ -71.39494, 41.5266185 ], [ -71.3948282, 41.5267183 ], [ -71.3941282, 41.5269025 ], [ -71.3936113, 41.5274229 ], [ -71.3933287, 41.5274833 ], [ -71.393399, 41.5281613 ], [ -71.3932311, 41.5286997 ], [ -71.393211, 41.5296123 ], [ -71.3928159, 41.5299902 ], [ -71.3926975, 41.5302912 ], [ -71.3923532, 41.5305861 ], [ -71.3921796, 41.5311531 ], [ -71.392174, 41.5323713 ], [ -71.3923577, 41.5333569 ], [ -71.3924939, 41.5337183 ], [ -71.3927558, 41.5339672 ], [ -71.3930053, 41.5344321 ], [ -71.3930695, 41.5344482 ], [ -71.3932255, 41.5337159 ], [ -71.3933041, 41.5336394 ], [ -71.3943283, 41.5336058 ], [ -71.3946182, 41.5337126 ], [ -71.3947672, 41.533967 ], [ -71.3944857, 41.5347073 ], [ -71.3942962, 41.5348285 ], [ -71.3938846, 41.5349102 ], [ -71.3941385, 41.5351697 ], [ -71.3942435, 41.5354095 ], [ -71.3943963, 41.5360627 ], [ -71.3944484, 41.536681 ], [ -71.394025, 41.5384019 ], [ -71.3938942, 41.5396406 ], [ -71.3937626, 41.5398783 ], [ -71.39334, 41.5402509 ], [ -71.3932505, 41.5404416 ], [ -71.3936949, 41.5416662 ], [ -71.3937001, 41.5424986 ], [ -71.3935442, 41.5432401 ], [ -71.393188, 41.5441412 ], [ -71.3927357, 41.5446661 ], [ -71.3925624, 41.5450266 ], [ -71.3922438, 41.5472404 ], [ -71.3918438, 41.5490275 ], [ -71.3915466, 41.55 ] ] } },
{ "type": "Feature", "properties": { "RCID": 1120, "PRIM": 2, "GRUP": 2, "OBJL": 43, "RVER": 1, "AGEN": 550, "FIDN": 920529106, "FIDS": 8691, "LNAM": "022636DE28D221F3", "VALDCO": 0.0, "SCAMIN": 89999 }, "geometry": { "type": "LineString", "coordinates": [ [ -71.3854328, 41.4876517 ], [ -71.385446, 41.4876486 ], [ -71.3854602, 41.4876411 ], [ -71.3854763, 41.4876286 ], [ -71.3855134, 41.4875922 ], [ -71.3855483, 41.4875426 ], [ -71.3855563, 41.4875241 ], [ -71.3855591, 41.487503 ], [ -71.3855509, 41.4874609 ], [ -71.3855464, 41.4874545 ], [ -71.3855131, 41.4874838 ], [ -71.3854592, 41.4875409 ], [ -71.3854341, 41.4875841 ], [ -71.3854154, 41.4876082 ], [ -71.3854108, 41.4876181 ], [ -71.3854105, 41.4876317 ], [ -71.3854153, 41.4876431 ], [ -71.3854233, 41.4876499 ], [ -71.3854304, 41.4876512 ], [ -71.3854328, 41.4876517 ] ] } },
{ "type": "Feature", "properties": { "RCID": 1121, "PRIM": 2, "GRUP": 2, "OBJL": 43, "RVER": 1, "AGEN": 550, "FIDN": 482387493, "FIDS": 8691, "LNAM": "02261CC0A62521F3", "VALDCO": 10.0, "SCAMIN": 44999 }, "geometry": { "type": "LineString", "coordinates": [ [ -71.3772824, 41.475 ], [ -71.3777048, 41.4758882 ], [ -71.3781002, 41.4762832 ], [ -71.3781181, 41.4770783 ], [ -71.3785708, 41.477975 ], [ -71.3788174, 41.4782171 ], [ -71.3791768, 41.4782848 ], [ -71.3809528, 41.4778508 ], [ -71.3816503, 41.4775873 ], [ -71.3819258, 41.4773464 ], [ -71.3819548, 41.4770496 ], [ -71.3812853, 41.4754195 ], [ -71.3812153, 41.475 ] ] } },
{ "type": "Feature", "properties": { "RCID": 1122, "PRIM": 2, "GRUP": 2, "OBJL": 43, "RVER": 1, "AGEN": 550, "FIDN": 934810486, "FIDS": 8691, "LNAM": "022637B8137621F3", "VALDCO": 0.0, "SCAMIN": 89999 }, "geometry": { "type": "LineString", "coordinates": [ [ -71.3619514, 41.525452 ], [ -71.3619378, 41.5253064 ], [ -71.3619234, 41.5252239 ], [ -71.3619122, 41.5250845 ], [ -71.3619107, 41.5249811 ], [ -71.3618801, 41.5248653 ], [ -71.3618207, 41.5247382 ], [ -71.3618082, 41.5247124 ], [ -71.3618037, 41.524704 ], [ -71.361788, 41.5246748 ], [ -71.3618926, 41.5245771 ], [ -71.361933, 41.5244515 ], [ -71.3619278, 41.5243787 ], [ -71.3619, 41.5241941 ], [ -71.3619067, 41.5241698 ], [ -71.3619256, 41.5241009 ], [ -71.3619349, 41.5238686 ], [ -71.3619174, 41.5236535 ], [ -71.3619068, 41.5233953 ], [ -71.3619082, 41.5232777 ], [ -71.3619102, 41.5231578 ], [ -71.3619245, 41.5230916 ], [ -71.3620183, 41.5229698 ], [ -71.3620527, 41.5228671 ], [ -71.3620401, 41.5226923 ], [ -71.3620252, 41.5226408 ], [ -71.3620192, 41.5226198 ], [ -71.3619349, 41.5225336 ], [ -71.3619146, 41.5224943 ], [ -71.3619303, 41.5224747 ], [ -71.3620471, 41.5224595 ], [ -71.3621135, 41.5223989 ], [ -71.3621732, 41.5223758 ], [ -71.3622958, 41.5222995 ], [ -71.3624357, 41.522189 ], [ -71.3626039, 41.5220185 ], [ -71.362656, 41.5219125 ], [ -71.3626699, 41.5217846 ], [ -71.3626896, 41.521721 ], [ -71.3626915, 41.5217131 ], [ -71.3627043, 41.52166 ], [ -71.3626938, 41.5216009 ], [ -71.3627046, 41.5215603 ], [ -71.3626924, 41.5215138 ], [ -71.3626935, 41.5214288 ], [ -71.3627177, 41.5213581 ], [ -71.3627095, 41.5212197 ], [ -71.3627056, 41.5211592 ], [ -71.3627285, 41.5210167 ], [ -71.3627339, 41.5209527 ], [ -71.3626946, 41.5208453 ], [ -71.3626771, 41.5208328 ], [ -71.3626404, 41.5208068 ], [ -71.3625532, 41.520773 ], [ -71.3624943, 41.5207534 ], [ -71.3624875, 41.5207148 ], [ -71.3625121, 41.5206745 ], [ -71.3625411, 41.5206693 ], [ -71.3626196, 41.5206532 ], [ -71.3626702, 41.5206437 ], [ -71.3627409, 41.5205883 ], [ -71.3628099, 41.5204938 ], [ -71.3628291, 41.5204038 ], [ -71.3628332, 41.520304 ], [ -71.3627405, 41.5201214 ], [ -71.3626586, 41.5200585 ], [ -71.3626014, 41.5199984 ], [ -71.3626988, 41.5199415 ], [ -71.3627671, 41.5199201 ], [ -71.3629789, 41.5198147 ], [ -71.3630662, 41.5197615 ], [ -71.3630666, 41.5196059 ], [ -71.3630998, 41.5194838 ], [ -71.3632246, 41.5193565 ], [ -71.3632287, 41.5192596 ], [ -71.3632218, 41.5191907 ], [ -71.363207, 41.519141 ], [ -71.3631945, 41.5190989 ], [ -71.3632489, 41.5190305 ], [ -71.3633025, 41.5189605 ], [ -71.3633167, 41.5189169 ], [ -71.3633608, 41.5188246 ], [ -71.3634198, 41.5187629 ], [ -71.3635122, 41.518705 ], [ -71.3634926, 41.5186316 ], [ -71.3634702, 41.5186098 ], [ -71.3634839, 41.5185759 ], [ -71.3636296, 41.5183524 ], [ -71.3636251, 41.518246 ], [ -71.3636585, 41.5181495 ], [ -71.3637098, 41.5181302 ], [ -71.3638715, 41.5181399 ], [ -71.3640537, 41.5181032 ], [ -71.3641744, 41.5180145 ], [ -71.3642693, 41.5178891 ], [ -71.3643338, 41.5177938 ], [ -71.3643562, 41.5177721 ], [ -71.3643574, 41.517771 ], [ -71.3643808, 41.5177484 ], [ -71.3644088, 41.5177087 ], [ -71.364416, 41.5176664 ], [ -71.3644074, 41.5176347 ], [ -71.3643328, 41.5175814 ], [ -71.3644387, 41.5175858 ], [ -71.3645412, 41.51759 ], [ -71.3645809, 41.5175869 ], [ -71.3646193, 41.517581 ], [ -71.3646667, 41.5175695 ], [ -71.3647066, 41.517557 ], [ -71.3647431, 41.5175423 ], [ -71.3648043, 41.5175045 ], [ -71.3648427, 41.5174735 ], [ -71.3648894, 41.5174292 ], [ -71.3649079, 41.5174117 ], [ -71.3650095, 41.517299 ], [ -71.3652397, 41.5172147 ] ] } },
{ "type": "Feature", "properties": { "RCID": 1123, "PRIM": 2, "GRUP": 2, "OBJL": 43, "RVER": 1, "AGEN": 550, "FIDN": 837402118, "FIDS": 8691, "LNAM": "022631E9BE0621F3", "VALDCO": 0.0, "SCAMIN": 89999 }, "geometry": { "type": "LineString", "coordinates": [ [ -71.3582179, 41.5092294 ], [ -71.3581084, 41.5093843 ], [ -71.3583053, 41.5097951 ], [ -71.3583538, 41.5100315 ], [ -71.3585386, 41.5101592 ], [ -71.3591854, 41.5103563 ] ] } },
{ "type": "Feature", "properties": { "RCID": 1124, "PRIM": 2, "GRUP": 2, "OBJL": 43, "RVER": 1, "AGEN": 550, "FIDN": 749277659, "FIDS": 8691, "LNAM": "02262CA911DB21F3", "VALDCO": 15.0, "SCAMIN": 44999 }, "geometry": { "type": "LineString", "coordinates": [ [ -71.3538309, 41.5060398 ], [ -71.353877, 41.5060264 ], [ -71.3539463, 41.5060293 ], [ -71.3540034, 41.5060482 ], [ -71.3540363, 41.5060706 ], [ -71.3540596, 41.5060993 ], [ -71.3540709, 41.5061285 ], [ -71.3540724, 41.5061323 ], [ -71.3540757, 41.5061677 ], [ -71.3540697, 41.5062338 ], [ -71.3540572, 41.5062799 ], [ -71.3540547, 41.5062848 ], [ -71.354031, 41.5063316 ], [ -71.3540022, 41.5063708 ], [ -71.35397, 41.5064016 ], [ -71.3539594, 41.5064081 ], [ -71.3539348, 41.506423 ], [ -71.3538947, 41.5064357 ], [ -71.3538526, 41.5064382 ], [ -71.3538217, 41.5064331 ], [ -71.3537844, 41.5064176 ], [ -71.353754, 41.5063935 ], [ -71.3537307, 41.5063609 ], [ -71.3537081, 41.5062927 ], [ -71.3537057, 41.5062237 ], [ -71.3537106, 41.5062075 ], [ -71.3537276, 41.5061516 ], [ -71.3537685, 41.5060804 ], [ -71.3537888, 41.5060647 ], [ -71.3538156, 41.5060442 ], [ -71.3538309, 41.5060398 ] ] } },
{ "type": "Feature", "properties": { "RCID": 1125, "PRIM": 2, "GRUP": 2, "OBJL": 43, "RVER": 1, "AGEN": 550, "FIDN": 851508668, "FIDS": 2004, "LNAM": "022632C0FDBC07D4", "VALDCO": 10.0, "SCAMIN": 44999 }, "geometry": { "type": "LineString", "coordinates": [ [ -71.3582376, 41.55 ], [ -71.3582949, 41.5492083 ], [ -71.3586681, 41.5472472 ], [ -71.3589177, 41.5466013 ], [ -71.3601222, 41.5445023 ], [ -71.3604308, 41.543573 ], [ -71.3607445, 41.5426284 ], [ -71.36114, 41.5418803 ], [ -71.3611703, 41.5417593 ], [ -71.3616686, 41.5397649 ], [ -71.362336, 41.5364091 ], [ -71.3622504, 41.5360935 ], [ -71.3620946, 41.5358353 ], [ -71.3619462, 41.5355891 ], [ -71.3609767, 41.5335285 ], [ -71.3607427, 41.5322658 ], [ -71.360316, 41.5307511 ], [ -71.360264, 41.5302606 ], [ -71.3597457, 41.5288525 ], [ -71.3595306, 41.5278109 ], [ -71.359551, 41.5272246 ], [ -71.3594131, 41.5258782 ], [ -71.3592753, 41.5252437 ], [ -71.3590976, 41.5248428 ], [ -71.3591344, 41.5236564 ], [ -71.359192, 41.5217988 ], [ -71.3594736, 41.520124 ], [ -71.3601799, 41.5180361 ], [ -71.3602559, 41.5179141 ], [ -71.3607194, 41.5171704 ], [ -71.3607957, 41.5169216 ], [ -71.3607515, 41.5166022 ], [ -71.3604506, 41.5160911 ], [ -71.3603767, 41.515474 ], [ -71.3604878, 41.5139507 ], [ -71.3603825, 41.5132185 ], [ -71.3600399, 41.512676 ], [ -71.3592484, 41.5123354 ], [ -71.3582165, 41.512484 ], [ -71.3578479, 41.5123774 ], [ -71.3574808, 41.5121789 ], [ -71.357283, 41.5120719 ], [ -71.3567546, 41.5115842 ], [ -71.3565464, 41.5112065 ], [ -71.3564502, 41.5108404 ], [ -71.3563609, 41.5097346 ], [ -71.3572067, 41.5062759 ], [ -71.3572149, 41.5062425 ], [ -71.357173, 41.5048454 ], [ -71.3574348, 41.5036743 ], [ -71.3576883, 41.5030402 ], [ -71.3581443, 41.5021871 ], [ -71.3593062, 41.5006836 ], [ -71.3607936, 41.4996239 ], [ -71.3628714, 41.4975542 ], [ -71.3633111, 41.4970158 ], [ -71.363503, 41.4966983 ], [ -71.3635623, 41.4964497 ], [ -71.3635567, 41.4958014 ], [ -71.3635469, 41.4946633 ], [ -71.3634982, 41.4944676 ], [ -71.3633318, 41.4942396 ], [ -71.3625642, 41.4936431 ], [ -71.3620778, 41.4924368 ], [ -71.3610685, 41.4914371 ], [ -71.3603393, 41.490027 ], [ -71.3597224, 41.4893205 ], [ -71.3585601, 41.4873721 ], [ -71.3576758, 41.4868419 ], [ -71.356847, 41.4865047 ], [ -71.3564199, 41.4861957 ], [ -71.3563148, 41.4861654 ], [ -71.3561646, 41.486122 ], [ -71.3559803, 41.4857068 ], [ -71.3558822, 41.4854857 ], [ -71.3549412, 41.4848147 ], [ -71.3541971, 41.4846276 ], [ -71.3540043, 41.4845791 ], [ -71.353125, 41.4845652 ], [ -71.3526068, 41.4840937 ], [ -71.3518689, 41.4836296 ], [ -71.3517657, 41.4835648 ], [ -71.3515688, 41.4833717 ], [ -71.3515101, 41.4831531 ], [ -71.3516395, 41.4826436 ], [ -71.3519226, 41.4822715 ], [ -71.3519743, 41.4818751 ], [ -71.3527003, 41.4815483 ], [ -71.3528164, 41.4812163 ], [ -71.3527436, 41.4808569 ], [ -71.3528644, 41.4805374 ], [ -71.3531199, 41.480519 ], [ -71.353752, 41.4808666 ], [ -71.353912, 41.4808037 ], [ -71.3540994, 41.4806002 ], [ -71.3544023, 41.479817 ], [ -71.3540761, 41.479181 ], [ -71.354213, 41.4788415 ], [ -71.3548287, 41.478334 ], [ -71.3552942, 41.4780994 ], [ -71.3560335, 41.4775421 ], [ -71.3562104, 41.4775102 ], [ -71.3563392, 41.4775861 ], [ -71.3563586, 41.4780882 ], [ -71.3567195, 41.4780668 ], [ -71.3569245, 41.4779662 ], [ -71.3571647, 41.4777118 ], [ -71.3572354, 41.4771614 ], [ -71.3573254, 41.4770521 ], [ -71.3583395, 41.4768061 ], [ -71.3592274, 41.4767285 ], [ -71.3595082, 41.4767793 ], [ -71.3597344, 41.4769226 ], [ -71.3599551, 41.4776377 ], [ -71.3601116, 41.4777845 ], [ -71.3604238, 41.4775416 ], [ -71.3608269, 41.4769422 ], [ -71.3610802, 41.4766971 ], [ -71.3619151, 41.4763529 ], [ -71.3621543, 41.4763904 ], [ -71.3623242, 41.4765505 ], [ -71.362383, 41.4769254 ], [ -71.3622628, 41.4774129 ], [ -71.3624247, 41.4775203 ], [ -71.3628896, 41.4773666 ], [ -71.3636155, 41.4765631 ], [ -71.3638334, 41.4764572 ], [ -71.3646999, 41.4764723 ], [ -71.366174, 41.4767313 ], [ -71.3666482, 41.4767335 ], [ -71.3677646, 41.4771339 ], [ -71.3683102, 41.4771361 ], [ -71.3686752, 41.4770283 ], [ -71.3688909, 41.4768786 ], [ -71.3689736, 41.4759603 ], [ -71.3691393, 41.475544 ], [ -71.3693, 41.4753653 ], [ -71.3696032, 41.4751699 ], [ -71.3698433, 41.4751487 ], [ -71.3703489, 41.4755809 ], [ -71.3706758, 41.4757616 ], [ -71.3709088, 41.4752417 ], [ -71.3709293, 41.4751011 ], [ -71.3708965, 41.475 ] ] } },
{ "type": "Feature", "properties": { "RCID": 1126, "PRIM": 2, "GRUP": 2, "OBJL": 43, "RVER": 1, "AGEN": 550, "FIDN": 836641164, "FIDS": 8691, "LNAM": "022631DE218C21F3", "VALDCO": 0.0, "SCAMIN": 89999 }, "geometry": { "type": "LineString", "coordinates": [ [ -71.3455826, 41.5297085 ], [ -71.345618, 41.5296611 ], [ -71.3456213, 41.5295501 ], [ -71.3456147, 41.5295131 ], [ -71.3455655, 41.5294958 ], [ -71.3453947, 41.5294637 ], [ -71.3451912, 41.5294366 ], [ -71.3450106, 41.5293971 ], [ -71.3448759, 41.5293502 ], [ -71.3447577, 41.5292565 ], [ -71.3447413, 41.5292145 ], [ -71.3446931, 41.5291164 ], [ -71.3446876, 41.5291054 ], [ -71.3446855, 41.529101 ], [ -71.3446198, 41.5290764 ], [ -71.3445049, 41.5290764 ], [ -71.344503, 41.5290783 ], [ -71.3444502, 41.5291318 ], [ -71.3443963, 41.5291473 ], [ -71.3443076, 41.529152 ], [ -71.3440875, 41.5291651 ], [ -71.3438352, 41.5291713 ], [ -71.3437471, 41.5291734 ], [ -71.3435475, 41.5291734 ], [ -71.3433829, 41.5291937 ], [ -71.3432673, 41.5292187 ], [ -71.343063, 41.5293127 ], [ -71.3429885, 41.5293662 ], [ -71.3429458, 41.5294305 ], [ -71.3429173, 41.5295542 ], [ -71.3428809, 41.529772 ], [ -71.3428316, 41.5302153 ], [ -71.342802, 41.53028 ], [ -71.3427714, 41.5303469 ], [ -71.3427194, 41.5304085 ], [ -71.3427082, 41.530452 ], [ -71.342703, 41.5304723 ], [ -71.342717, 41.5304786 ] ] } },
{ "type": "Feature", "properties": { "RCID": 1127, "PRIM": 2, "GRUP": 2, "OBJL": 43, "RVER": 1, "AGEN": 550, "FIDN": 957337545, "FIDS": 8691, "LNAM": "0226390FCFC921F3", "VALDCO": 0.0, "SCAMIN": 89999 }, "geometry": { "type": "LineString", "coordinates": [ [ -71.3410305, 41.4952892 ], [ -71.3408797, 41.4949769 ], [ -71.3403542, 41.4946636 ], [ -71.3401456, 41.494719 ], [ -71.3400154, 41.4949218 ], [ -71.3397267, 41.494984 ], [ -71.3398429, 41.4952889 ] ] } },
{ "type": "Feature", "properties": { "RCID": 1128, "PRIM": 2, "GRUP": 2, "OBJL": 43, "RVER": 1, "AGEN": 550, "FIDN": 916032050, "FIDS": 8691, "LNAM": "022636998A3221F3", "VALDCO": 0.0, "SCAMIN": 89999 }, "geometry": { "type": "LineString", "coordinates": [ [ -71.3398957, 41.4967112 ], [ -71.3396854, 41.4967954 ], [ -71.3394531, 41.4966653 ], [ -71.3392276, 41.4966485 ], [ -71.339163, 41.496442 ], [ -71.3389693, 41.4962402 ], [ -71.3392201, 41.4959497 ] ] } },
{ "type": "Feature", "properties": { "RCID": 1129, "PRIM": 2, "GRUP": 2, "OBJL": 43, "RVER": 1, "AGEN": 550, "FIDN": 549444869, "FIDS": 8691, "LNAM": "022620BFDD0521F3", "VALDCO": 2.0, "SCAMIN": 44999 }, "geometry": { "type": "LineString", "coordinates": [ [ -71.3434375, 41.475 ], [ -71.3432168, 41.4752695 ], [ -71.3426108, 41.4756975 ], [ -71.3423224, 41.4759871 ], [ -71.3413248, 41.4773556 ], [ -71.340476, 41.478096 ], [ -71.339555, 41.4790867 ], [ -71.3393561, 41.4794215 ], [ -71.3389215, 41.4808092 ], [ -71.3387668, 41.4810794 ], [ -71.3376836, 41.4818548 ], [ -71.3371331, 41.4819862 ], [ -71.3366293, 41.4818514 ], [ -71.3364064, 41.4814571 ], [ -71.3358241, 41.4809019 ], [ -71.3356002, 41.4802257 ], [ -71.3353247, 41.4798089 ], [ -71.3351377, 41.4793618 ], [ -71.3347956, 41.4777561 ], [ -71.3347605, 41.4771173 ], [ -71.3344145, 41.4765632 ], [ -71.3344194, 41.4762241 ], [ -71.3346653, 41.4757906 ], [ -71.3356419, 41.475 ] ] } },
{ "type": "Feature", "properties": { "RCID": 1130, "PRIM": 2, "GRUP": 2, "OBJL": 43, "RVER": 1, "AGEN": 550, "FIDN": 762351205, "FIDS": 8691, "LNAM": "02262D708E6521F3", "VALDCO": 2.0, "SCAMIN": 44999 }, "geometry": { "type": "LineString", "coordinates": [ [ -71.32525, 41.5149918 ], [ -71.3253715, 41.5152311 ], [ -71.3263032, 41.5159216 ], [ -71.3277122, 41.5162979 ], [ -71.3279497, 41.5162133 ], [ -71.3280647, 41.5160402 ], [ -71.3280119, 41.5158735 ], [ -71.327858, 41.5157277 ], [ -71.3256291, 41.5148688 ], [ -71.3254322, 41.5148618 ], [ -71.32525, 41.5149918 ] ] } },
{ "type": "Feature", "properties": { "RCID": 1131, "PRIM": 2, "GRUP": 2, "OBJL": 43, "RVER": 1, "AGEN": 550, "FIDN": 506359214, "FIDS": 8691, "LNAM": "02261E2E6DAE21F3", "VALDCO": 2.0, "SCAMIN": 44999 }, "geometry": { "type": "LineString", "coordinates": [ [ -71.325433, 41.5032973 ], [ -71.3253391, 41.5029787 ], [ -71.3253485, 41.5028367 ], [ -71.3253588, 41.5026795 ], [ -71.325456, 41.5025353 ], [ -71.3255999, 41.5024842 ], [ -71.3259844, 41.5025764 ], [ -71.3263367, 41.5027578 ], [ -71.3265683, 41.502877 ], [ -71.3273334, 41.5028723 ], [ -71.3276661, 41.5029745 ], [ -71.3286044, 41.5038182 ], [ -71.3287488, 41.503948 ], [ -71.3287861, 41.5042053 ], [ -71.3288137, 41.5043963 ], [ -71.3289132, 41.5050832 ], [ -71.3290902, 41.5054432 ], [ -71.3291289, 41.5054727 ], [ -71.3295228, 41.5057735 ], [ -71.329755, 41.5059507 ], [ -71.3302255, 41.5061588 ], [ -71.3305842, 41.5063173 ], [ -71.3308524, 41.5066532 ], [ -71.3309216, 41.5070278 ], [ -71.3309869, 41.507381 ], [ -71.3306969, 41.5081941 ], [ -71.3306909, 41.508423 ], [ -71.330821, 41.5086314 ], [ -71.3313068, 41.508981 ], [ -71.3313268, 41.5093215 ], [ -71.3312301, 41.5095618 ], [ -71.331076, 41.5097033 ], [ -71.3308765, 41.5098865 ], [ -71.330786, 41.5100596 ], [ -71.33062, 41.5119482 ], [ -71.3300882, 41.5127518 ], [ -71.3297782, 41.5137699 ], [ -71.3296666, 41.5139153 ], [ -71.3292421, 41.5144683 ], [ -71.3292214, 41.5145664 ], [ -71.3291831, 41.5147479 ], [ -71.329538, 41.5162231 ], [ -71.3297752, 41.5163987 ], [ -71.330481, 41.5166037 ], [ -71.3305151, 41.5166136 ], [ -71.3307534, 41.5167532 ], [ -71.3308713, 41.516959 ], [ -71.3309081, 41.5172867 ], [ -71.3309114, 41.5173166 ], [ -71.3309206, 41.517324 ], [ -71.3311471, 41.5175057 ], [ -71.3313242, 41.5176479 ], [ -71.3313333, 41.5176764 ], [ -71.3314059, 41.5179045 ], [ -71.3313407, 41.5181468 ], [ -71.3311079, 41.5183599 ], [ -71.3310796, 41.5183857 ], [ -71.3307708, 41.5184841 ], [ -71.3298651, 41.5191021 ], [ -71.3295415, 41.5197303 ], [ -71.3295986, 41.5208153 ], [ -71.3293131, 41.5215577 ], [ -71.3284961, 41.5220383 ], [ -71.3282446, 41.5221863 ], [ -71.3277591, 41.5222819 ], [ -71.3273319, 41.5226161 ], [ -71.3271654, 41.5227463 ], [ -71.3265002, 41.5228008 ], [ -71.3255793, 41.523063 ], [ -71.3253871, 41.5231178 ], [ -71.3252912, 41.5230968 ], [ -71.3251698, 41.5230703 ], [ -71.3250169, 41.5230368 ], [ -71.325, 41.5230331 ] ] } },
{ "type": "Feature", "properties": { "RCID": 1132, "PRIM": 2, "GRUP": 2, "OBJL": 43, "RVER": 1, "AGEN": 550, "FIDN": 442702254, "FIDS": 8691, "LNAM": "02261A6319AE21F3", "VALDCO": 10.0, "SCAMIN": 44999 }, "geometry": { "type": "LineString", "coordinates": [ [ -71.4, 41.5330649 ], [ -71.3996243, 41.532847 ], [ -71.3985494, 41.5317369 ], [ -71.3979442, 41.5309006 ], [ -71.3977876, 41.5305842 ], [ -71.3977527, 41.530339 ], [ -71.3978634, 41.529616 ], [ -71.3980255, 41.5290907 ], [ -71.3986983, 41.5277607 ], [ -71.3987846, 41.527397 ], [ -71.3991134, 41.5268896 ], [ -71.3996488, 41.5257736 ], [ -71.3998029, 41.5255695 ], [ -71.4, 41.5252408 ] ] } },
{ "type": "Feature", "properties": { "RCID": 1133, "PRIM": 2, "GRUP": 2, "OBJL": 43, "RVER": 1, "AGEN": 550, "FIDN": 640234958, "FIDS": 8691, "LNAM": "0226262935CE21F3", "VALDCO": 2.0, "SCAMIN": 44999 }, "geometry": { "type": "LineString", "coordinates": [ [ -71.4, 41.493049 ], [ -71.3996282, 41.4934142 ], [ -71.3991526, 41.4937505 ], [ -71.3984833, 41.4945001 ], [ -71.3980616, 41.4947777 ], [ -71.397538, 41.4948659 ], [ -71.3965337, 41.4947745 ] ] } },
{ "type": "Feature", "properties": { "RCID": 1134, "PRIM": 2, "GRUP": 2, "OBJL": 43, "RVER": 1, "AGEN": 550, "FIDN": 833508651, "FIDS": 8691, "LNAM": "022631AE552B21F3", "VALDCO": 5.0, "SCAMIN": 44999 }, "geometry": { "type": "LineString", "coordinates": [ [ -71.3954161, 41.5085279 ], [ -71.3959634, 41.5085279 ], [ -71.3962846, 41.5088491 ], [ -71.3959438, 41.5091979 ], [ -71.3954161, 41.5091941 ], [ -71.3951663, 41.5089086 ], [ -71.3954161, 41.5085279 ] ] } },
{ "type": "Feature", "properties": { "RCID": 1135, "PRIM": 2, "GRUP": 2, "OBJL": 43, "RVER": 1, "AGEN": 550, "FIDN": 179024870, "FIDS": 8691, "LNAM": "02260AABB3E621F3", "VALDCO": 15.0, "SCAMIN": 44999 }, "geometry": { "type": "LineString", "coordinates": [ [ -71.4, 41.5124692 ], [ -71.3984874, 41.5135994 ], [ -71.3981821, 41.5139528 ], [ -71.3977958, 41.5153453 ], [ -71.3975169, 41.5160195 ], [ -71.3972566, 41.5174732 ], [ -71.3969029, 41.5184182 ], [ -71.3967445, 41.5190781 ], [ -71.3965956, 41.5193602 ], [ -71.3960987, 41.5198813 ], [ -71.3959484, 41.5202416 ], [ -71.3956464, 41.5213924 ], [ -71.3958118, 41.5214508 ], [ -71.3965665, 41.5211556 ], [ -71.3968977, 41.5212299 ], [ -71.3970491, 41.5214116 ], [ -71.3971874, 41.5219543 ], [ -71.3972992, 41.5231362 ], [ -71.3976126, 41.5244558 ], [ -71.3975878, 41.524939 ], [ -71.3975086, 41.5252736 ], [ -71.3973845, 41.5254723 ], [ -71.3965021, 41.5261225 ], [ -71.3957964, 41.5263176 ], [ -71.3953933, 41.525841 ], [ -71.3952673, 41.5259012 ], [ -71.3952544, 41.5260354 ], [ -71.3954793, 41.5263899 ], [ -71.3954892, 41.5266382 ], [ -71.3953647, 41.5270442 ], [ -71.394916, 41.5276744 ], [ -71.3948224, 41.527954 ], [ -71.3951385, 41.528541 ], [ -71.3958736, 41.5288748 ], [ -71.3958434, 41.5294133 ], [ -71.395908, 41.5296531 ], [ -71.3956939, 41.5297803 ], [ -71.3955547, 41.5300213 ], [ -71.3954363, 41.5303984 ], [ -71.3953782, 41.5309425 ], [ -71.3950423, 41.531132 ], [ -71.3945643, 41.5316717 ], [ -71.3941706, 41.5319506 ], [ -71.3940635, 41.532148 ], [ -71.3942082, 41.5325127 ], [ -71.3946773, 41.5328394 ], [ -71.3947623, 41.5331791 ], [ -71.395311, 41.5338568 ], [ -71.3954411, 41.5341715 ], [ -71.3953813, 41.5345005 ], [ -71.3951133, 41.535132 ], [ -71.3949577, 41.5374923 ], [ -71.3948353, 41.5380851 ], [ -71.3945773, 41.5387348 ], [ -71.3945673, 41.5393848 ], [ -71.3949841, 41.5392778 ], [ -71.3952986, 41.5393817 ], [ -71.3954866, 41.5396238 ], [ -71.3957471, 41.5402939 ], [ -71.3959753, 41.5406621 ], [ -71.396457, 41.5411939 ], [ -71.3968317, 41.5414362 ], [ -71.3970418, 41.5414115 ], [ -71.3972477, 41.5412548 ], [ -71.3975673, 41.5406852 ], [ -71.3975875, 41.5403306 ], [ -71.3974988, 41.5397944 ], [ -71.3972048, 41.5391283 ], [ -71.3975591, 41.5388113 ], [ -71.3976493, 41.5386439 ], [ -71.3976702, 41.5382035 ], [ -71.3975308, 41.5374369 ], [ -71.3975383, 41.5369839 ], [ -71.397736, 41.5362863 ], [ -71.3981475, 41.5357594 ], [ -71.3982451, 41.5353936 ], [ -71.3981216, 41.53455 ], [ -71.3978281, 41.5338944 ], [ -71.397744, 41.53349 ], [ -71.3977476, 41.5331319 ], [ -71.3979444, 41.5324465 ], [ -71.3979027, 41.5318161 ], [ -71.3973079, 41.5303441 ], [ -71.3972493, 41.5299231 ], [ -71.3972974, 41.5294598 ], [ -71.3976655, 41.5284772 ], [ -71.3990663, 41.5259881 ], [ -71.3996334, 41.524807 ], [ -71.3997654, 41.5246291 ], [ -71.4, 41.5245937 ] ] } },
{ "type": "Feature", "properties": { "RCID": 1136, "PRIM": 2, "GRUP": 2, "OBJL": 43, "RVER": 1, "AGEN": 550, "FIDN": 110899928, "FIDS": 8691, "LNAM": "0226069C32D821F3", "VALDCO": 0.0, "SCAMIN": 89999 }, "geometry": { "type": "LineString", "coordinates": [ [ -71.3856854, 41.5403492 ], [ -71.3857305, 41.5403126 ], [ -71.3857428, 41.54025 ], [ -71.3857919, 41.5401193 ], [ -71.3857505, 41.540052 ], [ -71.3856207, 41.5398756 ], [ -71.385593, 41.5398218 ], [ -71.3856176, 41.5397396 ], [ -71.38566, 41.5396673 ], [ -71.3856963, 41.5395457 ], [ -71.3857505, 41.5393679 ], [ -71.3857984, 41.5392633 ], [ -71.3858007, 41.5392422 ], [ -71.3859076, 41.5392213 ], [ -71.3859289, 41.5391989 ], [ -71.3859328, 41.5391949 ], [ -71.3859123, 41.5391579 ], [ -71.3858092, 41.5390665 ], [ -71.3857979, 41.5390565 ], [ -71.3857721, 41.5390067 ], [ -71.3858116, 41.5389685 ], [ -71.3858951, 41.5389342 ], [ -71.3859604, 41.5389228 ], [ -71.3859865, 41.5389183 ], [ -71.3859776, 41.5389065 ], [ -71.3859378, 41.5388541 ], [ -71.3858999, 41.5387262 ], [ -71.3859575, 41.5386384 ], [ -71.385959, 41.5386166 ], [ -71.3859494, 41.538569 ], [ -71.3859247, 41.5384853 ] ] } },
{ "type": "Feature", "properties": { "RCID": 1137, "PRIM": 2, "GRUP": 2, "OBJL": 43, "RVER": 1, "AGEN": 550, "FIDN": 245971833, "FIDS": 8691, "LNAM": "02260EA93B7921F3", "VALDCO": 0.0, "SCAMIN": 89999 }, "geometry": { "type": "LineString", "coordinates": [ [ -71.3802742, 41.5036908 ], [ -71.3793844, 41.504949 ], [ -71.3793996, 41.5050499 ], [ -71.3795285, 41.5050612 ], [ -71.3796972, 41.5052254 ], [ -71.3796685, 41.5055243 ], [ -71.3794896, 41.5055518 ], [ -71.3794125, 41.5056515 ], [ -71.3794298, 41.5057852 ], [ -71.3795355, 41.5058529 ], [ -71.3794325, 41.5059705 ], [ -71.3794312, 41.5060871 ], [ -71.379581, 41.506177 ], [ -71.3795949, 41.5062999 ] ] } },
{ "type": "Feature", "properties": { "RCID": 1138, "PRIM": 2, "GRUP": 2, "OBJL": 43, "RVER": 1, "AGEN": 550, "FIDN": 910311353, "FIDS": 8691, "LNAM": "022636423FB921F3", "VALDCO": 2.0, "SCAMIN": 44999 }, "geometry": { "type": "LineString", "coordinates": [ [ -71.3770982, 41.475 ], [ -71.3771662, 41.4752557 ], [ -71.3771623, 41.4754862 ], [ -71.3765028, 41.4757855 ], [ -71.3764155, 41.4759114 ], [ -71.3765626, 41.4759722 ], [ -71.3773084, 41.4760025 ], [ -71.3776212, 41.4761782 ], [ -71.3777822, 41.476359 ], [ -71.3778158, 41.4765446 ], [ -71.3777397, 41.4768648 ], [ -71.3776176, 41.4769847 ], [ -71.377175, 41.4771001 ], [ -71.3770285, 41.4772096 ], [ -71.3769222, 41.4777251 ], [ -71.3770053, 41.4780305 ], [ -71.377173, 41.4782189 ], [ -71.3774204, 41.4783509 ], [ -71.377598, 41.4782403 ], [ -71.3777998, 41.4782956 ], [ -71.3778963, 41.4787629 ], [ -71.3782272, 41.4794122 ], [ -71.3785863, 41.4802364 ], [ -71.378434, 41.4812685 ], [ -71.3786437, 41.4822483 ], [ -71.3788113, 41.4826672 ], [ -71.3791214, 41.4829993 ], [ -71.3791495, 41.483712 ], [ -71.3791509, 41.4837473 ], [ -71.3793406, 41.4843021 ], [ -71.3797642, 41.4855413 ], [ -71.3798098, 41.4856747 ], [ -71.379993, 41.4858904 ], [ -71.380712, 41.4862766 ], [ -71.3816406, 41.4870056 ], [ -71.3823254, 41.4872256 ], [ -71.3826391, 41.4871844 ], [ -71.3827922, 41.4869006 ], [ -71.3829583, 41.4862017 ], [ -71.3831421, 41.4858553 ], [ -71.3832655, 41.4857742 ], [ -71.3837506, 41.4854552 ], [ -71.3839105, 41.4851072 ], [ -71.3843026, 41.4847894 ], [ -71.3843675, 41.4846157 ], [ -71.3840728, 41.483982 ], [ -71.3840965, 41.4834841 ], [ -71.3838832, 41.483184 ], [ -71.3839298, 41.4830649 ], [ -71.3842543, 41.4827893 ], [ -71.3843104, 41.4826008 ], [ -71.3842436, 41.4820254 ], [ -71.3842194, 41.4818169 ], [ -71.3842802, 41.4808184 ], [ -71.3841592, 41.4796906 ], [ -71.3842084, 41.4793937 ], [ -71.3841097, 41.4791966 ], [ -71.3841447, 41.4789136 ], [ -71.3836793, 41.4781411 ], [ -71.3837704, 41.4775099 ], [ -71.3836292, 41.4765896 ], [ -71.3833718, 41.4761093 ], [ -71.3830307, 41.4757432 ], [ -71.3828404, 41.4751971 ], [ -71.3829362, 41.4751073 ], [ -71.3829202, 41.475 ] ] } },
{ "type": "Feature", "properties": { "RCID": 1139, "PRIM": 2, "GRUP": 2, "OBJL": 43, "RVER": 1, "AGEN": 550, "FIDN": 2189551, "FIDS": 8691, "LNAM": "0226002168EF21F3", "VALDCO": 0.0, "SCAMIN": 89999 }, "geometry": { "type": "LineString", "coordinates": [ [ -71.3604288, 41.5027908 ], [ -71.3602348, 41.5027255 ], [ -71.3601568, 41.5027433 ], [ -71.36005, 41.5027644 ], [ -71.360007, 41.5027757 ], [ -71.35997, 41.5027883 ], [ -71.3599427, 41.5028005 ], [ -71.359892, 41.5028289 ], [ -71.3597908, 41.5028797 ], [ -71.3596453, 41.5029739 ], [ -71.3596395, 41.5029777 ], [ -71.3596137, 41.5029921 ], [ -71.3595943, 41.5030024 ], [ -71.3595678, 41.5030773 ], [ -71.3595444, 41.5031139 ], [ -71.3595295, 41.5031476 ], [ -71.3595069, 41.5031813 ], [ -71.3594745, 41.5032468 ], [ -71.3594578, 41.5032681 ], [ -71.3594117, 41.503317 ], [ -71.3593823, 41.5033719 ], [ -71.3593692, 41.5033829 ], [ -71.3593612, 41.5033857 ], [ -71.3593543, 41.5033852 ], [ -71.3593253, 41.5034536 ], [ -71.3593169, 41.5035179 ], [ -71.359317, 41.5035418 ], [ -71.3593171, 41.5036195 ], [ -71.3594295, 41.5037836 ], [ -71.3594321, 41.5037874 ] ] } },
{ "type": "Feature", "properties": { "RCID": 1140, "PRIM": 2, "GRUP": 2, "OBJL": 43, "RVER": 1, "AGEN": 550, "FIDN": 959465598, "FIDS": 2004, "LNAM": "02263930487E07D4", "VALDCO": 20.0, "SCAMIN": 44999 }, "geometry": { "type": "LineString", "coordinates": [ [ -71.3564117, 41.55 ], [ -71.3565934, 41.5491403 ], [ -71.3565938, 41.5491333 ], [ -71.3566288, 41.5484529 ], [ -71.3565809, 41.5479979 ], [ -71.3563547, 41.5476454 ], [ -71.3564323, 41.5471789 ], [ -71.3571042, 41.5452951 ], [ -71.3571847, 41.5448822 ], [ -71.3571626, 41.5446573 ], [ -71.356888, 41.544186 ], [ -71.356653, 41.5433825 ], [ -71.356536, 41.543205 ], [ -71.3559957, 41.5436199 ], [ -71.3555936, 41.5441393 ], [ -71.3554343, 41.5445755 ], [ -71.3551571, 41.5459741 ], [ -71.3549001, 41.5465502 ], [ -71.3548361, 41.5466936 ], [ -71.3548308, 41.5482378 ], [ -71.3548301, 41.5484479 ], [ -71.354862, 41.5485734 ], [ -71.3549107, 41.5487654 ], [ -71.3553253, 41.5495123 ], [ -71.3553416, 41.5498055 ], [ -71.3552577, 41.55 ] ] } },
{ "type": "Feature", "properties": { "RCID": 1141, "PRIM": 2, "GRUP": 2, "OBJL": 43, "RVER": 1, "AGEN": 550, "FIDN": 45888215, "FIDS": 8691, "LNAM": "022602BC32D721F3", "VALDCO": 0.0, "SCAMIN": 89999 }, "geometry": { "type": "LineString", "coordinates": [ [ -71.3532944, 41.4822324 ], [ -71.3530918, 41.4822955 ], [ -71.3530702, 41.4823624 ], [ -71.3530006, 41.4825779 ], [ -71.3527194, 41.4827547 ], [ -71.3525732, 41.4827653 ], [ -71.3525346, 41.4825352 ], [ -71.352596, 41.4824681 ], [ -71.3526721, 41.4823848 ], [ -71.3527261, 41.4823257 ], [ -71.3528949, 41.4822693 ], [ -71.3529234, 41.4821328 ] ] } },
{ "type": "Feature", "properties": { "RCID": 1142, "PRIM": 2, "GRUP": 2, "OBJL": 43, "RVER": 1, "AGEN": 550, "FIDN": 546474258, "FIDS": 8691, "LNAM": "02262092891221F3", "VALDCO": 5.0, "SCAMIN": 44999 }, "geometry": { "type": "LineString", "coordinates": [ [ -71.3588181, 41.55 ], [ -71.3588246, 41.5495178 ], [ -71.3589917, 41.54833 ], [ -71.3597826, 41.5461782 ], [ -71.3608608, 41.5448132 ], [ -71.3612107, 41.5442896 ], [ -71.3619172, 41.5432324 ], [ -71.3623356, 41.5423813 ], [ -71.3624063, 41.5417595 ], [ -71.3624132, 41.5416993 ], [ -71.3625912, 41.5415275 ], [ -71.3630306, 41.5411036 ], [ -71.3632412, 41.5406887 ], [ -71.3633927, 41.5403901 ], [ -71.3634208, 41.5398145 ], [ -71.3632253, 41.5385766 ], [ -71.3626443, 41.5355585 ], [ -71.362627, 41.5354687 ], [ -71.3622708, 41.5345955 ], [ -71.3613927, 41.5323371 ], [ -71.3612754, 41.5320353 ], [ -71.360803, 41.5300703 ], [ -71.3606721, 41.5295259 ], [ -71.3602202, 41.5268318 ], [ -71.3602076, 41.5268078 ], [ -71.3600081, 41.5264281 ], [ -71.3600112, 41.5256591 ], [ -71.3598572, 41.5245063 ], [ -71.3598771, 41.5243379 ], [ -71.3599553, 41.5236773 ], [ -71.3599468, 41.5215739 ], [ -71.3603095, 41.5206528 ], [ -71.3602348, 41.5197628 ], [ -71.3604966, 41.5192597 ], [ -71.3612147, 41.5184911 ], [ -71.3623452, 41.517281 ], [ -71.3630962, 41.5162112 ], [ -71.3631637, 41.5159488 ], [ -71.3631353, 41.5151481 ], [ -71.3634898, 41.5143362 ], [ -71.3634398, 41.5135186 ], [ -71.3632408, 41.5130728 ], [ -71.3624983, 41.5123458 ], [ -71.3608497, 41.5116371 ], [ -71.3603655, 41.5115132 ], [ -71.3592559, 41.5115893 ], [ -71.3579098, 41.5114911 ], [ -71.3579034, 41.5114906 ], [ -71.3578985, 41.5114881 ], [ -71.3576278, 41.5113502 ], [ -71.3572741, 41.51117 ], [ -71.3570784, 41.5108915 ], [ -71.3571388, 41.5103822 ], [ -71.3568912, 41.5097186 ], [ -71.3569257, 41.5095596 ], [ -71.3570064, 41.5091879 ], [ -71.3570516, 41.5084659 ], [ -71.35724, 41.507617 ], [ -71.3572584, 41.5070191 ], [ -71.3575802, 41.50657 ], [ -71.3575959, 41.506548 ], [ -71.3577374, 41.506132 ], [ -71.358033, 41.5040586 ], [ -71.3586592, 41.5026433 ], [ -71.3593614, 41.5017556 ], [ -71.3604604, 41.5009509 ], [ -71.3616881, 41.5001671 ], [ -71.3632491, 41.4988172 ], [ -71.3644398, 41.4972771 ], [ -71.3648127, 41.4965774 ], [ -71.3647182, 41.4960101 ], [ -71.3646783, 41.4957706 ], [ -71.3646949, 41.4944231 ], [ -71.3645315, 41.4940284 ], [ -71.3636515, 41.4928539 ], [ -71.3632549, 41.4919238 ], [ -71.3618411, 41.4906352 ], [ -71.3606827, 41.4890902 ], [ -71.3604469, 41.4886592 ], [ -71.3602161, 41.4879038 ], [ -71.3600749, 41.4876647 ], [ -71.35865, 41.4864752 ], [ -71.3574809, 41.4861372 ], [ -71.3571537, 41.4859293 ], [ -71.3568518, 41.4850256 ], [ -71.3564045, 41.4844584 ], [ -71.3566629, 41.4837716 ], [ -71.3565764, 41.4835874 ], [ -71.3559586, 41.4833447 ], [ -71.3555368, 41.4833308 ], [ -71.3552197, 41.4835152 ], [ -71.3549039, 41.4840187 ], [ -71.3547295, 41.4841437 ], [ -71.3535801, 41.4842166 ], [ -71.3534999, 41.4842216 ], [ -71.3529449, 41.484073 ], [ -71.3518634, 41.4833963 ], [ -71.3518273, 41.4833473 ], [ -71.3517097, 41.4831875 ], [ -71.3517906, 41.4830972 ], [ -71.3519094, 41.4829644 ], [ -71.3519158, 41.4829572 ], [ -71.3523146, 41.4829124 ], [ -71.3522045, 41.4826616 ], [ -71.352288, 41.4821327 ], [ -71.3527672, 41.4815706 ], [ -71.3529985, 41.4807548 ], [ -71.3531826, 41.4806942 ], [ -71.3534142, 41.4807903 ], [ -71.3534839, 41.4810844 ], [ -71.3537607, 41.4812437 ], [ -71.3540047, 41.4812094 ], [ -71.3541989, 41.4809915 ], [ -71.354534, 41.4798801 ], [ -71.3544475, 41.4796204 ], [ -71.3541485, 41.4791738 ], [ -71.3542791, 41.4788656 ], [ -71.3545686, 41.4786511 ], [ -71.355, 41.4784631 ], [ -71.3552089, 41.4785591 ], [ -71.3554267, 41.4788755 ], [ -71.3555728, 41.4789562 ], [ -71.3565412, 41.4790311 ], [ -71.3568413, 41.4783126 ], [ -71.3572461, 41.4779783 ], [ -71.3574453, 41.4773449 ], [ -71.357835, 41.4770439 ], [ -71.3584011, 41.4768767 ], [ -71.3588049, 41.4768612 ], [ -71.3591908, 41.4769107 ], [ -71.3596012, 41.477104 ], [ -71.3598577, 41.4776266 ], [ -71.3598482, 41.4779304 ], [ -71.3597342, 41.478298 ], [ -71.3598018, 41.4784927 ], [ -71.360125, 41.478257 ], [ -71.36081, 41.4770868 ], [ -71.3610402, 41.476813 ], [ -71.3614392, 41.4765899 ], [ -71.3619851, 41.4765909 ], [ -71.3622023, 41.4767323 ], [ -71.3623103, 41.4769185 ], [ -71.3622248, 41.477116 ], [ -71.3618749, 41.4773465 ], [ -71.3618056, 41.4774814 ], [ -71.3619251, 41.4784302 ], [ -71.3620883, 41.4785488 ], [ -71.3625538, 41.4782817 ], [ -71.3629754, 41.4779331 ], [ -71.363123, 41.477693 ], [ -71.3632467, 41.4771255 ], [ -71.3636695, 41.4766003 ], [ -71.3638282, 41.4765135 ], [ -71.3655891, 41.4766576 ], [ -71.3664536, 41.476995 ], [ -71.3672285, 41.4769773 ], [ -71.367714, 41.4773219 ], [ -71.368016, 41.4774151 ], [ -71.368452, 41.4773616 ], [ -71.3689572, 41.4771182 ], [ -71.3694248, 41.4772506 ], [ -71.3697729, 41.4772478 ], [ -71.3699874, 41.4771615 ], [ -71.3701053, 41.4769995 ], [ -71.3693762, 41.4766267 ], [ -71.3691863, 41.476274 ], [ -71.3693111, 41.4757597 ], [ -71.3694964, 41.4756246 ], [ -71.369734, 41.4757608 ], [ -71.3699937, 41.4760706 ], [ -71.370312, 41.4762241 ], [ -71.3712048, 41.4762247 ], [ -71.3713828, 41.4767713 ], [ -71.3716006, 41.4768948 ], [ -71.3718751, 41.4769049 ], [ -71.3721246, 41.4766657 ], [ -71.3723251, 41.4763183 ], [ -71.3723631, 41.4753102 ], [ -71.37257, 41.475 ] ] } },
{ "type": "Feature", "properties": { "RCID": 1143, "PRIM": 2, "GRUP": 2, "OBJL": 43, "RVER": 1, "AGEN": 550, "FIDN": 518062335, "FIDS": 8691, "LNAM": "02261EE100FF21F3", "VALDCO": 0.0, "SCAMIN": 89999 }, "geometry": { "type": "LineString", "coordinates": [ [ -71.3454406, 41.5318345 ], [ -71.3455504, 41.5318957 ], [ -71.3456184, 41.5319646 ], [ -71.3456503, 41.5320114 ], [ -71.3456589, 41.5320478 ], [ -71.3456475, 41.5322024 ], [ -71.3456447, 41.5323058 ], [ -71.3456861, 41.5324151 ], [ -71.3457425, 41.5325242 ], [ -71.345798, 41.5326251 ], [ -71.3458467, 41.5327413 ], [ -71.3459918, 41.5332703 ], [ -71.3461329, 41.5343323 ], [ -71.3460557, 41.5353983 ], [ -71.3460369, 41.5358576 ], [ -71.3459209, 41.5360775 ] ] } },
{ "type": "Feature", "properties": { "RCID": 1144, "PRIM": 2, "GRUP": 2, "OBJL": 43, "RVER": 1, "AGEN": 550, "FIDN": 722448864, "FIDS": 8691, "LNAM": "02262B0FB1E021F3", "VALDCO": 15.0, "SCAMIN": 44999 }, "geometry": { "type": "LineString", "coordinates": [ [ -71.3358549, 41.55 ], [ -71.3359356, 41.5494764 ], [ -71.3366443, 41.5472828 ], [ -71.3368982, 41.5460698 ], [ -71.3374889, 41.5440666 ], [ -71.3375858, 41.5433358 ], [ -71.3374035, 41.5427789 ], [ -71.3377838, 41.5423348 ], [ -71.3383633, 41.5405056 ], [ -71.3389439, 41.5393072 ], [ -71.3392978, 41.5388744 ], [ -71.3396334, 41.5386192 ], [ -71.3401108, 41.5384128 ], [ -71.3405477, 41.5383583 ], [ -71.3410929, 41.5384976 ], [ -71.3427259, 41.539381 ], [ -71.3429896, 41.5394478 ], [ -71.3422816, 41.5371764 ], [ -71.3419301, 41.5346925 ], [ -71.3416238, 41.5332367 ], [ -71.3416142, 41.5328604 ], [ -71.3417671, 41.5319302 ], [ -71.3417324, 41.5310484 ], [ -71.3420304, 41.5294886 ], [ -71.3421024, 41.5282692 ], [ -71.3422764, 41.5273638 ], [ -71.3425901, 41.5271876 ], [ -71.3444452, 41.5268074 ], [ -71.3452413, 41.5270106 ], [ -71.3459289, 41.5274673 ], [ -71.3467884, 41.5283537 ], [ -71.3474976, 41.5292556 ], [ -71.3482387, 41.5302905 ], [ -71.3483146, 41.5305505 ], [ -71.3482514, 41.5310884 ], [ -71.3479644, 41.5320104 ], [ -71.3479334, 41.5323542 ], [ -71.3480357, 41.5333943 ], [ -71.348382, 41.5353143 ], [ -71.3482866, 41.5359752 ], [ -71.3474768, 41.53711 ], [ -71.3468974, 41.5387415 ], [ -71.3464303, 41.5396129 ], [ -71.3461262, 41.5398495 ], [ -71.3459408, 41.5399086 ], [ -71.3452511, 41.5397765 ], [ -71.3447388, 41.5398175 ], [ -71.3438757, 41.5401791 ], [ -71.3437552, 41.5403894 ], [ -71.3438783, 41.5408858 ], [ -71.3441928, 41.5410091 ], [ -71.3444992, 41.5412343 ], [ -71.3451177, 41.5420142 ], [ -71.3452394, 41.5425763 ], [ -71.345262, 41.5427683 ], [ -71.3456457, 41.5441911 ], [ -71.3455133, 41.5462648 ], [ -71.3454887, 41.5467411 ], [ -71.3456018, 41.5476708 ], [ -71.3458423, 41.5482674 ], [ -71.3464155, 41.5485457 ], [ -71.3462423, 41.5491272 ], [ -71.3464936, 41.5492489 ], [ -71.34655, 41.5493601 ], [ -71.3468537, 41.5493735 ], [ -71.3467935, 41.5496625 ], [ -71.3468388, 41.55 ] ] } },
{ "type": "Feature", "properties": { "RCID": 1145, "PRIM": 2, "GRUP": 2, "OBJL": 43, "RVER": 1, "AGEN": 550, "FIDN": 65276561, "FIDS": 8691, "LNAM": "022603E40A9121F3", "VALDCO": 5.0, "SCAMIN": 44999 }, "geometry": { "type": "LineString", "coordinates": [ [ -71.3438373, 41.475 ], [ -71.34355, 41.4752416 ], [ -71.342803, 41.4759336 ], [ -71.3423627, 41.4765342 ], [ -71.3412216, 41.4778177 ], [ -71.3409103, 41.4783951 ], [ -71.3404656, 41.4787685 ], [ -71.3392733, 41.4814229 ], [ -71.33889, 41.4817384 ], [ -71.338424, 41.481961 ], [ -71.3374651, 41.4820601 ], [ -71.3368814, 41.4820083 ], [ -71.3365839, 41.4818945 ], [ -71.3363095, 41.4815164 ], [ -71.3354263, 41.480835 ], [ -71.335399, 41.480538 ], [ -71.3349041, 41.4798631 ], [ -71.3344309, 41.4795786 ], [ -71.3345963, 41.479195 ], [ -71.3343429, 41.4787098 ], [ -71.3342647, 41.4781251 ], [ -71.3341696, 41.4779519 ], [ -71.3334166, 41.4776696 ], [ -71.3330168, 41.4776192 ], [ -71.3325906, 41.4776704 ], [ -71.332476, 41.4776159 ], [ -71.3324755, 41.4774422 ], [ -71.3330744, 41.4760174 ], [ -71.3334199, 41.4758222 ], [ -71.3327391, 41.4753298 ], [ -71.3326284, 41.4751334 ], [ -71.3325491, 41.475 ] ] } },
{ "type": "Feature", "properties": { "RCID": 1146, "PRIM": 2, "GRUP": 2, "OBJL": 43, "RVER": 1, "AGEN": 550, "FIDN": 597653724, "FIDS": 8691, "LNAM": "0226239F78DC21F3", "VALDCO": 0.0, "SCAMIN": 89999 }, "geometry": { "type": "LineString", "coordinates": [ [ -71.3272027, 41.5041263 ], [ -71.3276397, 41.5039662 ], [ -71.3280696, 41.504357 ] ] } },
{ "type": "Feature", "properties": { "RCID": 1147, "PRIM": 2, "GRUP": 2, "OBJL": 43, "RVER": 1, "AGEN": 550, "FIDN": 148564984, "FIDS": 8691, "LNAM": "022608DAEBF821F3", "VALDCO": 5.0, "SCAMIN": 44999 }, "geometry": { "type": "LineString", "coordinates": [ [ -71.325, 41.4797801 ], [ -71.3253227, 41.479704 ], [ -71.3253855, 41.4794946 ], [ -71.3253113, 41.4793042 ], [ -71.325, 41.479249 ] ] } },
{ "type": "Feature", "properties": { "RCID": 1148, "PRIM": 2, "GRUP": 2, "OBJL": 43, "RVER": 1, "AGEN": 550, "FIDN": 50914299, "FIDS": 8691, "LNAM": "02260308E3FB21F3", "VALDCO": 0.0, "SCAMIN": 89999 }, "geometry": { "type": "LineString", "coordinates": [ [ -71.325, 41.517086 ], [ -71.3256318, 41.5174178 ], [ -71.3261792, 41.5175237 ], [ -71.3266307, 41.5173999 ], [ -71.3268929, 41.5171968 ], [ -71.3273651, 41.5174496 ], [ -71.3277431, 41.5178222 ], [ -71.3280885, 41.5178647 ], [ -71.3280657, 41.5180562 ], [ -71.3283945, 41.5182144 ], [ -71.3301009, 41.5177071 ], [ -71.3302997, 41.5174054 ], [ -71.330538, 41.5173128 ], [ -71.3308058, 41.5174442 ], [ -71.3308647, 41.5176464 ], [ -71.3309028, 41.5177348 ], [ -71.3309311, 41.5177901 ], [ -71.3310359, 41.5178103 ], [ -71.331088, 41.5178215 ], [ -71.3311331, 41.5178312 ], [ -71.3311424, 41.5178954 ], [ -71.3311348, 41.5179439 ], [ -71.3311163, 41.5179599 ], [ -71.3310595, 41.5179875 ], [ -71.3310215, 41.5180033 ], [ -71.330998, 41.5180131 ], [ -71.3309285, 41.5180781 ], [ -71.3308522, 41.5181424 ], [ -71.3308155, 41.5181868 ], [ -71.3307329, 41.5182709 ], [ -71.3306828, 41.5182992 ], [ -71.3306457, 41.5183273 ], [ -71.3306128, 41.5183521 ], [ -71.3305121, 41.5183937 ], [ -71.3303386, 41.5184459 ], [ -71.3303159, 41.5184527 ], [ -71.3302579, 41.5184702 ], [ -71.330196, 41.5184819 ], [ -71.3301048, 41.5184925 ], [ -71.3297988, 41.5183401 ], [ -71.3295125, 41.5183528 ], [ -71.3285463, 41.5187715 ], [ -71.3279977, 41.5191248 ], [ -71.3277111, 41.5201905 ], [ -71.3277997, 41.5208706 ], [ -71.327568, 41.5209579 ], [ -71.3275295, 41.5213856 ], [ -71.3274219, 41.521552 ], [ -71.3272443, 41.5216373 ], [ -71.3272309, 41.5217782 ], [ -71.3271663, 41.5218682 ], [ -71.3271055, 41.5220451 ], [ -71.3270606, 41.5221746 ], [ -71.3270166, 41.5222496 ], [ -71.3269745, 41.522271 ], [ -71.3269279, 41.5222754 ], [ -71.3267255, 41.5222946 ], [ -71.3266247, 41.5222895 ], [ -71.3263492, 41.5222766 ], [ -71.3262285, 41.5222703 ], [ -71.3258769, 41.5223554 ], [ -71.3255894, 41.5224224 ], [ -71.325295, 41.5224984 ], [ -71.325151, 41.5225456 ], [ -71.3250027, 41.5226104 ], [ -71.325, 41.5226122 ] ] } },
{ "type": "Feature", "properties": { "RCID": 1149, "PRIM": 2, "GRUP": 2, "OBJL": 43, "RVER": 1, "AGEN": 550, "FIDN": 118835885, "FIDS": 8691, "LNAM": "022607154AAD21F3", "VALDCO": 15.0, "SCAMIN": 44999 }, "geometry": { "type": "LineString", "coordinates": [ [ -71.4, 41.4958681 ], [ -71.399205, 41.4966526 ], [ -71.3982047, 41.4968077 ], [ -71.3986413, 41.4969377 ], [ -71.3993597, 41.4968025 ], [ -71.4, 41.4967381 ] ] } },
{ "type": "Feature", "properties": { "RCID": 1150, "PRIM": 2, "GRUP": 2, "OBJL": 43, "RVER": 1, "AGEN": 550, "FIDN": 391230711, "FIDS": 8691, "LNAM": "02261751B4F721F3", "VALDCO": 15.0, "SCAMIN": 44999 }, "geometry": { "type": "LineString", "coordinates": [ [ -71.3933623, 41.55 ], [ -71.3932944, 41.5495027 ], [ -71.393584, 41.5483084 ], [ -71.3935968, 41.5479114 ], [ -71.3934441, 41.5474729 ], [ -71.3931884, 41.5473293 ], [ -71.3928758, 41.5474625 ], [ -71.3926715, 41.5480521 ], [ -71.3927307, 41.5492612 ], [ -71.392656, 41.55 ] ] } },
{ "type": "Feature", "properties": { "RCID": 1151, "PRIM": 2, "GRUP": 2, "OBJL": 43, "RVER": 1, "AGEN": 550, "FIDN": 596697035, "FIDS": 8691, "LNAM": "02262390DFCB21F3", "VALDCO": 0.0, "SCAMIN": 89999 }, "geometry": { "type": "LineString", "coordinates": [ [ -71.3863424, 41.4901525 ], [ -71.3862611, 41.4903102 ], [ -71.3862527, 41.4906349 ], [ -71.3860478, 41.4914722 ], [ -71.3863014, 41.4919044 ], [ -71.3866565, 41.4919656 ] ] } },
{ "type": "Feature", "properties": { "RCID": 1152, "PRIM": 2, "GRUP": 2, "OBJL": 43, "RVER": 1, "AGEN": 550, "FIDN": 88967662, "FIDS": 8691, "LNAM": "0226054D89EE21F3", "VALDCO": 0.0, "SCAMIN": 89999 }, "geometry": { "type": "LineString", "coordinates": [ [ -71.3857809, 41.4879859 ], [ -71.3850183, 41.488114 ], [ -71.3843155, 41.4885866 ] ] } },
{ "type": "Feature", "properties": { "RCID": 1153, "PRIM": 2, "GRUP": 2, "OBJL": 43, "RVER": 1, "AGEN": 550, "FIDN": 940440873, "FIDS": 8691, "LNAM": "0226380DFD2921F3", "VALDCO": 0.0, "SCAMIN": 89999 }, "geometry": { "type": "LineString", "coordinates": [ [ -71.382623, 41.4894186 ], [ -71.3820572, 41.4895505 ], [ -71.3817283, 41.4897988 ], [ -71.3811612, 41.4900156 ] ] } },
{ "type": "Feature", "properties": { "RCID": 1154, "PRIM": 2, "GRUP": 2, "OBJL": 43, "RVER": 1, "AGEN": 550, "FIDN": 535309325, "FIDS": 8691, "LNAM": "02261FE82C0D21F3", "VALDCO": 0.0, "SCAMIN": 89999 }, "geometry": { "type": "LineString", "coordinates": [ [ -71.3806283, 41.4881974 ], [ -71.3807316, 41.4880869 ], [ -71.3807596, 41.4879655 ], [ -71.3805078, 41.4877837 ], [ -71.3804941, 41.4876214 ], [ -71.3803736, 41.487536 ], [ -71.3803996, 41.4873671 ], [ -71.3797356, 41.4869496 ], [ -71.3796846, 41.486768 ], [ -71.3797739, 41.4865862 ], [ -71.3797714, 41.4865842 ], [ -71.3797596, 41.4865824 ], [ -71.3796819, 41.4865923 ], [ -71.3796516, 41.4865926 ], [ -71.3796242, 41.4865871 ], [ -71.3796116, 41.4865803 ], [ -71.3796025, 41.4865754 ], [ -71.3795952, 41.4865668 ], [ -71.3795888, 41.4865593 ], [ -71.37958, 41.486534 ], [ -71.3795796, 41.4865328 ], [ -71.3795753, 41.4865205 ], [ -71.3795548, 41.486493 ], [ -71.3795473, 41.4864768 ], [ -71.3795445, 41.4864642 ], [ -71.3795427, 41.486456 ], [ -71.3795431, 41.4864536 ], [ -71.3795502, 41.4864141 ], [ -71.3795478, 41.48639 ], [ -71.3795379, 41.4863663 ], [ -71.3795298, 41.4863469 ], [ -71.3794992, 41.4863006 ], [ -71.3794656, 41.4862707 ], [ -71.3794519, 41.4862626 ], [ -71.379417, 41.486242 ], [ -71.3794105, 41.4862404 ], [ -71.3794045, 41.486239 ], [ -71.379395, 41.4862367 ], [ -71.3793575, 41.4862378 ], [ -71.3793431, 41.4862363 ], [ -71.379322, 41.4862294 ], [ -71.3792965, 41.4862162 ], [ -71.3792686, 41.4862139 ], [ -71.3792082, 41.4862089 ], [ -71.3791687, 41.4862057 ] ] } },
{ "type": "Feature", "properties": { "RCID": 1155, "PRIM": 2, "GRUP": 2, "OBJL": 43, "RVER": 1, "AGEN": 550, "FIDN": 236271111, "FIDS": 8691, "LNAM": "02260E15360721F3", "VALDCO": 10.0, "SCAMIN": 44999 }, "geometry": { "type": "LineString", "coordinates": [ [ -71.371524, 41.475 ], [ -71.3714779, 41.4750609 ], [ -71.3714703, 41.4751675 ], [ -71.3716115, 41.4754399 ], [ -71.3717762, 41.4755445 ], [ -71.3720512, 41.4754079 ], [ -71.3722908, 41.475217 ], [ -71.3723517, 41.4750818 ], [ -71.3723292, 41.475 ] ] } },
{ "type": "Feature", "properties": { "RCID": 1156, "PRIM": 2, "GRUP": 2, "OBJL": 43, "RVER": 1, "AGEN": 550, "FIDN": 341624072, "FIDS": 8691, "LNAM": "0226145CC50821F3", "VALDCO": 50.0, "SCAMIN": 44999 }, "geometry": { "type": "LineString", "coordinates": [ [ -71.3487098, 41.4794707 ], [ -71.3483416, 41.4797621 ], [ -71.3481694, 41.4801158 ], [ -71.3481612, 41.4801668 ], [ -71.3480502, 41.4808524 ], [ -71.3481348, 41.4813212 ], [ -71.3483184, 41.4816037 ], [ -71.3484772, 41.4817632 ], [ -71.3489252, 41.4822134 ], [ -71.3492868, 41.4823603 ], [ -71.34995, 41.4824817 ], [ -71.3501253, 41.4824498 ], [ -71.3501892, 41.4823684 ], [ -71.3502839, 41.4817596 ], [ -71.350241, 41.4816922 ], [ -71.3498839, 41.4811312 ], [ -71.3497153, 41.4807206 ], [ -71.3497527, 41.4795204 ], [ -71.3496771, 41.4794271 ], [ -71.3494782, 41.4793725 ], [ -71.3494026, 41.4793821 ], [ -71.3487098, 41.4794707 ] ] } },
{ "type": "Feature", "properties": { "RCID": 1157, "PRIM": 2, "GRUP": 2, "OBJL": 43, "RVER": 1, "AGEN": 550, "FIDN": 600893790, "FIDS": 8691, "LNAM": "022623D0E95E21F3", "VALDCO": 0.0, "SCAMIN": 89999 }, "geometry": { "type": "LineString", "coordinates": [ [ -71.3432262, 41.5345056 ], [ -71.3432028, 41.5348845 ], [ -71.3433073, 41.535236 ], [ -71.3433206, 41.53574 ], [ -71.3433879, 41.5357895 ] ] } },
{ "type": "Feature", "properties": { "RCID": 1158, "PRIM": 2, "GRUP": 2, "OBJL": 43, "RVER": 1, "AGEN": 550, "FIDN": 502593138, "FIDS": 8691, "LNAM": "02261DF4F67221F3", "VALDCO": 2.0, "SCAMIN": 44999 }, "geometry": { "type": "LineString", "coordinates": [ [ -71.3435532, 41.5361871 ], [ -71.3432627, 41.5361266 ], [ -71.3432256, 41.5360781 ], [ -71.3431386, 41.5359646 ], [ -71.3431049, 41.5359206 ], [ -71.3428167, 41.5347891 ], [ -71.3425119, 41.5342217 ], [ -71.3423892, 41.533742 ], [ -71.3422806, 41.5325237 ], [ -71.342228, 41.5319336 ], [ -71.3420826, 41.5312915 ], [ -71.3421445, 41.5311673 ], [ -71.3422649, 41.5311131 ], [ -71.3425275, 41.5311264 ], [ -71.3428726, 41.5311439 ] ] } },
{ "type": "Feature", "properties": { "RCID": 1159, "PRIM": 2, "GRUP": 2, "OBJL": 43, "RVER": 1, "AGEN": 550, "FIDN": 695505815, "FIDS": 8691, "LNAM": "02262974939721F3", "VALDCO": 5.0, "SCAMIN": 44999 }, "geometry": { "type": "LineString", "coordinates": [ [ -71.3366327, 41.4937628 ], [ -71.3369896, 41.4935843 ], [ -71.3373466, 41.4936771 ], [ -71.3373894, 41.4939734 ], [ -71.3370753, 41.4940412 ], [ -71.3367933, 41.4940233 ], [ -71.3366327, 41.4937628 ] ] } },
{ "type": "Feature", "properties": { "RCID": 1160, "PRIM": 2, "GRUP": 2, "OBJL": 43, "RVER": 1, "AGEN": 550, "FIDN": 48203442, "FIDS": 8691, "LNAM": "022602DF86B221F3", "VALDCO": 30.0, "SCAMIN": 89999 }, "geometry": { "type": "LineString", "coordinates": [ [ -71.3467523, 41.475 ], [ -71.3465604, 41.4752411 ], [ -71.3450534, 41.4770005 ], [ -71.3442297, 41.4782255 ], [ -71.3436995, 41.4792191 ], [ -71.3436623, 41.4792888 ], [ -71.3434162, 41.4801179 ], [ -71.3434597, 41.4809679 ], [ -71.3434317, 41.481196 ], [ -71.3433587, 41.4817923 ], [ -71.3432745, 41.4819714 ], [ -71.3425952, 41.4834167 ], [ -71.3423781, 41.4838787 ], [ -71.3422048, 41.4843559 ], [ -71.3421487, 41.4848517 ], [ -71.341977, 41.4852498 ], [ -71.3419474, 41.4855736 ], [ -71.3420015, 41.4867016 ], [ -71.3422052, 41.4879168 ], [ -71.3425052, 41.4885465 ], [ -71.3429722, 41.4901814 ], [ -71.3434381, 41.4918126 ], [ -71.343656, 41.4923015 ], [ -71.3443099, 41.4933648 ], [ -71.344565, 41.4939819 ], [ -71.3449343, 41.4944731 ], [ -71.3452272, 41.4957728 ], [ -71.3452989, 41.4963403 ], [ -71.345268, 41.4976811 ], [ -71.3456822, 41.4987158 ], [ -71.345787, 41.4991833 ], [ -71.3458265, 41.5012143 ], [ -71.3461922, 41.5022761 ], [ -71.3463653, 41.5035308 ], [ -71.3465698, 41.5042618 ], [ -71.3465318, 41.5044148 ], [ -71.3464901, 41.5045826 ], [ -71.3463389, 41.5051913 ], [ -71.3462988, 41.5055284 ], [ -71.3461284, 41.5069602 ], [ -71.3459516, 41.5076736 ], [ -71.3449616, 41.5103241 ], [ -71.3443749, 41.5129891 ], [ -71.3439901, 41.513738 ], [ -71.3429648, 41.5148133 ], [ -71.3423959, 41.5151362 ], [ -71.3418701, 41.5151917 ], [ -71.341526, 41.5151414 ], [ -71.3408707, 41.5147972 ], [ -71.3403051, 41.5146676 ], [ -71.3402034, 41.5146778 ], [ -71.3399417, 41.5148357 ], [ -71.339571, 41.5152795 ], [ -71.3391736, 41.5159368 ], [ -71.33903, 41.5161991 ], [ -71.3382735, 41.5175811 ], [ -71.3379929, 41.5181933 ], [ -71.3374137, 41.519457 ], [ -71.3370585, 41.5199997 ], [ -71.3366581, 41.5203944 ], [ -71.3364491, 41.5205472 ], [ -71.335151, 41.521496 ], [ -71.3334366, 41.5229885 ], [ -71.3329316, 41.5235224 ], [ -71.33265, 41.5241338 ], [ -71.3326129, 41.5244486 ], [ -71.3327031, 41.5251455 ], [ -71.3328266, 41.5254406 ], [ -71.3330742, 41.5256933 ], [ -71.3331096, 41.5257295 ], [ -71.3332487, 41.5259998 ], [ -71.3334472, 41.5270634 ], [ -71.3337041, 41.5277661 ], [ -71.3337307, 41.5281006 ], [ -71.3338089, 41.529085 ], [ -71.3339692, 41.5295416 ], [ -71.3336923, 41.5300733 ], [ -71.3332439, 41.5315463 ], [ -71.3330045, 41.5325852 ], [ -71.3329804, 41.53269 ], [ -71.3328724, 41.5337492 ], [ -71.3328902, 41.5338201 ], [ -71.3331755, 41.5349617 ], [ -71.3335316, 41.5358132 ], [ -71.333927, 41.5363419 ], [ -71.3343194, 41.536644 ], [ -71.3343246, 41.5366462 ], [ -71.3347372, 41.5368218 ], [ -71.3353001, 41.536833 ], [ -71.3356619, 41.53662 ], [ -71.3361132, 41.5355538 ], [ -71.3364227, 41.5351909 ], [ -71.3371007, 41.5345985 ], [ -71.3377959, 41.5333868 ], [ -71.3407559, 41.5293716 ], [ -71.340826, 41.5290165 ], [ -71.3407291, 41.5286433 ], [ -71.3404979, 41.5282949 ], [ -71.3397334, 41.5276507 ], [ -71.3396306, 41.5273782 ], [ -71.3397177, 41.5270811 ], [ -71.3399801, 41.5268702 ], [ -71.3403038, 41.5267607 ], [ -71.3415207, 41.5266765 ], [ -71.341995, 41.5263548 ], [ -71.342528, 41.5256502 ], [ -71.3432036, 41.5247571 ], [ -71.3432153, 41.524734 ], [ -71.3435134, 41.5241484 ], [ -71.3436498, 41.523759 ], [ -71.3437491, 41.5234751 ], [ -71.344012, 41.5227242 ], [ -71.3443342, 41.5221657 ], [ -71.3448117, 41.5216071 ], [ -71.3457828, 41.5207553 ], [ -71.3467843, 41.5193379 ], [ -71.3479991, 41.5181891 ], [ -71.3480832, 41.5181272 ], [ -71.3493823, 41.5171708 ], [ -71.3496971, 41.516701 ], [ -71.3501147, 41.5157645 ], [ -71.350442, 41.5154216 ], [ -71.3507232, 41.5152527 ], [ -71.3511521, 41.5151108 ], [ -71.3515569, 41.5151892 ], [ -71.3516012, 41.5152955 ], [ -71.3519405, 41.5161097 ], [ -71.3522846, 41.5164549 ], [ -71.3526647, 41.5166354 ], [ -71.3529142, 41.5166537 ], [ -71.3532374, 41.5165444 ], [ -71.3535915, 41.5163012 ], [ -71.3538774, 41.5159546 ], [ -71.3538137, 41.5153335 ], [ -71.3535654, 41.5146061 ], [ -71.3531463, 41.5118788 ], [ -71.3527296, 41.5107319 ], [ -71.3525642, 41.5095447 ], [ -71.3521925, 41.5082564 ], [ -71.352196, 41.5074539 ], [ -71.3530557, 41.5054603 ], [ -71.353226, 41.5052275 ], [ -71.3546148, 41.5033285 ], [ -71.3554071, 41.5009524 ], [ -71.3559768, 41.5002514 ], [ -71.3570427, 41.4995296 ], [ -71.3573689, 41.4991787 ], [ -71.3578287, 41.4983618 ], [ -71.357902, 41.4977279 ], [ -71.3576646, 41.4964783 ], [ -71.3571168, 41.4947771 ], [ -71.3571017, 41.4947147 ], [ -71.3568127, 41.4935162 ], [ -71.3566452, 41.4921736 ], [ -71.3566761, 41.4914352 ], [ -71.3564531, 41.490465 ], [ -71.3549618, 41.4879317 ], [ -71.3537433, 41.4867772 ], [ -71.3530615, 41.486228 ], [ -71.3520851, 41.4846373 ], [ -71.3520068, 41.4845679 ], [ -71.3510579, 41.4837266 ], [ -71.3509904, 41.4833438 ], [ -71.3511546, 41.4826665 ], [ -71.350931, 41.4821435 ], [ -71.3511794, 41.4817736 ], [ -71.3511113, 41.4816571 ], [ -71.3509232, 41.4813355 ], [ -71.3511563, 41.4807292 ], [ -71.3521483, 41.4798041 ], [ -71.3530766, 41.4793675 ], [ -71.3534306, 41.4790967 ], [ -71.3535153, 41.4787568 ], [ -71.3534071, 41.477983 ], [ -71.3535513, 41.4775978 ], [ -71.3538965, 41.4772146 ], [ -71.3544436, 41.4770269 ], [ -71.3547538, 41.4770075 ], [ -71.3557197, 41.4773443 ], [ -71.3587128, 41.4763693 ], [ -71.3617552, 41.4760114 ], [ -71.3628398, 41.4755774 ], [ -71.3648484, 41.4751665 ], [ -71.365305, 41.475 ] ] } },
{ "type": "Feature", "properties": { "RCID": 1161, "PRIM": 2, "GRUP": 2, "OBJL": 43, "RVER": 1, "AGEN": 550, "FIDN": 831088612, "FIDS": 8691, "LNAM": "0226318967E421F3", "VALDCO": 5.0, "SCAMIN": 44999 }, "geometry": { "type": "LineString", "coordinates": [ [ -71.3327696, 41.5038063 ], [ -71.3325161, 41.5030205 ], [ -71.3321341, 41.5025171 ], [ -71.3322654, 41.50218 ], [ -71.3322276, 41.501811 ], [ -71.3323255, 41.5009823 ], [ -71.3323048, 41.5005305 ], [ -71.3325245, 41.5002915 ], [ -71.3329259, 41.500146 ], [ -71.3332294, 41.5002025 ], [ -71.3333609, 41.5003771 ], [ -71.3335511, 41.5014026 ], [ -71.3336283, 41.5024195 ], [ -71.3335777, 41.503014 ], [ -71.3333831, 41.5036528 ], [ -71.3332698, 41.5038745 ], [ -71.3330714, 41.5039634 ], [ -71.3328926, 41.5039282 ], [ -71.3327696, 41.5038063 ] ] } },
{ "type": "Feature", "properties": { "RCID": 1162, "PRIM": 2, "GRUP": 2, "OBJL": 43, "RVER": 1, "AGEN": 550, "FIDN": 217380252, "FIDS": 8691, "LNAM": "02260CF4F59C21F3", "VALDCO": 2.0, "SCAMIN": 44999 }, "geometry": { "type": "LineString", "coordinates": [ [ -71.3269702, 41.4933804 ], [ -71.3268295, 41.4931063 ], [ -71.3267125, 41.4929224 ], [ -71.3266491, 41.4927875 ], [ -71.3266067, 41.4926623 ], [ -71.3265405, 41.4924291 ], [ -71.3265217, 41.4923395 ], [ -71.3264868, 41.4920942 ], [ -71.3264859, 41.4920328 ], [ -71.3264955, 41.4919125 ] ] } },
{ "type": "Feature", "properties": { "RCID": 1163, "PRIM": 2, "GRUP": 2, "OBJL": 43, "RVER": 1, "AGEN": 550, "FIDN": 954043684, "FIDS": 8691, "LNAM": "022638DD8D2421F3", "VALDCO": 2.0, "SCAMIN": 44999 }, "geometry": { "type": "LineString", "coordinates": [ [ -71.3268824, 41.475 ], [ -71.3262348, 41.4755138 ], [ -71.3258629, 41.476626 ], [ -71.3262518, 41.4773496 ], [ -71.3262066, 41.4776523 ], [ -71.3260583, 41.4777787 ], [ -71.325814, 41.4778329 ], [ -71.325, 41.4776387 ] ] } },
{ "type": "Feature", "properties": { "RCID": 1164, "PRIM": 2, "GRUP": 2, "OBJL": 43, "RVER": 1, "AGEN": 550, "FIDN": 281656807, "FIDS": 8691, "LNAM": "022610C9BDE721F3", "VALDCO": 15.0, "SCAMIN": 44999 }, "geometry": { "type": "LineString", "coordinates": [ [ -71.3448818, 41.475 ], [ -71.3430968, 41.476766 ], [ -71.3423389, 41.4777942 ], [ -71.340179, 41.4819605 ], [ -71.3392042, 41.4832926 ], [ -71.3385019, 41.4839948 ], [ -71.3376723, 41.4845472 ], [ -71.3372719, 41.4847288 ], [ -71.3366419, 41.484811 ], [ -71.3356744, 41.485443 ], [ -71.3353367, 41.4855587 ], [ -71.3348042, 41.4854237 ], [ -71.3338312, 41.4847356 ], [ -71.3331505, 41.4845742 ], [ -71.33255, 41.484194 ], [ -71.3319596, 41.4841506 ], [ -71.3318076, 41.4843631 ], [ -71.3315849, 41.4844941 ], [ -71.3316034, 41.4853546 ], [ -71.3317586, 41.4861218 ], [ -71.3320702, 41.4867398 ], [ -71.3325236, 41.4872245 ], [ -71.3325928, 41.4873999 ], [ -71.3324476, 41.48792 ], [ -71.3324331, 41.4883068 ], [ -71.3320228, 41.4885906 ], [ -71.3319164, 41.488821 ], [ -71.3319563, 41.489702 ], [ -71.3322687, 41.4901474 ], [ -71.3326256, 41.4903643 ], [ -71.3326767, 41.490487 ], [ -71.3325802, 41.4906333 ], [ -71.3323795, 41.4907417 ], [ -71.332183, 41.4907579 ], [ -71.3318678, 41.4906264 ], [ -71.331617, 41.4908312 ], [ -71.3311904, 41.4925453 ], [ -71.3312945, 41.4927164 ], [ -71.3317056, 41.4927943 ], [ -71.3318084, 41.49288 ], [ -71.331116, 41.4930973 ], [ -71.3309449, 41.493226 ], [ -71.3305446, 41.4940645 ], [ -71.3305049, 41.4943703 ], [ -71.3305774, 41.4945459 ], [ -71.3308179, 41.494627 ], [ -71.3314605, 41.494392 ], [ -71.3320557, 41.494569 ], [ -71.3326726, 41.4945129 ], [ -71.3326681, 41.4946378 ], [ -71.3322825, 41.4949381 ], [ -71.3322043, 41.4950807 ], [ -71.3322888, 41.4961257 ], [ -71.332505, 41.4963025 ], [ -71.3331063, 41.4965417 ], [ -71.3334636, 41.4964003 ], [ -71.3336255, 41.4964353 ], [ -71.3338854, 41.497155 ], [ -71.3339077, 41.4976411 ], [ -71.3339987, 41.4979229 ], [ -71.3340805, 41.4979723 ], [ -71.3343818, 41.497813 ], [ -71.3343679, 41.497536 ], [ -71.3337924, 41.4964012 ], [ -71.3345331, 41.4945368 ], [ -71.334448, 41.4938245 ], [ -71.3340401, 41.4929231 ], [ -71.3340501, 41.4925103 ], [ -71.3342027, 41.4919851 ], [ -71.3347765, 41.4907713 ], [ -71.3349272, 41.4906868 ], [ -71.3354297, 41.4906436 ], [ -71.3356624, 41.4904945 ], [ -71.3356783, 41.4902988 ], [ -71.3353293, 41.4898954 ], [ -71.3353349, 41.4897336 ], [ -71.3360613, 41.4894812 ], [ -71.3369223, 41.4893352 ], [ -71.3370957, 41.4891534 ], [ -71.3371346, 41.4887097 ], [ -71.3372185, 41.4885443 ], [ -71.3376127, 41.4883181 ], [ -71.3379553, 41.4883018 ], [ -71.3387404, 41.4889025 ], [ -71.3386877, 41.4895678 ], [ -71.3390849, 41.4909483 ], [ -71.3399704, 41.4921386 ], [ -71.3416566, 41.4932067 ], [ -71.3428243, 41.4935182 ], [ -71.3433635, 41.4942773 ], [ -71.3440407, 41.494823 ], [ -71.3440824, 41.4954305 ], [ -71.3444113, 41.4958204 ], [ -71.3445457, 41.4967556 ], [ -71.3441813, 41.49812 ], [ -71.3441847, 41.4986892 ], [ -71.3442985, 41.4992564 ], [ -71.3433864, 41.5014588 ], [ -71.3427189, 41.5035153 ], [ -71.3425439, 41.5037349 ], [ -71.3416665, 41.5044583 ], [ -71.3416168, 41.5045901 ], [ -71.3416811, 41.5048539 ], [ -71.3416146, 41.5049714 ], [ -71.3414156, 41.5050575 ], [ -71.3411234, 41.5050626 ], [ -71.3406414, 41.5047231 ], [ -71.3402106, 41.5046874 ], [ -71.3392488, 41.5049997 ], [ -71.3382427, 41.5055741 ], [ -71.3377761, 41.5056884 ], [ -71.3373037, 41.5056903 ], [ -71.337567, 41.5062397 ], [ -71.3375259, 41.5075712 ], [ -71.3377161, 41.5084464 ], [ -71.3376022, 41.509243 ], [ -71.3378439, 41.5098071 ], [ -71.3379026, 41.5102138 ], [ -71.3377751, 41.5103357 ], [ -71.3374559, 41.5103473 ], [ -71.3371858, 41.5107164 ], [ -71.3369945, 41.5108214 ], [ -71.3361866, 41.5107317 ], [ -71.3358405, 41.5112873 ], [ -71.3353877, 41.5115391 ], [ -71.3351779, 41.5117415 ], [ -71.33463, 41.5128501 ], [ -71.3345655, 41.513478 ], [ -71.3349557, 41.5148787 ], [ -71.3350204, 41.5161324 ], [ -71.3348989, 41.5178158 ], [ -71.3347542, 41.5182062 ], [ -71.3343059, 41.518719 ], [ -71.3331666, 41.5193229 ], [ -71.3317846, 41.5204602 ], [ -71.3315493, 41.5208562 ], [ -71.3313276, 41.5217648 ], [ -71.331031, 41.5221867 ], [ -71.329743, 41.5231272 ], [ -71.3265711, 41.5246946 ], [ -71.3257142, 41.525308 ], [ -71.3254539, 41.5256735 ], [ -71.3254701, 41.5257945 ], [ -71.3256151, 41.5259258 ], [ -71.3253737, 41.5261906 ], [ -71.3252541, 41.5269146 ], [ -71.325346, 41.5271279 ], [ -71.325811, 41.5274198 ], [ -71.3258704, 41.5275555 ], [ -71.3255983, 41.5280868 ], [ -71.3254385, 41.5295804 ], [ -71.3252434, 41.5300131 ], [ -71.325, 41.5302501 ] ] } },
{ "type": "Feature", "properties": { "RCID": 1165, "PRIM": 2, "GRUP": 2, "OBJL": 43, "RVER": 1, "AGEN": 550, "FIDN": 948292849, "FIDS": 8691, "LNAM": "02263885CCF121F3", "VALDCO": 5.0, "SCAMIN": 44999 }, "geometry": { "type": "LineString", "coordinates": [ [ -71.325, 41.5325618 ], [ -71.3250646, 41.5324228 ], [ -71.325, 41.5322316 ] ] } },
{ "type": "Feature", "properties": { "RCID": 1166, "PRIM": 2, "GRUP": 2, "OBJL": 43, "RVER": 1, "AGEN": 550, "FIDN": 468559566, "FIDS": 8691, "LNAM": "02261BEDA6CE21F3", "VALDCO": 0.0, "SCAMIN": 89999 }, "geometry": { "type": "LineString", "coordinates": [ [ -71.3979335, 41.4848635 ], [ -71.398094, 41.4849165 ], [ -71.3981349, 41.4849301 ], [ -71.3983058, 41.4849885 ], [ -71.3983278, 41.4850874 ], [ -71.3979782, 41.4853821 ], [ -71.3979539, 41.4854388 ], [ -71.3979444, 41.485461 ], [ -71.3977501, 41.4857671 ], [ -71.3977175, 41.4859811 ], [ -71.3979008, 41.486612 ], [ -71.3981405, 41.4866949 ], [ -71.3983003, 41.4866391 ], [ -71.3987054, 41.4862767 ], [ -71.3987108, 41.4862744 ], [ -71.3987215, 41.4862699 ], [ -71.3987382, 41.486264 ], [ -71.3987716, 41.4862521 ], [ -71.398961, 41.4862243 ], [ -71.3990268, 41.486285 ], [ -71.3987495, 41.4865189 ], [ -71.3983817, 41.4868665 ], [ -71.3981339, 41.4868538 ], [ -71.3979638, 41.4869297 ], [ -71.3978613, 41.4872403 ] ] } },
{ "type": "Feature", "properties": { "RCID": 1167, "PRIM": 2, "GRUP": 2, "OBJL": 43, "RVER": 1, "AGEN": 550, "FIDN": 950967769, "FIDS": 8691, "LNAM": "022638AE9DD921F3", "VALDCO": 2.0, "SCAMIN": 44999 }, "geometry": { "type": "LineString", "coordinates": [ [ -71.3978877, 41.475 ], [ -71.3978089, 41.4763721 ], [ -71.3975907, 41.4771099 ], [ -71.3973642, 41.4778759 ], [ -71.3973032, 41.4786747 ], [ -71.3974462, 41.4794671 ], [ -71.3974813, 41.4796612 ], [ -71.3978216, 41.4808976 ], [ -71.3977456, 41.4819343 ], [ -71.3977973, 41.4825031 ], [ -71.3982952, 41.4837191 ], [ -71.3987687, 41.4842122 ], [ -71.3987359, 41.4844257 ], [ -71.3989463, 41.4847418 ], [ -71.3990478, 41.4852873 ], [ -71.3990782, 41.4853499 ], [ -71.3994981, 41.4862136 ], [ -71.3994737, 41.486508 ], [ -71.3990166, 41.4871757 ], [ -71.3990071, 41.4872394 ], [ -71.3989827, 41.4874015 ], [ -71.399254, 41.4877355 ], [ -71.4, 41.4881283 ] ] } },
{ "type": "Feature", "properties": { "RCID": 1168, "PRIM": 2, "GRUP": 2, "OBJL": 43, "RVER": 1, "AGEN": 550, "FIDN": 766541634, "FIDS": 8691, "LNAM": "02262DB07F4221F3", "VALDCO": 0.0, "SCAMIN": 89999 }, "geometry": { "type": "LineString", "coordinates": [ [ -71.3841165, 41.4916385 ], [ -71.3844153, 41.4916264 ], [ -71.384584, 41.4915337 ], [ -71.3847474, 41.4910442 ], [ -71.3851113, 41.4906009 ], [ -71.3852075, 41.4905826 ], [ -71.3853319, 41.4906937 ], [ -71.3850223, 41.4910978 ], [ -71.3850759, 41.4912646 ], [ -71.3852494, 41.491328 ], [ -71.3858704, 41.4910764 ], [ -71.3860187, 41.4908457 ], [ -71.3860102, 41.4906497 ], [ -71.3854621, 41.4903804 ], [ -71.3840725, 41.4905253 ], [ -71.3842783, 41.4908563 ], [ -71.3842491, 41.491048 ], [ -71.3837011, 41.4916813 ], [ -71.3838848, 41.4918072 ], [ -71.3841165, 41.4916385 ] ] } },
{ "type": "Feature", "properties": { "RCID": 1169, "PRIM": 2, "GRUP": 2, "OBJL": 43, "RVER": 1, "AGEN": 550, "FIDN": 36744600, "FIDS": 8691, "LNAM": "02260230AD9821F3", "VALDCO": 0.0, "SCAMIN": 89999 }, "geometry": { "type": "LineString", "coordinates": [ [ -71.3620636, 41.5308109 ], [ -71.3619709, 41.5305698 ], [ -71.3620448, 41.5302451 ], [ -71.3616192, 41.529354 ], [ -71.3616499, 41.5289822 ], [ -71.3617755, 41.5287579 ], [ -71.361817, 41.5286466 ], [ -71.3617614, 41.5285506 ], [ -71.3614727, 41.5280037 ], [ -71.3613287, 41.5270342 ], [ -71.3610299, 41.5267872 ], [ -71.3610134, 41.5267539 ], [ -71.3610042, 41.5266961 ], [ -71.3610212, 41.5266249 ], [ -71.3611348, 41.526546 ], [ -71.3613639, 41.5263575 ], [ -71.3612666, 41.5262966 ], [ -71.3612468, 41.5262319 ], [ -71.3612336, 41.5261807 ], [ -71.3611976, 41.5261019 ], [ -71.3611249, 41.5260374 ], [ -71.3609907, 41.5259871 ], [ -71.360917, 41.5259688 ], [ -71.3608506, 41.5259496 ], [ -71.3608047, 41.5259173 ], [ -71.3607796, 41.5258704 ], [ -71.3608053, 41.5257913 ], [ -71.3608185, 41.5257309 ], [ -71.3608483, 41.5256999 ], [ -71.3609399, 41.5256795 ], [ -71.3610689, 41.5256754 ], [ -71.3612572, 41.525709 ], [ -71.3614285, 41.5257376 ], [ -71.3614598, 41.5257701 ] ] } },
{ "type": "Feature", "properties": { "RCID": 1170, "PRIM": 2, "GRUP": 2, "OBJL": 43, "RVER": 1, "AGEN": 550, "FIDN": 884694872, "FIDS": 2004, "LNAM": "022634BB5F5807D4", "VALDCO": 2.0, "SCAMIN": 44999 }, "geometry": { "type": "LineString", "coordinates": [ [ -71.3590617, 41.55 ], [ -71.3591492, 41.5488775 ], [ -71.3591601, 41.5487234 ], [ -71.3591708, 41.5485729 ], [ -71.3592506, 41.548087 ], [ -71.3600608, 41.5461852 ], [ -71.360788, 41.5452403 ], [ -71.360982, 41.5450889 ], [ -71.3614618, 41.5445672 ], [ -71.3615245, 41.544499 ], [ -71.3617645, 41.544238 ], [ -71.3626611, 41.5427652 ], [ -71.3628991, 41.5424734 ], [ -71.3633987, 41.5418374 ], [ -71.3636985, 41.5412771 ], [ -71.3637307, 41.5407939 ], [ -71.3638905, 41.5402469 ], [ -71.3640741, 41.5400667 ], [ -71.3638786, 41.5389914 ], [ -71.3635098, 41.5379682 ], [ -71.3630934, 41.536148 ], [ -71.3629506, 41.5353984 ], [ -71.3630577, 41.5350415 ], [ -71.363022, 41.5347679 ], [ -71.3624153, 41.534173 ], [ -71.3621535, 41.5336019 ], [ -71.361868, 41.532436 ], [ -71.3616062, 41.5316746 ], [ -71.3612493, 41.5305324 ], [ -71.3610947, 41.5294736 ], [ -71.36094, 41.5289858 ], [ -71.3606545, 41.5280935 ], [ -71.3604165, 41.527451 ], [ -71.3603689, 41.5270346 ], [ -71.3604148, 41.5265952 ], [ -71.3604938, 41.5261556 ], [ -71.3605423, 41.5251234 ], [ -71.360487, 41.5246302 ], [ -71.3605863, 41.5235083 ], [ -71.3605595, 41.5220345 ], [ -71.3609007, 41.5207772 ], [ -71.3609261, 41.5202135 ], [ -71.361097, 41.5196186 ], [ -71.3613471, 41.5192296 ], [ -71.3618365, 41.5187469 ], [ -71.3620701, 41.5185165 ], [ -71.3630179, 41.5172675 ], [ -71.3638953, 41.5167564 ], [ -71.3640979, 41.5165676 ], [ -71.3641529, 41.5154551 ], [ -71.3643644, 41.5142557 ], [ -71.3644438, 41.5140293 ], [ -71.3647446, 41.5136091 ], [ -71.3647876, 41.5131781 ], [ -71.3646023, 41.5128445 ], [ -71.3640915, 41.5125318 ], [ -71.3637613, 41.5122314 ], [ -71.3630576, 41.5117896 ], [ -71.362141, 41.5113988 ], [ -71.3610282, 41.5110728 ], [ -71.359512, 41.5112348 ], [ -71.3587771, 41.5111185 ], [ -71.3584479, 41.5109945 ], [ -71.3579673, 41.5106243 ], [ -71.3577664, 41.5102669 ], [ -71.3575838, 41.5099421 ], [ -71.3574817, 41.5093549 ], [ -71.3574114, 41.508951 ], [ -71.3574072, 41.508154 ], [ -71.3575149, 41.5077379 ], [ -71.3576795, 41.5071018 ], [ -71.3576897, 41.5070626 ], [ -71.3577292, 41.5069518 ], [ -71.3578586, 41.5065895 ], [ -71.3580242, 41.5061256 ], [ -71.3581149, 41.5056209 ], [ -71.3583245, 41.5044548 ], [ -71.3587274, 41.5038052 ], [ -71.3589968, 41.5029292 ], [ -71.3591698, 41.5026034 ], [ -71.3594399, 41.5023376 ], [ -71.3601012, 41.5019757 ], [ -71.3607385, 41.5013599 ], [ -71.3615947, 41.5008896 ], [ -71.3623545, 41.5005854 ], [ -71.3636904, 41.4993144 ], [ -71.3643138, 41.4985943 ], [ -71.3651792, 41.4978704 ], [ -71.3654532, 41.497498 ], [ -71.3655926, 41.4971864 ], [ -71.3656402, 41.496749 ], [ -71.3654777, 41.4961406 ], [ -71.3653826, 41.4957843 ], [ -71.3653703, 41.4952562 ], [ -71.3654446, 41.4947864 ], [ -71.3656456, 41.4944415 ], [ -71.3652756, 41.4937403 ], [ -71.3642327, 41.4922047 ], [ -71.3638958, 41.4915281 ], [ -71.3633887, 41.4909502 ], [ -71.3626835, 41.490498 ], [ -71.3624551, 41.4902313 ], [ -71.3620284, 41.4895546 ], [ -71.3611258, 41.4877345 ], [ -71.3608562, 41.4875209 ], [ -71.3602001, 41.4872522 ], [ -71.3595882, 41.4867388 ], [ -71.359509, 41.4865681 ], [ -71.359502, 41.4861912 ], [ -71.3593551, 41.4854915 ], [ -71.3592088, 41.4852118 ], [ -71.3588537, 41.4849977 ], [ -71.3587078, 41.4849957 ], [ -71.3589835, 41.4855064 ], [ -71.3588209, 41.4858029 ], [ -71.358519, 41.4859927 ], [ -71.3579672, 41.4859656 ], [ -71.3576557, 41.4858582 ], [ -71.3574565, 41.485687 ], [ -71.3572965, 41.4852133 ], [ -71.3572598, 41.4847332 ], [ -71.3573807, 41.484611 ], [ -71.3578049, 41.4845362 ], [ -71.3573194, 41.4842467 ], [ -71.3572946, 41.4836657 ], [ -71.3572069, 41.4834733 ], [ -71.3563705, 41.4831372 ], [ -71.3561924, 41.4829594 ], [ -71.3563912, 41.4826082 ], [ -71.3564481, 41.4825077 ], [ -71.3570429, 41.4820788 ], [ -71.3571095, 41.4819263 ], [ -71.357072, 41.4817975 ], [ -71.3568012, 41.4816548 ], [ -71.3565419, 41.4816078 ], [ -71.3559381, 41.4814983 ], [ -71.355332, 41.4810734 ], [ -71.3547214, 41.4808425 ], [ -71.3545155, 41.4806797 ], [ -71.3544651, 41.4804265 ], [ -71.3546019, 41.479822 ], [ -71.3542213, 41.4791066 ], [ -71.3543388, 41.4788973 ], [ -71.3546088, 41.478697 ], [ -71.3550546, 41.4785805 ], [ -71.3555419, 41.4790062 ], [ -71.356181, 41.479078 ], [ -71.3566538, 41.4792353 ], [ -71.3568026, 41.4788269 ], [ -71.3568942, 41.4785852 ], [ -71.3568773, 41.4783873 ], [ -71.3573236, 41.4779868 ], [ -71.3574835, 41.4775169 ], [ -71.3576479, 41.477273 ], [ -71.3582088, 41.4770106 ], [ -71.358911, 41.4769287 ], [ -71.3590987, 41.476981 ], [ -71.3594645, 41.4770831 ], [ -71.359681, 41.4773267 ], [ -71.3597938, 41.4777447 ], [ -71.3597471, 41.4780318 ], [ -71.359544, 41.4784805 ], [ -71.3592295, 41.4787339 ], [ -71.3593768, 41.478855 ], [ -71.3597477, 41.4787542 ], [ -71.3601213, 41.4784846 ], [ -71.360444, 41.4778133 ], [ -71.3610445, 41.4768956 ], [ -71.3613231, 41.4767136 ], [ -71.3617131, 41.4766309 ], [ -71.362034, 41.4767023 ], [ -71.3622372, 41.4769185 ], [ -71.3621652, 41.4770842 ], [ -71.3618163, 41.4773132 ], [ -71.3617333, 41.4774732 ], [ -71.3618249, 41.4781608 ], [ -71.3617196, 41.4787712 ], [ -71.361752, 41.4789384 ], [ -71.3618819, 41.4789708 ], [ -71.3620483, 41.4789072 ], [ -71.3624855, 41.4784077 ], [ -71.3627217, 41.4782413 ], [ -71.3628507, 41.4781635 ], [ -71.3630339, 41.4780708 ], [ -71.363084, 41.4780272 ], [ -71.3631742, 41.4779263 ], [ -71.3632417, 41.477836 ], [ -71.3632826, 41.4777586 ], [ -71.3633114, 41.4776652 ], [ -71.3633484, 41.4774381 ], [ -71.3633423, 41.4772695 ], [ -71.3637293, 41.4766318 ], [ -71.3638471, 41.4765665 ], [ -71.3655745, 41.4767551 ], [ -71.3663995, 41.4770501 ], [ -71.3672417, 41.4770761 ], [ -71.3675711, 41.4774437 ], [ -71.3678784, 41.4775489 ], [ -71.369329, 41.4773972 ], [ -71.370411, 41.4776519 ], [ -71.3712791, 41.4775482 ], [ -71.371918, 41.4771865 ], [ -71.3723032, 41.4766067 ], [ -71.3725036, 41.4764381 ], [ -71.372456, 41.4755265 ], [ -71.3726909, 41.475 ] ] } },
{ "type": "Feature", "properties": { "RCID": 1171, "PRIM": 2, "GRUP": 2, "OBJL": 43, "RVER": 1, "AGEN": 550, "FIDN": 25067058, "FIDS": 8691, "LNAM": "0226017E7E3221F3", "VALDCO": 2.0, "SCAMIN": 44999 }, "geometry": { "type": "LineString", "coordinates": [ [ -71.3457404, 41.5379363 ], [ -71.345983, 41.5380372 ], [ -71.3458764, 41.5382663 ] ] } },
{ "type": "Feature", "properties": { "RCID": 1172, "PRIM": 2, "GRUP": 2, "OBJL": 43, "RVER": 1, "AGEN": 550, "FIDN": 786146319, "FIDS": 8691, "LNAM": "02262EDBA40F21F3", "VALDCO": 0.0, "SCAMIN": 89999 }, "geometry": { "type": "LineString", "coordinates": [ [ -71.3427404, 41.5317536 ], [ -71.34267, 41.5318487 ], [ -71.3426168, 41.5320215 ], [ -71.3425883, 41.5321886 ], [ -71.3425427, 41.5323242 ], [ -71.3425636, 41.5325255 ], [ -71.342594, 41.5325955 ], [ -71.3427194, 41.5327512 ], [ -71.3428132, 41.5328225 ] ] } },
{ "type": "Feature", "properties": { "RCID": 1173, "PRIM": 2, "GRUP": 2, "OBJL": 43, "RVER": 1, "AGEN": 550, "FIDN": 508270699, "FIDS": 8691, "LNAM": "02261E4B986B21F3", "VALDCO": 2.0, "SCAMIN": 44999 }, "geometry": { "type": "LineString", "coordinates": [ [ -71.3382245, 41.4958466 ], [ -71.3383041, 41.4956873 ], [ -71.3384957, 41.4953035 ], [ -71.3387213, 41.4950514 ], [ -71.3387413, 41.4950291 ], [ -71.338787, 41.4950105 ], [ -71.3388289, 41.4949934 ], [ -71.3395256, 41.4947098 ], [ -71.339616, 41.4946381 ], [ -71.3396879, 41.4945811 ], [ -71.3398037, 41.4943572 ], [ -71.339927, 41.4943097 ], [ -71.340612, 41.4945065 ], [ -71.341584, 41.4949853 ], [ -71.3419082, 41.4949928 ], [ -71.3420941, 41.4949442 ], [ -71.3425457, 41.4948263 ], [ -71.3427993, 41.4948419 ], [ -71.3429569, 41.4949368 ], [ -71.3433304, 41.4953906 ], [ -71.3434381, 41.4956161 ], [ -71.3433523, 41.4958612 ], [ -71.3432634, 41.496115 ], [ -71.3432795, 41.4962157 ], [ -71.3433767, 41.4968215 ], [ -71.3426001, 41.4977899 ], [ -71.3427798, 41.4981277 ], [ -71.3426416, 41.4983206 ], [ -71.3424864, 41.4993305 ], [ -71.3424022, 41.4998781 ], [ -71.3424084, 41.4999037 ], [ -71.3425187, 41.5003598 ], [ -71.3423089, 41.5006907 ], [ -71.3425262, 41.5009208 ], [ -71.3425853, 41.5011582 ], [ -71.3424723, 41.5014443 ], [ -71.3422562, 41.5017101 ], [ -71.3420281, 41.5017697 ], [ -71.3417543, 41.501733 ], [ -71.3413435, 41.5016779 ], [ -71.3408638, 41.5016985 ], [ -71.3405736, 41.5017773 ], [ -71.3402438, 41.5019574 ], [ -71.3399254, 41.5021313 ], [ -71.3392171, 41.5022062 ], [ -71.338977, 41.5021645 ], [ -71.3388926, 41.5020309 ], [ -71.3389541, 41.5018435 ], [ -71.3393173, 41.5016858 ], [ -71.3394795, 41.5016154 ], [ -71.3396343, 41.5014504 ], [ -71.3396183, 41.5012706 ], [ -71.3393863, 41.5007942 ], [ -71.3395281, 41.499879 ], [ -71.3390479, 41.4991697 ], [ -71.3383232, 41.4989867 ], [ -71.3379577, 41.4991146 ], [ -71.3379537, 41.499116 ], [ -71.3373971, 41.4993107 ], [ -71.3369839, 41.4991777 ], [ -71.3369273, 41.4990172 ], [ -71.3370579, 41.4983505 ], [ -71.3370657, 41.498311 ], [ -71.3370587, 41.4981161 ], [ -71.336875, 41.4975294 ], [ -71.3368179, 41.4971511 ], [ -71.3368436, 41.4969658 ], [ -71.3368822, 41.4966871 ], [ -71.3370392, 41.4964587 ], [ -71.3375384, 41.4961856 ], [ -71.3378862, 41.4960138 ], [ -71.3382245, 41.4958466 ] ] } },
{ "type": "Feature", "properties": { "RCID": 1174, "PRIM": 2, "GRUP": 2, "OBJL": 43, "RVER": 1, "AGEN": 550, "FIDN": 581866526, "FIDS": 8691, "LNAM": "022622AE941E21F3", "VALDCO": 15.0, "SCAMIN": 44999 }, "geometry": { "type": "LineString", "coordinates": [ [ -71.3305634, 41.4957251 ], [ -71.3304268, 41.4960051 ], [ -71.3303097, 41.498602 ], [ -71.3304682, 41.4991896 ], [ -71.3304373, 41.4999482 ], [ -71.3305608, 41.5006636 ], [ -71.3306863, 41.5010751 ], [ -71.3310366, 41.5017245 ], [ -71.3311216, 41.5015625 ], [ -71.3311001, 41.5013548 ], [ -71.3305649, 41.4999387 ], [ -71.3305804, 41.4989862 ], [ -71.3307755, 41.4987032 ], [ -71.3318967, 41.4978062 ], [ -71.3320483, 41.4975505 ], [ -71.3318173, 41.4961102 ], [ -71.3314764, 41.4957517 ], [ -71.3309048, 41.4956156 ], [ -71.3305634, 41.4957251 ] ] } },
{ "type": "Feature", "properties": { "RCID": 1175, "PRIM": 2, "GRUP": 2, "OBJL": 43, "RVER": 1, "AGEN": 550, "FIDN": 954508754, "FIDS": 8691, "LNAM": "022638E4A5D221F3", "VALDCO": 2.0, "SCAMIN": 44999 }, "geometry": { "type": "LineString", "coordinates": [ [ -71.325, 41.5061614 ], [ -71.3251356, 41.5062584 ], [ -71.325296, 41.5062795 ], [ -71.3254226, 41.5062584 ], [ -71.3255534, 41.5061614 ], [ -71.3256462, 41.5060896 ], [ -71.3257517, 41.5060432 ], [ -71.325815, 41.5060095 ], [ -71.3259416, 41.5059504 ], [ -71.3259838, 41.5058491 ], [ -71.3259627, 41.505731 ], [ -71.3259078, 41.5056297 ], [ -71.3259036, 41.5055748 ], [ -71.3260006, 41.50552 ], [ -71.3261357, 41.50552 ], [ -71.3265692, 41.5055273 ], [ -71.326772, 41.5054917 ], [ -71.3269195, 41.5053427 ], [ -71.326784, 41.505071 ], [ -71.3257941, 41.5043885 ], [ -71.3256434, 41.5042476 ], [ -71.3256034, 41.5040692 ] ] } },
{ "type": "Feature", "properties": { "RCID": 1176, "PRIM": 2, "GRUP": 2, "OBJL": 43, "RVER": 1, "AGEN": 550, "FIDN": 574242645, "FIDS": 8691, "LNAM": "0226223A3F5521F3", "VALDCO": 5.0, "SCAMIN": 44999 }, "geometry": { "type": "LineString", "coordinates": [ [ -71.325, 41.5015538 ], [ -71.3256598, 41.5018535 ], [ -71.326132, 41.5018077 ], [ -71.326377, 41.5015686 ], [ -71.3263864, 41.5013689 ], [ -71.3262711, 41.5011473 ], [ -71.3263365, 41.5010324 ], [ -71.3264441, 41.5009998 ], [ -71.3266583, 41.501106 ], [ -71.3265325, 41.5015125 ], [ -71.3265483, 41.501726 ], [ -71.3269018, 41.5019294 ], [ -71.327863, 41.501844 ], [ -71.3282618, 41.5014828 ], [ -71.328437, 41.5015035 ], [ -71.3285072, 41.50166 ], [ -71.3285161, 41.5020902 ], [ -71.3287397, 41.5025594 ], [ -71.3291352, 41.5039071 ], [ -71.3298538, 41.5051367 ], [ -71.330718, 41.5061111 ], [ -71.3310677, 41.5066847 ], [ -71.331247, 41.5073784 ], [ -71.3309727, 41.508161 ], [ -71.3309284, 41.5086395 ], [ -71.3313726, 41.5089571 ], [ -71.3313994, 41.5093275 ], [ -71.3312123, 41.5097662 ], [ -71.3309318, 41.5100401 ], [ -71.3307978, 41.5120024 ], [ -71.3302803, 41.513084 ], [ -71.330158, 41.5136675 ], [ -71.3304884, 41.5144797 ], [ -71.3306682, 41.5153599 ], [ -71.3314852, 41.5166142 ], [ -71.3316335, 41.5169427 ], [ -71.3316717, 41.5172198 ], [ -71.3315699, 41.5179529 ], [ -71.3313089, 41.5184813 ], [ -71.3309987, 41.5189003 ], [ -71.3312124, 41.5191755 ], [ -71.331181, 41.5195295 ], [ -71.3310669, 41.5196272 ], [ -71.3304341, 41.5197866 ], [ -71.3300669, 41.5199624 ], [ -71.3299005, 41.5201758 ], [ -71.3298016, 41.520806 ], [ -71.3301671, 41.5213867 ], [ -71.3298155, 41.5218714 ], [ -71.3294947, 41.5226431 ], [ -71.3288778, 41.5229034 ], [ -71.3277344, 41.5229948 ], [ -71.3261173, 41.5233667 ], [ -71.3254994, 41.5236235 ], [ -71.325, 41.5236679 ] ] } },
{ "type": "Feature", "properties": { "RCID": 1177, "PRIM": 2, "GRUP": 2, "OBJL": 43, "RVER": 1, "AGEN": 550, "FIDN": 363680944, "FIDS": 8691, "LNAM": "022615AD54B021F3", "VALDCO": 15.0, "SCAMIN": 44999 }, "geometry": { "type": "LineString", "coordinates": [ [ -71.3984669, 41.5457811 ], [ -71.3979995, 41.5472952 ], [ -71.3984288, 41.5482208 ], [ -71.3983544, 41.5489618 ], [ -71.3984171, 41.5491811 ], [ -71.3986632, 41.5494109 ], [ -71.3989993, 41.5494699 ], [ -71.3992292, 41.5494133 ], [ -71.3993882, 41.5492601 ], [ -71.3996155, 41.5486969 ], [ -71.399729, 41.5481323 ], [ -71.3998136, 41.5467101 ], [ -71.3997059, 41.5462416 ], [ -71.3993965, 41.5457798 ], [ -71.3991616, 41.5456638 ], [ -71.3986638, 41.5455946 ], [ -71.3984669, 41.5457811 ] ] } },
{ "type": "Feature", "properties": { "RCID": 1178, "PRIM": 2, "GRUP": 2, "OBJL": 43, "RVER": 1, "AGEN": 550, "FIDN": 150908155, "FIDS": 8691, "LNAM": "022608FEACFB21F3", "VALDCO": 10.0, "SCAMIN": 44999 }, "geometry": { "type": "LineString", "coordinates": [ [ -71.3965358, 41.5243861 ], [ -71.3967332, 41.5243194 ], [ -71.3969829, 41.5243643 ], [ -71.3971797, 41.5244911 ], [ -71.397257, 41.5246334 ], [ -71.3971942, 41.524887 ], [ -71.3966842, 41.5257435 ], [ -71.3964981, 41.5258355 ], [ -71.3961157, 41.5258039 ], [ -71.3959364, 41.5256257 ], [ -71.3959022, 41.5254007 ], [ -71.3963938, 41.524533 ], [ -71.3965358, 41.5243861 ] ] } },
{ "type": "Feature", "properties": { "RCID": 1179, "PRIM": 2, "GRUP": 2, "OBJL": 43, "RVER": 1, "AGEN": 550, "FIDN": 528828220, "FIDS": 8691, "LNAM": "02261F85473C21F3", "VALDCO": 2.0, "SCAMIN": 44999 }, "geometry": { "type": "LineString", "coordinates": [ [ -71.4, 41.5073258 ], [ -71.3995347, 41.5074337 ], [ -71.3990066, 41.5074374 ], [ -71.3977787, 41.5070356 ], [ -71.3971049, 41.5066239 ], [ -71.3961828, 41.505617 ], [ -71.3959754, 41.5050585 ], [ -71.3955608, 41.5043756 ], [ -71.3954497, 41.504003 ], [ -71.3954896, 41.5037295 ], [ -71.3958169, 41.503246 ], [ -71.3966702, 41.5028219 ], [ -71.3972721, 41.5024334 ], [ -71.3984366, 41.5014191 ], [ -71.3990725, 41.5009851 ], [ -71.3998032, 41.5003372 ], [ -71.4, 41.500173 ] ] } },
{ "type": "Feature", "properties": { "RCID": 1180, "PRIM": 2, "GRUP": 2, "OBJL": 43, "RVER": 1, "AGEN": 550, "FIDN": 675519394, "FIDS": 8691, "LNAM": "022628439BA221F3", "VALDCO": 5.0, "SCAMIN": 44999 }, "geometry": { "type": "LineString", "coordinates": [ [ -71.4, 41.5080125 ], [ -71.3995081, 41.5080502 ], [ -71.3991011, 41.5080697 ], [ -71.3984626, 41.5075589 ], [ -71.3976315, 41.5072427 ], [ -71.396925, 41.5068367 ], [ -71.3965895, 41.5065735 ], [ -71.3960455, 41.5059811 ], [ -71.3954523, 41.5051623 ], [ -71.394774, 41.5046937 ], [ -71.3946537, 41.5042217 ], [ -71.3947224, 41.5038347 ], [ -71.3950133, 41.5035019 ], [ -71.3953276, 41.5029066 ], [ -71.3974951, 41.5019095 ], [ -71.3990004, 41.5007671 ], [ -71.399746, 41.5000895 ], [ -71.4, 41.4998694 ] ] } },
{ "type": "Feature", "properties": { "RCID": 1181, "PRIM": 2, "GRUP": 2, "OBJL": 43, "RVER": 1, "AGEN": 550, "FIDN": 855483077, "FIDS": 2004, "LNAM": "022632FDA2C507D4", "VALDCO": 10.0, "SCAMIN": 44999 }, "geometry": { "type": "LineString", "coordinates": [ [ -71.3947973, 41.55 ], [ -71.3947073, 41.5493628 ], [ -71.3946276, 41.5469569 ], [ -71.3947255, 41.5465604 ], [ -71.3949617, 41.5460627 ], [ -71.3951973, 41.5457727 ], [ -71.3954441, 41.5456762 ], [ -71.3957775, 41.5457472 ], [ -71.3963689, 41.5460915 ], [ -71.3966707, 41.5464238 ], [ -71.3969784, 41.54694 ], [ -71.3972235, 41.5475286 ], [ -71.3974765, 41.5484855 ], [ -71.3977282, 41.5497891 ], [ -71.3977531, 41.55 ] ] } },
{ "type": "Feature", "properties": { "RCID": 1182, "PRIM": 2, "GRUP": 2, "OBJL": 43, "RVER": 1, "AGEN": 550, "FIDN": 741815714, "FIDS": 8691, "LNAM": "02262C3735A221F3", "VALDCO": 15.0, "SCAMIN": 44999 }, "geometry": { "type": "LineString", "coordinates": [ [ -71.3933982, 41.5469008 ], [ -71.3941272, 41.5444142 ], [ -71.3941263, 41.5440876 ], [ -71.3939359, 41.5439795 ], [ -71.3936913, 41.544015 ], [ -71.3934449, 41.5442817 ], [ -71.3929702, 41.5454274 ], [ -71.3929341, 41.5459096 ], [ -71.3930016, 41.5462663 ], [ -71.3931957, 41.5466965 ], [ -71.3933982, 41.5469008 ] ] } },
{ "type": "Feature", "properties": { "RCID": 1183, "PRIM": 2, "GRUP": 2, "OBJL": 43, "RVER": 1, "AGEN": 550, "FIDN": 918880082, "FIDS": 8691, "LNAM": "022636C4FF5221F3", "VALDCO": 5.0, "SCAMIN": 44999 }, "geometry": { "type": "LineString", "coordinates": [ [ -71.4, 41.4941511 ], [ -71.3990505, 41.4949834 ], [ -71.3988932, 41.4951213 ], [ -71.3988312, 41.4952861 ], [ -71.3988316, 41.4953029 ], [ -71.3988442, 41.4958035 ], [ -71.3987641, 41.4959938 ], [ -71.3986202, 41.4960775 ], [ -71.3983423, 41.496017 ], [ -71.3982197, 41.4959903 ], [ -71.3978903, 41.4955025 ], [ -71.3976511, 41.4953866 ], [ -71.397253, 41.4953564 ], [ -71.3966714, 41.4954767 ], [ -71.3963124, 41.4954712 ], [ -71.3957977, 41.4953886 ], [ -71.395601, 41.4953571 ], [ -71.3950228, 41.4951703 ], [ -71.3948821, 41.4951249 ], [ -71.3942111, 41.4953065 ], [ -71.3933476, 41.4953744 ], [ -71.3925736, 41.4956683 ], [ -71.3911001, 41.4973744 ], [ -71.3910189, 41.497712 ], [ -71.3910128, 41.4982841 ], [ -71.3910075, 41.4987856 ], [ -71.3908013, 41.4994149 ], [ -71.3905506, 41.4998349 ], [ -71.3902671, 41.5000532 ], [ -71.3901594, 41.5001362 ], [ -71.390181, 41.5002577 ], [ -71.3902228, 41.5004932 ], [ -71.3898699, 41.5011766 ], [ -71.3896634, 41.5018058 ], [ -71.3894512, 41.5019892 ], [ -71.3888073, 41.5025453 ], [ -71.3889281, 41.5026954 ], [ -71.389154, 41.5027837 ], [ -71.3899079, 41.5030784 ], [ -71.3900128, 41.5031921 ], [ -71.3900162, 41.50331 ], [ -71.3898367, 41.5034459 ], [ -71.3896495, 41.503469 ], [ -71.3891356, 41.5032843 ], [ -71.3886606, 41.5031136 ], [ -71.3885347, 41.5031786 ], [ -71.3884553, 41.5033977 ], [ -71.3884368, 41.5036569 ], [ -71.3885167, 41.5038726 ], [ -71.3890968, 41.5043447 ], [ -71.3892145, 41.5044406 ], [ -71.3893353, 41.5046381 ], [ -71.3892205, 41.5049401 ], [ -71.3890702, 41.5050704 ], [ -71.3884191, 41.5056342 ], [ -71.3882881, 41.5058447 ], [ -71.3887233, 41.507205 ], [ -71.3890442, 41.508184 ], [ -71.3898627, 41.5093451 ], [ -71.3902244, 41.5101637 ], [ -71.3903047, 41.5114215 ], [ -71.3907892, 41.5123152 ], [ -71.3911184, 41.5125426 ], [ -71.3915547, 41.512844 ], [ -71.3926177, 41.5142662 ], [ -71.3927436, 41.5149497 ], [ -71.3931234, 41.5157465 ], [ -71.3935426, 41.5169486 ], [ -71.3935692, 41.517025 ], [ -71.3936058, 41.5180109 ], [ -71.3937483, 41.5187419 ], [ -71.3936231, 41.5194335 ], [ -71.3935593, 41.5204066 ], [ -71.3936053, 41.5216749 ], [ -71.3940052, 41.5223626 ], [ -71.3941427, 41.5229566 ], [ -71.3940176, 41.5235436 ], [ -71.3939638, 41.524295 ], [ -71.39387, 41.5244753 ], [ -71.3935551, 41.5250806 ], [ -71.3930633, 41.5257398 ], [ -71.3929188, 41.5265237 ], [ -71.3925782, 41.5270907 ], [ -71.3916066, 41.5296701 ], [ -71.3911982, 41.5314953 ], [ -71.3910229, 41.5326279 ], [ -71.3910332, 41.5332506 ], [ -71.3911205, 41.5334455 ], [ -71.391018, 41.5335392 ], [ -71.3908482, 41.5334774 ], [ -71.3907358, 41.533654 ], [ -71.390618, 41.5346357 ], [ -71.3903197, 41.5355987 ], [ -71.3902548, 41.5367743 ], [ -71.3900027, 41.538145 ], [ -71.3900556, 41.5384753 ], [ -71.3908107, 41.5396493 ], [ -71.3916659, 41.5414183 ], [ -71.3916586, 41.5418624 ], [ -71.3913482, 41.5427115 ], [ -71.3913516, 41.5429822 ], [ -71.3914842, 41.5434461 ], [ -71.3913437, 41.5440545 ], [ -71.3914322, 41.5456357 ], [ -71.391798, 41.5461351 ], [ -71.391688, 41.5462163 ], [ -71.3912041, 41.5463015 ], [ -71.3910178, 41.546463 ], [ -71.3907838, 41.5474381 ], [ -71.3909575, 41.5481568 ], [ -71.3904474, 41.5487916 ], [ -71.3901862, 41.5488435 ], [ -71.3897049, 41.5485026 ], [ -71.3892558, 41.5484579 ], [ -71.3889447, 41.5483429 ], [ -71.3882278, 41.5492038 ], [ -71.3881732, 41.5496536 ], [ -71.3878404, 41.5497964 ], [ -71.3876221, 41.55 ] ] } },
{ "type": "Feature", "properties": { "RCID": 1184, "PRIM": 2, "GRUP": 2, "OBJL": 43, "RVER": 1, "AGEN": 550, "FIDN": 98560035, "FIDS": 8691, "LNAM": "022605DFE82321F3", "VALDCO": 0.0, "SCAMIN": 89999 }, "geometry": { "type": "LineString", "coordinates": [ [ -71.3861001, 41.54483 ], [ -71.3863825, 41.5449959 ], [ -71.3865466, 41.5454047 ], [ -71.3865993, 41.5459545 ], [ -71.3865276, 41.546258 ], [ -71.3865477, 41.5466778 ], [ -71.3864264, 41.5470046 ], [ -71.3858293, 41.5480404 ], [ -71.3859034, 41.5487852 ], [ -71.3856677, 41.55 ] ] } },
{ "type": "Feature", "properties": { "RCID": 1185, "PRIM": 2, "GRUP": 2, "OBJL": 43, "RVER": 1, "AGEN": 550, "FIDN": 274794989, "FIDS": 8691, "LNAM": "0226106109ED21F3", "VALDCO": 0.0, "SCAMIN": 89999 }, "geometry": { "type": "LineString", "coordinates": [ [ -71.3832011, 41.5091537 ], [ -71.3832064, 41.5089448 ], [ -71.383198, 41.5088734 ], [ -71.3831941, 41.5087897 ], [ -71.3831974, 41.5083344 ], [ -71.383026, 41.5081193 ], [ -71.3823076, 41.5079985 ], [ -71.3820905, 41.5080376 ] ] } },
{ "type": "Feature", "properties": { "RCID": 1186, "PRIM": 2, "GRUP": 2, "OBJL": 43, "RVER": 1, "AGEN": 550, "FIDN": 702752660, "FIDS": 8691, "LNAM": "022629E3279421F3", "VALDCO": 2.0, "SCAMIN": 44999 }, "geometry": { "type": "LineString", "coordinates": [ [ -71.3961868, 41.49467 ], [ -71.3952644, 41.4941764 ], [ -71.3940736, 41.4931278 ], [ -71.393505, 41.4929303 ], [ -71.3926243, 41.492881 ], [ -71.3918341, 41.4929482 ], [ -71.3910252, 41.4931123 ], [ -71.3908717, 41.4931851 ], [ -71.390508, 41.4935632 ], [ -71.3896847, 41.4938382 ], [ -71.3890321, 41.4942327 ], [ -71.3889677, 41.4942717 ], [ -71.3884843, 41.494564 ], [ -71.3862522, 41.4950425 ], [ -71.3862218, 41.4951463 ], [ -71.3863733, 41.4954471 ], [ -71.3864036, 41.4955072 ], [ -71.3864111, 41.4955723 ], [ -71.3864402, 41.4958258 ], [ -71.3862625, 41.4961389 ], [ -71.3857017, 41.4966774 ], [ -71.3857194, 41.4968169 ], [ -71.3857503, 41.4970598 ], [ -71.3857902, 41.4973734 ], [ -71.3858139, 41.4975599 ], [ -71.3854511, 41.4980938 ], [ -71.3854697, 41.498665 ], [ -71.3849006, 41.4993705 ], [ -71.384581, 41.5000287 ], [ -71.3837494, 41.5012014 ], [ -71.3834226, 41.5018865 ], [ -71.3828899, 41.5023689 ], [ -71.3816425, 41.5040122 ], [ -71.3814363, 41.5045578 ], [ -71.3814425, 41.5048615 ], [ -71.3815173, 41.505094 ], [ -71.3815322, 41.5051405 ], [ -71.3816243, 41.5054269 ], [ -71.3823594, 41.5068258 ], [ -71.3825913, 41.5070028 ], [ -71.383685, 41.5074598 ], [ -71.3838609, 41.5080813 ], [ -71.3844182, 41.5085988 ], [ -71.385337, 41.5094518 ], [ -71.3855725, 41.5097172 ], [ -71.3858338, 41.5100118 ], [ -71.3869885, 41.5107693 ], [ -71.388888, 41.5114108 ], [ -71.3895239, 41.512018 ], [ -71.389865, 41.5127811 ], [ -71.3908282, 41.5130347 ], [ -71.3911219, 41.5132178 ], [ -71.3914694, 41.5138502 ], [ -71.39208, 41.514446 ], [ -71.3922248, 41.5152249 ], [ -71.3927827, 41.5161524 ], [ -71.3931453, 41.5170205 ], [ -71.3931184, 41.5176745 ], [ -71.3931065, 41.5181444 ], [ -71.3931462, 41.518771 ], [ -71.3930649, 41.5192509 ], [ -71.3930887, 41.5197803 ], [ -71.3932315, 41.5203216 ], [ -71.3931065, 41.520631 ], [ -71.39304, 41.5216269 ], [ -71.3933901, 41.5224845 ], [ -71.393173, 41.5240694 ], [ -71.3931922, 41.5243009 ], [ -71.3931113, 41.524791 ], [ -71.3928543, 41.5253669 ], [ -71.3924921, 41.5257532 ], [ -71.3919658, 41.5272591 ], [ -71.391879, 41.5275074 ], [ -71.3918431, 41.5282413 ], [ -71.3916765, 41.5286577 ], [ -71.3913245, 41.5293619 ], [ -71.3908859, 41.5304791 ], [ -71.3905757, 41.5312692 ], [ -71.3903389, 41.5331617 ], [ -71.3900442, 41.5339923 ], [ -71.3901111, 41.5342113 ], [ -71.3901655, 41.5343891 ], [ -71.3896437, 41.5348825 ], [ -71.389365, 41.5353137 ], [ -71.3889905, 41.5358931 ], [ -71.3882249, 41.536842 ], [ -71.3876866, 41.5379167 ], [ -71.3875966, 41.5384994 ], [ -71.3873354, 41.538898 ], [ -71.3873395, 41.5392289 ], [ -71.3875418, 41.5399058 ], [ -71.3880606, 41.5407028 ], [ -71.388107, 41.5408433 ], [ -71.3882225, 41.5411927 ], [ -71.3881071, 41.5416167 ], [ -71.3876945, 41.5420382 ], [ -71.3875363, 41.5421999 ], [ -71.3872187, 41.5426729 ], [ -71.3870855, 41.5431107 ], [ -71.3871473, 41.543677 ], [ -71.3874625, 41.5441034 ], [ -71.3875899, 41.5443373 ], [ -71.3876904, 41.5448296 ], [ -71.3877517, 41.5452046 ], [ -71.3878279, 41.5454331 ], [ -71.3879507, 41.5456423 ], [ -71.3880684, 41.5458315 ], [ -71.3879224, 41.5461755 ], [ -71.3876185, 41.5466704 ], [ -71.3870686, 41.5471936 ], [ -71.386953, 41.5473035 ], [ -71.3866286, 41.5477174 ], [ -71.3865722, 41.5479244 ], [ -71.386543, 41.5480314 ], [ -71.3866356, 41.5483366 ], [ -71.3865802, 41.5487958 ], [ -71.386562, 41.5491545 ], [ -71.3864763, 41.5498303 ], [ -71.3865435, 41.55 ] ] } },
{ "type": "Feature", "properties": { "RCID": 1187, "PRIM": 2, "GRUP": 2, "OBJL": 43, "RVER": 1, "AGEN": 550, "FIDN": 307756182, "FIDS": 8691, "LNAM": "02261257FC9621F3", "VALDCO": 0.0, "SCAMIN": 89999 }, "geometry": { "type": "LineString", "coordinates": [ [ -71.36089, 41.5283828 ], [ -71.3611235, 41.5283045 ], [ -71.3612778, 41.5283694 ], [ -71.3613209, 41.5285377 ], [ -71.3611348, 41.5286315 ], [ -71.360918, 41.5285964 ], [ -71.36089, 41.5283828 ] ] } },
{ "type": "Feature", "properties": { "RCID": 1188, "PRIM": 2, "GRUP": 2, "OBJL": 43, "RVER": 1, "AGEN": 550, "FIDN": 799284558, "FIDS": 8691, "LNAM": "02262FA41D4E21F3", "VALDCO": 2.0, "SCAMIN": 44999 }, "geometry": { "type": "LineString", "coordinates": [ [ -71.342707, 41.5305145 ], [ -71.3425881, 41.5303482 ], [ -71.3424746, 41.5301894 ], [ -71.3423708, 41.5300841 ], [ -71.3426579, 41.5292545 ], [ -71.3430457, 41.5288201 ], [ -71.343499, 41.5286541 ], [ -71.3435552, 41.5286336 ], [ -71.3436264, 41.5286075 ], [ -71.3437067, 41.5285781 ], [ -71.344233, 41.5286336 ], [ -71.3451618, 41.5287314 ], [ -71.3452294, 41.5287385 ], [ -71.34526, 41.5287588 ], [ -71.3455137, 41.5289272 ], [ -71.3456508, 41.5291117 ], [ -71.3459152, 41.5294672 ], [ -71.345998, 41.5298289 ], [ -71.3460356, 41.5320056 ], [ -71.346275, 41.5327301 ], [ -71.3463307, 41.5328986 ], [ -71.3463504, 41.5329583 ], [ -71.3464809, 41.5341715 ], [ -71.3464561, 41.5349945 ], [ -71.3464542, 41.535057 ], [ -71.3464113, 41.5364793 ], [ -71.346272, 41.5365155 ], [ -71.3461136, 41.5361883 ], [ -71.3459229, 41.5361373 ] ] } },
{ "type": "Feature", "properties": { "RCID": 1189, "PRIM": 2, "GRUP": 2, "OBJL": 43, "RVER": 1, "AGEN": 550, "FIDN": 47887067, "FIDS": 8691, "LNAM": "022602DAB2DB21F3", "VALDCO": 5.0, "SCAMIN": 44999 }, "geometry": { "type": "LineString", "coordinates": [ [ -71.3456433, 41.5395105 ], [ -71.3452521, 41.5395609 ], [ -71.344856, 41.5395064 ], [ -71.3443341, 41.5392549 ], [ -71.3438159, 41.5388992 ], [ -71.3436765, 41.5386707 ], [ -71.3437671, 41.5385439 ], [ -71.3450853, 41.5391625 ], [ -71.3454549, 41.5391524 ], [ -71.3455787, 41.5390487 ], [ -71.3456226, 41.5388922 ], [ -71.3455622, 41.538599 ], [ -71.3453045, 41.5381794 ], [ -71.3447178, 41.5381072 ], [ -71.3442969, 41.5378855 ], [ -71.3438061, 41.5378405 ], [ -71.3434988, 41.5376952 ], [ -71.3430381, 41.5369871 ], [ -71.3427142, 41.5361705 ], [ -71.3426151, 41.5351318 ], [ -71.3422551, 41.533868 ], [ -71.3421107, 41.5325045 ], [ -71.3421144, 41.5317611 ], [ -71.3420052, 41.5313434 ], [ -71.3420503, 41.5311791 ], [ -71.3421611, 41.5310849 ], [ -71.3422998, 41.5300343 ], [ -71.3424959, 41.5294521 ], [ -71.3426772, 41.5284281 ], [ -71.3427817, 41.5282909 ], [ -71.3430414, 41.5281777 ], [ -71.3434595, 41.5281569 ], [ -71.3435915, 41.5281504 ], [ -71.3455627, 41.5283248 ], [ -71.3459358, 41.5285465 ], [ -71.3460891, 41.5288346 ], [ -71.3460932, 41.5299615 ], [ -71.346363, 41.5316411 ], [ -71.3463847, 41.5324018 ], [ -71.3466705, 41.5338923 ], [ -71.3467068, 41.5349042 ], [ -71.3465882, 41.5366769 ], [ -71.3461442, 41.5381251 ], [ -71.3460928, 41.5391367 ], [ -71.3460352, 41.5392649 ], [ -71.3459905, 41.5393644 ] ] } },
{ "type": "Feature", "properties": { "RCID": 1190, "PRIM": 2, "GRUP": 2, "OBJL": 43, "RVER": 1, "AGEN": 550, "FIDN": 224248473, "FIDS": 8691, "LNAM": "02260D5DC29921F3", "VALDCO": 0.0, "SCAMIN": 89999 }, "geometry": { "type": "LineString", "coordinates": [ [ -71.3409978, 41.4980948 ], [ -71.3407605, 41.4981574 ], [ -71.3405148, 41.498383 ], [ -71.3404695, 41.4985149 ], [ -71.3405501, 41.4986163 ], [ -71.3411079, 41.4988293 ], [ -71.3412173, 41.4989786 ], [ -71.3411925, 41.499299 ], [ -71.3410632, 41.4993827 ], [ -71.3410517, 41.4993746 ], [ -71.3410499, 41.4993724 ], [ -71.3410398, 41.4993598 ], [ -71.3410032, 41.4992995 ], [ -71.3409837, 41.49928 ], [ -71.3409735, 41.499277 ], [ -71.3409654, 41.4992787 ], [ -71.3409552, 41.4992856 ], [ -71.3409466, 41.4992955 ], [ -71.3409317, 41.4993287 ], [ -71.3409229, 41.4993724 ], [ -71.3409215, 41.4993793 ], [ -71.3409114, 41.4995429 ], [ -71.3409092, 41.4996387 ], [ -71.340903, 41.4996758 ], [ -71.3408919, 41.4997078 ], [ -71.3408715, 41.4997426 ], [ -71.3408373, 41.4997846 ], [ -71.340803, 41.4998185 ], [ -71.3407244, 41.499888 ], [ -71.3407203, 41.4998917 ], [ -71.3407012, 41.4999086 ], [ -71.3406574, 41.4999545 ], [ -71.3406215, 41.499998 ], [ -71.3405958, 41.5000358 ], [ -71.3405801, 41.5000684 ], [ -71.3405799, 41.5000692 ], [ -71.3405722, 41.5001009 ], [ -71.3405722, 41.5001012 ], [ -71.3409184, 41.5006623 ], [ -71.3412187, 41.5004832 ], [ -71.3414158, 41.4999893 ], [ -71.3417171, 41.4996251 ], [ -71.3416704, 41.4994283 ], [ -71.3417375, 41.4991557 ], [ -71.3414994, 41.498826 ], [ -71.3414567, 41.4986395 ], [ -71.3414598, 41.4986292 ], [ -71.3414884, 41.4985834 ], [ -71.3415249, 41.4985249 ], [ -71.3415098, 41.4984612 ], [ -71.3415042, 41.4984378 ], [ -71.3415006, 41.4984226 ], [ -71.3414903, 41.4983793 ], [ -71.3414592, 41.4982482 ] ] } },
{ "type": "Feature", "properties": { "RCID": 1191, "PRIM": 2, "GRUP": 2, "OBJL": 43, "RVER": 1, "AGEN": 550, "FIDN": 549037927, "FIDS": 2004, "LNAM": "022620B9A76707D4", "VALDCO": 20.0, "SCAMIN": 44999 }, "geometry": { "type": "LineString", "coordinates": [ [ -71.368039, 41.475 ], [ -71.3677823, 41.475276 ], [ -71.3670926, 41.4754653 ], [ -71.3656928, 41.4756759 ], [ -71.3647086, 41.4755879 ], [ -71.3628561, 41.4761284 ], [ -71.3615701, 41.476301 ], [ -71.3604982, 41.4768484 ], [ -71.3601784, 41.4768261 ], [ -71.3593798, 41.4765345 ], [ -71.3587919, 41.4765409 ], [ -71.3571223, 41.4769479 ], [ -71.3566936, 41.4772641 ], [ -71.356381, 41.4772803 ], [ -71.3559434, 41.4774547 ], [ -71.3552014, 41.4780142 ], [ -71.3542507, 41.4783133 ], [ -71.3538943, 41.4785566 ], [ -71.3538138, 41.4787524 ], [ -71.3538718, 41.4792376 ], [ -71.3536537, 41.4798008 ], [ -71.3537095, 41.4803521 ], [ -71.3536573, 41.4804533 ], [ -71.3534187, 41.4804064 ], [ -71.3528426, 41.4800571 ], [ -71.352319, 41.4800537 ], [ -71.3521396, 41.4801375 ], [ -71.3520832, 41.4804218 ], [ -71.3524037, 41.4806777 ], [ -71.3523529, 41.4810469 ], [ -71.3517128, 41.4816442 ], [ -71.3516875, 41.4816678 ], [ -71.3514999, 41.4821212 ], [ -71.3514044, 41.4828162 ], [ -71.3512313, 41.4832689 ], [ -71.3512479, 41.4835873 ], [ -71.3513944, 41.4838018 ], [ -71.3519362, 41.4840878 ], [ -71.352421, 41.4843436 ], [ -71.3528839, 41.484798 ], [ -71.353342, 41.4850836 ], [ -71.3544894, 41.4860024 ], [ -71.3556122, 41.4872153 ], [ -71.3564713, 41.4878153 ], [ -71.3571095, 41.488443 ], [ -71.3586805, 41.4905071 ], [ -71.359129, 41.4912518 ], [ -71.3592952, 41.4918237 ], [ -71.3595367, 41.4922618 ], [ -71.3595763, 41.4929013 ], [ -71.359202, 41.4938012 ], [ -71.3591311, 41.4944138 ], [ -71.3591811, 41.4949829 ], [ -71.3591983, 41.4950716 ], [ -71.3595881, 41.4970813 ], [ -71.3595044, 41.4979695 ], [ -71.3588452, 41.4989955 ], [ -71.3583874, 41.4995229 ], [ -71.357767, 41.4999823 ], [ -71.356907, 41.5002867 ], [ -71.3559262, 41.5016311 ], [ -71.3558131, 41.5019745 ], [ -71.3558292, 41.5025482 ], [ -71.3554382, 41.503543 ], [ -71.3553088, 41.5041488 ], [ -71.3558661, 41.5059784 ], [ -71.3558733, 41.5062214 ], [ -71.3556743, 41.5063121 ], [ -71.3547877, 41.5062906 ], [ -71.3546174, 41.5062864 ], [ -71.354445, 41.5062131 ], [ -71.3543629, 41.5061781 ], [ -71.353877, 41.5059714 ], [ -71.3537119, 41.5060473 ], [ -71.3537086, 41.5060489 ], [ -71.353646, 41.5061929 ], [ -71.3536326, 41.5062237 ], [ -71.3536641, 41.5063834 ], [ -71.3537863, 41.5064812 ], [ -71.3541844, 41.506394 ], [ -71.3543521, 41.5064146 ], [ -71.3545615, 41.5064404 ], [ -71.3553768, 41.5067691 ], [ -71.3556269, 41.5070042 ], [ -71.3555596, 41.5078399 ], [ -71.3553719, 41.5086544 ], [ -71.3547335, 41.5087657 ], [ -71.3546585, 41.5088283 ], [ -71.3545207, 41.5089433 ], [ -71.354466, 41.509176 ], [ -71.354866, 41.5098868 ], [ -71.3550654, 41.511059 ], [ -71.3552834, 41.5117497 ], [ -71.3554425, 41.5129005 ], [ -71.3553471, 41.5142202 ], [ -71.3554533, 41.5150191 ], [ -71.355938, 41.5160387 ], [ -71.3568611, 41.5170913 ], [ -71.3573777, 41.5188765 ], [ -71.3574012, 41.5198473 ], [ -71.3571432, 41.5212445 ], [ -71.3572229, 41.5229035 ], [ -71.3571738, 41.5231671 ], [ -71.356909, 41.5237239 ], [ -71.3569024, 41.5239673 ], [ -71.357283, 41.5249904 ], [ -71.3576809, 41.5255427 ], [ -71.3575003, 41.5265944 ], [ -71.3576364, 41.5274719 ], [ -71.3578409, 41.5281615 ], [ -71.3585433, 41.5291804 ], [ -71.3590321, 41.5302276 ], [ -71.3592876, 41.5319043 ], [ -71.359541, 41.5329555 ], [ -71.3597703, 41.5335786 ], [ -71.3598493, 41.5343654 ], [ -71.3600658, 41.5351697 ], [ -71.3600659, 41.536475 ], [ -71.3599291, 41.5370415 ], [ -71.3597656, 41.537288 ], [ -71.359528, 41.5374429 ], [ -71.3583483, 41.5375604 ], [ -71.3577859, 41.537976 ], [ -71.3569467, 41.5392107 ], [ -71.3565607, 41.5405176 ], [ -71.3561916, 41.5408552 ], [ -71.3560775, 41.5407515 ], [ -71.3560792, 41.5405207 ], [ -71.3563783, 41.5399259 ], [ -71.3564158, 41.539702 ], [ -71.3562659, 41.5391469 ], [ -71.35606, 41.538819 ], [ -71.3558327, 41.5387895 ], [ -71.3554273, 41.5391686 ], [ -71.3550043, 41.5390705 ], [ -71.3541964, 41.5392534 ], [ -71.3541714, 41.5392482 ], [ -71.3539691, 41.5392064 ], [ -71.3536715, 41.5391448 ], [ -71.3535478, 41.5389241 ], [ -71.353434, 41.5382424 ], [ -71.3532463, 41.5379655 ], [ -71.353538, 41.537558 ], [ -71.3535126, 41.5372655 ], [ -71.353596, 41.5368698 ], [ -71.3534582, 41.5363114 ], [ -71.3536671, 41.5360947 ], [ -71.3541051, 41.5356403 ], [ -71.3541476, 41.5355962 ], [ -71.3543009, 41.5350768 ], [ -71.354183, 41.5345563 ], [ -71.3538575, 41.5339255 ], [ -71.353865, 41.5336446 ], [ -71.3537493, 41.5331958 ], [ -71.3537927, 41.532742 ], [ -71.3536874, 41.532671 ], [ -71.3535007, 41.5326803 ], [ -71.3533357, 41.5327776 ], [ -71.3531111, 41.53291 ], [ -71.353101, 41.532916 ], [ -71.3530934, 41.5330618 ], [ -71.3531899, 41.5331227 ], [ -71.3533268, 41.5332091 ], [ -71.3532537, 41.5332949 ], [ -71.3528203, 41.5338032 ], [ -71.3521952, 41.5338342 ], [ -71.3520005, 41.5339135 ], [ -71.3519306, 41.5340496 ], [ -71.3519372, 41.5344658 ], [ -71.3513451, 41.5344016 ], [ -71.3512301, 41.5342384 ], [ -71.3514963, 41.5335327 ], [ -71.3515413, 41.5331202 ], [ -71.3510239, 41.5329927 ], [ -71.3498581, 41.5330284 ], [ -71.3498399, 41.5330272 ], [ -71.3495664, 41.5328189 ], [ -71.3495253, 41.5327508 ], [ -71.3493658, 41.5324872 ], [ -71.3490609, 41.5315262 ], [ -71.3492101, 41.5306474 ], [ -71.3491799, 41.5303253 ], [ -71.3487253, 41.5294046 ], [ -71.348148, 41.527892 ], [ -71.3478833, 41.5271984 ], [ -71.347779, 41.526925 ], [ -71.3474754, 41.5263636 ], [ -71.346651, 41.5256306 ], [ -71.3461327, 41.5253737 ], [ -71.3457018, 41.5254068 ], [ -71.3456318, 41.5254363 ], [ -71.3448363, 41.5257718 ], [ -71.3448013, 41.5257866 ], [ -71.3431303, 41.526788 ], [ -71.3429658, 41.5268378 ], [ -71.3416568, 41.5272345 ], [ -71.3413594, 41.5274556 ], [ -71.3415191, 41.5281803 ], [ -71.3415818, 41.5289424 ], [ -71.3414026, 41.5303407 ], [ -71.3413126, 41.5330138 ], [ -71.3413716, 41.5342904 ], [ -71.3413305, 41.536285 ], [ -71.3414099, 41.5373483 ], [ -71.3406125, 41.5361934 ], [ -71.3401127, 41.535829 ], [ -71.3397907, 41.5357706 ], [ -71.3394932, 41.5358331 ], [ -71.3391021, 41.5360879 ], [ -71.3387745, 41.5364396 ], [ -71.3375919, 41.5382044 ], [ -71.3365773, 41.5397186 ], [ -71.3344243, 41.5425343 ], [ -71.3342461, 41.5428868 ], [ -71.3340561, 41.5432629 ], [ -71.3338073, 41.5444127 ], [ -71.3333391, 41.545355 ], [ -71.3330728, 41.5457014 ], [ -71.3326374, 41.546008 ], [ -71.3321184, 41.5465191 ], [ -71.3320559, 41.5470931 ], [ -71.3318435, 41.5473198 ], [ -71.3315044, 41.5481085 ], [ -71.3302558, 41.5496294 ], [ -71.3300945, 41.55 ] ] } },
{ "type": "Feature", "properties": { "RCID": 1192, "PRIM": 2, "GRUP": 2, "OBJL": 43, "RVER": 1, "AGEN": 550, "FIDN": 544162736, "FIDS": 8691, "LNAM": "0226206F43B021F3", "VALDCO": 2.0, "SCAMIN": 44999 }, "geometry": { "type": "LineString", "coordinates": [ [ -71.326498, 41.4918295 ], [ -71.3264791, 41.4913662 ], [ -71.3264907, 41.4909482 ], [ -71.3264766, 41.4907948 ], [ -71.326447, 41.4906698 ], [ -71.3263256, 41.4903925 ], [ -71.326276, 41.4902149 ], [ -71.3261727, 41.4896217 ], [ -71.3261497, 41.4894299 ], [ -71.3261233, 41.4890919 ], [ -71.3261042, 41.4889801 ], [ -71.3260732, 41.4888943 ], [ -71.3259322, 41.4886002 ], [ -71.3257539, 41.4882696 ], [ -71.3256942, 41.4881975 ], [ -71.325602, 41.4881089 ], [ -71.3255476, 41.4880663 ], [ -71.325505, 41.4880389 ] ] } },
{ "type": "Feature", "properties": { "RCID": 1193, "PRIM": 2, "GRUP": 2, "OBJL": 43, "RVER": 1, "AGEN": 550, "FIDN": 102489955, "FIDS": 8691, "LNAM": "0226061BDF6321F3", "VALDCO": 5.0, "SCAMIN": 44999 }, "geometry": { "type": "LineString", "coordinates": [ [ -71.3262889, 41.4918576 ], [ -71.3262703, 41.4915533 ], [ -71.3259203, 41.4916024 ], [ -71.3257125, 41.4912885 ], [ -71.3259476, 41.4903648 ], [ -71.325953, 41.4900619 ], [ -71.3257742, 41.4891386 ], [ -71.3255858, 41.4889566 ], [ -71.3255326, 41.4887477 ], [ -71.3252216, 41.4884238 ], [ -71.3251225, 41.4881022 ], [ -71.3251828, 41.4872857 ], [ -71.3255759, 41.4864709 ], [ -71.3254486, 41.4844875 ], [ -71.3255783, 41.4837581 ], [ -71.3254881, 41.4833658 ], [ -71.3255152, 41.4832018 ], [ -71.3256137, 41.4830747 ], [ -71.3260122, 41.482933 ], [ -71.3263174, 41.4826187 ], [ -71.3270706, 41.4823092 ], [ -71.3275711, 41.4822391 ], [ -71.328957, 41.4823687 ], [ -71.329125, 41.4824971 ], [ -71.3292446, 41.4827708 ], [ -71.3296483, 41.4851555 ], [ -71.3297845, 41.4854134 ], [ -71.3296372, 41.4856547 ], [ -71.3295978, 41.4859195 ], [ -71.329468, 41.4904366 ], [ -71.328953, 41.4926999 ], [ -71.3283577, 41.4934614 ], [ -71.3270107, 41.4945161 ], [ -71.3265538, 41.4945304 ], [ -71.3262397, 41.4941449 ], [ -71.3261789, 41.4934926 ], [ -71.3262927, 41.4929414 ], [ -71.3262585, 41.4925215 ] ] } },
{ "type": "Feature", "properties": { "RCID": 1194, "PRIM": 2, "GRUP": 2, "OBJL": 43, "RVER": 1, "AGEN": 550, "FIDN": 358605107, "FIDS": 8691, "LNAM": "0226155FE13321F3", "VALDCO": 5.0, "SCAMIN": 44999 }, "geometry": { "type": "LineString", "coordinates": [ [ -71.3299921, 41.475 ], [ -71.3295243, 41.4754209 ], [ -71.3296074, 41.4755654 ], [ -71.3300342, 41.4758906 ], [ -71.3300018, 41.476161 ], [ -71.3298264, 41.4762574 ], [ -71.3292255, 41.4762988 ], [ -71.3289096, 41.4763952 ], [ -71.3283537, 41.4771121 ], [ -71.3280449, 41.4773219 ], [ -71.3279014, 41.4776276 ], [ -71.327259, 41.4780309 ], [ -71.3270469, 41.4783386 ], [ -71.3261051, 41.4784308 ], [ -71.3255156, 41.4786344 ], [ -71.3253511, 41.4788809 ], [ -71.325, 41.4787801 ] ] } },
{ "type": "Feature", "properties": { "RCID": 1195, "PRIM": 2, "GRUP": 2, "OBJL": 43, "RVER": 1, "AGEN": 550, "FIDN": 295757057, "FIDS": 8691, "LNAM": "022611A0E50121F3", "VALDCO": 20.0, "SCAMIN": 44999 }, "geometry": { "type": "LineString", "coordinates": [ [ -71.3452649, 41.475 ], [ -71.3450348, 41.4752481 ], [ -71.3434534, 41.476912 ], [ -71.3429679, 41.4776291 ], [ -71.3421596, 41.4794033 ], [ -71.3412965, 41.4809551 ], [ -71.341063, 41.482062 ], [ -71.3410372, 41.4821845 ], [ -71.3404626, 41.4827886 ], [ -71.3401627, 41.4833712 ], [ -71.3401268, 41.4834167 ], [ -71.3391623, 41.4846379 ], [ -71.3389968, 41.4849122 ], [ -71.3389003, 41.485267 ], [ -71.3390894, 41.4858765 ], [ -71.3395655, 41.486926 ], [ -71.3395836, 41.4872939 ], [ -71.3394282, 41.4883601 ], [ -71.3395611, 41.4889438 ], [ -71.3397702, 41.4893593 ], [ -71.3402907, 41.4899758 ], [ -71.3410923, 41.4901259 ], [ -71.341334, 41.4902592 ], [ -71.3415533, 41.4905966 ], [ -71.3414356, 41.4913614 ], [ -71.3414432, 41.4913889 ], [ -71.3416002, 41.4919526 ], [ -71.342406, 41.4929136 ], [ -71.3430418, 41.4934597 ], [ -71.3436983, 41.4942132 ], [ -71.3442499, 41.4945651 ], [ -71.3448321, 41.4951888 ], [ -71.3447621, 41.4958744 ], [ -71.3449864, 41.4963057 ], [ -71.3447599, 41.4969317 ], [ -71.3447404, 41.4981759 ], [ -71.3445506, 41.4994266 ], [ -71.3435333, 41.5021173 ], [ -71.3430354, 41.5036391 ], [ -71.3429859, 41.5037904 ], [ -71.3429675, 41.5038468 ], [ -71.3424263, 41.5050499 ], [ -71.3420034, 41.5056647 ], [ -71.3418759, 41.506137 ], [ -71.3417855, 41.5062253 ], [ -71.3411679, 41.5068284 ], [ -71.3409931, 41.506872 ], [ -71.3405798, 41.5067848 ], [ -71.3398326, 41.5072563 ], [ -71.3395484, 41.5077365 ], [ -71.3391735, 41.5086427 ], [ -71.3383202, 41.510054 ], [ -71.3380946, 41.5104271 ], [ -71.3375103, 41.5120963 ], [ -71.3374544, 41.5122559 ], [ -71.3367919, 41.5157376 ], [ -71.3361693, 41.5178846 ], [ -71.3357393, 41.5184573 ], [ -71.3346854, 41.5194141 ], [ -71.3340132, 41.5204006 ], [ -71.3338502, 41.5205049 ], [ -71.3334076, 41.5205949 ], [ -71.3330173, 41.5208436 ], [ -71.3306259, 41.5232363 ], [ -71.3302696, 41.5237599 ], [ -71.329848, 41.52416 ], [ -71.3291173, 41.5253353 ], [ -71.3290716, 41.5253932 ], [ -71.3282099, 41.526487 ], [ -71.3281244, 41.5268626 ], [ -71.3281848, 41.5272822 ], [ -71.3289374, 41.5288361 ], [ -71.3291569, 41.5298174 ], [ -71.3291596, 41.5310883 ], [ -71.3288229, 41.5326937 ], [ -71.3288085, 41.5327624 ], [ -71.3285234, 41.5335255 ], [ -71.3286044, 41.5339965 ], [ -71.3284713, 41.5349629 ], [ -71.3284562, 41.5350373 ], [ -71.3282977, 41.5358133 ], [ -71.3275599, 41.5379377 ], [ -71.3274933, 41.5383892 ], [ -71.327349, 41.5387037 ], [ -71.3271163, 41.5396486 ], [ -71.3269694, 41.5399801 ], [ -71.3267501, 41.5402924 ], [ -71.3265238, 41.5406146 ], [ -71.3253988, 41.5430708 ], [ -71.3254033, 41.5433597 ], [ -71.3256917, 41.543822 ], [ -71.325442, 41.5438785 ], [ -71.325, 41.543724 ] ] } },
{ "type": "Feature", "properties": { "RCID": 1196, "PRIM": 2, "GRUP": 2, "OBJL": 43, "RVER": 1, "AGEN": 550, "FIDN": 634490493, "FIDS": 8691, "LNAM": "022625D18E7D21F3", "VALDCO": 10.0, "SCAMIN": 44999 }, "geometry": { "type": "LineString", "coordinates": [ [ -71.3991875, 41.475 ], [ -71.3990878, 41.4753777 ], [ -71.3991207, 41.4762759 ], [ -71.3991138, 41.4790093 ], [ -71.3993074, 41.4794314 ], [ -71.4, 41.4800496 ] ] } },
{ "type": "Feature", "properties": { "RCID": 1197, "PRIM": 2, "GRUP": 2, "OBJL": 43, "RVER": 1, "AGEN": 550, "FIDN": 856138510, "FIDS": 8691, "LNAM": "02263307A30E21F3", "VALDCO": 10.0, "SCAMIN": 44999 }, "geometry": { "type": "LineString", "coordinates": [ [ -71.4, 41.4951619 ], [ -71.3995462, 41.4954944 ], [ -71.3991703, 41.4961286 ], [ -71.3988759, 41.4963869 ], [ -71.3983804, 41.496453 ], [ -71.3978695, 41.4968035 ], [ -71.39781, 41.4972437 ], [ -71.3978457, 41.497446 ], [ -71.3981669, 41.4976006 ], [ -71.3991248, 41.4977134 ], [ -71.3996789, 41.4979916 ], [ -71.3998599, 41.4981814 ], [ -71.399876, 41.498365 ], [ -71.3997158, 41.4986173 ], [ -71.3984826, 41.5000809 ], [ -71.3984408, 41.500233 ], [ -71.3985461, 41.5004159 ], [ -71.398702, 41.5004555 ], [ -71.3988904, 41.5003814 ], [ -71.3996796, 41.4996443 ], [ -71.4, 41.4993433 ] ] } },
{ "type": "Feature", "properties": { "RCID": 1198, "PRIM": 2, "GRUP": 2, "OBJL": 43, "RVER": 1, "AGEN": 550, "FIDN": 766079881, "FIDS": 8691, "LNAM": "02262DA9738921F3", "VALDCO": 0.0, "SCAMIN": 89999 }, "geometry": { "type": "LineString", "coordinates": [ [ -71.3968158, 41.4932627 ], [ -71.3965978, 41.4928308 ], [ -71.3964692, 41.4927227 ], [ -71.3960896, 41.4926875 ], [ -71.3956881, 41.4928041 ], [ -71.3953188, 41.4927941 ], [ -71.3951164, 41.4926581 ], [ -71.3950497, 41.4924609 ], [ -71.3947282, 41.4924481 ], [ -71.3942793, 41.4920273 ], [ -71.3938823, 41.4920506 ], [ -71.3935066, 41.4919715 ], [ -71.3933296, 41.4920927 ], [ -71.3930581, 41.4921327 ], [ -71.3921081, 41.492012 ], [ -71.3911435, 41.492064 ], [ -71.3908007, 41.4921491 ], [ -71.3905904, 41.4923441 ], [ -71.3905627, 41.4923582 ], [ -71.3905175, 41.4923618 ], [ -71.3904247, 41.4923606 ], [ -71.3903528, 41.4923565 ] ] } },
{ "type": "Feature", "properties": { "RCID": 1199, "PRIM": 2, "GRUP": 2, "OBJL": 43, "RVER": 1, "AGEN": 550, "FIDN": 716977094, "FIDS": 8691, "LNAM": "02262ABC33C621F3", "VALDCO": 5.0, "SCAMIN": 44999 }, "geometry": { "type": "LineString", "coordinates": [ [ -71.3771853, 41.475 ], [ -71.3772565, 41.4754367 ], [ -71.3770283, 41.4758285 ], [ -71.377676, 41.476142 ], [ -71.3778595, 41.4763498 ], [ -71.3779151, 41.4765251 ], [ -71.3777766, 41.476995 ], [ -71.3776143, 41.4771879 ], [ -71.3773401, 41.477349 ], [ -71.3772834, 41.4775871 ], [ -71.3774606, 41.4778286 ], [ -71.3779099, 41.4781624 ], [ -71.3780918, 41.4786951 ], [ -71.3783477, 41.4791611 ], [ -71.3787086, 41.4802578 ], [ -71.3788524, 41.4812667 ], [ -71.3790766, 41.4814252 ], [ -71.37903, 41.4813081 ], [ -71.379102, 41.4812594 ], [ -71.3793903, 41.481356 ], [ -71.3794479, 41.4817261 ], [ -71.379643, 41.4819398 ], [ -71.3798469, 41.4825934 ], [ -71.3800577, 41.4827937 ], [ -71.380341, 41.4828823 ], [ -71.3815065, 41.4825748 ], [ -71.3824931, 41.4824309 ], [ -71.3828271, 41.4823038 ], [ -71.3829961, 41.4821154 ], [ -71.3831296, 41.4815595 ], [ -71.3835248, 41.4810561 ], [ -71.3836382, 41.4807558 ], [ -71.3837467, 41.4796118 ], [ -71.3832854, 41.4782291 ], [ -71.3831983, 41.4769779 ], [ -71.3829296, 41.4761638 ], [ -71.3821517, 41.475 ] ] } },
{ "type": "Feature", "properties": { "RCID": 1200, "PRIM": 2, "GRUP": 2, "OBJL": 43, "RVER": 1, "AGEN": 550, "FIDN": 951712037, "FIDS": 8691, "LNAM": "022638B9F92521F3", "VALDCO": 10.0, "SCAMIN": 44999 }, "geometry": { "type": "LineString", "coordinates": [ [ -71.3456533, 41.5396645 ], [ -71.3447527, 41.5396011 ], [ -71.3441119, 41.5394273 ], [ -71.343691, 41.5391887 ], [ -71.3432228, 41.538713 ], [ -71.3428225, 41.5378797 ], [ -71.3424703, 41.5361625 ], [ -71.3424171, 41.5352388 ], [ -71.3420094, 41.5338065 ], [ -71.3419145, 41.5326456 ], [ -71.3419871, 41.5318678 ], [ -71.3419324, 41.5313367 ], [ -71.3420754, 41.5304036 ], [ -71.342296, 41.5297003 ], [ -71.3424185, 41.5283173 ], [ -71.3427937, 41.5276333 ], [ -71.3434271, 41.5273894 ], [ -71.3440827, 41.527415 ], [ -71.3450118, 41.527907 ], [ -71.3460286, 41.5281964 ], [ -71.3464249, 41.5284806 ], [ -71.3465887, 41.5288658 ], [ -71.3467197, 41.5298621 ], [ -71.34698, 41.5308714 ], [ -71.3470309, 41.532155 ], [ -71.3472227, 41.5337019 ], [ -71.3470938, 41.5351557 ], [ -71.3471045, 41.5368656 ], [ -71.3470071, 41.5372471 ], [ -71.346676, 41.5379477 ], [ -71.3465761, 41.5386456 ], [ -71.3463157, 41.5390839 ], [ -71.3461671, 41.5395165 ], [ -71.3460041, 41.5396527 ] ] } },
{ "type": "Feature", "properties": { "RCID": 1201, "PRIM": 2, "GRUP": 2, "OBJL": 43, "RVER": 1, "AGEN": 550, "FIDN": 962214386, "FIDS": 8691, "LNAM": "0226395A39F221F3", "VALDCO": 0.0, "SCAMIN": 89999 }, "geometry": { "type": "LineString", "coordinates": [ [ -71.3256061, 41.5025996 ], [ -71.3255802, 41.5026001 ], [ -71.3255622, 41.5026283 ], [ -71.3255658, 41.5026402 ], [ -71.3255666, 41.5026429 ], [ -71.3255715, 41.5027056 ], [ -71.3255816, 41.5027409 ], [ -71.3256132, 41.5027938 ], [ -71.3256337, 41.5028138 ], [ -71.3256356, 41.5028178 ], [ -71.325646, 41.5028393 ], [ -71.3256489, 41.5028453 ], [ -71.3256649, 41.502898 ], [ -71.3256699, 41.5029404 ], [ -71.3256678, 41.5029775 ], [ -71.3256726, 41.5029907 ], [ -71.3256756, 41.5029986 ], [ -71.3257215, 41.5030003 ], [ -71.3257487, 41.5029907 ], [ -71.3257772, 41.5029806 ], [ -71.325826, 41.5029637 ], [ -71.3258502, 41.50295 ], [ -71.3258527, 41.5029208 ], [ -71.3258492, 41.5029072 ], [ -71.3258432, 41.502884 ], [ -71.3258404, 41.5028733 ], [ -71.3258286, 41.5028501 ], [ -71.3258176, 41.5028286 ], [ -71.3258093, 41.5027917 ], [ -71.3257872, 41.5027683 ], [ -71.3257539, 41.5027239 ], [ -71.3257243, 41.5026847 ], [ -71.3256984, 41.5026507 ], [ -71.3256836, 41.5026402 ], [ -71.3256658, 41.5026275 ], [ -71.3256371, 41.5026149 ], [ -71.3256154, 41.5025994 ], [ -71.3256061, 41.5025996 ] ] } },
{ "type": "Feature", "properties": { "RCID": 1202, "PRIM": 2, "GRUP": 2, "OBJL": 43, "RVER": 1, "AGEN": 550, "FIDN": 998433617, "FIDS": 8691, "LNAM": "02263B82E35121F3", "VALDCO": 10.0, "SCAMIN": 44999 }, "geometry": { "type": "LineString", "coordinates": [ [ -71.3443964, 41.475 ], [ -71.3430483, 41.4763671 ], [ -71.3418543, 41.4779007 ], [ -71.3409765, 41.479345 ], [ -71.3397961, 41.4816696 ], [ -71.3390116, 41.4826241 ], [ -71.3383801, 41.4831202 ], [ -71.3378972, 41.4832387 ], [ -71.3372265, 41.4832056 ], [ -71.3365273, 41.4828801 ], [ -71.3360498, 41.4825228 ], [ -71.335415, 41.4817541 ], [ -71.3344856, 41.4808841 ], [ -71.3339999, 41.4806017 ], [ -71.3337282, 41.4806467 ], [ -71.3332318, 41.4811688 ], [ -71.3329628, 41.4813275 ], [ -71.3324249, 41.4815134 ], [ -71.3308861, 41.4817216 ], [ -71.3304976, 41.4819304 ], [ -71.330354, 41.4821528 ], [ -71.3301942, 41.4832615 ], [ -71.3301727, 41.4842942 ], [ -71.3303121, 41.4863324 ], [ -71.3302669, 41.4872149 ], [ -71.3304514, 41.4883771 ], [ -71.3306655, 41.4898476 ], [ -71.3306513, 41.4909327 ], [ -71.3301931, 41.4918152 ], [ -71.3300579, 41.4922962 ], [ -71.3296207, 41.4933991 ], [ -71.3295534, 41.4947462 ], [ -71.3293053, 41.4958002 ], [ -71.3290332, 41.4965411 ], [ -71.3289545, 41.4974534 ], [ -71.3287267, 41.4981255 ], [ -71.3286627, 41.4985889 ], [ -71.3287729, 41.4989844 ], [ -71.3290575, 41.4994663 ], [ -71.3290616, 41.5000131 ], [ -71.3295154, 41.5009794 ], [ -71.329693, 41.5018182 ], [ -71.3301238, 41.5026649 ], [ -71.3306276, 41.5042389 ], [ -71.3310171, 41.5050977 ], [ -71.3315596, 41.5065916 ], [ -71.3317589, 41.5069365 ], [ -71.3319722, 41.5069995 ], [ -71.3325775, 41.506801 ], [ -71.3328779, 41.5067943 ], [ -71.3330512, 41.5069363 ], [ -71.3331097, 41.5072524 ], [ -71.3335207, 41.5075805 ], [ -71.3338057, 41.507636 ], [ -71.3340326, 41.5074517 ], [ -71.3339661, 41.5068674 ], [ -71.3339905, 41.5061724 ], [ -71.3338826, 41.5057253 ], [ -71.3335413, 41.5051451 ], [ -71.3324717, 41.5039853 ], [ -71.3318269, 41.5024714 ], [ -71.3317581, 41.5013225 ], [ -71.3322465, 41.5000857 ], [ -71.3323259, 41.4987032 ], [ -71.3324435, 41.4984416 ], [ -71.333329, 41.498004 ], [ -71.3336528, 41.4980165 ], [ -71.3338385, 41.4981684 ], [ -71.333895, 41.4983218 ], [ -71.3338619, 41.4986223 ], [ -71.3335261, 41.499168 ], [ -71.3334709, 41.4996059 ], [ -71.3335428, 41.500107 ], [ -71.33371, 41.5006088 ], [ -71.3342765, 41.5011186 ], [ -71.3340775, 41.5016773 ], [ -71.334162, 41.5018728 ], [ -71.3344591, 41.5019191 ], [ -71.335084, 41.5017501 ], [ -71.3364412, 41.5019926 ], [ -71.336637, 41.501939 ], [ -71.3367685, 41.5017778 ], [ -71.3362924, 41.4998696 ], [ -71.3355987, 41.4988085 ], [ -71.3356158, 41.4983419 ], [ -71.335414, 41.4973493 ], [ -71.3357586, 41.4965676 ], [ -71.3357826, 41.4946043 ], [ -71.3361672, 41.4942627 ], [ -71.3363914, 41.4937532 ], [ -71.3366785, 41.4934264 ], [ -71.3369731, 41.4932232 ], [ -71.33722, 41.4931487 ], [ -71.3382176, 41.4931669 ], [ -71.3388681, 41.4932523 ], [ -71.3390677, 41.4933608 ], [ -71.3395384, 41.493137 ], [ -71.3398719, 41.4930881 ], [ -71.3407502, 41.4934105 ], [ -71.3415635, 41.4934505 ], [ -71.3421493, 41.4935687 ], [ -71.3423624, 41.4937231 ], [ -71.3429229, 41.4943795 ], [ -71.3437532, 41.494897 ], [ -71.3437279, 41.4953652 ], [ -71.3438015, 41.4956924 ], [ -71.3443299, 41.4968164 ], [ -71.3440549, 41.4972239 ], [ -71.343828, 41.4977982 ], [ -71.3439537, 41.4991135 ], [ -71.3438904, 41.4994627 ], [ -71.3436067, 41.4999763 ], [ -71.3432782, 41.5009756 ], [ -71.3427035, 41.502258 ], [ -71.342424, 41.5031579 ], [ -71.342007, 41.5036834 ], [ -71.3414811, 41.5040791 ], [ -71.3411692, 41.5040951 ], [ -71.3405341, 41.5037057 ], [ -71.3400294, 41.5036533 ], [ -71.3387272, 41.5038558 ], [ -71.3376964, 41.5043001 ], [ -71.3373555, 41.504339 ], [ -71.3370601, 41.5041028 ], [ -71.3368986, 41.5030643 ], [ -71.3365884, 41.5026238 ], [ -71.3361537, 41.5024132 ], [ -71.3351919, 41.5021661 ], [ -71.3348088, 41.5021718 ], [ -71.3346029, 41.5023346 ], [ -71.3345472, 41.5025553 ], [ -71.334782, 41.5029291 ], [ -71.3348433, 41.5033117 ], [ -71.3347513, 41.5035583 ], [ -71.3349153, 41.5041096 ], [ -71.3356333, 41.5055057 ], [ -71.3363538, 41.5064046 ], [ -71.336631, 41.5068681 ], [ -71.3366118, 41.507546 ], [ -71.3367399, 41.5081296 ], [ -71.3369864, 41.5085644 ], [ -71.3369669, 41.5088542 ], [ -71.3368182, 41.5089891 ], [ -71.336504, 41.509024 ], [ -71.3355529, 41.509365 ], [ -71.3352315, 41.509601 ], [ -71.334972, 41.5096091 ], [ -71.3340288, 41.5092333 ], [ -71.3334868, 41.5088079 ], [ -71.333319, 41.5084283 ], [ -71.3333549, 41.5079206 ], [ -71.3332076, 41.5077572 ], [ -71.3329362, 41.5077037 ], [ -71.3319332, 41.5078427 ], [ -71.3318235, 41.5080228 ], [ -71.3318734, 41.5086119 ], [ -71.3325737, 41.5100456 ], [ -71.3326184, 41.5104182 ], [ -71.3325156, 41.5105634 ], [ -71.3323034, 41.510588 ], [ -71.3320589, 41.5104958 ], [ -71.331632, 41.5101875 ], [ -71.3314823, 41.510201 ], [ -71.3313133, 41.5104766 ], [ -71.331057, 41.5116969 ], [ -71.3311122, 41.5123147 ], [ -71.3314651, 41.5128771 ], [ -71.3320268, 41.5140411 ], [ -71.3322564, 41.5141173 ], [ -71.3329191, 41.5139653 ], [ -71.3332843, 41.5139834 ], [ -71.3336159, 41.5141402 ], [ -71.3338583, 41.5144437 ], [ -71.3339527, 41.5147362 ], [ -71.3341083, 41.5160949 ], [ -71.3343026, 41.5167829 ], [ -71.3342954, 41.5171283 ], [ -71.3341766, 41.5176016 ], [ -71.3335074, 41.518425 ], [ -71.3329064, 41.5188173 ], [ -71.3322367, 41.518969 ], [ -71.3320429, 41.5191206 ], [ -71.3319721, 41.5193504 ], [ -71.3314668, 41.5197554 ], [ -71.3311878, 41.5201443 ], [ -71.331134, 41.5204559 ], [ -71.3309137, 41.5207088 ], [ -71.3307692, 41.5210581 ], [ -71.3307903, 41.5212002 ], [ -71.3311175, 41.5214147 ], [ -71.331147, 41.5214999 ], [ -71.3306364, 41.5216788 ], [ -71.3297479, 41.5227738 ], [ -71.3292914, 41.523008 ], [ -71.3278469, 41.5234548 ], [ -71.325, 41.5244768 ] ] } },
{ "type": "Feature", "properties": { "RCID": 1203, "PRIM": 2, "GRUP": 2, "OBJL": 43, "RVER": 1, "AGEN": 550, "FIDN": 707240905, "FIDS": 8691, "LNAM": "02262A27A3C921F3", "VALDCO": 10.0, "SCAMIN": 44999 }, "geometry": { "type": "LineString", "coordinates": [ [ -71.4, 41.5401282 ], [ -71.3997215, 41.5399038 ], [ -71.3995706, 41.5396804 ], [ -71.3996387, 41.538061 ], [ -71.3994919, 41.5377085 ], [ -71.3991082, 41.5372786 ], [ -71.3990625, 41.5370868 ], [ -71.3993752, 41.535476 ], [ -71.3995176, 41.5353657 ], [ -71.3996522, 41.5353609 ], [ -71.4, 41.5353982 ] ] } },
{ "type": "Feature", "properties": { "RCID": 1204, "PRIM": 2, "GRUP": 2, "OBJL": 43, "RVER": 1, "AGEN": 550, "FIDN": 565311661, "FIDS": 8691, "LNAM": "022621B1F8AD21F3", "VALDCO": 10.0, "SCAMIN": 44999 }, "geometry": { "type": "LineString", "coordinates": [ [ -71.3924092, 41.5060234 ], [ -71.3926914, 41.5059159 ], [ -71.3929602, 41.5056102 ], [ -71.3934585, 41.5045621 ], [ -71.3941921, 41.5034836 ], [ -71.3945121, 41.5024958 ], [ -71.3947301, 41.5022329 ], [ -71.395321, 41.5019234 ], [ -71.3963208, 41.5017289 ], [ -71.3967611, 41.5014485 ], [ -71.3975168, 41.501394 ], [ -71.3978716, 41.5011995 ], [ -71.3982191, 41.5008763 ], [ -71.3981548, 41.5007434 ], [ -71.3975559, 41.5006157 ], [ -71.3974175, 41.5004828 ], [ -71.3974248, 41.5002909 ], [ -71.3978367, 41.4997536 ], [ -71.3981345, 41.499103 ], [ -71.3980475, 41.4989236 ], [ -71.397693, 41.4987723 ], [ -71.3975718, 41.4984144 ], [ -71.3974539, 41.4982849 ], [ -71.3972392, 41.4982272 ], [ -71.3969054, 41.4983421 ], [ -71.3966596, 41.4985885 ], [ -71.3960117, 41.4988771 ], [ -71.3948703, 41.4995985 ], [ -71.3940532, 41.5004301 ], [ -71.3936473, 41.5006713 ], [ -71.3930929, 41.5012083 ], [ -71.3921428, 41.5030203 ], [ -71.3918567, 41.5043699 ], [ -71.3918211, 41.5050556 ], [ -71.3919324, 41.5056254 ], [ -71.3920984, 41.505922 ], [ -71.3924092, 41.5060234 ] ] } },
{ "type": "Feature", "properties": { "RCID": 1205, "PRIM": 2, "GRUP": 2, "OBJL": 43, "RVER": 1, "AGEN": 550, "FIDN": 571415650, "FIDS": 8691, "LNAM": "0226220F1C6221F3", "VALDCO": 0.0, "SCAMIN": 89999 }, "geometry": { "type": "LineString", "coordinates": [ [ -71.3856987, 41.5404325 ], [ -71.3858087, 41.5404469 ], [ -71.3859005, 41.5404926 ], [ -71.3860018, 41.5405351 ], [ -71.3861731, 41.5406014 ], [ -71.3862401, 41.5406124 ], [ -71.3862594, 41.5406598 ], [ -71.3860841, 41.5410217 ], [ -71.3861629, 41.5413666 ], [ -71.3860652, 41.5414579 ], [ -71.3862179, 41.5417478 ], [ -71.3864855, 41.54192 ], [ -71.3863866, 41.5420624 ], [ -71.3866192, 41.5423712 ], [ -71.3865322, 41.5424829 ], [ -71.3865036, 41.5428445 ], [ -71.3864007, 41.5433096 ], [ -71.3864573, 41.5434549 ], [ -71.3864194, 41.5436317 ], [ -71.3861448, 41.5441114 ], [ -71.3859688, 41.5442163 ] ] } },
{ "type": "Feature", "properties": { "RCID": 1206, "PRIM": 2, "GRUP": 2, "OBJL": 43, "RVER": 1, "AGEN": 550, "FIDN": 96109681, "FIDS": 8691, "LNAM": "022605BA847121F3", "VALDCO": 0.0, "SCAMIN": 89999 }, "geometry": { "type": "LineString", "coordinates": [ [ -71.3811056, 41.4922007 ], [ -71.3813793, 41.4923562 ], [ -71.3816065, 41.492382 ], [ -71.3816416, 41.4925131 ], [ -71.3818394, 41.4926457 ], [ -71.3822234, 41.4927603 ], [ -71.3824277, 41.4927495 ], [ -71.3827417, 41.4925169 ], [ -71.383068, 41.492434 ], [ -71.3836008, 41.4925064 ], [ -71.3842929, 41.4927109 ], [ -71.3844315, 41.4929452 ], [ -71.3843216, 41.4932602 ] ] } },
{ "type": "Feature", "properties": { "RCID": 1207, "PRIM": 2, "GRUP": 2, "OBJL": 43, "RVER": 1, "AGEN": 550, "FIDN": 885899553, "FIDS": 8691, "LNAM": "022634CDC12121F3", "VALDCO": 0.0, "SCAMIN": 89999 }, "geometry": { "type": "LineString", "coordinates": [ [ -71.364576, 41.5108966 ], [ -71.3646359, 41.5113661 ], [ -71.3647864, 41.5116658 ], [ -71.365142, 41.5120623 ], [ -71.3655819, 41.5123827 ], [ -71.3659802, 41.5130831 ], [ -71.3660322, 41.5137321 ], [ -71.3656594, 41.5142017 ], [ -71.365745, 41.514269 ] ] } },
{ "type": "Feature", "properties": { "RCID": 1208, "PRIM": 2, "GRUP": 2, "OBJL": 43, "RVER": 1, "AGEN": 550, "FIDN": 881249433, "FIDS": 8691, "LNAM": "02263486CC9921F3", "VALDCO": 0.0, "SCAMIN": 89999 }, "geometry": { "type": "LineString", "coordinates": [ [ -71.3598316, 41.55 ], [ -71.3598741, 41.5497875 ], [ -71.3600206, 41.5490546 ], [ -71.3600932, 41.5487274 ], [ -71.3601016, 41.5485955 ], [ -71.360105, 41.5485878 ], [ -71.3602478, 41.5482611 ], [ -71.3603426, 41.5479802 ], [ -71.3604441, 41.5476979 ], [ -71.3605978, 41.5474278 ], [ -71.3605995, 41.5474249 ], [ -71.3606255, 41.5473194 ], [ -71.3606755, 41.5472 ], [ -71.3607355, 41.5470508 ], [ -71.3609164, 41.546652 ], [ -71.3609977, 41.5464857 ], [ -71.3610937, 41.5462007 ], [ -71.3610996, 41.5460966 ], [ -71.3611585, 41.5460108 ], [ -71.3614152, 41.5455644 ], [ -71.3616359, 41.5452211 ], [ -71.3616198, 41.545205 ], [ -71.3616401, 41.5451897 ], [ -71.3616599, 41.5451798 ], [ -71.3617025, 41.5451063 ], [ -71.3617688, 41.5449919 ], [ -71.3617996, 41.5449139 ], [ -71.361814, 41.5448969 ], [ -71.362261, 41.5442005 ], [ -71.3624735, 41.5440157 ], [ -71.3630084, 41.5432635 ], [ -71.3631709, 41.5430453 ], [ -71.3633246, 41.542855 ], [ -71.3634439, 41.5426956 ], [ -71.3634685, 41.5426481 ], [ -71.3634833, 41.5426196 ], [ -71.3634698, 41.5424975 ], [ -71.3635591, 41.5424038 ], [ -71.3636082, 41.5423479 ], [ -71.363673, 41.5422741 ], [ -71.3638472, 41.5421133 ], [ -71.3638916, 41.5420845 ], [ -71.3639841, 41.5420245 ], [ -71.3641149, 41.5419795 ], [ -71.3642979, 41.5418037 ], [ -71.364329, 41.5417556 ], [ -71.3646504, 41.5411969 ], [ -71.3646907, 41.5409533 ], [ -71.3648599, 41.5408284 ], [ -71.3650248, 41.5405183 ], [ -71.3649036, 41.5398167 ], [ -71.3648711, 41.5394736 ], [ -71.3648597, 41.5393535 ], [ -71.3648243, 41.5392282 ], [ -71.3646795, 41.5387151 ], [ -71.3647064, 41.5385917 ], [ -71.3645539, 41.5382748 ], [ -71.3646396, 41.5381387 ], [ -71.3646271, 41.5377537 ], [ -71.3644814, 41.5372918 ], [ -71.3640343, 41.5364913 ], [ -71.3640329, 41.5363065 ], [ -71.3637674, 41.535698 ], [ -71.3638451, 41.5354313 ], [ -71.3636709, 41.5351127 ], [ -71.3636672, 41.5351086 ], [ -71.3636634, 41.5350404 ], [ -71.3636464, 41.5350111 ], [ -71.3635981, 41.5349437 ], [ -71.3635775, 41.5349149 ], [ -71.3634268, 41.5346743 ], [ -71.3632848, 41.5344605 ], [ -71.3630956, 41.5342501 ], [ -71.3629408, 41.5341056 ], [ -71.3628502, 41.5340418 ], [ -71.3627676, 41.5339546 ], [ -71.3627169, 41.5338718 ], [ -71.3626899, 41.5337812 ], [ -71.3626739, 41.5336887 ], [ -71.3626737, 41.5336759 ], [ -71.3626722, 41.5335843 ], [ -71.3626809, 41.5335003 ], [ -71.3626849, 41.5334368 ], [ -71.3626634, 41.5332598 ], [ -71.3626401, 41.5331468 ], [ -71.3625887, 41.5328513 ], [ -71.3623537, 41.5323937 ], [ -71.3623295, 41.5319426 ], [ -71.3621042, 41.5315517 ], [ -71.3621582, 41.5311764 ], [ -71.3621527, 41.5311177 ], [ -71.3621063, 41.5309944 ] ] } },
{ "type": "Feature", "properties": { "RCID": 1209, "PRIM": 2, "GRUP": 2, "OBJL": 43, "RVER": 1, "AGEN": 550, "FIDN": 254686423, "FIDS": 8691, "LNAM": "02260F2E34D721F3", "VALDCO": 2.0, "SCAMIN": 44999 }, "geometry": { "type": "LineString", "coordinates": [ [ -71.3530378, 41.4808126 ], [ -71.3531717, 41.4807485 ], [ -71.3534052, 41.4808867 ], [ -71.3533674, 41.4809932 ], [ -71.3532273, 41.4810623 ], [ -71.3531089, 41.4810418 ], [ -71.3530345, 41.4809352 ], [ -71.3530378, 41.4808126 ] ] } },
{ "type": "Feature", "properties": { "RCID": 1210, "PRIM": 2, "GRUP": 2, "OBJL": 43, "RVER": 1, "AGEN": 550, "FIDN": 50729936, "FIDS": 8691, "LNAM": "0226030613D021F3", "VALDCO": 2.0, "SCAMIN": 44999 }, "geometry": { "type": "LineString", "coordinates": [ [ -71.3530304, 41.483924 ], [ -71.3520776, 41.4833708 ], [ -71.3519849, 41.4832021 ], [ -71.3521161, 41.4830759 ], [ -71.3521496, 41.4830706 ], [ -71.3525403, 41.4830086 ], [ -71.3523945, 41.4826375 ], [ -71.3525248, 41.482159 ], [ -71.3527919, 41.4818154 ], [ -71.3531495, 41.481674 ], [ -71.3537331, 41.4817021 ], [ -71.354074, 41.481402 ], [ -71.3542992, 41.481375 ], [ -71.3544192, 41.4814564 ], [ -71.3546109, 41.4818117 ], [ -71.3555139, 41.4821222 ], [ -71.3556314, 41.4822182 ], [ -71.355644, 41.482371 ], [ -71.3553759, 41.4826746 ], [ -71.3548638, 41.4827357 ], [ -71.3545678, 41.4829103 ], [ -71.35439, 41.4831609 ], [ -71.354215, 41.4836128 ], [ -71.3540596, 41.4837805 ], [ -71.3534868, 41.4839229 ], [ -71.3534365, 41.483923 ], [ -71.3530304, 41.483924 ] ] } },
{ "type": "Feature", "properties": { "RCID": 1211, "PRIM": 2, "GRUP": 2, "OBJL": 43, "RVER": 1, "AGEN": 550, "FIDN": 777881674, "FIDS": 8691, "LNAM": "02262E5D884A21F3", "VALDCO": 0.0, "SCAMIN": 89999 }, "geometry": { "type": "LineString", "coordinates": [ [ -71.3454081, 41.5315189 ], [ -71.3454909, 41.5314614 ], [ -71.3455023, 41.5312849 ], [ -71.3454538, 41.5310232 ], [ -71.345398, 41.5306506 ], [ -71.3454046, 41.5304828 ], [ -71.3454703, 41.5303594 ], [ -71.3455852, 41.5301991 ], [ -71.3455918, 41.5301176 ], [ -71.3455556, 41.5300239 ], [ -71.3455551, 41.5300228 ] ] } },
{ "type": "Feature", "properties": { "RCID": 1212, "PRIM": 2, "GRUP": 2, "OBJL": 43, "RVER": 1, "AGEN": 550, "FIDN": 274500187, "FIDS": 8691, "LNAM": "0226105C8A5B21F3", "VALDCO": 5.0, "SCAMIN": 44999 }, "geometry": { "type": "LineString", "coordinates": [ [ -71.3377208, 41.5032461 ], [ -71.3376495, 41.5028427 ], [ -71.3374999, 41.5026654 ], [ -71.3374892, 41.5025225 ], [ -71.3375861, 41.5023493 ], [ -71.3379205, 41.5020892 ], [ -71.3380133, 41.501386 ], [ -71.3377733, 41.5007998 ], [ -71.3376544, 41.5001735 ], [ -71.3374749, 41.4999084 ], [ -71.3366766, 41.4991194 ], [ -71.3365057, 41.4985502 ], [ -71.3359914, 41.4975615 ], [ -71.3359474, 41.4972202 ], [ -71.336126, 41.4969694 ], [ -71.3366051, 41.4966296 ], [ -71.3370171, 41.4961311 ], [ -71.3374016, 41.4952231 ], [ -71.337612, 41.4951218 ], [ -71.3383085, 41.4949924 ], [ -71.3387676, 41.4947926 ], [ -71.3395267, 41.4936921 ], [ -71.3399276, 41.4935242 ], [ -71.3401916, 41.4935813 ], [ -71.3407595, 41.4938933 ], [ -71.3415301, 41.4939715 ], [ -71.3423395, 41.4945076 ], [ -71.3433425, 41.4948988 ], [ -71.343503, 41.4950325 ], [ -71.3435726, 41.495664 ], [ -71.3434994, 41.4968953 ], [ -71.3433128, 41.4976129 ], [ -71.3432785, 41.4993513 ], [ -71.343202, 41.4998498 ], [ -71.3427716, 41.5013244 ], [ -71.342294, 41.5020149 ], [ -71.3414748, 41.5029453 ], [ -71.3411781, 41.5030695 ], [ -71.3400648, 41.5032281 ], [ -71.3398869, 41.5031574 ], [ -71.3396801, 41.5028555 ], [ -71.3394723, 41.5027518 ], [ -71.3393281, 41.5027643 ], [ -71.3389742, 41.5029786 ], [ -71.338621, 41.5028493 ], [ -71.3382384, 41.5031517 ], [ -71.3381598, 41.5034626 ], [ -71.3379213, 41.5039184 ], [ -71.3377853, 41.5040276 ], [ -71.3375712, 41.5040408 ], [ -71.3374168, 41.5039376 ], [ -71.3373594, 41.5037881 ], [ -71.3374042, 41.5035737 ], [ -71.3377208, 41.5032461 ] ] } },
{ "type": "Feature", "properties": { "RCID": 1213, "PRIM": 2, "GRUP": 2, "OBJL": 43, "RVER": 1, "AGEN": 550, "FIDN": 112273507, "FIDS": 8691, "LNAM": "022606B1286321F3", "VALDCO": 5.0, "SCAMIN": 44999 }, "geometry": { "type": "LineString", "coordinates": [ [ -71.3334148, 41.5166249 ], [ -71.3336229, 41.5164903 ], [ -71.3337615, 41.5165297 ], [ -71.3339021, 41.5167217 ], [ -71.333902, 41.516955 ], [ -71.3336656, 41.5172974 ], [ -71.3335205, 41.517402 ], [ -71.3333425, 41.5174198 ], [ -71.3332141, 41.5173212 ], [ -71.3332086, 41.5170838 ], [ -71.3334148, 41.5166249 ] ] } },
{ "type": "Feature", "properties": { "RCID": 1214, "PRIM": 2, "GRUP": 2, "OBJL": 43, "RVER": 1, "AGEN": 550, "FIDN": 910076588, "FIDS": 8691, "LNAM": "0226363EAAAC21F3", "VALDCO": 20.0, "SCAMIN": 44999 }, "geometry": { "type": "LineString", "coordinates": [ [ -71.3318649, 41.5449122 ], [ -71.3325193, 41.5447575 ], [ -71.3330665, 41.5449062 ], [ -71.3330487, 41.5453702 ], [ -71.3325728, 41.5454714 ], [ -71.3319898, 41.5454773 ], [ -71.3318649, 41.5449122 ] ] } },
{ "type": "Feature", "properties": { "RCID": 1215, "PRIM": 2, "GRUP": 2, "OBJL": 43, "RVER": 1, "AGEN": 550, "FIDN": 54730521, "FIDS": 8691, "LNAM": "022603431F1921F3", "VALDCO": 5.0, "SCAMIN": 44999 }, "geometry": { "type": "LineString", "coordinates": [ [ -71.3311142, 41.475 ], [ -71.3312845, 41.4751741 ], [ -71.3314034, 41.4756265 ], [ -71.3310798, 41.4758074 ], [ -71.3305943, 41.4757312 ], [ -71.3304992, 41.4754742 ], [ -71.3306134, 41.4752934 ], [ -71.3310246, 41.47514 ], [ -71.3309524, 41.475 ] ] } },
{ "type": "Feature", "properties": { "RCID": 1216, "PRIM": 2, "GRUP": 2, "OBJL": 43, "RVER": 1, "AGEN": 550, "FIDN": 59475477, "FIDS": 8691, "LNAM": "0226038B861521F3", "VALDCO": 2.0, "SCAMIN": 44999 }, "geometry": { "type": "LineString", "coordinates": [ [ -71.3288143, 41.5224828 ], [ -71.3293341, 41.5222826 ], [ -71.3294797, 41.5223283 ], [ -71.3294749, 41.5224362 ], [ -71.3289277, 41.5228302 ], [ -71.3287122, 41.5228024 ], [ -71.3286844, 41.5226436 ], [ -71.3288143, 41.5224828 ] ] } },
{ "type": "Feature", "properties": { "RCID": 1217, "PRIM": 2, "GRUP": 2, "OBJL": 43, "RVER": 1, "AGEN": 550, "FIDN": 332339025, "FIDS": 8691, "LNAM": "022613CF175121F3", "VALDCO": 2.0, "SCAMIN": 44999 }, "geometry": { "type": "LineString", "coordinates": [ [ -71.3253301, 41.487892 ], [ -71.3252773, 41.4876903 ], [ -71.3253413, 41.4875163 ], [ -71.3260261, 41.4871163 ], [ -71.3263162, 41.4867428 ], [ -71.326476, 41.4863939 ], [ -71.3264099, 41.4860475 ], [ -71.326056, 41.4856465 ], [ -71.32596, 41.4851986 ], [ -71.3262482, 41.482813 ], [ -71.3265031, 41.4826196 ], [ -71.3272517, 41.482445 ], [ -71.3280244, 41.4824185 ], [ -71.3284187, 41.4825206 ], [ -71.328598, 41.4827278 ], [ -71.3288549, 41.4833069 ], [ -71.3290538, 41.4839763 ], [ -71.3291701, 41.4847553 ], [ -71.3291241, 41.4853923 ], [ -71.3291875, 41.4873973 ], [ -71.3289894, 41.488261 ], [ -71.3288977, 41.4895236 ], [ -71.3287573, 41.4900852 ], [ -71.3288503, 41.4914805 ], [ -71.3285763, 41.4922305 ], [ -71.3280019, 41.4930087 ], [ -71.327621, 41.4933196 ], [ -71.3271534, 41.4933755 ] ] } },
{ "type": "Feature", "properties": { "RCID": 1218, "PRIM": 2, "GRUP": 2, "OBJL": 43, "RVER": 1, "AGEN": 550, "FIDN": 756503923, "FIDS": 8691, "LNAM": "02262D17557321F3", "VALDCO": 10.0, "SCAMIN": 44999 }, "geometry": { "type": "LineString", "coordinates": [ [ -71.325, 41.532101 ], [ -71.3251312, 41.5323143 ], [ -71.3251521, 41.5325484 ], [ -71.325, 41.5328019 ] ] } },
{ "type": "Feature", "properties": { "RCID": 1219, "PRIM": 2, "GRUP": 2, "OBJL": 43, "RVER": 1, "AGEN": 550, "FIDN": 364185511, "FIDS": 8691, "LNAM": "022615B507A721F3", "VALDCO": 15.0, "SCAMIN": 44999 }, "geometry": { "type": "LineString", "coordinates": [ [ -71.325, 41.5320139 ], [ -71.3252681, 41.53222 ], [ -71.3253077, 41.5327685 ], [ -71.3252513, 41.5330555 ], [ -71.325, 41.5333487 ] ] } },
{ "type": "Feature", "properties": { "RCID": 1220, "PRIM": 2, "GRUP": 2, "OBJL": 43, "RVER": 1, "AGEN": 550, "FIDN": 212875281, "FIDS": 8691, "LNAM": "02260CB0381121F3", "VALDCO": 10.0, "SCAMIN": 44999 }, "geometry": { "type": "LineString", "coordinates": [ [ -71.4, 41.5443037 ], [ -71.3996776, 41.5436764 ], [ -71.3995181, 41.5433161 ], [ -71.3998585, 41.542282 ], [ -71.399842, 41.5415251 ], [ -71.3998895, 41.5413881 ], [ -71.4, 41.5411419 ] ] } },
{ "type": "Feature", "properties": { "RCID": 1221, "PRIM": 2, "GRUP": 2, "OBJL": 43, "RVER": 1, "AGEN": 550, "FIDN": 496066409, "FIDS": 8691, "LNAM": "02261D915F6921F3", "VALDCO": 5.0, "SCAMIN": 44999 }, "geometry": { "type": "LineString", "coordinates": [ [ -71.3983767, 41.475 ], [ -71.3984047, 41.4753855 ], [ -71.3982622, 41.4768447 ], [ -71.3978778, 41.4780702 ], [ -71.3978501, 41.4785365 ], [ -71.398194, 41.4795159 ], [ -71.3984343, 41.4812916 ], [ -71.398734, 41.4821265 ], [ -71.3988887, 41.4830816 ], [ -71.3990875, 41.4835843 ], [ -71.3997041, 41.4847091 ], [ -71.3997189, 41.4852352 ], [ -71.4, 41.4861017 ] ] } },
{ "type": "Feature", "properties": { "RCID": 1222, "PRIM": 2, "GRUP": 2, "OBJL": 43, "RVER": 1, "AGEN": 550, "FIDN": 983497623, "FIDS": 8691, "LNAM": "02263A9EFB9721F3", "VALDCO": 20.0, "SCAMIN": 44999 }, "geometry": { "type": "LineString", "coordinates": [ [ -71.4, 41.515277 ], [ -71.3992765, 41.5154361 ], [ -71.3988509, 41.5157941 ], [ -71.3984535, 41.5163207 ], [ -71.3980025, 41.5174536 ], [ -71.3977103, 41.5189724 ], [ -71.3977033, 41.5213446 ], [ -71.397885, 41.523049 ], [ -71.3982036, 41.5242829 ], [ -71.3981581, 41.524759 ], [ -71.3979782, 41.525266 ], [ -71.3974368, 41.5259142 ], [ -71.3974536, 41.5263061 ], [ -71.3970124, 41.5266118 ], [ -71.3970528, 41.526926 ], [ -71.3970024, 41.527077 ], [ -71.3963099, 41.5275643 ], [ -71.3963781, 41.5282838 ], [ -71.3968639, 41.5275804 ], [ -71.3978319, 41.5265753 ], [ -71.397887, 41.5262019 ], [ -71.3982638, 41.5258004 ], [ -71.3987139, 41.5250875 ], [ -71.3992662, 41.5239317 ], [ -71.3996335, 41.5237758 ], [ -71.4, 41.5239211 ] ] } },
{ "type": "Feature", "properties": { "RCID": 1223, "PRIM": 2, "GRUP": 2, "OBJL": 43, "RVER": 1, "AGEN": 550, "FIDN": 68067404, "FIDS": 8691, "LNAM": "0226040EA04C21F3", "VALDCO": 20.0, "SCAMIN": 44999 }, "geometry": { "type": "LineString", "coordinates": [ [ -71.3960045, 41.5312141 ], [ -71.3953636, 41.5320274 ], [ -71.3956033, 41.532388 ], [ -71.3954401, 41.5329735 ], [ -71.3957961, 41.5339905 ], [ -71.3958592, 41.5344976 ], [ -71.3955314, 41.5362842 ], [ -71.3955418, 41.5369109 ], [ -71.3957015, 41.5375045 ], [ -71.3958632, 41.5376879 ], [ -71.3960285, 41.5377458 ], [ -71.3962591, 41.5376579 ], [ -71.3964194, 41.5373825 ], [ -71.3964603, 41.5370538 ], [ -71.3963909, 41.5358577 ], [ -71.3969521, 41.534814 ], [ -71.3970725, 41.5343902 ], [ -71.3969259, 41.5331383 ], [ -71.3969959, 41.532377 ], [ -71.3971425, 41.5318216 ], [ -71.3971283, 41.5315047 ], [ -71.3966098, 41.5301949 ], [ -71.3962869, 41.5291291 ], [ -71.3960045, 41.5312141 ] ] } },
{ "type": "Feature", "properties": { "RCID": 1224, "PRIM": 2, "GRUP": 2, "OBJL": 43, "RVER": 1, "AGEN": 550, "FIDN": 359588103, "FIDS": 8691, "LNAM": "0226156EE10721F3", "VALDCO": 0.0, "SCAMIN": 89999 }, "geometry": { "type": "LineString", "coordinates": [ [ -71.377451, 41.4766013 ], [ -71.3774637, 41.4765681 ], [ -71.3774691, 41.476564 ], [ -71.3775577, 41.4764975 ], [ -71.3775831, 41.4764774 ], [ -71.3776243, 41.4764821 ], [ -71.3776471, 41.4764957 ], [ -71.3776667, 41.4765205 ], [ -71.3776749, 41.47654 ], [ -71.3776759, 41.476568 ], [ -71.377673, 41.4765905 ], [ -71.3776669, 41.4766271 ], [ -71.3776532, 41.476661 ], [ -71.3776283, 41.4766952 ], [ -71.3776174, 41.4767752 ], [ -71.3776056, 41.4768612 ], [ -71.3775661, 41.4769108 ], [ -71.3775536, 41.4769193 ], [ -71.37753, 41.4769148 ], [ -71.3775226, 41.4769034 ], [ -71.3775206, 41.4768598 ], [ -71.3775051, 41.4767677 ], [ -71.377481, 41.4766986 ], [ -71.3774783, 41.476691 ], [ -71.3774605, 41.4766394 ], [ -71.377451, 41.4766013 ] ] } },
{ "type": "Feature", "properties": { "RCID": 1225, "PRIM": 2, "GRUP": 2, "OBJL": 43, "RVER": 1, "AGEN": 550, "FIDN": 731897374, "FIDS": 8691, "LNAM": "02262B9FDE1E21F3", "VALDCO": 0.0, "SCAMIN": 89999 }, "geometry": { "type": "LineString", "coordinates": [ [ -71.3693873, 41.4776056 ], [ -71.3693107, 41.4774474 ], [ -71.3695273, 41.4775579 ], [ -71.3695146, 41.4776198 ], [ -71.3693873, 41.4776056 ] ] } },
{ "type": "Feature", "properties": { "RCID": 1226, "PRIM": 2, "GRUP": 2, "OBJL": 43, "RVER": 1, "AGEN": 550, "FIDN": 6317662, "FIDS": 8691, "LNAM": "02260060665E21F3", "VALDCO": 0.0, "SCAMIN": 89999 }, "geometry": { "type": "LineString", "coordinates": [ [ -71.365836, 41.4768859 ], [ -71.3655088, 41.4767713 ], [ -71.3653787, 41.4768862 ], [ -71.3651366, 41.476944 ] ] } },
{ "type": "Feature", "properties": { "RCID": 1227, "PRIM": 2, "GRUP": 2, "OBJL": 43, "RVER": 1, "AGEN": 550, "FIDN": 978831332, "FIDS": 2004, "LNAM": "02263A57C7E407D4", "VALDCO": 15.0, "SCAMIN": 44999 }, "geometry": { "type": "LineString", "coordinates": [ [ -71.3577223, 41.55 ], [ -71.3576995, 41.5498187 ], [ -71.3576648, 41.5495428 ], [ -71.3576792, 41.5489144 ], [ -71.3579496, 41.5473748 ], [ -71.3582152, 41.5465878 ], [ -71.3591579, 41.5446017 ], [ -71.3594109, 41.5437112 ], [ -71.3596105, 41.5426414 ], [ -71.3596499, 41.54243 ], [ -71.3596678, 41.5423344 ], [ -71.3597151, 41.5417643 ], [ -71.3598195, 41.5405053 ], [ -71.3600017, 41.5397156 ], [ -71.3605821, 41.5378777 ], [ -71.3607448, 41.5366326 ], [ -71.360816, 41.5360883 ], [ -71.3609971, 41.5353698 ], [ -71.360888, 41.5347968 ], [ -71.3607438, 41.5345758 ], [ -71.3608672, 41.5343656 ], [ -71.3608692, 41.5341367 ], [ -71.3602382, 41.5325178 ], [ -71.3593409, 41.5295383 ], [ -71.3587377, 41.5260241 ], [ -71.3582795, 41.522189 ], [ -71.3584281, 41.5212676 ], [ -71.3584455, 41.5210084 ], [ -71.3585291, 41.5197637 ], [ -71.3585071, 41.5184725 ], [ -71.3583405, 41.5178331 ], [ -71.3581599, 41.5166302 ], [ -71.357746, 41.5155921 ], [ -71.3575825, 41.515182 ], [ -71.3569384, 41.5145356 ], [ -71.3569406, 41.5144177 ], [ -71.3570668, 41.5141851 ], [ -71.3572853, 41.5137826 ], [ -71.3573033, 41.5132832 ], [ -71.3571839, 41.5130292 ], [ -71.3562413, 41.5117534 ], [ -71.3558919, 41.5104107 ], [ -71.3556318, 41.5101748 ], [ -71.3556952, 41.5100265 ], [ -71.3556427, 41.5098156 ], [ -71.3559003, 41.5094823 ], [ -71.3559886, 41.5092371 ], [ -71.3560259, 41.5080645 ], [ -71.3560639, 41.5076267 ], [ -71.3561339, 41.5074248 ], [ -71.3562989, 41.5071064 ], [ -71.3559403, 41.5067758 ], [ -71.3559293, 41.5067073 ], [ -71.3559074, 41.5065702 ], [ -71.3559481, 41.5065529 ], [ -71.3564075, 41.5063568 ], [ -71.3565858, 41.5061505 ], [ -71.3566105, 41.5058484 ], [ -71.3565935, 41.5057767 ], [ -71.3564229, 41.5050568 ], [ -71.3564378, 41.5048153 ], [ -71.3564492, 41.5046305 ], [ -71.3569013, 41.5031532 ], [ -71.3572091, 41.5023835 ], [ -71.358579, 41.5003084 ], [ -71.3603454, 41.4986027 ], [ -71.3606074, 41.4982572 ], [ -71.3610299, 41.4976999 ], [ -71.3613158, 41.4968455 ], [ -71.3613634, 41.4960431 ], [ -71.3616709, 41.4954865 ], [ -71.3617129, 41.4954105 ], [ -71.361743, 41.4950756 ], [ -71.3616492, 41.4947374 ], [ -71.3612901, 41.4940724 ], [ -71.3607988, 41.4924988 ], [ -71.3603153, 41.4917057 ], [ -71.3599124, 41.4908155 ], [ -71.3598578, 41.4907442 ], [ -71.3589386, 41.4895436 ], [ -71.3587053, 41.4890572 ], [ -71.3584216, 41.4884658 ], [ -71.3577701, 41.4877964 ], [ -71.3573627, 41.4875448 ], [ -71.3573041, 41.4875215 ], [ -71.35668, 41.4872728 ], [ -71.3558328, 41.4871117 ], [ -71.3556115, 41.4867754 ], [ -71.3552999, 41.4864794 ], [ -71.3552086, 41.4861359 ], [ -71.3548616, 41.4858783 ], [ -71.3546141, 41.4854922 ], [ -71.3540706, 41.4852754 ], [ -71.3536567, 41.4849002 ], [ -71.3529747, 41.4846754 ], [ -71.3525367, 41.4842486 ], [ -71.351901, 41.4838483 ], [ -71.3516413, 41.4836847 ], [ -71.3513971, 41.4833694 ], [ -71.3513763, 41.483136 ], [ -71.3518049, 41.4819617 ], [ -71.3520205, 41.4816731 ], [ -71.3525778, 41.4812639 ], [ -71.3527061, 41.4801654 ], [ -71.3529387, 41.4801644 ], [ -71.353687, 41.4806408 ], [ -71.3538913, 41.4805944 ], [ -71.3542011, 41.480193 ], [ -71.3542588, 41.479855 ], [ -71.3540047, 41.4790824 ], [ -71.3540731, 41.4789117 ], [ -71.3543984, 41.4785609 ], [ -71.3561647, 41.4774214 ], [ -71.3564548, 41.47743 ], [ -71.3566702, 41.4776916 ], [ -71.3569538, 41.4776358 ], [ -71.3570751, 41.4774674 ], [ -71.3570196, 41.477111 ], [ -71.3571531, 41.4769977 ], [ -71.3590766, 41.476609 ], [ -71.3596153, 41.4767602 ], [ -71.3600415, 41.4771075 ], [ -71.3603756, 41.4771389 ], [ -71.3606367, 41.4770374 ], [ -71.3611344, 41.4765869 ], [ -71.3617754, 41.4763137 ], [ -71.3622544, 41.4762286 ], [ -71.3624402, 41.4762746 ], [ -71.362642, 41.4765217 ], [ -71.3628094, 41.4765794 ], [ -71.3634996, 41.4763107 ], [ -71.3638945, 41.4762606 ], [ -71.3659488, 41.4765176 ], [ -71.3674423, 41.4765661 ], [ -71.3679168, 41.4763908 ], [ -71.3685361, 41.4759452 ], [ -71.3687148, 41.4756659 ], [ -71.3688714, 41.4751622 ], [ -71.3688739, 41.475 ] ] } },
{ "type": "Feature", "properties": { "RCID": 1228, "PRIM": 2, "GRUP": 2, "OBJL": 43, "RVER": 1, "AGEN": 550, "FIDN": 733484597, "FIDS": 8691, "LNAM": "02262BB8163521F3", "VALDCO": 30.0, "SCAMIN": 89999 }, "geometry": { "type": "LineString", "coordinates": [ [ -71.3451516, 41.5120473 ], [ -71.3457084, 41.5119855 ], [ -71.3461986, 41.5120759 ], [ -71.3462218, 41.5121868 ], [ -71.3464694, 41.5133737 ], [ -71.345965, 41.5134832 ], [ -71.3454115, 41.5134217 ], [ -71.3452369, 41.5134023 ], [ -71.3451516, 41.5120473 ] ] } },
{ "type": "Feature", "properties": { "RCID": 1229, "PRIM": 2, "GRUP": 2, "OBJL": 43, "RVER": 1, "AGEN": 550, "FIDN": 578449575, "FIDS": 8691, "LNAM": "0226227A70A721F3", "VALDCO": 2.0, "SCAMIN": 44999 }, "geometry": { "type": "LineString", "coordinates": [ [ -71.3326663, 41.5028804 ], [ -71.3324236, 41.5026264 ], [ -71.3323568, 41.5023991 ], [ -71.3323045, 41.5016926 ], [ -71.3323964, 41.5014493 ], [ -71.3326789, 41.501097 ], [ -71.3324777, 41.5005542 ], [ -71.3326308, 41.5003723 ], [ -71.3329154, 41.5002909 ], [ -71.333161, 41.5004179 ], [ -71.3331473, 41.5009721 ], [ -71.3334027, 41.5014068 ], [ -71.3334836, 41.5026369 ], [ -71.3334084, 41.5030083 ], [ -71.333241, 41.5030908 ], [ -71.3330019, 41.5030602 ], [ -71.3326663, 41.5028804 ] ] } },
{ "type": "Feature", "properties": { "RCID": 1230, "PRIM": 2, "GRUP": 2, "OBJL": 43, "RVER": 1, "AGEN": 550, "FIDN": 344786385, "FIDS": 8691, "LNAM": "0226148D05D121F3", "VALDCO": 5.0, "SCAMIN": 44999 }, "geometry": { "type": "LineString", "coordinates": [ [ -71.3262575, 41.4924829 ], [ -71.3262633, 41.4922747 ], [ -71.3262886, 41.4918993 ], [ -71.3262887, 41.4918852 ] ] } }
]
}
