{
"type": "FeatureCollection",
"name": "SLCONS",
"crs": { "type": "name", "properties": { "name": "urn:ogc:def:crs:OGC:1.3:CRS84" } },
"features": [
{ "type": "Feature", "properties": { "RCID": 71, "PRIM": 3, "GRUP": 2, "OBJL": 122, "RVER": 1, "AGEN": 550, "FIDN": 247521837, "FIDS": 8691, "LNAM": "02260EC0E22D21F3", "CATSLC": 4, "WATLEV": 4, "SORDAT": "20050620", "SORIND": "US,US,graph,GC-10585" }, "geometry": { "type": "Polygon", "coordinates": [ [ [ -71.3446931, 41.5291164 ], [ -71.3446408, 41.5292853 ], [ -71.3444416, 41.5292219 ], [ -71.344503, 41.5290783 ], [ -71.3445049, 41.5290764 ], [ -71.3446198, 41.5290764 ], [ -71.3446855, 41.529101 ], [ -71.3446876, 41.5291054 ], [ -71.3446931, 41.5291164 ] ] ] } },
{ "type": "Feature", "properties": { "RCID": 72, "PRIM": 3, "GRUP": 2, "OBJL": 122, "RVER": 1, "AGEN": 550, "FIDN": 407788464, "FIDS": 8691, "LNAM": "0226184E5BB021F3", "CATSLC": 4, "CONDTN": 2, "WATLEV": 3, "SORDAT": "20050620", "SORIND": "US,US,graph,GC-10585" }, "geometry": { "type": "Polygon", "coordinates": [ [ [ -71.3427082, 41.530452 ], [ -71.342639, 41.5304471 ], [ -71.3424942, 41.530444 ], [ -71.3425302, 41.5302494 ], [ -71.3425391, 41.5301654 ], [ -71.3424395, 41.5301588 ], [ -71.3423967, 41.5304633 ], [ -71.342405, 41.5305866 ], [ -71.3424156, 41.5306296 ], [ -71.3424619, 41.530628 ], [ -71.3424972, 41.5306284 ], [ -71.3425052, 41.5305351 ], [ -71.342704, 41.5305388 ], [ -71.342707, 41.5305145 ], [ -71.3427099, 41.5304902 ], [ -71.342717, 41.5304786 ], [ -71.342703, 41.5304723 ], [ -71.3427082, 41.530452 ] ] ] } },
{ "type": "Feature", "properties": { "RCID": 73, "PRIM": 3, "GRUP": 2, "OBJL": 122, "RVER": 1, "AGEN": 550, "FIDN": 410803291, "FIDS": 8691, "LNAM": "0226187C5C5B21F3", "CATSLC": 4, "WATLEV": 3, "SORDAT": "201701", "SORIND": "US,US,graph,Chart 13223" }, "geometry": { "type": "Polygon", "coordinates": [ [ [ -71.3353186, 41.4794297 ], [ -71.3353129, 41.479401 ], [ -71.3352963, 41.4794038 ], [ -71.3352873, 41.4794053 ], [ -71.3351674, 41.4794251 ], [ -71.3345047, 41.4795346 ], [ -71.3343981, 41.4795535 ], [ -71.3344211, 41.4796314 ], [ -71.3344245, 41.4796427 ], [ -71.3344451, 41.479639 ], [ -71.3348748, 41.4795607 ], [ -71.3351455, 41.4795112 ], [ -71.3352218, 41.4794976 ], [ -71.3353284, 41.4794712 ], [ -71.3354065, 41.4794461 ], [ -71.3353186, 41.4794297 ] ] ] } },
{ "type": "Feature", "properties": { "RCID": 74, "PRIM": 3, "GRUP": 2, "OBJL": 122, "RVER": 1, "AGEN": 550, "FIDN": 365674984, "FIDS": 8691, "LNAM": "022615CBC1E821F3", "CATSLC": 4, "WATLEV": 3, "SORDAT": "200504", "SORIND": "US,US,graph,Chart 13223" }, "geometry": { "type": "Polygon", "coordinates": [ [ [ -71.3667142, 41.4970714 ], [ -71.3665966, 41.4970655 ], [ -71.3661649, 41.497044 ], [ -71.3661649, 41.4971385 ], [ -71.3666027, 41.4971614 ], [ -71.3667129, 41.4971672 ], [ -71.3667142, 41.4970714 ] ] ] } },
{ "type": "Feature", "properties": { "RCID": 75, "PRIM": 3, "GRUP": 2, "OBJL": 122, "RVER": 1, "AGEN": 550, "FIDN": 82849805, "FIDS": 8691, "LNAM": "022604F0300D21F3", "CATSLC": 4, "WATLEV": 3, "SORDAT": "200504", "SORIND": "US,US,graph,Chart 13223" }, "geometry": { "type": "Polygon", "coordinates": [ [ [ -71.365269, 41.4960076 ], [ -71.3653828, 41.4960058 ], [ -71.3654199, 41.4960058 ], [ -71.3654285, 41.4961322 ], [ -71.3654444, 41.4963678 ], [ -71.365445, 41.4964073 ], [ -71.3654471, 41.4964075 ], [ -71.3654534, 41.4965001 ], [ -71.3653588, 41.4965001 ], [ -71.3652942, 41.4965008 ], [ -71.3652747, 41.4961061 ], [ -71.365269, 41.4960076 ] ] ] } },
{ "type": "Feature", "properties": { "RCID": 76, "PRIM": 3, "GRUP": 2, "OBJL": 122, "RVER": 1, "AGEN": 550, "FIDN": 325039090, "FIDS": 8691, "LNAM": "0226135FB3F221F3", "CATSLC": 4, "CONDTN": 2, "WATLEV": 3, "SORDAT": "20050620", "SORIND": "US,US,graph,GC-10585" }, "geometry": { "type": "Polygon", "coordinates": [ [ [ -71.3454416, 41.539355 ], [ -71.3453479, 41.5393629 ], [ -71.3453475, 41.5393599 ], [ -71.3453417, 41.5393192 ], [ -71.3452166, 41.5393239 ], [ -71.3450153, 41.5393304 ], [ -71.3447044, 41.5391633 ], [ -71.3442513, 41.5389156 ], [ -71.34421, 41.5389486 ], [ -71.3448051, 41.5392708 ], [ -71.3447779, 41.5392991 ], [ -71.345046, 41.5394227 ], [ -71.3454398, 41.5394 ], [ -71.345444, 41.5393998 ], [ -71.3454436, 41.5393928 ], [ -71.3454416, 41.539355 ] ] ] } },
{ "type": "Feature", "properties": { "RCID": 77, "PRIM": 3, "GRUP": 2, "OBJL": 122, "RVER": 1, "AGEN": 550, "FIDN": 93747525, "FIDS": 8691, "LNAM": "02260596794521F3", "CATSLC": 4, "CONDTN": 2, "WATLEV": 3, "SORDAT": "200504", "SORIND": "US,US,graph,Chart 13223" }, "geometry": { "type": "Polygon", "coordinates": [ [ [ -71.3366486, 41.4808364 ], [ -71.336625, 41.4807489 ], [ -71.3365457, 41.4807558 ], [ -71.3360513, 41.4807743 ], [ -71.3359052, 41.4807865 ], [ -71.3358606, 41.4807887 ], [ -71.3358868, 41.4808796 ], [ -71.3359426, 41.480872 ], [ -71.3360611, 41.480861 ], [ -71.3365697, 41.4808391 ], [ -71.3366486, 41.4808364 ] ] ] } },
{ "type": "Feature", "properties": { "RCID": 78, "PRIM": 3, "GRUP": 2, "OBJL": 122, "RVER": 1, "AGEN": 550, "FIDN": 702311564, "FIDS": 8691, "LNAM": "022629DC6C8C21F3", "WATLEV": 3, "SORDAT": "201306", "SORIND": "US,US,graph,Chart 13223" }, "geometry": { "type": "Polygon", "coordinates": [ [ [ -71.3605944, 41.4864684 ], [ -71.3605501, 41.4864439 ], [ -71.3604751, 41.4864026 ], [ -71.3604639, 41.4862204 ], [ -71.3602817, 41.4861049 ], [ -71.3600703, 41.4860883 ], [ -71.3599944, 41.4862522 ], [ -71.359925, 41.4864325 ], [ -71.3598316, 41.4865585 ], [ -71.3597981, 41.4866099 ], [ -71.3597765, 41.4866594 ], [ -71.3597646, 41.4867288 ], [ -71.3597538, 41.4868548 ], [ -71.3597562, 41.4868773 ], [ -71.359767, 41.4869008 ], [ -71.3598053, 41.4869485 ], [ -71.3598688, 41.4869962 ], [ -71.3600005, 41.4870674 ], [ -71.3600807, 41.4870917 ], [ -71.3601849, 41.4870935 ], [ -71.3602748, 41.4870854 ], [ -71.3604957, 41.4870379 ], [ -71.3605263, 41.4870313 ], [ -71.3610688, 41.4868864 ], [ -71.3611214, 41.4868564 ], [ -71.3612333, 41.4868207 ], [ -71.3609363, 41.4866569 ], [ -71.3607264, 41.4865412 ], [ -71.3605944, 41.4864684 ] ] ] } },
{ "type": "Feature", "properties": { "RCID": 79, "PRIM": 3, "GRUP": 2, "OBJL": 122, "RVER": 1, "AGEN": 550, "FIDN": 490437060, "FIDS": 8691, "LNAM": "02261D3B79C421F3", "CATSLC": 4, "WATLEV": 3, "SORDAT": "20140818", "SORIND": "US,US,graph,GC-11187, DD-29210(CEF)" }, "geometry": { "type": "Polygon", "coordinates": [ [ [ -71.3391861, 41.4953144 ], [ -71.3389753, 41.4951528 ], [ -71.338787, 41.4950105 ], [ -71.3387546, 41.4949861 ], [ -71.3386935, 41.4950298 ], [ -71.3387213, 41.4950514 ], [ -71.3388956, 41.4951871 ], [ -71.339081, 41.4953347 ], [ -71.3391018, 41.4953176 ], [ -71.3391861, 41.4953144 ] ] ] } },
{ "type": "Feature", "properties": { "RCID": 151, "PRIM": 2, "GRUP": 2, "OBJL": 122, "RVER": 1, "AGEN": 550, "FIDN": 699746568, "FIDS": 8691, "LNAM": "022629B5490821F3", "CATSLC": 10, "WATLEV": 2, "SORDAT": "20140818", "SORIND": "US,US,graph,GC-11187" }, "geometry": { "type": "LineString", "coordinates": [ [ -71.3656839, 41.4927123 ], [ -71.3655455, 41.4925327 ], [ -71.3654042, 41.492364 ], [ -71.3653386, 41.492318 ] ] } },
{ "type": "Feature", "properties": { "RCID": 152, "PRIM": 2, "GRUP": 2, "OBJL": 122, "RVER": 1, "AGEN": 550, "FIDN": 442052642, "FIDS": 8691, "LNAM": "02261A59302221F3", "CATSLC": 10, "WATLEV": 2, "SORDAT": "20140818", "SORIND": "US,US,graph,GC-11187" }, "geometry": { "type": "LineString", "coordinates": [ [ -71.3253327, 41.4883557 ], [ -71.3253139, 41.4882434 ], [ -71.3253244, 41.4880388 ] ] } },
{ "type": "Feature", "properties": { "RCID": 153, "PRIM": 2, "GRUP": 2, "OBJL": 122, "RVER": 1, "AGEN": 550, "FIDN": 430681289, "FIDS": 8691, "LNAM": "022619ABACC921F3", "CATSLC": 4, "WATLEV": 2, "SORDAT": "20140818", "SORIND": "US,US,graph,GC-11187" }, "geometry": { "type": "LineString", "coordinates": [ [ -71.3592556, 41.4824302 ], [ -71.359045, 41.4826524 ] ] } },
{ "type": "Feature", "properties": { "RCID": 154, "PRIM": 2, "GRUP": 2, "OBJL": 122, "RVER": 1, "AGEN": 550, "FIDN": 72734989, "FIDS": 8691, "LNAM": "02260455D90D21F3", "CATSLC": 4, "WATLEV": 2, "SORDAT": "20140818", "SORIND": "US,US,graph,GC-11187" }, "geometry": { "type": "LineString", "coordinates": [ [ -71.39237, 41.5221369 ], [ -71.3927216, 41.5221267 ] ] } },
{ "type": "Feature", "properties": { "RCID": 155, "PRIM": 2, "GRUP": 2, "OBJL": 122, "RVER": 1, "AGEN": 550, "FIDN": 992613569, "FIDS": 8691, "LNAM": "02263B2A14C121F3", "CATSLC": 8, "WATLEV": 2, "SORDAT": "20140818", "SORIND": "US,US,graph,GC-11187" }, "geometry": { "type": "LineString", "coordinates": [ [ -71.328285, 41.4923151 ], [ -71.3282285, 41.4924197 ], [ -71.328131, 41.4925597 ], [ -71.3278638, 41.4928466 ], [ -71.3277448, 41.4929798 ], [ -71.3276674, 41.4930501 ], [ -71.3275165, 41.4931375 ], [ -71.3273561, 41.4931964 ], [ -71.3272588, 41.4932225 ], [ -71.3271459, 41.493243 ] ] } },
{ "type": "Feature", "properties": { "RCID": 156, "PRIM": 2, "GRUP": 2, "OBJL": 122, "RVER": 1, "AGEN": 550, "FIDN": 658160877, "FIDS": 8691, "LNAM": "0226273ABCED21F3", "CATSLC": 8, "WATLEV": 2, "SORDAT": "20140818", "SORIND": "US,US,graph,GC-11187" }, "geometry": { "type": "LineString", "coordinates": [ [ -71.328275, 41.5051436 ], [ -71.3283693, 41.5050161 ], [ -71.3283859, 41.5049352 ], [ -71.3283779, 41.5048475 ], [ -71.328336, 41.5047758 ], [ -71.3282879, 41.5047054 ] ] } },
{ "type": "Feature", "properties": { "RCID": 157, "PRIM": 2, "GRUP": 2, "OBJL": 122, "RVER": 1, "AGEN": 550, "FIDN": 209482769, "FIDS": 8691, "LNAM": "02260C7C741121F3", "CATSLC": 10, "WATLEV": 2, "SORDAT": "20140818", "SORIND": "US,US,graph,GC-11187" }, "geometry": { "type": "LineString", "coordinates": [ [ -71.3867234, 41.5371827 ], [ -71.3868115, 41.5370603 ], [ -71.386931, 41.5368513 ] ] } },
{ "type": "Feature", "properties": { "RCID": 158, "PRIM": 2, "GRUP": 2, "OBJL": 122, "RVER": 1, "AGEN": 550, "FIDN": 255251394, "FIDS": 8691, "LNAM": "02260F36D3C221F3", "CATSLC": 8, "WATLEV": 2, "SORDAT": "20140818", "SORIND": "US,US,graph,GC-11187" }, "geometry": { "type": "LineString", "coordinates": [ [ -71.3617249, 41.5099016 ], [ -71.3619089, 41.5098673 ], [ -71.3620815, 41.5098462 ], [ -71.3621428, 41.5098443 ], [ -71.3622006, 41.5098425 ] ] } },
{ "type": "Feature", "properties": { "RCID": 159, "PRIM": 2, "GRUP": 2, "OBJL": 122, "RVER": 1, "AGEN": 550, "FIDN": 776939767, "FIDS": 8691, "LNAM": "02262E4F28F721F3", "CATSLC": 8, "WATLEV": 2, "SORDAT": "20140818", "SORIND": "US,US,graph,GC-11187" }, "geometry": { "type": "LineString", "coordinates": [ [ -71.3362121, 41.4803691 ], [ -71.3360906, 41.4802982 ], [ -71.3360194, 41.4801094 ], [ -71.3358589, 41.4796852 ], [ -71.335798, 41.47957 ], [ -71.335707, 41.4795044 ], [ -71.3355753, 41.4794653 ], [ -71.3354383, 41.4794521 ], [ -71.3354065, 41.4794461 ], [ -71.3353186, 41.4794297 ] ] } },
{ "type": "Feature", "properties": { "RCID": 160, "PRIM": 2, "GRUP": 2, "OBJL": 122, "RVER": 1, "AGEN": 550, "FIDN": 385749716, "FIDS": 8691, "LNAM": "022616FE12D421F3", "CATSLC": 10, "WATLEV": 2, "SORDAT": "20140818", "SORIND": "US,US,graph,GC-11187" }, "geometry": { "type": "LineString", "coordinates": [ [ -71.3373517, 41.4817851 ], [ -71.3367047, 41.4817905 ], [ -71.3367009, 41.4816632 ], [ -71.3366983, 41.4815794 ], [ -71.3369091, 41.4815726 ], [ -71.3373076, 41.481567 ], [ -71.3374576, 41.4812745 ], [ -71.3375927, 41.4810712 ] ] } },
{ "type": "Feature", "properties": { "RCID": 161, "PRIM": 2, "GRUP": 2, "OBJL": 122, "RVER": 1, "AGEN": 550, "FIDN": 221844597, "FIDS": 8691, "LNAM": "02260D39147521F3", "CATSLC": 10, "WATLEV": 2, "SORDAT": "20140818", "SORIND": "US,US,graph,GC-11187" }, "geometry": { "type": "LineString", "coordinates": [ [ -71.3852423, 41.4962051 ], [ -71.3852469, 41.4962039 ], [ -71.3855607, 41.496122 ], [ -71.385794, 41.4961226 ], [ -71.3858837, 41.49603 ], [ -71.3859706, 41.4959337 ], [ -71.3859157, 41.4958939 ], [ -71.3858614, 41.4958546 ] ] } },
{ "type": "Feature", "properties": { "RCID": 162, "PRIM": 2, "GRUP": 2, "OBJL": 122, "RVER": 1, "AGEN": 550, "FIDN": 11508164, "FIDS": 8691, "LNAM": "022600AF99C421F3", "CATSLC": 10, "WATLEV": 2, "SORDAT": "20140818", "SORIND": "US,US,graph,GC-11187" }, "geometry": { "type": "LineString", "coordinates": [ [ -71.3608924, 41.485364 ], [ -71.3608869, 41.4853842 ], [ -71.3608538, 41.4855055 ] ] } },
{ "type": "Feature", "properties": { "RCID": 163, "PRIM": 2, "GRUP": 2, "OBJL": 122, "RVER": 1, "AGEN": 550, "FIDN": 239875414, "FIDS": 8691, "LNAM": "02260E4C355621F3", "CATSLC": 8, "WATLEV": 2, "SORDAT": "20140818", "SORIND": "US,US,graph,GC-11187" }, "geometry": { "type": "LineString", "coordinates": [ [ -71.326958, 41.4932423 ], [ -71.3269416, 41.4931651 ], [ -71.3269333, 41.4930821 ], [ -71.3269243, 41.4929431 ], [ -71.3269241, 41.4929345 ], [ -71.3269223, 41.4928487 ], [ -71.3269432, 41.4926679 ], [ -71.3270063, 41.4925199 ], [ -71.3270907, 41.4924398 ] ] } },
{ "type": "Feature", "properties": { "RCID": 164, "PRIM": 2, "GRUP": 2, "OBJL": 122, "RVER": 1, "AGEN": 550, "FIDN": 734425760, "FIDS": 8691, "LNAM": "02262BC672A021F3", "CATSLC": 4, "WATLEV": 2, "SORDAT": "20050620", "SORIND": "US,US,graph,GC-10585" }, "geometry": { "type": "LineString", "coordinates": [ [ -71.3631171, 41.5433148 ], [ -71.3630084, 41.5432635 ], [ -71.3627552, 41.5431392 ] ] } },
{ "type": "Feature", "properties": { "RCID": 165, "PRIM": 2, "GRUP": 2, "OBJL": 122, "RVER": 1, "AGEN": 550, "FIDN": 881606102, "FIDS": 8691, "LNAM": "0226348C3DD621F3", "CATSLC": 4, "WATLEV": 2, "SORDAT": "20050620", "SORIND": "US,US,graph,GC-10585" }, "geometry": { "type": "LineString", "coordinates": [ [ -71.3607147, 41.5474394 ], [ -71.3605978, 41.5474278 ], [ -71.3604411, 41.547412 ] ] } },
{ "type": "Feature", "properties": { "RCID": 166, "PRIM": 2, "GRUP": 2, "OBJL": 122, "RVER": 1, "AGEN": 550, "FIDN": 343429703, "FIDS": 8691, "LNAM": "02261478524721F3", "CATSLC": 4, "WATLEV": 2, "SORDAT": "20050620", "SORIND": "US,US,graph,GC-10585" }, "geometry": { "type": "LineString", "coordinates": [ [ -71.3625072, 41.5323715 ], [ -71.3623537, 41.5323937 ], [ -71.3621205, 41.5324246 ] ] } },
{ "type": "Feature", "properties": { "RCID": 167, "PRIM": 2, "GRUP": 2, "OBJL": 122, "RVER": 1, "AGEN": 550, "FIDN": 574246738, "FIDS": 8691, "LNAM": "0226223A4F5221F3", "CATSLC": 4, "WATLEV": 2, "SORDAT": "20050620", "SORIND": "US,US,graph,GC-10585" }, "geometry": { "type": "LineString", "coordinates": [ [ -71.3645186, 41.5177917 ], [ -71.3643562, 41.5177721 ], [ -71.3642038, 41.5177615 ] ] } },
{ "type": "Feature", "properties": { "RCID": 168, "PRIM": 2, "GRUP": 2, "OBJL": 122, "RVER": 1, "AGEN": 550, "FIDN": 485605230, "FIDS": 8691, "LNAM": "02261CF1BF6E21F3", "CATSLC": 4, "WATLEV": 4, "SORDAT": "201306", "SORIND": "US,US,graph,Chart 13223" }, "geometry": { "type": "LineString", "coordinates": [ [ -71.3901941, 41.4928183 ], [ -71.3900356, 41.4926832 ] ] } },
{ "type": "Feature", "properties": { "RCID": 169, "PRIM": 2, "GRUP": 2, "OBJL": 122, "RVER": 1, "AGEN": 550, "FIDN": 338937074, "FIDS": 8691, "LNAM": "02261433C4F221F3", "CATSLC": 4, "WATLEV": 4, "SORDAT": "20050620", "SORIND": "US,US,graph,GC-10585" }, "geometry": { "type": "LineString", "coordinates": [ [ -71.3620206, 41.5246761 ], [ -71.3618037, 41.524704 ] ] } },
{ "type": "Feature", "properties": { "RCID": 170, "PRIM": 2, "GRUP": 2, "OBJL": 122, "RVER": 1, "AGEN": 550, "FIDN": 361323674, "FIDS": 8691, "LNAM": "022615895C9A21F3", "CATSLC": 4, "WATLEV": 2, "SORDAT": "20050620", "SORIND": "US,US,graph,GC-10585" }, "geometry": { "type": "LineString", "coordinates": [ [ -71.3622991, 41.531162 ], [ -71.3621582, 41.5311764 ], [ -71.3619825, 41.5311913 ], [ -71.3619267, 41.5311982 ], [ -71.3619205, 41.5312419 ] ] } },
{ "type": "Feature", "properties": { "RCID": 171, "PRIM": 2, "GRUP": 2, "OBJL": 122, "RVER": 1, "AGEN": 550, "FIDN": 763658381, "FIDS": 8691, "LNAM": "02262D84808D21F3", "CATSLC": 10, "WATLEV": 2, "SORDAT": "20050620", "SORIND": "US,US,graph,GC-10585" }, "geometry": { "type": "LineString", "coordinates": [ [ -71.3440579, 41.5370443 ], [ -71.344057, 41.5370734 ], [ -71.34458, 41.5377574 ], [ -71.3445832, 41.5377616 ], [ -71.344647, 41.537845 ], [ -71.3447483, 41.5379774 ], [ -71.3448545, 41.5379302 ], [ -71.3449035, 41.537987 ], [ -71.3450169, 41.5379428 ], [ -71.3453702, 41.5378052 ] ] } },
{ "type": "Feature", "properties": { "RCID": 172, "PRIM": 2, "GRUP": 2, "OBJL": 122, "RVER": 1, "AGEN": 550, "FIDN": 379596762, "FIDS": 8691, "LNAM": "022616A02FDA21F3", "CATSLC": 4, "CONDTN": 2, "WATLEV": 3, "SORDAT": "20140818", "SORIND": "US,US,graph,GC-11187, DD-29210(CEF)" }, "geometry": { "type": "LineString", "coordinates": [ [ -71.3347971, 41.4789693 ], [ -71.3347493, 41.4787312 ] ] } },
{ "type": "Feature", "properties": { "RCID": 173, "PRIM": 2, "GRUP": 2, "OBJL": 122, "RVER": 1, "AGEN": 550, "FIDN": 430301788, "FIDS": 8691, "LNAM": "022619A5E25C21F3", "CATSLC": 4, "CONDTN": 2, "WATLEV": 3, "SORDAT": "20140818", "SORIND": "US,US,graph,GC-11187, DD-29210(CEF)" }, "geometry": { "type": "LineString", "coordinates": [ [ -71.3346303, 41.4787485 ], [ -71.33467, 41.4789888 ] ] } },
{ "type": "Feature", "properties": { "RCID": 174, "PRIM": 2, "GRUP": 2, "OBJL": 122, "RVER": 1, "AGEN": 550, "FIDN": 125116036, "FIDS": 8691, "LNAM": "022607751E8421F3", "CATSLC": 4, "WATLEV": 3, "SORDAT": "200504", "SORIND": "US,US,graph,Chart 13223" }, "geometry": { "type": "LineString", "coordinates": [ [ -71.36623, 41.4937953 ], [ -71.3654599, 41.4938317 ], [ -71.3652545, 41.49372 ] ] } },
{ "type": "Feature", "properties": { "RCID": 175, "PRIM": 2, "GRUP": 2, "OBJL": 122, "RVER": 1, "AGEN": 550, "FIDN": 987544801, "FIDS": 8691, "LNAM": "02263ADCBCE121F3", "CATSLC": 4, "WATLEV": 3, "SORDAT": "200504", "SORIND": "US,US,graph,Chart 13223" }, "geometry": { "type": "LineString", "coordinates": [ [ -71.328342, 41.4896503 ], [ -71.3284683, 41.4896482 ], [ -71.3286278, 41.4896456 ] ] } },
{ "type": "Feature", "properties": { "RCID": 176, "PRIM": 2, "GRUP": 2, "OBJL": 122, "RVER": 1, "AGEN": 550, "FIDN": 438162009, "FIDS": 8691, "LNAM": "02261A1DD25921F3", "CATSLC": 4, "WATLEV": 2, "SORDAT": "20170531", "SORIND": "US,US,reprt,L-684-2017" }, "geometry": { "type": "LineString", "coordinates": [ [ -71.3269163, 41.4918058 ], [ -71.3269163, 41.4918109 ], [ -71.3269164, 41.4918368 ], [ -71.3268337, 41.4918362 ], [ -71.3266274, 41.491835 ], [ -71.3265915, 41.4918396 ], [ -71.3265091, 41.4918506 ], [ -71.326523, 41.4919089 ], [ -71.3264955, 41.4919125 ], [ -71.3264856, 41.4919139 ], [ -71.3263466, 41.4919325 ], [ -71.3263339, 41.4918792 ], [ -71.32629, 41.491885 ], [ -71.3262887, 41.4918852 ], [ -71.325932, 41.4919329 ], [ -71.3259446, 41.4919862 ], [ -71.3259604, 41.4920524 ], [ -71.3261276, 41.4920632 ], [ -71.3261394, 41.4920639 ], [ -71.3261473, 41.4920645 ], [ -71.3261519, 41.4920677 ], [ -71.3261524, 41.4920725 ], [ -71.3261499, 41.492076 ], [ -71.3261452, 41.4920778 ], [ -71.3261402, 41.4920775 ], [ -71.3259875, 41.4920677 ], [ -71.3259652, 41.4920726 ], [ -71.3259908, 41.4921809 ], [ -71.3261698, 41.4921924 ], [ -71.3261762, 41.4921928 ], [ -71.3261802, 41.4921942 ], [ -71.3261829, 41.492198 ], [ -71.3261825, 41.4922016 ], [ -71.3261802, 41.4922044 ], [ -71.3261763, 41.4922061 ], [ -71.3261728, 41.4922061 ], [ -71.3260179, 41.4921962 ], [ -71.3259956, 41.4922011 ], [ -71.3260213, 41.4923093 ], [ -71.3261352, 41.4923166 ], [ -71.3262038, 41.4923211 ], [ -71.3262077, 41.4923213 ], [ -71.3262121, 41.492324 ], [ -71.3262133, 41.4923268 ], [ -71.3262131, 41.4923305 ], [ -71.3262096, 41.4923334 ], [ -71.3262059, 41.4923347 ], [ -71.3262024, 41.4923345 ], [ -71.3261221, 41.4923294 ], [ -71.3260484, 41.4923246 ], [ -71.326026, 41.4923295 ], [ -71.326041, 41.4923912 ], [ -71.3260495, 41.4924264 ], [ -71.3262575, 41.4924829 ], [ -71.3263164, 41.4924989 ], [ -71.3263467, 41.4925072 ], [ -71.3263304, 41.492541 ], [ -71.3263164, 41.4925372 ], [ -71.3262585, 41.4925215 ], [ -71.3260068, 41.492453 ], [ -71.3260003, 41.4924255 ], [ -71.3258944, 41.4919797 ], [ -71.3258593, 41.4918316 ], [ -71.3259064, 41.4918253 ], [ -71.3259257, 41.4919063 ], [ -71.3260295, 41.4918925 ], [ -71.3260117, 41.4918175 ], [ -71.3260112, 41.4918143 ], [ -71.3260153, 41.4918101 ], [ -71.3260218, 41.4918089 ], [ -71.3260283, 41.4918115 ], [ -71.3260296, 41.491815 ], [ -71.3260474, 41.49189 ], [ -71.3262641, 41.4918609 ], [ -71.3262889, 41.4918576 ], [ -71.326498, 41.4918295 ], [ -71.326504, 41.4918287 ], [ -71.3265057, 41.4918362 ], [ -71.3265104, 41.4918356 ], [ -71.3265884, 41.4918261 ], [ -71.3266258, 41.4918212 ], [ -71.3268522, 41.4918226 ], [ -71.3268981, 41.4918229 ], [ -71.326898, 41.491807 ] ] } },
{ "type": "Feature", "properties": { "RCID": 177, "PRIM": 2, "GRUP": 2, "OBJL": 122, "RVER": 1, "AGEN": 550, "FIDN": 436813153, "FIDS": 8691, "LNAM": "02261A093D6121F3", "CATSLC": 4, "WATLEV": 2, "SORDAT": "20140818", "SORIND": "US,US,graph,GC-11187" }, "geometry": { "type": "LineString", "coordinates": [ [ -71.3647224, 41.4912046 ], [ -71.3641765, 41.4912475 ] ] } },
{ "type": "Feature", "properties": { "RCID": 178, "PRIM": 2, "GRUP": 2, "OBJL": 122, "RVER": 1, "AGEN": 550, "FIDN": 59333291, "FIDS": 8691, "LNAM": "022603895AAB21F3", "CATSLC": 2, "WATLEV": 3, "SORDAT": "20140818", "SORIND": "US,US,graph,GC-11187" }, "geometry": { "type": "LineString", "coordinates": [ [ -71.3278092, 41.4828433 ], [ -71.3279042, 41.4828233 ], [ -71.3280238, 41.4827705 ] ] } },
{ "type": "Feature", "properties": { "RCID": 179, "PRIM": 2, "GRUP": 2, "OBJL": 122, "RVER": 1, "AGEN": 550, "FIDN": 780017841, "FIDS": 8691, "LNAM": "02262E7E20B121F3", "CATSLC": 4, "WATLEV": 2, "SORDAT": "20140818", "SORIND": "US,US,graph,GC-11187" }, "geometry": { "type": "LineString", "coordinates": [ [ -71.3263882, 41.4882999 ], [ -71.3257055, 41.4894896 ] ] } },
{ "type": "Feature", "properties": { "RCID": 180, "PRIM": 2, "GRUP": 2, "OBJL": 122, "RVER": 1, "AGEN": 550, "FIDN": 437685528, "FIDS": 8691, "LNAM": "02261A168D1821F3", "CATSLC": 4, "WATLEV": 2, "SORDAT": "20140818", "SORIND": "US,US,graph,GC-11187" }, "geometry": { "type": "LineString", "coordinates": [ [ -71.3654761, 41.5165472 ], [ -71.3651441, 41.5165242 ], [ -71.3650507, 41.5165015 ] ] } },
{ "type": "Feature", "properties": { "RCID": 181, "PRIM": 2, "GRUP": 2, "OBJL": 122, "RVER": 1, "AGEN": 550, "FIDN": 416732802, "FIDS": 8691, "LNAM": "022618D6D68221F3", "CATSLC": 4, "CONDTN": 2, "WATLEV": 3, "SORDAT": "20140818", "SORIND": "US,US,graph,GC-11187, DD-29210(CEF)" }, "geometry": { "type": "LineString", "coordinates": [ [ -71.3857006, 41.4958869 ], [ -71.3857007, 41.4957479 ] ] } },
{ "type": "Feature", "properties": { "RCID": 182, "PRIM": 2, "GRUP": 2, "OBJL": 122, "RVER": 1, "AGEN": 550, "FIDN": 602766960, "FIDS": 8691, "LNAM": "022623ED7E7021F3", "CATSLC": 4, "WATLEV": 3, "SORDAT": "200504", "SORIND": "US,US,graph,Chart 13223" }, "geometry": { "type": "LineString", "coordinates": [ [ -71.3662159, 41.4988264 ], [ -71.3651277, 41.4984108 ] ] } },
{ "type": "Feature", "properties": { "RCID": 183, "PRIM": 2, "GRUP": 2, "OBJL": 122, "RVER": 1, "AGEN": 550, "FIDN": 386731395, "FIDS": 8691, "LNAM": "0226170D0D8321F3", "CATSLC": 4, "WATLEV": 2, "SORDAT": "20050620", "SORIND": "US,US,graph,GC-10585" }, "geometry": { "type": "LineString", "coordinates": [ [ -71.3618604, 41.5255752 ], [ -71.3616057, 41.5255328 ], [ -71.3614036, 41.5254991 ] ] } },
{ "type": "Feature", "properties": { "RCID": 184, "PRIM": 2, "GRUP": 2, "OBJL": 122, "RVER": 1, "AGEN": 550, "FIDN": 405554343, "FIDS": 8691, "LNAM": "0226182C44A721F3", "CATSLC": 4, "WATLEV": 2, "SORDAT": "20050620", "SORIND": "US,US,graph,GC-10585" }, "geometry": { "type": "LineString", "coordinates": [ [ -71.3861076, 41.5407007 ], [ -71.3862594, 41.5406598 ], [ -71.386288, 41.5406521 ] ] } },
{ "type": "Feature", "properties": { "RCID": 185, "PRIM": 2, "GRUP": 2, "OBJL": 122, "RVER": 1, "AGEN": 550, "FIDN": 59235594, "FIDS": 8691, "LNAM": "02260387DD0A21F3", "CATSLC": 4, "WATLEV": 2, "SORDAT": "20050620", "SORIND": "US,US,graph,GC-10585" }, "geometry": { "type": "LineString", "coordinates": [ [ -71.3601827, 41.5485995 ], [ -71.360105, 41.5485878 ], [ -71.3600023, 41.5485795 ], [ -71.3599358, 41.5485725 ], [ -71.3598653, 41.5485515 ] ] } },
{ "type": "Feature", "properties": { "RCID": 186, "PRIM": 2, "GRUP": 2, "OBJL": 122, "RVER": 1, "AGEN": 550, "FIDN": 567667878, "FIDS": 8691, "LNAM": "022621D5ECA621F3", "CATSLC": 4, "WATLEV": 4, "SORDAT": "200504", "SORIND": "US,US,graph,Chart 13223" }, "geometry": { "type": "LineString", "coordinates": [ [ -71.3663101, 41.4988603 ], [ -71.3662159, 41.4988264 ] ] } },
{ "type": "Feature", "properties": { "RCID": 187, "PRIM": 2, "GRUP": 2, "OBJL": 122, "RVER": 1, "AGEN": 550, "FIDN": 950941143, "FIDS": 8691, "LNAM": "022638AE35D721F3", "CATSLC": 10, "WATLEV": 2, "SORDAT": "20050620", "SORIND": "US,US,graph,GC-10585" }, "geometry": { "type": "LineString", "coordinates": [ [ -71.3620683, 41.5244279 ], [ -71.362029, 41.5242592 ], [ -71.3619724, 41.5242179 ], [ -71.3619478, 41.5242131 ], [ -71.3619756, 41.5241773 ], [ -71.3619891, 41.5241599 ], [ -71.3620203, 41.5241601 ] ] } },
{ "type": "Feature", "properties": { "RCID": 188, "PRIM": 2, "GRUP": 2, "OBJL": 122, "RVER": 1, "AGEN": 550, "FIDN": 46492468, "FIDS": 8691, "LNAM": "022602C56B3421F3", "CATSLC": 4, "WATLEV": 2, "SORDAT": "200504", "SORIND": "US,US,graph,Chart 13223" }, "geometry": { "type": "LineString", "coordinates": [ [ -71.363416, 41.5194582 ], [ -71.3631766, 41.5194409 ], [ -71.3631211, 41.5194369 ] ] } },
{ "type": "Feature", "properties": { "RCID": 189, "PRIM": 2, "GRUP": 2, "OBJL": 122, "RVER": 1, "AGEN": 550, "FIDN": 12436142, "FIDS": 8691, "LNAM": "022600BDC2AE21F3", "CATSLC": 4, "WATLEV": 2, "SORDAT": "20050620", "SORIND": "US,US,graph,GC-10585" }, "geometry": { "type": "LineString", "coordinates": [ [ -71.3637317, 41.5186484 ], [ -71.3634926, 41.5186316 ], [ -71.3633914, 41.5186348 ], [ -71.3633802, 41.5185716 ] ] } },
{ "type": "Feature", "properties": { "RCID": 190, "PRIM": 2, "GRUP": 2, "OBJL": 122, "RVER": 1, "AGEN": 550, "FIDN": 143461931, "FIDS": 8691, "LNAM": "0226088D0E2B21F3", "CATSLC": 4, "CONDTN": 2, "WATLEV": 3, "SORDAT": "20140818", "SORIND": "US,US,graph,GC-11187, DD-29210(CEF)" }, "geometry": { "type": "LineString", "coordinates": [ [ -71.392223, 41.5246815 ], [ -71.39223, 41.5246828 ], [ -71.3924549, 41.5247248 ], [ -71.3924673, 41.5247271 ] ] } },
{ "type": "Feature", "properties": { "RCID": 191, "PRIM": 2, "GRUP": 2, "OBJL": 122, "RVER": 1, "AGEN": 550, "FIDN": 44076291, "FIDS": 8691, "LNAM": "022602A08D0321F3", "CATSLC": 4, "CONDTN": 2, "WATLEV": 3, "SORDAT": "200504", "SORIND": "US,US,graph,Chart 13223" }, "geometry": { "type": "LineString", "coordinates": [ [ -71.3433849, 41.5359218 ], [ -71.3431386, 41.5359646 ], [ -71.3430656, 41.5359773 ], [ -71.3429664, 41.5359946 ], [ -71.3427961, 41.5360242 ] ] } },
{ "type": "Feature", "properties": { "RCID": 192, "PRIM": 2, "GRUP": 2, "OBJL": 122, "RVER": 1, "AGEN": 550, "FIDN": 876245990, "FIDS": 8691, "LNAM": "0226343A73E621F3", "CATSLC": 4, "CONDTN": 2, "WATLEV": 3, "SORDAT": "20140818", "SORIND": "US,US,graph,GC-11187, DD-29210(CEF)" }, "geometry": { "type": "LineString", "coordinates": [ [ -71.334913, 41.4787149 ], [ -71.3349144, 41.4787319 ], [ -71.3349327, 41.4789485 ] ] } },
{ "type": "Feature", "properties": { "RCID": 193, "PRIM": 2, "GRUP": 2, "OBJL": 122, "RVER": 1, "AGEN": 550, "FIDN": 332506754, "FIDS": 8691, "LNAM": "022613D1A68221F3", "CATSLC": 13, "WATLEV": 2, "SORDAT": "200504", "SORIND": "US,US,graph,Chart 13223" }, "geometry": { "type": "LineString", "coordinates": [ [ -71.3610081, 41.4863731 ], [ -71.3605501, 41.4864439 ], [ -71.3604494, 41.4864595 ], [ -71.3603377, 41.4864862 ], [ -71.3600807, 41.4865477 ] ] } },
{ "type": "Feature", "properties": { "RCID": 194, "PRIM": 2, "GRUP": 2, "OBJL": 122, "RVER": 1, "AGEN": 550, "FIDN": 694035738, "FIDS": 8691, "LNAM": "0226295E251A21F3", "CATSLC": 4, "WATLEV": 2, "SORDAT": "200504", "SORIND": "US,US,graph,Chart 13223" }, "geometry": { "type": "LineString", "coordinates": [ [ -71.3635841, 41.5188767 ], [ -71.3633746, 41.5188667 ], [ -71.3633405, 41.5188651 ] ] } },
{ "type": "Feature", "properties": { "RCID": 195, "PRIM": 2, "GRUP": 2, "OBJL": 122, "RVER": 1, "AGEN": 550, "FIDN": 397188556, "FIDS": 8691, "LNAM": "022617AC9DCC21F3", "CATSLC": 4, "WATLEV": 2, "SORDAT": "20140818", "SORIND": "US,US,graph,GC-11187" }, "geometry": { "type": "LineString", "coordinates": [ [ -71.3657147, 41.4927597 ], [ -71.3653542, 41.4927959 ], [ -71.3652678, 41.4928079 ] ] } },
{ "type": "Feature", "properties": { "RCID": 196, "PRIM": 2, "GRUP": 2, "OBJL": 122, "RVER": 1, "AGEN": 550, "FIDN": 636344176, "FIDS": 8691, "LNAM": "022625EDD77021F3", "CATSLC": 2, "WATLEV": 3, "SORDAT": "20140818", "SORIND": "US,US,graph,GC-11187" }, "geometry": { "type": "LineString", "coordinates": [ [ -71.3645127, 41.5004656 ], [ -71.3642555, 41.5003699 ] ] } },
{ "type": "Feature", "properties": { "RCID": 197, "PRIM": 2, "GRUP": 2, "OBJL": 122, "RVER": 1, "AGEN": 550, "FIDN": 12208713, "FIDS": 8691, "LNAM": "022600BA4A4921F3", "CATSLC": 4, "WATLEV": 2, "SORDAT": "20140818", "SORIND": "US,US,graph,GC-11187" }, "geometry": { "type": "LineString", "coordinates": [ [ -71.3923572, 41.522727 ], [ -71.3926321, 41.5227517 ] ] } },
{ "type": "Feature", "properties": { "RCID": 198, "PRIM": 2, "GRUP": 2, "OBJL": 122, "RVER": 1, "AGEN": 550, "FIDN": 320964377, "FIDS": 8691, "LNAM": "02261321871921F3", "CATSLC": 4, "WATLEV": 2, "SORDAT": "20140818", "SORIND": "US,US,graph,GC-11187" }, "geometry": { "type": "LineString", "coordinates": [ [ -71.3256818, 41.4875685 ], [ -71.3257153, 41.4872492 ] ] } },
{ "type": "Feature", "properties": { "RCID": 199, "PRIM": 2, "GRUP": 2, "OBJL": 122, "RVER": 1, "AGEN": 550, "FIDN": 534454971, "FIDS": 8691, "LNAM": "02261FDB22BB21F3", "CATSLC": 4, "WATLEV": 2, "SORDAT": "20140818", "SORIND": "US,US,graph,GC-11187" }, "geometry": { "type": "LineString", "coordinates": [ [ -71.3903905, 41.5296885 ], [ -71.3906992, 41.5297485 ] ] } },
{ "type": "Feature", "properties": { "RCID": 200, "PRIM": 2, "GRUP": 2, "OBJL": 122, "RVER": 1, "AGEN": 550, "FIDN": 844698800, "FIDS": 8691, "LNAM": "0226325914B021F3", "CATSLC": 4, "WATLEV": 2, "SORDAT": "20140818", "SORIND": "US,US,graph,GC-11187" }, "geometry": { "type": "LineString", "coordinates": [ [ -71.3254094, 41.4875582 ], [ -71.3254258, 41.4871666 ] ] } },
{ "type": "Feature", "properties": { "RCID": 201, "PRIM": 2, "GRUP": 2, "OBJL": 122, "RVER": 1, "AGEN": 550, "FIDN": 828979469, "FIDS": 8691, "LNAM": "02263169390D21F3", "CATSLC": 4, "WATLEV": 2, "SORDAT": "20140818", "SORIND": "US,US,graph,GC-11187" }, "geometry": { "type": "LineString", "coordinates": [ [ -71.3621124, 41.4873249 ], [ -71.3615758, 41.4876968 ] ] } },
{ "type": "Feature", "properties": { "RCID": 202, "PRIM": 2, "GRUP": 2, "OBJL": 122, "RVER": 1, "AGEN": 550, "FIDN": 139073358, "FIDS": 8691, "LNAM": "0226084A174E21F3", "CATSLC": 4, "WATLEV": 2, "SORDAT": "20140818", "SORIND": "US,US,graph,GC-11187" }, "geometry": { "type": "LineString", "coordinates": [ [ -71.3650377, 41.491984 ], [ -71.3646944, 41.4921685 ] ] } },
{ "type": "Feature", "properties": { "RCID": 203, "PRIM": 2, "GRUP": 2, "OBJL": 122, "RVER": 1, "AGEN": 550, "FIDN": 413545304, "FIDS": 8691, "LNAM": "022618A6335821F3", "CATSLC": 4, "WATLEV": 2, "SORDAT": "20140818", "SORIND": "US,US,graph,GC-11187" }, "geometry": { "type": "LineString", "coordinates": [ [ -71.3637807, 41.4901445 ], [ -71.3632123, 41.4901613 ], [ -71.3632115, 41.4901613 ] ] } },
{ "type": "Feature", "properties": { "RCID": 204, "PRIM": 2, "GRUP": 2, "OBJL": 122, "RVER": 1, "AGEN": 550, "FIDN": 50633077, "FIDS": 8691, "LNAM": "02260304997521F3", "CATSLC": 10, "WATLEV": 2, "SORDAT": "20140818", "SORIND": "US,US,graph,GC-11187" }, "geometry": { "type": "LineString", "coordinates": [ [ -71.3366123, 41.480702 ], [ -71.336625, 41.4807489 ], [ -71.3366486, 41.4808364 ], [ -71.3366664, 41.4809025 ], [ -71.3366793, 41.4811407 ], [ -71.3366953, 41.4814591 ], [ -71.3368379, 41.4814532 ], [ -71.3368322, 41.4812178 ], [ -71.3368121, 41.4810719 ], [ -71.3367852, 41.4809168 ] ] } },
{ "type": "Feature", "properties": { "RCID": 205, "PRIM": 2, "GRUP": 2, "OBJL": 122, "RVER": 1, "AGEN": 550, "FIDN": 19153132, "FIDS": 8691, "LNAM": "0226012440EC21F3", "CATSLC": 8, "WATLEV": 2, "SORDAT": "20140818", "SORIND": "US,US,graph,GC-11187" }, "geometry": { "type": "LineString", "coordinates": [ [ -71.3964607, 41.4942467 ], [ -71.3964799, 41.4943582 ], [ -71.3965242, 41.4944483 ] ] } },
{ "type": "Feature", "properties": { "RCID": 206, "PRIM": 2, "GRUP": 2, "OBJL": 122, "RVER": 1, "AGEN": 550, "FIDN": 248711447, "FIDS": 8691, "LNAM": "02260ED3091721F3", "CATSLC": 8, "WATLEV": 2, "SORDAT": "20140818", "SORIND": "US,US,graph,GC-11187" }, "geometry": { "type": "LineString", "coordinates": [ [ -71.3366123, 41.480702 ], [ -71.3365745, 41.4806328 ], [ -71.3365274, 41.4805465 ] ] } },
{ "type": "Feature", "properties": { "RCID": 207, "PRIM": 2, "GRUP": 2, "OBJL": 122, "RVER": 1, "AGEN": 550, "FIDN": 144770917, "FIDS": 8691, "LNAM": "022608A1076521F3", "CATSLC": 10, "WATLEV": 2, "SORDAT": "20140818", "SORIND": "US,US,graph,GC-11187" }, "geometry": { "type": "LineString", "coordinates": [ [ -71.3349104, 41.5019746 ], [ -71.3349047, 41.5019734 ], [ -71.3348994, 41.5019713 ], [ -71.3348947, 41.5019686 ], [ -71.3348928, 41.5019668 ], [ -71.3348909, 41.5019652 ], [ -71.334888, 41.5019613 ], [ -71.3348861, 41.501957 ], [ -71.3348856, 41.5019541 ], [ -71.3349197, 41.501843 ], [ -71.3349227, 41.5018394 ], [ -71.3349266, 41.5018362 ], [ -71.3349312, 41.5018338 ], [ -71.3349364, 41.501832 ], [ -71.334942, 41.501831 ], [ -71.3349477, 41.5018309 ], [ -71.3349533, 41.5018316 ], [ -71.3349564, 41.5018324 ], [ -71.3349615, 41.5018344 ], [ -71.334966, 41.501837 ], [ -71.3349696, 41.5018403 ], [ -71.3349724, 41.501844 ], [ -71.3349741, 41.5018481 ], [ -71.3349748, 41.5018524 ], [ -71.3349746, 41.501855 ], [ -71.3349514, 41.5019398 ], [ -71.334943, 41.501962 ], [ -71.33494, 41.5019659 ], [ -71.3349359, 41.5019691 ], [ -71.3349312, 41.5019718 ], [ -71.3349258, 41.5019737 ], [ -71.3349242, 41.501974 ], [ -71.33492, 41.5019747 ], [ -71.3349141, 41.5019749 ], [ -71.3349104, 41.5019746 ] ] } },
{ "type": "Feature", "properties": { "RCID": 208, "PRIM": 2, "GRUP": 2, "OBJL": 122, "RVER": 1, "AGEN": 550, "FIDN": 966952014, "FIDS": 8691, "LNAM": "022639A2844E21F3", "CATSLC": 10, "WATLEV": 2, "SORDAT": "20140818", "SORIND": "US,US,graph,GC-11187" }, "geometry": { "type": "LineString", "coordinates": [ [ -71.3559981, 41.5066964 ], [ -71.356042, 41.5065872 ], [ -71.3560468, 41.5065752 ], [ -71.3560697, 41.5065181 ], [ -71.3560793, 41.5065203 ], [ -71.3563647, 41.5065873 ], [ -71.3564597, 41.5066096 ], [ -71.3564387, 41.5066638 ], [ -71.356432, 41.5066808 ], [ -71.356386, 41.5067993 ], [ -71.356382, 41.5068097 ], [ -71.356359, 41.5068689 ], [ -71.3561144, 41.5068133 ], [ -71.3559858, 41.5067841 ], [ -71.3559647, 41.5067794 ], [ -71.355968, 41.5067714 ], [ -71.3559883, 41.5067207 ], [ -71.355991, 41.5067141 ], [ -71.3559981, 41.5066964 ] ] } },
{ "type": "Feature", "properties": { "RCID": 209, "PRIM": 2, "GRUP": 2, "OBJL": 122, "RVER": 1, "AGEN": 550, "FIDN": 424757116, "FIDS": 8691, "LNAM": "02261951477C21F3", "CATSLC": 10, "WATLEV": 2, "SORDAT": "20140818", "SORIND": "US,US,graph,GC-11187" }, "geometry": { "type": "LineString", "coordinates": [ [ -71.355791, 41.5065173 ], [ -71.3558456, 41.5065051 ], [ -71.3558934, 41.5065405 ], [ -71.3558421, 41.5066876 ], [ -71.3557758, 41.5066992 ], [ -71.3557313, 41.5066625 ], [ -71.3556185, 41.5065648 ], [ -71.355791, 41.5065173 ] ] } },
{ "type": "Feature", "properties": { "RCID": 210, "PRIM": 2, "GRUP": 2, "OBJL": 122, "RVER": 1, "AGEN": 550, "FIDN": 442096547, "FIDS": 8691, "LNAM": "02261A59DBA321F3", "CATSLC": 4, "WATLEV": 2, "SORDAT": "20140818", "SORIND": "US,US,graph,GC-11187" }, "geometry": { "type": "LineString", "coordinates": [ [ -71.3415546, 41.4954016 ], [ -71.3415543, 41.49529 ], [ -71.341562, 41.4951492 ] ] } },
{ "type": "Feature", "properties": { "RCID": 211, "PRIM": 2, "GRUP": 2, "OBJL": 122, "RVER": 1, "AGEN": 550, "FIDN": 237406540, "FIDS": 8691, "LNAM": "02260E26894C21F3", "CATSLC": 2, "WATLEV": 3, "SORDAT": "20140818", "SORIND": "US,US,graph,GC-11187" }, "geometry": { "type": "LineString", "coordinates": [ [ -71.3797739, 41.4865862 ], [ -71.3798639, 41.4865088 ] ] } },
{ "type": "Feature", "properties": { "RCID": 212, "PRIM": 2, "GRUP": 2, "OBJL": 122, "RVER": 1, "AGEN": 550, "FIDN": 908907909, "FIDS": 8691, "LNAM": "0226362CD58521F3", "CATSLC": 8, "WATLEV": 2, "SORDAT": "20140818", "SORIND": "US,US,graph,GC-11187" }, "geometry": { "type": "LineString", "coordinates": [ [ -71.3352065, 41.4788658 ], [ -71.3352957, 41.4787427 ], [ -71.3352911, 41.4786658 ], [ -71.3352837, 41.4785393 ], [ -71.3352712, 41.4784435 ], [ -71.3352604, 41.4783615 ], [ -71.3352402, 41.4781469 ], [ -71.3352333, 41.4779973 ], [ -71.3352332, 41.4779938 ], [ -71.3352325, 41.4779839 ], [ -71.3352302, 41.4779534 ], [ -71.3352115, 41.4777003 ], [ -71.3351846, 41.477388 ], [ -71.3351772, 41.4773022 ], [ -71.3351509, 41.4771108 ], [ -71.3351351, 41.4768898 ], [ -71.3350928, 41.4765435 ], [ -71.3350903, 41.4765233 ], [ -71.3350792, 41.4764134 ], [ -71.3350791, 41.4764122 ], [ -71.3350789, 41.47641 ], [ -71.3350765, 41.4763864 ], [ -71.3350712, 41.4763093 ], [ -71.3350695, 41.4762848 ], [ -71.3350763, 41.4761515 ], [ -71.3351073, 41.4760545 ], [ -71.3351766, 41.4759414 ], [ -71.3352665, 41.4758545 ], [ -71.3353519, 41.4757989 ], [ -71.3355001, 41.4757186 ], [ -71.3357402, 41.4755745 ], [ -71.3358795, 41.4754892 ], [ -71.3360143, 41.4754018 ], [ -71.3361791, 41.4752878 ], [ -71.3363489, 41.4751637 ], [ -71.3364597, 41.4750638 ], [ -71.3364967, 41.475 ] ] } },
{ "type": "Feature", "properties": { "RCID": 213, "PRIM": 2, "GRUP": 2, "OBJL": 122, "RVER": 1, "AGEN": 550, "FIDN": 624337116, "FIDS": 8691, "LNAM": "02262536A0DC21F3", "CATSLC": 8, "WATLEV": 2, "SORDAT": "20140818", "SORIND": "US,US,graph,GC-11187" }, "geometry": { "type": "LineString", "coordinates": [ [ -71.3748391, 41.5069966 ], [ -71.3748355, 41.5069968 ] ] } },
{ "type": "Feature", "properties": { "RCID": 214, "PRIM": 2, "GRUP": 2, "OBJL": 122, "RVER": 1, "AGEN": 550, "FIDN": 158795340, "FIDS": 8691, "LNAM": "02260977064C21F3", "CATSLC": 10, "WATLEV": 2, "SORDAT": "20050620", "SORIND": "US,US,graph,GC-10585" }, "geometry": { "type": "LineString", "coordinates": [ [ -71.3302525, 41.5178137 ], [ -71.3303865, 41.5177128 ], [ -71.3304129, 41.5176045 ], [ -71.3304305, 41.5175103 ], [ -71.330447, 41.5173723 ], [ -71.3305086, 41.5173657 ] ] } },
{ "type": "Feature", "properties": { "RCID": 215, "PRIM": 2, "GRUP": 2, "OBJL": 122, "RVER": 1, "AGEN": 550, "FIDN": 47191072, "FIDS": 8691, "LNAM": "022602D0142021F3", "CATSLC": 4, "WATLEV": 2, "SORDAT": "20050620", "SORIND": "US,US,graph,GC-10585" }, "geometry": { "type": "LineString", "coordinates": [ [ -71.3272448, 41.5049756 ], [ -71.3271551, 41.5050779 ] ] } },
{ "type": "Feature", "properties": { "RCID": 216, "PRIM": 2, "GRUP": 2, "OBJL": 122, "RVER": 1, "AGEN": 550, "FIDN": 337258188, "FIDS": 8691, "LNAM": "0226141A26CC21F3", "CATSLC": 4, "WATLEV": 2, "SORDAT": "20050620", "SORIND": "US,US,graph,GC-10585" }, "geometry": { "type": "LineString", "coordinates": [ [ -71.3613272, 41.5449779 ], [ -71.3617025, 41.5451063 ], [ -71.3618189, 41.5451552 ] ] } },
{ "type": "Feature", "properties": { "RCID": 217, "PRIM": 2, "GRUP": 2, "OBJL": 122, "RVER": 1, "AGEN": 550, "FIDN": 37350931, "FIDS": 8691, "LNAM": "02260239EE1321F3", "CATSLC": 4, "CONDTN": 2, "WATLEV": 3, "SORDAT": "20140818", "SORIND": "US,US,graph,GC-11187, DD-29210(CEF)" }, "geometry": { "type": "LineString", "coordinates": [ [ -71.3888822, 41.5345685 ], [ -71.389152, 41.5346378 ], [ -71.389193, 41.5346483 ] ] } },
{ "type": "Feature", "properties": { "RCID": 218, "PRIM": 2, "GRUP": 2, "OBJL": 122, "RVER": 1, "AGEN": 550, "FIDN": 68287467, "FIDS": 8691, "LNAM": "02260411FBEB21F3", "CATSLC": 4, "WATLEV": 2, "SORDAT": "200504", "SORIND": "US,US,graph,Chart 13223" }, "geometry": { "type": "LineString", "coordinates": [ [ -71.361866, 41.528541 ], [ -71.3617614, 41.5285506 ], [ -71.3614892, 41.5285629 ] ] } },
{ "type": "Feature", "properties": { "RCID": 219, "PRIM": 2, "GRUP": 2, "OBJL": 122, "RVER": 1, "AGEN": 550, "FIDN": 926529530, "FIDS": 8691, "LNAM": "02263739B7FA21F3", "CATSLC": 4, "WATLEV": 3, "SORDAT": "200504", "SORIND": "US,US,graph,Chart 13223" }, "geometry": { "type": "LineString", "coordinates": [ [ -71.3285308, 41.4894718 ], [ -71.328462, 41.4894724 ], [ -71.328314, 41.4894736 ], [ -71.3282198, 41.4894739 ] ] } },
{ "type": "Feature", "properties": { "RCID": 220, "PRIM": 2, "GRUP": 2, "OBJL": 122, "RVER": 1, "AGEN": 550, "FIDN": 327973992, "FIDS": 8691, "LNAM": "0226138C7C6821F3", "CATSLC": 4, "WATLEV": 2, "SORDAT": "20050620", "SORIND": "US,US,graph,GC-10585" }, "geometry": { "type": "LineString", "coordinates": [ [ -71.3640361, 41.5422072 ], [ -71.3638916, 41.5420845 ], [ -71.363745, 41.5419576 ] ] } },
{ "type": "Feature", "properties": { "RCID": 221, "PRIM": 2, "GRUP": 2, "OBJL": 122, "RVER": 1, "AGEN": 550, "FIDN": 957784377, "FIDS": 8691, "LNAM": "02263916A13921F3", "CATSLC": 4, "WATLEV": 4, "SORDAT": "200504", "SORIND": "US,US,graph,Chart 13223" }, "geometry": { "type": "LineString", "coordinates": [ [ -71.3923306, 41.521079 ], [ -71.3925275, 41.5210719 ] ] } },
{ "type": "Feature", "properties": { "RCID": 222, "PRIM": 2, "GRUP": 2, "OBJL": 122, "RVER": 1, "AGEN": 550, "FIDN": 289081598, "FIDS": 8691, "LNAM": "0226113B08FE21F3", "CATSLC": 14, "WATLEV": 2, "SORDAT": "200906", "SORIND": "US,US,graph,Chart 13223" }, "geometry": { "type": "LineString", "coordinates": [ [ -71.398743, 41.5277572 ], [ -71.3987969, 41.5278907 ] ] } },
{ "type": "Feature", "properties": { "RCID": 223, "PRIM": 2, "GRUP": 2, "OBJL": 122, "RVER": 1, "AGEN": 550, "FIDN": 854374235, "FIDS": 8691, "LNAM": "022632ECB75B21F3", "CATSLC": 2, "WATLEV": 4, "SORDAT": "20050620", "SORIND": "US,US,graph,GC-10585" }, "geometry": { "type": "LineString", "coordinates": [ [ -71.3648815, 41.540972 ], [ -71.3646907, 41.5409533 ], [ -71.3645775, 41.5409444 ] ] } },
{ "type": "Feature", "properties": { "RCID": 224, "PRIM": 2, "GRUP": 2, "OBJL": 122, "RVER": 1, "AGEN": 550, "FIDN": 373599897, "FIDS": 8691, "LNAM": "02261644AE9921F3", "CATSLC": 4, "CONDTN": 2, "WATLEV": 3, "SORDAT": "200504", "SORIND": "US,US,graph,Chart 13223" }, "geometry": { "type": "LineString", "coordinates": [ [ -71.3434212, 41.5359948 ], [ -71.3432256, 41.5360781 ], [ -71.3431513, 41.5361097 ], [ -71.3430233, 41.5361642 ], [ -71.3428428, 41.5362411 ] ] } },
{ "type": "Feature", "properties": { "RCID": 225, "PRIM": 2, "GRUP": 2, "OBJL": 122, "RVER": 1, "AGEN": 550, "FIDN": 594011816, "FIDS": 8691, "LNAM": "02262367E6A821F3", "CATSLC": 4, "WATLEV": 3, "SORDAT": "200504", "SORIND": "US,US,graph,Chart 13223" }, "geometry": { "type": "LineString", "coordinates": [ [ -71.3363456, 41.4805566 ], [ -71.3360484, 41.4805923 ], [ -71.3360437, 41.4805929 ], [ -71.3358776, 41.4807048 ], [ -71.3357949, 41.480756 ] ] } },
{ "type": "Feature", "properties": { "RCID": 226, "PRIM": 2, "GRUP": 2, "OBJL": 122, "RVER": 1, "AGEN": 550, "FIDN": 220918263, "FIDS": 8691, "LNAM": "02260D2AF1F721F3", "CATSLC": 4, "WATLEV": 2, "SORDAT": "20050620", "SORIND": "US,US,graph,GC-10585" }, "geometry": { "type": "LineString", "coordinates": [ [ -71.3260433, 41.5043241 ], [ -71.3259944, 41.5043709 ], [ -71.3259909, 41.5043743 ], [ -71.3257492, 41.5042461 ] ] } },
{ "type": "Feature", "properties": { "RCID": 227, "PRIM": 2, "GRUP": 2, "OBJL": 122, "RVER": 1, "AGEN": 550, "FIDN": 440379979, "FIDS": 8691, "LNAM": "02261A3FAA4B21F3", "CATSLC": 10, "WATLEV": 2, "SORDAT": "20140818", "SORIND": "US,US,graph,GC-11187" }, "geometry": { "type": "LineString", "coordinates": [ [ -71.3638427, 41.4902563 ], [ -71.3637807, 41.4901445 ], [ -71.363727, 41.4899998 ], [ -71.3636451, 41.4898947 ] ] } },
{ "type": "Feature", "properties": { "RCID": 228, "PRIM": 2, "GRUP": 2, "OBJL": 122, "RVER": 1, "AGEN": 550, "FIDN": 952120341, "FIDS": 8691, "LNAM": "022638C0341521F3", "CATSLC": 4, "WATLEV": 2, "SORDAT": "20140818", "SORIND": "US,US,graph,GC-11187" }, "geometry": { "type": "LineString", "coordinates": [ [ -71.3655455, 41.4925327 ], [ -71.3650905, 41.4925878 ] ] } },
{ "type": "Feature", "properties": { "RCID": 229, "PRIM": 2, "GRUP": 2, "OBJL": 122, "RVER": 1, "AGEN": 550, "FIDN": 301766422, "FIDS": 8691, "LNAM": "022611FC971621F3", "CATSLC": 4, "WATLEV": 2, "SORDAT": "20140818", "SORIND": "US,US,graph,GC-11187" }, "geometry": { "type": "LineString", "coordinates": [ [ -71.382437, 41.5019001 ], [ -71.3829263, 41.5020326 ] ] } },
{ "type": "Feature", "properties": { "RCID": 230, "PRIM": 2, "GRUP": 2, "OBJL": 122, "RVER": 1, "AGEN": 550, "FIDN": 726814536, "FIDS": 8691, "LNAM": "02262B524F4821F3", "CATSLC": 12, "WATLEV": 3, "SORDAT": "20140818", "SORIND": "US,US,graph,GC-11187" }, "geometry": { "type": "LineString", "coordinates": [ [ -71.3850839, 41.4964291 ], [ -71.3855378, 41.4965137 ] ] } },
{ "type": "Feature", "properties": { "RCID": 231, "PRIM": 2, "GRUP": 2, "OBJL": 122, "RVER": 1, "AGEN": 550, "FIDN": 42718949, "FIDS": 8691, "LNAM": "0226028BD6E521F3", "CATSLC": 12, "WATLEV": 3, "SORDAT": "20140818", "SORIND": "US,US,graph,GC-11187" }, "geometry": { "type": "LineString", "coordinates": [ [ -71.3605944, 41.4864684 ], [ -71.3603726, 41.4865036 ], [ -71.3602769, 41.4865174 ] ] } },
{ "type": "Feature", "properties": { "RCID": 232, "PRIM": 2, "GRUP": 2, "OBJL": 122, "RVER": 1, "AGEN": 550, "FIDN": 247569874, "FIDS": 8691, "LNAM": "02260EC19DD221F3", "CATSLC": 4, "WATLEV": 2, "SORDAT": "20140818", "SORIND": "US,US,graph,GC-11187" }, "geometry": { "type": "LineString", "coordinates": [ [ -71.3899254, 41.5309038 ], [ -71.3901841, 41.5309872 ] ] } },
{ "type": "Feature", "properties": { "RCID": 233, "PRIM": 2, "GRUP": 2, "OBJL": 122, "RVER": 1, "AGEN": 550, "FIDN": 589050189, "FIDS": 8691, "LNAM": "0226231C314D21F3", "CATSLC": 4, "WATLEV": 2, "SORDAT": "20140818", "SORIND": "US,US,graph,GC-11187" }, "geometry": { "type": "LineString", "coordinates": [ [ -71.3599557, 41.4826283 ], [ -71.3593881, 41.4829147 ] ] } },
{ "type": "Feature", "properties": { "RCID": 234, "PRIM": 2, "GRUP": 2, "OBJL": 122, "RVER": 1, "AGEN": 550, "FIDN": 381080738, "FIDS": 8691, "LNAM": "022616B6D4A221F3", "CATSLC": 4, "WATLEV": 2, "SORDAT": "20140818", "SORIND": "US,US,graph,GC-11187" }, "geometry": { "type": "LineString", "coordinates": [ [ -71.3906813, 41.5288909 ], [ -71.3910544, 41.5289621 ] ] } },
{ "type": "Feature", "properties": { "RCID": 235, "PRIM": 2, "GRUP": 2, "OBJL": 122, "RVER": 1, "AGEN": 550, "FIDN": 405463181, "FIDS": 8691, "LNAM": "0226182AE08D21F3", "CATSLC": 4, "WATLEV": 2, "SORDAT": "20140818", "SORIND": "US,US,graph,GC-11187" }, "geometry": { "type": "LineString", "coordinates": [ [ -71.392334, 41.5212485 ], [ -71.3926613, 41.5212419 ], [ -71.392768, 41.5212376 ] ] } },
{ "type": "Feature", "properties": { "RCID": 236, "PRIM": 2, "GRUP": 2, "OBJL": 122, "RVER": 1, "AGEN": 550, "FIDN": 467621313, "FIDS": 8691, "LNAM": "02261BDF55C121F3", "CATSLC": 8, "WATLEV": 2, "SORDAT": "20140818", "SORIND": "US,US,graph,GC-11187" }, "geometry": { "type": "LineString", "coordinates": [ [ -71.3276968, 41.5142619 ], [ -71.3278026, 41.5142217 ], [ -71.3279352, 41.5141712 ], [ -71.3280697, 41.5141222 ], [ -71.328251, 41.5140921 ], [ -71.3284332, 41.5140885 ], [ -71.3286902, 41.5141073 ], [ -71.3288199, 41.5140821 ] ] } },
{ "type": "Feature", "properties": { "RCID": 237, "PRIM": 2, "GRUP": 2, "OBJL": 122, "RVER": 1, "AGEN": 550, "FIDN": 291357660, "FIDS": 8691, "LNAM": "0226115DC3DC21F3", "CATSLC": 4, "WATLEV": 2, "SORDAT": "20140818", "SORIND": "US,US,graph,GC-11187" }, "geometry": { "type": "LineString", "coordinates": [ [ -71.3894383, 41.5331571 ], [ -71.3896916, 41.5332158 ], [ -71.3898563, 41.5332539 ] ] } },
{ "type": "Feature", "properties": { "RCID": 238, "PRIM": 2, "GRUP": 2, "OBJL": 122, "RVER": 1, "AGEN": 550, "FIDN": 831946111, "FIDS": 8691, "LNAM": "022631967D7F21F3", "CATSLC": 8, "WATLEV": 2, "SORDAT": "20140818", "SORIND": "US,US,graph,GC-11187" }, "geometry": { "type": "LineString", "coordinates": [ [ -71.3858614, 41.4958546 ], [ -71.385748, 41.4958841 ], [ -71.3857006, 41.4958869 ], [ -71.3855819, 41.4958939 ], [ -71.3854159, 41.4959038 ], [ -71.3853758, 41.4959034 ], [ -71.3852136, 41.495902 ], [ -71.3850877, 41.4959008 ], [ -71.3848618, 41.4958988 ], [ -71.3847176, 41.4958764 ], [ -71.3846957, 41.4958731 ] ] } },
{ "type": "Feature", "properties": { "RCID": 239, "PRIM": 2, "GRUP": 2, "OBJL": 122, "RVER": 1, "AGEN": 550, "FIDN": 145664673, "FIDS": 8691, "LNAM": "022608AEAAA121F3", "CATSLC": 8, "WATLEV": 2, "SORDAT": "20140818", "SORIND": "US,US,graph,GC-11187" }, "geometry": { "type": "LineString", "coordinates": [ [ -71.36482, 41.5177238 ], [ -71.3646671, 41.5177259 ], [ -71.3645376, 41.5177277 ] ] } },
{ "type": "Feature", "properties": { "RCID": 240, "PRIM": 2, "GRUP": 2, "OBJL": 122, "RVER": 1, "AGEN": 550, "FIDN": 727392549, "FIDS": 8691, "LNAM": "02262B5B212521F3", "CATSLC": 10, "WATLEV": 2, "SORDAT": "20140818", "SORIND": "US,US,graph,GC-11187" }, "geometry": { "type": "LineString", "coordinates": [ [ -71.3427759, 41.4953896 ], [ -71.3426435, 41.4953724 ], [ -71.3425767, 41.4953657 ], [ -71.3424973, 41.4953576 ] ] } },
{ "type": "Feature", "properties": { "RCID": 241, "PRIM": 2, "GRUP": 2, "OBJL": 122, "RVER": 1, "AGEN": 550, "FIDN": 778344684, "FIDS": 8691, "LNAM": "02262E6498EC21F3", "CATSLC": 4, "CONDTN": 2, "WATLEV": 3, "SORDAT": "20140818", "SORIND": "US,US,graph,GC-11187, DD-29210(CEF)" }, "geometry": { "type": "LineString", "coordinates": [ [ -71.3345418, 41.4790084 ], [ -71.3345153, 41.478777 ] ] } },
{ "type": "Feature", "properties": { "RCID": 242, "PRIM": 2, "GRUP": 2, "OBJL": 122, "RVER": 1, "AGEN": 550, "FIDN": 927008493, "FIDS": 8691, "LNAM": "0226374106ED21F3", "CATSLC": 4, "CONDTN": 2, "WATLEV": 3, "SORDAT": "20140818", "SORIND": "US,US,graph,GC-11187, DD-29210(CEF)" }, "geometry": { "type": "LineString", "coordinates": [ [ -71.3344311, 41.4790253 ], [ -71.3344044, 41.4787892 ] ] } },
{ "type": "Feature", "properties": { "RCID": 243, "PRIM": 2, "GRUP": 2, "OBJL": 122, "RVER": 1, "AGEN": 550, "FIDN": 276847897, "FIDS": 8691, "LNAM": "022610805D1921F3", "CATSLC": 4, "WATLEV": 2, "SORDAT": "20140818", "SORIND": "US,US,graph,GC-11187" }, "geometry": { "type": "LineString", "coordinates": [ [ -71.3607407, 41.4850668 ], [ -71.359769, 41.4852842 ], [ -71.3596509, 41.4852925 ] ] } },
{ "type": "Feature", "properties": { "RCID": 244, "PRIM": 2, "GRUP": 2, "OBJL": 122, "RVER": 1, "AGEN": 550, "FIDN": 17339970, "FIDS": 8691, "LNAM": "02260108964221F3", "CATSLC": 4, "WATLEV": 2, "SORDAT": "20140818", "SORIND": "US,US,graph,GC-11187" }, "geometry": { "type": "LineString", "coordinates": [ [ -71.3662934, 41.495809 ], [ -71.3653543, 41.4957964 ], [ -71.3651868, 41.4957906 ] ] } },
{ "type": "Feature", "properties": { "RCID": 245, "PRIM": 2, "GRUP": 2, "OBJL": 122, "RVER": 1, "AGEN": 550, "FIDN": 752310048, "FIDS": 8691, "LNAM": "02262CD7572021F3", "CATSLC": 2, "WATLEV": 3, "SORDAT": "20140818", "SORIND": "US,US,graph,GC-11187" }, "geometry": { "type": "LineString", "coordinates": [ [ -71.3860421, 41.5383139 ], [ -71.3862853, 41.5384125 ] ] } },
{ "type": "Feature", "properties": { "RCID": 246, "PRIM": 2, "GRUP": 2, "OBJL": 122, "RVER": 1, "AGEN": 550, "FIDN": 847725013, "FIDS": 8691, "LNAM": "0226328741D521F3", "CATSLC": 2, "WATLEV": 3, "SORDAT": "20140818", "SORIND": "US,US,graph,GC-11187" }, "geometry": { "type": "LineString", "coordinates": [ [ -71.3658421, 41.5152466 ], [ -71.3655843, 41.5152473 ] ] } },
{ "type": "Feature", "properties": { "RCID": 247, "PRIM": 2, "GRUP": 2, "OBJL": 122, "RVER": 1, "AGEN": 550, "FIDN": 451710826, "FIDS": 8691, "LNAM": "02261AEC8F6A21F3", "CATSLC": 2, "WATLEV": 3, "SORDAT": "20140818", "SORIND": "US,US,graph,GC-11187" }, "geometry": { "type": "LineString", "coordinates": [ [ -71.3655588, 41.515917 ], [ -71.3653919, 41.5158441 ] ] } },
{ "type": "Feature", "properties": { "RCID": 248, "PRIM": 2, "GRUP": 2, "OBJL": 122, "RVER": 1, "AGEN": 550, "FIDN": 948608156, "FIDS": 8691, "LNAM": "0226388A9C9C21F3", "CATSLC": 4, "WATLEV": 2, "SORDAT": "20140818", "SORIND": "US,US,graph,GC-11187" }, "geometry": { "type": "LineString", "coordinates": [ [ -71.3790789, 41.4855722 ], [ -71.3793174, 41.4855722 ], [ -71.3793412, 41.4855743 ], [ -71.3794751, 41.4855861 ] ] } },
{ "type": "Feature", "properties": { "RCID": 249, "PRIM": 2, "GRUP": 2, "OBJL": 122, "RVER": 1, "AGEN": 550, "FIDN": 959774987, "FIDS": 8691, "LNAM": "02263935010B21F3", "CATSLC": 10, "WATLEV": 2, "SORDAT": "20140818", "SORIND": "US,US,graph,GC-11187" }, "geometry": { "type": "LineString", "coordinates": [ [ -71.3357752, 41.5020209 ], [ -71.3357809, 41.5020208 ], [ -71.3357865, 41.5020215 ], [ -71.3357896, 41.5020223 ], [ -71.3357947, 41.5020242 ], [ -71.3357992, 41.5020269 ], [ -71.3358028, 41.5020302 ], [ -71.3358056, 41.5020339 ], [ -71.3358073, 41.502038 ], [ -71.335808, 41.5020423 ], [ -71.3358078, 41.5020449 ], [ -71.3357846, 41.5021296 ], [ -71.3357763, 41.5021519 ], [ -71.3357732, 41.5021557 ], [ -71.3357692, 41.502159 ], [ -71.3357644, 41.5021617 ], [ -71.3357599, 41.5021632 ], [ -71.335759, 41.5021635 ], [ -71.3357532, 41.5021646 ], [ -71.3357473, 41.5021648 ], [ -71.3357436, 41.5021645 ], [ -71.3357379, 41.5021633 ], [ -71.3357326, 41.5021612 ], [ -71.3357279, 41.5021585 ], [ -71.3357242, 41.5021551 ], [ -71.3357241, 41.5021551 ], [ -71.3357212, 41.5021512 ], [ -71.3357194, 41.5021469 ], [ -71.3357188, 41.5021439 ], [ -71.3357529, 41.5020329 ], [ -71.3357559, 41.5020293 ], [ -71.3357598, 41.5020261 ], [ -71.3357645, 41.5020236 ], [ -71.3357697, 41.5020219 ], [ -71.3357752, 41.5020209 ] ] } },
{ "type": "Feature", "properties": { "RCID": 250, "PRIM": 2, "GRUP": 2, "OBJL": 122, "RVER": 1, "AGEN": 550, "FIDN": 158180178, "FIDS": 8691, "LNAM": "0226096DA35221F3", "CATSLC": 4, "WATLEV": 2, "SORDAT": "20140818", "SORIND": "US,US,graph,GC-11187" }, "geometry": { "type": "LineString", "coordinates": [ [ -71.3765397, 41.4774386 ], [ -71.3768655, 41.4774105 ] ] } },
{ "type": "Feature", "properties": { "RCID": 251, "PRIM": 2, "GRUP": 2, "OBJL": 122, "RVER": 1, "AGEN": 550, "FIDN": 544498605, "FIDS": 8691, "LNAM": "0226207463AD21F3", "CATSLC": 4, "WATLEV": 2, "SORDAT": "20140818", "SORIND": "US,US,graph,GC-11187" }, "geometry": { "type": "LineString", "coordinates": [ [ -71.3587566, 41.5050239 ], [ -71.3584554, 41.5050294 ] ] } },
{ "type": "Feature", "properties": { "RCID": 252, "PRIM": 2, "GRUP": 2, "OBJL": 122, "RVER": 1, "AGEN": 550, "FIDN": 235888285, "FIDS": 8691, "LNAM": "02260E0F5E9D21F3", "CATSLC": 4, "WATLEV": 2, "SORDAT": "20140818", "SORIND": "US,US,graph,GC-11187" }, "geometry": { "type": "LineString", "coordinates": [ [ -71.3591242, 41.4826894 ], [ -71.359045, 41.4826524 ], [ -71.3589306, 41.482599 ] ] } },
{ "type": "Feature", "properties": { "RCID": 253, "PRIM": 2, "GRUP": 2, "OBJL": 122, "RVER": 1, "AGEN": 550, "FIDN": 262861857, "FIDS": 8691, "LNAM": "02260FAAF42121F3", "CATSLC": 4, "WATLEV": 2, "SORDAT": "20140818", "SORIND": "US,US,graph,GC-11187" }, "geometry": { "type": "LineString", "coordinates": [ [ -71.3652434, 41.5163465 ], [ -71.3655251, 41.5163749 ] ] } },
{ "type": "Feature", "properties": { "RCID": 254, "PRIM": 2, "GRUP": 2, "OBJL": 122, "RVER": 1, "AGEN": 550, "FIDN": 903559808, "FIDS": 8691, "LNAM": "022635DB3A8021F3", "CATSLC": 8, "WATLEV": 2, "SORDAT": "20140818", "SORIND": "US,US,graph,GC-11187" }, "geometry": { "type": "LineString", "coordinates": [ [ -71.3302716, 41.5092355 ], [ -71.3302955, 41.5090886 ], [ -71.3303246, 41.5088793 ], [ -71.3303499, 41.5087031 ], [ -71.3303725, 41.5085855 ], [ -71.3303893, 41.5085119 ], [ -71.3303884, 41.5084186 ], [ -71.3303941, 41.5083068 ], [ -71.3304031, 41.5082326 ], [ -71.3304231, 41.5081615 ], [ -71.3304688, 41.5080643 ], [ -71.3305875, 41.5078728 ], [ -71.3306313, 41.5077928 ], [ -71.3306481, 41.507762 ], [ -71.3306867, 41.5076777 ], [ -71.3306873, 41.5076764 ], [ -71.3307187, 41.5075593 ], [ -71.3307234, 41.5074848 ], [ -71.3307252, 41.5074555 ], [ -71.3307178, 41.5073716 ], [ -71.3306953, 41.5072995 ], [ -71.3306436, 41.5072121 ], [ -71.3306374, 41.5072051 ], [ -71.330572, 41.5071326 ], [ -71.3304919, 41.507061 ], [ -71.3304124, 41.5069782 ], [ -71.3303444, 41.5069319 ], [ -71.3303072, 41.5069067 ] ] } },
{ "type": "Feature", "properties": { "RCID": 255, "PRIM": 2, "GRUP": 2, "OBJL": 122, "RVER": 1, "AGEN": 550, "FIDN": 417897321, "FIDS": 8691, "LNAM": "022618E89B6921F3", "CATSLC": 8, "WATLEV": 2, "SORDAT": "20140818", "SORIND": "US,US,graph,GC-11187" }, "geometry": { "type": "LineString", "coordinates": [ [ -71.3292651, 41.5138083 ], [ -71.3293856, 41.5137293 ], [ -71.3294821, 41.5136358 ], [ -71.3295322, 41.5135396 ], [ -71.329536, 41.5134425 ], [ -71.3295797, 41.5133703 ], [ -71.3295974, 41.5132527 ], [ -71.3296502, 41.513162 ], [ -71.3296597, 41.5130885 ], [ -71.3296516, 41.5129972 ], [ -71.3296528, 41.5128946 ], [ -71.329658, 41.5127701 ], [ -71.3297057, 41.5126721 ], [ -71.3297487, 41.5125138 ], [ -71.32977, 41.5124157 ] ] } },
{ "type": "Feature", "properties": { "RCID": 256, "PRIM": 2, "GRUP": 2, "OBJL": 122, "RVER": 1, "AGEN": 550, "FIDN": 573111605, "FIDS": 8691, "LNAM": "02262228FD3521F3", "CATSLC": 1, "WATLEV": 2, "SORDAT": "20140818", "SORIND": "US,US,graph,GC-11187" }, "geometry": { "type": "LineString", "coordinates": [ [ -71.3254241, 41.4888773 ], [ -71.3257076, 41.4889327 ] ] } },
{ "type": "Feature", "properties": { "RCID": 257, "PRIM": 2, "GRUP": 2, "OBJL": 122, "RVER": 1, "AGEN": 550, "FIDN": 883312712, "FIDS": 8691, "LNAM": "022634A6484821F3", "CATSLC": 10, "WATLEV": 2, "SORDAT": "20140818", "SORIND": "US,US,graph,GC-11187" }, "geometry": { "type": "LineString", "coordinates": [ [ -71.3376621, 41.5025959 ], [ -71.3376564, 41.5025947 ], [ -71.3376511, 41.5025926 ], [ -71.3376464, 41.5025899 ], [ -71.3376428, 41.5025867 ], [ -71.3376426, 41.5025865 ], [ -71.3376397, 41.5025826 ], [ -71.3376378, 41.5025783 ], [ -71.3376372, 41.5025754 ], [ -71.3376714, 41.5024643 ], [ -71.3376744, 41.5024607 ], [ -71.3376783, 41.5024576 ], [ -71.3376829, 41.5024551 ], [ -71.3376881, 41.5024533 ], [ -71.3376937, 41.5024524 ], [ -71.3376994, 41.5024522 ], [ -71.337705, 41.5024529 ], [ -71.3377081, 41.5024537 ], [ -71.3377132, 41.5024557 ], [ -71.3377176, 41.5024583 ], [ -71.3377213, 41.5024616 ], [ -71.3377241, 41.5024654 ], [ -71.3377258, 41.5024694 ], [ -71.3377265, 41.5024737 ], [ -71.3377263, 41.5024763 ], [ -71.3377031, 41.5025611 ], [ -71.3376947, 41.5025833 ], [ -71.3376917, 41.5025872 ], [ -71.3376876, 41.5025904 ], [ -71.3376829, 41.5025931 ], [ -71.3376784, 41.5025946 ], [ -71.3376775, 41.502595 ], [ -71.3376717, 41.502596 ], [ -71.3376658, 41.5025962 ], [ -71.3376621, 41.5025959 ] ] } },
{ "type": "Feature", "properties": { "RCID": 258, "PRIM": 2, "GRUP": 2, "OBJL": 122, "RVER": 1, "AGEN": 550, "FIDN": 361937507, "FIDS": 8691, "LNAM": "02261592BA6321F3", "CATSLC": 10, "WATLEV": 2, "SORDAT": "20140818", "SORIND": "US,US,graph,GC-11187" }, "geometry": { "type": "LineString", "coordinates": [ [ -71.3366042, 41.5022079 ], [ -71.3366099, 41.5022077 ], [ -71.3366156, 41.5022084 ], [ -71.3366187, 41.5022092 ], [ -71.3366237, 41.5022112 ], [ -71.3366282, 41.5022138 ], [ -71.3366319, 41.5022171 ], [ -71.3366346, 41.5022209 ], [ -71.3366364, 41.5022249 ], [ -71.336637, 41.5022292 ], [ -71.3366369, 41.5022318 ], [ -71.3366137, 41.5023166 ], [ -71.3366053, 41.5023388 ], [ -71.3366022, 41.5023427 ], [ -71.3365982, 41.502346 ], [ -71.3365934, 41.5023486 ], [ -71.336588, 41.5023505 ], [ -71.3365879, 41.5023505 ], [ -71.3365823, 41.5023515 ], [ -71.3365763, 41.5023517 ], [ -71.3365726, 41.5023514 ], [ -71.3365669, 41.5023502 ], [ -71.3365616, 41.5023482 ], [ -71.336557, 41.5023454 ], [ -71.3365543, 41.502343 ], [ -71.3365531, 41.502342 ], [ -71.3365502, 41.5023381 ], [ -71.3365484, 41.5023338 ], [ -71.3365478, 41.5023309 ], [ -71.3365819, 41.5022198 ], [ -71.336585, 41.5022162 ], [ -71.3365889, 41.5022131 ], [ -71.3365935, 41.5022106 ], [ -71.3365987, 41.5022088 ], [ -71.3366042, 41.5022079 ] ] } },
{ "type": "Feature", "properties": { "RCID": 259, "PRIM": 2, "GRUP": 2, "OBJL": 122, "RVER": 1, "AGEN": 550, "FIDN": 177746789, "FIDS": 8691, "LNAM": "02260A98336521F3", "CATSLC": 10, "WATLEV": 2, "SORDAT": "20140818", "SORIND": "US,US,graph,GC-11187" }, "geometry": { "type": "LineString", "coordinates": [ [ -71.3394378, 41.4786401 ], [ -71.3392935, 41.4787696 ], [ -71.3389432, 41.4792016 ], [ -71.3388702, 41.4793668 ], [ -71.3386896, 41.4798248 ] ] } },
{ "type": "Feature", "properties": { "RCID": 260, "PRIM": 2, "GRUP": 2, "OBJL": 122, "RVER": 1, "AGEN": 550, "FIDN": 970849218, "FIDS": 8691, "LNAM": "022639DDFBC221F3", "CATSLC": 10, "WATLEV": 2, "SORDAT": "20140818", "SORIND": "US,US,graph,GC-11187" }, "geometry": { "type": "LineString", "coordinates": [ [ -71.3655193, 41.5164542 ], [ -71.3654761, 41.5165472 ], [ -71.3654196, 41.51675 ] ] } },
{ "type": "Feature", "properties": { "RCID": 261, "PRIM": 2, "GRUP": 2, "OBJL": 122, "RVER": 1, "AGEN": 550, "FIDN": 845480676, "FIDS": 8691, "LNAM": "0226326502E421F3", "CATSLC": 4, "WATLEV": 2, "SORDAT": "20140818", "SORIND": "US,US,graph,GC-11187" }, "geometry": { "type": "LineString", "coordinates": [ [ -71.3657363, 41.496385 ], [ -71.365765, 41.4963875 ], [ -71.3662197, 41.4964282 ], [ -71.3664555, 41.4964504 ] ] } },
{ "type": "Feature", "properties": { "RCID": 262, "PRIM": 2, "GRUP": 2, "OBJL": 122, "RVER": 1, "AGEN": 550, "FIDN": 164530832, "FIDS": 8691, "LNAM": "022609CE8A9021F3", "CATSLC": 10, "WATLEV": 2, "SORDAT": "20140818", "SORIND": "US,US,graph,GC-11187" }, "geometry": { "type": "LineString", "coordinates": [ [ -71.3409433, 41.4973206 ], [ -71.3410245, 41.4974223 ], [ -71.3410913, 41.4975257 ], [ -71.3411225, 41.4976493 ], [ -71.3410782, 41.497825 ], [ -71.3409978, 41.4980948 ], [ -71.3409643, 41.4981821 ], [ -71.3408546, 41.4982822 ], [ -71.3407487, 41.4983839 ], [ -71.3407353, 41.4984573 ], [ -71.3409733, 41.4985519 ], [ -71.3411444, 41.4985986 ], [ -71.3412452, 41.4985519 ], [ -71.3413445, 41.4984688 ] ] } },
{ "type": "Feature", "properties": { "RCID": 263, "PRIM": 2, "GRUP": 2, "OBJL": 122, "RVER": 1, "AGEN": 550, "FIDN": 648099198, "FIDS": 8691, "LNAM": "022626A1357E21F3", "CATSLC": 4, "WATLEV": 2, "SORDAT": "20140818", "SORIND": "US,US,graph,GC-11187" }, "geometry": { "type": "LineString", "coordinates": [ [ -71.3351846, 41.477388 ], [ -71.3350818, 41.4773919 ], [ -71.3350814, 41.4773919 ], [ -71.3348401, 41.4774011 ], [ -71.3348269, 41.4774016 ], [ -71.3344842, 41.4774147 ] ] } },
{ "type": "Feature", "properties": { "RCID": 264, "PRIM": 2, "GRUP": 2, "OBJL": 122, "RVER": 1, "AGEN": 550, "FIDN": 271160057, "FIDS": 8691, "LNAM": "0226102992F921F3", "CATSLC": 8, "WATLEV": 2, "SORDAT": "20140818", "SORIND": "US,US,graph,GC-11187" }, "geometry": { "type": "LineString", "coordinates": [ [ -71.3748334, 41.5068977 ], [ -71.3748605, 41.5068973 ], [ -71.3749056, 41.506802 ] ] } },
{ "type": "Feature", "properties": { "RCID": 265, "PRIM": 2, "GRUP": 2, "OBJL": 122, "RVER": 1, "AGEN": 550, "FIDN": 888531930, "FIDS": 8691, "LNAM": "022634F5EBDA21F3", "CATSLC": 4, "CONDTN": 2, "WATLEV": 3, "SORDAT": "20140818", "SORIND": "US,US,graph,GC-11187, DD-29210(CEF)" }, "geometry": { "type": "LineString", "coordinates": [ [ -71.3961369, 41.493889 ], [ -71.3964388, 41.4939013 ], [ -71.3965474, 41.4939058 ] ] } },
{ "type": "Feature", "properties": { "RCID": 266, "PRIM": 2, "GRUP": 2, "OBJL": 122, "RVER": 1, "AGEN": 550, "FIDN": 7580129, "FIDS": 8691, "LNAM": "02260073A9E121F3", "CATSLC": 14, "WATLEV": 2, "SORDAT": "200906", "SORIND": "US,US,graph,Chart 13223" }, "geometry": { "type": "LineString", "coordinates": [ [ -71.3987812, 41.5275732 ], [ -71.398847, 41.5275295 ], [ -71.398933, 41.5274725 ] ] } },
{ "type": "Feature", "properties": { "RCID": 267, "PRIM": 2, "GRUP": 2, "OBJL": 122, "RVER": 1, "AGEN": 550, "FIDN": 25274569, "FIDS": 8691, "LNAM": "02260181A8C921F3", "CATSLC": 4, "WATLEV": 2, "SORDAT": "201306", "SORIND": "US,US,graph,GC-10585" }, "geometry": { "type": "LineString", "coordinates": [ [ -71.3628388, 41.5206948 ], [ -71.3626932, 41.5206877 ], [ -71.362525, 41.5206795 ] ] } },
{ "type": "Feature", "properties": { "RCID": 268, "PRIM": 2, "GRUP": 2, "OBJL": 122, "RVER": 1, "AGEN": 550, "FIDN": 777365195, "FIDS": 8691, "LNAM": "02262E55A6CB21F3", "CATSLC": 4, "CONDTN": 2, "WATLEV": 3, "SORDAT": "20140818", "SORIND": "US,US,graph,GC-11187, DD-29210(CEF)" }, "geometry": { "type": "LineString", "coordinates": [ [ -71.3885466, 41.5350748 ], [ -71.388717, 41.5350953 ], [ -71.38896, 41.5351246 ], [ -71.3890643, 41.5351371 ] ] } },
{ "type": "Feature", "properties": { "RCID": 269, "PRIM": 2, "GRUP": 2, "OBJL": 122, "RVER": 1, "AGEN": 550, "FIDN": 5335484, "FIDS": 8691, "LNAM": "0226005169BC21F3", "CATSLC": 4, "WATLEV": 2, "SORDAT": "20050620", "SORIND": "US,US,graph,GC-10585" }, "geometry": { "type": "LineString", "coordinates": [ [ -71.3627624, 41.5336558 ], [ -71.3626737, 41.5336759 ], [ -71.3622457, 41.5337386 ] ] } },
{ "type": "Feature", "properties": { "RCID": 270, "PRIM": 2, "GRUP": 2, "OBJL": 122, "RVER": 1, "AGEN": 550, "FIDN": 652802685, "FIDS": 8691, "LNAM": "022626E8FA7D21F3", "CATSLC": 4, "CONDTN": 2, "WATLEV": 3, "SORDAT": "20140818", "SORIND": "US,US,graph,GC-11187, DD-29210(CEF)" }, "geometry": { "type": "LineString", "coordinates": [ [ -71.3920135, 41.5252569 ], [ -71.3921702, 41.5252806 ], [ -71.3921952, 41.5252844 ], [ -71.3922361, 41.5252906 ] ] } },
{ "type": "Feature", "properties": { "RCID": 271, "PRIM": 2, "GRUP": 2, "OBJL": 122, "RVER": 1, "AGEN": 550, "FIDN": 43192284, "FIDS": 8691, "LNAM": "022602930FDC21F3", "CATSLC": 4, "CONDTN": 2, "WATLEV": 3, "SORDAT": "20140818", "SORIND": "US,US,graph,GC-11187, DD-29210(CEF)" }, "geometry": { "type": "LineString", "coordinates": [ [ -71.3965728, 41.4938059 ], [ -71.3964731, 41.4937996 ], [ -71.396161, 41.4937798 ] ] } },
{ "type": "Feature", "properties": { "RCID": 272, "PRIM": 2, "GRUP": 2, "OBJL": 122, "RVER": 1, "AGEN": 550, "FIDN": 648509692, "FIDS": 8691, "LNAM": "022626A778FC21F3", "CATSLC": 4, "CONDTN": 2, "WATLEV": 3, "SORDAT": "20140818", "SORIND": "US,US,graph,GC-11187, DD-29210(CEF)" }, "geometry": { "type": "LineString", "coordinates": [ [ -71.3965937, 41.4937237 ], [ -71.3965002, 41.4937136 ], [ -71.3962215, 41.4936837 ] ] } },
{ "type": "Feature", "properties": { "RCID": 273, "PRIM": 2, "GRUP": 2, "OBJL": 122, "RVER": 1, "AGEN": 550, "FIDN": 986871707, "FIDS": 8691, "LNAM": "02263AD2779B21F3", "CATSLC": 10, "WATLEV": 2, "SORDAT": "20050620", "SORIND": "US,US,graph,GC-10585" }, "geometry": { "type": "LineString", "coordinates": [ [ -71.32617, 41.517682 ], [ -71.3271462, 41.5173445 ], [ -71.3274466, 41.5177891 ] ] } },
{ "type": "Feature", "properties": { "RCID": 274, "PRIM": 2, "GRUP": 2, "OBJL": 122, "RVER": 1, "AGEN": 550, "FIDN": 672464073, "FIDS": 8691, "LNAM": "02262814FCC921F3", "CATSLC": 4, "WATLEV": 2, "SORDAT": "20050620", "SORIND": "US,US,graph,GC-10585" }, "geometry": { "type": "LineString", "coordinates": [ [ -71.3619635, 41.5287597 ], [ -71.3617755, 41.5287579 ], [ -71.3615227, 41.5287554 ], [ -71.3612904, 41.5287532 ] ] } },
{ "type": "Feature", "properties": { "RCID": 275, "PRIM": 2, "GRUP": 2, "OBJL": 122, "RVER": 1, "AGEN": 550, "FIDN": 313127385, "FIDS": 8691, "LNAM": "022612A9F1D921F3", "CATSLC": 4, "CONDTN": 2, "WATLEV": 3, "SORDAT": "200504", "SORIND": "US,US,graph,Chart 13223" }, "geometry": { "type": "LineString", "coordinates": [ [ -71.3608721, 41.526371 ], [ -71.3604533, 41.5263844 ], [ -71.3600887, 41.5263903 ], [ -71.3600879, 41.5263903 ], [ -71.3600688, 41.5259052 ] ] } },
{ "type": "Feature", "properties": { "RCID": 276, "PRIM": 2, "GRUP": 2, "OBJL": 122, "RVER": 1, "AGEN": 550, "FIDN": 111667727, "FIDS": 8691, "LNAM": "022606A7EA0F21F3", "CATSLC": 4, "WATLEV": 2, "SORDAT": "20050620", "SORIND": "US,US,graph,GC-10585" }, "geometry": { "type": "LineString", "coordinates": [ [ -71.3863688, 41.545412 ], [ -71.3865466, 41.5454047 ], [ -71.3866422, 41.5454008 ], [ -71.3867533, 41.5453984 ] ] } },
{ "type": "Feature", "properties": { "RCID": 277, "PRIM": 2, "GRUP": 2, "OBJL": 122, "RVER": 1, "AGEN": 550, "FIDN": 255390248, "FIDS": 8691, "LNAM": "02260F38F22821F3", "CATSLC": 4, "WATLEV": 2, "SORDAT": "20050620", "SORIND": "US,US,graph,GC-10585" }, "geometry": { "type": "LineString", "coordinates": [ [ -71.3647635, 41.5377297 ], [ -71.3646271, 41.5377537 ], [ -71.3642432, 41.5378207 ], [ -71.3642369, 41.5378156 ], [ -71.3642214, 41.537758 ] ] } },
{ "type": "Feature", "properties": { "RCID": 278, "PRIM": 2, "GRUP": 2, "OBJL": 122, "RVER": 1, "AGEN": 550, "FIDN": 89241121, "FIDS": 8691, "LNAM": "02260551B62121F3", "CATSLC": 4, "WATLEV": 3, "SORDAT": "200504", "SORIND": "US,US,graph,Chart 13223" }, "geometry": { "type": "LineString", "coordinates": [ [ -71.3857993, 41.496447 ], [ -71.3852469, 41.4962039 ] ] } },
{ "type": "Feature", "properties": { "RCID": 279, "PRIM": 2, "GRUP": 2, "OBJL": 122, "RVER": 1, "AGEN": 550, "FIDN": 168243433, "FIDS": 8691, "LNAM": "02260A0730E921F3", "CATSLC": 4, "WATLEV": 3, "SORDAT": "200504", "SORIND": "US,US,graph,Chart 13223" }, "geometry": { "type": "LineString", "coordinates": [ [ -71.3848509, 41.4967593 ], [ -71.3849522, 41.496782 ], [ -71.3850196, 41.4967972 ], [ -71.385337, 41.4968684 ] ] } },
{ "type": "Feature", "properties": { "RCID": 280, "PRIM": 2, "GRUP": 2, "OBJL": 122, "RVER": 1, "AGEN": 550, "FIDN": 367493780, "FIDS": 8691, "LNAM": "022615E7829421F3", "CATSLC": 4, "WATLEV": 3, "SORDAT": "201306", "SORIND": "US,US,graph,Chart 13223" }, "geometry": { "type": "LineString", "coordinates": [ [ -71.3906051, 41.4930261 ], [ -71.3905099, 41.4930875 ], [ -71.3902813, 41.4928927 ], [ -71.3901941, 41.4928183 ] ] } },
{ "type": "Feature", "properties": { "RCID": 281, "PRIM": 2, "GRUP": 2, "OBJL": 122, "RVER": 1, "AGEN": 550, "FIDN": 10788155, "FIDS": 8691, "LNAM": "022600A49D3B21F3", "CATSLC": 4, "WATLEV": 4, "SORDAT": "200504", "SORIND": "US,US,graph,Chart 13223" }, "geometry": { "type": "LineString", "coordinates": [ [ -71.362286, 41.5225085 ], [ -71.3619146, 41.5224943 ] ] } },
{ "type": "Feature", "properties": { "RCID": 282, "PRIM": 2, "GRUP": 2, "OBJL": 122, "RVER": 1, "AGEN": 550, "FIDN": 948842050, "FIDS": 8691, "LNAM": "0226388E2E4221F3", "CATSLC": 8, "WATLEV": 2, "SORDAT": "20050620", "SORIND": "US,US,graph,GC-10585" }, "geometry": { "type": "LineString", "coordinates": [ [ -71.3611735, 41.5259588 ], [ -71.3611065, 41.5259402 ], [ -71.3609975, 41.5259231 ], [ -71.3609385, 41.5259278 ], [ -71.3608966, 41.5259292 ], [ -71.3608598, 41.5259109 ], [ -71.3608364, 41.5258831 ], [ -71.3608217, 41.5258374 ], [ -71.3608206, 41.5257998 ], [ -71.3608317, 41.5257677 ], [ -71.3608523, 41.5257507 ], [ -71.360879, 41.5257353 ], [ -71.3609077, 41.5257312 ], [ -71.3609964, 41.5257302 ], [ -71.3611957, 41.525741 ], [ -71.3612252, 41.5257439 ], [ -71.3612679, 41.5257522 ], [ -71.3613381, 41.5257679 ], [ -71.361394, 41.5257668 ], [ -71.3614257, 41.5257678 ], [ -71.3614598, 41.5257701 ], [ -71.3614632, 41.5257703 ], [ -71.3615098, 41.5257688 ], [ -71.361567, 41.5257551 ] ] } },
{ "type": "Feature", "properties": { "RCID": 283, "PRIM": 2, "GRUP": 2, "OBJL": 122, "RVER": 1, "AGEN": 550, "FIDN": 914831084, "FIDS": 8691, "LNAM": "0226368736EC21F3", "CATSLC": 4, "CONDTN": 2, "WATLEV": 3, "SORDAT": "20140818", "SORIND": "US,US,graph,GC-11187, DD-29210(CEF)" }, "geometry": { "type": "LineString", "coordinates": [ [ -71.3853758, 41.4959034 ], [ -71.3853901, 41.495757 ] ] } },
{ "type": "Feature", "properties": { "RCID": 284, "PRIM": 2, "GRUP": 2, "OBJL": 122, "RVER": 1, "AGEN": 550, "FIDN": 974724835, "FIDS": 8691, "LNAM": "02263A191EE321F3", "CATSLC": 4, "WATLEV": 2, "SORDAT": "20050620", "SORIND": "US,US,graph,GC-10585" }, "geometry": { "type": "LineString", "coordinates": [ [ -71.3631812, 41.5197632 ], [ -71.3630662, 41.5197615 ], [ -71.3627526, 41.519775 ] ] } },
{ "type": "Feature", "properties": { "RCID": 285, "PRIM": 2, "GRUP": 2, "OBJL": 122, "RVER": 1, "AGEN": 550, "FIDN": 110447296, "FIDS": 8691, "LNAM": "022606954AC021F3", "CATSLC": 4, "WATLEV": 2, "SORDAT": "20140818", "SORIND": "US,US,graph,GC-11187" }, "geometry": { "type": "LineString", "coordinates": [ [ -71.3593736, 41.5039784 ], [ -71.3590848, 41.5039281 ] ] } },
{ "type": "Feature", "properties": { "RCID": 286, "PRIM": 2, "GRUP": 2, "OBJL": 122, "RVER": 1, "AGEN": 550, "FIDN": 722767473, "FIDS": 8691, "LNAM": "02262B148E7121F3", "CATSLC": 4, "WATLEV": 2, "SORDAT": "20140818", "SORIND": "US,US,graph,GC-11187" }, "geometry": { "type": "LineString", "coordinates": [ [ -71.3629455, 41.4884103 ], [ -71.3625548, 41.4884539 ], [ -71.3625536, 41.488454 ] ] } },
{ "type": "Feature", "properties": { "RCID": 287, "PRIM": 2, "GRUP": 2, "OBJL": 122, "RVER": 1, "AGEN": 550, "FIDN": 913727986, "FIDS": 8691, "LNAM": "0226367661F221F3", "CATSLC": 1, "WATLEV": 3, "SORDAT": "20140818", "SORIND": "US,US,graph,GC-11187" }, "geometry": { "type": "LineString", "coordinates": [ [ -71.3310726, 41.5097226 ], [ -71.331076, 41.5097033 ], [ -71.3311919, 41.5090347 ] ] } },
{ "type": "Feature", "properties": { "RCID": 288, "PRIM": 2, "GRUP": 2, "OBJL": 122, "RVER": 1, "AGEN": 550, "FIDN": 273909171, "FIDS": 8691, "LNAM": "0226105385B321F3", "CATSLC": 2, "WATLEV": 2, "SORDAT": "20140818", "SORIND": "US,US,graph,GC-11187" }, "geometry": { "type": "LineString", "coordinates": [ [ -71.3867654, 41.5374516 ], [ -71.3870071, 41.5375441 ], [ -71.3871981, 41.5375981 ], [ -71.3871491, 41.5375052 ], [ -71.3869937, 41.5374408 ], [ -71.3869142, 41.537392 ], [ -71.3868255, 41.5373577 ] ] } },
{ "type": "Feature", "properties": { "RCID": 289, "PRIM": 2, "GRUP": 2, "OBJL": 122, "RVER": 1, "AGEN": 550, "FIDN": 202062463, "FIDS": 8691, "LNAM": "02260C0B3A7F21F3", "CATSLC": 4, "WATLEV": 2, "SORDAT": "20140818", "SORIND": "US,US,graph,GC-11187" }, "geometry": { "type": "LineString", "coordinates": [ [ -71.3665573, 41.4955092 ], [ -71.3666006, 41.4949728 ], [ -71.3664301, 41.4949669 ], [ -71.3658094, 41.4949441 ], [ -71.3651551, 41.4949108 ], [ -71.365032, 41.4949952 ] ] } },
{ "type": "Feature", "properties": { "RCID": 290, "PRIM": 2, "GRUP": 2, "OBJL": 122, "RVER": 1, "AGEN": 550, "FIDN": 42516618, "FIDS": 8691, "LNAM": "02260288C08A21F3", "CATSLC": 4, "WATLEV": 2, "SORDAT": "20140818", "SORIND": "US,US,graph,GC-11187" }, "geometry": { "type": "LineString", "coordinates": [ [ -71.3609363, 41.4866569 ], [ -71.3604824, 41.4870503 ], [ -71.3604049, 41.4871331 ] ] } },
{ "type": "Feature", "properties": { "RCID": 291, "PRIM": 2, "GRUP": 2, "OBJL": 122, "RVER": 1, "AGEN": 550, "FIDN": 868989970, "FIDS": 8691, "LNAM": "022633CBBC1221F3", "CATSLC": 4, "WATLEV": 2, "SORDAT": "20140818", "SORIND": "US,US,graph,GC-11187" }, "geometry": { "type": "LineString", "coordinates": [ [ -71.3966347, 41.494467 ], [ -71.3965337, 41.4947745 ], [ -71.3965306, 41.4947839 ], [ -71.396225, 41.4947316 ], [ -71.3961733, 41.4947227 ], [ -71.3961868, 41.49467 ], [ -71.3962018, 41.4946115 ], [ -71.396322, 41.4946321 ], [ -71.3964549, 41.4946548 ], [ -71.3965242, 41.4944483 ] ] } },
{ "type": "Feature", "properties": { "RCID": 292, "PRIM": 2, "GRUP": 2, "OBJL": 122, "RVER": 1, "AGEN": 550, "FIDN": 359741638, "FIDS": 8691, "LNAM": "0226157138C621F3", "CATSLC": 10, "CONDTN": 2, "WATLEV": 2, "SORDAT": "20050620", "SORIND": "US,US,graph,GC-10585" }, "geometry": { "type": "LineString", "coordinates": [ [ -71.3459072, 41.5358132 ], [ -71.3459209, 41.5360775 ], [ -71.3459229, 41.5361373 ], [ -71.345929, 41.5363162 ], [ -71.3459369, 41.5364507 ], [ -71.3459211, 41.5365161 ], [ -71.3458721, 41.5366438 ], [ -71.3458122, 41.5367997 ], [ -71.3457637, 41.5369192 ], [ -71.3456939, 41.5370908 ], [ -71.3456047, 41.5373304 ] ] } },
{ "type": "Feature", "properties": { "RCID": 293, "PRIM": 2, "GRUP": 2, "OBJL": 122, "RVER": 1, "AGEN": 550, "FIDN": 314753173, "FIDS": 8691, "LNAM": "022612C2C09521F3", "CATSLC": 4, "WATLEV": 2, "SORDAT": "20050620", "SORIND": "US,US,graph,GC-10585" }, "geometry": { "type": "LineString", "coordinates": [ [ -71.3863318, 41.5428518 ], [ -71.3865036, 41.5428445 ], [ -71.3865822, 41.5428411 ], [ -71.3865965, 41.5428396 ], [ -71.3866588, 41.542822 ] ] } },
{ "type": "Feature", "properties": { "RCID": 294, "PRIM": 2, "GRUP": 2, "OBJL": 122, "RVER": 1, "AGEN": 550, "FIDN": 359468555, "FIDS": 8691, "LNAM": "0226156D0E0B21F3", "CATSLC": 10, "WATLEV": 2, "SORDAT": "20140818", "SORIND": "US,US,graph,GC-11187" }, "geometry": { "type": "LineString", "coordinates": [ [ -71.329962, 41.5067596 ], [ -71.3298374, 41.5067582 ], [ -71.329731, 41.5067117 ], [ -71.3296133, 41.5066465 ], [ -71.3294991, 41.5065752 ], [ -71.3293064, 41.5064355 ], [ -71.3291236, 41.5063104 ], [ -71.3289584, 41.5061837 ], [ -71.3288379, 41.5060674 ], [ -71.3287111, 41.5059552 ], [ -71.3286326, 41.5058684 ] ] } },
{ "type": "Feature", "properties": { "RCID": 295, "PRIM": 2, "GRUP": 2, "OBJL": 122, "RVER": 1, "AGEN": 550, "FIDN": 626965328, "FIDS": 8691, "LNAM": "0226255EBB5021F3", "CATSLC": 2, "WATLEV": 3, "SORDAT": "20140818", "SORIND": "US,US,graph,GC-11187" }, "geometry": { "type": "LineString", "coordinates": [ [ -71.390014, 41.5325114 ], [ -71.3896157, 41.5324642 ] ] } },
{ "type": "Feature", "properties": { "RCID": 296, "PRIM": 2, "GRUP": 2, "OBJL": 122, "RVER": 1, "AGEN": 550, "FIDN": 768176317, "FIDS": 8691, "LNAM": "02262DC970BD21F3", "CATSLC": 2, "WATLEV": 3, "SORDAT": "20140818", "SORIND": "US,US,graph,GC-11187" }, "geometry": { "type": "LineString", "coordinates": [ [ -71.3918629, 41.5256705 ], [ -71.3920651, 41.525664 ] ] } },
{ "type": "Feature", "properties": { "RCID": 297, "PRIM": 2, "GRUP": 2, "OBJL": 122, "RVER": 1, "AGEN": 550, "FIDN": 256380910, "FIDS": 8691, "LNAM": "02260F480FEE21F3", "CATSLC": 4, "WATLEV": 2, "SORDAT": "20140818", "SORIND": "US,US,graph,GC-11187" }, "geometry": { "type": "LineString", "coordinates": [ [ -71.3622219, 41.5020801 ], [ -71.3618261, 41.501746 ], [ -71.3616009, 41.5015559 ] ] } },
{ "type": "Feature", "properties": { "RCID": 298, "PRIM": 2, "GRUP": 2, "OBJL": 122, "RVER": 1, "AGEN": 550, "FIDN": 463027341, "FIDS": 8691, "LNAM": "02261B993C8D21F3", "CATSLC": 4, "WATLEV": 2, "SORDAT": "20140818", "SORIND": "US,US,graph,GC-11187" }, "geometry": { "type": "LineString", "coordinates": [ [ -71.3850113, 41.4965316 ], [ -71.3854545, 41.4967121 ] ] } },
{ "type": "Feature", "properties": { "RCID": 299, "PRIM": 2, "GRUP": 2, "OBJL": 122, "RVER": 1, "AGEN": 550, "FIDN": 588821412, "FIDS": 8691, "LNAM": "02262318B3A421F3", "CATSLC": 4, "WATLEV": 2, "SORDAT": "20140818", "SORIND": "US,US,graph,GC-11187" }, "geometry": { "type": "LineString", "coordinates": [ [ -71.3627686, 41.4881056 ], [ -71.3624465, 41.4882004 ], [ -71.3624228, 41.4882074 ], [ -71.3622839, 41.488257 ] ] } },
{ "type": "Feature", "properties": { "RCID": 300, "PRIM": 2, "GRUP": 2, "OBJL": 122, "RVER": 1, "AGEN": 550, "FIDN": 994416820, "FIDS": 8691, "LNAM": "02263B4598B421F3", "CATSLC": 4, "WATLEV": 2, "SORDAT": "20140818", "SORIND": "US,US,graph,GC-11187" }, "geometry": { "type": "LineString", "coordinates": [ [ -71.3583928, 41.5064756 ], [ -71.3581199, 41.5064695 ] ] } },
{ "type": "Feature", "properties": { "RCID": 301, "PRIM": 2, "GRUP": 2, "OBJL": 122, "RVER": 1, "AGEN": 550, "FIDN": 894883020, "FIDS": 8691, "LNAM": "02263556D4CC21F3", "CATSLC": 4, "WATLEV": 2, "SORDAT": "20140818", "SORIND": "US,US,graph,GC-11187" }, "geometry": { "type": "LineString", "coordinates": [ [ -71.389689, 41.5320705 ], [ -71.390066, 41.5321468 ], [ -71.3902111, 41.5321762 ] ] } },
{ "type": "Feature", "properties": { "RCID": 302, "PRIM": 2, "GRUP": 2, "OBJL": 122, "RVER": 1, "AGEN": 550, "FIDN": 596452899, "FIDS": 8691, "LNAM": "0226238D262321F3", "CATSLC": 4, "WATLEV": 2, "SORDAT": "20140818", "SORIND": "US,US,graph,GC-11187" }, "geometry": { "type": "LineString", "coordinates": [ [ -71.3609858, 41.5024981 ], [ -71.3605414, 41.5021806 ], [ -71.3604721, 41.5021313 ] ] } },
{ "type": "Feature", "properties": { "RCID": 303, "PRIM": 2, "GRUP": 2, "OBJL": 122, "RVER": 1, "AGEN": 550, "FIDN": 608055345, "FIDS": 8691, "LNAM": "0226243E303121F3", "CATSLC": 10, "WATLEV": 2, "SORDAT": "20140818", "SORIND": "US,US,graph,GC-11187" }, "geometry": { "type": "LineString", "coordinates": [ [ -71.3594495, 41.4820785 ], [ -71.3591953, 41.4823982 ], [ -71.3592556, 41.4824302 ], [ -71.359318, 41.4824634 ], [ -71.3594333, 41.4823147 ] ] } },
{ "type": "Feature", "properties": { "RCID": 304, "PRIM": 2, "GRUP": 2, "OBJL": 122, "RVER": 1, "AGEN": 550, "FIDN": 892092617, "FIDS": 8691, "LNAM": "0226352C40C921F3", "CATSLC": 10, "WATLEV": 2, "SORDAT": "20140818", "SORIND": "US,US,graph,GC-11187" }, "geometry": { "type": "LineString", "coordinates": [ [ -71.3631712, 41.5016396 ], [ -71.3629261, 41.5017522 ], [ -71.3627898, 41.5018148 ], [ -71.3625483, 41.5019034 ], [ -71.3624002, 41.5019665 ], [ -71.3623729, 41.5019839 ], [ -71.3622219, 41.5020801 ], [ -71.3620121, 41.5022054 ], [ -71.3618524, 41.5022809 ] ] } },
{ "type": "Feature", "properties": { "RCID": 305, "PRIM": 2, "GRUP": 2, "OBJL": 122, "RVER": 1, "AGEN": 550, "FIDN": 219608173, "FIDS": 8691, "LNAM": "02260D16F46D21F3", "CATSLC": 10, "WATLEV": 2, "SORDAT": "20140818", "SORIND": "US,US,graph,GC-11187" }, "geometry": { "type": "LineString", "coordinates": [ [ -71.3611657, 41.5024035 ], [ -71.3614377, 41.5023998 ], [ -71.3615406, 41.5023851 ] ] } },
{ "type": "Feature", "properties": { "RCID": 306, "PRIM": 2, "GRUP": 2, "OBJL": 122, "RVER": 1, "AGEN": 550, "FIDN": 965192413, "FIDS": 8691, "LNAM": "02263987AADD21F3", "CATSLC": 10, "WATLEV": 2, "SORDAT": "20140818", "SORIND": "US,US,graph,GC-11187" }, "geometry": { "type": "LineString", "coordinates": [ [ -71.3389422, 41.5028859 ], [ -71.3389364, 41.5028847 ], [ -71.3389312, 41.5028827 ], [ -71.3389265, 41.5028799 ], [ -71.3389226, 41.5028765 ], [ -71.3389199, 41.5028728 ], [ -71.3389198, 41.5028726 ], [ -71.3389179, 41.5028684 ], [ -71.3389173, 41.5028654 ], [ -71.3389369, 41.5028016 ], [ -71.3389514, 41.5027543 ], [ -71.3389545, 41.5027507 ], [ -71.3389584, 41.5027476 ], [ -71.338963, 41.5027451 ], [ -71.3389682, 41.5027434 ], [ -71.3389738, 41.5027424 ], [ -71.3389795, 41.5027423 ], [ -71.3389851, 41.502743 ], [ -71.3389882, 41.5027437 ], [ -71.3389933, 41.5027457 ], [ -71.3389977, 41.5027484 ], [ -71.3390014, 41.5027516 ], [ -71.3390042, 41.5027554 ], [ -71.3390059, 41.5027595 ], [ -71.3390065, 41.5027637 ], [ -71.3390064, 41.5027663 ], [ -71.3390009, 41.5027865 ], [ -71.3389832, 41.5028511 ], [ -71.3389748, 41.5028734 ], [ -71.3389717, 41.5028772 ], [ -71.3389677, 41.5028805 ], [ -71.3389636, 41.5028827 ], [ -71.3389629, 41.5028831 ], [ -71.3389576, 41.502885 ], [ -71.3389518, 41.5028861 ], [ -71.3389459, 41.5028863 ], [ -71.3389422, 41.5028859 ] ] } },
{ "type": "Feature", "properties": { "RCID": 307, "PRIM": 2, "GRUP": 2, "OBJL": 122, "RVER": 1, "AGEN": 550, "FIDN": 998267807, "FIDS": 8691, "LNAM": "02263B805B9F21F3", "CATSLC": 10, "WATLEV": 2, "SORDAT": "20140818", "SORIND": "US,US,graph,GC-11187" }, "geometry": { "type": "LineString", "coordinates": [ [ -71.3270907, 41.4924398 ], [ -71.3270956, 41.4921654 ], [ -71.3270783, 41.4919806 ], [ -71.3269631, 41.4919881 ], [ -71.3269605, 41.4918029 ], [ -71.3269163, 41.4918058 ], [ -71.326898, 41.491807 ], [ -71.326871, 41.4918087 ], [ -71.326749, 41.4918167 ], [ -71.3267489, 41.4918035 ], [ -71.3267461, 41.4915858 ], [ -71.3267387, 41.4913819 ], [ -71.3267387, 41.49138 ], [ -71.3267398, 41.4913062 ], [ -71.3267398, 41.4913054 ], [ -71.3267411, 41.4912169 ], [ -71.3267414, 41.4912017 ], [ -71.3267461, 41.4908843 ], [ -71.3267954, 41.490816 ], [ -71.3269146, 41.4906635 ], [ -71.3269564, 41.4906099 ], [ -71.3269391, 41.4904745 ], [ -71.3269264, 41.4903744 ], [ -71.3268465, 41.4901577 ], [ -71.3268036, 41.4896564 ], [ -71.3267618, 41.4890693 ], [ -71.3267396, 41.488777 ], [ -71.3265711, 41.488558 ], [ -71.3263882, 41.4882999 ], [ -71.3262779, 41.4881581 ], [ -71.3262775, 41.4878198 ], [ -71.3261606, 41.4878011 ], [ -71.3259589, 41.4877685 ], [ -71.3257763, 41.4877559 ], [ -71.3257779, 41.4878617 ], [ -71.3255718, 41.4878553 ], [ -71.3255487, 41.4878546 ], [ -71.3255486, 41.4879972 ], [ -71.3255486, 41.4880389 ], [ -71.325505, 41.4880389 ], [ -71.3253244, 41.4880388 ] ] } },
{ "type": "Feature", "properties": { "RCID": 308, "PRIM": 2, "GRUP": 2, "OBJL": 122, "RVER": 1, "AGEN": 550, "FIDN": 871161039, "FIDS": 8691, "LNAM": "022633ECDCCF21F3", "CATSLC": 10, "WATLEV": 2, "SORDAT": "20140818", "SORIND": "US,US,graph,GC-11187" }, "geometry": { "type": "LineString", "coordinates": [ [ -71.3885003, 41.5351607 ], [ -71.3885112, 41.5351404 ], [ -71.3885466, 41.5350748 ], [ -71.3885717, 41.5350285 ], [ -71.3885811, 41.535011 ], [ -71.3886347, 41.5349431 ], [ -71.3886902, 41.5348729 ] ] } },
{ "type": "Feature", "properties": { "RCID": 309, "PRIM": 2, "GRUP": 2, "OBJL": 122, "RVER": 1, "AGEN": 550, "FIDN": 812108967, "FIDS": 8691, "LNAM": "02263067CCA721F3", "CATSLC": 4, "WATLEV": 2, "SORDAT": "20140818", "SORIND": "US,US,graph,GC-11187" }, "geometry": { "type": "LineString", "coordinates": [ [ -71.3845173, 41.4977876 ], [ -71.3848689, 41.4978983 ] ] } },
{ "type": "Feature", "properties": { "RCID": 310, "PRIM": 2, "GRUP": 2, "OBJL": 122, "RVER": 1, "AGEN": 550, "FIDN": 541957894, "FIDS": 8691, "LNAM": "0226204D9F0621F3", "CATSLC": 4, "WATLEV": 2, "SORDAT": "20140818", "SORIND": "US,US,graph,GC-11187" }, "geometry": { "type": "LineString", "coordinates": [ [ -71.3831203, 41.5009264 ], [ -71.3834699, 41.5010878 ] ] } },
{ "type": "Feature", "properties": { "RCID": 311, "PRIM": 2, "GRUP": 2, "OBJL": 122, "RVER": 1, "AGEN": 550, "FIDN": 349414286, "FIDS": 8691, "LNAM": "022614D3A38E21F3", "CATSLC": 4, "WATLEV": 2, "SORDAT": "20140818", "SORIND": "US,US,graph,GC-11187" }, "geometry": { "type": "LineString", "coordinates": [ [ -71.378909, 41.484962 ], [ -71.3790984, 41.4849143 ] ] } },
{ "type": "Feature", "properties": { "RCID": 312, "PRIM": 2, "GRUP": 2, "OBJL": 122, "RVER": 1, "AGEN": 550, "FIDN": 220923347, "FIDS": 8691, "LNAM": "02260D2B05D321F3", "CATSLC": 8, "WATLEV": 2, "SORDAT": "20140818", "SORIND": "US,US,graph,GC-11187" }, "geometry": { "type": "LineString", "coordinates": [ [ -71.3300552, 41.5120957 ], [ -71.3302161, 41.5119661 ], [ -71.330265, 41.5119029 ], [ -71.3302524, 41.5118226 ], [ -71.3302902, 41.5117211 ], [ -71.3302628, 41.5116375 ], [ -71.3302285, 41.5115649 ] ] } },
{ "type": "Feature", "properties": { "RCID": 313, "PRIM": 2, "GRUP": 2, "OBJL": 122, "RVER": 1, "AGEN": 550, "FIDN": 383333742, "FIDS": 8691, "LNAM": "022616D9356E21F3", "CATSLC": 4, "WATLEV": 2, "SORDAT": "20140818", "SORIND": "US,US,graph,GC-11187" }, "geometry": { "type": "LineString", "coordinates": [ [ -71.3630659, 41.4893629 ], [ -71.3626581, 41.4893732 ], [ -71.3625877, 41.489375 ], [ -71.3624258, 41.4893795 ] ] } },
{ "type": "Feature", "properties": { "RCID": 314, "PRIM": 2, "GRUP": 2, "OBJL": 122, "RVER": 1, "AGEN": 550, "FIDN": 164311954, "FIDS": 8691, "LNAM": "022609CB339221F3", "CATSLC": 10, "WATLEV": 2, "SORDAT": "20140818", "SORIND": "US,US,graph,GC-11187" }, "geometry": { "type": "LineString", "coordinates": [ [ -71.3306295, 41.5095953 ], [ -71.3306886, 41.5092509 ], [ -71.3303713, 41.5093672 ] ] } },
{ "type": "Feature", "properties": { "RCID": 315, "PRIM": 2, "GRUP": 2, "OBJL": 122, "RVER": 1, "AGEN": 550, "FIDN": 541307336, "FIDS": 8691, "LNAM": "02262043B1C821F3", "CATSLC": 4, "WATLEV": 2, "SORDAT": "20140818", "SORIND": "US,US,graph,GC-11187" }, "geometry": { "type": "LineString", "coordinates": [ [ -71.3267954, 41.490816 ], [ -71.3266106, 41.490736 ], [ -71.3264701, 41.4906786 ], [ -71.3263225, 41.4906125 ], [ -71.3261658, 41.4905463 ], [ -71.325991, 41.490471 ], [ -71.3259399, 41.490266 ] ] } },
{ "type": "Feature", "properties": { "RCID": 316, "PRIM": 2, "GRUP": 2, "OBJL": 122, "RVER": 1, "AGEN": 550, "FIDN": 486834442, "FIDS": 8691, "LNAM": "02261D04810A21F3", "CATSLC": 10, "WATLEV": 2, "SORDAT": "20140818", "SORIND": "US,US,graph,GC-11187" }, "geometry": { "type": "LineString", "coordinates": [ [ -71.3410855, 41.5032075 ], [ -71.3411027, 41.5031646 ], [ -71.3414969, 41.5032542 ], [ -71.3414885, 41.5032753 ], [ -71.3414802, 41.5032958 ], [ -71.3414222, 41.5034401 ], [ -71.3413982, 41.5034998 ], [ -71.341004, 41.5034102 ], [ -71.3410278, 41.5033509 ], [ -71.3410855, 41.5032075 ] ] } },
{ "type": "Feature", "properties": { "RCID": 317, "PRIM": 2, "GRUP": 2, "OBJL": 122, "RVER": 1, "AGEN": 550, "FIDN": 448152424, "FIDS": 8691, "LNAM": "02261AB6436821F3", "CATSLC": 4, "WATLEV": 2, "SORDAT": "20140818", "SORIND": "US,US,graph,GC-11187" }, "geometry": { "type": "LineString", "coordinates": [ [ -71.3343345, 41.4790401 ], [ -71.3344311, 41.4790253 ], [ -71.3345418, 41.4790084 ], [ -71.33467, 41.4789888 ], [ -71.3347971, 41.4789693 ], [ -71.3349327, 41.4789485 ], [ -71.3350649, 41.4789283 ], [ -71.3352144, 41.4789054 ] ] } },
{ "type": "Feature", "properties": { "RCID": 318, "PRIM": 2, "GRUP": 2, "OBJL": 122, "RVER": 1, "AGEN": 550, "FIDN": 814939174, "FIDS": 8691, "LNAM": "02263092FC2621F3", "CATSLC": 10, "WATLEV": 2, "SORDAT": "20140818", "SORIND": "US,US,graph,GC-11187" }, "geometry": { "type": "LineString", "coordinates": [ [ -71.3303846, 41.5105844 ], [ -71.3303898, 41.5103619 ], [ -71.3303814, 41.5100628 ], [ -71.3303859, 41.5097751 ] ] } },
{ "type": "Feature", "properties": { "RCID": 319, "PRIM": 2, "GRUP": 2, "OBJL": 122, "RVER": 1, "AGEN": 550, "FIDN": 657296597, "FIDS": 8691, "LNAM": "0226272D8CD521F3", "CATSLC": 10, "WATLEV": 2, "SORDAT": "20140818", "SORIND": "US,US,graph,GC-11187" }, "geometry": { "type": "LineString", "coordinates": [ [ -71.3253244, 41.4880388 ], [ -71.3253301, 41.487892 ], [ -71.3253376, 41.4877007 ], [ -71.3253862, 41.4875574 ], [ -71.3254094, 41.4875582 ], [ -71.325518, 41.4875623 ], [ -71.3255181, 41.4875623 ], [ -71.3256818, 41.4875685 ], [ -71.3258882, 41.4875834 ], [ -71.3258972, 41.4875841 ], [ -71.3260266, 41.4875945 ], [ -71.3261459, 41.4874991 ], [ -71.3263499, 41.4872635 ], [ -71.3265098, 41.4870769 ], [ -71.3266453, 41.486921 ], [ -71.3267361, 41.486818 ], [ -71.3268167, 41.4867136 ], [ -71.326918, 41.4865881 ], [ -71.3269534, 41.486455 ], [ -71.3270111, 41.4863958 ], [ -71.327035, 41.4862162 ], [ -71.3270789, 41.4859032 ], [ -71.3271291, 41.485534 ], [ -71.3271484, 41.4854191 ], [ -71.3271628, 41.4852434 ], [ -71.3271628, 41.4849226 ], [ -71.3271603, 41.4847062 ], [ -71.327157, 41.4844383 ], [ -71.3271561, 41.4840656 ], [ -71.327151, 41.4838052 ], [ -71.3271409, 41.4834498 ] ] } },
{ "type": "Feature", "properties": { "RCID": 320, "PRIM": 2, "GRUP": 2, "OBJL": 122, "RVER": 1, "AGEN": 550, "FIDN": 234867951, "FIDS": 8691, "LNAM": "02260DFFCCEF21F3", "INFORM": "Bridge support" }, "geometry": { "type": "LineString", "coordinates": [ [ -71.3415785, 41.5034938 ], [ -71.3415716, 41.5034857 ], [ -71.3415669, 41.5034767 ], [ -71.3415659, 41.5034723 ], [ -71.3415647, 41.5034672 ], [ -71.341565, 41.5034576 ], [ -71.3415677, 41.5034481 ], [ -71.3415729, 41.5034393 ], [ -71.3415802, 41.5034314 ], [ -71.3415895, 41.5034247 ], [ -71.3416003, 41.5034196 ], [ -71.3416024, 41.5034188 ], [ -71.3415972, 41.5034135 ], [ -71.3415935, 41.5034076 ], [ -71.3415913, 41.5034013 ], [ -71.3415908, 41.5033962 ], [ -71.3415917, 41.5033897 ], [ -71.3415942, 41.5033834 ], [ -71.3415983, 41.5033777 ], [ -71.3416009, 41.503375 ], [ -71.3416012, 41.5033638 ], [ -71.3416043, 41.5033528 ], [ -71.3416103, 41.5033425 ], [ -71.3416188, 41.5033332 ], [ -71.3416261, 41.503328 ], [ -71.3416296, 41.5033254 ], [ -71.3416422, 41.5033193 ], [ -71.3416561, 41.5033152 ], [ -71.3416615, 41.5033142 ], [ -71.3416764, 41.503313 ], [ -71.3416914, 41.503314 ], [ -71.3417057, 41.5033171 ], [ -71.341719, 41.5033224 ], [ -71.3417306, 41.5033294 ], [ -71.3417402, 41.5033381 ], [ -71.3417467, 41.5033467 ], [ -71.3417554, 41.5033478 ], [ -71.3417636, 41.5033501 ], [ -71.3417711, 41.5033536 ], [ -71.3417776, 41.5033581 ], [ -71.3417817, 41.5033623 ], [ -71.341782, 41.5033626 ], [ -71.3417859, 41.5033686 ], [ -71.3417882, 41.503375 ], [ -71.3417888, 41.5033816 ], [ -71.3417877, 41.503388 ], [ -71.3418004, 41.5033916 ], [ -71.3418119, 41.503397 ], [ -71.3418218, 41.503404 ], [ -71.3418298, 41.5034124 ], [ -71.3418353, 41.5034217 ], [ -71.3418384, 41.5034317 ], [ -71.3418388, 41.5034419 ], [ -71.3418366, 41.503452 ], [ -71.3418331, 41.5034594 ], [ -71.3418264, 41.5034684 ], [ -71.3418175, 41.5034761 ], [ -71.3418068, 41.5034824 ], [ -71.3417946, 41.503487 ], [ -71.3417815, 41.5034898 ], [ -71.341768, 41.5034905 ], [ -71.3417545, 41.5034893 ], [ -71.3417415, 41.5034861 ], [ -71.3417316, 41.5034821 ], [ -71.34173, 41.5034862 ], [ -71.3417274, 41.5034901 ], [ -71.3417239, 41.5034935 ], [ -71.3417195, 41.5034963 ], [ -71.3417144, 41.5034985 ], [ -71.3417119, 41.5034992 ], [ -71.3417062, 41.5035002 ], [ -71.3417005, 41.5035003 ], [ -71.3416948, 41.5034996 ], [ -71.3416894, 41.503498 ], [ -71.3416845, 41.5034957 ], [ -71.3416815, 41.5034936 ], [ -71.3416769, 41.5034972 ], [ -71.3416726, 41.5035006 ], [ -71.3416621, 41.5035062 ], [ -71.3416504, 41.5035101 ], [ -71.3416379, 41.5035122 ], [ -71.3416251, 41.5035124 ], [ -71.3416125, 41.5035108 ], [ -71.3416005, 41.5035073 ], [ -71.3415897, 41.5035021 ], [ -71.3415804, 41.5034955 ], [ -71.3415785, 41.5034938 ] ] } },
{ "type": "Feature", "properties": { "RCID": 321, "PRIM": 2, "GRUP": 2, "OBJL": 122, "RVER": 1, "AGEN": 550, "FIDN": 843080608, "FIDS": 8691, "LNAM": "0226324063A021F3", "CATSLC": 4, "WATLEV": 2, "SORDAT": "20140818", "SORIND": "US,US,graph,GC-11187" }, "geometry": { "type": "LineString", "coordinates": [ [ -71.3593695, 41.4828876 ], [ -71.3594501, 41.4830002 ], [ -71.359532, 41.4830933 ] ] } },
{ "type": "Feature", "properties": { "RCID": 322, "PRIM": 2, "GRUP": 2, "OBJL": 122, "RVER": 1, "AGEN": 550, "FIDN": 274420688, "FIDS": 8691, "LNAM": "0226105B53D021F3", "CATSLC": 4, "WATLEV": 2, "SORDAT": "20180505", "SORIND": "US,US,graph,GC-11431" }, "geometry": { "type": "LineString", "coordinates": [ [ -71.3352325, 41.4779839 ], [ -71.3352179, 41.4779845 ], [ -71.3349977, 41.4779923 ], [ -71.3345457, 41.4780085 ] ] } },
{ "type": "Feature", "properties": { "RCID": 323, "PRIM": 2, "GRUP": 2, "OBJL": 122, "RVER": 1, "AGEN": 550, "FIDN": 213249543, "FIDS": 8691, "LNAM": "02260CB5EE0721F3", "CATSLC": 8, "WATLEV": 2, "SORDAT": "20140818", "SORIND": "US,US,graph,GC-11187" }, "geometry": { "type": "LineString", "coordinates": [ [ -71.3412034, 41.4768902 ], [ -71.3411962, 41.4770436 ], [ -71.3411689, 41.4771399 ], [ -71.3410907, 41.4772261 ], [ -71.3409793, 41.4772901 ], [ -71.3409057, 41.4773415 ], [ -71.3407481, 41.4774778 ], [ -71.3405843, 41.4776238 ], [ -71.3404891, 41.477712 ], [ -71.3403369, 41.4778661 ], [ -71.3401451, 41.4780431 ], [ -71.3400129, 41.4781961 ] ] } },
{ "type": "Feature", "properties": { "RCID": 324, "PRIM": 2, "GRUP": 2, "OBJL": 122, "RVER": 1, "AGEN": 550, "FIDN": 11061814, "FIDS": 8691, "LNAM": "022600A8CA3621F3", "CATSLC": 10, "WATLEV": 2, "SORDAT": "20140818", "SORIND": "US,US,graph,GC-11187" }, "geometry": { "type": "LineString", "coordinates": [ [ -71.3668732, 41.4955474 ], [ -71.3667082, 41.4955094 ], [ -71.3665573, 41.4955092 ], [ -71.3665315, 41.4955091 ], [ -71.3665299, 41.495615 ], [ -71.3664988, 41.4956295 ], [ -71.3663288, 41.4957086 ], [ -71.3661338, 41.4956215 ], [ -71.3662934, 41.495809 ], [ -71.3663043, 41.4958218 ], [ -71.366377, 41.4958243 ], [ -71.3666625, 41.4958341 ], [ -71.3668245, 41.4961735 ], [ -71.3665845, 41.4961892 ], [ -71.3664599, 41.4961921 ], [ -71.3664579, 41.4963075 ], [ -71.3664569, 41.4963661 ], [ -71.3664555, 41.4964504 ], [ -71.3664544, 41.4965095 ], [ -71.3665788, 41.4965216 ] ] } },
{ "type": "Feature", "properties": { "RCID": 325, "PRIM": 2, "GRUP": 2, "OBJL": 122, "RVER": 1, "AGEN": 550, "FIDN": 906805450, "FIDS": 8691, "LNAM": "0226360CC0CA21F3", "CATSLC": 10, "WATLEV": 2, "SORDAT": "20140818", "SORIND": "US,US,graph,GC-11187" }, "geometry": { "type": "LineString", "coordinates": [ [ -71.364963, 41.500135 ], [ -71.3651761, 41.4998696 ], [ -71.3652173, 41.4998076 ], [ -71.3652991, 41.4996841 ], [ -71.3653719, 41.4995811 ], [ -71.3654417, 41.4994977 ], [ -71.365577, 41.4994078 ], [ -71.3657615, 41.4993475 ], [ -71.3660095, 41.499211 ], [ -71.3660875, 41.4991501 ], [ -71.3662219, 41.4990253 ] ] } },
{ "type": "Feature", "properties": { "RCID": 326, "PRIM": 2, "GRUP": 2, "OBJL": 122, "RVER": 1, "AGEN": 550, "FIDN": 315981290, "FIDS": 8691, "LNAM": "022612D57DEA21F3", "CATSLC": 10, "WATLEV": 2, "SORDAT": "20140818", "SORIND": "US,US,graph,GC-11187" }, "geometry": { "type": "LineString", "coordinates": [ [ -71.3575393, 41.4782919 ], [ -71.3572955, 41.4783029 ], [ -71.3570841, 41.4782715 ], [ -71.3569871, 41.4786034 ], [ -71.3569158, 41.4788365 ], [ -71.3568776, 41.4789614 ], [ -71.3569756, 41.4789639 ], [ -71.3570792, 41.4789665 ], [ -71.3570716, 41.4788355 ], [ -71.3571825, 41.4788382 ], [ -71.3574683, 41.4788454 ], [ -71.3574781, 41.4788456 ], [ -71.3576968, 41.4788503 ] ] } },
{ "type": "Feature", "properties": { "RCID": 327, "PRIM": 2, "GRUP": 2, "OBJL": 122, "RVER": 1, "AGEN": 550, "FIDN": 752965067, "FIDS": 8691, "LNAM": "02262CE155CB21F3", "CATSLC": 4, "WATLEV": 2, "SORDAT": "20140818", "SORIND": "US,US,graph,GC-11187" }, "geometry": { "type": "LineString", "coordinates": [ [ -71.3258025, 41.4772155 ], [ -71.3256416, 41.4770573 ], [ -71.3255718, 41.4769691 ], [ -71.3254783, 41.476851 ], [ -71.3256427, 41.4767745 ], [ -71.3257715, 41.4767003 ] ] } },
{ "type": "Feature", "properties": { "RCID": 328, "PRIM": 2, "GRUP": 2, "OBJL": 122, "RVER": 1, "AGEN": 550, "FIDN": 828781448, "FIDS": 8691, "LNAM": "02263166338821F3", "CATSLC": 4, "WATLEV": 2, "SORDAT": "20140818", "SORIND": "US,US,graph,GC-11187" }, "geometry": { "type": "LineString", "coordinates": [ [ -71.33451, 41.477746 ], [ -71.3344842, 41.4774147 ], [ -71.3344648, 41.4771656 ] ] } },
{ "type": "Feature", "properties": { "RCID": 329, "PRIM": 2, "GRUP": 2, "OBJL": 122, "RVER": 1, "AGEN": 550, "FIDN": 568970901, "FIDS": 8691, "LNAM": "022621E9CE9521F3", "CATSLC": 4, "WATLEV": 2, "SORDAT": "20140818", "SORIND": "US,US,graph,GC-11187" }, "geometry": { "type": "LineString", "coordinates": [ [ -71.3272436, 41.475 ], [ -71.3272745, 41.4750793 ], [ -71.327089, 41.4751227 ] ] } },
{ "type": "Feature", "properties": { "RCID": 330, "PRIM": 2, "GRUP": 2, "OBJL": 122, "RVER": 1, "AGEN": 550, "FIDN": 445634131, "FIDS": 8691, "LNAM": "02261A8FD65321F3", "CATSLC": 10, "WATLEV": 2, "SORDAT": "20140818", "SORIND": "US,US,graph,GC-11187" }, "geometry": { "type": "LineString", "coordinates": [ [ -71.325, 41.5073654 ], [ -71.3250995, 41.5071669 ], [ -71.325, 41.5071366 ] ] } },
{ "type": "Feature", "properties": { "RCID": 331, "PRIM": 2, "GRUP": 2, "OBJL": 122, "RVER": 1, "AGEN": 550, "FIDN": 55791648, "FIDS": 8691, "LNAM": "02260353502021F3", "CATSLC": 4, "CONDTN": 2, "WATLEV": 3, "SORDAT": "20140818", "SORIND": "US,US,graph,GC-11187, DD-29210(CEF)" }, "geometry": { "type": "LineString", "coordinates": [ [ -71.3350348, 41.4787159 ], [ -71.3350649, 41.4789283 ] ] } },
{ "type": "Feature", "properties": { "RCID": 332, "PRIM": 2, "GRUP": 2, "OBJL": 122, "RVER": 1, "AGEN": 550, "FIDN": 427149125, "FIDS": 8691, "LNAM": "02261975C74521F3", "CATSLC": 10, "WATLEV": 2, "SORDAT": "20140818", "SORIND": "US,US,graph,GC-11187" }, "geometry": { "type": "LineString", "coordinates": [ [ -71.325, 41.5070773 ], [ -71.3252245, 41.5066303 ], [ -71.3252314, 41.5066145 ], [ -71.325276, 41.5065116 ], [ -71.3252811, 41.5064998 ], [ -71.3252911, 41.5065017 ], [ -71.3257946, 41.5065978 ], [ -71.3258558, 41.5066095 ], [ -71.3259902, 41.506637 ], [ -71.3259907, 41.5066371 ], [ -71.3266737, 41.5067769 ], [ -71.3268211, 41.5064651 ], [ -71.3269841, 41.5061511 ], [ -71.3270529, 41.5060076 ], [ -71.3269254, 41.5059315 ], [ -71.3269384, 41.5059063 ], [ -71.3269898, 41.5058067 ], [ -71.3271157, 41.5058372 ], [ -71.3271322, 41.5058412 ], [ -71.3271977, 41.505712 ], [ -71.3272401, 41.5056259 ], [ -71.3272857, 41.5055326 ], [ -71.3273368, 41.5054318 ], [ -71.3273757, 41.5053553 ], [ -71.327408, 41.5052919 ], [ -71.327442, 41.5052196 ], [ -71.3274553, 41.5051913 ], [ -71.3274243, 41.5050728 ], [ -71.3272607, 41.5049841 ], [ -71.3272448, 41.5049756 ], [ -71.3270777, 41.5048856 ], [ -71.3270718, 41.5048823 ], [ -71.3267307, 41.5046999 ], [ -71.3266078, 41.5046316 ], [ -71.3261665, 41.5043861 ], [ -71.3261622, 41.504384 ], [ -71.3260433, 41.5043241 ], [ -71.3260187, 41.5043117 ], [ -71.3257647, 41.5041744 ], [ -71.3256133, 41.5040926 ], [ -71.3256034, 41.5040692 ], [ -71.3252924, 41.5033347 ], [ -71.325433, 41.5032973 ], [ -71.3255306, 41.5032714 ], [ -71.3255314, 41.5032722 ], [ -71.3260888, 41.5038172 ], [ -71.3264185, 41.5039087 ], [ -71.3272027, 41.5041263 ], [ -71.3275749, 41.5042025 ], [ -71.3276629, 41.5042562 ], [ -71.3280696, 41.504357 ], [ -71.3281695, 41.5045513 ], [ -71.328197, 41.504605 ], [ -71.328243, 41.5046557 ], [ -71.3282879, 41.5047054 ] ] } },
{ "type": "Feature", "properties": { "RCID": 333, "PRIM": 2, "GRUP": 2, "OBJL": 122, "RVER": 1, "AGEN": 550, "FIDN": 821206980, "FIDS": 8691, "LNAM": "022630F29FC421F3", "CATSLC": 4, "WATLEV": 3, "SORDAT": "200504", "SORIND": "US,US,graph,Chart 13223" }, "geometry": { "type": "LineString", "coordinates": [ [ -71.3648894, 41.5174292 ], [ -71.3646921, 41.5173982 ] ] } },
{ "type": "Feature", "properties": { "RCID": 334, "PRIM": 2, "GRUP": 2, "OBJL": 122, "RVER": 1, "AGEN": 550, "FIDN": 644908805, "FIDS": 8691, "LNAM": "02262670870521F3", "CATSLC": 4, "WATLEV": 4, "SORDAT": "20050620", "SORIND": "US,US,graph,GC-10585" }, "geometry": { "type": "LineString", "coordinates": [ [ -71.3365745, 41.4806328 ], [ -71.3364308, 41.4806585 ] ] } },
{ "type": "Feature", "properties": { "RCID": 335, "PRIM": 2, "GRUP": 2, "OBJL": 122, "RVER": 1, "AGEN": 550, "FIDN": 609967853, "FIDS": 8691, "LNAM": "0226245B5EED21F3", "CATSLC": 4, "WATLEV": 3, "SORDAT": "200504", "SORIND": "US,US,graph,Chart 13223" }, "geometry": { "type": "LineString", "coordinates": [ [ -71.385986, 41.5445961 ], [ -71.3862999, 41.5445806 ] ] } },
{ "type": "Feature", "properties": { "RCID": 336, "PRIM": 2, "GRUP": 2, "OBJL": 122, "RVER": 1, "AGEN": 550, "FIDN": 743197879, "FIDS": 8691, "LNAM": "02262C4C4CB721F3", "CATSLC": 4, "WATLEV": 3, "SORDAT": "200504", "SORIND": "US,US,graph,Chart 13223" }, "geometry": { "type": "LineString", "coordinates": [ [ -71.3601466, 41.4842674 ], [ -71.3598807, 41.4842801 ], [ -71.3596184, 41.4842882 ] ] } },
{ "type": "Feature", "properties": { "RCID": 337, "PRIM": 2, "GRUP": 2, "OBJL": 122, "RVER": 1, "AGEN": 550, "FIDN": 892554690, "FIDS": 8691, "LNAM": "022635334DC221F3", "CATSLC": 4, "WATLEV": 4, "SORDAT": "200504", "SORIND": "US,US,graph,Chart 13223" }, "geometry": { "type": "LineString", "coordinates": [ [ -71.3651413, 41.5174687 ], [ -71.3648894, 41.5174292 ] ] } },
{ "type": "Feature", "properties": { "RCID": 338, "PRIM": 2, "GRUP": 2, "OBJL": 122, "RVER": 1, "AGEN": 550, "FIDN": 289926503, "FIDS": 8691, "LNAM": "02261147ED6721F3", "CATSLC": 4, "WATLEV": 3, "SORDAT": "20050620", "SORIND": "US,US,graph,GC-10585" }, "geometry": { "type": "LineString", "coordinates": [ [ -71.3618037, 41.524704 ], [ -71.3617119, 41.5247157 ] ] } },
{ "type": "Feature", "properties": { "RCID": 339, "PRIM": 2, "GRUP": 2, "OBJL": 122, "RVER": 1, "AGEN": 550, "FIDN": 250782541, "FIDS": 8691, "LNAM": "02260EF2A34D21F3", "CATSLC": 4, "WATLEV": 3, "SORDAT": "20050620", "SORIND": "US,US,graph,GC-10585" }, "geometry": { "type": "LineString", "coordinates": [ [ -71.3364308, 41.4806585 ], [ -71.3362749, 41.4806864 ] ] } },
{ "type": "Feature", "properties": { "RCID": 340, "PRIM": 2, "GRUP": 2, "OBJL": 122, "RVER": 1, "AGEN": 550, "FIDN": 32393856, "FIDS": 8691, "LNAM": "022601EE4A8021F3", "CATSLC": 4, "WATLEV": 3, "SORDAT": "200504", "SORIND": "US,US,graph,Chart 13223" }, "geometry": { "type": "LineString", "coordinates": [ [ -71.3925275, 41.5210719 ], [ -71.3926283, 41.5210683 ] ] } },
{ "type": "Feature", "properties": { "RCID": 341, "PRIM": 2, "GRUP": 2, "OBJL": 122, "RVER": 1, "AGEN": 550, "FIDN": 399766057, "FIDS": 8691, "LNAM": "022617D3F22921F3", "CATSLC": 14, "WATLEV": 2, "SORDAT": "200906", "SORIND": "US,US,graph,Chart 13223" }, "geometry": { "type": "LineString", "coordinates": [ [ -71.3966201, 41.5271997 ], [ -71.3966146, 41.5271904 ], [ -71.3965523, 41.5270849 ] ] } },
{ "type": "Feature", "properties": { "RCID": 342, "PRIM": 2, "GRUP": 2, "OBJL": 122, "RVER": 1, "AGEN": 550, "FIDN": 472790647, "FIDS": 8691, "LNAM": "02261C2E367721F3", "CATSLC": 4, "WATLEV": 2, "SORDAT": "20140818", "SORIND": "US,US,graph,GC-11187" }, "geometry": { "type": "LineString", "coordinates": [ [ -71.3923686, 41.5219066 ], [ -71.3926464, 41.5218993 ], [ -71.3926963, 41.521901 ] ] } },
{ "type": "Feature", "properties": { "RCID": 343, "PRIM": 2, "GRUP": 2, "OBJL": 122, "RVER": 1, "AGEN": 550, "FIDN": 615565519, "FIDS": 8691, "LNAM": "022624B0C8CF21F3", "CATSLC": 8, "WATLEV": 2, "SORDAT": "20140818", "SORIND": "US,US,graph,GC-11187" }, "geometry": { "type": "LineString", "coordinates": [ [ -71.3303224, 41.5108396 ], [ -71.3303455, 41.5107534 ], [ -71.3303846, 41.5105844 ] ] } },
{ "type": "Feature", "properties": { "RCID": 344, "PRIM": 2, "GRUP": 2, "OBJL": 122, "RVER": 1, "AGEN": 550, "FIDN": 567545026, "FIDS": 8691, "LNAM": "022621D40CC221F3", "CATSLC": 10, "WATLEV": 2, "SORDAT": "20140818", "SORIND": "US,US,graph,GC-11187" }, "geometry": { "type": "LineString", "coordinates": [ [ -71.3961415, 41.5035054 ], [ -71.3960801, 41.5034263 ], [ -71.3961704, 41.5033818 ], [ -71.3962521, 41.5033416 ], [ -71.3963388, 41.503451 ] ] } },
{ "type": "Feature", "properties": { "RCID": 345, "PRIM": 2, "GRUP": 2, "OBJL": 122, "RVER": 1, "AGEN": 550, "FIDN": 159341661, "FIDS": 8691, "LNAM": "0226097F5C5D21F3", "CATSLC": 2, "WATLEV": 4, "SORDAT": "20140818", "SORIND": "US,US,graph,GC-11187" }, "geometry": { "type": "LineString", "coordinates": [ [ -71.3795153, 41.4867765 ], [ -71.3797182, 41.4866343 ], [ -71.3797739, 41.4865862 ] ] } },
{ "type": "Feature", "properties": { "RCID": 346, "PRIM": 2, "GRUP": 2, "OBJL": 122, "RVER": 1, "AGEN": 550, "FIDN": 560743543, "FIDS": 8691, "LNAM": "0226216C447721F3", "CATSLC": 2, "WATLEV": 4, "SORDAT": "20140818", "SORIND": "US,US,graph,GC-11187" }, "geometry": { "type": "LineString", "coordinates": [ [ -71.3646671, 41.5177259 ], [ -71.3644387, 41.5175858 ] ] } },
{ "type": "Feature", "properties": { "RCID": 347, "PRIM": 2, "GRUP": 2, "OBJL": 122, "RVER": 1, "AGEN": 550, "FIDN": 504417483, "FIDS": 8691, "LNAM": "02261E10CCCB21F3", "CATSLC": 4, "WATLEV": 2, "SORDAT": "20140818", "SORIND": "US,US,graph,GC-11187" }, "geometry": { "type": "LineString", "coordinates": [ [ -71.3258972, 41.4875841 ], [ -71.3259339, 41.487267 ] ] } },
{ "type": "Feature", "properties": { "RCID": 348, "PRIM": 2, "GRUP": 2, "OBJL": 122, "RVER": 1, "AGEN": 550, "FIDN": 269870186, "FIDS": 8691, "LNAM": "02261015E46A21F3", "CATSLC": 8, "WATLEV": 2, "SORDAT": "20140818", "SORIND": "US,US,graph,GC-11187" }, "geometry": { "type": "LineString", "coordinates": [ [ -71.3966347, 41.494467 ], [ -71.3967397, 41.494385 ], [ -71.396781, 41.4942803 ], [ -71.3968114, 41.4942052 ], [ -71.3968604, 41.4940448 ] ] } },
{ "type": "Feature", "properties": { "RCID": 349, "PRIM": 2, "GRUP": 2, "OBJL": 122, "RVER": 1, "AGEN": 550, "FIDN": 830365602, "FIDS": 8691, "LNAM": "0226317E5FA221F3", "CATSLC": 4, "WATLEV": 2, "SORDAT": "20140818", "SORIND": "US,US,graph,GC-11187" }, "geometry": { "type": "LineString", "coordinates": [ [ -71.3658834, 41.5148543 ], [ -71.365557, 41.5148402 ] ] } },
{ "type": "Feature", "properties": { "RCID": 350, "PRIM": 2, "GRUP": 2, "OBJL": 122, "RVER": 1, "AGEN": 550, "FIDN": 729768335, "FIDS": 8691, "LNAM": "02262B7F618F21F3", "CATSLC": 8, "WATLEV": 2, "SORDAT": "20140818", "SORIND": "US,US,graph,GC-11187" }, "geometry": { "type": "LineString", "coordinates": [ [ -71.3397755, 41.4783443 ], [ -71.3396921, 41.4784001 ], [ -71.3395418, 41.4785522 ], [ -71.3394378, 41.4786401 ] ] } },
{ "type": "Feature", "properties": { "RCID": 351, "PRIM": 2, "GRUP": 2, "OBJL": 122, "RVER": 1, "AGEN": 550, "FIDN": 209815255, "FIDS": 8691, "LNAM": "02260C8186D721F3", "CATSLC": 10, "WATLEV": 2, "SORDAT": "20140818", "SORIND": "US,US,graph,GC-11187" }, "geometry": { "type": "LineString", "coordinates": [ [ -71.3415849, 41.4762588 ], [ -71.3414992, 41.4763291 ], [ -71.3413604, 41.4764661 ], [ -71.3413411, 41.4764914 ], [ -71.3413135, 41.4765275 ] ] } },
{ "type": "Feature", "properties": { "RCID": 352, "PRIM": 2, "GRUP": 2, "OBJL": 122, "RVER": 1, "AGEN": 550, "FIDN": 464818713, "FIDS": 8691, "LNAM": "02261BB4921921F3", "CATSLC": 10, "WATLEV": 2, "SORDAT": "20140818", "SORIND": "US,US,graph,GC-11187" }, "geometry": { "type": "LineString", "coordinates": [ [ -71.3271459, 41.493243 ], [ -71.3271534, 41.4933755 ], [ -71.3269702, 41.4933804 ], [ -71.326958, 41.4932423 ] ] } },
{ "type": "Feature", "properties": { "RCID": 353, "PRIM": 2, "GRUP": 2, "OBJL": 122, "RVER": 1, "AGEN": 550, "FIDN": 783185574, "FIDS": 8691, "LNAM": "02262EAE76A621F3", "CATSLC": 4, "CONDTN": 2, "WATLEV": 3, "SORDAT": "20140818", "SORIND": "US,US,graph,GC-11187, DD-29210(CEF)" }, "geometry": { "type": "LineString", "coordinates": [ [ -71.3960943, 41.4940221 ], [ -71.3963667, 41.4940352 ], [ -71.3965047, 41.4940418 ] ] } },
{ "type": "Feature", "properties": { "RCID": 354, "PRIM": 2, "GRUP": 2, "OBJL": 122, "RVER": 1, "AGEN": 550, "FIDN": 710104745, "FIDS": 8691, "LNAM": "02262A5356A921F3", "CATSLC": 4, "WATLEV": 4, "SORDAT": "20050620", "SORIND": "US,US,graph,GC-10585" }, "geometry": { "type": "LineString", "coordinates": [ [ -71.3456993, 41.5327766 ], [ -71.3458467, 41.5327413 ] ] } },
{ "type": "Feature", "properties": { "RCID": 355, "PRIM": 2, "GRUP": 2, "OBJL": 122, "RVER": 1, "AGEN": 550, "FIDN": 725022306, "FIDS": 8691, "LNAM": "02262B36F66221F3", "CATSLC": 4, "CONDTN": 2, "WATLEV": 3, "SORDAT": "200504", "SORIND": "US,US,graph,Chart 13223" }, "geometry": { "type": "LineString", "coordinates": [ [ -71.330679, 41.5172343 ], [ -71.3301844, 41.5172415 ] ] } },
{ "type": "Feature", "properties": { "RCID": 356, "PRIM": 2, "GRUP": 2, "OBJL": 122, "RVER": 1, "AGEN": 550, "FIDN": 701864448, "FIDS": 8691, "LNAM": "022629D59A0021F3", "CATSLC": 4, "CONDTN": 2, "WATLEV": 3, "SORDAT": "200504", "SORIND": "US,US,graph,Chart 13223" }, "geometry": { "type": "LineString", "coordinates": [ [ -71.3431513, 41.5361097 ], [ -71.3430656, 41.5359773 ] ] } },
{ "type": "Feature", "properties": { "RCID": 357, "PRIM": 2, "GRUP": 2, "OBJL": 122, "RVER": 1, "AGEN": 550, "FIDN": 619448416, "FIDS": 8691, "LNAM": "022624EC086021F3", "CATSLC": 4, "WATLEV": 2, "SORDAT": "20050620", "SORIND": "US,US,graph,GC-10585" }, "geometry": { "type": "LineString", "coordinates": [ [ -71.3648525, 41.5385892 ], [ -71.3647064, 41.5385917 ], [ -71.3645858, 41.5385938 ], [ -71.3644011, 41.5385969 ], [ -71.3642937, 41.5385988 ] ] } },
{ "type": "Feature", "properties": { "RCID": 358, "PRIM": 2, "GRUP": 2, "OBJL": 122, "RVER": 1, "AGEN": 550, "FIDN": 127982991, "FIDS": 8691, "LNAM": "022607A0DD8F21F3", "CATSLC": 4, "WATLEV": 2, "SORDAT": "20050620", "SORIND": "US,US,graph,GC-10585" }, "geometry": { "type": "LineString", "coordinates": [ [ -71.3856897, 41.5391556 ], [ -71.3859289, 41.5391989 ], [ -71.3859337, 41.5391998 ] ] } },
{ "type": "Feature", "properties": { "RCID": 359, "PRIM": 2, "GRUP": 2, "OBJL": 122, "RVER": 1, "AGEN": 550, "FIDN": 569118318, "FIDS": 8691, "LNAM": "022621EC0E6E21F3", "CATSLC": 4, "CONDTN": 2, "WATLEV": 3, "SORDAT": "20140818", "SORIND": "US,US,graph,GC-11187, DD-29210(CEF)" }, "geometry": { "type": "LineString", "coordinates": [ [ -71.3964857, 41.494144 ], [ -71.3963418, 41.4941346 ], [ -71.3960665, 41.4941166 ] ] } },
{ "type": "Feature", "properties": { "RCID": 360, "PRIM": 2, "GRUP": 2, "OBJL": 122, "RVER": 1, "AGEN": 550, "FIDN": 159247278, "FIDS": 8691, "LNAM": "0226097DEBAE21F3", "CATSLC": 4, "WATLEV": 2, "SORDAT": "20050620", "SORIND": "US,US,graph,GC-10585" }, "geometry": { "type": "LineString", "coordinates": [ [ -71.362867, 41.5208269 ], [ -71.3626771, 41.5208328 ], [ -71.3625126, 41.520838 ] ] } },
{ "type": "Feature", "properties": { "RCID": 361, "PRIM": 2, "GRUP": 2, "OBJL": 122, "RVER": 1, "AGEN": 550, "FIDN": 211502601, "FIDS": 8691, "LNAM": "02260C9B460921F3", "CATSLC": 4, "WATLEV": 2, "SORDAT": "20050620", "SORIND": "US,US,graph,GC-10585" }, "geometry": { "type": "LineString", "coordinates": [ [ -71.3600492, 41.5498132 ], [ -71.3598741, 41.5497875 ], [ -71.3597243, 41.5497656 ] ] } },
{ "type": "Feature", "properties": { "RCID": 362, "PRIM": 2, "GRUP": 2, "OBJL": 122, "RVER": 1, "AGEN": 550, "FIDN": 619392627, "FIDS": 8691, "LNAM": "022624EB2E7321F3", "CATSLC": 4, "WATLEV": 2, "SORDAT": "20050620", "SORIND": "US,US,graph,GC-10585" }, "geometry": { "type": "LineString", "coordinates": [ [ -71.3454945, 41.5375702 ], [ -71.3456452, 41.5377795 ], [ -71.3457404, 41.5379363 ], [ -71.3457434, 41.5379413 ], [ -71.3457703, 41.538002 ], [ -71.3458035, 41.5380591 ], [ -71.3458405, 41.5381264 ], [ -71.3458557, 41.5381603 ], [ -71.3458764, 41.5382663 ], [ -71.34588, 41.5382849 ], [ -71.3459066, 41.5385111 ], [ -71.3459373, 41.5387717 ], [ -71.3459817, 41.5392386 ], [ -71.3459874, 41.539299 ], [ -71.3459905, 41.5393644 ], [ -71.3459975, 41.5395119 ], [ -71.3460041, 41.5396527 ], [ -71.3460112, 41.5398019 ], [ -71.3460113, 41.5398049 ], [ -71.3456735, 41.5398317 ], [ -71.3456603, 41.5397722 ], [ -71.3456533, 41.5396645 ], [ -71.3456433, 41.5395105 ], [ -71.3456426, 41.5395001 ], [ -71.3456306, 41.539482 ], [ -71.3456177, 41.5394625 ], [ -71.3455464, 41.5393544 ], [ -71.3454635, 41.5393549 ], [ -71.3454416, 41.539355 ], [ -71.3453479, 41.5393629 ], [ -71.3453475, 41.5393599 ], [ -71.3453417, 41.5393192 ], [ -71.3454978, 41.5393071 ], [ -71.3457301, 41.5392891 ], [ -71.3456675, 41.5385292 ], [ -71.3456651, 41.5385005 ], [ -71.3456643, 41.5384944 ], [ -71.3456308, 41.5382455 ], [ -71.3456026, 41.5381548 ], [ -71.3455421, 41.5380599 ], [ -71.3454844, 41.5379695 ], [ -71.3454476, 41.5379165 ], [ -71.3453702, 41.5378052 ] ] } },
{ "type": "Feature", "properties": { "RCID": 363, "PRIM": 2, "GRUP": 2, "OBJL": 122, "RVER": 1, "AGEN": 550, "FIDN": 563001405, "FIDS": 8691, "LNAM": "0226218EB83D21F3", "CATSLC": 4, "CONDTN": 2, "WATLEV": 3, "SORDAT": "20140818", "SORIND": "US,US,graph,GC-11187, DD-29210(CEF)" }, "geometry": { "type": "LineString", "coordinates": [ [ -71.3850877, 41.4959008 ], [ -71.3850886, 41.4957535 ] ] } },
{ "type": "Feature", "properties": { "RCID": 364, "PRIM": 2, "GRUP": 2, "OBJL": 122, "RVER": 1, "AGEN": 550, "FIDN": 959476895, "FIDS": 8691, "LNAM": "02263930749F21F3", "CATSLC": 4, "WATLEV": 3, "SORDAT": "200504", "SORIND": "US,US,graph,Chart 13223" }, "geometry": { "type": "LineString", "coordinates": [ [ -71.3619146, 41.5224943 ], [ -71.3616489, 41.5224527 ] ] } },
{ "type": "Feature", "properties": { "RCID": 365, "PRIM": 2, "GRUP": 2, "OBJL": 122, "RVER": 1, "AGEN": 550, "FIDN": 226793056, "FIDS": 8691, "LNAM": "02260D84966021F3", "CATSLC": 4, "WATLEV": 2, "SORDAT": "20050620", "SORIND": "US,US,graph,GC-10585" }, "geometry": { "type": "LineString", "coordinates": [ [ -71.3637762, 41.535073 ], [ -71.3637632, 41.5350821 ], [ -71.3636709, 41.5351127 ], [ -71.3632705, 41.5352453 ], [ -71.3632475, 41.5352019 ], [ -71.3632378, 41.5351836 ] ] } },
{ "type": "Feature", "properties": { "RCID": 366, "PRIM": 2, "GRUP": 2, "OBJL": 122, "RVER": 1, "AGEN": 550, "FIDN": 249977972, "FIDS": 8691, "LNAM": "02260EE65C7421F3", "CATSLC": 8, "WATLEV": 2, "SORDAT": "20140818", "SORIND": "US,US,graph,GC-11187" }, "geometry": { "type": "LineString", "coordinates": [ [ -71.3367852, 41.4809168 ], [ -71.3368386, 41.4808489 ], [ -71.3370084, 41.4807907 ], [ -71.3371027, 41.4807586 ] ] } },
{ "type": "Feature", "properties": { "RCID": 367, "PRIM": 2, "GRUP": 2, "OBJL": 122, "RVER": 1, "AGEN": 550, "FIDN": 725619384, "FIDS": 8691, "LNAM": "02262B4012B821F3", "CATSLC": 10, "WATLEV": 2, "SORDAT": "20140818", "SORIND": "US,US,graph,GC-11187" }, "geometry": { "type": "LineString", "coordinates": [ [ -71.328285, 41.4923151 ], [ -71.3283823, 41.4920764 ], [ -71.3284889, 41.4917996 ], [ -71.3285166, 41.4917274 ], [ -71.3285703, 41.4915873 ], [ -71.3285639, 41.4915528 ], [ -71.3285544, 41.4915027 ], [ -71.3285082, 41.4912297 ], [ -71.3284712, 41.4909915 ], [ -71.3284401, 41.4908266 ], [ -71.32841, 41.490629 ], [ -71.3283731, 41.4904089 ], [ -71.3283278, 41.4901307 ], [ -71.3283049, 41.4899878 ], [ -71.3283012, 41.4899644 ], [ -71.328282, 41.489845 ], [ -71.3282467, 41.4896402 ], [ -71.3282198, 41.4894739 ], [ -71.3282041, 41.4893773 ], [ -71.3281768, 41.4892418 ], [ -71.3282458, 41.4890584 ], [ -71.3282977, 41.4889076 ], [ -71.3283406, 41.4887313 ], [ -71.3284032, 41.4883466 ], [ -71.3284575, 41.4880193 ], [ -71.3285101, 41.4877048 ], [ -71.3285329, 41.4876155 ], [ -71.3285654, 41.4874056 ], [ -71.3285897, 41.4872709 ], [ -71.3286056, 41.4871336 ], [ -71.3285986, 41.4869362 ], [ -71.3285886, 41.4866703 ], [ -71.3285754, 41.4864658 ], [ -71.3285758, 41.4862925 ], [ -71.328564, 41.486014 ], [ -71.3285539, 41.4857204 ], [ -71.3285504, 41.4856008 ], [ -71.3285246, 41.4854034 ], [ -71.3285198, 41.48527 ], [ -71.3285067, 41.4850951 ], [ -71.3284998, 41.4849736 ], [ -71.3284654, 41.4847582 ], [ -71.328421, 41.4845287 ], [ -71.3283917, 41.4843828 ], [ -71.3283682, 41.4842852 ], [ -71.3283426, 41.4841988 ], [ -71.3282946, 41.4840435 ], [ -71.3282523, 41.4839132 ], [ -71.3282215, 41.4838276 ], [ -71.3281717, 41.4837039 ], [ -71.3281173, 41.4836053 ], [ -71.32805, 41.4835 ], [ -71.3279791, 41.4833968 ], [ -71.3279327, 41.4833308 ], [ -71.32789, 41.4832163 ], [ -71.327861, 41.4831009 ], [ -71.3278305, 41.4829648 ], [ -71.3278092, 41.4828433 ], [ -71.3276115, 41.4828519 ], [ -71.327291, 41.4828604 ], [ -71.3270449, 41.4828718 ], [ -71.326922, 41.4828921 ], [ -71.3269584, 41.4830166 ] ] } },
{ "type": "Feature", "properties": { "RCID": 368, "PRIM": 2, "GRUP": 2, "OBJL": 122, "RVER": 1, "AGEN": 550, "FIDN": 320161307, "FIDS": 8691, "LNAM": "02261315461B21F3", "CATSLC": 10, "WATLEV": 2, "SORDAT": "20140818", "SORIND": "US,US,graph,GC-11187" }, "geometry": { "type": "LineString", "coordinates": [ [ -71.32977, 41.5124157 ], [ -71.3298581, 41.5122938 ], [ -71.3299499, 41.5121746 ], [ -71.3300552, 41.5120957 ] ] } },
{ "type": "Feature", "properties": { "RCID": 369, "PRIM": 2, "GRUP": 2, "OBJL": 122, "RVER": 1, "AGEN": 550, "FIDN": 211327098, "FIDS": 8691, "LNAM": "02260C98987A21F3", "CATSLC": 4, "WATLEV": 2, "SORDAT": "20140818", "SORIND": "US,US,graph,GC-11187" }, "geometry": { "type": "LineString", "coordinates": [ [ -71.3608869, 41.4853842 ], [ -71.3606587, 41.4854266 ], [ -71.3602635, 41.4855087 ], [ -71.3601964, 41.4855209 ] ] } },
{ "type": "Feature", "properties": { "RCID": 370, "PRIM": 2, "GRUP": 2, "OBJL": 122, "RVER": 1, "AGEN": 550, "FIDN": 466413631, "FIDS": 8691, "LNAM": "02261BCCE83F21F3", "CATSLC": 4, "WATLEV": 2, "SORDAT": "20140818", "SORIND": "US,US,graph,GC-11187" }, "geometry": { "type": "LineString", "coordinates": [ [ -71.3331153, 41.5024392 ], [ -71.3330134, 41.5022569 ] ] } },
{ "type": "Feature", "properties": { "RCID": 371, "PRIM": 2, "GRUP": 2, "OBJL": 122, "RVER": 1, "AGEN": 550, "FIDN": 522755336, "FIDS": 8691, "LNAM": "02261F289D0821F3", "CATSLC": 4, "WATLEV": 2, "SORDAT": "20140818", "SORIND": "US,US,graph,GC-11187" }, "geometry": { "type": "LineString", "coordinates": [ [ -71.3922441, 41.5245162 ], [ -71.3924993, 41.5245423 ] ] } },
{ "type": "Feature", "properties": { "RCID": 372, "PRIM": 2, "GRUP": 2, "OBJL": 122, "RVER": 1, "AGEN": 550, "FIDN": 274026281, "FIDS": 8691, "LNAM": "022610554F2921F3", "CATSLC": 4, "WATLEV": 2, "SORDAT": "20140818", "SORIND": "US,US,graph,GC-11187" }, "geometry": { "type": "LineString", "coordinates": [ [ -71.3265711, 41.488558 ], [ -71.3260889, 41.4893853 ], [ -71.3260139, 41.4895181 ], [ -71.3259262, 41.4896702 ], [ -71.3258179, 41.4898397 ], [ -71.3257828, 41.4898981 ] ] } },
{ "type": "Feature", "properties": { "RCID": 373, "PRIM": 2, "GRUP": 2, "OBJL": 122, "RVER": 1, "AGEN": 550, "FIDN": 938083189, "FIDS": 8691, "LNAM": "022637EA037521F3", "CATSLC": 4, "WATLEV": 2, "SORDAT": "20140818", "SORIND": "US,US,graph,GC-11187" }, "geometry": { "type": "LineString", "coordinates": [ [ -71.390095, 41.5305778 ], [ -71.3904059, 41.5306442 ] ] } },
{ "type": "Feature", "properties": { "RCID": 374, "PRIM": 2, "GRUP": 2, "OBJL": 122, "RVER": 1, "AGEN": 550, "FIDN": 404641903, "FIDS": 8691, "LNAM": "0226181E586F21F3", "CATSLC": 4, "WATLEV": 2, "SORDAT": "20140818", "SORIND": "US,US,graph,GC-11187" }, "geometry": { "type": "LineString", "coordinates": [ [ -71.3629897, 41.4886691 ], [ -71.3625794, 41.488734 ] ] } },
{ "type": "Feature", "properties": { "RCID": 375, "PRIM": 2, "GRUP": 2, "OBJL": 122, "RVER": 1, "AGEN": 550, "FIDN": 103738624, "FIDS": 8691, "LNAM": "0226062EED0021F3", "CATSLC": 8, "WATLEV": 2, "SORDAT": "20140818", "SORIND": "US,US,graph,GC-11187" }, "geometry": { "type": "LineString", "coordinates": [ [ -71.3657657, 41.51239 ], [ -71.3658359, 41.5124859 ], [ -71.3659414, 41.5126443 ], [ -71.3660531, 41.5128056 ], [ -71.3660658, 41.5128258 ] ] } },
{ "type": "Feature", "properties": { "RCID": 376, "PRIM": 2, "GRUP": 2, "OBJL": 122, "RVER": 1, "AGEN": 550, "FIDN": 416567275, "FIDS": 8691, "LNAM": "022618D44FEB21F3", "CATSLC": 8, "WATLEV": 2, "SORDAT": "20140818", "SORIND": "US,US,graph,GC-11187" }, "geometry": { "type": "LineString", "coordinates": [ [ -71.3386896, 41.4798248 ], [ -71.3386533, 41.479956 ], [ -71.3386219, 41.4800916 ], [ -71.3385822, 41.4801956 ], [ -71.3385335, 41.4802949 ], [ -71.3384704, 41.4804119 ], [ -71.3383519, 41.4806534 ], [ -71.3383076, 41.4807275 ], [ -71.3382063, 41.4808395 ], [ -71.338058, 41.4809356 ], [ -71.3378967, 41.4810134 ], [ -71.3377844, 41.4810821 ], [ -71.3376848, 41.4811885 ], [ -71.337641, 41.4812584 ], [ -71.3373517, 41.4817851 ] ] } },
{ "type": "Feature", "properties": { "RCID": 377, "PRIM": 2, "GRUP": 2, "OBJL": 122, "RVER": 1, "AGEN": 550, "FIDN": 2179252, "FIDS": 8691, "LNAM": "0226002140B421F3", "CATSLC": 10, "WATLEV": 2, "SORDAT": "20140818", "SORIND": "US,US,graph,GC-11187" }, "geometry": { "type": "LineString", "coordinates": [ [ -71.3400325, 41.503129 ], [ -71.3400268, 41.5031278 ], [ -71.3400215, 41.5031258 ], [ -71.3400168, 41.503123 ], [ -71.3400147, 41.5031212 ], [ -71.340013, 41.5031196 ], [ -71.3400101, 41.5031157 ], [ -71.3400082, 41.5031115 ], [ -71.3400076, 41.5031085 ], [ -71.3400418, 41.5029975 ], [ -71.3400448, 41.5029938 ], [ -71.3400476, 41.5029916 ], [ -71.3400487, 41.5029907 ], [ -71.3400533, 41.5029882 ], [ -71.3400585, 41.5029865 ], [ -71.3400641, 41.5029855 ], [ -71.3400698, 41.5029854 ], [ -71.3400754, 41.5029861 ], [ -71.3400785, 41.5029869 ], [ -71.3400836, 41.5029888 ], [ -71.340088, 41.5029915 ], [ -71.3400896, 41.5029929 ], [ -71.3400917, 41.5029948 ], [ -71.3400945, 41.5029985 ], [ -71.3400962, 41.5030026 ], [ -71.3400969, 41.5030068 ], [ -71.3400967, 41.5030094 ], [ -71.3400735, 41.5030942 ], [ -71.3400651, 41.5031165 ], [ -71.3400621, 41.5031203 ], [ -71.340058, 41.5031236 ], [ -71.3400532, 41.5031262 ], [ -71.3400479, 41.5031281 ], [ -71.3400465, 41.5031284 ], [ -71.3400421, 41.5031292 ], [ -71.3400362, 41.5031294 ], [ -71.3400325, 41.503129 ] ] } },
{ "type": "Feature", "properties": { "RCID": 378, "PRIM": 2, "GRUP": 2, "OBJL": 122, "RVER": 1, "AGEN": 550, "FIDN": 188029946, "FIDS": 8691, "LNAM": "02260B351BFA21F3", "CATSLC": 10, "WATLEV": 2, "SORDAT": "20140818", "SORIND": "US,US,graph,GC-11187" }, "geometry": { "type": "LineString", "coordinates": [ [ -71.3660979, 41.5142629 ], [ -71.365745, 41.514269 ] ] } },
{ "type": "Feature", "properties": { "RCID": 379, "PRIM": 2, "GRUP": 2, "OBJL": 122, "RVER": 1, "AGEN": 550, "FIDN": 705430583, "FIDS": 8691, "LNAM": "02262A0C043721F3", "CATSLC": 2, "WATLEV": 3, "SORDAT": "20140818", "SORIND": "US,US,graph,GC-11187" }, "geometry": { "type": "LineString", "coordinates": [ [ -71.3644387, 41.5175858 ], [ -71.3642928, 41.5174963 ] ] } },
{ "type": "Feature", "properties": { "RCID": 380, "PRIM": 2, "GRUP": 2, "OBJL": 122, "RVER": 1, "AGEN": 550, "FIDN": 288528593, "FIDS": 8691, "LNAM": "0226113298D121F3", "CATSLC": 4, "CONDTN": 2, "WATLEV": 3, "SORDAT": "20140818", "SORIND": "US,US,graph,GC-11187, DD-29210(CEF)" }, "geometry": { "type": "LineString", "coordinates": [ [ -71.3343345, 41.4790401 ], [ -71.3342718, 41.4788207 ] ] } },
{ "type": "Feature", "properties": { "RCID": 381, "PRIM": 2, "GRUP": 2, "OBJL": 122, "RVER": 1, "AGEN": 550, "FIDN": 234757552, "FIDS": 8691, "LNAM": "02260DFE1DB021F3", "CATSLC": 2, "WATLEV": 3, "SORDAT": "20140818", "SORIND": "US,US,graph,GC-11187" }, "geometry": { "type": "LineString", "coordinates": [ [ -71.365745, 41.514269 ], [ -71.3655421, 41.5142769 ] ] } },
{ "type": "Feature", "properties": { "RCID": 382, "PRIM": 2, "GRUP": 2, "OBJL": 122, "RVER": 1, "AGEN": 550, "FIDN": 927298203, "FIDS": 8691, "LNAM": "02263745729B21F3", "CATSLC": 4, "WATLEV": 2, "SORDAT": "20140818", "SORIND": "US,US,graph,GC-11187" }, "geometry": { "type": "LineString", "coordinates": [ [ -71.325, 41.4762467 ], [ -71.3250144, 41.4762649 ], [ -71.3251969, 41.4764955 ], [ -71.3253677, 41.4767112 ], [ -71.3254661, 41.4768355 ], [ -71.3254783, 41.476851 ] ] } },
{ "type": "Feature", "properties": { "RCID": 383, "PRIM": 2, "GRUP": 2, "OBJL": 122, "RVER": 1, "AGEN": 550, "FIDN": 383525799, "FIDS": 8691, "LNAM": "022616DC23A721F3", "CATSLC": 10, "WATLEV": 2, "SORDAT": "20140818", "SORIND": "US,US,graph,GC-11187" }, "geometry": { "type": "LineString", "coordinates": [ [ -71.3253681, 41.475 ], [ -71.3253511, 41.4750253 ], [ -71.3250172, 41.4752154 ], [ -71.325, 41.4752252 ] ] } },
{ "type": "Feature", "properties": { "RCID": 384, "PRIM": 2, "GRUP": 2, "OBJL": 122, "RVER": 1, "AGEN": 550, "FIDN": 320044437, "FIDS": 8691, "LNAM": "022613137D9521F3", "CATSLC": 4, "CONDTN": 2, "WATLEV": 3, "SORDAT": "20050620", "SORIND": "US,US,graph,GC-10585" }, "geometry": { "type": "LineString", "coordinates": [ [ -71.3613639, 41.5263575 ], [ -71.3608889, 41.5263702 ] ] } },
{ "type": "Feature", "properties": { "RCID": 385, "PRIM": 2, "GRUP": 2, "OBJL": 122, "RVER": 1, "AGEN": 550, "FIDN": 785164260, "FIDS": 8691, "LNAM": "02262ECCA7E421F3", "CATSLC": 4, "WATLEV": 2, "SORDAT": "20050620", "SORIND": "US,US,graph,GC-10585" }, "geometry": { "type": "LineString", "coordinates": [ [ -71.3627795, 41.5331149 ], [ -71.3626401, 41.5331468 ], [ -71.362413, 41.5331971 ], [ -71.3623987, 41.5331572 ] ] } },
{ "type": "Feature", "properties": { "RCID": 386, "PRIM": 2, "GRUP": 2, "OBJL": 122, "RVER": 1, "AGEN": 550, "FIDN": 278691610, "FIDS": 8691, "LNAM": "0226109C7F1A21F3", "CATSLC": 4, "WATLEV": 4, "SORDAT": "200504", "SORIND": "US,US,graph,Chart 13223" }, "geometry": { "type": "LineString", "coordinates": [ [ -71.336516, 41.4805401 ], [ -71.3363456, 41.4805566 ] ] } },
{ "type": "Feature", "properties": { "RCID": 387, "PRIM": 2, "GRUP": 2, "OBJL": 122, "RVER": 1, "AGEN": 550, "FIDN": 301975322, "FIDS": 8691, "LNAM": "022611FFC71A21F3", "CATSLC": 4, "WATLEV": 3, "SORDAT": "200504", "SORIND": "US,US,graph,Chart 13223" }, "geometry": { "type": "LineString", "coordinates": [ [ -71.33526, 41.4783662 ], [ -71.3351542, 41.4783683 ], [ -71.3348974, 41.4783732 ], [ -71.3345645, 41.4783729 ] ] } },
{ "type": "Feature", "properties": { "RCID": 388, "PRIM": 2, "GRUP": 2, "OBJL": 122, "RVER": 1, "AGEN": 550, "FIDN": 713039730, "FIDS": 8691, "LNAM": "02262A801F7221F3", "CATSLC": 14, "WATLEV": 2, "SORDAT": "200906", "SORIND": "US,US,graph,Chart 13223" }, "geometry": { "type": "LineString", "coordinates": [ [ -71.3965883, 41.5273793 ], [ -71.3965843, 41.5273818 ], [ -71.3964324, 41.5274751 ] ] } },
{ "type": "Feature", "properties": { "RCID": 389, "PRIM": 2, "GRUP": 2, "OBJL": 122, "RVER": 1, "AGEN": 550, "FIDN": 641393418, "FIDS": 8691, "LNAM": "0226263AE30A21F3", "CATSLC": 4, "WATLEV": 2, "SORDAT": "20050620", "SORIND": "US,US,graph,GC-10585" }, "geometry": { "type": "LineString", "coordinates": [ [ -71.3619756, 41.5241773 ], [ -71.3619067, 41.5241698 ], [ -71.3615581, 41.5241362 ] ] } },
{ "type": "Feature", "properties": { "RCID": 390, "PRIM": 2, "GRUP": 2, "OBJL": 122, "RVER": 1, "AGEN": 550, "FIDN": 375146441, "FIDS": 8691, "LNAM": "0226165C47C921F3", "CATSLC": 4, "WATLEV": 3, "SORDAT": "200504", "SORIND": "US,US,graph,Chart 13223" }, "geometry": { "type": "LineString", "coordinates": [ [ -71.3960801, 41.5034263 ], [ -71.3959581, 41.5033357 ], [ -71.3958481, 41.5032299 ] ] } },
{ "type": "Feature", "properties": { "RCID": 391, "PRIM": 2, "GRUP": 2, "OBJL": 122, "RVER": 1, "AGEN": 550, "FIDN": 871916570, "FIDS": 8691, "LNAM": "022633F8641A21F3", "CATSLC": 4, "CONDTN": 2, "WATLEV": 3, "SORDAT": "20140818", "SORIND": "US,US,graph,GC-11187, DD-29210(CEF)" }, "geometry": { "type": "LineString", "coordinates": [ [ -71.3966631, 41.4935561 ], [ -71.3965835, 41.4935475 ], [ -71.3962875, 41.4935155 ] ] } },
{ "type": "Feature", "properties": { "RCID": 392, "PRIM": 2, "GRUP": 2, "OBJL": 122, "RVER": 1, "AGEN": 550, "FIDN": 353149395, "FIDS": 8691, "LNAM": "0226150CA1D321F3", "CATSLC": 4, "WATLEV": 4, "SORDAT": "200504", "SORIND": "US,US,graph,Chart 13223" }, "geometry": { "type": "LineString", "coordinates": [ [ -71.3663837, 41.4937874 ], [ -71.36623, 41.4937953 ] ] } },
{ "type": "Feature", "properties": { "RCID": 393, "PRIM": 2, "GRUP": 2, "OBJL": 122, "RVER": 1, "AGEN": 550, "FIDN": 103105499, "FIDS": 8691, "LNAM": "0226062543DB21F3", "CATSLC": 10, "WATLEV": 2, "SORDAT": "20050620", "SORIND": "US,US,graph,GC-10585" }, "geometry": { "type": "LineString", "coordinates": [ [ -71.3456047, 41.5373304 ], [ -71.3454945, 41.5375702 ] ] } },
{ "type": "Feature", "properties": { "RCID": 394, "PRIM": 2, "GRUP": 2, "OBJL": 122, "RVER": 1, "AGEN": 550, "FIDN": 280087608, "FIDS": 8691, "LNAM": "022610B1CC3821F3", "CATSLC": 4, "CONDTN": 2, "WATLEV": 3, "SORDAT": "20050620", "SORIND": "US,US,graph,GC-10585" }, "geometry": { "type": "LineString", "coordinates": [ [ -71.3458467, 41.5327413 ], [ -71.346091, 41.5326865 ], [ -71.3460253, 41.5325639 ] ] } },
{ "type": "Feature", "properties": { "RCID": 395, "PRIM": 1, "GRUP": 2, "OBJL": 122, "RVER": 1, "AGEN": 550, "FIDN": 516383253, "FIDS": 7303, "LNAM": "02261EC762151C87", "CATSLC": 12, "OBJNAM": "Fort Wetherill State Park boat ramp", "WATLEV": 2, "SORDAT": "20081208", "SORIND": "US,US,reprt,L-761/09" }, "geometry": { "type": "Point", "coordinates": [ -71.3608778, 41.479225 ] } }
]
}
