{
"type": "FeatureCollection",
"name": "UWTROC",
"crs": { "type": "name", "properties": { "name": "urn:ogc:def:crs:OGC:1.3:CRS84" } },
"features": [
{ "type": "Feature", "properties": { "RCID": 626, "PRIM": 1, "GRUP": 2, "OBJL": 153, "RVER": 1, "AGEN": 550, "FIDN": 939282565, "FIDS": 7303, "LNAM": "022637FC50851C87", "EXPSOU": 2, "VALSOU": 0.0, "WATLEV": 5, "SORDAT": "200504", "SORIND": "US,US,graph,Chart 13223" }, "geometry": { "type": "Point", "coordinates": [ -71.3997436, 41.4882498 ] } },
{ "type": "Feature", "properties": { "RCID": 627, "PRIM": 1, "GRUP": 2, "OBJL": 153, "RVER": 1, "AGEN": 550, "FIDN": 119463967, "FIDS": 7303, "LNAM": "0226071EE01F1C87", "QUASOU": [ "2" ], "WATLEV": 4, "SORDAT": "20140818", "SORIND": "US,US,graph,GC-11187" }, "geometry": { "type": "Point", "coordinates": [ -71.3258083, 41.5029164 ] } },
{ "type": "Feature", "properties": { "RCID": 628, "PRIM": 1, "GRUP": 2, "OBJL": 153, "RVER": 1, "AGEN": 550, "FIDN": 295579221, "FIDS": 7303, "LNAM": "0226119E2E551C87", "QUASOU": [ "2" ], "WATLEV": 4, "SORDAT": "20050620", "SORIND": "US,US,graph,GC-10585" }, "geometry": { "type": "Point", "coordinates": [ -71.3259629, 41.5225295 ] } },
{ "type": "Feature", "properties": { "RCID": 629, "PRIM": 1, "GRUP": 2, "OBJL": 153, "RVER": 1, "AGEN": 550, "FIDN": 387697068, "FIDS": 7303, "LNAM": "0226171BC9AC1C87", "QUASOU": [ "2" ], "WATLEV": 3, "SORDAT": "20140818", "SORIND": "US,US,graph,GC-11187" }, "geometry": { "type": "Point", "coordinates": [ -71.3275006, 41.5039008 ] } },
{ "type": "Feature", "properties": { "RCID": 630, "PRIM": 1, "GRUP": 2, "OBJL": 153, "RVER": 1, "AGEN": 550, "FIDN": 913550256, "FIDS": 7303, "LNAM": "02263673ABB01C87", "QUASOU": [ "2" ], "WATLEV": 4, "SORDAT": "20050620", "SORIND": "US,US,graph,GC-10585" }, "geometry": { "type": "Point", "coordinates": [ -71.3280047, 41.5179543 ] } },
{ "type": "Feature", "properties": { "RCID": 631, "PRIM": 1, "GRUP": 2, "OBJL": 153, "RVER": 1, "AGEN": 550, "FIDN": 735041533, "FIDS": 7303, "LNAM": "02262BCFD7FD1C87", "EXPSOU": 2, "VALSOU": 0.0, "WATLEV": 5, "SORDAT": "200504", "SORIND": "US,US,graph,Chart 13223" }, "geometry": { "type": "Point", "coordinates": [ -71.3290661, 41.5226596 ] } },
{ "type": "Feature", "properties": { "RCID": 632, "PRIM": 1, "GRUP": 2, "OBJL": 153, "RVER": 1, "AGEN": 550, "FIDN": 71980108, "FIDS": 7303, "LNAM": "0226044A544C1C87", "EXPSOU": 1, "QUASOU": [ "6" ], "VALSOU": 0.6, "WATLEV": 3, "SORDAT": "200504", "SORIND": "US,US,graph,Chart 13223" }, "geometry": { "type": "Point", "coordinates": [ -71.3297009, 41.5059882 ] } },
{ "type": "Feature", "properties": { "RCID": 633, "PRIM": 1, "GRUP": 2, "OBJL": 153, "RVER": 1, "AGEN": 550, "FIDN": 731886960, "FIDS": 7303, "LNAM": "02262B9FB5701C87", "EXPSOU": 1, "QUASOU": [ "6" ], "VALSOU": 0.6, "WATLEV": 3, "SORDAT": "201306", "SORIND": "US,US,graph,Chart 13223" }, "geometry": { "type": "Point", "coordinates": [ -71.3329092, 41.50042 ] } },
{ "type": "Feature", "properties": { "RCID": 634, "PRIM": 1, "GRUP": 2, "OBJL": 153, "RVER": 1, "AGEN": 550, "FIDN": 390754606, "FIDS": 7303, "LNAM": "0226174A712E1C87", "QUASOU": [ "2" ], "WATLEV": 4, "SORDAT": "20050620", "SORIND": "US,US,graph,GC-10585" }, "geometry": { "type": "Point", "coordinates": [ -71.332919, 41.5012656 ] } },
{ "type": "Feature", "properties": { "RCID": 635, "PRIM": 1, "GRUP": 2, "OBJL": 153, "RVER": 1, "AGEN": 550, "FIDN": 51287624, "FIDS": 7303, "LNAM": "0226030E96481C87", "EXPSOU": 1, "QUASOU": [ "6" ], "VALSOU": 8.8, "WATLEV": 3, "SORDAT": "201306", "SORIND": "US,US,graph,Chart 13223" }, "geometry": { "type": "Point", "coordinates": [ -71.3334004, 41.5083236 ] } },
{ "type": "Feature", "properties": { "RCID": 636, "PRIM": 1, "GRUP": 2, "OBJL": 153, "RVER": 1, "AGEN": 550, "FIDN": 440857951, "FIDS": 7303, "LNAM": "02261A46F55F1C87", "QUASOU": [ "2" ], "WATLEV": 4, "SORDAT": "20140818", "SORIND": "US,US,graph,GC-11187" }, "geometry": { "type": "Point", "coordinates": [ -71.3373383, 41.4988807 ] } },
{ "type": "Feature", "properties": { "RCID": 637, "PRIM": 1, "GRUP": 2, "OBJL": 153, "RVER": 1, "AGEN": 550, "FIDN": 173584346, "FIDS": 7303, "LNAM": "02260A58AFDA1C87", "EXPSOU": 1, "QUASOU": [ "6" ], "VALSOU": 1.2, "WATLEV": 3, "SORDAT": "200504", "SORIND": "US,US,graph,Chart 13223" }, "geometry": { "type": "Point", "coordinates": [ -71.3398972, 41.4943706 ] } },
{ "type": "Feature", "properties": { "RCID": 638, "PRIM": 1, "GRUP": 2, "OBJL": 153, "RVER": 1, "AGEN": 550, "FIDN": 43629438, "FIDS": 7303, "LNAM": "02260299BB7E1C87", "QUASOU": [ "2" ], "WATLEV": 4, "SCAMIN": 44999, "SORDAT": "20140818", "SORIND": "US,US,graph,GC-11187" }, "geometry": { "type": "Point", "coordinates": [ -71.3406926, 41.4974079 ] } },
{ "type": "Feature", "properties": { "RCID": 639, "PRIM": 1, "GRUP": 2, "OBJL": 153, "RVER": 1, "AGEN": 550, "FIDN": 61168076, "FIDS": 7303, "LNAM": "022603A559CC1C87", "QUASOU": [ "2" ], "WATLEV": 3, "SORDAT": "200504", "SORIND": "US,US,graph,Chart 13223" }, "geometry": { "type": "Point", "coordinates": [ -71.3418787, 41.4953457 ] } },
{ "type": "Feature", "properties": { "RCID": 640, "PRIM": 1, "GRUP": 2, "OBJL": 153, "RVER": 1, "AGEN": 550, "FIDN": 681619409, "FIDS": 7303, "LNAM": "022628A0AFD11C87", "QUASOU": [ "2" ], "WATLEV": 3, "SORDAT": "20140818", "SORIND": "US,US,graph,GC-11187" }, "geometry": { "type": "Point", "coordinates": [ -71.3419028, 41.5015422 ] } },
{ "type": "Feature", "properties": { "RCID": 641, "PRIM": 1, "GRUP": 2, "OBJL": 153, "RVER": 1, "AGEN": 550, "FIDN": 224050365, "FIDS": 7303, "LNAM": "02260D5ABCBD1C87", "QUASOU": [ "2" ], "WATLEV": 3, "SORDAT": "20140818", "SORIND": "US,US,graph,GC-11187" }, "geometry": { "type": "Point", "coordinates": [ -71.3537623, 41.4817919 ] } },
{ "type": "Feature", "properties": { "RCID": 642, "PRIM": 1, "GRUP": 2, "OBJL": 153, "RVER": 1, "AGEN": 550, "FIDN": 332593916, "FIDS": 7303, "LNAM": "022613D2FAFC1C87", "QUASOU": [ "2" ], "WATLEV": 3, "SORDAT": "20140818", "SORIND": "US,US,graph,GC-11187" }, "geometry": { "type": "Point", "coordinates": [ -71.3599008, 41.5027625 ] } },
{ "type": "Feature", "properties": { "RCID": 643, "PRIM": 1, "GRUP": 2, "OBJL": 153, "RVER": 1, "AGEN": 550, "FIDN": 78260117, "FIDS": 7303, "LNAM": "022604AA27951C87", "EXPSOU": 1, "QUASOU": [ "6" ], "VALSOU": 0.6, "WATLEV": 3, "SORDAT": "200504", "SORIND": "US,US,graph,Chart 13223" }, "geometry": { "type": "Point", "coordinates": [ -71.3600047, 41.4870495 ] } },
{ "type": "Feature", "properties": { "RCID": 644, "PRIM": 1, "GRUP": 2, "OBJL": 153, "RVER": 1, "AGEN": 550, "FIDN": 497069737, "FIDS": 7303, "LNAM": "02261DA0AEA91C87", "QUASOU": [ "2" ], "WATLEV": 4, "SORDAT": "20140818", "SORIND": "US,US,graph,GC-11187" }, "geometry": { "type": "Point", "coordinates": [ -71.3605465, 41.4855889 ] } },
{ "type": "Feature", "properties": { "RCID": 645, "PRIM": 1, "GRUP": 2, "OBJL": 153, "RVER": 1, "AGEN": 550, "FIDN": 527810282, "FIDS": 7303, "LNAM": "02261F75BEEA1C87", "QUASOU": [ "2" ], "WATLEV": 4, "SCAMIN": 44999, "SORDAT": "200504", "SORIND": "US,US,graph,Chart 13223" }, "geometry": { "type": "Point", "coordinates": [ -71.3607395, 41.5274217 ] } },
{ "type": "Feature", "properties": { "RCID": 646, "PRIM": 1, "GRUP": 2, "OBJL": 153, "RVER": 1, "AGEN": 550, "FIDN": 289040704, "FIDS": 7303, "LNAM": "0226113A69401C87", "EXPSOU": 2, "VALSOU": 0.0, "WATLEV": 5, "SORDAT": "200504", "SORIND": "US,US,graph,Chart 13223" }, "geometry": { "type": "Point", "coordinates": [ -71.3608221, 41.5280328 ] } },
{ "type": "Feature", "properties": { "RCID": 647, "PRIM": 1, "GRUP": 2, "OBJL": 153, "RVER": 1, "AGEN": 550, "FIDN": 404821119, "FIDS": 7303, "LNAM": "02261821147F1C87", "QUASOU": [ "2" ], "WATLEV": 4, "SORDAT": "20050620", "SORIND": "US,US,graph,GC-10585" }, "geometry": { "type": "Point", "coordinates": [ -71.3610506, 41.5266525 ] } },
{ "type": "Feature", "properties": { "RCID": 648, "PRIM": 1, "GRUP": 2, "OBJL": 153, "RVER": 1, "AGEN": 550, "FIDN": 334471125, "FIDS": 7303, "LNAM": "022613EF9FD51C87", "QUASOU": [ "2" ], "WATLEV": 4, "SORDAT": "20050620", "SORIND": "US,US,graph,GC-10585" }, "geometry": { "type": "Point", "coordinates": [ -71.3638503, 41.5179899 ] } },
{ "type": "Feature", "properties": { "RCID": 649, "PRIM": 1, "GRUP": 2, "OBJL": 153, "RVER": 1, "AGEN": 550, "FIDN": 246784238, "FIDS": 7303, "LNAM": "02260EB5A0EE1C87", "QUASOU": [ "2" ], "WATLEV": 4, "SCAMIN": 44999, "SORDAT": "20050620", "SORIND": "US,US,graph,GC-10585" }, "geometry": { "type": "Point", "coordinates": [ -71.3639081, 41.5417173 ] } },
{ "type": "Feature", "properties": { "RCID": 650, "PRIM": 1, "GRUP": 2, "OBJL": 153, "RVER": 1, "AGEN": 550, "FIDN": 103716551, "FIDS": 7303, "LNAM": "0226062E96C71C87", "QUASOU": [ "2" ], "WATLEV": 3, "SORDAT": "20140818", "SORIND": "US,US,graph,GC-11187" }, "geometry": { "type": "Point", "coordinates": [ -71.3645594, 41.4999466 ] } },
{ "type": "Feature", "properties": { "RCID": 651, "PRIM": 1, "GRUP": 2, "OBJL": 153, "RVER": 1, "AGEN": 550, "FIDN": 663635708, "FIDS": 7303, "LNAM": "0226278E46FC1C87", "EXPSOU": 2, "VALSOU": 0.0, "WATLEV": 5, "SCAMIN": 44999, "SORDAT": "200504", "SORIND": "US,US,graph,Chart 13223" }, "geometry": { "type": "Point", "coordinates": [ -71.3646163, 41.5400115 ] } },
{ "type": "Feature", "properties": { "RCID": 652, "PRIM": 1, "GRUP": 2, "OBJL": 153, "RVER": 1, "AGEN": 550, "FIDN": 462570096, "FIDS": 7303, "LNAM": "02261B9242701C87", "QUASOU": [ "2" ], "WATLEV": 3, "SCAMIN": 44999, "SORDAT": "20140818", "SORIND": "US,US,graph,GC-11187" }, "geometry": { "type": "Point", "coordinates": [ -71.380795, 41.5061873 ] } },
{ "type": "Feature", "properties": { "RCID": 653, "PRIM": 1, "GRUP": 2, "OBJL": 153, "RVER": 1, "AGEN": 550, "FIDN": 523860003, "FIDS": 7303, "LNAM": "02261F3978231C87", "QUASOU": [ "2" ], "WATLEV": 4, "SORDAT": "20050620", "SORIND": "US,US,graph,GC-10585" }, "geometry": { "type": "Point", "coordinates": [ -71.3809907, 41.503573 ] } },
{ "type": "Feature", "properties": { "RCID": 654, "PRIM": 1, "GRUP": 2, "OBJL": 153, "RVER": 1, "AGEN": 550, "FIDN": 691074805, "FIDS": 7303, "LNAM": "02262930F6F51C87", "EXPSOU": 2, "VALSOU": 0.0, "WATLEV": 5, "SORDAT": "200504", "SORIND": "US,US,graph,Chart 13223" }, "geometry": { "type": "Point", "coordinates": [ -71.3827177, 41.5079841 ] } },
{ "type": "Feature", "properties": { "RCID": 655, "PRIM": 1, "GRUP": 2, "OBJL": 153, "RVER": 1, "AGEN": 550, "FIDN": 574636121, "FIDS": 7303, "LNAM": "0226224040591C87", "QUASOU": [ "2" ], "WATLEV": 4, "SORDAT": "20050620", "SORIND": "US,US,graph,GC-10585" }, "geometry": { "type": "Point", "coordinates": [ -71.3845315, 41.4805079 ] } },
{ "type": "Feature", "properties": { "RCID": 656, "PRIM": 1, "GRUP": 2, "OBJL": 153, "RVER": 1, "AGEN": 550, "FIDN": 33748882, "FIDS": 7303, "LNAM": "02260202F7921C87", "EXPSOU": 1, "QUASOU": [ "6" ], "VALSOU": 0.6, "WATLEV": 3, "SORDAT": "200504", "SORIND": "US,US,graph,Chart 13223" }, "geometry": { "type": "Point", "coordinates": [ -71.3862646, 41.5108753 ] } },
{ "type": "Feature", "properties": { "RCID": 657, "PRIM": 1, "GRUP": 2, "OBJL": 153, "RVER": 1, "AGEN": 550, "FIDN": 672050954, "FIDS": 7303, "LNAM": "0226280EAF0A1C87", "QUASOU": [ "2" ], "WATLEV": 4, "SORDAT": "200504", "SORIND": "US,US,graph,Chart 13223" }, "geometry": { "type": "Point", "coordinates": [ -71.3862736, 41.5401437 ] } },
{ "type": "Feature", "properties": { "RCID": 658, "PRIM": 1, "GRUP": 2, "OBJL": 153, "RVER": 1, "AGEN": 550, "FIDN": 120308325, "FIDS": 7303, "LNAM": "0226072BC2651C87", "QUASOU": [ "2" ], "WATLEV": 4, "SORDAT": "200504", "SORIND": "US,US,graph,Chart 13223" }, "geometry": { "type": "Point", "coordinates": [ -71.3864245, 41.5381848 ] } },
{ "type": "Feature", "properties": { "RCID": 659, "PRIM": 1, "GRUP": 2, "OBJL": 153, "RVER": 1, "AGEN": 550, "FIDN": 856444956, "FIDS": 7303, "LNAM": "0226330C501C1C87", "QUASOU": [ "2" ], "WATLEV": 4, "SORDAT": "200504", "SORIND": "US,US,graph,Chart 13223" }, "geometry": { "type": "Point", "coordinates": [ -71.3870305, 41.5384026 ] } },
{ "type": "Feature", "properties": { "RCID": 660, "PRIM": 1, "GRUP": 2, "OBJL": 153, "RVER": 1, "AGEN": 550, "FIDN": 332046424, "FIDS": 7303, "LNAM": "022613CAA0581C87", "QUASOU": [ "2" ], "WATLEV": 4, "SCAMIN": 44999, "SORDAT": "20140818", "SORIND": "US,US,graph,GC-11187" }, "geometry": { "type": "Point", "coordinates": [ -71.388171, 41.4930266 ] } },
{ "type": "Feature", "properties": { "RCID": 661, "PRIM": 1, "GRUP": 2, "OBJL": 153, "RVER": 1, "AGEN": 550, "FIDN": 313314285, "FIDS": 7303, "LNAM": "022612ACCBED1C87", "QUASOU": [ "2" ], "WATLEV": 4, "SCAMIN": 44999, "SORDAT": "20140818", "SORIND": "US,US,graph,GC-11187" }, "geometry": { "type": "Point", "coordinates": [ -71.3890701, 41.5349362 ] } },
{ "type": "Feature", "properties": { "RCID": 662, "PRIM": 1, "GRUP": 2, "OBJL": 153, "RVER": 1, "AGEN": 550, "FIDN": 549572497, "FIDS": 7303, "LNAM": "022620C1CF911C87", "EXPSOU": 2, "VALSOU": 0.0, "WATLEV": 5, "SORDAT": "200504", "SORIND": "US,US,graph,Chart 13223" }, "geometry": { "type": "Point", "coordinates": [ -71.3915208, 41.5147666 ] } },
{ "type": "Feature", "properties": { "RCID": 663, "PRIM": 1, "GRUP": 2, "OBJL": 153, "RVER": 1, "AGEN": 550, "FIDN": 6552051, "FIDS": 7303, "LNAM": "02260063F9F31C87", "QUASOU": [ "2" ], "WATLEV": 4, "SORDAT": "20050620", "SORIND": "US,US,graph,GC-10585" }, "geometry": { "type": "Point", "coordinates": [ -71.3915633, 41.5269306 ] } },
{ "type": "Feature", "properties": { "RCID": 664, "PRIM": 1, "GRUP": 2, "OBJL": 153, "RVER": 1, "AGEN": 550, "FIDN": 668439197, "FIDS": 7303, "LNAM": "022627D7929D1C87", "EXPSOU": 1, "QUASOU": [ "6" ], "VALSOU": 4.8, "WATLEV": 3, "SORDAT": "20040729", "SORIND": "US,US,graph,H-11310" }, "geometry": { "type": "Point", "coordinates": [ -71.3917652, 41.5461133 ] } },
{ "type": "Feature", "properties": { "RCID": 665, "PRIM": 1, "GRUP": 2, "OBJL": 153, "RVER": 1, "AGEN": 550, "FIDN": 15263748, "FIDS": 7303, "LNAM": "022600E8E8041C87", "EXPSOU": 2, "VALSOU": 0.0, "WATLEV": 5, "SORDAT": "200504", "SORIND": "US,US,graph,Chart 13223" }, "geometry": { "type": "Point", "coordinates": [ -71.3919337, 41.5265325 ] } },
{ "type": "Feature", "properties": { "RCID": 666, "PRIM": 1, "GRUP": 2, "OBJL": 153, "RVER": 1, "AGEN": 550, "FIDN": 839397522, "FIDS": 7303, "LNAM": "0226320830921C87", "EXPSOU": 1, "QUASOU": [ "6" ], "VALSOU": 14.3, "WATLEV": 3, "SORDAT": "20040729", "SORIND": "US,US,graph,H-11310" }, "geometry": { "type": "Point", "coordinates": [ -71.3972781, 41.5391042 ] } },
{ "type": "Feature", "properties": { "RCID": 667, "PRIM": 1, "GRUP": 2, "OBJL": 153, "RVER": 1, "AGEN": 550, "FIDN": 843400930, "FIDS": 7303, "LNAM": "0226324546E21C87", "QUASOU": [ "2" ], "WATLEV": 3, "SORDAT": "20140818", "SORIND": "US,US,graph,GC-11187" }, "geometry": { "type": "Point", "coordinates": [ -71.3973182, 41.4802096 ] } },
{ "type": "Feature", "properties": { "RCID": 668, "PRIM": 1, "GRUP": 2, "OBJL": 153, "RVER": 1, "AGEN": 550, "FIDN": 900060528, "FIDS": 7303, "LNAM": "022635A5D5701C87", "QUASOU": [ "2" ], "WATLEV": 3, "SORDAT": "20140818", "SORIND": "US,US,graph,GC-11187" }, "geometry": { "type": "Point", "coordinates": [ -71.3997991, 41.4884958 ] } },
{ "type": "Feature", "properties": { "RCID": 669, "PRIM": 1, "GRUP": 2, "OBJL": 153, "RVER": 1, "AGEN": 550, "FIDN": 552133359, "FIDS": 7303, "LNAM": "022620E8E2EF1C87", "QUASOU": [ "2" ], "WATLEV": 4, "SORDAT": "20050620", "SORIND": "US,US,graph,GC-10585" }, "geometry": { "type": "Point", "coordinates": [ -71.3277605, 41.5210719 ] } },
{ "type": "Feature", "properties": { "RCID": 670, "PRIM": 1, "GRUP": 2, "OBJL": 153, "RVER": 1, "AGEN": 550, "FIDN": 524570701, "FIDS": 7303, "LNAM": "02261F44504D1C87", "QUASOU": [ "2" ], "WATLEV": 4, "SORDAT": "200504", "SORIND": "US,US,graph,Chart 13223" }, "geometry": { "type": "Point", "coordinates": [ -71.3331802, 41.5019748 ] } },
{ "type": "Feature", "properties": { "RCID": 671, "PRIM": 1, "GRUP": 2, "OBJL": 153, "RVER": 1, "AGEN": 550, "FIDN": 82107146, "FIDS": 7303, "LNAM": "022604E4DB0A1C87", "EXPSOU": 1, "QUASOU": [ "6" ], "VALSOU": 5.7, "WATLEV": 3, "SORDAT": "201306", "SORIND": "US,US,graph,Chart 13223" }, "geometry": { "type": "Point", "coordinates": [ -71.3356576, 41.5068679 ] } },
{ "type": "Feature", "properties": { "RCID": 672, "PRIM": 1, "GRUP": 2, "OBJL": 153, "RVER": 1, "AGEN": 550, "FIDN": 39353904, "FIDS": 7303, "LNAM": "022602587E301C87", "QUASOU": [ "2" ], "WATLEV": 4, "SCAMIN": 44999, "SORDAT": "20140818", "SORIND": "US,US,graph,GC-11187" }, "geometry": { "type": "Point", "coordinates": [ -71.3404942, 41.4991524 ] } },
{ "type": "Feature", "properties": { "RCID": 673, "PRIM": 1, "GRUP": 2, "OBJL": 153, "RVER": 1, "AGEN": 550, "FIDN": 77042889, "FIDS": 7303, "LNAM": "0226049794C91C87", "QUASOU": [ "2" ], "WATLEV": 4, "SCAMIN": 44999, "SORDAT": "20140818", "SORIND": "US,US,graph,GC-11187" }, "geometry": { "type": "Point", "coordinates": [ -71.3405857, 41.4987887 ] } },
{ "type": "Feature", "properties": { "RCID": 674, "PRIM": 1, "GRUP": 2, "OBJL": 153, "RVER": 1, "AGEN": 550, "FIDN": 499955464, "FIDS": 7303, "LNAM": "02261DCCB7081C87", "QUASOU": [ "2" ], "WATLEV": 3, "SCAMIN": 44999, "SORDAT": "20140818", "SORIND": "US,US,graph,GC-11187" }, "geometry": { "type": "Point", "coordinates": [ -71.3411789, 41.5007555 ] } },
{ "type": "Feature", "properties": { "RCID": 675, "PRIM": 1, "GRUP": 2, "OBJL": 153, "RVER": 1, "AGEN": 550, "FIDN": 570050001, "FIDS": 7303, "LNAM": "022621FA45D11C87", "QUASOU": [ "2" ], "WATLEV": 4, "SORDAT": "20140818", "SORIND": "US,US,graph,GC-11187" }, "geometry": { "type": "Point", "coordinates": [ -71.3526016, 41.4827249 ] } },
{ "type": "Feature", "properties": { "RCID": 676, "PRIM": 1, "GRUP": 2, "OBJL": 153, "RVER": 1, "AGEN": 550, "FIDN": 655248077, "FIDS": 7303, "LNAM": "0226270E4ACD1C87", "QUASOU": [ "2" ], "WATLEV": 4, "SCAMIN": 44999, "SORDAT": "20140818", "SORIND": "US,US,graph,GC-11187" }, "geometry": { "type": "Point", "coordinates": [ -71.3574176, 41.4828366 ] } },
{ "type": "Feature", "properties": { "RCID": 677, "PRIM": 1, "GRUP": 2, "OBJL": 153, "RVER": 1, "AGEN": 550, "FIDN": 180238845, "FIDS": 7303, "LNAM": "02260ABE39FD1C87", "QUASOU": [ "2" ], "WATLEV": 4, "SCAMIN": 44999, "SORDAT": "200504", "SORIND": "US,US,graph,Chart 13223" }, "geometry": { "type": "Point", "coordinates": [ -71.3610986, 41.5230351 ] } },
{ "type": "Feature", "properties": { "RCID": 678, "PRIM": 1, "GRUP": 2, "OBJL": 153, "RVER": 1, "AGEN": 550, "FIDN": 3198389, "FIDS": 7303, "LNAM": "02260030CDB51C87", "QUASOU": [ "2" ], "WATLEV": 4, "SCAMIN": 44999, "SORDAT": "200504", "SORIND": "US,US,graph,Chart 13223" }, "geometry": { "type": "Point", "coordinates": [ -71.3645605, 41.5387645 ] } },
{ "type": "Feature", "properties": { "RCID": 679, "PRIM": 1, "GRUP": 2, "OBJL": 153, "RVER": 1, "AGEN": 550, "FIDN": 725609556, "FIDS": 7303, "LNAM": "02262B3FEC541C87", "QUASOU": [ "2" ], "WATLEV": 4, "SORDAT": "20140818", "SORIND": "US,US,graph,GC-11187" }, "geometry": { "type": "Point", "coordinates": [ -71.3647181, 41.4918939 ] } },
{ "type": "Feature", "properties": { "RCID": 680, "PRIM": 1, "GRUP": 2, "OBJL": 153, "RVER": 1, "AGEN": 550, "FIDN": 409288449, "FIDS": 7303, "LNAM": "022618653F011C87", "QUASOU": [ "2" ], "WATLEV": 3, "SORDAT": "20140818", "SORIND": "US,US,graph,GC-11187" }, "geometry": { "type": "Point", "coordinates": [ -71.365002, 41.5160619 ] } },
{ "type": "Feature", "properties": { "RCID": 681, "PRIM": 1, "GRUP": 2, "OBJL": 153, "RVER": 1, "AGEN": 550, "FIDN": 598624851, "FIDS": 7303, "LNAM": "022623AE4A531C87", "QUASOU": [ "2" ], "WATLEV": 4, "SORDAT": "20140818", "SORIND": "US,US,graph,GC-11187" }, "geometry": { "type": "Point", "coordinates": [ -71.3693576, 41.4774933 ] } },
{ "type": "Feature", "properties": { "RCID": 682, "PRIM": 1, "GRUP": 2, "OBJL": 153, "RVER": 1, "AGEN": 550, "FIDN": 299274500, "FIDS": 7303, "LNAM": "022611D691041C87", "EXPSOU": 2, "VALSOU": 0.0, "WATLEV": 5, "SORDAT": "201306", "SORIND": "US,US,graph,Chart 13223" }, "geometry": { "type": "Point", "coordinates": [ -71.3769828, 41.4753768 ] } },
{ "type": "Feature", "properties": { "RCID": 683, "PRIM": 1, "GRUP": 2, "OBJL": 153, "RVER": 1, "AGEN": 550, "FIDN": 519622913, "FIDS": 7303, "LNAM": "02261EF8D1011C87", "QUASOU": [ "2" ], "WATLEV": 4, "SORDAT": "20140818", "SORIND": "US,US,graph,GC-11187" }, "geometry": { "type": "Point", "coordinates": [ -71.3775473, 41.4768895 ] } },
{ "type": "Feature", "properties": { "RCID": 684, "PRIM": 1, "GRUP": 2, "OBJL": 153, "RVER": 1, "AGEN": 550, "FIDN": 496031152, "FIDS": 7303, "LNAM": "02261D90D5B01C87", "QUASOU": [ "2" ], "WATLEV": 4, "SCAMIN": 44999, "SORDAT": "20140818", "SORIND": "US,US,graph,GC-11187" }, "geometry": { "type": "Point", "coordinates": [ -71.3798642, 41.4867135 ] } },
{ "type": "Feature", "properties": { "RCID": 685, "PRIM": 1, "GRUP": 2, "OBJL": 153, "RVER": 1, "AGEN": 550, "FIDN": 233019901, "FIDS": 7303, "LNAM": "02260DE399FD1C87", "EXPSOU": 2, "VALSOU": 0.0, "WATLEV": 5, "SCAMIN": 44999, "SORDAT": "200504", "SORIND": "US,US,graph,Chart 13223" }, "geometry": { "type": "Point", "coordinates": [ -71.3805008, 41.5060431 ] } },
{ "type": "Feature", "properties": { "RCID": 686, "PRIM": 1, "GRUP": 2, "OBJL": 153, "RVER": 1, "AGEN": 550, "FIDN": 978273693, "FIDS": 7303, "LNAM": "02263A4F459D1C87", "QUASOU": [ "2" ], "WATLEV": 4, "SCAMIN": 44999, "SORDAT": "20140818", "SORIND": "US,US,graph,GC-11187" }, "geometry": { "type": "Point", "coordinates": [ -71.3805189, 41.487336 ] } },
{ "type": "Feature", "properties": { "RCID": 687, "PRIM": 1, "GRUP": 2, "OBJL": 153, "RVER": 1, "AGEN": 550, "FIDN": 30755242, "FIDS": 7303, "LNAM": "022601D549AA1C87", "QUASOU": [ "2" ], "WATLEV": 4, "SCAMIN": 44999, "SORDAT": "20050620", "SORIND": "US,US,graph,GC-10585" }, "geometry": { "type": "Point", "coordinates": [ -71.38058, 41.4872659 ] } },
{ "type": "Feature", "properties": { "RCID": 688, "PRIM": 1, "GRUP": 2, "OBJL": 153, "RVER": 1, "AGEN": 550, "FIDN": 478788750, "FIDS": 7303, "LNAM": "02261C89BC8E1C87", "QUASOU": [ "2" ], "WATLEV": 4, "SORDAT": "20050620", "SORIND": "US,US,graph,GC-10585" }, "geometry": { "type": "Point", "coordinates": [ -71.3823947, 41.5023789 ] } },
{ "type": "Feature", "properties": { "RCID": 689, "PRIM": 1, "GRUP": 2, "OBJL": 153, "RVER": 1, "AGEN": 550, "FIDN": 552664482, "FIDS": 7303, "LNAM": "022620F0FDA21C87", "EXPSOU": 2, "VALSOU": 0.0, "WATLEV": 5, "SORDAT": "200504", "SORIND": "US,US,graph,Chart 13223" }, "geometry": { "type": "Point", "coordinates": [ -71.3828423, 41.502033 ] } },
{ "type": "Feature", "properties": { "RCID": 690, "PRIM": 1, "GRUP": 2, "OBJL": 153, "RVER": 1, "AGEN": 550, "FIDN": 606893529, "FIDS": 7303, "LNAM": "0226242C75D91C87", "EXPSOU": 2, "VALSOU": 0.0, "WATLEV": 5, "SORDAT": "200504", "SORIND": "US,US,graph,Chart 13223" }, "geometry": { "type": "Point", "coordinates": [ -71.383295, 41.5080408 ] } },
{ "type": "Feature", "properties": { "RCID": 691, "PRIM": 1, "GRUP": 2, "OBJL": 153, "RVER": 1, "AGEN": 550, "FIDN": 238583910, "FIDS": 7303, "LNAM": "02260E3880661C87", "EXPSOU": 1, "QUASOU": [ "6" ], "VALSOU": 1.8, "WATLEV": 3, "SORDAT": "201306", "SORIND": "US,US,graph,Chart 13223" }, "geometry": { "type": "Point", "coordinates": [ -71.3839454, 41.4851267 ] } },
{ "type": "Feature", "properties": { "RCID": 692, "PRIM": 1, "GRUP": 2, "OBJL": 153, "RVER": 1, "AGEN": 550, "FIDN": 887057874, "FIDS": 7303, "LNAM": "022634DF6DD21C87", "QUASOU": [ "2" ], "WATLEV": 4, "SCAMIN": 44999, "SORDAT": "200504", "SORIND": "US,US,graph,Chart 13223" }, "geometry": { "type": "Point", "coordinates": [ -71.3848184, 41.4980975 ] } },
{ "type": "Feature", "properties": { "RCID": 693, "PRIM": 1, "GRUP": 2, "OBJL": 153, "RVER": 1, "AGEN": 550, "FIDN": 591907667, "FIDS": 7303, "LNAM": "02262347CB531C87", "EXPSOU": 2, "QUASOU": [ "6" ], "VALSOU": -0.6, "WATLEV": 4, "SCAMIN": 44999, "SORDAT": "20140818", "SORIND": "US,US,graph,GC-11187" }, "geometry": { "type": "Point", "coordinates": [ -71.3850981, 41.4985491 ] } },
{ "type": "Feature", "properties": { "RCID": 694, "PRIM": 1, "GRUP": 2, "OBJL": 153, "RVER": 1, "AGEN": 550, "FIDN": 22881131, "FIDS": 7303, "LNAM": "0226015D236B1C87", "EXPSOU": 2, "VALSOU": 0.0, "WATLEV": 5, "SORDAT": "200504", "SORIND": "US,US,graph,Chart 13223" }, "geometry": { "type": "Point", "coordinates": [ -71.385118, 41.5101041 ] } },
{ "type": "Feature", "properties": { "RCID": 695, "PRIM": 1, "GRUP": 2, "OBJL": 153, "RVER": 1, "AGEN": 550, "FIDN": 850551764, "FIDS": 7303, "LNAM": "022632B263D41C87", "QUASOU": [ "2" ], "WATLEV": 4, "SCAMIN": 44999, "SORDAT": "20140818", "SORIND": "US,US,graph,GC-11187" }, "geometry": { "type": "Point", "coordinates": [ -71.3854217, 41.486046 ] } },
{ "type": "Feature", "properties": { "RCID": 696, "PRIM": 1, "GRUP": 2, "OBJL": 153, "RVER": 1, "AGEN": 550, "FIDN": 608547349, "FIDS": 7303, "LNAM": "02262445B2151C87", "EXPSOU": 2, "QUASOU": [ "6" ], "VALSOU": -0.6, "WATLEV": 4, "SCAMIN": 44999, "SORDAT": "20140818", "SORIND": "US,US,graph,GC-11187" }, "geometry": { "type": "Point", "coordinates": [ -71.385757, 41.4861264 ] } },
{ "type": "Feature", "properties": { "RCID": 697, "PRIM": 1, "GRUP": 2, "OBJL": 153, "RVER": 1, "AGEN": 550, "FIDN": 763701560, "FIDS": 7303, "LNAM": "02262D8529381C87", "QUASOU": [ "2" ], "WATLEV": 3, "SORDAT": "20140818", "SORIND": "US,US,graph,GC-11187" }, "geometry": { "type": "Point", "coordinates": [ -71.3858338, 41.4871264 ] } },
{ "type": "Feature", "properties": { "RCID": 698, "PRIM": 1, "GRUP": 2, "OBJL": 153, "RVER": 1, "AGEN": 550, "FIDN": 870601440, "FIDS": 7303, "LNAM": "022633E452E01C87", "QUASOU": [ "2" ], "WATLEV": 4, "SORDAT": "20050620", "SORIND": "US,US,graph,GC-10585" }, "geometry": { "type": "Point", "coordinates": [ -71.3863716, 41.5447493 ] } },
{ "type": "Feature", "properties": { "RCID": 699, "PRIM": 1, "GRUP": 2, "OBJL": 153, "RVER": 1, "AGEN": 550, "FIDN": 48934533, "FIDS": 7303, "LNAM": "022602EAAE851C87", "QUASOU": [ "2" ], "WATLEV": 4, "SORDAT": "200504", "SORIND": "US,US,graph,Chart 13223" }, "geometry": { "type": "Point", "coordinates": [ -71.3865572, 41.5435585 ] } },
{ "type": "Feature", "properties": { "RCID": 700, "PRIM": 1, "GRUP": 2, "OBJL": 153, "RVER": 1, "AGEN": 550, "FIDN": 347052914, "FIDS": 7303, "LNAM": "022614AF9B721C87", "QUASOU": [ "2" ], "WATLEV": 4, "SORDAT": "20140818", "SORIND": "US,US,graph,GC-11187" }, "geometry": { "type": "Point", "coordinates": [ -71.3872418, 41.5372223 ] } },
{ "type": "Feature", "properties": { "RCID": 701, "PRIM": 1, "GRUP": 2, "OBJL": 153, "RVER": 1, "AGEN": 550, "FIDN": 153334184, "FIDS": 7303, "LNAM": "02260923B1A81C87", "QUASOU": [ "2" ], "WATLEV": 4, "SORDAT": "20140818", "SORIND": "US,US,graph,GC-11187" }, "geometry": { "type": "Point", "coordinates": [ -71.3873554, 41.492241 ] } },
{ "type": "Feature", "properties": { "RCID": 702, "PRIM": 1, "GRUP": 2, "OBJL": 153, "RVER": 1, "AGEN": 550, "FIDN": 59713232, "FIDS": 7303, "LNAM": "0226038F26D01C87", "QUASOU": [ "2" ], "WATLEV": 4, "SCAMIN": 44999, "SORDAT": "20140818", "SORIND": "US,US,graph,GC-11187" }, "geometry": { "type": "Point", "coordinates": [ -71.3889152, 41.4934733 ] } },
{ "type": "Feature", "properties": { "RCID": 703, "PRIM": 1, "GRUP": 2, "OBJL": 153, "RVER": 1, "AGEN": 550, "FIDN": 148802912, "FIDS": 7303, "LNAM": "022608DE8D601C87", "EXPSOU": 2, "QUASOU": [ "6" ], "VALSOU": -0.6, "WATLEV": 4, "SORDAT": "20140818", "SORIND": "US,US,graph,GC-11187" }, "geometry": { "type": "Point", "coordinates": [ -71.3901715, 41.5137767 ] } },
{ "type": "Feature", "properties": { "RCID": 704, "PRIM": 1, "GRUP": 2, "OBJL": 153, "RVER": 1, "AGEN": 550, "FIDN": 762072549, "FIDS": 7303, "LNAM": "02262D6C4DE51C87", "QUASOU": [ "2" ], "WATLEV": 4, "SCAMIN": 44999, "SORDAT": "20050620", "SORIND": "US,US,graph,GC-10585" }, "geometry": { "type": "Point", "coordinates": [ -71.3902599, 41.5311516 ] } },
{ "type": "Feature", "properties": { "RCID": 705, "PRIM": 1, "GRUP": 2, "OBJL": 153, "RVER": 1, "AGEN": 550, "FIDN": 172833401, "FIDS": 7303, "LNAM": "02260A4D3A791C87", "QUASOU": [ "2" ], "WATLEV": 4, "SORDAT": "20140818", "SORIND": "US,US,graph,GC-11187" }, "geometry": { "type": "Point", "coordinates": [ -71.3909825, 41.5142643 ] } },
{ "type": "Feature", "properties": { "RCID": 706, "PRIM": 1, "GRUP": 2, "OBJL": 153, "RVER": 1, "AGEN": 550, "FIDN": 941282821, "FIDS": 7303, "LNAM": "0226381AD6051C87", "EXPSOU": 2, "VALSOU": 0.0, "WATLEV": 5, "SCAMIN": 44999, "SORDAT": "200504", "SORIND": "US,US,graph,Chart 13223" }, "geometry": { "type": "Point", "coordinates": [ -71.3925421, 41.5251905 ] } },
{ "type": "Feature", "properties": { "RCID": 707, "PRIM": 1, "GRUP": 2, "OBJL": 153, "RVER": 1, "AGEN": 550, "FIDN": 787316202, "FIDS": 7303, "LNAM": "02262EED7DEA1C87", "EXPSOU": 2, "VALSOU": 0.0, "WATLEV": 5, "SCAMIN": 44999, "SORDAT": "200504", "SORIND": "US,US,graph,Chart 13223" }, "geometry": { "type": "Point", "coordinates": [ -71.3926056, 41.5191879 ] } },
{ "type": "Feature", "properties": { "RCID": 708, "PRIM": 1, "GRUP": 2, "OBJL": 153, "RVER": 1, "AGEN": 550, "FIDN": 983885809, "FIDS": 7303, "LNAM": "02263AA4E7F11C87", "EXPSOU": 2, "VALSOU": 0.0, "WATLEV": 5, "SCAMIN": 44999, "SORDAT": "200504", "SORIND": "US,US,graph,Chart 13223" }, "geometry": { "type": "Point", "coordinates": [ -71.392784, 41.5237253 ] } },
{ "type": "Feature", "properties": { "RCID": 709, "PRIM": 1, "GRUP": 2, "OBJL": 153, "RVER": 1, "AGEN": 550, "FIDN": 64278914, "FIDS": 7303, "LNAM": "022603D4D1821C87", "EXPSOU": 2, "VALSOU": 0.0, "WATLEV": 5, "SCAMIN": 44999, "SORDAT": "200504", "SORIND": "US,US,graph,Chart 13223" }, "geometry": { "type": "Point", "coordinates": [ -71.3929194, 41.5240952 ] } },
{ "type": "Feature", "properties": { "RCID": 710, "PRIM": 1, "GRUP": 2, "OBJL": 153, "RVER": 1, "AGEN": 550, "FIDN": 405228382, "FIDS": 7303, "LNAM": "022618274B5E1C87", "EXPSOU": 1, "QUASOU": [ "6" ], "VALSOU": 8.2, "WATLEV": 3, "SORDAT": "20040729", "SORIND": "US,US,graph,H-11310" }, "geometry": { "type": "Point", "coordinates": [ -71.3929917, 41.5441962 ] } },
{ "type": "Feature", "properties": { "RCID": 711, "PRIM": 1, "GRUP": 2, "OBJL": 153, "RVER": 1, "AGEN": 550, "FIDN": 130211530, "FIDS": 7303, "LNAM": "022607C2DECA1C87", "EXPSOU": 1, "QUASOU": [ "6" ], "VALSOU": 5.7, "WATLEV": 3, "INFORM": "Rocks", "SORDAT": "20040729", "SORIND": "US,US,graph,H-11310" }, "geometry": { "type": "Point", "coordinates": [ -71.3932604, 41.5430003 ] } },
{ "type": "Feature", "properties": { "RCID": 712, "PRIM": 1, "GRUP": 2, "OBJL": 153, "RVER": 1, "AGEN": 550, "FIDN": 107376673, "FIDS": 7303, "LNAM": "0226066670211C87", "EXPSOU": 1, "QUASOU": [ "6" ], "VALSOU": 8.2, "WATLEV": 3, "SORDAT": "20040729", "SORIND": "US,US,graph,H-11310" }, "geometry": { "type": "Point", "coordinates": [ -71.393328, 41.5336882 ] } },
{ "type": "Feature", "properties": { "RCID": 713, "PRIM": 1, "GRUP": 2, "OBJL": 153, "RVER": 1, "AGEN": 550, "FIDN": 383602369, "FIDS": 7303, "LNAM": "022616DD4EC11C87", "EXPSOU": 1, "QUASOU": [ "6" ], "VALSOU": 0.6, "WATLEV": 3, "SORDAT": "200504", "SORIND": "US,US,graph,Chart 13223" }, "geometry": { "type": "Point", "coordinates": [ -71.3973831, 41.4816322 ] } },
{ "type": "Feature", "properties": { "RCID": 714, "PRIM": 1, "GRUP": 2, "OBJL": 153, "RVER": 1, "AGEN": 550, "FIDN": 406073357, "FIDS": 7303, "LNAM": "02261834300D1C87", "EXPSOU": 1, "QUASOU": [ "6" ], "VALSOU": 0.6, "WATLEV": 3, "SORDAT": "200504", "SORIND": "US,US,graph,Chart 13223" }, "geometry": { "type": "Point", "coordinates": [ -71.3989725, 41.4859568 ] } },
{ "type": "Feature", "properties": { "RCID": 715, "PRIM": 1, "GRUP": 2, "OBJL": 153, "RVER": 1, "AGEN": 550, "FIDN": 242532391, "FIDS": 7303, "LNAM": "02260E74C0271C87", "QUASOU": [ "2" ], "WATLEV": 3, "SCAMIN": 44999, "SORDAT": "20140818", "SORIND": "US,US,graph,GC-11187" }, "geometry": { "type": "Point", "coordinates": [ -71.3991857, 41.4931736 ] } },
{ "type": "Feature", "properties": { "RCID": 716, "PRIM": 1, "GRUP": 2, "OBJL": 153, "RVER": 1, "AGEN": 550, "FIDN": 693211657, "FIDS": 7303, "LNAM": "0226295192091C87", "EXPSOU": 2, "VALSOU": 0.0, "WATLEV": 5, "SCAMIN": 44999, "SORDAT": "200504", "SORIND": "US,US,graph,Chart 13223" }, "geometry": { "type": "Point", "coordinates": [ -71.3994059, 41.4929172 ] } },
{ "type": "Feature", "properties": { "RCID": 717, "PRIM": 1, "GRUP": 2, "OBJL": 153, "RVER": 1, "AGEN": 550, "FIDN": 947981486, "FIDS": 7303, "LNAM": "022638810CAE1C87", "QUASOU": [ "2" ], "WATLEV": 4, "SORDAT": "20050620", "SORIND": "US,US,graph,GC-10585" }, "geometry": { "type": "Point", "coordinates": [ -71.3311043, 41.5180214 ] } },
{ "type": "Feature", "properties": { "RCID": 718, "PRIM": 1, "GRUP": 2, "OBJL": 153, "RVER": 1, "AGEN": 550, "FIDN": 66978481, "FIDS": 7303, "LNAM": "022603FE02B11C87", "EXPSOU": 1, "QUASOU": [ "6" ], "VALSOU": 8.8, "WATLEV": 3, "SORDAT": "201306", "SORIND": "US,US,graph,Chart 13223" }, "geometry": { "type": "Point", "coordinates": [ -71.3350985, 41.5095268 ] } },
{ "type": "Feature", "properties": { "RCID": 719, "PRIM": 1, "GRUP": 2, "OBJL": 153, "RVER": 1, "AGEN": 550, "FIDN": 992561384, "FIDS": 7303, "LNAM": "02263B2948E81C87", "QUASOU": [ "2" ], "WATLEV": 3, "SORDAT": "20140818", "SORIND": "US,US,graph,GC-11187" }, "geometry": { "type": "Point", "coordinates": [ -71.3390443, 41.4966366 ] } },
{ "type": "Feature", "properties": { "RCID": 720, "PRIM": 1, "GRUP": 2, "OBJL": 153, "RVER": 1, "AGEN": 550, "FIDN": 669694816, "FIDS": 7303, "LNAM": "022627EABB601C87", "QUASOU": [ "2" ], "WATLEV": 4, "SCAMIN": 44999, "SORDAT": "20140818", "SORIND": "US,US,graph,GC-11187" }, "geometry": { "type": "Point", "coordinates": [ -71.3403702, 41.4989571 ] } },
{ "type": "Feature", "properties": { "RCID": 721, "PRIM": 1, "GRUP": 2, "OBJL": 153, "RVER": 1, "AGEN": 550, "FIDN": 378099796, "FIDS": 7303, "LNAM": "0226168958541C87", "QUASOU": [ "2" ], "WATLEV": 4, "SORDAT": "20140818", "SORIND": "US,US,graph,GC-11187" }, "geometry": { "type": "Point", "coordinates": [ -71.3406384, 41.4949559 ] } },
{ "type": "Feature", "properties": { "RCID": 722, "PRIM": 1, "GRUP": 2, "OBJL": 153, "RVER": 1, "AGEN": 550, "FIDN": 269766943, "FIDS": 7303, "LNAM": "02261014511F1C87", "EXPSOU": 1, "QUASOU": [ "6" ], "VALSOU": 7.9, "WATLEV": 3, "SORDAT": "201306", "SORIND": "US,US,graph,Chart 13223" }, "geometry": { "type": "Point", "coordinates": [ -71.3555555, 41.4787134 ] } },
{ "type": "Feature", "properties": { "RCID": 723, "PRIM": 1, "GRUP": 2, "OBJL": 153, "RVER": 1, "AGEN": 550, "FIDN": 893078869, "FIDS": 7303, "LNAM": "0226353B4D551C87", "EXPSOU": 1, "QUASOU": [ "6" ], "VALSOU": 0.9, "WATLEV": 3, "SORDAT": "200504", "SORIND": "US,US,graph,Chart 13223" }, "geometry": { "type": "Point", "coordinates": [ -71.3595957, 41.4858012 ] } },
{ "type": "Feature", "properties": { "RCID": 724, "PRIM": 1, "GRUP": 2, "OBJL": 153, "RVER": 1, "AGEN": 550, "FIDN": 610369363, "FIDS": 7303, "LNAM": "022624617F531C87", "QUASOU": [ "2" ], "WATLEV": 4, "SORDAT": "20140818", "SORIND": "US,US,graph,GC-11187" }, "geometry": { "type": "Point", "coordinates": [ -71.3597334, 41.4842567 ] } },
{ "type": "Feature", "properties": { "RCID": 725, "PRIM": 1, "GRUP": 2, "OBJL": 153, "RVER": 1, "AGEN": 550, "FIDN": 315756795, "FIDS": 7303, "LNAM": "022612D210FB1C87", "QUASOU": [ "2" ], "WATLEV": 4, "SORDAT": "20140818", "SORIND": "US,US,graph,GC-11187" }, "geometry": { "type": "Point", "coordinates": [ -71.3601966, 41.4835393 ] } },
{ "type": "Feature", "properties": { "RCID": 726, "PRIM": 1, "GRUP": 2, "OBJL": 153, "RVER": 1, "AGEN": 550, "FIDN": 288743699, "FIDS": 7303, "LNAM": "02261135E1131C87", "EXPSOU": 1, "QUASOU": [ "6" ], "VALSOU": 7.3, "WATLEV": 3, "INFORM": "Rocks", "SORDAT": "20060711", "SORIND": "US,US,graph,FE-00522" }, "geometry": { "type": "Point", "coordinates": [ -71.3604283, 41.5306841 ] } },
{ "type": "Feature", "properties": { "RCID": 727, "PRIM": 1, "GRUP": 2, "OBJL": 153, "RVER": 1, "AGEN": 550, "FIDN": 686911943, "FIDS": 7303, "LNAM": "022628F171C71C87", "QUASOU": [ "2" ], "WATLEV": 3, "SCAMIN": 44999, "SORDAT": "200504", "SORIND": "US,US,graph,Chart 13223" }, "geometry": { "type": "Point", "coordinates": [ -71.3607814, 41.5271094 ] } },
{ "type": "Feature", "properties": { "RCID": 728, "PRIM": 1, "GRUP": 2, "OBJL": 153, "RVER": 1, "AGEN": 550, "FIDN": 379181010, "FIDS": 7303, "LNAM": "02261699D7D21C87", "EXPSOU": 1, "QUASOU": [ "6" ], "VALSOU": 10.9, "WATLEV": 3, "SORDAT": "20060711", "SORIND": "US,US,graph,FE-00522" }, "geometry": { "type": "Point", "coordinates": [ -71.3610235, 41.535059 ] } },
{ "type": "Feature", "properties": { "RCID": 729, "PRIM": 1, "GRUP": 2, "OBJL": 153, "RVER": 1, "AGEN": 550, "FIDN": 573078283, "FIDS": 7303, "LNAM": "022622287B0B1C87", "QUASOU": [ "2" ], "WATLEV": 3, "SCAMIN": 44999, "SORDAT": "20140818", "SORIND": "US,US,graph,GC-11187" }, "geometry": { "type": "Point", "coordinates": [ -71.3620233, 41.5017734 ] } },
{ "type": "Feature", "properties": { "RCID": 730, "PRIM": 1, "GRUP": 2, "OBJL": 153, "RVER": 1, "AGEN": 550, "FIDN": 746078806, "FIDS": 7303, "LNAM": "02262C7842561C87", "EXPSOU": 2, "QUASOU": [ "6" ], "VALSOU": -0.6, "WATLEV": 4, "SCAMIN": 44999, "SORDAT": "200504", "SORIND": "US,US,graph,Chart 13223" }, "geometry": { "type": "Point", "coordinates": [ -71.3622293, 41.5217595 ] } },
{ "type": "Feature", "properties": { "RCID": 731, "PRIM": 1, "GRUP": 2, "OBJL": 153, "RVER": 1, "AGEN": 550, "FIDN": 770056601, "FIDS": 7303, "LNAM": "02262DE621991C87", "QUASOU": [ "2" ], "WATLEV": 4, "SORDAT": "20050620", "SORIND": "US,US,graph,GC-10585" }, "geometry": { "type": "Point", "coordinates": [ -71.3642375, 41.5376409 ] } },
{ "type": "Feature", "properties": { "RCID": 732, "PRIM": 1, "GRUP": 2, "OBJL": 153, "RVER": 1, "AGEN": 550, "FIDN": 405257381, "FIDS": 7303, "LNAM": "02261827BCA51C87", "QUASOU": [ "2" ], "WATLEV": 4, "SORDAT": "20050620", "SORIND": "US,US,graph,GC-10585" }, "geometry": { "type": "Point", "coordinates": [ -71.3643386, 41.4909789 ] } },
{ "type": "Feature", "properties": { "RCID": 733, "PRIM": 1, "GRUP": 2, "OBJL": 153, "RVER": 1, "AGEN": 550, "FIDN": 609236181, "FIDS": 7303, "LNAM": "0226245034D51C87", "QUASOU": [ "2" ], "WATLEV": 4, "SCAMIN": 44999, "SORDAT": "20050620", "SORIND": "US,US,graph,GC-10585" }, "geometry": { "type": "Point", "coordinates": [ -71.3647553, 41.5407094 ] } },
{ "type": "Feature", "properties": { "RCID": 734, "PRIM": 1, "GRUP": 2, "OBJL": 153, "RVER": 1, "AGEN": 550, "FIDN": 254718890, "FIDS": 7303, "LNAM": "02260F2EB3AA1C87", "QUASOU": [ "2" ], "WATLEV": 4, "SCAMIN": 44999, "SORDAT": "20050620", "SORIND": "US,US,graph,GC-10585" }, "geometry": { "type": "Point", "coordinates": [ -71.3648621, 41.5401463 ] } },
{ "type": "Feature", "properties": { "RCID": 735, "PRIM": 1, "GRUP": 2, "OBJL": 153, "RVER": 1, "AGEN": 550, "FIDN": 315447470, "FIDS": 7303, "LNAM": "022612CD58AE1C87", "QUASOU": [ "2" ], "WATLEV": 4, "SORDAT": "20140818", "SORIND": "US,US,graph,GC-11187" }, "geometry": { "type": "Point", "coordinates": [ -71.3666995, 41.4949923 ] } },
{ "type": "Feature", "properties": { "RCID": 736, "PRIM": 1, "GRUP": 2, "OBJL": 153, "RVER": 1, "AGEN": 550, "FIDN": 930475562, "FIDS": 7303, "LNAM": "02263775EE2A1C87", "EXPSOU": 1, "QUASOU": [ "6" ], "VALSOU": 0.9, "WATLEV": 3, "SORDAT": "201306", "SORIND": "US,US,graph,Chart 13223" }, "geometry": { "type": "Point", "coordinates": [ -71.3776934, 41.4783797 ] } },
{ "type": "Feature", "properties": { "RCID": 737, "PRIM": 1, "GRUP": 2, "OBJL": 153, "RVER": 1, "AGEN": 550, "FIDN": 134035159, "FIDS": 7303, "LNAM": "022607FD36D71C87", "QUASOU": [ "2" ], "WATLEV": 4, "SCAMIN": 44999, "SORDAT": "20140818", "SORIND": "US,US,graph,GC-11187" }, "geometry": { "type": "Point", "coordinates": [ -71.380243, 41.5064493 ] } },
{ "type": "Feature", "properties": { "RCID": 738, "PRIM": 1, "GRUP": 2, "OBJL": 153, "RVER": 1, "AGEN": 550, "FIDN": 502023268, "FIDS": 7303, "LNAM": "02261DEC44641C87", "QUASOU": [ "2" ], "WATLEV": 3, "SORDAT": "20140818", "SORIND": "US,US,graph,GC-11187" }, "geometry": { "type": "Point", "coordinates": [ -71.3839559, 41.476678 ] } },
{ "type": "Feature", "properties": { "RCID": 739, "PRIM": 1, "GRUP": 2, "OBJL": 153, "RVER": 1, "AGEN": 550, "FIDN": 249020976, "FIDS": 7303, "LNAM": "02260ED7C2301C87", "QUASOU": [ "2" ], "WATLEV": 3, "SCAMIN": 44999, "SORDAT": "20140818", "SORIND": "US,US,graph,GC-11187" }, "geometry": { "type": "Point", "coordinates": [ -71.384612, 41.4989872 ] } },
{ "type": "Feature", "properties": { "RCID": 740, "PRIM": 1, "GRUP": 2, "OBJL": 153, "RVER": 1, "AGEN": 550, "FIDN": 370495794, "FIDS": 7303, "LNAM": "0226161551321C87", "EXPSOU": 1, "QUASOU": [ "6" ], "VALSOU": 0.6, "WATLEV": 3, "SORDAT": "200504", "SORIND": "US,US,graph,Chart 13223" }, "geometry": { "type": "Point", "coordinates": [ -71.3846606, 41.5094075 ] } },
{ "type": "Feature", "properties": { "RCID": 741, "PRIM": 1, "GRUP": 2, "OBJL": 153, "RVER": 1, "AGEN": 550, "FIDN": 801781042, "FIDS": 7303, "LNAM": "02262FCA35321C87", "QUASOU": [ "2" ], "WATLEV": 4, "SORDAT": "20140818", "SORIND": "US,US,graph,GC-11187" }, "geometry": { "type": "Point", "coordinates": [ -71.3851231, 41.4870162 ] } },
{ "type": "Feature", "properties": { "RCID": 742, "PRIM": 1, "GRUP": 2, "OBJL": 153, "RVER": 1, "AGEN": 550, "FIDN": 574026638, "FIDS": 7303, "LNAM": "02262236F38E1C87", "QUASOU": [ "2" ], "WATLEV": 4, "SORDAT": "20050620", "SORIND": "US,US,graph,GC-10585" }, "geometry": { "type": "Point", "coordinates": [ -71.3859741, 41.5489407 ] } },
{ "type": "Feature", "properties": { "RCID": 743, "PRIM": 1, "GRUP": 2, "OBJL": 153, "RVER": 1, "AGEN": 550, "FIDN": 653884929, "FIDS": 7303, "LNAM": "022626F97E011C87", "QUASOU": [ "2" ], "WATLEV": 4, "SORDAT": "200504", "SORIND": "US,US,graph,Chart 13223" }, "geometry": { "type": "Point", "coordinates": [ -71.3866149, 41.5455568 ] } },
{ "type": "Feature", "properties": { "RCID": 744, "PRIM": 1, "GRUP": 2, "OBJL": 153, "RVER": 1, "AGEN": 550, "FIDN": 975379517, "FIDS": 7303, "LNAM": "02263A231C3D1C87", "QUASOU": [ "2" ], "WATLEV": 4, "SORDAT": "20050620", "SORIND": "US,US,graph,GC-10585" }, "geometry": { "type": "Point", "coordinates": [ -71.3868434, 41.5464706 ] } },
{ "type": "Feature", "properties": { "RCID": 745, "PRIM": 1, "GRUP": 2, "OBJL": 153, "RVER": 1, "AGEN": 550, "FIDN": 708089250, "FIDS": 7303, "LNAM": "02262A3495A21C87", "QUASOU": [ "2" ], "WATLEV": 4, "SORDAT": "20050620", "SORIND": "US,US,graph,GC-10585" }, "geometry": { "type": "Point", "coordinates": [ -71.3868569, 41.5426746 ] } },
{ "type": "Feature", "properties": { "RCID": 746, "PRIM": 1, "GRUP": 2, "OBJL": 153, "RVER": 1, "AGEN": 550, "FIDN": 661671776, "FIDS": 7303, "LNAM": "022627704F601C87", "EXPSOU": 2, "OBJNAM": "Dick Rock", "VALSOU": 0.0, "WATLEV": 5, "SORDAT": "200504", "SORIND": "US,US,graph,Chart 13223" }, "geometry": { "type": "Point", "coordinates": [ -71.388752, 41.5369035 ] } },
{ "type": "Feature", "properties": { "RCID": 747, "PRIM": 1, "GRUP": 2, "OBJL": 153, "RVER": 1, "AGEN": 550, "FIDN": 906163852, "FIDS": 7303, "LNAM": "02263602F68C1C87", "EXPSOU": 1, "OBJNAM": "Fowler Rock", "QUASOU": [ "6" ], "VALSOU": 1.8, "WATLEV": 3, "SORDAT": "200504", "SORIND": "US,US,graph,Chart 13223" }, "geometry": { "type": "Point", "coordinates": [ -71.3901337, 41.534322 ] } },
{ "type": "Feature", "properties": { "RCID": 748, "PRIM": 1, "GRUP": 2, "OBJL": 153, "RVER": 1, "AGEN": 550, "FIDN": 26890960, "FIDS": 7303, "LNAM": "0226019A52D01C87", "EXPSOU": 2, "VALSOU": 0.0, "WATLEV": 5, "SCAMIN": 44999, "SORDAT": "200504", "SORIND": "US,US,graph,Chart 13223" }, "geometry": { "type": "Point", "coordinates": [ -71.3904644, 41.4925793 ] } },
{ "type": "Feature", "properties": { "RCID": 749, "PRIM": 1, "GRUP": 2, "OBJL": 153, "RVER": 1, "AGEN": 550, "FIDN": 910453553, "FIDS": 7303, "LNAM": "022636446B311C87", "EXPSOU": 2, "VALSOU": 0.0, "WATLEV": 5, "SORDAT": "200504", "SORIND": "US,US,graph,Chart 13223" }, "geometry": { "type": "Point", "coordinates": [ -71.3904989, 41.5301468 ] } },
{ "type": "Feature", "properties": { "RCID": 750, "PRIM": 1, "GRUP": 2, "OBJL": 153, "RVER": 1, "AGEN": 550, "FIDN": 373212671, "FIDS": 7303, "LNAM": "0226163EC5FF1C87", "EXPSOU": 1, "QUASOU": [ "6" ], "VALSOU": 5.4, "WATLEV": 3, "SORDAT": "20040729", "SORIND": "US,US,graph,H-11310" }, "geometry": { "type": "Point", "coordinates": [ -71.3918684, 41.5342116 ] } },
{ "type": "Feature", "properties": { "RCID": 751, "PRIM": 1, "GRUP": 2, "OBJL": 153, "RVER": 1, "AGEN": 550, "FIDN": 626841236, "FIDS": 7303, "LNAM": "0226255CD6941C87", "EXPSOU": 2, "VALSOU": 0.0, "WATLEV": 5, "SORDAT": "200504", "SORIND": "US,US,graph,Chart 13223" }, "geometry": { "type": "Point", "coordinates": [ -71.392202, 41.5166235 ] } },
{ "type": "Feature", "properties": { "RCID": 752, "PRIM": 1, "GRUP": 2, "OBJL": 153, "RVER": 1, "AGEN": 550, "FIDN": 838362148, "FIDS": 7303, "LNAM": "022631F864241C87", "EXPSOU": 2, "VALSOU": 0.0, "WATLEV": 5, "SCAMIN": 44999, "SORDAT": "200504", "SORIND": "US,US,graph,Chart 13223" }, "geometry": { "type": "Point", "coordinates": [ -71.3925505, 41.5194985 ] } },
{ "type": "Feature", "properties": { "RCID": 753, "PRIM": 1, "GRUP": 2, "OBJL": 153, "RVER": 1, "AGEN": 550, "FIDN": 706903587, "FIDS": 7303, "LNAM": "02262A227E231C87", "EXPSOU": 2, "QUASOU": [ "6" ], "VALSOU": -0.6, "WATLEV": 4, "SCAMIN": 44999, "SORDAT": "200504", "SORIND": "US,US,graph,Chart 13223" }, "geometry": { "type": "Point", "coordinates": [ -71.3927565, 41.5180682 ] } },
{ "type": "Feature", "properties": { "RCID": 754, "PRIM": 1, "GRUP": 2, "OBJL": 153, "RVER": 1, "AGEN": 550, "FIDN": 560893746, "FIDS": 7303, "LNAM": "0226216E8F321C87", "EXPSOU": 2, "QUASOU": [ "6" ], "VALSOU": 4.5, "WATLEV": 3, "SORDAT": "20040729", "SORIND": "US,US,graph,H-11310" }, "geometry": { "type": "Point", "coordinates": [ -71.3930852, 41.5351287 ] } },
{ "type": "Feature", "properties": { "RCID": 755, "PRIM": 1, "GRUP": 2, "OBJL": 153, "RVER": 1, "AGEN": 550, "FIDN": 813928010, "FIDS": 7303, "LNAM": "022630838E4A1C87", "QUASOU": [ "2" ], "WATLEV": 4, "SORDAT": "20140818", "SORIND": "US,US,graph,GC-11187" }, "geometry": { "type": "Point", "coordinates": [ -71.3973861, 41.480992 ] } },
{ "type": "Feature", "properties": { "RCID": 756, "PRIM": 1, "GRUP": 2, "OBJL": 153, "RVER": 1, "AGEN": 550, "FIDN": 15362459, "FIDS": 7303, "LNAM": "022600EA699B1C87", "EXPSOU": 1, "QUASOU": [ "6" ], "VALSOU": 0.6, "WATLEV": 3, "SORDAT": "200504", "SORIND": "US,US,graph,Chart 13223" }, "geometry": { "type": "Point", "coordinates": [ -71.3979987, 41.493778 ] } },
{ "type": "Feature", "properties": { "RCID": 757, "PRIM": 1, "GRUP": 2, "OBJL": 153, "RVER": 1, "AGEN": 550, "FIDN": 881084278, "FIDS": 7303, "LNAM": "0226348447761C87", "EXPSOU": 2, "VALSOU": 0.0, "WATLEV": 5, "SORDAT": "200504", "SORIND": "US,US,graph,Chart 13223" }, "geometry": { "type": "Point", "coordinates": [ -71.3288374, 41.519971 ] } },
{ "type": "Feature", "properties": { "RCID": 758, "PRIM": 1, "GRUP": 2, "OBJL": 153, "RVER": 1, "AGEN": 550, "FIDN": 75578714, "FIDS": 7303, "LNAM": "022604813D5A1C87", "QUASOU": [ "2" ], "WATLEV": 4, "SORDAT": "20050620", "SORIND": "US,US,graph,GC-10585" }, "geometry": { "type": "Point", "coordinates": [ -71.3288906, 41.521304 ] } },
{ "type": "Feature", "properties": { "RCID": 759, "PRIM": 1, "GRUP": 2, "OBJL": 153, "RVER": 1, "AGEN": 550, "FIDN": 918866368, "FIDS": 7303, "LNAM": "022636C4C9C01C87", "EXPSOU": 1, "QUASOU": [ "6" ], "VALSOU": 7.6, "WATLEV": 3, "SORDAT": "201306", "SORIND": "US,US,graph,Chart 13223" }, "geometry": { "type": "Point", "coordinates": [ -71.3300462, 41.502995 ] } },
{ "type": "Feature", "properties": { "RCID": 760, "PRIM": 1, "GRUP": 2, "OBJL": 153, "RVER": 1, "AGEN": 550, "FIDN": 540781834, "FIDS": 7303, "LNAM": "0226203BAD0A1C87", "QUASOU": [ "2" ], "WATLEV": 4, "SORDAT": "200504", "SORIND": "US,US,graph,Chart 13223" }, "geometry": { "type": "Point", "coordinates": [ -71.3326471, 41.5016098 ] } },
{ "type": "Feature", "properties": { "RCID": 761, "PRIM": 1, "GRUP": 2, "OBJL": 153, "RVER": 1, "AGEN": 550, "FIDN": 8569595, "FIDS": 7303, "LNAM": "02260082C2FB1C87", "QUASOU": [ "2" ], "WATLEV": 4, "SCAMIN": 44999, "SORDAT": "200504", "SORIND": "US,US,graph,Chart 13223" }, "geometry": { "type": "Point", "coordinates": [ -71.3349502, 41.476429 ] } },
{ "type": "Feature", "properties": { "RCID": 762, "PRIM": 1, "GRUP": 2, "OBJL": 153, "RVER": 1, "AGEN": 550, "FIDN": 300241116, "FIDS": 7303, "LNAM": "022611E550DC1C87", "QUASOU": [ "2" ], "WATLEV": 4, "SORDAT": "20050620", "SORIND": "US,US,graph,GC-10585" }, "geometry": { "type": "Point", "coordinates": [ -71.3390458, 41.4967541 ] } },
{ "type": "Feature", "properties": { "RCID": 763, "PRIM": 1, "GRUP": 2, "OBJL": 153, "RVER": 1, "AGEN": 550, "FIDN": 568726653, "FIDS": 7303, "LNAM": "022621E6147D1C87", "EXPSOU": 2, "VALSOU": 0.0, "WATLEV": 5, "SORDAT": "200504", "SORIND": "US,US,graph,Chart 13223" }, "geometry": { "type": "Point", "coordinates": [ -71.3398523, 41.497957 ] } },
{ "type": "Feature", "properties": { "RCID": 764, "PRIM": 1, "GRUP": 2, "OBJL": 153, "RVER": 1, "AGEN": 550, "FIDN": 837400911, "FIDS": 7303, "LNAM": "022631E9B94F1C87", "QUASOU": [ "2" ], "WATLEV": 4, "SCAMIN": 44999, "SORDAT": "200504", "SORIND": "US,US,graph,Chart 13223" }, "geometry": { "type": "Point", "coordinates": [ -71.3402116, 41.500416 ] } },
{ "type": "Feature", "properties": { "RCID": 765, "PRIM": 1, "GRUP": 2, "OBJL": 153, "RVER": 1, "AGEN": 550, "FIDN": 867375366, "FIDS": 7303, "LNAM": "022633B319061C87", "EXPSOU": 1, "QUASOU": [ "6" ], "VALSOU": 10.3, "WATLEV": 3, "SORDAT": "201306", "SORIND": "US,US,graph,Chart 13223" }, "geometry": { "type": "Point", "coordinates": [ -71.3415691, 41.5427674 ] } },
{ "type": "Feature", "properties": { "RCID": 766, "PRIM": 1, "GRUP": 2, "OBJL": 153, "RVER": 1, "AGEN": 550, "FIDN": 204307985, "FIDS": 7303, "LNAM": "02260C2D7E111C87", "QUASOU": [ "2" ], "WATLEV": 4, "SORDAT": "20140818", "SORIND": "US,US,graph,GC-11187" }, "geometry": { "type": "Point", "coordinates": [ -71.3525875, 41.4825385 ] } },
{ "type": "Feature", "properties": { "RCID": 767, "PRIM": 1, "GRUP": 2, "OBJL": 153, "RVER": 1, "AGEN": 550, "FIDN": 796463246, "FIDS": 7303, "LNAM": "02262F79108E1C87", "QUASOU": [ "2" ], "WATLEV": 4, "SORDAT": "20140818", "SORIND": "US,US,graph,GC-11187" }, "geometry": { "type": "Point", "coordinates": [ -71.3538676, 41.4828604 ] } },
{ "type": "Feature", "properties": { "RCID": 768, "PRIM": 1, "GRUP": 2, "OBJL": 153, "RVER": 1, "AGEN": 550, "FIDN": 646931546, "FIDS": 7303, "LNAM": "0226268F645A1C87", "QUASOU": [ "2" ], "WATLEV": 4, "SCAMIN": 44999, "SORDAT": "20140818", "SORIND": "US,US,graph,GC-11187" }, "geometry": { "type": "Point", "coordinates": [ -71.3622813, 41.4877837 ] } },
{ "type": "Feature", "properties": { "RCID": 769, "PRIM": 1, "GRUP": 2, "OBJL": 153, "RVER": 1, "AGEN": 550, "FIDN": 192407050, "FIDS": 7303, "LNAM": "02260B77E60A1C87", "EXPSOU": 2, "VALSOU": 0.0, "WATLEV": 5, "SORDAT": "200504", "SORIND": "US,US,graph,Chart 13223" }, "geometry": { "type": "Point", "coordinates": [ -71.3625623, 41.5433929 ] } },
{ "type": "Feature", "properties": { "RCID": 770, "PRIM": 1, "GRUP": 2, "OBJL": 153, "RVER": 1, "AGEN": 550, "FIDN": 11892219, "FIDS": 7303, "LNAM": "022600B575FB1C87", "QUASOU": [ "2" ], "WATLEV": 4, "SCAMIN": 44999, "SORDAT": "20140818", "SORIND": "US,US,graph,GC-11187" }, "geometry": { "type": "Point", "coordinates": [ -71.3626584, 41.4894585 ] } },
{ "type": "Feature", "properties": { "RCID": 771, "PRIM": 1, "GRUP": 2, "OBJL": 153, "RVER": 1, "AGEN": 550, "FIDN": 138278818, "FIDS": 7303, "LNAM": "0226083DF7A21C87", "EXPSOU": 2, "VALSOU": 0.0, "WATLEV": 5, "SORDAT": "200504", "SORIND": "US,US,graph,Chart 13223" }, "geometry": { "type": "Point", "coordinates": [ -71.3639078, 41.5373799 ] } },
{ "type": "Feature", "properties": { "RCID": 772, "PRIM": 1, "GRUP": 2, "OBJL": 153, "RVER": 1, "AGEN": 550, "FIDN": 362661995, "FIDS": 7303, "LNAM": "0226159DC86B1C87", "QUASOU": [ "2" ], "WATLEV": 3, "SORDAT": "20140818", "SORIND": "US,US,graph,GC-11187" }, "geometry": { "type": "Point", "coordinates": [ -71.3650823, 41.5120416 ] } },
{ "type": "Feature", "properties": { "RCID": 773, "PRIM": 1, "GRUP": 2, "OBJL": 153, "RVER": 1, "AGEN": 550, "FIDN": 792998290, "FIDS": 7303, "LNAM": "02262F4431921C87", "QUASOU": [ "2" ], "WATLEV": 3, "SORDAT": "20140818", "SORIND": "US,US,graph,GC-11187" }, "geometry": { "type": "Point", "coordinates": [ -71.3812567, 41.4881635 ] } },
{ "type": "Feature", "properties": { "RCID": 774, "PRIM": 1, "GRUP": 2, "OBJL": 153, "RVER": 1, "AGEN": 550, "FIDN": 863164147, "FIDS": 7303, "LNAM": "02263372D6F31C87", "QUASOU": [ "2" ], "WATLEV": 4, "SORDAT": "20050620", "SORIND": "US,US,graph,GC-10585" }, "geometry": { "type": "Point", "coordinates": [ -71.3814656, 41.48833 ] } },
{ "type": "Feature", "properties": { "RCID": 775, "PRIM": 1, "GRUP": 2, "OBJL": 153, "RVER": 1, "AGEN": 550, "FIDN": 55104438, "FIDS": 7303, "LNAM": "02260348D3B61C87", "EXPSOU": 2, "VALSOU": 0.0, "WATLEV": 5, "SORDAT": "200504", "SORIND": "US,US,graph,Chart 13223" }, "geometry": { "type": "Point", "coordinates": [ -71.3825141, 41.5026642 ] } },
{ "type": "Feature", "properties": { "RCID": 776, "PRIM": 1, "GRUP": 2, "OBJL": 153, "RVER": 1, "AGEN": 550, "FIDN": 494737153, "FIDS": 7303, "LNAM": "02261D7D17011C87", "EXPSOU": 1, "QUASOU": [ "6" ], "VALSOU": 1.8, "WATLEV": 3, "SORDAT": "20110801", "SORIND": "US,US,reprt,L-43/12" }, "geometry": { "type": "Point", "coordinates": [ -71.3839153, 41.4831569 ] } },
{ "type": "Feature", "properties": { "RCID": 777, "PRIM": 1, "GRUP": 2, "OBJL": 153, "RVER": 1, "AGEN": 550, "FIDN": 890895005, "FIDS": 7303, "LNAM": "02263519FA9D1C87", "EXPSOU": 2, "VALSOU": 0.0, "WATLEV": 5, "SORDAT": "20050620", "SORIND": "US,US,graph,GC-10585" }, "geometry": { "type": "Point", "coordinates": [ -71.3840354, 41.4995332 ] } },
{ "type": "Feature", "properties": { "RCID": 778, "PRIM": 1, "GRUP": 2, "OBJL": 153, "RVER": 1, "AGEN": 550, "FIDN": 539489803, "FIDS": 7303, "LNAM": "02262027F60B1C87", "QUASOU": [ "2" ], "WATLEV": 4, "SORDAT": "20140818", "SORIND": "US,US,graph,GC-11187" }, "geometry": { "type": "Point", "coordinates": [ -71.3844019, 41.5099753 ] } },
{ "type": "Feature", "properties": { "RCID": 779, "PRIM": 1, "GRUP": 2, "OBJL": 153, "RVER": 1, "AGEN": 550, "FIDN": 571471617, "FIDS": 7303, "LNAM": "0226220FF7011C87", "EXPSOU": 2, "VALSOU": 0.0, "WATLEV": 5, "SCAMIN": 44999, "SORDAT": "200504", "SORIND": "US,US,graph,Chart 13223" }, "geometry": { "type": "Point", "coordinates": [ -71.3848567, 41.4988421 ] } },
{ "type": "Feature", "properties": { "RCID": 780, "PRIM": 1, "GRUP": 2, "OBJL": 153, "RVER": 1, "AGEN": 550, "FIDN": 346336568, "FIDS": 7303, "LNAM": "022614A4AD381C87", "QUASOU": [ "2" ], "WATLEV": 3, "SORDAT": "20140818", "SORIND": "US,US,graph,GC-11187" }, "geometry": { "type": "Point", "coordinates": [ -71.3850197, 41.495121 ] } },
{ "type": "Feature", "properties": { "RCID": 781, "PRIM": 1, "GRUP": 2, "OBJL": 153, "RVER": 1, "AGEN": 550, "FIDN": 639424424, "FIDS": 7303, "LNAM": "0226261CD7A81C87", "QUASOU": [ "2" ], "WATLEV": 4, "SORDAT": "20050620", "SORIND": "US,US,graph,GC-10585" }, "geometry": { "type": "Point", "coordinates": [ -71.3862504, 41.5413719 ] } },
{ "type": "Feature", "properties": { "RCID": 782, "PRIM": 1, "GRUP": 2, "OBJL": 153, "RVER": 1, "AGEN": 550, "FIDN": 405047248, "FIDS": 7303, "LNAM": "0226182487D01C87", "QUASOU": [ "2" ], "WATLEV": 4, "SORDAT": "20050620", "SORIND": "US,US,graph,GC-10585" }, "geometry": { "type": "Point", "coordinates": [ -71.3865794, 41.5417922 ] } },
{ "type": "Feature", "properties": { "RCID": 783, "PRIM": 1, "GRUP": 2, "OBJL": 153, "RVER": 1, "AGEN": 550, "FIDN": 809279776, "FIDS": 7303, "LNAM": "0226303CA1201C87", "QUASOU": [ "2" ], "WATLEV": 4, "SORDAT": "20140818", "SORIND": "US,US,graph,GC-11187" }, "geometry": { "type": "Point", "coordinates": [ -71.3874444, 41.536848 ] } },
{ "type": "Feature", "properties": { "RCID": 784, "PRIM": 1, "GRUP": 2, "OBJL": 153, "RVER": 1, "AGEN": 550, "FIDN": 495963526, "FIDS": 7303, "LNAM": "02261D8FCD861C87", "EXPSOU": 2, "VALSOU": 0.0, "WATLEV": 5, "SORDAT": "200504", "SORIND": "US,US,graph,Chart 13223" }, "geometry": { "type": "Point", "coordinates": [ -71.3899025, 41.4932161 ] } },
{ "type": "Feature", "properties": { "RCID": 785, "PRIM": 1, "GRUP": 2, "OBJL": 153, "RVER": 1, "AGEN": 550, "FIDN": 353729724, "FIDS": 7303, "LNAM": "022615157CBC1C87", "EXPSOU": 1, "QUASOU": [ "6" ], "VALSOU": 5.1, "WATLEV": 3, "SORDAT": "20040729", "SORIND": "US,US,graph,H-11310" }, "geometry": { "type": "Point", "coordinates": [ -71.3911774, 41.5481273 ] } },
{ "type": "Feature", "properties": { "RCID": 786, "PRIM": 1, "GRUP": 2, "OBJL": 153, "RVER": 1, "AGEN": 550, "FIDN": 855380888, "FIDS": 7303, "LNAM": "022632FC13981C87", "EXPSOU": 1, "QUASOU": [ "6" ], "VALSOU": 0.6, "WATLEV": 3, "SORDAT": "200504", "SORIND": "US,US,graph,Chart 13223" }, "geometry": { "type": "Point", "coordinates": [ -71.3912019, 41.5139752 ] } },
{ "type": "Feature", "properties": { "RCID": 787, "PRIM": 1, "GRUP": 2, "OBJL": 153, "RVER": 1, "AGEN": 550, "FIDN": 638258742, "FIDS": 7303, "LNAM": "0226260B0E361C87", "QUASOU": [ "2" ], "WATLEV": 3, "SCAMIN": 44999, "SORDAT": "20140818", "SORIND": "US,US,graph,GC-11187" }, "geometry": { "type": "Point", "coordinates": [ -71.391358, 41.5282059 ] } },
{ "type": "Feature", "properties": { "RCID": 788, "PRIM": 1, "GRUP": 2, "OBJL": 153, "RVER": 1, "AGEN": 550, "FIDN": 324113365, "FIDS": 7303, "LNAM": "0226135193D51C87", "EXPSOU": 1, "QUASOU": [ "6" ], "VALSOU": 0.6, "WATLEV": 3, "SORDAT": "200504", "SORIND": "US,US,graph,Chart 13223" }, "geometry": { "type": "Point", "coordinates": [ -71.3918343, 41.5152867 ] } },
{ "type": "Feature", "properties": { "RCID": 789, "PRIM": 1, "GRUP": 2, "OBJL": 153, "RVER": 1, "AGEN": 550, "FIDN": 638009649, "FIDS": 7303, "LNAM": "0226260741311C87", "EXPSOU": 2, "VALSOU": 0.0, "WATLEV": 5, "SCAMIN": 44999, "SORDAT": "200504", "SORIND": "US,US,graph,Chart 13223" }, "geometry": { "type": "Point", "coordinates": [ -71.3924918, 41.5173904 ] } },
{ "type": "Feature", "properties": { "RCID": 790, "PRIM": 1, "GRUP": 2, "OBJL": 153, "RVER": 1, "AGEN": 550, "FIDN": 767913064, "FIDS": 7303, "LNAM": "02262DC56C681C87", "QUASOU": [ "2" ], "WATLEV": 4, "SORDAT": "20050620", "SORIND": "US,US,graph,GC-10585" }, "geometry": { "type": "Point", "coordinates": [ -71.3926342, 41.5218724 ] } },
{ "type": "Feature", "properties": { "RCID": 791, "PRIM": 1, "GRUP": 2, "OBJL": 153, "RVER": 1, "AGEN": 550, "FIDN": 26794698, "FIDS": 7303, "LNAM": "02260198DACA1C87", "EXPSOU": 2, "VALSOU": 0.0, "WATLEV": 5, "SCAMIN": 44999, "SORDAT": "200504", "SORIND": "US,US,graph,Chart 13223" }, "geometry": { "type": "Point", "coordinates": [ -71.3927038, 41.5243544 ] } },
{ "type": "Feature", "properties": { "RCID": 792, "PRIM": 1, "GRUP": 2, "OBJL": 153, "RVER": 1, "AGEN": 550, "FIDN": 853634802, "FIDS": 7303, "LNAM": "022632E16EF21C87", "QUASOU": [ "2" ], "WATLEV": 4, "SCAMIN": 44999, "SORDAT": "200504", "SORIND": "US,US,graph,Chart 13223" }, "geometry": { "type": "Point", "coordinates": [ -71.3927469, 41.5177576 ] } },
{ "type": "Feature", "properties": { "RCID": 793, "PRIM": 1, "GRUP": 2, "OBJL": 153, "RVER": 1, "AGEN": 550, "FIDN": 488340769, "FIDS": 7303, "LNAM": "02261D1B7D211C87", "EXPSOU": 2, "VALSOU": 0.0, "WATLEV": 5, "SCAMIN": 44999, "SORDAT": "200504", "SORIND": "US,US,graph,Chart 13223" }, "geometry": { "type": "Point", "coordinates": [ -71.3927721, 41.524889 ] } },
{ "type": "Feature", "properties": { "RCID": 794, "PRIM": 1, "GRUP": 2, "OBJL": 153, "RVER": 1, "AGEN": 550, "FIDN": 310841880, "FIDS": 7303, "LNAM": "0226128712181C87", "EXPSOU": 1, "QUASOU": [ "6" ], "VALSOU": 0.6, "WATLEV": 3, "SORDAT": "200504", "SORIND": "US,US,graph,Chart 13223" }, "geometry": { "type": "Point", "coordinates": [ -71.39289, 41.5212969 ] } },
{ "type": "Feature", "properties": { "RCID": 795, "PRIM": 1, "GRUP": 2, "OBJL": 153, "RVER": 1, "AGEN": 550, "FIDN": 575667412, "FIDS": 7303, "LNAM": "0226224FFCD41C87", "EXPSOU": 2, "VALSOU": 0.0, "WATLEV": 5, "SORDAT": "200504", "SORIND": "US,US,graph,Chart 13223" }, "geometry": { "type": "Point", "coordinates": [ -71.3975411, 41.4765551 ] } },
{ "type": "Feature", "properties": { "RCID": 796, "PRIM": 1, "GRUP": 2, "OBJL": 153, "RVER": 1, "AGEN": 550, "FIDN": 190933524, "FIDS": 7303, "LNAM": "02260B616A141C87", "EXPSOU": 1, "QUASOU": [ "6" ], "VALSOU": 0.6, "WATLEV": 3, "SORDAT": "200504", "SORIND": "US,US,graph,Chart 13223" }, "geometry": { "type": "Point", "coordinates": [ -71.397716, 41.4750968 ] } },
{ "type": "Feature", "properties": { "RCID": 797, "PRIM": 1, "GRUP": 2, "OBJL": 153, "RVER": 1, "AGEN": 550, "FIDN": 216001318, "FIDS": 7303, "LNAM": "02260CDFEB261C87", "EXPSOU": 2, "VALSOU": 0.0, "WATLEV": 5, "SORDAT": "201306", "SORIND": "US,US,graph,Chart 13223" }, "geometry": { "type": "Point", "coordinates": [ -71.3994398, 41.5010669 ] } },
{ "type": "Feature", "properties": { "RCID": 798, "PRIM": 1, "GRUP": 2, "OBJL": 153, "RVER": 1, "AGEN": 550, "FIDN": 209575177, "FIDS": 7303, "LNAM": "02260C7DDD091C87", "QUASOU": [ "2" ], "WATLEV": 3, "SORDAT": "20140818", "SORIND": "US,US,graph,GC-11187" }, "geometry": { "type": "Point", "coordinates": [ -71.3267004, 41.4841652 ] } },
{ "type": "Feature", "properties": { "RCID": 799, "PRIM": 1, "GRUP": 2, "OBJL": 153, "RVER": 1, "AGEN": 550, "FIDN": 12004648, "FIDS": 7303, "LNAM": "022600B72D281C87", "QUASOU": [ "2" ], "WATLEV": 4, "SORDAT": "20050620", "SORIND": "US,US,graph,GC-10585" }, "geometry": { "type": "Point", "coordinates": [ -71.327838, 41.520466 ] } },
{ "type": "Feature", "properties": { "RCID": 800, "PRIM": 1, "GRUP": 2, "OBJL": 153, "RVER": 1, "AGEN": 550, "FIDN": 301404788, "FIDS": 7303, "LNAM": "022611F712741C87", "QUASOU": [ "2" ], "WATLEV": 4, "SORDAT": "201306", "SORIND": "US,US,graph,Chart 13223" }, "geometry": { "type": "Point", "coordinates": [ -71.328745, 41.4890394 ] } },
{ "type": "Feature", "properties": { "RCID": 801, "PRIM": 1, "GRUP": 2, "OBJL": 153, "RVER": 1, "AGEN": 550, "FIDN": 654542746, "FIDS": 7303, "LNAM": "02262703879A1C87", "EXPSOU": 2, "VALSOU": 0.0, "WATLEV": 5, "SORDAT": "200504", "SORIND": "US,US,graph,Chart 13223" }, "geometry": { "type": "Point", "coordinates": [ -71.3289608, 41.5157917 ] } },
{ "type": "Feature", "properties": { "RCID": 802, "PRIM": 1, "GRUP": 2, "OBJL": 153, "RVER": 1, "AGEN": 550, "FIDN": 815271196, "FIDS": 7303, "LNAM": "022630980D1C1C87", "QUASOU": [ "2" ], "WATLEV": 4, "SORDAT": "20050620", "SORIND": "US,US,graph,GC-10585" }, "geometry": { "type": "Point", "coordinates": [ -71.3304013, 41.5066887 ] } },
{ "type": "Feature", "properties": { "RCID": 803, "PRIM": 1, "GRUP": 2, "OBJL": 153, "RVER": 1, "AGEN": 550, "FIDN": 17872530, "FIDS": 7303, "LNAM": "02260110B6921C87", "QUASOU": [ "2" ], "WATLEV": 4, "SORDAT": "20050620", "SORIND": "US,US,graph,GC-10585" }, "geometry": { "type": "Point", "coordinates": [ -71.3310188, 41.518113 ] } },
{ "type": "Feature", "properties": { "RCID": 804, "PRIM": 1, "GRUP": 2, "OBJL": 153, "RVER": 1, "AGEN": 550, "FIDN": 63990249, "FIDS": 7303, "LNAM": "022603D069E91C87", "EXPSOU": 1, "OBJNAM": "Bishop Rock", "QUASOU": [ "6" ], "VALSOU": 8.8, "WATLEV": 3, "SORDAT": "201306", "SORIND": "US,US,graph,Chart 13223" }, "geometry": { "type": "Point", "coordinates": [ -71.3320748, 41.5188655 ] } },
{ "type": "Feature", "properties": { "RCID": 805, "PRIM": 1, "GRUP": 2, "OBJL": 153, "RVER": 1, "AGEN": 550, "FIDN": 314517491, "FIDS": 7303, "LNAM": "022612BF27F31C87", "QUASOU": [ "2" ], "WATLEV": 3, "SCAMIN": 44999, "SORDAT": "20140818", "SORIND": "US,US,graph,GC-11187" }, "geometry": { "type": "Point", "coordinates": [ -71.3346475, 41.4763709 ] } },
{ "type": "Feature", "properties": { "RCID": 806, "PRIM": 1, "GRUP": 2, "OBJL": 153, "RVER": 1, "AGEN": 550, "FIDN": 201246234, "FIDS": 7303, "LNAM": "02260BFEC61A1C87", "EXPSOU": 2, "QUASOU": [ "6" ], "VALSOU": 9.7, "WATLEV": 3, "SORDAT": "20040729", "SORIND": "US,US,graph,H-11310" }, "geometry": { "type": "Point", "coordinates": [ -71.3371782, 41.4918654 ] } },
{ "type": "Feature", "properties": { "RCID": 807, "PRIM": 1, "GRUP": 2, "OBJL": 153, "RVER": 1, "AGEN": 550, "FIDN": 410069970, "FIDS": 7303, "LNAM": "022618712BD21C87", "EXPSOU": 2, "QUASOU": [ "6" ], "VALSOU": -0.6, "WATLEV": 4, "SORDAT": "20050620", "SORIND": "US,US,graph,GC-10585" }, "geometry": { "type": "Point", "coordinates": [ -71.3389296, 41.4966534 ] } },
{ "type": "Feature", "properties": { "RCID": 808, "PRIM": 1, "GRUP": 2, "OBJL": 153, "RVER": 1, "AGEN": 550, "FIDN": 219520159, "FIDS": 7303, "LNAM": "02260D159C9F1C87", "QUASOU": [ "2" ], "WATLEV": 3, "SCAMIN": 44999, "SORDAT": "20140818", "SORIND": "US,US,graph,GC-11187" }, "geometry": { "type": "Point", "coordinates": [ -71.3402575, 41.5006961 ] } },
{ "type": "Feature", "properties": { "RCID": 809, "PRIM": 1, "GRUP": 2, "OBJL": 153, "RVER": 1, "AGEN": 550, "FIDN": 84632941, "FIDS": 7303, "LNAM": "0226050B656D1C87", "QUASOU": [ "2" ], "WATLEV": 4, "SORDAT": "20140818", "SORIND": "US,US,graph,GC-11187" }, "geometry": { "type": "Point", "coordinates": [ -71.3403177, 41.4947449 ] } },
{ "type": "Feature", "properties": { "RCID": 810, "PRIM": 1, "GRUP": 2, "OBJL": 153, "RVER": 1, "AGEN": 550, "FIDN": 618105127, "FIDS": 7303, "LNAM": "022624D789271C87", "QUASOU": [ "2" ], "WATLEV": 4, "SCAMIN": 44999, "SORDAT": "20140818", "SORIND": "US,US,graph,GC-11187" }, "geometry": { "type": "Point", "coordinates": [ -71.3419021, 41.4982506 ] } },
{ "type": "Feature", "properties": { "RCID": 811, "PRIM": 1, "GRUP": 2, "OBJL": 153, "RVER": 1, "AGEN": 550, "FIDN": 613274177, "FIDS": 7303, "LNAM": "0226248DD2411C87", "EXPSOU": 1, "QUASOU": [ "6" ], "VALSOU": 1.5, "WATLEV": 3, "SORDAT": "20040729", "SORIND": "US,US,graph,H-11310" }, "geometry": { "type": "Point", "coordinates": [ -71.3426749, 41.4980987 ] } },
{ "type": "Feature", "properties": { "RCID": 812, "PRIM": 1, "GRUP": 2, "OBJL": 153, "RVER": 1, "AGEN": 550, "FIDN": 688024714, "FIDS": 7303, "LNAM": "022629026C8A1C87", "EXPSOU": 1, "QUASOU": [ "6" ], "VALSOU": 1.2, "WATLEV": 3, "SORDAT": "201306", "SORIND": "US,US,graph,Chart 13223" }, "geometry": { "type": "Point", "coordinates": [ -71.3531985, 41.4809077 ] } },
{ "type": "Feature", "properties": { "RCID": 813, "PRIM": 1, "GRUP": 2, "OBJL": 153, "RVER": 1, "AGEN": 550, "FIDN": 4057599, "FIDS": 7303, "LNAM": "0226003DE9FF1C87", "QUASOU": [ "2" ], "WATLEV": 4, "SORDAT": "20140818", "SORIND": "US,US,graph,GC-11187" }, "geometry": { "type": "Point", "coordinates": [ -71.3538663, 41.4831543 ] } },
{ "type": "Feature", "properties": { "RCID": 814, "PRIM": 1, "GRUP": 2, "OBJL": 153, "RVER": 1, "AGEN": 550, "FIDN": 479173294, "FIDS": 7303, "LNAM": "02261C8F9AAE1C87", "EXPSOU": 1, "QUASOU": [ "6" ], "VALSOU": 3.3, "WATLEV": 3, "SORDAT": "201306", "SORIND": "US,US,graph,Chart 13223" }, "geometry": { "type": "Point", "coordinates": [ -71.3563655, 41.4818874 ] } },
{ "type": "Feature", "properties": { "RCID": 815, "PRIM": 1, "GRUP": 2, "OBJL": 153, "RVER": 1, "AGEN": 550, "FIDN": 918320323, "FIDS": 7303, "LNAM": "022636BC74C31C87", "QUASOU": [ "2" ], "WATLEV": 3, "SORDAT": "20140818", "SORIND": "US,US,graph,GC-11187" }, "geometry": { "type": "Point", "coordinates": [ -71.3565693, 41.482191 ] } },
{ "type": "Feature", "properties": { "RCID": 816, "PRIM": 1, "GRUP": 2, "OBJL": 153, "RVER": 1, "AGEN": 550, "FIDN": 307307665, "FIDS": 7303, "LNAM": "0226125124911C87", "EXPSOU": 1, "QUASOU": [ "6" ], "VALSOU": 1.2, "WATLEV": 3, "SORDAT": "201306", "SORIND": "US,US,graph,Chart 13223" }, "geometry": { "type": "Point", "coordinates": [ -71.3594295, 41.4784843 ] } },
{ "type": "Feature", "properties": { "RCID": 817, "PRIM": 1, "GRUP": 2, "OBJL": 153, "RVER": 1, "AGEN": 550, "FIDN": 900523646, "FIDS": 7303, "LNAM": "022635ACE67E1C87", "QUASOU": [ "2" ], "WATLEV": 4, "SCAMIN": 44999, "SORDAT": "20050620", "SORIND": "US,US,graph,GC-10585" }, "geometry": { "type": "Point", "coordinates": [ -71.3610389, 41.5273398 ] } },
{ "type": "Feature", "properties": { "RCID": 818, "PRIM": 1, "GRUP": 2, "OBJL": 153, "RVER": 1, "AGEN": 550, "FIDN": 197535483, "FIDS": 7303, "LNAM": "02260BC626FB1C87", "QUASOU": [ "2" ], "WATLEV": 4, "SCAMIN": 44999, "SORDAT": "200504", "SORIND": "US,US,graph,Chart 13223" }, "geometry": { "type": "Point", "coordinates": [ -71.3610994, 41.523341 ] } },
{ "type": "Feature", "properties": { "RCID": 819, "PRIM": 1, "GRUP": 2, "OBJL": 153, "RVER": 1, "AGEN": 550, "FIDN": 403919624, "FIDS": 7303, "LNAM": "0226181353081C87", "QUASOU": [ "2" ], "WATLEV": 4, "SORDAT": "200504", "SORIND": "US,US,graph,Chart 13223" }, "geometry": { "type": "Point", "coordinates": [ -71.3612509, 41.5252292 ] } },
{ "type": "Feature", "properties": { "RCID": 820, "PRIM": 1, "GRUP": 2, "OBJL": 153, "RVER": 1, "AGEN": 550, "FIDN": 656351716, "FIDS": 7303, "LNAM": "0226271F21E41C87", "QUASOU": [ "2" ], "WATLEV": 4, "SCAMIN": 44999, "SORDAT": "20140818", "SORIND": "US,US,graph,GC-11187" }, "geometry": { "type": "Point", "coordinates": [ -71.3614725, 41.501878 ] } },
{ "type": "Feature", "properties": { "RCID": 821, "PRIM": 1, "GRUP": 2, "OBJL": 153, "RVER": 1, "AGEN": 550, "FIDN": 634327910, "FIDS": 7303, "LNAM": "022625CF13661C87", "EXPSOU": 2, "QUASOU": [ "6" ], "VALSOU": -0.6, "WATLEV": 4, "SCAMIN": 44999, "SORDAT": "200504", "SORIND": "US,US,graph,Chart 13223" }, "geometry": { "type": "Point", "coordinates": [ -71.3623563, 41.5210665 ] } },
{ "type": "Feature", "properties": { "RCID": 822, "PRIM": 1, "GRUP": 2, "OBJL": 153, "RVER": 1, "AGEN": 550, "FIDN": 674117632, "FIDS": 7303, "LNAM": "0226282E38001C87", "EXPSOU": 1, "QUASOU": [ "6" ], "VALSOU": 3.3, "WATLEV": 3, "SORDAT": "201306", "SORIND": "US,US,graph,Chart 13223" }, "geometry": { "type": "Point", "coordinates": [ -71.3626624, 41.5422364 ] } },
{ "type": "Feature", "properties": { "RCID": 823, "PRIM": 1, "GRUP": 2, "OBJL": 153, "RVER": 1, "AGEN": 550, "FIDN": 783850880, "FIDS": 7303, "LNAM": "02262EB89D801C87", "QUASOU": [ "2" ], "WATLEV": 3, "SORDAT": "20140818", "SORIND": "US,US,graph,GC-11187" }, "geometry": { "type": "Point", "coordinates": [ -71.3631521, 41.4898781 ] } },
{ "type": "Feature", "properties": { "RCID": 824, "PRIM": 1, "GRUP": 2, "OBJL": 153, "RVER": 1, "AGEN": 550, "FIDN": 654129589, "FIDS": 7303, "LNAM": "022626FD39B51C87", "QUASOU": [ "2" ], "WATLEV": 4, "SORDAT": "20050620", "SORIND": "US,US,graph,GC-10585" }, "geometry": { "type": "Point", "coordinates": [ -71.3637625, 41.5362688 ] } },
{ "type": "Feature", "properties": { "RCID": 825, "PRIM": 1, "GRUP": 2, "OBJL": 153, "RVER": 1, "AGEN": 550, "FIDN": 712654835, "FIDS": 7303, "LNAM": "02262A7A3FF31C87", "QUASOU": [ "2" ], "WATLEV": 3, "SCAMIN": 44999, "SORDAT": "20140818", "SORIND": "US,US,graph,GC-11187" }, "geometry": { "type": "Point", "coordinates": [ -71.3638592, 41.5002765 ] } },
{ "type": "Feature", "properties": { "RCID": 826, "PRIM": 1, "GRUP": 2, "OBJL": 153, "RVER": 1, "AGEN": 550, "FIDN": 568407801, "FIDS": 7303, "LNAM": "022621E136F91C87", "QUASOU": [ "2" ], "WATLEV": 3, "SCAMIN": 44999, "SORDAT": "20140818", "SORIND": "US,US,graph,GC-11187" }, "geometry": { "type": "Point", "coordinates": [ -71.3641395, 41.5003293 ] } },
{ "type": "Feature", "properties": { "RCID": 827, "PRIM": 1, "GRUP": 2, "OBJL": 153, "RVER": 1, "AGEN": 550, "FIDN": 554607126, "FIDS": 7303, "LNAM": "0226210EA2161C87", "OBJNAM": "Supp Rock", "QUASOU": [ "2" ], "WATLEV": 3, "SORDAT": "200504", "SORIND": "US,US,graph,Chart 13223" }, "geometry": { "type": "Point", "coordinates": [ -71.3643073, 41.4918267 ] } },
{ "type": "Feature", "properties": { "RCID": 828, "PRIM": 1, "GRUP": 2, "OBJL": 153, "RVER": 1, "AGEN": 550, "FIDN": 499255182, "FIDS": 7303, "LNAM": "02261DC2078E1C87", "EXPSOU": 1, "QUASOU": [ "6" ], "VALSOU": 2.4, "WATLEV": 3, "SORDAT": "201306", "SORIND": "US,US,graph,Chart 13223" }, "geometry": { "type": "Point", "coordinates": [ -71.3708265, 41.4775001 ] } },
{ "type": "Feature", "properties": { "RCID": 829, "PRIM": 1, "GRUP": 2, "OBJL": 153, "RVER": 1, "AGEN": 550, "FIDN": 860322659, "FIDS": 7303, "LNAM": "022633477B631C87", "QUASOU": [ "2" ], "WATLEV": 4, "SCAMIN": 44999, "SORDAT": "20140818", "SORIND": "US,US,graph,GC-11187" }, "geometry": { "type": "Point", "coordinates": [ -71.3801292, 41.5061515 ] } },
{ "type": "Feature", "properties": { "RCID": 830, "PRIM": 1, "GRUP": 2, "OBJL": 153, "RVER": 1, "AGEN": 550, "FIDN": 346459417, "FIDS": 7303, "LNAM": "022614A68D191C87", "QUASOU": [ "2" ], "WATLEV": 4, "SCAMIN": 44999, "SORDAT": "20140818", "SORIND": "US,US,graph,GC-11187" }, "geometry": { "type": "Point", "coordinates": [ -71.3809572, 41.5065007 ] } },
{ "type": "Feature", "properties": { "RCID": 831, "PRIM": 1, "GRUP": 2, "OBJL": 153, "RVER": 1, "AGEN": 550, "FIDN": 896901040, "FIDS": 7303, "LNAM": "022635759FB01C87", "EXPSOU": 2, "VALSOU": 0.0, "WATLEV": 5, "SORDAT": "200504", "SORIND": "US,US,graph,Chart 13223" }, "geometry": { "type": "Point", "coordinates": [ -71.3813404, 41.5064185 ] } },
{ "type": "Feature", "properties": { "RCID": 832, "PRIM": 1, "GRUP": 2, "OBJL": 153, "RVER": 1, "AGEN": 550, "FIDN": 291374088, "FIDS": 7303, "LNAM": "0226115E04081C87", "QUASOU": [ "2" ], "WATLEV": 4, "SCAMIN": 44999, "SORDAT": "20140818", "SORIND": "US,US,graph,GC-11187" }, "geometry": { "type": "Point", "coordinates": [ -71.3815563, 41.5068822 ] } },
{ "type": "Feature", "properties": { "RCID": 833, "PRIM": 1, "GRUP": 2, "OBJL": 153, "RVER": 1, "AGEN": 550, "FIDN": 365544925, "FIDS": 7303, "LNAM": "022615C9C5DD1C87", "QUASOU": [ "2" ], "WATLEV": 3, "SORDAT": "20140818", "SORIND": "US,US,graph,GC-11187" }, "geometry": { "type": "Point", "coordinates": [ -71.3817865, 41.5030224 ] } },
{ "type": "Feature", "properties": { "RCID": 834, "PRIM": 1, "GRUP": 2, "OBJL": 153, "RVER": 1, "AGEN": 550, "FIDN": 811548658, "FIDS": 7303, "LNAM": "0226305F3FF21C87", "QUASOU": [ "2" ], "WATLEV": 4, "SORDAT": "20140818", "SORIND": "US,US,graph,GC-11187" }, "geometry": { "type": "Point", "coordinates": [ -71.3829983, 41.4751448 ] } },
{ "type": "Feature", "properties": { "RCID": 835, "PRIM": 1, "GRUP": 2, "OBJL": 153, "RVER": 1, "AGEN": 550, "FIDN": 488686096, "FIDS": 7303, "LNAM": "02261D20C2101C87", "QUASOU": [ "2" ], "WATLEV": 4, "SORDAT": "20050620", "SORIND": "US,US,graph,GC-10585" }, "geometry": { "type": "Point", "coordinates": [ -71.3845543, 41.4938466 ] } },
{ "type": "Feature", "properties": { "RCID": 836, "PRIM": 1, "GRUP": 2, "OBJL": 153, "RVER": 1, "AGEN": 550, "FIDN": 576050998, "FIDS": 7303, "LNAM": "02262255D7361C87", "EXPSOU": 2, "VALSOU": 0.0, "WATLEV": 5, "SCAMIN": 44999, "SORDAT": "200504", "SORIND": "US,US,graph,Chart 13223" }, "geometry": { "type": "Point", "coordinates": [ -71.3849525, 41.4977202 ] } },
{ "type": "Feature", "properties": { "RCID": 837, "PRIM": 1, "GRUP": 2, "OBJL": 153, "RVER": 1, "AGEN": 550, "FIDN": 233673595, "FIDS": 7303, "LNAM": "02260DED937B1C87", "QUASOU": [ "2" ], "WATLEV": 4, "SCAMIN": 44999, "SORDAT": "20140818", "SORIND": "US,US,graph,GC-11187" }, "geometry": { "type": "Point", "coordinates": [ -71.3852105, 41.4857945 ] } },
{ "type": "Feature", "properties": { "RCID": 838, "PRIM": 1, "GRUP": 2, "OBJL": 153, "RVER": 1, "AGEN": 550, "FIDN": 811877070, "FIDS": 7303, "LNAM": "0226306442CE1C87", "QUASOU": [ "2" ], "WATLEV": 3, "SORDAT": "20140818", "SORIND": "US,US,graph,GC-11187" }, "geometry": { "type": "Point", "coordinates": [ -71.3857694, 41.5107773 ] } },
{ "type": "Feature", "properties": { "RCID": 839, "PRIM": 1, "GRUP": 2, "OBJL": 153, "RVER": 1, "AGEN": 550, "FIDN": 644988898, "FIDS": 7303, "LNAM": "02262671BFE21C87", "EXPSOU": 2, "QUASOU": [ "6" ], "VALSOU": -0.3, "WATLEV": 4, "SORDAT": "200504", "SORIND": "US,US,graph,Chart 13223" }, "geometry": { "type": "Point", "coordinates": [ -71.3867167, 41.4942112 ] } },
{ "type": "Feature", "properties": { "RCID": 840, "PRIM": 1, "GRUP": 2, "OBJL": 153, "RVER": 1, "AGEN": 550, "FIDN": 965386754, "FIDS": 7303, "LNAM": "0226398AA2021C87", "EXPSOU": 2, "QUASOU": [ "6" ], "VALSOU": -0.6, "WATLEV": 4, "SORDAT": "200504", "SORIND": "US,US,graph,Chart 13223" }, "geometry": { "type": "Point", "coordinates": [ -71.3880604, 41.4937778 ] } },
{ "type": "Feature", "properties": { "RCID": 841, "PRIM": 1, "GRUP": 2, "OBJL": 153, "RVER": 1, "AGEN": 550, "FIDN": 1125264, "FIDS": 7303, "LNAM": "022600112B901C87", "EXPSOU": 2, "QUASOU": [ "6" ], "VALSOU": 0.9, "WATLEV": 3, "SORDAT": "200504", "SORIND": "US,US,graph,Chart 13223" }, "geometry": { "type": "Point", "coordinates": [ -71.3881359, 41.4949288 ] } },
{ "type": "Feature", "properties": { "RCID": 842, "PRIM": 1, "GRUP": 2, "OBJL": 153, "RVER": 1, "AGEN": 550, "FIDN": 73567657, "FIDS": 7303, "LNAM": "022604628DA91C87", "EXPSOU": 2, "QUASOU": [ "6" ], "VALSOU": -1.5, "WATLEV": 4, "SORDAT": "20140818", "SORIND": "US,US,graph,GC-11187" }, "geometry": { "type": "Point", "coordinates": [ -71.3883267, 41.5357796 ] } },
{ "type": "Feature", "properties": { "RCID": 843, "PRIM": 1, "GRUP": 2, "OBJL": 153, "RVER": 1, "AGEN": 550, "FIDN": 666032270, "FIDS": 7303, "LNAM": "022627B2D88E1C87", "QUASOU": [ "2" ], "WATLEV": 4, "SCAMIN": 44999, "SORDAT": "20140818", "SORIND": "US,US,graph,GC-11187" }, "geometry": { "type": "Point", "coordinates": [ -71.3891765, 41.534049 ] } },
{ "type": "Feature", "properties": { "RCID": 844, "PRIM": 1, "GRUP": 2, "OBJL": 153, "RVER": 1, "AGEN": 550, "FIDN": 924791637, "FIDS": 7303, "LNAM": "0226371F33551C87", "EXPSOU": 2, "QUASOU": [ "6" ], "VALSOU": -0.6, "WATLEV": 4, "SCAMIN": 44999, "SORDAT": "20140818", "SORIND": "US,US,graph,GC-11187" }, "geometry": { "type": "Point", "coordinates": [ -71.3892662, 41.5346332 ] } },
{ "type": "Feature", "properties": { "RCID": 845, "PRIM": 1, "GRUP": 2, "OBJL": 153, "RVER": 1, "AGEN": 550, "FIDN": 125996787, "FIDS": 7303, "LNAM": "022607828EF31C87", "EXPSOU": 2, "QUASOU": [ "6" ], "VALSOU": 4.5, "WATLEV": 3, "SORDAT": "20040729", "SORIND": "US,US,graph,H-11310" }, "geometry": { "type": "Point", "coordinates": [ -71.3906297, 41.5496803 ] } },
{ "type": "Feature", "properties": { "RCID": 846, "PRIM": 1, "GRUP": 2, "OBJL": 153, "RVER": 1, "AGEN": 550, "FIDN": 215486225, "FIDS": 7303, "LNAM": "02260CD80F111C87", "EXPSOU": 1, "QUASOU": [ "6" ], "VALSOU": 3.9, "WATLEV": 3, "SORDAT": "20040729", "SORIND": "US,US,graph,H-11310" }, "geometry": { "type": "Point", "coordinates": [ -71.3909855, 41.5460941 ] } },
{ "type": "Feature", "properties": { "RCID": 847, "PRIM": 1, "GRUP": 2, "OBJL": 153, "RVER": 1, "AGEN": 550, "FIDN": 121090298, "FIDS": 7303, "LNAM": "02260737B0FA1C87", "EXPSOU": 2, "VALSOU": 0.0, "WATLEV": 5, "SCAMIN": 44999, "SORDAT": "200504", "SORIND": "US,US,graph,Chart 13223" }, "geometry": { "type": "Point", "coordinates": [ -71.3927254, 41.5246289 ] } },
{ "type": "Feature", "properties": { "RCID": 848, "PRIM": 1, "GRUP": 2, "OBJL": 153, "RVER": 1, "AGEN": 550, "FIDN": 817331625, "FIDS": 7303, "LNAM": "022630B77DA91C87", "QUASOU": [ "2" ], "WATLEV": 3, "SORDAT": "20140818", "SORIND": "US,US,graph,GC-11187" }, "geometry": { "type": "Point", "coordinates": [ -71.3969442, 41.4787829 ] } },
{ "type": "Feature", "properties": { "RCID": 849, "PRIM": 1, "GRUP": 2, "OBJL": 153, "RVER": 1, "AGEN": 550, "FIDN": 154613850, "FIDS": 7303, "LNAM": "02260937385A1C87", "EXPSOU": 1, "QUASOU": [ "6" ], "VALSOU": 10.9, "WATLEV": 3, "SORDAT": "20040729", "SORIND": "US,US,graph,H-11310" }, "geometry": { "type": "Point", "coordinates": [ -71.3969812, 41.5441759 ] } },
{ "type": "Feature", "properties": { "RCID": 850, "PRIM": 1, "GRUP": 2, "OBJL": 153, "RVER": 1, "AGEN": 550, "FIDN": 127026132, "FIDS": 7303, "LNAM": "0226079243D41C87", "QUASOU": [ "2" ], "WATLEV": 4, "SORDAT": "200504", "SORIND": "US,US,graph,Chart 13223" }, "geometry": { "type": "Point", "coordinates": [ -71.3970255, 41.4781857 ] } },
{ "type": "Feature", "properties": { "RCID": 851, "PRIM": 1, "GRUP": 2, "OBJL": 153, "RVER": 1, "AGEN": 550, "FIDN": 994945972, "FIDS": 7303, "LNAM": "02263B4DABB41C87", "QUASOU": [ "2" ], "WATLEV": 3, "SORDAT": "20140818", "SORIND": "US,US,graph,GC-11187" }, "geometry": { "type": "Point", "coordinates": [ -71.3971108, 41.4794284 ] } },
{ "type": "Feature", "properties": { "RCID": 852, "PRIM": 1, "GRUP": 2, "OBJL": 153, "RVER": 1, "AGEN": 550, "FIDN": 4398875, "FIDS": 7303, "LNAM": "022600431F1B1C87", "EXPSOU": 1, "QUASOU": [ "6" ], "VALSOU": 0.9, "WATLEV": 3, "SORDAT": "200504", "SORIND": "US,US,graph,Chart 13223" }, "geometry": { "type": "Point", "coordinates": [ -71.3974825, 41.4822384 ] } },
{ "type": "Feature", "properties": { "RCID": 853, "PRIM": 1, "GRUP": 2, "OBJL": 153, "RVER": 1, "AGEN": 550, "FIDN": 844717693, "FIDS": 7303, "LNAM": "022632595E7D1C87", "QUASOU": [ "2" ], "WATLEV": 4, "SCAMIN": 44999, "SORDAT": "20140818", "SORIND": "US,US,graph,GC-11187" }, "geometry": { "type": "Point", "coordinates": [ -71.398132, 41.4863514 ] } },
{ "type": "Feature", "properties": { "RCID": 854, "PRIM": 1, "GRUP": 2, "OBJL": 153, "RVER": 1, "AGEN": 550, "FIDN": 263422145, "FIDS": 7303, "LNAM": "02260FB380C11C87", "QUASOU": [ "2" ], "WATLEV": 4, "SCAMIN": 44999, "SORDAT": "20140818", "SORIND": "US,US,graph,GC-11187" }, "geometry": { "type": "Point", "coordinates": [ -71.3984776, 41.4860759 ] } },
{ "type": "Feature", "properties": { "RCID": 855, "PRIM": 1, "GRUP": 2, "OBJL": 153, "RVER": 1, "AGEN": 550, "FIDN": 912954756, "FIDS": 7303, "LNAM": "0226366A95841C87", "QUASOU": [ "2" ], "WATLEV": 3, "SORDAT": "20140818", "SORIND": "US,US,graph,GC-11187" }, "geometry": { "type": "Point", "coordinates": [ -71.3984799, 41.5070377 ] } },
{ "type": "Feature", "properties": { "RCID": 856, "PRIM": 1, "GRUP": 2, "OBJL": 153, "RVER": 1, "AGEN": 550, "FIDN": 730950381, "FIDS": 7303, "LNAM": "02262B916AED1C87", "QUASOU": [ "2" ], "WATLEV": 3, "SCAMIN": 44999, "SORDAT": "20140818", "SORIND": "US,US,graph,GC-11187" }, "geometry": { "type": "Point", "coordinates": [ -71.3987178, 41.4933538 ] } },
{ "type": "Feature", "properties": { "RCID": 857, "PRIM": 1, "GRUP": 2, "OBJL": 153, "RVER": 1, "AGEN": 550, "FIDN": 63743744, "FIDS": 7303, "LNAM": "022603CCA7001C87", "QUASOU": [ "2" ], "WATLEV": 4, "SORDAT": "20140818", "SORIND": "US,US,graph,GC-11187" }, "geometry": { "type": "Point", "coordinates": [ -71.3989663, 41.4862789 ] } },
{ "type": "Feature", "properties": { "RCID": 858, "PRIM": 1, "GRUP": 2, "OBJL": 153, "RVER": 1, "AGEN": 550, "FIDN": 268989340, "FIDS": 7303, "LNAM": "02261008739C1C87", "QUASOU": [ "2" ], "WATLEV": 4, "SORDAT": "20140818", "SORIND": "US,US,graph,GC-11187" }, "geometry": { "type": "Point", "coordinates": [ -71.3273362, 41.5033167 ] } },
{ "type": "Feature", "properties": { "RCID": 859, "PRIM": 1, "GRUP": 2, "OBJL": 153, "RVER": 1, "AGEN": 550, "FIDN": 563043515, "FIDS": 7303, "LNAM": "0226218F5CBB1C87", "QUASOU": [ "2" ], "WATLEV": 3, "SORDAT": "200504", "SORIND": "US,US,graph,Chart 13223" }, "geometry": { "type": "Point", "coordinates": [ -71.328932, 41.5144117 ] } },
{ "type": "Feature", "properties": { "RCID": 860, "PRIM": 1, "GRUP": 2, "OBJL": 153, "RVER": 1, "AGEN": 550, "FIDN": 541929433, "FIDS": 7303, "LNAM": "0226204D2FD91C87", "EXPSOU": 2, "QUASOU": [ "6" ], "VALSOU": 0.6, "WATLEV": 3, "SORDAT": "200504", "SORIND": "US,US,graph,Chart 13223" }, "geometry": { "type": "Point", "coordinates": [ -71.3291021, 41.5218603 ] } },
{ "type": "Feature", "properties": { "RCID": 861, "PRIM": 1, "GRUP": 2, "OBJL": 153, "RVER": 1, "AGEN": 550, "FIDN": 41800034, "FIDS": 7303, "LNAM": "0226027DD1621C87", "QUASOU": [ "2" ], "WATLEV": 4, "SCAMIN": 44999, "SORDAT": "20140818", "SORIND": "US,US,graph,GC-11187" }, "geometry": { "type": "Point", "coordinates": [ -71.3402307, 41.4991486 ] } },
{ "type": "Feature", "properties": { "RCID": 862, "PRIM": 1, "GRUP": 2, "OBJL": 153, "RVER": 1, "AGEN": 550, "FIDN": 802072329, "FIDS": 7303, "LNAM": "02262FCEA7091C87", "QUASOU": [ "2" ], "WATLEV": 4, "SCAMIN": 44999, "SORDAT": "20140818", "SORIND": "US,US,graph,GC-11187" }, "geometry": { "type": "Point", "coordinates": [ -71.3409173, 41.4991604 ] } },
{ "type": "Feature", "properties": { "RCID": 863, "PRIM": 1, "GRUP": 2, "OBJL": 153, "RVER": 1, "AGEN": 550, "FIDN": 762609023, "FIDS": 7303, "LNAM": "02262D747D7F1C87", "QUASOU": [ "2" ], "WATLEV": 4, "SORDAT": "200504", "SORIND": "US,US,graph,Chart 13223" }, "geometry": { "type": "Point", "coordinates": [ -71.3413026, 41.5012848 ] } },
{ "type": "Feature", "properties": { "RCID": 864, "PRIM": 1, "GRUP": 2, "OBJL": 153, "RVER": 1, "AGEN": 550, "FIDN": 171546589, "FIDS": 7303, "LNAM": "02260A3997DD1C87", "EXPSOU": 1, "QUASOU": [ "6" ], "VALSOU": 1.5, "WATLEV": 3, "SORDAT": "201306", "SORIND": "US,US,graph,Chart 13223" }, "geometry": { "type": "Point", "coordinates": [ -71.3462424, 41.5364067 ] } },
{ "type": "Feature", "properties": { "RCID": 865, "PRIM": 1, "GRUP": 2, "OBJL": 153, "RVER": 1, "AGEN": 550, "FIDN": 970599601, "FIDS": 7303, "LNAM": "022639DA2CB11C87", "EXPSOU": 1, "QUASOU": [ "6" ], "VALSOU": 3.0, "WATLEV": 3, "SORDAT": "201306", "SORIND": "US,US,graph,Chart 13223" }, "geometry": { "type": "Point", "coordinates": [ -71.3553639, 41.4815361 ] } },
{ "type": "Feature", "properties": { "RCID": 866, "PRIM": 1, "GRUP": 2, "OBJL": 153, "RVER": 1, "AGEN": 550, "FIDN": 516274416, "FIDS": 7303, "LNAM": "02261EC5B8F01C87", "QUASOU": [ "2" ], "WATLEV": 4, "SORDAT": "200504", "SORIND": "US,US,graph,Chart 13223" }, "geometry": { "type": "Point", "coordinates": [ -71.3562794, 41.4822933 ] } },
{ "type": "Feature", "properties": { "RCID": 867, "PRIM": 1, "GRUP": 2, "OBJL": 153, "RVER": 1, "AGEN": 550, "FIDN": 967440359, "FIDS": 7303, "LNAM": "022639A9F7E71C87", "QUASOU": [ "2" ], "WATLEV": 4, "SORDAT": "200504", "SORIND": "US,US,graph,Chart 13223" }, "geometry": { "type": "Point", "coordinates": [ -71.3612389, 41.5256163 ] } },
{ "type": "Feature", "properties": { "RCID": 868, "PRIM": 1, "GRUP": 2, "OBJL": 153, "RVER": 1, "AGEN": 550, "FIDN": 972942476, "FIDS": 7303, "LNAM": "022639FDEC8C1C87", "EXPSOU": 2, "QUASOU": [ "6" ], "VALSOU": -0.9, "WATLEV": 4, "SCAMIN": 44999, "SORDAT": "20050620", "SORIND": "US,US,graph,GC-10585" }, "geometry": { "type": "Point", "coordinates": [ -71.3615885, 41.5200936 ] } },
{ "type": "Feature", "properties": { "RCID": 869, "PRIM": 1, "GRUP": 2, "OBJL": 153, "RVER": 1, "AGEN": 550, "FIDN": 373927427, "FIDS": 7303, "LNAM": "02261649AE031C87", "QUASOU": [ "2" ], "WATLEV": 3, "SORDAT": "20140818", "SORIND": "US,US,graph,GC-11187" }, "geometry": { "type": "Point", "coordinates": [ -71.3620474, 41.4770147 ] } },
{ "type": "Feature", "properties": { "RCID": 870, "PRIM": 1, "GRUP": 2, "OBJL": 153, "RVER": 1, "AGEN": 550, "FIDN": 151257865, "FIDS": 7303, "LNAM": "0226090403091C87", "QUASOU": [ "2" ], "WATLEV": 4, "SCAMIN": 44999, "SORDAT": "20050620", "SORIND": "US,US,graph,GC-10585" }, "geometry": { "type": "Point", "coordinates": [ -71.3625689, 41.5200433 ] } },
{ "type": "Feature", "properties": { "RCID": 871, "PRIM": 1, "GRUP": 2, "OBJL": 153, "RVER": 1, "AGEN": 550, "FIDN": 425142080, "FIDS": 7303, "LNAM": "0226195727401C87", "EXPSOU": 2, "QUASOU": [ "6" ], "VALSOU": 1.5, "WATLEV": 3, "SORDAT": "201306", "SORIND": "US,US,graph,Chart 13223" }, "geometry": { "type": "Point", "coordinates": [ -71.3629694, 41.5417917 ] } },
{ "type": "Feature", "properties": { "RCID": 872, "PRIM": 1, "GRUP": 2, "OBJL": 153, "RVER": 1, "AGEN": 550, "FIDN": 168963011, "FIDS": 7303, "LNAM": "02260A122BC31C87", "QUASOU": [ "2" ], "WATLEV": 3, "SORDAT": "20140818", "SORIND": "US,US,graph,GC-11187" }, "geometry": { "type": "Point", "coordinates": [ -71.363982, 41.5006779 ] } },
{ "type": "Feature", "properties": { "RCID": 873, "PRIM": 1, "GRUP": 2, "OBJL": 153, "RVER": 1, "AGEN": 550, "FIDN": 989648465, "FIDS": 7303, "LNAM": "02263AFCD6511C87", "EXPSOU": 2, "VALSOU": 0.0, "WATLEV": 5, "SORDAT": "200504", "SORIND": "US,US,graph,Chart 13223" }, "geometry": { "type": "Point", "coordinates": [ -71.364213, 41.5381143 ] } },
{ "type": "Feature", "properties": { "RCID": 874, "PRIM": 1, "GRUP": 2, "OBJL": 153, "RVER": 1, "AGEN": 550, "FIDN": 702576897, "FIDS": 7303, "LNAM": "022629E079011C87", "QUASOU": [ "2" ], "WATLEV": 4, "SCAMIN": 44999, "SORDAT": "200504", "SORIND": "US,US,graph,Chart 13223" }, "geometry": { "type": "Point", "coordinates": [ -71.3642714, 41.5390702 ] } },
{ "type": "Feature", "properties": { "RCID": 875, "PRIM": 1, "GRUP": 2, "OBJL": 153, "RVER": 1, "AGEN": 550, "FIDN": 496958404, "FIDS": 7303, "LNAM": "02261D9EFBC41C87", "QUASOU": [ "2" ], "WATLEV": 4, "SORDAT": "20140818", "SORIND": "US,US,graph,GC-11187" }, "geometry": { "type": "Point", "coordinates": [ -71.3652223, 41.516462 ] } },
{ "type": "Feature", "properties": { "RCID": 876, "PRIM": 1, "GRUP": 2, "OBJL": 153, "RVER": 1, "AGEN": 550, "FIDN": 255002385, "FIDS": 7303, "LNAM": "02260F3307111C87", "QUASOU": [ "2" ], "WATLEV": 4, "SORDAT": "20140818", "SORIND": "US,US,graph,GC-11187" }, "geometry": { "type": "Point", "coordinates": [ -71.3694595, 41.4775743 ] } },
{ "type": "Feature", "properties": { "RCID": 877, "PRIM": 1, "GRUP": 2, "OBJL": 153, "RVER": 1, "AGEN": 550, "FIDN": 307851903, "FIDS": 7303, "LNAM": "02261259727F1C87", "QUASOU": [ "2" ], "WATLEV": 4, "SORDAT": "20140818", "SORIND": "US,US,graph,GC-11187" }, "geometry": { "type": "Point", "coordinates": [ -71.3793762, 41.5056836 ] } },
{ "type": "Feature", "properties": { "RCID": 878, "PRIM": 1, "GRUP": 2, "OBJL": 153, "RVER": 1, "AGEN": 550, "FIDN": 84743571, "FIDS": 7303, "LNAM": "0226050D15931C87", "QUASOU": [ "2" ], "WATLEV": 3, "SCAMIN": 44999, "SORDAT": "20140818", "SORIND": "US,US,graph,GC-11187" }, "geometry": { "type": "Point", "coordinates": [ -71.3794011, 41.4857618 ] } },
{ "type": "Feature", "properties": { "RCID": 879, "PRIM": 1, "GRUP": 2, "OBJL": 153, "RVER": 1, "AGEN": 550, "FIDN": 803850791, "FIDS": 7303, "LNAM": "02262FE9CA271C87", "EXPSOU": 2, "VALSOU": 0.0, "WATLEV": 5, "SORDAT": "200504", "SORIND": "US,US,graph,Chart 13223" }, "geometry": { "type": "Point", "coordinates": [ -71.3807739, 41.503976 ] } },
{ "type": "Feature", "properties": { "RCID": 880, "PRIM": 1, "GRUP": 2, "OBJL": 153, "RVER": 1, "AGEN": 550, "FIDN": 964430043, "FIDS": 7303, "LNAM": "0226397C08DB1C87", "QUASOU": [ "2" ], "WATLEV": 3, "SORDAT": "20140818", "SORIND": "US,US,graph,GC-11187" }, "geometry": { "type": "Point", "coordinates": [ -71.3817463, 41.487976 ] } },
{ "type": "Feature", "properties": { "RCID": 881, "PRIM": 1, "GRUP": 2, "OBJL": 153, "RVER": 1, "AGEN": 550, "FIDN": 759826177, "FIDS": 7303, "LNAM": "02262D4A07011C87", "EXPSOU": 2, "VALSOU": -0.9, "WATLEV": 4, "SORDAT": "200504", "SORIND": "US,US,graph,Chart 13223" }, "geometry": { "type": "Point", "coordinates": [ -71.3839836, 41.5002341 ] } },
{ "type": "Feature", "properties": { "RCID": 882, "PRIM": 1, "GRUP": 2, "OBJL": 153, "RVER": 1, "AGEN": 550, "FIDN": 677669573, "FIDS": 7303, "LNAM": "022628646AC51C87", "QUASOU": [ "2" ], "WATLEV": 3, "SORDAT": "20140818", "SORIND": "US,US,graph,GC-11187" }, "geometry": { "type": "Point", "coordinates": [ -71.3847372, 41.4946183 ] } },
{ "type": "Feature", "properties": { "RCID": 883, "PRIM": 1, "GRUP": 2, "OBJL": 153, "RVER": 1, "AGEN": 550, "FIDN": 490301031, "FIDS": 7303, "LNAM": "02261D3966671C87", "QUASOU": [ "2" ], "WATLEV": 4, "SORDAT": "20050620", "SORIND": "US,US,graph,GC-10585" }, "geometry": { "type": "Point", "coordinates": [ -71.3858435, 41.5400613 ] } },
{ "type": "Feature", "properties": { "RCID": 884, "PRIM": 1, "GRUP": 2, "OBJL": 153, "RVER": 1, "AGEN": 550, "FIDN": 21441037, "FIDS": 7303, "LNAM": "022601472A0D1C87", "QUASOU": [ "2" ], "WATLEV": 3, "SORDAT": "20140818", "SORIND": "US,US,graph,GC-11187" }, "geometry": { "type": "Point", "coordinates": [ -71.3858666, 41.4867832 ] } },
{ "type": "Feature", "properties": { "RCID": 885, "PRIM": 1, "GRUP": 2, "OBJL": 153, "RVER": 1, "AGEN": 550, "FIDN": 482930880, "FIDS": 7303, "LNAM": "02261CC8F0C01C87", "QUASOU": [ "2" ], "WATLEV": 4, "SORDAT": "20140818", "SORIND": "US,US,graph,GC-11187" }, "geometry": { "type": "Point", "coordinates": [ -71.3863415, 41.5113865 ] } },
{ "type": "Feature", "properties": { "RCID": 886, "PRIM": 1, "GRUP": 2, "OBJL": 153, "RVER": 1, "AGEN": 550, "FIDN": 13605212, "FIDS": 7303, "LNAM": "022600CF995C1C87", "EXPSOU": 2, "VALSOU": 0.0, "WATLEV": 5, "SORDAT": "200504", "SORIND": "US,US,graph,Chart 13223" }, "geometry": { "type": "Point", "coordinates": [ -71.3866269, 41.5386401 ] } },
{ "type": "Feature", "properties": { "RCID": 887, "PRIM": 1, "GRUP": 2, "OBJL": 153, "RVER": 1, "AGEN": 550, "FIDN": 781774102, "FIDS": 7303, "LNAM": "02262E98ED161C87", "QUASOU": [ "2" ], "WATLEV": 4, "SORDAT": "200504", "SORIND": "US,US,graph,Chart 13223" }, "geometry": { "type": "Point", "coordinates": [ -71.386755, 41.5378923 ] } },
{ "type": "Feature", "properties": { "RCID": 888, "PRIM": 1, "GRUP": 2, "OBJL": 153, "RVER": 1, "AGEN": 550, "FIDN": 813049334, "FIDS": 7303, "LNAM": "0226307625F61C87", "EXPSOU": 1, "OBJNAM": "Sinker Rock", "QUASOU": [ "6" ], "VALSOU": 3.0, "WATLEV": 3, "SORDAT": "201306", "SORIND": "US,US,graph,Chart 13223" }, "geometry": { "type": "Point", "coordinates": [ -71.3885672, 41.540188 ] } },
{ "type": "Feature", "properties": { "RCID": 889, "PRIM": 1, "GRUP": 2, "OBJL": 153, "RVER": 1, "AGEN": 550, "FIDN": 740628394, "FIDS": 7303, "LNAM": "02262C2517AA1C87", "EXPSOU": 2, "QUASOU": [ "6" ], "VALSOU": -0.6, "WATLEV": 4, "SCAMIN": 44999, "SORDAT": "20140818", "SORIND": "US,US,graph,GC-11187" }, "geometry": { "type": "Point", "coordinates": [ -71.3888217, 41.5352506 ] } },
{ "type": "Feature", "properties": { "RCID": 890, "PRIM": 1, "GRUP": 2, "OBJL": 153, "RVER": 1, "AGEN": 550, "FIDN": 206607822, "FIDS": 7303, "LNAM": "02260C5095CE1C87", "EXPSOU": 2, "QUASOU": [ "6" ], "VALSOU": -0.6, "WATLEV": 4, "SORDAT": "20050620", "SORIND": "US,US,graph,GC-10585" }, "geometry": { "type": "Point", "coordinates": [ -71.3897736, 41.5330834 ] } },
{ "type": "Feature", "properties": { "RCID": 891, "PRIM": 1, "GRUP": 2, "OBJL": 153, "RVER": 1, "AGEN": 550, "FIDN": 980151440, "FIDS": 7303, "LNAM": "02263A6BEC901C87", "QUASOU": [ "2" ], "WATLEV": 4, "SORDAT": "200504", "SORIND": "US,US,graph,Chart 13223" }, "geometry": { "type": "Point", "coordinates": [ -71.3909588, 41.5288464 ] } },
{ "type": "Feature", "properties": { "RCID": 892, "PRIM": 1, "GRUP": 2, "OBJL": 153, "RVER": 1, "AGEN": 550, "FIDN": 724349624, "FIDS": 7303, "LNAM": "02262B2CB2B81C87", "QUASOU": [ "2" ], "WATLEV": 4, "SORDAT": "200504", "SORIND": "US,US,graph,Chart 13223" }, "geometry": { "type": "Point", "coordinates": [ -71.3921048, 41.525689 ] } },
{ "type": "Feature", "properties": { "RCID": 893, "PRIM": 1, "GRUP": 2, "OBJL": 153, "RVER": 1, "AGEN": 550, "FIDN": 922651104, "FIDS": 7303, "LNAM": "022636FE89E01C87", "QUASOU": [ "2" ], "WATLEV": 4, "SORDAT": "20140818", "SORIND": "US,US,graph,GC-11187" }, "geometry": { "type": "Point", "coordinates": [ -71.3924052, 41.5249037 ] } },
{ "type": "Feature", "properties": { "RCID": 894, "PRIM": 1, "GRUP": 2, "OBJL": 153, "RVER": 1, "AGEN": 550, "FIDN": 661485384, "FIDS": 7303, "LNAM": "0226276D77481C87", "EXPSOU": 1, "QUASOU": [ "6" ], "VALSOU": 8.5, "WATLEV": 3, "SORDAT": "20040729", "SORIND": "US,US,graph,H-11310" }, "geometry": { "type": "Point", "coordinates": [ -71.3933222, 41.5281283 ] } },
{ "type": "Feature", "properties": { "RCID": 895, "PRIM": 1, "GRUP": 2, "OBJL": 153, "RVER": 1, "AGEN": 550, "FIDN": 447387819, "FIDS": 7303, "LNAM": "02261AAA98AB1C87", "QUASOU": [ "2" ], "WATLEV": 3, "SORDAT": "20140818", "SORIND": "US,US,graph,GC-11187" }, "geometry": { "type": "Point", "coordinates": [ -71.3973167, 41.4828637 ] } },
{ "type": "Feature", "properties": { "RCID": 896, "PRIM": 1, "GRUP": 2, "OBJL": 153, "RVER": 1, "AGEN": 550, "FIDN": 281416932, "FIDS": 7303, "LNAM": "022610C614E41C87", "QUASOU": [ "2" ], "WATLEV": 4, "SCAMIN": 44999, "SORDAT": "20140818", "SORIND": "US,US,graph,GC-11187" }, "geometry": { "type": "Point", "coordinates": [ -71.3980233, 41.4841669 ] } },
{ "type": "Feature", "properties": { "RCID": 897, "PRIM": 1, "GRUP": 2, "OBJL": 153, "RVER": 1, "AGEN": 550, "FIDN": 549432823, "FIDS": 7303, "LNAM": "022620BFADF71C87", "QUASOU": [ "2" ], "WATLEV": 3, "SORDAT": "20140818", "SORIND": "US,US,graph,GC-11187" }, "geometry": { "type": "Point", "coordinates": [ -71.3982003, 41.4872196 ] } },
{ "type": "Feature", "properties": { "RCID": 898, "PRIM": 1, "GRUP": 2, "OBJL": 153, "RVER": 1, "AGEN": 550, "FIDN": 833006048, "FIDS": 7303, "LNAM": "022631A6A9E01C87", "QUASOU": [ "2" ], "WATLEV": 4, "SORDAT": "20140818", "SORIND": "US,US,graph,GC-11187" }, "geometry": { "type": "Point", "coordinates": [ -71.3982103, 41.4866808 ] } },
{ "type": "Feature", "properties": { "RCID": 899, "PRIM": 1, "GRUP": 2, "OBJL": 153, "RVER": 1, "AGEN": 550, "FIDN": 183486418, "FIDS": 7303, "LNAM": "02260AEFC7D21C87", "QUASOU": [ "2" ], "WATLEV": 3, "SCAMIN": 44999, "SORDAT": "20140818", "SORIND": "US,US,graph,GC-11187" }, "geometry": { "type": "Point", "coordinates": [ -71.3982167, 41.4859688 ] } },
{ "type": "Feature", "properties": { "RCID": 900, "PRIM": 1, "GRUP": 2, "OBJL": 153, "RVER": 1, "AGEN": 550, "FIDN": 930539606, "FIDS": 7303, "LNAM": "02263776E8561C87", "QUASOU": [ "2" ], "WATLEV": 3, "SCAMIN": 44999, "SORDAT": "20140818", "SORIND": "US,US,graph,GC-11187" }, "geometry": { "type": "Point", "coordinates": [ -71.3985861, 41.4936178 ] } },
{ "type": "Feature", "properties": { "RCID": 901, "PRIM": 1, "GRUP": 2, "OBJL": 153, "RVER": 1, "AGEN": 550, "FIDN": 570538385, "FIDS": 7303, "LNAM": "02262201B9911C87", "QUASOU": [ "2" ], "WATLEV": 4, "SORDAT": "200504", "SORIND": "US,US,graph,Chart 13223" }, "geometry": { "type": "Point", "coordinates": [ -71.3983783, 41.4839784 ] } },
{ "type": "Feature", "properties": { "RCID": 902, "PRIM": 1, "GRUP": 2, "OBJL": 153, "RVER": 1, "AGEN": 550, "FIDN": 573144188, "FIDS": 7303, "LNAM": "022622297C7C1C87", "QUASOU": [ "2" ], "WATLEV": 3, "SCAMIN": 44999, "SORDAT": "20140818", "SORIND": "US,US,graph,GC-11187" }, "geometry": { "type": "Point", "coordinates": [ -71.3981202, 41.4843118 ] } },
{ "type": "Feature", "properties": { "RCID": 903, "PRIM": 1, "GRUP": 2, "OBJL": 153, "RVER": 1, "AGEN": 550, "FIDN": 105295303, "FIDS": 7303, "LNAM": "02260646ADC71C87", "QUASOU": [ "2" ], "WATLEV": 4, "SCAMIN": 44999, "SORDAT": "20140818", "SORIND": "US,US,graph,GC-11187" }, "geometry": { "type": "Point", "coordinates": [ -71.3980938, 41.484015 ] } },
{ "type": "Feature", "properties": { "RCID": 904, "PRIM": 1, "GRUP": 2, "OBJL": 153, "RVER": 1, "AGEN": 550, "FIDN": 533435698, "FIDS": 7303, "LNAM": "02261FCB95321C87", "QUASOU": [ "2" ], "WATLEV": 3, "SCAMIN": 44999, "SORDAT": "20140818", "SORIND": "US,US,graph,GC-11187" }, "geometry": { "type": "Point", "coordinates": [ -71.3977899, 41.4861197 ] } },
{ "type": "Feature", "properties": { "RCID": 905, "PRIM": 1, "GRUP": 2, "OBJL": 153, "RVER": 1, "AGEN": 550, "FIDN": 935773014, "FIDS": 7303, "LNAM": "022637C6C3561C87", "EXPSOU": 2, "VALSOU": 0.0, "WATLEV": 5, "SORDAT": "200504", "SORIND": "US,US,graph,Chart 13223" }, "geometry": { "type": "Point", "coordinates": [ -71.3976238, 41.4758841 ] } },
{ "type": "Feature", "properties": { "RCID": 906, "PRIM": 1, "GRUP": 2, "OBJL": 153, "RVER": 1, "AGEN": 550, "FIDN": 627530177, "FIDS": 7303, "LNAM": "0226256759C11C87", "QUASOU": [ "2" ], "WATLEV": 4, "SORDAT": "20140818", "SORIND": "US,US,graph,GC-11187" }, "geometry": { "type": "Point", "coordinates": [ -71.3970722, 41.4801938 ] } },
{ "type": "Feature", "properties": { "RCID": 907, "PRIM": 1, "GRUP": 2, "OBJL": 153, "RVER": 1, "AGEN": 550, "FIDN": 479767076, "FIDS": 7303, "LNAM": "02261C98AA241C87", "EXPSOU": 1, "QUASOU": [ "6" ], "VALSOU": 7.0, "WATLEV": 3, "SORDAT": "20040729", "SORIND": "US,US,graph,H-11310" }, "geometry": { "type": "Point", "coordinates": [ -71.3954831, 41.5473342 ] } },
{ "type": "Feature", "properties": { "RCID": 908, "PRIM": 1, "GRUP": 2, "OBJL": 153, "RVER": 1, "AGEN": 550, "FIDN": 847008149, "FIDS": 7303, "LNAM": "0226327C51951C87", "EXPSOU": 2, "VALSOU": 0.0, "WATLEV": 5, "SORDAT": "200504", "SORIND": "US,US,graph,Chart 13223" }, "geometry": { "type": "Point", "coordinates": [ -71.3913361, 41.5143793 ] } },
{ "type": "Feature", "properties": { "RCID": 909, "PRIM": 1, "GRUP": 2, "OBJL": 153, "RVER": 1, "AGEN": 550, "FIDN": 444610022, "FIDS": 7303, "LNAM": "02261A8035E61C87", "EXPSOU": 2, "QUASOU": [ "6" ], "VALSOU": -1.2, "WATLEV": 4, "SORDAT": "200504", "SORIND": "US,US,graph,Chart 13223" }, "geometry": { "type": "Point", "coordinates": [ -71.3907916, 41.5296154 ] } },
{ "type": "Feature", "properties": { "RCID": 910, "PRIM": 1, "GRUP": 2, "OBJL": 153, "RVER": 1, "AGEN": 550, "FIDN": 732582893, "FIDS": 7303, "LNAM": "02262BAA53ED1C87", "EXPSOU": 1, "QUASOU": [ "6" ], "VALSOU": 3.9, "WATLEV": 3, "SORDAT": "20040729", "SORIND": "US,US,graph,H-11310" }, "geometry": { "type": "Point", "coordinates": [ -71.3903265, 41.5487529 ] } },
{ "type": "Feature", "properties": { "RCID": 911, "PRIM": 1, "GRUP": 2, "OBJL": 153, "RVER": 1, "AGEN": 550, "FIDN": 315845832, "FIDS": 7303, "LNAM": "022612D36CC81C87", "QUASOU": [ "2" ], "WATLEV": 4, "SORDAT": "200504", "SORIND": "US,US,graph,Chart 13223" }, "geometry": { "type": "Point", "coordinates": [ -71.3900414, 41.5324453 ] } },
{ "type": "Feature", "properties": { "RCID": 912, "PRIM": 1, "GRUP": 2, "OBJL": 153, "RVER": 1, "AGEN": 550, "FIDN": 64280615, "FIDS": 7303, "LNAM": "022603D4D8271C87", "EXPSOU": 2, "QUASOU": [ "6" ], "VALSOU": -1.2, "WATLEV": 4, "SCAMIN": 44999, "SORDAT": "20050620", "SORIND": "US,US,graph,GC-10585" }, "geometry": { "type": "Point", "coordinates": [ -71.3899761, 41.5317584 ] } },
{ "type": "Feature", "properties": { "RCID": 913, "PRIM": 1, "GRUP": 2, "OBJL": 153, "RVER": 1, "AGEN": 550, "FIDN": 608767768, "FIDS": 7303, "LNAM": "022624490F181C87", "EXPSOU": 1, "OBJNAM": "Sinker Rock", "QUASOU": [ "6" ], "VALSOU": 3.0, "WATLEV": 3, "SORDAT": "200504", "SORIND": "US,US,graph,Chart 13223" }, "geometry": { "type": "Point", "coordinates": [ -71.3890594, 41.5412824 ] } },
{ "type": "Feature", "properties": { "RCID": 914, "PRIM": 1, "GRUP": 2, "OBJL": 153, "RVER": 1, "AGEN": 550, "FIDN": 993743698, "FIDS": 7303, "LNAM": "02263B3B53521C87", "EXPSOU": 2, "VALSOU": 0.0, "WATLEV": 5, "SORDAT": "200504", "SORIND": "US,US,graph,Chart 13223" }, "geometry": { "type": "Point", "coordinates": [ -71.3882234, 41.5122972 ] } },
{ "type": "Feature", "properties": { "RCID": 915, "PRIM": 1, "GRUP": 2, "OBJL": 153, "RVER": 1, "AGEN": 550, "FIDN": 767810258, "FIDS": 7303, "LNAM": "02262DC3DAD21C87", "QUASOU": [ "2" ], "WATLEV": 4, "SCAMIN": 44999, "SORDAT": "20140818", "SORIND": "US,US,graph,GC-11187" }, "geometry": { "type": "Point", "coordinates": [ -71.3879019, 41.4928004 ] } },
{ "type": "Feature", "properties": { "RCID": 916, "PRIM": 1, "GRUP": 2, "OBJL": 153, "RVER": 1, "AGEN": 550, "FIDN": 302755503, "FIDS": 7303, "LNAM": "0226120BAEAF1C87", "EXPSOU": 1, "QUASOU": [ "6" ], "VALSOU": 1.5, "WATLEV": 3, "SORDAT": "200504", "SORIND": "US,US,graph,Chart 13223" }, "geometry": { "type": "Point", "coordinates": [ -71.387155, 41.5453562 ] } },
{ "type": "Feature", "properties": { "RCID": 917, "PRIM": 1, "GRUP": 2, "OBJL": 153, "RVER": 1, "AGEN": 550, "FIDN": 896841348, "FIDS": 7303, "LNAM": "02263574B6841C87", "QUASOU": [ "2" ], "WATLEV": 4, "SORDAT": "20050620", "SORIND": "US,US,graph,GC-10585" }, "geometry": { "type": "Point", "coordinates": [ -71.3867559, 41.5459083 ] } },
{ "type": "Feature", "properties": { "RCID": 918, "PRIM": 1, "GRUP": 2, "OBJL": 153, "RVER": 1, "AGEN": 550, "FIDN": 466820178, "FIDS": 7303, "LNAM": "02261BD31C521C87", "QUASOU": [ "2" ], "WATLEV": 4, "SORDAT": "20140818", "SORIND": "US,US,graph,GC-11187" }, "geometry": { "type": "Point", "coordinates": [ -71.3854665, 41.4868985 ] } },
{ "type": "Feature", "properties": { "RCID": 919, "PRIM": 1, "GRUP": 2, "OBJL": 153, "RVER": 1, "AGEN": 550, "FIDN": 795648046, "FIDS": 7303, "LNAM": "02262F6CA02E1C87", "QUASOU": [ "2" ], "WATLEV": 3, "SORDAT": "20140818", "SORIND": "US,US,graph,GC-11187" }, "geometry": { "type": "Point", "coordinates": [ -71.3846984, 41.4870819 ] } },
{ "type": "Feature", "properties": { "RCID": 920, "PRIM": 1, "GRUP": 2, "OBJL": 153, "RVER": 1, "AGEN": 550, "FIDN": 282614617, "FIDS": 7303, "LNAM": "022610D85B591C87", "EXPSOU": 1, "QUASOU": [ "6" ], "VALSOU": 0.9, "WATLEV": 3, "SORDAT": "201306", "SORIND": "US,US,graph,Chart 13223" }, "geometry": { "type": "Point", "coordinates": [ -71.3843253, 41.4842579 ] } },
{ "type": "Feature", "properties": { "RCID": 921, "PRIM": 1, "GRUP": 2, "OBJL": 153, "RVER": 1, "AGEN": 550, "FIDN": 407618153, "FIDS": 7303, "LNAM": "0226184BC2691C87", "EXPSOU": 1, "QUASOU": [ "6" ], "VALSOU": 1.5, "WATLEV": 3, "SORDAT": "201306", "SORIND": "US,US,graph,Chart 13223" }, "geometry": { "type": "Point", "coordinates": [ -71.3841392, 41.4838649 ] } },
{ "type": "Feature", "properties": { "RCID": 922, "PRIM": 1, "GRUP": 2, "OBJL": 153, "RVER": 1, "AGEN": 550, "FIDN": 114659342, "FIDS": 7303, "LNAM": "022606D5900E1C87", "EXPSOU": 1, "QUASOU": [ "6" ], "VALSOU": 2.4, "WATLEV": 3, "SORDAT": "201306", "SORIND": "US,US,graph,Chart 13223" }, "geometry": { "type": "Point", "coordinates": [ -71.3832028, 41.4845175 ] } },
{ "type": "Feature", "properties": { "RCID": 923, "PRIM": 1, "GRUP": 2, "OBJL": 153, "RVER": 1, "AGEN": 550, "FIDN": 465497426, "FIDS": 7303, "LNAM": "02261BBEED521C87", "EXPSOU": 1, "QUASOU": [ "6" ], "VALSOU": -0.9, "WATLEV": 4, "SORDAT": "20140818", "SORIND": "US,US,graph,GC-11187" }, "geometry": { "type": "Point", "coordinates": [ -71.3831223, 41.5084614 ] } },
{ "type": "Feature", "properties": { "RCID": 924, "PRIM": 1, "GRUP": 2, "OBJL": 153, "RVER": 1, "AGEN": 550, "FIDN": 949809147, "FIDS": 7303, "LNAM": "0226389CEFFB1C87", "QUASOU": [ "2" ], "WATLEV": 3, "SORDAT": "20140818", "SORIND": "US,US,graph,GC-11187" }, "geometry": { "type": "Point", "coordinates": [ -71.3701018, 41.4777501 ] } },
{ "type": "Feature", "properties": { "RCID": 925, "PRIM": 1, "GRUP": 2, "OBJL": 153, "RVER": 1, "AGEN": 550, "FIDN": 322814044, "FIDS": 7303, "LNAM": "0226133DC05C1C87", "EXPSOU": 1, "QUASOU": [ "6" ], "VALSOU": 3.3, "WATLEV": 3, "SORDAT": "201306", "SORIND": "US,US,graph,Chart 13223" }, "geometry": { "type": "Point", "coordinates": [ -71.3689444, 41.4771694 ] } },
{ "type": "Feature", "properties": { "RCID": 926, "PRIM": 1, "GRUP": 2, "OBJL": 153, "RVER": 1, "AGEN": 550, "FIDN": 117779279, "FIDS": 7303, "LNAM": "022607052B4F1C87", "EXPSOU": 1, "QUASOU": [ "6" ], "VALSOU": 6.7, "WATLEV": 3, "SORDAT": "201306", "SORIND": "US,US,graph,Chart 13223" }, "geometry": { "type": "Point", "coordinates": [ -71.3665066, 41.4768945 ] } },
{ "type": "Feature", "properties": { "RCID": 927, "PRIM": 1, "GRUP": 2, "OBJL": 153, "RVER": 1, "AGEN": 550, "FIDN": 441665365, "FIDS": 7303, "LNAM": "02261A5347551C87", "QUASOU": [ "2" ], "WATLEV": 4, "SORDAT": "20140818", "SORIND": "US,US,graph,GC-11187" }, "geometry": { "type": "Point", "coordinates": [ -71.3649738, 41.5166663 ] } },
{ "type": "Feature", "properties": { "RCID": 928, "PRIM": 1, "GRUP": 2, "OBJL": 153, "RVER": 1, "AGEN": 550, "FIDN": 767853093, "FIDS": 7303, "LNAM": "02262DC482251C87", "QUASOU": [ "2" ], "WATLEV": 4, "SORDAT": "20050620", "SORIND": "US,US,graph,GC-10585" }, "geometry": { "type": "Point", "coordinates": [ -71.3649074, 41.4996821 ] } },
{ "type": "Feature", "properties": { "RCID": 929, "PRIM": 1, "GRUP": 2, "OBJL": 153, "RVER": 1, "AGEN": 550, "FIDN": 180341295, "FIDS": 7303, "LNAM": "02260ABFCA2F1C87", "QUASOU": [ "2" ], "WATLEV": 4, "SORDAT": "20050620", "SORIND": "US,US,graph,GC-10585" }, "geometry": { "type": "Point", "coordinates": [ -71.3640351, 41.5367708 ] } },
{ "type": "Feature", "properties": { "RCID": 930, "PRIM": 1, "GRUP": 2, "OBJL": 153, "RVER": 1, "AGEN": 550, "FIDN": 525713734, "FIDS": 7303, "LNAM": "02261F55C1461C87", "QUASOU": [ "2" ], "WATLEV": 4, "SORDAT": "200504", "SORIND": "US,US,graph,Chart 13223" }, "geometry": { "type": "Point", "coordinates": [ -71.3639037, 41.4909271 ] } },
{ "type": "Feature", "properties": { "RCID": 931, "PRIM": 1, "GRUP": 2, "OBJL": 153, "RVER": 1, "AGEN": 550, "FIDN": 916328101, "FIDS": 7303, "LNAM": "0226369E0EA51C87", "EXPSOU": 2, "VALSOU": 0.0, "WATLEV": 5, "SORDAT": "200504", "SORIND": "US,US,graph,Chart 13223" }, "geometry": { "type": "Point", "coordinates": [ -71.3633192, 41.5359927 ] } },
{ "type": "Feature", "properties": { "RCID": 932, "PRIM": 1, "GRUP": 2, "OBJL": 153, "RVER": 1, "AGEN": 550, "FIDN": 132293148, "FIDS": 7303, "LNAM": "022607E2A21C1C87", "EXPSOU": 2, "VALSOU": 0.0, "WATLEV": 5, "SORDAT": "200504", "SORIND": "US,US,graph,Chart 13223" }, "geometry": { "type": "Point", "coordinates": [ -71.3630213, 41.5352943 ] } },
{ "type": "Feature", "properties": { "RCID": 933, "PRIM": 1, "GRUP": 2, "OBJL": 153, "RVER": 1, "AGEN": 550, "FIDN": 837084088, "FIDS": 7303, "LNAM": "022631E4E3B81C87", "QUASOU": [ "2" ], "WATLEV": 4, "SCAMIN": 44999, "SORDAT": "20050620", "SORIND": "US,US,graph,GC-10585" }, "geometry": { "type": "Point", "coordinates": [ -71.361605, 41.5253523 ] } },
{ "type": "Feature", "properties": { "RCID": 934, "PRIM": 1, "GRUP": 2, "OBJL": 153, "RVER": 1, "AGEN": 550, "FIDN": 131512963, "FIDS": 7303, "LNAM": "022607D6BA831C87", "EXPSOU": 2, "QUASOU": [ "6" ], "VALSOU": -0.3, "WATLEV": 4, "SORDAT": "200504", "SORIND": "US,US,graph,Chart 13223" }, "geometry": { "type": "Point", "coordinates": [ -71.3615503, 41.5302143 ] } },
{ "type": "Feature", "properties": { "RCID": 935, "PRIM": 1, "GRUP": 2, "OBJL": 153, "RVER": 1, "AGEN": 550, "FIDN": 120857431, "FIDS": 7303, "LNAM": "0226073423571C87", "QUASOU": [ "2" ], "WATLEV": 4, "SCAMIN": 44999, "SORDAT": "200504", "SORIND": "US,US,graph,Chart 13223" }, "geometry": { "type": "Point", "coordinates": [ -71.3614329, 41.5242122 ] } },
{ "type": "Feature", "properties": { "RCID": 936, "PRIM": 1, "GRUP": 2, "OBJL": 153, "RVER": 1, "AGEN": 550, "FIDN": 898965557, "FIDS": 7303, "LNAM": "0226359520351C87", "QUASOU": [ "2" ], "WATLEV": 4, "SCAMIN": 44999, "SORDAT": "20140818", "SORIND": "US,US,graph,GC-11187" }, "geometry": { "type": "Point", "coordinates": [ -71.3611522, 41.5020214 ] } },
{ "type": "Feature", "properties": { "RCID": 937, "PRIM": 1, "GRUP": 2, "OBJL": 153, "RVER": 1, "AGEN": 550, "FIDN": 288260901, "FIDS": 7303, "LNAM": "0226112E83251C87", "QUASOU": [ "2" ], "WATLEV": 4, "SORDAT": "20050620", "SORIND": "US,US,graph,GC-10585" }, "geometry": { "type": "Point", "coordinates": [ -71.3607387, 41.5464914 ] } },
{ "type": "Feature", "properties": { "RCID": 938, "PRIM": 1, "GRUP": 2, "OBJL": 153, "RVER": 1, "AGEN": 550, "FIDN": 557032646, "FIDS": 7303, "LNAM": "02262133A4C61C87", "QUASOU": [ "2" ], "WATLEV": 3, "SORDAT": "20140818", "SORIND": "US,US,graph,GC-11187" }, "geometry": { "type": "Point", "coordinates": [ -71.3605849, 41.5020023 ] } },
{ "type": "Feature", "properties": { "RCID": 939, "PRIM": 1, "GRUP": 2, "OBJL": 153, "RVER": 1, "AGEN": 550, "FIDN": 57602542, "FIDS": 7303, "LNAM": "0226036EF1EE1C87", "QUASOU": [ "2" ], "WATLEV": 4, "SCAMIN": 44999, "SORDAT": "20050620", "SORIND": "US,US,graph,GC-10585" }, "geometry": { "type": "Point", "coordinates": [ -71.358359, 41.5102108 ] } },
{ "type": "Feature", "properties": { "RCID": 940, "PRIM": 1, "GRUP": 2, "OBJL": 153, "RVER": 1, "AGEN": 550, "FIDN": 528068114, "FIDS": 7303, "LNAM": "02261F79AE121C87", "EXPSOU": 2, "QUASOU": [ "6" ], "VALSOU": -1.2, "WATLEV": 4, "SCAMIN": 44999, "SORDAT": "20140818", "SORIND": "US,US,graph,GC-11187" }, "geometry": { "type": "Point", "coordinates": [ -71.3579281, 41.5095375 ] } },
{ "type": "Feature", "properties": { "RCID": 941, "PRIM": 1, "GRUP": 2, "OBJL": 153, "RVER": 1, "AGEN": 550, "FIDN": 475524846, "FIDS": 7303, "LNAM": "02261C57EEEE1C87", "QUASOU": [ "2" ], "WATLEV": 3, "SORDAT": "20140818", "SORIND": "US,US,graph,GC-11187" }, "geometry": { "type": "Point", "coordinates": [ -71.3555973, 41.4823171 ] } },
{ "type": "Feature", "properties": { "RCID": 942, "PRIM": 1, "GRUP": 2, "OBJL": 153, "RVER": 1, "AGEN": 550, "FIDN": 531516964, "FIDS": 7303, "LNAM": "02261FAE4E241C87", "QUASOU": [ "2" ], "WATLEV": 4, "SORDAT": "200504", "SORIND": "US,US,graph,Chart 13223" }, "geometry": { "type": "Point", "coordinates": [ -71.3521079, 41.4832993 ] } },
{ "type": "Feature", "properties": { "RCID": 943, "PRIM": 1, "GRUP": 2, "OBJL": 153, "RVER": 1, "AGEN": 550, "FIDN": 446631026, "FIDS": 7303, "LNAM": "02261A9F0C721C87", "EXPSOU": 1, "QUASOU": [ "6" ], "VALSOU": 0.9, "WATLEV": 3, "SORDAT": "201306", "SORIND": "US,US,graph,Chart 13223" }, "geometry": { "type": "Point", "coordinates": [ -71.3433575, 41.4955865 ] } },
{ "type": "Feature", "properties": { "RCID": 944, "PRIM": 1, "GRUP": 2, "OBJL": 153, "RVER": 1, "AGEN": 550, "FIDN": 934533712, "FIDS": 7303, "LNAM": "022637B3DA501C87", "EXPSOU": 1, "QUASOU": [ "6" ], "VALSOU": 0.6, "WATLEV": 3, "SORDAT": "201306", "SORIND": "US,US,graph,Chart 13223" }, "geometry": { "type": "Point", "coordinates": [ -71.3431905, 41.4967826 ] } },
{ "type": "Feature", "properties": { "RCID": 945, "PRIM": 1, "GRUP": 2, "OBJL": 153, "RVER": 1, "AGEN": 550, "FIDN": 326678583, "FIDS": 7303, "LNAM": "02261378B8371C87", "QUASOU": [ "2" ], "WATLEV": 4, "SORDAT": "200504", "SORIND": "US,US,graph,Chart 13223" }, "geometry": { "type": "Point", "coordinates": [ -71.3414919, 41.5014604 ] } },
{ "type": "Feature", "properties": { "RCID": 946, "PRIM": 1, "GRUP": 2, "OBJL": 153, "RVER": 1, "AGEN": 550, "FIDN": 782186258, "FIDS": 7303, "LNAM": "02262E9F37121C87", "QUASOU": [ "2" ], "WATLEV": 4, "SORDAT": "200504", "SORIND": "US,US,graph,Chart 13223" }, "geometry": { "type": "Point", "coordinates": [ -71.3412344, 41.500913 ] } },
{ "type": "Feature", "properties": { "RCID": 947, "PRIM": 1, "GRUP": 2, "OBJL": 153, "RVER": 1, "AGEN": 550, "FIDN": 341756390, "FIDS": 7303, "LNAM": "0226145EC9E61C87", "QUASOU": [ "2" ], "WATLEV": 4, "SCAMIN": 44999, "SORDAT": "20140818", "SORIND": "US,US,graph,GC-11187" }, "geometry": { "type": "Point", "coordinates": [ -71.3407444, 41.4977098 ] } },
{ "type": "Feature", "properties": { "RCID": 948, "PRIM": 1, "GRUP": 2, "OBJL": 153, "RVER": 1, "AGEN": 550, "FIDN": 922216628, "FIDS": 7303, "LNAM": "022636F7E8B41C87", "QUASOU": [ "2" ], "WATLEV": 4, "SCAMIN": 44999, "SORDAT": "20140818", "SORIND": "US,US,graph,GC-11187" }, "geometry": { "type": "Point", "coordinates": [ -71.3405871, 41.4976376 ] } },
{ "type": "Feature", "properties": { "RCID": 949, "PRIM": 1, "GRUP": 2, "OBJL": 153, "RVER": 1, "AGEN": 550, "FIDN": 902598569, "FIDS": 7303, "LNAM": "022635CC8FA91C87", "EXPSOU": 2, "QUASOU": [ "6" ], "VALSOU": 1.5, "WATLEV": 3, "SORDAT": "201306", "SORIND": "US,US,graph,Chart 13223" }, "geometry": { "type": "Point", "coordinates": [ -71.3390875, 41.4808671 ] } },
{ "type": "Feature", "properties": { "RCID": 950, "PRIM": 1, "GRUP": 2, "OBJL": 153, "RVER": 1, "AGEN": 550, "FIDN": 259983565, "FIDS": 7303, "LNAM": "02260F7F08CD1C87", "EXPSOU": 2, "VALSOU": 0.0, "WATLEV": 5, "SORDAT": "200504", "SORIND": "US,US,graph,Chart 13223" }, "geometry": { "type": "Point", "coordinates": [ -71.3347706, 41.4766668 ] } },
{ "type": "Feature", "properties": { "RCID": 951, "PRIM": 1, "GRUP": 2, "OBJL": 153, "RVER": 1, "AGEN": 550, "FIDN": 880027669, "FIDS": 7303, "LNAM": "0226347428151C87", "QUASOU": [ "2" ], "WATLEV": 4, "SORDAT": "20140818", "SORIND": "US,US,graph,GC-11187" }, "geometry": { "type": "Point", "coordinates": [ -71.3329461, 41.5015829 ] } },
{ "type": "Feature", "properties": { "RCID": 952, "PRIM": 1, "GRUP": 2, "OBJL": 153, "RVER": 1, "AGEN": 550, "FIDN": 109470891, "FIDS": 7303, "LNAM": "0226068664AB1C87", "EXPSOU": 1, "QUASOU": [ "6" ], "VALSOU": 4.5, "WATLEV": 3, "SORDAT": "201306", "SORIND": "US,US,graph,Chart 13223" }, "geometry": { "type": "Point", "coordinates": [ -71.3300965, 41.5213859 ] } },
{ "type": "Feature", "properties": { "RCID": 953, "PRIM": 1, "GRUP": 2, "OBJL": 153, "RVER": 1, "AGEN": 550, "FIDN": 244773142, "FIDS": 7303, "LNAM": "02260E96F1161C87", "QUASOU": [ "2" ], "WATLEV": 4, "SORDAT": "200504", "SORIND": "US,US,graph,Chart 13223" }, "geometry": { "type": "Point", "coordinates": [ -71.326793, 41.4843845 ] } },
{ "type": "Feature", "properties": { "RCID": 954, "PRIM": 1, "GRUP": 2, "OBJL": 153, "RVER": 1, "AGEN": 550, "FIDN": 43006434, "FIDS": 7303, "LNAM": "0226029039E21C87", "EXPSOU": 2, "VALSOU": 0.0, "WATLEV": 5, "SORDAT": "200504", "SORIND": "US,US,graph,Chart 13223" }, "geometry": { "type": "Point", "coordinates": [ -71.398486, 41.4849893 ] } },
{ "type": "Feature", "properties": { "RCID": 955, "PRIM": 1, "GRUP": 2, "OBJL": 153, "RVER": 1, "AGEN": 550, "FIDN": 563933215, "FIDS": 7303, "LNAM": "0226219CF01F1C87", "EXPSOU": 1, "QUASOU": [ "6" ], "VALSOU": 0.6, "WATLEV": 3, "SORDAT": "200504", "SORIND": "US,US,graph,Chart 13223" }, "geometry": { "type": "Point", "coordinates": [ -71.3982972, 41.4844144 ] } },
{ "type": "Feature", "properties": { "RCID": 956, "PRIM": 1, "GRUP": 2, "OBJL": 153, "RVER": 1, "AGEN": 550, "FIDN": 717472639, "FIDS": 7303, "LNAM": "02262AC3C37F1C87", "EXPSOU": 2, "QUASOU": [ "6" ], "VALSOU": -0.9, "WATLEV": 4, "SORDAT": "20140818", "SORIND": "US,US,graph,GC-11187" }, "geometry": { "type": "Point", "coordinates": [ -71.3974138, 41.4831861 ] } },
{ "type": "Feature", "properties": { "RCID": 957, "PRIM": 1, "GRUP": 2, "OBJL": 153, "RVER": 1, "AGEN": 550, "FIDN": 627573612, "FIDS": 7303, "LNAM": "02262568036C1C87", "EXPSOU": 2, "QUASOU": [ "6" ], "VALSOU": 9.7, "WATLEV": 3, "SORDAT": "20040729", "SORIND": "US,US,graph,H-11310" }, "geometry": { "type": "Point", "coordinates": [ -71.3964845, 41.5454512 ] } },
{ "type": "Feature", "properties": { "RCID": 958, "PRIM": 1, "GRUP": 2, "OBJL": 153, "RVER": 1, "AGEN": 550, "FIDN": 395656162, "FIDS": 7303, "LNAM": "022617953BE21C87", "EXPSOU": 2, "VALSOU": 0.0, "WATLEV": 5, "SCAMIN": 44999, "SORDAT": "200504", "SORIND": "US,US,graph,Chart 13223" }, "geometry": { "type": "Point", "coordinates": [ -71.3928978, 41.5202636 ] } },
{ "type": "Feature", "properties": { "RCID": 959, "PRIM": 1, "GRUP": 2, "OBJL": 153, "RVER": 1, "AGEN": 550, "FIDN": 805795297, "FIDS": 7303, "LNAM": "0226300775E11C87", "EXPSOU": 2, "VALSOU": 0.0, "WATLEV": 5, "SCAMIN": 44999, "SORDAT": "200504", "SORIND": "US,US,graph,Chart 13223" }, "geometry": { "type": "Point", "coordinates": [ -71.3925768, 41.5198171 ] } },
{ "type": "Feature", "properties": { "RCID": 960, "PRIM": 1, "GRUP": 2, "OBJL": 153, "RVER": 1, "AGEN": 550, "FIDN": 734591959, "FIDS": 7303, "LNAM": "02262BC8FBD71C87", "EXPSOU": 2, "QUASOU": [ "6" ], "VALSOU": -0.6, "WATLEV": 4, "SCAMIN": 44999, "SORDAT": "20140818", "SORIND": "US,US,graph,GC-11187" }, "geometry": { "type": "Point", "coordinates": [ -71.3919943, 41.5157078 ] } },
{ "type": "Feature", "properties": { "RCID": 961, "PRIM": 1, "GRUP": 2, "OBJL": 153, "RVER": 1, "AGEN": 550, "FIDN": 564833180, "FIDS": 7303, "LNAM": "022621AAAB9C1C87", "EXPSOU": 2, "VALSOU": 0.0, "WATLEV": 5, "SORDAT": "200504", "SORIND": "US,US,graph,Chart 13223" }, "geometry": { "type": "Point", "coordinates": [ -71.3918642, 41.5272183 ] } },
{ "type": "Feature", "properties": { "RCID": 962, "PRIM": 1, "GRUP": 2, "OBJL": 153, "RVER": 1, "AGEN": 550, "FIDN": 517271772, "FIDS": 7303, "LNAM": "02261ED4F0DC1C87", "EXPSOU": 2, "QUASOU": [ "6" ], "VALSOU": 4.8, "WATLEV": 3, "SORDAT": "20040729", "SORIND": "US,US,graph,H-11310" }, "geometry": { "type": "Point", "coordinates": [ -71.3914828, 41.5360439 ] } },
{ "type": "Feature", "properties": { "RCID": 963, "PRIM": 1, "GRUP": 2, "OBJL": 153, "RVER": 1, "AGEN": 550, "FIDN": 78915334, "FIDS": 7303, "LNAM": "022604B427061C87", "EXPSOU": 2, "VALSOU": 0.0, "WATLEV": 5, "SORDAT": "200504", "SORIND": "US,US,graph,Chart 13223" }, "geometry": { "type": "Point", "coordinates": [ -71.3888629, 41.5127221 ] } },
{ "type": "Feature", "properties": { "RCID": 964, "PRIM": 1, "GRUP": 2, "OBJL": 153, "RVER": 1, "AGEN": 550, "FIDN": 672965394, "FIDS": 7303, "LNAM": "0226281CA3121C87", "EXPSOU": 2, "VALSOU": 0.0, "WATLEV": 5, "SCAMIN": 44999, "SORDAT": "200504", "SORIND": "US,US,graph,Chart 13223" }, "geometry": { "type": "Point", "coordinates": [ -71.3849621, 41.4972799 ] } },
{ "type": "Feature", "properties": { "RCID": 965, "PRIM": 1, "GRUP": 2, "OBJL": 153, "RVER": 1, "AGEN": 550, "FIDN": 926696442, "FIDS": 7303, "LNAM": "0226373C43FA1C87", "QUASOU": [ "2" ], "WATLEV": 4, "SORDAT": "20050620", "SORIND": "US,US,graph,GC-10585" }, "geometry": { "type": "Point", "coordinates": [ -71.3844826, 41.4815769 ] } },
{ "type": "Feature", "properties": { "RCID": 966, "PRIM": 1, "GRUP": 2, "OBJL": 153, "RVER": 1, "AGEN": 550, "FIDN": 71017013, "FIDS": 7303, "LNAM": "0226043BA2351C87", "QUASOU": [ "2" ], "WATLEV": 4, "SORDAT": "20140818", "SORIND": "US,US,graph,GC-11187" }, "geometry": { "type": "Point", "coordinates": [ -71.3840473, 41.4772928 ] } },
{ "type": "Feature", "properties": { "RCID": 967, "PRIM": 1, "GRUP": 2, "OBJL": 153, "RVER": 1, "AGEN": 550, "FIDN": 402740215, "FIDS": 7303, "LNAM": "0226180153F71C87", "EXPSOU": 2, "QUASOU": [ "6" ], "VALSOU": -0.9, "WATLEV": 4, "SORDAT": "20140818", "SORIND": "US,US,graph,GC-11187" }, "geometry": { "type": "Point", "coordinates": [ -71.381992, 41.5076499 ] } },
{ "type": "Feature", "properties": { "RCID": 968, "PRIM": 1, "GRUP": 2, "OBJL": 153, "RVER": 1, "AGEN": 550, "FIDN": 54238029, "FIDS": 7303, "LNAM": "0226033B9B4D1C87", "EXPSOU": 2, "VALSOU": 0.0, "WATLEV": 5, "SORDAT": "200504", "SORIND": "US,US,graph,Chart 13223" }, "geometry": { "type": "Point", "coordinates": [ -71.38052, 41.5052418 ] } },
{ "type": "Feature", "properties": { "RCID": 969, "PRIM": 1, "GRUP": 2, "OBJL": 153, "RVER": 1, "AGEN": 550, "FIDN": 976153050, "FIDS": 7303, "LNAM": "02263A2EE9DA1C87", "QUASOU": [ "2" ], "WATLEV": 4, "SORDAT": "20140818", "SORIND": "US,US,graph,GC-11187" }, "geometry": { "type": "Point", "coordinates": [ -71.3794848, 41.5060218 ] } },
{ "type": "Feature", "properties": { "RCID": 970, "PRIM": 1, "GRUP": 2, "OBJL": 153, "RVER": 1, "AGEN": 550, "FIDN": 622741814, "FIDS": 7303, "LNAM": "0226251E49361C87", "QUASOU": [ "2" ], "WATLEV": 4, "SORDAT": "20140818", "SORIND": "US,US,graph,GC-11187" }, "geometry": { "type": "Point", "coordinates": [ -71.3785904, 41.4830762 ] } },
{ "type": "Feature", "properties": { "RCID": 971, "PRIM": 1, "GRUP": 2, "OBJL": 153, "RVER": 1, "AGEN": 550, "FIDN": 505548946, "FIDS": 7303, "LNAM": "02261E2210921C87", "EXPSOU": 1, "QUASOU": [ "6" ], "VALSOU": 0.6, "WATLEV": 3, "SORDAT": "200504", "SORIND": "US,US,graph,Chart 13223" }, "geometry": { "type": "Point", "coordinates": [ -71.3763929, 41.4756748 ] } },
{ "type": "Feature", "properties": { "RCID": 972, "PRIM": 1, "GRUP": 2, "OBJL": 153, "RVER": 1, "AGEN": 550, "FIDN": 493938921, "FIDS": 7303, "LNAM": "02261D70E8E91C87", "EXPSOU": 2, "VALSOU": 0.0, "WATLEV": 5, "SCAMIN": 44999, "SORDAT": "200504", "SORIND": "US,US,graph,Chart 13223" }, "geometry": { "type": "Point", "coordinates": [ -71.3644414, 41.5397118 ] } },
{ "type": "Feature", "properties": { "RCID": 973, "PRIM": 1, "GRUP": 2, "OBJL": 153, "RVER": 1, "AGEN": 550, "FIDN": 824863594, "FIDS": 7303, "LNAM": "0226312A6B6A1C87", "QUASOU": [ "2" ], "WATLEV": 3, "SCAMIN": 44999, "SORDAT": "20140818", "SORIND": "US,US,graph,GC-11187" }, "geometry": { "type": "Point", "coordinates": [ -71.363918, 41.4999499 ] } },
{ "type": "Feature", "properties": { "RCID": 974, "PRIM": 1, "GRUP": 2, "OBJL": 153, "RVER": 1, "AGEN": 550, "FIDN": 825584506, "FIDS": 7303, "LNAM": "022631356B7A1C87", "EXPSOU": 2, "VALSOU": 0.0, "WATLEV": 5, "SORDAT": "200504", "SORIND": "US,US,graph,Chart 13223" }, "geometry": { "type": "Point", "coordinates": [ -71.36377, 41.5366614 ] } },
{ "type": "Feature", "properties": { "RCID": 975, "PRIM": 1, "GRUP": 2, "OBJL": 153, "RVER": 1, "AGEN": 550, "FIDN": 374966824, "FIDS": 7303, "LNAM": "022616598A281C87", "QUASOU": [ "2" ], "WATLEV": 4, "SORDAT": "20050620", "SORIND": "US,US,graph,GC-10585" }, "geometry": { "type": "Point", "coordinates": [ -71.3623022, 41.5325287 ] } },
{ "type": "Feature", "properties": { "RCID": 976, "PRIM": 1, "GRUP": 2, "OBJL": 153, "RVER": 1, "AGEN": 550, "FIDN": 996295021, "FIDS": 7303, "LNAM": "02263B62416D1C87", "EXPSOU": 2, "QUASOU": [ "6" ], "VALSOU": -0.6, "WATLEV": 4, "SCAMIN": 44999, "SORDAT": "20050620", "SORIND": "US,US,graph,GC-10585" }, "geometry": { "type": "Point", "coordinates": [ -71.3619012, 41.5309432 ] } },
{ "type": "Feature", "properties": { "RCID": 977, "PRIM": 1, "GRUP": 2, "OBJL": 153, "RVER": 1, "AGEN": 550, "FIDN": 332789120, "FIDS": 7303, "LNAM": "022613D5F5801C87", "QUASOU": [ "2" ], "WATLEV": 4, "SCAMIN": 44999, "SORDAT": "20140818", "SORIND": "US,US,graph,GC-11187" }, "geometry": { "type": "Point", "coordinates": [ -71.3601608, 41.4867139 ] } },
{ "type": "Feature", "properties": { "RCID": 978, "PRIM": 1, "GRUP": 2, "OBJL": 153, "RVER": 1, "AGEN": 550, "FIDN": 190175184, "FIDS": 7303, "LNAM": "02260B55D7D01C87", "EXPSOU": 2, "VALSOU": 0.0, "WATLEV": 5, "SORDAT": "200504", "SORIND": "US,US,graph,Chart 13223" }, "geometry": { "type": "Point", "coordinates": [ -71.3589753, 41.5107884 ] } },
{ "type": "Feature", "properties": { "RCID": 979, "PRIM": 1, "GRUP": 2, "OBJL": 153, "RVER": 1, "AGEN": 550, "FIDN": 961329732, "FIDS": 7303, "LNAM": "0226394CBA441C87", "QUASOU": [ "2" ], "WATLEV": 3, "SORDAT": "20140818", "SORIND": "US,US,graph,GC-11187" }, "geometry": { "type": "Point", "coordinates": [ -71.3585894, 41.4834302 ] } },
{ "type": "Feature", "properties": { "RCID": 980, "PRIM": 1, "GRUP": 2, "OBJL": 153, "RVER": 1, "AGEN": 550, "FIDN": 657748087, "FIDS": 7303, "LNAM": "0226273470771C87", "QUASOU": [ "2" ], "WATLEV": 3, "SCAMIN": 44999, "SORDAT": "20140818", "SORIND": "US,US,graph,GC-11187" }, "geometry": { "type": "Point", "coordinates": [ -71.3522389, 41.4832287 ] } },
{ "type": "Feature", "properties": { "RCID": 981, "PRIM": 1, "GRUP": 2, "OBJL": 153, "RVER": 1, "AGEN": 550, "FIDN": 668766791, "FIDS": 7303, "LNAM": "022627DC92471C87", "QUASOU": [ "2" ], "WATLEV": 3, "SCAMIN": 44999, "SORDAT": "20140818", "SORIND": "US,US,graph,GC-11187" }, "geometry": { "type": "Point", "coordinates": [ -71.3420222, 41.4999149 ] } },
{ "type": "Feature", "properties": { "RCID": 982, "PRIM": 1, "GRUP": 2, "OBJL": 153, "RVER": 1, "AGEN": 550, "FIDN": 38408111, "FIDS": 7303, "LNAM": "0226024A0FAF1C87", "QUASOU": [ "2" ], "WATLEV": 4, "SORDAT": "20050620", "SORIND": "US,US,graph,GC-10585" }, "geometry": { "type": "Point", "coordinates": [ -71.3417561, 41.4763444 ] } },
{ "type": "Feature", "properties": { "RCID": 983, "PRIM": 1, "GRUP": 2, "OBJL": 153, "RVER": 1, "AGEN": 550, "FIDN": 115548504, "FIDS": 7303, "LNAM": "022606E321581C87", "QUASOU": [ "2" ], "WATLEV": 3, "SCAMIN": 44999, "SORDAT": "20140818", "SORIND": "US,US,graph,GC-11187" }, "geometry": { "type": "Point", "coordinates": [ -71.340255, 41.5009359 ] } },
{ "type": "Feature", "properties": { "RCID": 984, "PRIM": 1, "GRUP": 2, "OBJL": 153, "RVER": 1, "AGEN": 550, "FIDN": 459334737, "FIDS": 7303, "LNAM": "02261B60E4511C87", "EXPSOU": 1, "OBJNAM": "Citing Rock", "QUASOU": [ "6" ], "VALSOU": 2.1, "WATLEV": 3, "SORDAT": "201701", "SORIND": "US,US,graph,Chart 13223" }, "geometry": { "type": "Point", "coordinates": [ -71.3386706, 41.4993167 ] } },
{ "type": "Feature", "properties": { "RCID": 985, "PRIM": 1, "GRUP": 2, "OBJL": 153, "RVER": 1, "AGEN": 550, "FIDN": 107599539, "FIDS": 7303, "LNAM": "02260669D6B31C87", "EXPSOU": 2, "QUASOU": [ "6" ], "VALSOU": 3.3, "WATLEV": 3, "SORDAT": "201306", "SORIND": "US,US,graph,Chart 13223" }, "geometry": { "type": "Point", "coordinates": [ -71.3335042, 41.4982207 ] } },
{ "type": "Feature", "properties": { "RCID": 986, "PRIM": 1, "GRUP": 2, "OBJL": 153, "RVER": 1, "AGEN": 550, "FIDN": 174689201, "FIDS": 7303, "LNAM": "02260A698BB11C87", "EXPSOU": 1, "QUASOU": [ "6" ], "VALSOU": 3.0, "WATLEV": 3, "SORDAT": "200504", "SORIND": "US,US,graph,Chart 13223" }, "geometry": { "type": "Point", "coordinates": [ -71.3330329, 41.5038129 ] } },
{ "type": "Feature", "properties": { "RCID": 987, "PRIM": 1, "GRUP": 2, "OBJL": 153, "RVER": 1, "AGEN": 550, "FIDN": 748303650, "FIDS": 7303, "LNAM": "02262C9A35221C87", "QUASOU": [ "2" ], "WATLEV": 3, "SORDAT": "200504", "SORIND": "US,US,graph,Chart 13223" }, "geometry": { "type": "Point", "coordinates": [ -71.3286565, 41.5146791 ] } },
{ "type": "Feature", "properties": { "RCID": 988, "PRIM": 1, "GRUP": 2, "OBJL": 153, "RVER": 1, "AGEN": 550, "FIDN": 532545794, "FIDS": 7303, "LNAM": "02261FBE01021C87", "QUASOU": [ "2" ], "WATLEV": 4, "SORDAT": "200504", "SORIND": "US,US,graph,Chart 13223" }, "geometry": { "type": "Point", "coordinates": [ -71.3283116, 41.5038769 ] } },
{ "type": "Feature", "properties": { "RCID": 989, "PRIM": 1, "GRUP": 2, "OBJL": 153, "RVER": 1, "AGEN": 550, "FIDN": 589709279, "FIDS": 7303, "LNAM": "022623263FDF1C87", "QUASOU": [ "2" ], "WATLEV": 4, "SORDAT": "20050620", "SORIND": "US,US,graph,GC-10585" }, "geometry": { "type": "Point", "coordinates": [ -71.3278124, 41.5208591 ] } }
]
}
