{
"type": "FeatureCollection",
"name": "RESARE",
"crs": { "type": "name", "properties": { "name": "urn:ogc:def:crs:OGC:1.3:CRS84" } },
"features": [
{ "type": "Feature", "properties": { "RCID": 2380, "PRIM": 3, "GRUP": 2, "OBJL": 112, "RVER": 1, "AGEN": 550, "FIDN": 424526978, "FIDS": 8691, "LNAM": "0226194DC48221F3", "RESTRN": [ "8" ], "INFORM": "Regulated navigation area, 33 CFR 165.122: Navigation regulations are published in Chapter 2 of the U.S. Coast Pilot for this geographic area. Refer to regulation section numbers", "SCAMIN": 59999, "SORDAT": "20100329", "SORIND": "US,US,reprt,L-169-2013" }, "geometry": { "type": "Polygon", "coordinates": [ [ [ -71.3765599, 41.4776058 ], [ -71.3765397, 41.4774386 ], [ -71.3765212, 41.4772858 ], [ -71.3764919, 41.4770435 ], [ -71.3765845, 41.4769426 ], [ -71.3768129, 41.4768905 ], [ -71.3769134, 41.4768676 ], [ -71.3769782, 41.4766111 ], [ -71.377009, 41.4764892 ], [ -71.3771238, 41.4764321 ], [ -71.3772388, 41.4763748 ], [ -71.3772578, 41.4763654 ], [ -71.3772614, 41.4763415 ], [ -71.3772834, 41.4761956 ], [ -71.3770449, 41.4760928 ], [ -71.3768226, 41.4761308 ], [ -71.3766086, 41.4761675 ], [ -71.3765011, 41.4761859 ], [ -71.3764077, 41.4762019 ], [ -71.3762863, 41.4764012 ], [ -71.3761543, 41.476378 ], [ -71.3760521, 41.4762611 ], [ -71.3759833, 41.4761824 ], [ -71.3759529, 41.4760781 ], [ -71.3758735, 41.4758059 ], [ -71.3758585, 41.4757547 ], [ -71.3758465, 41.4757134 ], [ -71.3759242, 41.4754641 ], [ -71.3762695, 41.4751823 ], [ -71.3762923, 41.4751637 ], [ -71.3764751, 41.4750145 ], [ -71.3766094, 41.4750696 ], [ -71.376621, 41.4752092 ], [ -71.3767181, 41.4751733 ], [ -71.376742, 41.4751645 ], [ -71.3767846, 41.4751111 ], [ -71.3768665, 41.4750084 ], [ -71.3768654, 41.475 ], [ -71.3770016, 41.475 ], [ -71.3770443, 41.475 ], [ -71.3770566, 41.475 ], [ -71.3770982, 41.475 ], [ -71.3771127, 41.475 ], [ -71.3771376, 41.475 ], [ -71.3771853, 41.475 ], [ -71.3772512, 41.475 ], [ -71.3772824, 41.475 ], [ -71.3773125, 41.475 ], [ -71.3809099, 41.475 ], [ -71.3812153, 41.475 ], [ -71.3812329, 41.475 ], [ -71.3813764, 41.475 ], [ -71.3821517, 41.475 ], [ -71.3821933, 41.475 ], [ -71.3822237, 41.475 ], [ -71.3823003, 41.475 ], [ -71.3823612, 41.475 ], [ -71.3825443, 41.475 ], [ -71.3827129, 41.475 ], [ -71.3828854, 41.475 ], [ -71.3829202, 41.475 ], [ -71.3832338, 41.475 ], [ -71.3832308, 41.4750162 ], [ -71.383423, 41.4751484 ], [ -71.3833446, 41.4753064 ], [ -71.3834973, 41.4755506 ], [ -71.383585, 41.4755945 ], [ -71.3836693, 41.4756367 ], [ -71.3836981, 41.4757025 ], [ -71.3838135, 41.4759665 ], [ -71.3839136, 41.4761954 ], [ -71.3839774, 41.4763413 ], [ -71.3840267, 41.4763853 ], [ -71.3841786, 41.4765212 ], [ -71.3842595, 41.4766969 ], [ -71.3842626, 41.476791 ], [ -71.3842643, 41.4768402 ], [ -71.3841491, 41.4770203 ], [ -71.3841588, 41.4770386 ], [ -71.3842189, 41.4771524 ], [ -71.3843595, 41.4771591 ], [ -71.3843039, 41.4773096 ], [ -71.3842979, 41.4773259 ], [ -71.3842529, 41.4774479 ], [ -71.3842045, 41.4775791 ], [ -71.3842828, 41.4777556 ], [ -71.3842951, 41.4777833 ], [ -71.3843131, 41.477824 ], [ -71.3841383, 41.4779287 ], [ -71.3841094, 41.4780234 ], [ -71.3841723, 41.4781145 ], [ -71.3843695, 41.4781023 ], [ -71.3844467, 41.478227 ], [ -71.3845656, 41.4784189 ], [ -71.3845552, 41.4787389 ], [ -71.3846305, 41.4788191 ], [ -71.3846752, 41.4788667 ], [ -71.384672, 41.4788884 ], [ -71.3846442, 41.4790821 ], [ -71.3847389, 41.4791676 ], [ -71.3847026, 41.479331 ], [ -71.3846957, 41.4793624 ], [ -71.3846956, 41.4793628 ], [ -71.3846956, 41.479363 ], [ -71.3847043, 41.4794066 ], [ -71.3847934, 41.4798545 ], [ -71.3847834, 41.4798771 ], [ -71.3846958, 41.4800755 ], [ -71.3846954, 41.4800764 ], [ -71.3846975, 41.4800834 ], [ -71.3847513, 41.4802647 ], [ -71.384784, 41.4803749 ], [ -71.3847666, 41.4804491 ], [ -71.3847382, 41.4805698 ], [ -71.3848233, 41.4806724 ], [ -71.384737, 41.4809173 ], [ -71.3847261, 41.4809484 ], [ -71.384729, 41.4809544 ], [ -71.384781, 41.481063 ], [ -71.3847547, 41.481149 ], [ -71.3847071, 41.4813046 ], [ -71.3847254, 41.4814286 ], [ -71.3847613, 41.4816724 ], [ -71.3847196, 41.4818262 ], [ -71.3847042, 41.4818827 ], [ -71.3847265, 41.4819546 ], [ -71.384742, 41.4820044 ], [ -71.3847665, 41.4820833 ], [ -71.3847139, 41.4821955 ], [ -71.3846714, 41.482286 ], [ -71.3846692, 41.4822907 ], [ -71.3846773, 41.4822969 ], [ -71.3847608, 41.4823612 ], [ -71.3848743, 41.4831937 ], [ -71.3853205, 41.4841495 ], [ -71.3853163, 41.4841902 ], [ -71.3852994, 41.4843555 ], [ -71.3852714, 41.484629 ], [ -71.3853269, 41.4849521 ], [ -71.3853605, 41.4851476 ], [ -71.3853737, 41.4852247 ], [ -71.3855186, 41.4854277 ], [ -71.3855848, 41.485478 ], [ -71.3856821, 41.4855519 ], [ -71.3858699, 41.4856946 ], [ -71.3859158, 41.4857295 ], [ -71.3860057, 41.4857978 ], [ -71.386055, 41.4858799 ], [ -71.3860681, 41.4859016 ], [ -71.3861716, 41.4860739 ], [ -71.3862511, 41.4862063 ], [ -71.3862933, 41.4862765 ], [ -71.3863913, 41.4864397 ], [ -71.3863668, 41.4869354 ], [ -71.3862201, 41.4874946 ], [ -71.3860412, 41.4877745 ], [ -71.3857809, 41.4879859 ], [ -71.38478, 41.4884696 ], [ -71.3843155, 41.4885866 ], [ -71.3836904, 41.4887441 ], [ -71.3825522, 41.4888038 ], [ -71.3825329, 41.4888048 ], [ -71.3814443, 41.4887113 ], [ -71.3810829, 41.4886258 ], [ -71.3808348, 41.4883972 ], [ -71.3807497, 41.4883189 ], [ -71.3806549, 41.4882314 ], [ -71.3806283, 41.4881974 ], [ -71.3805383, 41.4880818 ], [ -71.3801891, 41.4876338 ], [ -71.3801887, 41.4876315 ], [ -71.3801589, 41.487459 ], [ -71.3798983, 41.4872131 ], [ -71.3798653, 41.487182 ], [ -71.3797326, 41.4870568 ], [ -71.3797053, 41.4870311 ], [ -71.3796225, 41.4869529 ], [ -71.3795811, 41.4868847 ], [ -71.3795418, 41.4868201 ], [ -71.3795153, 41.4867765 ], [ -71.3794529, 41.4866737 ], [ -71.3794303, 41.4866364 ], [ -71.3793266, 41.4864658 ], [ -71.3791687, 41.4862057 ], [ -71.379115, 41.4861173 ], [ -71.3790857, 41.486069 ], [ -71.3790854, 41.4860686 ], [ -71.379085, 41.4860356 ], [ -71.3790845, 41.4859942 ], [ -71.3790795, 41.4856181 ], [ -71.3790789, 41.4855722 ], [ -71.3790788, 41.485563 ], [ -71.3790555, 41.4854863 ], [ -71.3790534, 41.4854795 ], [ -71.3790355, 41.4854208 ], [ -71.3790252, 41.4853867 ], [ -71.3789125, 41.4850168 ], [ -71.3789082, 41.4850025 ], [ -71.378909, 41.484962 ], [ -71.3789166, 41.484563 ], [ -71.3789037, 41.4845053 ], [ -71.378835, 41.4841985 ], [ -71.3788162, 41.4841145 ], [ -71.3787187, 41.4839378 ], [ -71.3785745, 41.4836767 ], [ -71.3785655, 41.4836603 ], [ -71.3785657, 41.4836515 ], [ -71.3785694, 41.483528 ], [ -71.3785721, 41.4834381 ], [ -71.3783406, 41.4831632 ], [ -71.3782191, 41.4829243 ], [ -71.3782126, 41.4829116 ], [ -71.378039, 41.4825703 ], [ -71.3780325, 41.4825575 ], [ -71.3780219, 41.4817108 ], [ -71.3778687, 41.4812704 ], [ -71.3778762, 41.4812603 ], [ -71.3780542, 41.4810229 ], [ -71.3781359, 41.4809138 ], [ -71.3783328, 41.4803954 ], [ -71.3781142, 41.4802472 ], [ -71.3779408, 41.4801297 ], [ -71.3779157, 41.4801127 ], [ -71.3780483, 41.4796517 ], [ -71.3780623, 41.4796028 ], [ -71.3780796, 41.4795427 ], [ -71.3781491, 41.4793009 ], [ -71.378042, 41.4792536 ], [ -71.3776853, 41.4790962 ], [ -71.3776233, 41.4789949 ], [ -71.3775853, 41.4789329 ], [ -71.3775147, 41.4788177 ], [ -71.3771398, 41.4787345 ], [ -71.3771341, 41.4787155 ], [ -71.377104, 41.4786137 ], [ -71.3770511, 41.4784349 ], [ -71.376881, 41.4784764 ], [ -71.3768537, 41.4784831 ], [ -71.3767637, 41.478505 ], [ -71.3767632, 41.4785052 ], [ -71.3767628, 41.4785049 ], [ -71.3765529, 41.4783301 ], [ -71.3765536, 41.4783271 ], [ -71.3766136, 41.4780493 ], [ -71.3766068, 41.4779934 ], [ -71.3765878, 41.4778362 ], [ -71.3765599, 41.4776058 ] ] ] } },
{ "type": "Feature", "properties": { "RCID": 2381, "PRIM": 3, "GRUP": 2, "OBJL": 112, "RVER": 1, "AGEN": 550, "FIDN": 137984451, "FIDS": 8691, "LNAM": "0226083979C321F3", "RESTRN": [ "16" ], "INFORM": "40 CFR 140", "SCAMIN": 59999, "TXTDSC": "US412DDE.TXT", "SORDAT": "201306", "SORIND": "US,US,graph,Chart 13223" }, "geometry": { "type": "Polygon", "coordinates": [ [ [ -71.325, 41.5333487 ], [ -71.325, 41.5406301 ], [ -71.325, 41.5408841 ], [ -71.325, 41.5409096 ], [ -71.325, 41.5409838 ], [ -71.325, 41.5411861 ], [ -71.325, 41.5415441 ], [ -71.325, 41.5417272 ], [ -71.325, 41.5418711 ], [ -71.325, 41.5425444 ], [ -71.325, 41.5429961 ], [ -71.325, 41.543724 ], [ -71.325, 41.55 ], [ -71.3254601, 41.55 ], [ -71.3300945, 41.55 ], [ -71.3304242, 41.55 ], [ -71.3322868, 41.55 ], [ -71.3341493, 41.55 ], [ -71.3358549, 41.55 ], [ -71.3453638, 41.55 ], [ -71.3468388, 41.55 ], [ -71.3474563, 41.55 ], [ -71.3511514, 41.55 ], [ -71.3537382, 41.55 ], [ -71.3549942, 41.55 ], [ -71.3552577, 41.55 ], [ -71.3564117, 41.55 ], [ -71.3569978, 41.55 ], [ -71.3571627, 41.55 ], [ -71.3577223, 41.55 ], [ -71.3577585, 41.55 ], [ -71.3582376, 41.55 ], [ -71.3583652, 41.55 ], [ -71.3584587, 41.55 ], [ -71.3588181, 41.55 ], [ -71.358873, 41.55 ], [ -71.3590225, 41.55 ], [ -71.3590617, 41.55 ], [ -71.3590858, 41.55 ], [ -71.3591785, 41.55 ], [ -71.3592482, 41.55 ], [ -71.3598316, 41.55 ], [ -71.359987, 41.55 ], [ -71.3600492, 41.5498132 ], [ -71.3600842, 41.5495827 ], [ -71.3601108, 41.5493628 ], [ -71.3601929, 41.5488415 ], [ -71.3601827, 41.5485995 ], [ -71.3602514, 41.5483844 ], [ -71.3604735, 41.5479984 ], [ -71.3606506, 41.5476057 ], [ -71.3607147, 41.5474394 ], [ -71.3608093, 41.5472402 ], [ -71.3608891, 41.5470536 ], [ -71.3609911, 41.5468171 ], [ -71.3610767, 41.5466257 ], [ -71.3611618, 41.5463141 ], [ -71.3612231, 41.5461533 ], [ -71.3613614, 41.545891 ], [ -71.3614944, 41.5456778 ], [ -71.3618189, 41.5451552 ], [ -71.3619485, 41.5449583 ], [ -71.3622312, 41.5444832 ], [ -71.3623044, 41.5443449 ], [ -71.3624729, 41.5441184 ], [ -71.3626214, 41.5439152 ], [ -71.3627412, 41.5437886 ], [ -71.3628271, 41.5436975 ], [ -71.3629729, 41.5435181 ], [ -71.3631171, 41.5433148 ], [ -71.3632624, 41.5431455 ], [ -71.3634255, 41.5429315 ], [ -71.3635219, 41.5428056 ], [ -71.3636034, 41.5426991 ], [ -71.3636972, 41.5425884 ], [ -71.3638817, 41.5423709 ], [ -71.3640361, 41.5422072 ], [ -71.3641945, 41.5420636 ], [ -71.364363, 41.5419159 ], [ -71.3645639, 41.5417551 ], [ -71.3649456, 41.5414542 ], [ -71.3649802, 41.5413802 ], [ -71.3649909, 41.5413042 ], [ -71.3649403, 41.5412043 ], [ -71.3648738, 41.5411003 ], [ -71.364872, 41.5410488 ], [ -71.3648815, 41.540972 ], [ -71.365032, 41.5408067 ], [ -71.3650873, 41.5407223 ], [ -71.3651589, 41.5405879 ], [ -71.3651722, 41.5405339 ], [ -71.3651721, 41.5404568 ], [ -71.3651605, 41.5403831 ], [ -71.3651512, 41.5403195 ], [ -71.3651143, 41.5402258 ], [ -71.3650589, 41.54005 ], [ -71.3650281, 41.5399112 ], [ -71.3650219, 41.5395537 ], [ -71.3650054, 41.5391779 ], [ -71.3649896, 41.5391326 ], [ -71.3649397, 41.5390214 ], [ -71.3649025, 41.5388875 ], [ -71.3648706, 41.5386896 ], [ -71.3648525, 41.5385892 ], [ -71.3648271, 41.5382146 ], [ -71.3648053, 41.5379284 ], [ -71.3648044, 41.5378608 ], [ -71.3647635, 41.5377297 ], [ -71.3647258, 41.5376698 ], [ -71.3646907, 41.5376129 ], [ -71.3646667, 41.5375462 ], [ -71.3646611, 41.5374643 ], [ -71.3646685, 41.5374227 ], [ -71.3646741, 41.5373463 ], [ -71.3646593, 41.5372922 ], [ -71.3645872, 41.5371853 ], [ -71.3645142, 41.5370529 ], [ -71.3644154, 41.5369493 ], [ -71.3642916, 41.5367424 ], [ -71.3641955, 41.5365342 ], [ -71.3641623, 41.5364523 ], [ -71.3641216, 41.5362274 ], [ -71.3640828, 41.5361219 ], [ -71.3640163, 41.5360441 ], [ -71.3639719, 41.5359789 ], [ -71.3639424, 41.5359345 ], [ -71.3639424, 41.5357887 ], [ -71.3639635, 41.5355753 ], [ -71.3639442, 41.5354666 ], [ -71.3638572, 41.5352604 ], [ -71.3638267, 41.5351695 ], [ -71.3637762, 41.535073 ], [ -71.3637201, 41.5348925 ], [ -71.363694, 41.5348463 ], [ -71.3636432, 41.5347491 ], [ -71.3635605, 41.5346159 ], [ -71.3634846, 41.5345027 ], [ -71.3633906, 41.5343858 ], [ -71.3631828, 41.5341868 ], [ -71.3630334, 41.534041 ], [ -71.362836, 41.5338508 ], [ -71.3627917, 41.5338016 ], [ -71.362764, 41.5337333 ], [ -71.3627624, 41.5336558 ], [ -71.3627763, 41.5335748 ], [ -71.3627917, 41.5334105 ], [ -71.3627886, 41.5332636 ], [ -71.3627795, 41.5331149 ], [ -71.3627573, 41.5330192 ], [ -71.3626967, 41.5328133 ], [ -71.3625983, 41.5326373 ], [ -71.3625762, 41.5325897 ], [ -71.3625344, 41.5324994 ], [ -71.3625072, 41.5323715 ], [ -71.3625039, 41.5322117 ], [ -71.3625079, 41.5321304 ], [ -71.3624708, 41.5320413 ], [ -71.3624131, 41.5319104 ], [ -71.3623692, 41.5318196 ], [ -71.362273, 41.5316581 ], [ -71.3622225, 41.5315728 ], [ -71.3622287, 41.5315092 ], [ -71.3622656, 41.5314444 ], [ -71.3623087, 41.5313865 ], [ -71.3623272, 41.5313171 ], [ -71.3623257, 41.5312477 ], [ -71.3622991, 41.531162 ], [ -71.3622209, 41.5308608 ], [ -71.3621821, 41.5307302 ], [ -71.3621359, 41.5306372 ], [ -71.3621027, 41.5305658 ], [ -71.3621027, 41.5305192 ], [ -71.3621526, 41.5304623 ], [ -71.3621858, 41.5304081 ], [ -71.3622006, 41.5303609 ], [ -71.3621967, 41.5303023 ], [ -71.3621675, 41.5302257 ], [ -71.3620768, 41.5300888 ], [ -71.3620251, 41.5299847 ], [ -71.3620103, 41.5299028 ], [ -71.3619807, 41.5297778 ], [ -71.3619623, 41.5297028 ], [ -71.3618957, 41.5296056 ], [ -71.3618459, 41.529539 ], [ -71.3618145, 41.5294918 ], [ -71.3618145, 41.5293891 ], [ -71.3618274, 41.5292877 ], [ -71.3618465, 41.529161 ], [ -71.3618735, 41.5289833 ], [ -71.3619113, 41.5288726 ], [ -71.3619533, 41.5288091 ], [ -71.3619635, 41.5287597 ], [ -71.361967, 41.5286505 ], [ -71.3619368, 41.5286174 ], [ -71.3618922, 41.5285746 ], [ -71.361866, 41.528541 ], [ -71.3618195, 41.5284175 ], [ -71.3617286, 41.5283058 ], [ -71.3616998, 41.5282342 ], [ -71.3616333, 41.5280493 ], [ -71.3615889, 41.527956 ], [ -71.3615512, 41.5278377 ], [ -71.3614869, 41.5276194 ], [ -71.3615, 41.5273407 ], [ -71.3614682, 41.5271318 ], [ -71.3614625, 41.5270113 ], [ -71.3614404, 41.5268763 ], [ -71.3614257, 41.526807 ], [ -71.3613941, 41.5267673 ], [ -71.3612896, 41.5266963 ], [ -71.3612652, 41.5266547 ], [ -71.3612763, 41.5265731 ], [ -71.3613262, 41.5264313 ], [ -71.3613639, 41.5263575 ], [ -71.3613666, 41.5263364 ], [ -71.3613865, 41.5262365 ], [ -71.361366, 41.5261401 ], [ -71.3613364, 41.5260574 ], [ -71.3612755, 41.5260026 ], [ -71.3611735, 41.5259588 ], [ -71.3611065, 41.5259402 ], [ -71.3609975, 41.5259231 ], [ -71.3609385, 41.5259278 ], [ -71.3608966, 41.5259292 ], [ -71.3608598, 41.5259109 ], [ -71.3608364, 41.5258831 ], [ -71.3608217, 41.5258374 ], [ -71.3608206, 41.5257998 ], [ -71.3608317, 41.5257677 ], [ -71.3608523, 41.5257507 ], [ -71.360879, 41.5257353 ], [ -71.3609077, 41.5257312 ], [ -71.3609964, 41.5257302 ], [ -71.3611957, 41.525741 ], [ -71.3612252, 41.5257439 ], [ -71.3612679, 41.5257522 ], [ -71.3613381, 41.5257679 ], [ -71.361394, 41.5257668 ], [ -71.3614257, 41.5257678 ], [ -71.3614598, 41.5257701 ], [ -71.3614632, 41.5257703 ], [ -71.3615098, 41.5257688 ], [ -71.361567, 41.5257551 ], [ -71.3616343, 41.5257498 ], [ -71.3616854, 41.5257218 ], [ -71.3617122, 41.5257008 ], [ -71.3617443, 41.5256758 ], [ -71.3617545, 41.5256656 ], [ -71.3617849, 41.5256351 ], [ -71.3618517, 41.525587 ], [ -71.3618604, 41.5255752 ], [ -71.3619514, 41.525452 ], [ -71.3620003, 41.5253478 ], [ -71.3620239, 41.5252861 ], [ -71.362029, 41.525163 ], [ -71.362043, 41.5250352 ], [ -71.3620242, 41.5248792 ], [ -71.3620176, 41.5247822 ], [ -71.3620206, 41.5246761 ], [ -71.3620209, 41.5246645 ], [ -71.3620004, 41.5246059 ], [ -71.3619923, 41.5245809 ], [ -71.3620066, 41.5245592 ], [ -71.3620359, 41.5245208 ], [ -71.362054, 41.5244506 ], [ -71.3620683, 41.5244279 ], [ -71.362029, 41.5242592 ], [ -71.3619724, 41.5242179 ], [ -71.3619478, 41.5242131 ], [ -71.3619756, 41.5241773 ], [ -71.3619891, 41.5241599 ], [ -71.3620203, 41.5241601 ], [ -71.3620205, 41.5241367 ], [ -71.3620555, 41.5240241 ], [ -71.3620708, 41.5238837 ], [ -71.362093, 41.5234338 ], [ -71.3621254, 41.5232635 ], [ -71.3621673, 41.5231644 ], [ -71.3622188, 41.5230812 ], [ -71.3622378, 41.5230361 ], [ -71.3622551, 41.5229451 ], [ -71.3622368, 41.5228681 ], [ -71.3622147, 41.5228138 ], [ -71.3622151, 41.52278 ], [ -71.3622223, 41.5226998 ], [ -71.3622423, 41.5226061 ], [ -71.3622669, 41.5225321 ], [ -71.362286, 41.5225085 ], [ -71.3623313, 41.5224528 ], [ -71.3623826, 41.5224061 ], [ -71.3624608, 41.5223649 ], [ -71.3625553, 41.5223126 ], [ -71.3626029, 41.5222781 ], [ -71.3626639, 41.522224 ], [ -71.3627, 41.5221641 ], [ -71.3627236, 41.5221301 ], [ -71.3627756, 41.5219472 ], [ -71.3628176, 41.5217062 ], [ -71.3628421, 41.5216321 ], [ -71.36286, 41.5215489 ], [ -71.362883, 41.5213302 ], [ -71.3628663, 41.5211825 ], [ -71.3629113, 41.5210335 ], [ -71.362912, 41.5209513 ], [ -71.3628988, 41.520893 ], [ -71.362867, 41.5208269 ], [ -71.3628252, 41.5207393 ], [ -71.3628388, 41.5206948 ], [ -71.3628395, 41.5206924 ], [ -71.362865, 41.5206662 ], [ -71.3629249, 41.5206405 ], [ -71.3629557, 41.5205853 ], [ -71.3629886, 41.5204875 ], [ -71.3629908, 41.5203866 ], [ -71.3629534, 41.5202499 ], [ -71.3629112, 41.5201376 ], [ -71.3628698, 41.5200609 ], [ -71.3628077, 41.5199722 ], [ -71.3628728, 41.5199475 ], [ -71.3629528, 41.519927 ], [ -71.3630327, 41.5199058 ], [ -71.3631138, 41.5198575 ], [ -71.3631733, 41.5197749 ], [ -71.3631812, 41.5197632 ], [ -71.363221, 41.5196713 ], [ -71.36322, 41.5196092 ], [ -71.3632229, 41.519581 ], [ -71.3632387, 41.5195507 ], [ -71.3633104, 41.519534 ], [ -71.3633532, 41.5195143 ], [ -71.3634016, 41.5194711 ], [ -71.363416, 41.5194582 ], [ -71.3634417, 41.5194287 ], [ -71.3634774, 41.519369 ], [ -71.3634987, 41.5193108 ], [ -71.363506, 41.5192278 ], [ -71.3635068, 41.5192193 ], [ -71.3634943, 41.5190947 ], [ -71.363502, 41.5189847 ], [ -71.3635081, 41.5189352 ], [ -71.3635841, 41.5188767 ], [ -71.3636475, 41.5188433 ], [ -71.363695, 41.5187804 ], [ -71.3637233, 41.5187096 ], [ -71.3637317, 41.5186484 ], [ -71.3637207, 41.5185738 ], [ -71.3637319, 41.5185097 ], [ -71.3637795, 41.5184771 ], [ -71.363839, 41.5184536 ], [ -71.3638663, 41.5184235 ], [ -71.3639096, 41.51834 ], [ -71.3639124, 41.5182857 ], [ -71.3639378, 41.5182416 ], [ -71.3639642, 41.5182289 ], [ -71.3640747, 41.5182247 ], [ -71.3641442, 41.5182165 ], [ -71.36423, 41.5181321 ], [ -71.3643587, 41.5179979 ], [ -71.3643836, 41.5179655 ], [ -71.3644944, 41.5178637 ], [ -71.3645186, 41.5177917 ], [ -71.3645376, 41.5177277 ], [ -71.3646671, 41.5177259 ], [ -71.36482, 41.5177238 ], [ -71.3649741, 41.5176742 ], [ -71.3651359, 41.5174828 ], [ -71.3651413, 41.5174687 ], [ -71.3651421, 41.5174668 ], [ -71.3652397, 41.5172147 ], [ -71.3654196, 41.51675 ], [ -71.3654761, 41.5165472 ], [ -71.3655193, 41.5164542 ], [ -71.3655251, 41.5163749 ], [ -71.3655588, 41.515917 ], [ -71.3657236, 41.5158552 ], [ -71.3658149, 41.5156911 ], [ -71.365824, 41.5152851 ], [ -71.3658421, 41.5152466 ], [ -71.3659314, 41.5150576 ], [ -71.3658834, 41.5148543 ], [ -71.365745, 41.514269 ], [ -71.3660979, 41.5142629 ], [ -71.3663355, 41.5141302 ], [ -71.3663586, 41.513797 ], [ -71.366236, 41.5131638 ], [ -71.3660658, 41.5128258 ], [ -71.3660531, 41.5128056 ], [ -71.3659414, 41.5126443 ], [ -71.3658359, 41.5124859 ], [ -71.3657657, 41.51239 ], [ -71.3648352, 41.5111398 ], [ -71.364576, 41.5108966 ], [ -71.3635837, 41.5103727 ], [ -71.3622006, 41.5098425 ], [ -71.3621428, 41.5098443 ], [ -71.3620815, 41.5098462 ], [ -71.3619089, 41.5098673 ], [ -71.3617249, 41.5099016 ], [ -71.3604099, 41.5106511 ], [ -71.3598542, 41.5107902 ], [ -71.3595514, 41.5107507 ], [ -71.3593888, 41.5106635 ], [ -71.3591854, 41.5103563 ], [ -71.3590594, 41.5101661 ], [ -71.3586183, 41.5098749 ], [ -71.3585043, 41.5096912 ], [ -71.3582179, 41.5092294 ], [ -71.3581444, 41.5091109 ], [ -71.3579456, 41.5087905 ], [ -71.3578507, 41.5082421 ], [ -71.3578506, 41.5082414 ], [ -71.3578572, 41.5081202 ], [ -71.3578687, 41.5079098 ], [ -71.3579921, 41.5077407 ], [ -71.3581319, 41.5075492 ], [ -71.3582087, 41.5072207 ], [ -71.3582106, 41.5072128 ], [ -71.3582329, 41.5071173 ], [ -71.3582413, 41.5070817 ], [ -71.3582448, 41.5070668 ], [ -71.3583484, 41.5066237 ], [ -71.3583766, 41.5065034 ], [ -71.3583928, 41.5064756 ], [ -71.3585835, 41.5061484 ], [ -71.3587073, 41.505665 ], [ -71.3587785, 41.5052453 ], [ -71.3587566, 41.5050239 ], [ -71.3587176, 41.5046273 ], [ -71.3590819, 41.5044826 ], [ -71.3592738, 41.5043046 ], [ -71.3593538, 41.5040432 ], [ -71.3593736, 41.5039784 ], [ -71.3594321, 41.5037874 ], [ -71.3594928, 41.5035891 ], [ -71.3598829, 41.5031432 ], [ -71.3601143, 41.502956 ], [ -71.3604288, 41.5027908 ], [ -71.3609858, 41.5024981 ], [ -71.3611657, 41.5024035 ], [ -71.3614377, 41.5023998 ], [ -71.3615406, 41.5023851 ], [ -71.3615519, 41.5023812 ], [ -71.3618524, 41.5022809 ], [ -71.3620121, 41.5022054 ], [ -71.3622219, 41.5020801 ], [ -71.3623729, 41.5019839 ], [ -71.3624002, 41.5019665 ], [ -71.3625483, 41.5019034 ], [ -71.3627898, 41.5018148 ], [ -71.3629261, 41.5017522 ], [ -71.3631712, 41.5016396 ], [ -71.363781, 41.5012341 ], [ -71.3644504, 41.5004872 ], [ -71.3645127, 41.5004656 ], [ -71.3646883, 41.5004045 ], [ -71.364963, 41.500135 ], [ -71.3651761, 41.4998696 ], [ -71.3652173, 41.4998076 ], [ -71.3652991, 41.4996841 ], [ -71.3653719, 41.4995811 ], [ -71.3654417, 41.4994977 ], [ -71.365577, 41.4994078 ], [ -71.3657615, 41.4993475 ], [ -71.3660095, 41.499211 ], [ -71.3660875, 41.4991501 ], [ -71.3662219, 41.4990253 ], [ -71.3663101, 41.4988603 ], [ -71.3665525, 41.498407 ], [ -71.3667035, 41.49786 ], [ -71.3667129, 41.4971672 ], [ -71.3667142, 41.4970714 ], [ -71.3667185, 41.4967518 ], [ -71.3665789, 41.4965217 ], [ -71.3665788, 41.4965216 ], [ -71.3664544, 41.4965095 ], [ -71.3664555, 41.4964504 ], [ -71.3664569, 41.4963661 ], [ -71.3664579, 41.4963075 ], [ -71.3664599, 41.4961921 ], [ -71.3665845, 41.4961892 ], [ -71.3668245, 41.4961735 ], [ -71.3666625, 41.4958341 ], [ -71.366377, 41.4958243 ], [ -71.3663043, 41.4958218 ], [ -71.3662934, 41.495809 ], [ -71.3661338, 41.4956215 ], [ -71.3663288, 41.4957086 ], [ -71.3664988, 41.4956295 ], [ -71.3665299, 41.495615 ], [ -71.3665315, 41.4955091 ], [ -71.3665573, 41.4955092 ], [ -71.3667082, 41.4955094 ], [ -71.3668732, 41.4955474 ], [ -71.367012, 41.4951259 ], [ -71.3669479, 41.494652 ], [ -71.3663635, 41.4937553 ], [ -71.3663576, 41.4937462 ], [ -71.3657147, 41.4927597 ], [ -71.3656839, 41.4927123 ], [ -71.3655455, 41.4925327 ], [ -71.3654042, 41.492364 ], [ -71.3653386, 41.492318 ], [ -71.3652536, 41.4922376 ], [ -71.3652431, 41.4922277 ], [ -71.3651486, 41.4921383 ], [ -71.3650377, 41.491984 ], [ -71.3649224, 41.4918233 ], [ -71.3648608, 41.4914769 ], [ -71.3647224, 41.4912046 ], [ -71.364679, 41.4911192 ], [ -71.3642394, 41.4905835 ], [ -71.3638427, 41.4902563 ], [ -71.3637807, 41.4901445 ], [ -71.363727, 41.4899998 ], [ -71.3636451, 41.4898947 ], [ -71.363204, 41.489505 ], [ -71.3630684, 41.4893851 ], [ -71.3630659, 41.4893629 ], [ -71.363022, 41.488963 ], [ -71.3629897, 41.4886691 ], [ -71.3629649, 41.4884437 ], [ -71.3629455, 41.4884103 ], [ -71.3628377, 41.4882246 ], [ -71.3628053, 41.4881688 ], [ -71.362771, 41.4881098 ], [ -71.36277, 41.488108 ], [ -71.3627686, 41.4881056 ], [ -71.362726, 41.4880323 ], [ -71.3626234, 41.4878556 ], [ -71.3625677, 41.4877597 ], [ -71.3625361, 41.4877052 ], [ -71.3625151, 41.4876691 ], [ -71.362472, 41.4875949 ], [ -71.3623674, 41.4875163 ], [ -71.3621769, 41.4873734 ], [ -71.3621124, 41.4873249 ], [ -71.3620144, 41.4872514 ], [ -71.3612333, 41.4868207 ], [ -71.3609363, 41.4866569 ], [ -71.3607264, 41.4865412 ], [ -71.3605944, 41.4864684 ], [ -71.3605501, 41.4864439 ], [ -71.3604751, 41.4864026 ], [ -71.3604639, 41.4862204 ], [ -71.3608538, 41.4855055 ], [ -71.3608869, 41.4853842 ], [ -71.3608924, 41.485364 ], [ -71.3607936, 41.4851062 ], [ -71.3607407, 41.4850668 ], [ -71.3601409, 41.48462 ], [ -71.3600736, 41.4844858 ], [ -71.3601592, 41.4843138 ], [ -71.3601466, 41.4842674 ], [ -71.3600948, 41.4840756 ], [ -71.3606712, 41.4834441 ], [ -71.3606741, 41.4831526 ], [ -71.3602855, 41.4827549 ], [ -71.3601128, 41.4826394 ], [ -71.3599557, 41.4826283 ], [ -71.3599328, 41.4826266 ], [ -71.3600886, 41.4825364 ], [ -71.3599962, 41.4824807 ], [ -71.3596231, 41.4822905 ], [ -71.3594333, 41.4823147 ], [ -71.359318, 41.4824634 ], [ -71.3592556, 41.4824302 ], [ -71.3591953, 41.4823982 ], [ -71.3594495, 41.4820785 ], [ -71.3592699, 41.4819552 ], [ -71.3587432, 41.4815936 ], [ -71.357844, 41.481252 ], [ -71.3572242, 41.4810166 ], [ -71.3569929, 41.480988 ], [ -71.3567335, 41.4811197 ], [ -71.3564264, 41.4812757 ], [ -71.3559494, 41.4812874 ], [ -71.3558707, 41.4810701 ], [ -71.3556403, 41.4808348 ], [ -71.3555165, 41.4807084 ], [ -71.3550819, 41.4806581 ], [ -71.3549349, 41.4807282 ], [ -71.3547919, 41.4806207 ], [ -71.3548423, 41.4804914 ], [ -71.3547304, 41.4803694 ], [ -71.3548037, 41.4802608 ], [ -71.3548897, 41.4801334 ], [ -71.3548565, 41.4800708 ], [ -71.3548503, 41.4800592 ], [ -71.3549929, 41.4798669 ], [ -71.3553081, 41.4796604 ], [ -71.3562112, 41.4794 ], [ -71.3562326, 41.4794972 ], [ -71.356407, 41.4794888 ], [ -71.3564246, 41.4796903 ], [ -71.3565215, 41.4796162 ], [ -71.3565806, 41.4795709 ], [ -71.3567343, 41.4794532 ], [ -71.3568561, 41.4794977 ], [ -71.3570758, 41.4797629 ], [ -71.3571547, 41.4797621 ], [ -71.3574087, 41.4797594 ], [ -71.3576137, 41.4796781 ], [ -71.3577204, 41.4795594 ], [ -71.3577281, 41.4795282 ], [ -71.3578191, 41.4791592 ], [ -71.3578425, 41.4790642 ], [ -71.3578614, 41.4789873 ], [ -71.3578544, 41.4789735 ], [ -71.3578095, 41.4788857 ], [ -71.3577456, 41.4788657 ], [ -71.3577329, 41.4788617 ], [ -71.3576968, 41.4788503 ], [ -71.3574781, 41.4788456 ], [ -71.3574683, 41.4788454 ], [ -71.3571825, 41.4788382 ], [ -71.3570716, 41.4788355 ], [ -71.3570792, 41.4789665 ], [ -71.3569756, 41.4789639 ], [ -71.3568776, 41.4789614 ], [ -71.3569158, 41.4788365 ], [ -71.3569871, 41.4786034 ], [ -71.3570841, 41.4782715 ], [ -71.3572955, 41.4783029 ], [ -71.3575393, 41.4782919 ], [ -71.3577296, 41.4777596 ], [ -71.3578669, 41.4776348 ], [ -71.3577749, 41.4774825 ], [ -71.3577344, 41.4774154 ], [ -71.3579055, 41.4774364 ], [ -71.3580257, 41.4774512 ], [ -71.3582474, 41.4773222 ], [ -71.3582372, 41.477145 ], [ -71.3585083, 41.4771189 ], [ -71.3585976, 41.4771822 ], [ -71.3589146, 41.4774069 ], [ -71.3589745, 41.4771571 ], [ -71.3591443, 41.4771163 ], [ -71.3592491, 41.4772407 ], [ -71.3593752, 41.4773905 ], [ -71.3592869, 41.4777606 ], [ -71.3595008, 41.4778581 ], [ -71.3595014, 41.4780156 ], [ -71.359457, 41.4780473 ], [ -71.3593679, 41.478111 ], [ -71.358844, 41.4784854 ], [ -71.3586244, 41.4788502 ], [ -71.3587358, 41.4789896 ], [ -71.3589044, 41.4789912 ], [ -71.3591605, 41.4791768 ], [ -71.359457, 41.4791594 ], [ -71.3597041, 41.4790655 ], [ -71.3598594, 41.4788931 ], [ -71.3603332, 41.4788356 ], [ -71.3603694, 41.4787134 ], [ -71.3602855, 41.4785903 ], [ -71.3604913, 41.4783962 ], [ -71.3607122, 41.4777537 ], [ -71.36109, 41.4775655 ], [ -71.3611978, 41.4775721 ], [ -71.3613267, 41.4775801 ], [ -71.3613686, 41.4775827 ], [ -71.3613857, 41.4776188 ], [ -71.3614264, 41.4777046 ], [ -71.3612124, 41.4778952 ], [ -71.3615116, 41.4778878 ], [ -71.3615506, 41.4778868 ], [ -71.3615592, 41.4779087 ], [ -71.3616145, 41.4780504 ], [ -71.3614944, 41.4784237 ], [ -71.3614786, 41.4784729 ], [ -71.3614694, 41.4785014 ], [ -71.3614839, 41.4786639 ], [ -71.3612088, 41.4788692 ], [ -71.3612037, 41.478885 ], [ -71.361185, 41.4789433 ], [ -71.3611605, 41.4790193 ], [ -71.3610882, 41.4790697 ], [ -71.3610622, 41.4790878 ], [ -71.3608958, 41.4792039 ], [ -71.3610858, 41.4794735 ], [ -71.3615199, 41.4796045 ], [ -71.3617777, 41.4795181 ], [ -71.3618125, 41.4794167 ], [ -71.3616833, 41.4792958 ], [ -71.3619119, 41.4791614 ], [ -71.3623351, 41.4791928 ], [ -71.3624305, 41.4790071 ], [ -71.362564, 41.4790143 ], [ -71.3626317, 41.4789194 ], [ -71.362561, 41.4788073 ], [ -71.362577, 41.4786366 ], [ -71.3624898, 41.4785615 ], [ -71.3625226, 41.478484 ], [ -71.3633613, 41.478096 ], [ -71.3633804, 41.4780087 ], [ -71.3638538, 41.4777117 ], [ -71.3638288, 41.4775151 ], [ -71.3633856, 41.4773564 ], [ -71.3633788, 41.477354 ], [ -71.3633825, 41.477346 ], [ -71.3634306, 41.4772437 ], [ -71.3634819, 41.4771347 ], [ -71.3640382, 41.4767993 ], [ -71.3641032, 41.4768748 ], [ -71.3640891, 41.4769753 ], [ -71.3641119, 41.4769823 ], [ -71.3641983, 41.4770088 ], [ -71.3642014, 41.4770097 ], [ -71.3643131, 41.4767836 ], [ -71.3645189, 41.4767025 ], [ -71.3649903, 41.4768398 ], [ -71.3651366, 41.476944 ], [ -71.365273, 41.4770411 ], [ -71.3655651, 41.4770117 ], [ -71.3658228, 41.476892 ], [ -71.365836, 41.4768859 ], [ -71.365837, 41.4768997 ], [ -71.365853, 41.4771094 ], [ -71.3659976, 41.4769945 ], [ -71.3660429, 41.4769585 ], [ -71.3660764, 41.4770314 ], [ -71.3660926, 41.4770666 ], [ -71.3661004, 41.4770837 ], [ -71.3661576, 41.4772083 ], [ -71.3662359, 41.4773787 ], [ -71.3662289, 41.4775526 ], [ -71.3662941, 41.4775489 ], [ -71.3663626, 41.477545 ], [ -71.3664151, 41.4775421 ], [ -71.3665172, 41.4772961 ], [ -71.3669018, 41.4772448 ], [ -71.3667603, 41.477422 ], [ -71.3670433, 41.4774308 ], [ -71.3670681, 41.4774315 ], [ -71.3670435, 41.4775408 ], [ -71.3670884, 41.4776179 ], [ -71.3671135, 41.4776609 ], [ -71.3674472, 41.4777112 ], [ -71.3674721, 41.477715 ], [ -71.3674754, 41.4777165 ], [ -71.3677837, 41.4778649 ], [ -71.3679386, 41.4777815 ], [ -71.3681078, 41.4777903 ], [ -71.3682571, 41.4779306 ], [ -71.368438, 41.4779686 ], [ -71.3684758, 41.4779447 ], [ -71.3686123, 41.4778585 ], [ -71.3686911, 41.4777064 ], [ -71.3689163, 41.4778039 ], [ -71.368978, 41.4777892 ], [ -71.3691372, 41.4777512 ], [ -71.3691547, 41.4777808 ], [ -71.3692421, 41.4779285 ], [ -71.3693555, 41.4779117 ], [ -71.3695573, 41.4778817 ], [ -71.3696099, 41.4778739 ], [ -71.3701453, 41.4780128 ], [ -71.3703654, 41.4779566 ], [ -71.370576, 41.4780667 ], [ -71.370652, 41.4779272 ], [ -71.3706618, 41.4779094 ], [ -71.370813, 41.4780909 ], [ -71.370846, 41.4781307 ], [ -71.3709555, 41.4780736 ], [ -71.3709924, 41.4779205 ], [ -71.3711132, 41.4780037 ], [ -71.3714195, 41.477887 ], [ -71.3716397, 41.4779242 ], [ -71.371659, 41.4777198 ], [ -71.3716611, 41.4776977 ], [ -71.3716867, 41.4777043 ], [ -71.3718647, 41.47775 ], [ -71.3723463, 41.477567 ], [ -71.3722809, 41.4774886 ], [ -71.3722, 41.4773916 ], [ -71.3722075, 41.4773768 ], [ -71.3724476, 41.4769033 ], [ -71.3726562, 41.4768148 ], [ -71.3726981, 41.4768203 ], [ -71.3728746, 41.4768436 ], [ -71.3729275, 41.4767977 ], [ -71.3730631, 41.4766803 ], [ -71.3730976, 41.4766009 ], [ -71.3731106, 41.4765709 ], [ -71.3730882, 41.4765131 ], [ -71.3729992, 41.4762839 ], [ -71.3729213, 41.4762392 ], [ -71.3730633, 41.4761346 ], [ -71.3731039, 41.4761047 ], [ -71.3729957, 41.4760345 ], [ -71.3729001, 41.4759725 ], [ -71.3728596, 41.4758642 ], [ -71.3728093, 41.4757299 ], [ -71.3728014, 41.4757089 ], [ -71.3727724, 41.4756315 ], [ -71.3727722, 41.4752605 ], [ -71.3729296, 41.475 ], [ -71.3726909, 41.475 ], [ -71.3726813, 41.475 ], [ -71.3726688, 41.475 ], [ -71.37257, 41.475 ], [ -71.372556, 41.475 ], [ -71.3724832, 41.475 ], [ -71.3724073, 41.475 ], [ -71.3723482, 41.475 ], [ -71.3723292, 41.475 ], [ -71.371524, 41.475 ], [ -71.3714993, 41.475 ], [ -71.3714507, 41.475 ], [ -71.3710105, 41.475 ], [ -71.3709681, 41.475 ], [ -71.3708965, 41.475 ], [ -71.3689218, 41.475 ], [ -71.3688739, 41.475 ], [ -71.3683126, 41.475 ], [ -71.368039, 41.475 ], [ -71.3679581, 41.475 ], [ -71.365305, 41.475 ], [ -71.3653043, 41.475 ], [ -71.3648634, 41.475 ], [ -71.3643373, 41.475 ], [ -71.3574015, 41.475 ], [ -71.3563217, 41.475 ], [ -71.3535798, 41.475 ], [ -71.3503533, 41.475 ], [ -71.3467523, 41.475 ], [ -71.3452965, 41.475 ], [ -71.3452649, 41.475 ], [ -71.3449927, 41.475 ], [ -71.3448818, 41.475 ], [ -71.3448712, 41.475 ], [ -71.3444369, 41.475 ], [ -71.3443964, 41.475 ], [ -71.3442106, 41.475 ], [ -71.3439995, 41.475 ], [ -71.3438373, 41.475 ], [ -71.3437945, 41.475 ], [ -71.3437415, 41.475 ], [ -71.343495, 41.475 ], [ -71.3434375, 41.475 ], [ -71.3433141, 41.475 ], [ -71.3433012, 41.475 ], [ -71.3430148, 41.475 ], [ -71.3429614, 41.4750726 ], [ -71.3429003, 41.4751556 ], [ -71.3428907, 41.4751566 ], [ -71.3426152, 41.475185 ], [ -71.3423265, 41.4753656 ], [ -71.3420398, 41.4757063 ], [ -71.3420311, 41.4758221 ], [ -71.3417796, 41.476175 ], [ -71.3415849, 41.4762588 ], [ -71.3414992, 41.4763291 ], [ -71.3413604, 41.4764661 ], [ -71.3413411, 41.4764914 ], [ -71.3413135, 41.4765275 ], [ -71.3412034, 41.4768902 ], [ -71.3411962, 41.4770436 ], [ -71.3411689, 41.4771399 ], [ -71.3410907, 41.4772261 ], [ -71.3409793, 41.4772901 ], [ -71.3409057, 41.4773415 ], [ -71.3407481, 41.4774778 ], [ -71.3405843, 41.4776238 ], [ -71.3404891, 41.477712 ], [ -71.3403369, 41.4778661 ], [ -71.3401451, 41.4780431 ], [ -71.3400129, 41.4781961 ], [ -71.3397755, 41.4783443 ], [ -71.3396921, 41.4784001 ], [ -71.3395418, 41.4785522 ], [ -71.3394378, 41.4786401 ], [ -71.3392935, 41.4787696 ], [ -71.3389432, 41.4792016 ], [ -71.3388702, 41.4793668 ], [ -71.3386896, 41.4798248 ], [ -71.3386533, 41.479956 ], [ -71.3386219, 41.4800916 ], [ -71.3385822, 41.4801956 ], [ -71.3385335, 41.4802949 ], [ -71.3384704, 41.4804119 ], [ -71.3383519, 41.4806534 ], [ -71.3383076, 41.4807275 ], [ -71.3382063, 41.4808395 ], [ -71.338058, 41.4809356 ], [ -71.3378967, 41.4810134 ], [ -71.3377844, 41.4810821 ], [ -71.3376848, 41.4811885 ], [ -71.337641, 41.4812584 ], [ -71.3373517, 41.4817851 ], [ -71.3367047, 41.4817905 ], [ -71.3367009, 41.4816632 ], [ -71.3366983, 41.4815794 ], [ -71.3369091, 41.4815726 ], [ -71.3373076, 41.481567 ], [ -71.3374576, 41.4812745 ], [ -71.3375927, 41.4810712 ], [ -71.3376216, 41.4809186 ], [ -71.3375159, 41.4808072 ], [ -71.3371027, 41.4807586 ], [ -71.3370084, 41.4807907 ], [ -71.3368386, 41.4808489 ], [ -71.3367852, 41.4809168 ], [ -71.3368121, 41.4810719 ], [ -71.3368322, 41.4812178 ], [ -71.3368379, 41.4814532 ], [ -71.3366953, 41.4814591 ], [ -71.3366793, 41.4811407 ], [ -71.3366664, 41.4809025 ], [ -71.3366486, 41.4808364 ], [ -71.336625, 41.4807489 ], [ -71.3366123, 41.480702 ], [ -71.3365745, 41.4806328 ], [ -71.3365274, 41.4805465 ], [ -71.336516, 41.4805401 ], [ -71.3362147, 41.4803706 ], [ -71.3362121, 41.4803691 ], [ -71.3360906, 41.4802982 ], [ -71.3360194, 41.4801094 ], [ -71.3358589, 41.4796852 ], [ -71.335798, 41.47957 ], [ -71.335707, 41.4795044 ], [ -71.3355753, 41.4794653 ], [ -71.3354383, 41.4794521 ], [ -71.3354065, 41.4794461 ], [ -71.3353186, 41.4794297 ], [ -71.3353129, 41.479401 ], [ -71.3352911, 41.4792915 ], [ -71.3352144, 41.4789054 ], [ -71.3352072, 41.4788693 ], [ -71.3352065, 41.4788658 ], [ -71.3352957, 41.4787427 ], [ -71.3352911, 41.4786658 ], [ -71.3352837, 41.4785393 ], [ -71.3352712, 41.4784435 ], [ -71.3352604, 41.4783615 ], [ -71.3352402, 41.4781469 ], [ -71.3352333, 41.4779973 ], [ -71.3352332, 41.4779938 ], [ -71.3352325, 41.4779839 ], [ -71.3352302, 41.4779534 ], [ -71.3352115, 41.4777003 ], [ -71.3351846, 41.477388 ], [ -71.3351772, 41.4773022 ], [ -71.3351509, 41.4771108 ], [ -71.3351351, 41.4768898 ], [ -71.3350928, 41.4765435 ], [ -71.3350903, 41.4765233 ], [ -71.3350792, 41.4764134 ], [ -71.3350791, 41.4764122 ], [ -71.3350789, 41.47641 ], [ -71.3350765, 41.4763864 ], [ -71.3350712, 41.4763093 ], [ -71.3350695, 41.4762848 ], [ -71.3350763, 41.4761515 ], [ -71.3351073, 41.4760545 ], [ -71.3351766, 41.4759414 ], [ -71.3352665, 41.4758545 ], [ -71.3353519, 41.4757989 ], [ -71.3355001, 41.4757186 ], [ -71.3357402, 41.4755745 ], [ -71.3358795, 41.4754892 ], [ -71.3360143, 41.4754018 ], [ -71.3361791, 41.4752878 ], [ -71.3363489, 41.4751637 ], [ -71.3364597, 41.4750638 ], [ -71.3364967, 41.475 ], [ -71.3356419, 41.475 ], [ -71.3355982, 41.475 ], [ -71.3355813, 41.475 ], [ -71.3355807, 41.475 ], [ -71.3349194, 41.475 ], [ -71.334816, 41.475 ], [ -71.3326361, 41.475 ], [ -71.3325491, 41.475 ], [ -71.3311142, 41.475 ], [ -71.3309524, 41.475 ], [ -71.3299921, 41.475 ], [ -71.3299057, 41.475 ], [ -71.3280597, 41.475 ], [ -71.3277626, 41.475 ], [ -71.3272436, 41.475 ], [ -71.3270717, 41.475 ], [ -71.3268824, 41.475 ], [ -71.3266249, 41.475 ], [ -71.3266189, 41.475 ], [ -71.3253681, 41.475 ], [ -71.3253511, 41.4750253 ], [ -71.3250172, 41.4752154 ], [ -71.325, 41.4752252 ], [ -71.325, 41.4762467 ], [ -71.325, 41.4762707 ], [ -71.325, 41.476585 ], [ -71.325, 41.476739 ], [ -71.325, 41.4770455 ], [ -71.325, 41.4772394 ], [ -71.325, 41.4774418 ], [ -71.325, 41.4775103 ], [ -71.325, 41.4776387 ], [ -71.325, 41.477681 ], [ -71.325, 41.4783564 ], [ -71.325, 41.4787801 ], [ -71.325, 41.479249 ], [ -71.325, 41.4792795 ], [ -71.325, 41.4794286 ], [ -71.325, 41.4796246 ], [ -71.325, 41.4797801 ], [ -71.325, 41.4800042 ], [ -71.325, 41.4807553 ], [ -71.325, 41.4812385 ], [ -71.325, 41.4880773 ], [ -71.325, 41.488146 ], [ -71.325, 41.4910667 ], [ -71.325, 41.4912317 ], [ -71.325, 41.4913104 ], [ -71.325, 41.4913294 ], [ -71.325, 41.4913358 ], [ -71.325, 41.4913983 ], [ -71.325, 41.4966245 ], [ -71.325, 41.4995806 ], [ -71.325, 41.4997406 ], [ -71.325, 41.5005452 ], [ -71.325, 41.5006959 ], [ -71.325, 41.5015538 ], [ -71.325, 41.5023328 ], [ -71.325, 41.5025841 ], [ -71.325, 41.5027594 ], [ -71.325, 41.5028358 ], [ -71.325, 41.504094 ], [ -71.325, 41.5048139 ], [ -71.325, 41.5052746 ], [ -71.325, 41.5057324 ], [ -71.325, 41.5057465 ], [ -71.325, 41.5059483 ], [ -71.325, 41.5061614 ], [ -71.325, 41.5064448 ], [ -71.325, 41.5065638 ], [ -71.325, 41.5070773 ], [ -71.3252245, 41.5066303 ], [ -71.3252314, 41.5066145 ], [ -71.325276, 41.5065116 ], [ -71.3252811, 41.5064998 ], [ -71.3252911, 41.5065017 ], [ -71.3257946, 41.5065978 ], [ -71.3258558, 41.5066095 ], [ -71.3259902, 41.506637 ], [ -71.3259907, 41.5066371 ], [ -71.3266737, 41.5067769 ], [ -71.3268211, 41.5064651 ], [ -71.3269841, 41.5061511 ], [ -71.3270529, 41.5060076 ], [ -71.3269254, 41.5059315 ], [ -71.3269384, 41.5059063 ], [ -71.3269898, 41.5058067 ], [ -71.3271157, 41.5058372 ], [ -71.3271322, 41.5058412 ], [ -71.3271977, 41.505712 ], [ -71.3272401, 41.5056259 ], [ -71.3272857, 41.5055326 ], [ -71.3273368, 41.5054318 ], [ -71.3273757, 41.5053553 ], [ -71.327408, 41.5052919 ], [ -71.327442, 41.5052196 ], [ -71.3274553, 41.5051913 ], [ -71.3274243, 41.5050728 ], [ -71.3272607, 41.5049841 ], [ -71.3272448, 41.5049756 ], [ -71.3270777, 41.5048856 ], [ -71.3270718, 41.5048823 ], [ -71.3267307, 41.5046999 ], [ -71.3266078, 41.5046316 ], [ -71.3261665, 41.5043861 ], [ -71.3261622, 41.504384 ], [ -71.3260433, 41.5043241 ], [ -71.3260187, 41.5043117 ], [ -71.3257647, 41.5041744 ], [ -71.3256133, 41.5040926 ], [ -71.3256034, 41.5040692 ], [ -71.3252924, 41.5033347 ], [ -71.325433, 41.5032973 ], [ -71.3255306, 41.5032714 ], [ -71.3255314, 41.5032722 ], [ -71.3260888, 41.5038172 ], [ -71.3264185, 41.5039087 ], [ -71.3272027, 41.5041263 ], [ -71.3275749, 41.5042025 ], [ -71.3276629, 41.5042562 ], [ -71.3280696, 41.504357 ], [ -71.3281695, 41.5045513 ], [ -71.328197, 41.504605 ], [ -71.328243, 41.5046557 ], [ -71.3282879, 41.5047054 ], [ -71.328336, 41.5047758 ], [ -71.3283779, 41.5048475 ], [ -71.3283859, 41.5049352 ], [ -71.3283693, 41.5050161 ], [ -71.328275, 41.5051436 ], [ -71.3282814, 41.5054195 ], [ -71.3286326, 41.5058684 ], [ -71.3287111, 41.5059552 ], [ -71.3288379, 41.5060674 ], [ -71.3289584, 41.5061837 ], [ -71.3291236, 41.5063104 ], [ -71.3293064, 41.5064355 ], [ -71.3294991, 41.5065752 ], [ -71.3296133, 41.5066465 ], [ -71.329731, 41.5067117 ], [ -71.3298374, 41.5067582 ], [ -71.329962, 41.5067596 ], [ -71.3302822, 41.506896 ], [ -71.3303072, 41.5069067 ], [ -71.3303444, 41.5069319 ], [ -71.3304124, 41.5069782 ], [ -71.3304919, 41.507061 ], [ -71.330572, 41.5071326 ], [ -71.3306374, 41.5072051 ], [ -71.3306436, 41.5072121 ], [ -71.3306953, 41.5072995 ], [ -71.3307178, 41.5073716 ], [ -71.3307252, 41.5074555 ], [ -71.3307234, 41.5074848 ], [ -71.3307187, 41.5075593 ], [ -71.3306873, 41.5076764 ], [ -71.3306867, 41.5076777 ], [ -71.3306481, 41.507762 ], [ -71.3306313, 41.5077928 ], [ -71.3305875, 41.5078728 ], [ -71.3304688, 41.5080643 ], [ -71.3304231, 41.5081615 ], [ -71.3304031, 41.5082326 ], [ -71.3303941, 41.5083068 ], [ -71.3303884, 41.5084186 ], [ -71.3303893, 41.5085119 ], [ -71.3303725, 41.5085855 ], [ -71.3303499, 41.5087031 ], [ -71.3303246, 41.5088793 ], [ -71.3302955, 41.5090886 ], [ -71.3302716, 41.5092355 ], [ -71.3303713, 41.5093672 ], [ -71.3306886, 41.5092509 ], [ -71.3306295, 41.5095953 ], [ -71.3304782, 41.5096304 ], [ -71.3303859, 41.5097751 ], [ -71.3303814, 41.5100628 ], [ -71.3303898, 41.5103619 ], [ -71.3303846, 41.5105844 ], [ -71.3303455, 41.5107534 ], [ -71.3303224, 41.5108396 ], [ -71.3302767, 41.5110752 ], [ -71.3303806, 41.5112561 ], [ -71.330245, 41.5114127 ], [ -71.3302285, 41.5115649 ], [ -71.3302628, 41.5116375 ], [ -71.3302902, 41.5117211 ], [ -71.3302524, 41.5118226 ], [ -71.330265, 41.5119029 ], [ -71.3302161, 41.5119661 ], [ -71.3300552, 41.5120957 ], [ -71.3299499, 41.5121746 ], [ -71.3298581, 41.5122938 ], [ -71.32977, 41.5124157 ], [ -71.3297487, 41.5125138 ], [ -71.3297057, 41.5126721 ], [ -71.329658, 41.5127701 ], [ -71.3296528, 41.5128946 ], [ -71.3296516, 41.5129972 ], [ -71.3296597, 41.5130885 ], [ -71.3296502, 41.513162 ], [ -71.3295974, 41.5132527 ], [ -71.3295797, 41.5133703 ], [ -71.329536, 41.5134425 ], [ -71.3295322, 41.5135396 ], [ -71.3294821, 41.5136358 ], [ -71.3293856, 41.5137293 ], [ -71.3292651, 41.5138083 ], [ -71.3290932, 41.513914 ], [ -71.3288199, 41.5140821 ], [ -71.3286902, 41.5141073 ], [ -71.3284332, 41.5140885 ], [ -71.328251, 41.5140921 ], [ -71.3280697, 41.5141222 ], [ -71.3279352, 41.5141712 ], [ -71.3278026, 41.5142217 ], [ -71.3276968, 41.5142619 ], [ -71.3272289, 41.5144481 ], [ -71.3263936, 41.5143131 ], [ -71.3252958, 41.5137804 ], [ -71.325, 41.5135397 ], [ -71.325, 41.517086 ], [ -71.325, 41.5172355 ], [ -71.3250946, 41.5172804 ], [ -71.3252176, 41.5173347 ], [ -71.3254276, 41.5174347 ], [ -71.3257737, 41.5175613 ], [ -71.3260981, 41.5176687 ], [ -71.32617, 41.517682 ], [ -71.3271462, 41.5173445 ], [ -71.3274466, 41.5177891 ], [ -71.327579, 41.5179 ], [ -71.3277384, 41.5180106 ], [ -71.3279395, 41.5181281 ], [ -71.3281268, 41.5182305 ], [ -71.3282387, 41.5182829 ], [ -71.3283306, 41.518315 ], [ -71.3284209, 41.5183078 ], [ -71.3285276, 41.5182695 ], [ -71.3286208, 41.5182209 ], [ -71.3287429, 41.5181661 ], [ -71.3288132, 41.5181396 ], [ -71.3288845, 41.5181355 ], [ -71.3290809, 41.5180919 ], [ -71.3292253, 41.5180393 ], [ -71.3293585, 41.517977 ], [ -71.3294771, 41.5179283 ], [ -71.329549, 41.5179084 ], [ -71.3297496, 41.5178756 ], [ -71.3299651, 41.5178477 ], [ -71.3300623, 41.5178469 ], [ -71.3301626, 41.517835 ], [ -71.3302525, 41.5178137 ], [ -71.3303865, 41.5177128 ], [ -71.3304129, 41.5176045 ], [ -71.3304305, 41.5175103 ], [ -71.330447, 41.5173723 ], [ -71.3305086, 41.5173657 ], [ -71.33057, 41.5174551 ], [ -71.330613, 41.5175121 ], [ -71.330726, 41.5176925 ], [ -71.3307852, 41.5178207 ], [ -71.3307935, 41.5178915 ], [ -71.330786, 41.5179601 ], [ -71.3307592, 41.5180105 ], [ -71.3307291, 41.5180561 ], [ -71.3306915, 41.5180991 ], [ -71.3306211, 41.5181677 ], [ -71.3304296, 41.5183062 ], [ -71.3303176, 41.5183396 ], [ -71.3302113, 41.5183457 ], [ -71.3301692, 41.5183429 ], [ -71.3301347, 41.5183324 ], [ -71.3301046, 41.5182967 ], [ -71.3300413, 41.5181908 ], [ -71.3299969, 41.5181765 ], [ -71.3299167, 41.5181639 ], [ -71.3298148, 41.518161 ], [ -71.3297293, 41.5181765 ], [ -71.3296517, 41.5182015 ], [ -71.3293683, 41.5183169 ], [ -71.329253, 41.5183471 ], [ -71.329135, 41.5183872 ], [ -71.3290001, 41.5184443 ], [ -71.3287663, 41.5185471 ], [ -71.3285877, 41.5186471 ], [ -71.3282139, 41.5188779 ], [ -71.3280235, 41.5189905 ], [ -71.3278852, 41.5191137 ], [ -71.3278279, 41.519213 ], [ -71.3278805, 41.5193743 ], [ -71.3277594, 41.5196532 ], [ -71.3277237, 41.519819 ], [ -71.3276188, 41.5203212 ], [ -71.3275701, 41.520557 ], [ -71.3275201, 41.5207251 ], [ -71.3274457, 41.5209092 ], [ -71.3273924, 41.5210567 ], [ -71.3273478, 41.5211722 ], [ -71.3273072, 41.5214185 ], [ -71.3272732, 41.5214655 ], [ -71.3271911, 41.5215581 ], [ -71.3270666, 41.5216416 ], [ -71.3270228, 41.5216846 ], [ -71.3269723, 41.5217251 ], [ -71.326798, 41.5218871 ], [ -71.3266401, 41.5219766 ], [ -71.326565, 41.5220211 ], [ -71.3264316, 41.5220857 ], [ -71.3263799, 41.5221172 ], [ -71.3263159, 41.52214 ], [ -71.3262453, 41.5221754 ], [ -71.3261389, 41.522207 ], [ -71.325912, 41.5222791 ], [ -71.3256629, 41.5223373 ], [ -71.3253959, 41.5223983 ], [ -71.3253045, 41.5224245 ], [ -71.325, 41.522524 ], [ -71.325, 41.5226122 ], [ -71.325, 41.523027 ], [ -71.325, 41.5230331 ], [ -71.325, 41.523131 ], [ -71.325, 41.5232413 ], [ -71.325, 41.5234485 ], [ -71.325, 41.5235379 ], [ -71.325, 41.5236679 ], [ -71.325, 41.5237562 ], [ -71.325, 41.5243151 ], [ -71.325, 41.5244768 ], [ -71.325, 41.5277573 ], [ -71.325, 41.5302501 ], [ -71.325, 41.5320139 ], [ -71.325, 41.532101 ], [ -71.325, 41.5322304 ], [ -71.325, 41.5322316 ], [ -71.325, 41.5325618 ], [ -71.325, 41.5327929 ], [ -71.325, 41.5328019 ], [ -71.325, 41.5333487 ] ], [ [ -71.3454549, 41.5320111 ], [ -71.3454406, 41.5318345 ], [ -71.3454218, 41.5317122 ], [ -71.3454081, 41.5315829 ], [ -71.3454081, 41.5315189 ], [ -71.345408, 41.5313986 ], [ -71.3453944, 41.5312985 ], [ -71.3453425, 41.5310728 ], [ -71.3453001, 41.5306062 ], [ -71.3453117, 41.5304899 ], [ -71.3453466, 41.5303766 ], [ -71.3454184, 41.53027 ], [ -71.3454834, 41.5301762 ], [ -71.3455472, 41.5300459 ], [ -71.3455551, 41.5300228 ], [ -71.3455906, 41.5299191 ], [ -71.3456081, 41.5298245 ], [ -71.3455966, 41.5297438 ], [ -71.3455826, 41.5297085 ], [ -71.3455677, 41.529671 ], [ -71.3454941, 41.5296117 ], [ -71.3454427, 41.5295854 ], [ -71.3453181, 41.5295448 ], [ -71.3451688, 41.5294885 ], [ -71.3450308, 41.5294522 ], [ -71.3448472, 41.5294188 ], [ -71.3447081, 41.5293417 ], [ -71.3446408, 41.5292853 ], [ -71.3444416, 41.5292219 ], [ -71.3443241, 41.5292257 ], [ -71.3438648, 41.5292511 ], [ -71.3432868, 41.5293323 ], [ -71.3430826, 41.5294043 ], [ -71.3430368, 41.5294297 ], [ -71.3429911, 41.5294839 ], [ -71.3430064, 41.5296481 ], [ -71.3430034, 41.5299881 ], [ -71.3430062, 41.5300932 ], [ -71.3429925, 41.5302787 ], [ -71.342972, 41.5303311 ], [ -71.3429332, 41.5303721 ], [ -71.3428568, 41.5304131 ], [ -71.3427834, 41.5304423 ], [ -71.3427322, 41.5304537 ], [ -71.342717, 41.5304786 ], [ -71.3427099, 41.5304902 ], [ -71.342707, 41.5305145 ], [ -71.342704, 41.5305388 ], [ -71.3427152, 41.5305707 ], [ -71.3427285, 41.530589 ], [ -71.3427495, 41.53062 ], [ -71.342772, 41.530648 ], [ -71.3428027, 41.5307061 ], [ -71.3428464, 41.5307718 ], [ -71.3428781, 41.5308528 ], [ -71.3428876, 41.5309646 ], [ -71.3428876, 41.5310812 ], [ -71.3428726, 41.5311439 ], [ -71.3428394, 41.5312825 ], [ -71.3428203, 41.5313437 ], [ -71.3427815, 41.5314685 ], [ -71.3427246, 41.5316277 ], [ -71.3427404, 41.5317536 ], [ -71.3427758, 41.5320118 ], [ -71.3427571, 41.5321201 ], [ -71.3427032, 41.5323629 ], [ -71.3426968, 41.5325181 ], [ -71.3427608, 41.5325954 ], [ -71.342854, 41.5326696 ], [ -71.3428502, 41.5327567 ], [ -71.3428132, 41.5328225 ], [ -71.3428329, 41.5331334 ], [ -71.3428066, 41.5332987 ], [ -71.3428006, 41.5334675 ], [ -71.3428709, 41.5339558 ], [ -71.3429364, 41.5341585 ], [ -71.3430117, 41.534262 ], [ -71.3431369, 41.5343856 ], [ -71.3432262, 41.5345056 ], [ -71.3432996, 41.534634 ], [ -71.3433306, 41.5347386 ], [ -71.3433863, 41.5350816 ], [ -71.3434483, 41.5351539 ], [ -71.3434814, 41.535216 ], [ -71.3434719, 41.5352427 ], [ -71.3434298, 41.5352898 ], [ -71.3433982, 41.5353245 ], [ -71.3433942, 41.535382 ], [ -71.343418, 41.5354514 ], [ -71.3434536, 41.5355456 ], [ -71.3434694, 41.5355952 ], [ -71.3434615, 41.5356467 ], [ -71.3434192, 41.5357375 ], [ -71.3433971, 41.535772 ], [ -71.3433879, 41.5357895 ], [ -71.3433709, 41.5358217 ], [ -71.3433744, 41.5359006 ], [ -71.3433793, 41.5359105 ], [ -71.3433849, 41.5359218 ], [ -71.3434212, 41.5359948 ], [ -71.3434285, 41.5360096 ], [ -71.3435301, 41.5361534 ], [ -71.3435532, 41.5361871 ], [ -71.3435961, 41.5362496 ], [ -71.3437198, 41.536499 ], [ -71.3437715, 41.5366527 ], [ -71.3438111, 41.5368331 ], [ -71.3438414, 41.5368867 ], [ -71.343885, 41.5369313 ], [ -71.3439985, 41.5370136 ], [ -71.3440579, 41.5370443 ], [ -71.344057, 41.5370734 ], [ -71.34458, 41.5377574 ], [ -71.3445832, 41.5377616 ], [ -71.344647, 41.537845 ], [ -71.3447483, 41.5379774 ], [ -71.3448545, 41.5379302 ], [ -71.3449035, 41.537987 ], [ -71.3450169, 41.5379428 ], [ -71.3453702, 41.5378052 ], [ -71.3454476, 41.5379165 ], [ -71.3454844, 41.5379695 ], [ -71.3455421, 41.5380599 ], [ -71.3456026, 41.5381548 ], [ -71.3456308, 41.5382455 ], [ -71.3456643, 41.5384944 ], [ -71.3456651, 41.5385005 ], [ -71.3456675, 41.5385292 ], [ -71.3457301, 41.5392891 ], [ -71.3454978, 41.5393071 ], [ -71.3453417, 41.5393192 ], [ -71.3453475, 41.5393599 ], [ -71.3453479, 41.5393629 ], [ -71.3454416, 41.539355 ], [ -71.3454635, 41.5393549 ], [ -71.3455464, 41.5393544 ], [ -71.3456177, 41.5394625 ], [ -71.3456306, 41.539482 ], [ -71.3456426, 41.5395001 ], [ -71.3456433, 41.5395105 ], [ -71.3456533, 41.5396645 ], [ -71.3456603, 41.5397722 ], [ -71.3456735, 41.5398317 ], [ -71.3460113, 41.5398049 ], [ -71.3460112, 41.5398019 ], [ -71.3460041, 41.5396527 ], [ -71.3459975, 41.5395119 ], [ -71.3459905, 41.5393644 ], [ -71.3459874, 41.539299 ], [ -71.3459817, 41.5392386 ], [ -71.3459373, 41.5387717 ], [ -71.3459066, 41.5385111 ], [ -71.34588, 41.5382849 ], [ -71.3458764, 41.5382663 ], [ -71.3458557, 41.5381603 ], [ -71.3458405, 41.5381264 ], [ -71.3458035, 41.5380591 ], [ -71.3457703, 41.538002 ], [ -71.3457434, 41.5379413 ], [ -71.3457404, 41.5379363 ], [ -71.3456452, 41.5377795 ], [ -71.3454945, 41.5375702 ], [ -71.3456047, 41.5373304 ], [ -71.3456939, 41.5370908 ], [ -71.3457637, 41.5369192 ], [ -71.3458122, 41.5367997 ], [ -71.3458721, 41.5366438 ], [ -71.3459211, 41.5365161 ], [ -71.3459369, 41.5364507 ], [ -71.345929, 41.5363162 ], [ -71.3459229, 41.5361373 ], [ -71.3459209, 41.5360775 ], [ -71.3459072, 41.5358132 ], [ -71.3459361, 41.5355007 ], [ -71.3459606, 41.5351744 ], [ -71.3459939, 41.5348795 ], [ -71.3460225, 41.5346506 ], [ -71.3460037, 41.5344567 ], [ -71.3459593, 41.5339522 ], [ -71.3459593, 41.5338415 ], [ -71.3459439, 41.5336798 ], [ -71.3459277, 41.5335905 ], [ -71.3458548, 41.5332061 ], [ -71.345801, 41.5330419 ], [ -71.3457314, 41.5328609 ], [ -71.3456993, 41.5327766 ], [ -71.345663, 41.5327055 ], [ -71.3456143, 41.5326253 ], [ -71.3455589, 41.5325163 ], [ -71.3455273, 41.5324082 ], [ -71.3454656, 41.5321064 ], [ -71.3454549, 41.5320111 ] ], [ [ -71.3457244, 41.53207 ], [ -71.3457579, 41.5320781 ], [ -71.3458118, 41.5320664 ], [ -71.3458382, 41.5320466 ], [ -71.3458609, 41.5320133 ], [ -71.3458681, 41.5319755 ], [ -71.3458657, 41.5319332 ], [ -71.3457879, 41.5318747 ], [ -71.3457579, 41.5318675 ], [ -71.3457292, 41.5318747 ], [ -71.3456849, 41.5319188 ], [ -71.3456729, 41.5319404 ], [ -71.3456633, 41.5319881 ], [ -71.3456729, 41.5320286 ], [ -71.3457028, 41.5320574 ], [ -71.3457244, 41.53207 ] ], [ [ -71.3559981, 41.5066964 ], [ -71.355991, 41.5067141 ], [ -71.3559883, 41.5067207 ], [ -71.355968, 41.5067714 ], [ -71.3559647, 41.5067794 ], [ -71.3559858, 41.5067841 ], [ -71.3561144, 41.5068133 ], [ -71.356359, 41.5068689 ], [ -71.356382, 41.5068097 ], [ -71.356386, 41.5067993 ], [ -71.356432, 41.5066808 ], [ -71.3564387, 41.5066638 ], [ -71.3564597, 41.5066096 ], [ -71.3563647, 41.5065873 ], [ -71.3560793, 41.5065203 ], [ -71.3560697, 41.5065181 ], [ -71.3560468, 41.5065752 ], [ -71.356042, 41.5065872 ], [ -71.3559981, 41.5066964 ] ], [ [ -71.3558934, 41.5065405 ], [ -71.3558456, 41.5065051 ], [ -71.355791, 41.5065173 ], [ -71.3556185, 41.5065648 ], [ -71.3557313, 41.5066625 ], [ -71.3557758, 41.5066992 ], [ -71.3558421, 41.5066876 ], [ -71.3558934, 41.5065405 ] ], [ [ -71.3415785, 41.5034938 ], [ -71.3415716, 41.5034857 ], [ -71.3415669, 41.5034767 ], [ -71.3415659, 41.5034723 ], [ -71.3415647, 41.5034672 ], [ -71.341565, 41.5034576 ], [ -71.3415677, 41.5034481 ], [ -71.3415729, 41.5034393 ], [ -71.3415802, 41.5034314 ], [ -71.3415895, 41.5034247 ], [ -71.3416003, 41.5034196 ], [ -71.3416024, 41.5034188 ], [ -71.3415972, 41.5034135 ], [ -71.3415935, 41.5034076 ], [ -71.3415913, 41.5034013 ], [ -71.3415908, 41.5033962 ], [ -71.3415917, 41.5033897 ], [ -71.3415942, 41.5033834 ], [ -71.3415983, 41.5033777 ], [ -71.3416009, 41.503375 ], [ -71.3416012, 41.5033638 ], [ -71.3416043, 41.5033528 ], [ -71.3416103, 41.5033425 ], [ -71.3416188, 41.5033332 ], [ -71.3416261, 41.503328 ], [ -71.3416296, 41.5033254 ], [ -71.3416422, 41.5033193 ], [ -71.3416561, 41.5033152 ], [ -71.3416615, 41.5033142 ], [ -71.3416764, 41.503313 ], [ -71.3416914, 41.503314 ], [ -71.3417057, 41.5033171 ], [ -71.341719, 41.5033224 ], [ -71.3417306, 41.5033294 ], [ -71.3417402, 41.5033381 ], [ -71.3417467, 41.5033467 ], [ -71.3417554, 41.5033478 ], [ -71.3417636, 41.5033501 ], [ -71.3417711, 41.5033536 ], [ -71.3417776, 41.5033581 ], [ -71.3417817, 41.5033623 ], [ -71.341782, 41.5033626 ], [ -71.3417859, 41.5033686 ], [ -71.3417882, 41.503375 ], [ -71.3417888, 41.5033816 ], [ -71.3417877, 41.503388 ], [ -71.3418004, 41.5033916 ], [ -71.3418119, 41.503397 ], [ -71.3418218, 41.503404 ], [ -71.3418298, 41.5034124 ], [ -71.3418353, 41.5034217 ], [ -71.3418384, 41.5034317 ], [ -71.3418388, 41.5034419 ], [ -71.3418366, 41.503452 ], [ -71.3418331, 41.5034594 ], [ -71.3418264, 41.5034684 ], [ -71.3418175, 41.5034761 ], [ -71.3418068, 41.5034824 ], [ -71.3417946, 41.503487 ], [ -71.3417815, 41.5034898 ], [ -71.341768, 41.5034905 ], [ -71.3417545, 41.5034893 ], [ -71.3417415, 41.5034861 ], [ -71.3417316, 41.5034821 ], [ -71.34173, 41.5034862 ], [ -71.3417274, 41.5034901 ], [ -71.3417239, 41.5034935 ], [ -71.3417195, 41.5034963 ], [ -71.3417144, 41.5034985 ], [ -71.3417119, 41.5034992 ], [ -71.3417062, 41.5035002 ], [ -71.3417005, 41.5035003 ], [ -71.3416948, 41.5034996 ], [ -71.3416894, 41.503498 ], [ -71.3416845, 41.5034957 ], [ -71.3416815, 41.5034936 ], [ -71.3416769, 41.5034972 ], [ -71.3416726, 41.5035006 ], [ -71.3416621, 41.5035062 ], [ -71.3416504, 41.5035101 ], [ -71.3416379, 41.5035122 ], [ -71.3416251, 41.5035124 ], [ -71.3416125, 41.5035108 ], [ -71.3416005, 41.5035073 ], [ -71.3415897, 41.5035021 ], [ -71.3415804, 41.5034955 ], [ -71.3415785, 41.5034938 ] ], [ [ -71.3414222, 41.5034401 ], [ -71.3414802, 41.5032958 ], [ -71.3414885, 41.5032753 ], [ -71.3414969, 41.5032542 ], [ -71.3411027, 41.5031646 ], [ -71.3410855, 41.5032075 ], [ -71.3410278, 41.5033509 ], [ -71.341004, 41.5034102 ], [ -71.3413982, 41.5034998 ], [ -71.3414222, 41.5034401 ] ], [ [ -71.3400325, 41.503129 ], [ -71.3400362, 41.5031294 ], [ -71.3400421, 41.5031292 ], [ -71.3400465, 41.5031284 ], [ -71.3400479, 41.5031281 ], [ -71.3400532, 41.5031262 ], [ -71.340058, 41.5031236 ], [ -71.3400621, 41.5031203 ], [ -71.3400651, 41.5031165 ], [ -71.3400735, 41.5030942 ], [ -71.3400967, 41.5030094 ], [ -71.3400969, 41.5030068 ], [ -71.3400962, 41.5030026 ], [ -71.3400945, 41.5029985 ], [ -71.3400917, 41.5029948 ], [ -71.3400896, 41.5029929 ], [ -71.340088, 41.5029915 ], [ -71.3400836, 41.5029888 ], [ -71.3400785, 41.5029869 ], [ -71.3400754, 41.5029861 ], [ -71.3400698, 41.5029854 ], [ -71.3400641, 41.5029855 ], [ -71.3400585, 41.5029865 ], [ -71.3400533, 41.5029882 ], [ -71.3400487, 41.5029907 ], [ -71.3400476, 41.5029916 ], [ -71.3400448, 41.5029938 ], [ -71.3400418, 41.5029975 ], [ -71.3400076, 41.5031085 ], [ -71.3400082, 41.5031115 ], [ -71.3400101, 41.5031157 ], [ -71.340013, 41.5031196 ], [ -71.3400147, 41.5031212 ], [ -71.3400168, 41.503123 ], [ -71.3400215, 41.5031258 ], [ -71.3400268, 41.5031278 ], [ -71.3400325, 41.503129 ] ], [ [ -71.3389422, 41.5028859 ], [ -71.3389459, 41.5028863 ], [ -71.3389518, 41.5028861 ], [ -71.3389576, 41.502885 ], [ -71.3389629, 41.5028831 ], [ -71.3389636, 41.5028827 ], [ -71.3389677, 41.5028805 ], [ -71.3389717, 41.5028772 ], [ -71.3389748, 41.5028734 ], [ -71.3389832, 41.5028511 ], [ -71.3390009, 41.5027865 ], [ -71.3390064, 41.5027663 ], [ -71.3390065, 41.5027637 ], [ -71.3390059, 41.5027595 ], [ -71.3390042, 41.5027554 ], [ -71.3390014, 41.5027516 ], [ -71.3389977, 41.5027484 ], [ -71.3389933, 41.5027457 ], [ -71.3389882, 41.5027437 ], [ -71.3389851, 41.502743 ], [ -71.3389795, 41.5027423 ], [ -71.3389738, 41.5027424 ], [ -71.3389682, 41.5027434 ], [ -71.338963, 41.5027451 ], [ -71.3389584, 41.5027476 ], [ -71.3389545, 41.5027507 ], [ -71.3389514, 41.5027543 ], [ -71.3389369, 41.5028016 ], [ -71.3389173, 41.5028654 ], [ -71.3389179, 41.5028684 ], [ -71.3389198, 41.5028726 ], [ -71.3389199, 41.5028728 ], [ -71.3389226, 41.5028765 ], [ -71.3389265, 41.5028799 ], [ -71.3389312, 41.5028827 ], [ -71.3389364, 41.5028847 ], [ -71.3389422, 41.5028859 ] ], [ [ -71.3331813, 41.5026415 ], [ -71.3333204, 41.5025337 ], [ -71.3332558, 41.5024772 ], [ -71.3332002, 41.5024285 ], [ -71.3331346, 41.5024368 ], [ -71.3331153, 41.5024392 ], [ -71.3330938, 41.502442 ], [ -71.3330332, 41.5024496 ], [ -71.3330192, 41.502456 ], [ -71.3328936, 41.5025128 ], [ -71.3331813, 41.5026415 ] ], [ [ -71.3376621, 41.5025959 ], [ -71.3376658, 41.5025962 ], [ -71.3376717, 41.502596 ], [ -71.3376775, 41.502595 ], [ -71.3376784, 41.5025946 ], [ -71.3376829, 41.5025931 ], [ -71.3376876, 41.5025904 ], [ -71.3376917, 41.5025872 ], [ -71.3376947, 41.5025833 ], [ -71.3377031, 41.5025611 ], [ -71.3377263, 41.5024763 ], [ -71.3377265, 41.5024737 ], [ -71.3377258, 41.5024694 ], [ -71.3377241, 41.5024654 ], [ -71.3377213, 41.5024616 ], [ -71.3377176, 41.5024583 ], [ -71.3377132, 41.5024557 ], [ -71.3377081, 41.5024537 ], [ -71.337705, 41.5024529 ], [ -71.3376994, 41.5024522 ], [ -71.3376937, 41.5024524 ], [ -71.3376881, 41.5024533 ], [ -71.3376829, 41.5024551 ], [ -71.3376783, 41.5024576 ], [ -71.3376744, 41.5024607 ], [ -71.3376714, 41.5024643 ], [ -71.3376372, 41.5025754 ], [ -71.3376378, 41.5025783 ], [ -71.3376397, 41.5025826 ], [ -71.3376426, 41.5025865 ], [ -71.3376428, 41.5025867 ], [ -71.3376464, 41.5025899 ], [ -71.3376511, 41.5025926 ], [ -71.3376564, 41.5025947 ], [ -71.3376621, 41.5025959 ] ], [ [ -71.3366042, 41.5022079 ], [ -71.3365987, 41.5022088 ], [ -71.3365935, 41.5022106 ], [ -71.3365889, 41.5022131 ], [ -71.336585, 41.5022162 ], [ -71.3365819, 41.5022198 ], [ -71.3365478, 41.5023309 ], [ -71.3365484, 41.5023338 ], [ -71.3365502, 41.5023381 ], [ -71.3365531, 41.502342 ], [ -71.3365543, 41.502343 ], [ -71.336557, 41.5023454 ], [ -71.3365616, 41.5023482 ], [ -71.3365669, 41.5023502 ], [ -71.3365726, 41.5023514 ], [ -71.3365763, 41.5023517 ], [ -71.3365823, 41.5023515 ], [ -71.3365879, 41.5023505 ], [ -71.336588, 41.5023505 ], [ -71.3365934, 41.5023486 ], [ -71.3365982, 41.502346 ], [ -71.3366022, 41.5023427 ], [ -71.3366053, 41.5023388 ], [ -71.3366137, 41.5023166 ], [ -71.3366369, 41.5022318 ], [ -71.336637, 41.5022292 ], [ -71.3366364, 41.5022249 ], [ -71.3366346, 41.5022209 ], [ -71.3366319, 41.5022171 ], [ -71.3366282, 41.5022138 ], [ -71.3366237, 41.5022112 ], [ -71.3366187, 41.5022092 ], [ -71.3366156, 41.5022084 ], [ -71.3366099, 41.5022077 ], [ -71.3366042, 41.5022079 ] ], [ [ -71.3357752, 41.5020209 ], [ -71.3357697, 41.5020219 ], [ -71.3357645, 41.5020236 ], [ -71.3357598, 41.5020261 ], [ -71.3357559, 41.5020293 ], [ -71.3357529, 41.5020329 ], [ -71.3357188, 41.5021439 ], [ -71.3357194, 41.5021469 ], [ -71.3357212, 41.5021512 ], [ -71.3357241, 41.5021551 ], [ -71.3357242, 41.5021551 ], [ -71.3357279, 41.5021585 ], [ -71.3357326, 41.5021612 ], [ -71.3357379, 41.5021633 ], [ -71.3357436, 41.5021645 ], [ -71.3357473, 41.5021648 ], [ -71.3357532, 41.5021646 ], [ -71.335759, 41.5021635 ], [ -71.3357599, 41.5021632 ], [ -71.3357644, 41.5021617 ], [ -71.3357692, 41.502159 ], [ -71.3357732, 41.5021557 ], [ -71.3357763, 41.5021519 ], [ -71.3357846, 41.5021296 ], [ -71.3358078, 41.5020449 ], [ -71.335808, 41.5020423 ], [ -71.3358073, 41.502038 ], [ -71.3358056, 41.5020339 ], [ -71.3358028, 41.5020302 ], [ -71.3357992, 41.5020269 ], [ -71.3357947, 41.5020242 ], [ -71.3357896, 41.5020223 ], [ -71.3357865, 41.5020215 ], [ -71.3357809, 41.5020208 ], [ -71.3357752, 41.5020209 ] ], [ [ -71.3349104, 41.5019746 ], [ -71.3349141, 41.5019749 ], [ -71.33492, 41.5019747 ], [ -71.3349242, 41.501974 ], [ -71.3349258, 41.5019737 ], [ -71.3349312, 41.5019718 ], [ -71.3349359, 41.5019691 ], [ -71.33494, 41.5019659 ], [ -71.334943, 41.501962 ], [ -71.3349514, 41.5019398 ], [ -71.3349746, 41.501855 ], [ -71.3349748, 41.5018524 ], [ -71.3349741, 41.5018481 ], [ -71.3349724, 41.501844 ], [ -71.3349696, 41.5018403 ], [ -71.334966, 41.501837 ], [ -71.3349615, 41.5018344 ], [ -71.3349564, 41.5018324 ], [ -71.3349533, 41.5018316 ], [ -71.3349477, 41.5018309 ], [ -71.334942, 41.501831 ], [ -71.3349364, 41.501832 ], [ -71.3349312, 41.5018338 ], [ -71.3349266, 41.5018362 ], [ -71.3349227, 41.5018394 ], [ -71.3349197, 41.501843 ], [ -71.3348856, 41.5019541 ], [ -71.3348861, 41.501957 ], [ -71.334888, 41.5019613 ], [ -71.3348909, 41.5019652 ], [ -71.3348928, 41.5019668 ], [ -71.3348947, 41.5019686 ], [ -71.3348994, 41.5019713 ], [ -71.3349047, 41.5019734 ], [ -71.3349104, 41.5019746 ] ], [ [ -71.3374584, 41.4990624 ], [ -71.3374689, 41.4990662 ], [ -71.3375098, 41.4990697 ], [ -71.3375487, 41.4990597 ], [ -71.3375744, 41.4990347 ], [ -71.3375801, 41.4989876 ], [ -71.3375649, 41.4989476 ], [ -71.3375088, 41.4989047 ], [ -71.3374699, 41.4989004 ], [ -71.3374347, 41.4989068 ], [ -71.3374321, 41.4989079 ], [ -71.3374043, 41.4989197 ], [ -71.3373824, 41.498959 ], [ -71.3373767, 41.4989933 ], [ -71.3373986, 41.499029 ], [ -71.3374281, 41.4990514 ], [ -71.3374584, 41.4990624 ] ], [ [ -71.3427759, 41.4953896 ], [ -71.3428045, 41.4954202 ], [ -71.3428901, 41.4955115 ], [ -71.3427903, 41.4956698 ], [ -71.3427697, 41.4957025 ], [ -71.342674, 41.496193 ], [ -71.3428415, 41.4965016 ], [ -71.3428126, 41.4966729 ], [ -71.342576, 41.4971247 ], [ -71.3421082, 41.4975195 ], [ -71.3420551, 41.4975642 ], [ -71.3420484, 41.4975699 ], [ -71.3420283, 41.4975869 ], [ -71.34185, 41.4977373 ], [ -71.3417247, 41.497888 ], [ -71.3416489, 41.4979792 ], [ -71.3415812, 41.4980606 ], [ -71.3415704, 41.4980735 ], [ -71.3415161, 41.4981389 ], [ -71.3415109, 41.4981488 ], [ -71.3414943, 41.4981808 ], [ -71.3414592, 41.4982482 ], [ -71.3413445, 41.4984688 ], [ -71.3412452, 41.4985519 ], [ -71.3411444, 41.4985986 ], [ -71.3409733, 41.4985519 ], [ -71.3407353, 41.4984573 ], [ -71.3407487, 41.4983839 ], [ -71.3408546, 41.4982822 ], [ -71.3409643, 41.4981821 ], [ -71.3409978, 41.4980948 ], [ -71.3410782, 41.497825 ], [ -71.3411225, 41.4976493 ], [ -71.3410913, 41.4975257 ], [ -71.3410245, 41.4974223 ], [ -71.3409433, 41.4973206 ], [ -71.3406221, 41.4970475 ], [ -71.3405649, 41.4969989 ], [ -71.3398957, 41.4967112 ], [ -71.3398073, 41.4966732 ], [ -71.3393915, 41.4963678 ], [ -71.3392423, 41.4961566 ], [ -71.3392201, 41.4959497 ], [ -71.3391947, 41.4957129 ], [ -71.3389717, 41.4954246 ], [ -71.339081, 41.4953347 ], [ -71.3391018, 41.4953176 ], [ -71.3391861, 41.4953144 ], [ -71.3398429, 41.4952889 ], [ -71.34059, 41.4952599 ], [ -71.3408108, 41.4951459 ], [ -71.3410305, 41.4952892 ], [ -71.3415546, 41.4954016 ], [ -71.3417592, 41.4954455 ], [ -71.341771, 41.4954441 ], [ -71.3422455, 41.4953876 ], [ -71.3424017, 41.495369 ], [ -71.3424973, 41.4953576 ], [ -71.3425767, 41.4953657 ], [ -71.3426435, 41.4953724 ], [ -71.3427759, 41.4953896 ] ], [ [ -71.3282198, 41.4894739 ], [ -71.3282041, 41.4893773 ], [ -71.3281768, 41.4892418 ], [ -71.3282458, 41.4890584 ], [ -71.3282977, 41.4889076 ], [ -71.3283406, 41.4887313 ], [ -71.3284032, 41.4883466 ], [ -71.3284575, 41.4880193 ], [ -71.3285101, 41.4877048 ], [ -71.3285329, 41.4876155 ], [ -71.3285654, 41.4874056 ], [ -71.3285897, 41.4872709 ], [ -71.3286056, 41.4871336 ], [ -71.3285986, 41.4869362 ], [ -71.3285886, 41.4866703 ], [ -71.3285754, 41.4864658 ], [ -71.3285758, 41.4862925 ], [ -71.328564, 41.486014 ], [ -71.3285539, 41.4857204 ], [ -71.3285504, 41.4856008 ], [ -71.3285246, 41.4854034 ], [ -71.3285198, 41.48527 ], [ -71.3285067, 41.4850951 ], [ -71.3284998, 41.4849736 ], [ -71.3284654, 41.4847582 ], [ -71.328421, 41.4845287 ], [ -71.3283917, 41.4843828 ], [ -71.3283682, 41.4842852 ], [ -71.3283426, 41.4841988 ], [ -71.3282946, 41.4840435 ], [ -71.3282523, 41.4839132 ], [ -71.3282215, 41.4838276 ], [ -71.3281717, 41.4837039 ], [ -71.3281173, 41.4836053 ], [ -71.32805, 41.4835 ], [ -71.3279791, 41.4833968 ], [ -71.3279327, 41.4833308 ], [ -71.32789, 41.4832163 ], [ -71.327861, 41.4831009 ], [ -71.3278305, 41.4829648 ], [ -71.3278092, 41.4828433 ], [ -71.3276115, 41.4828519 ], [ -71.327291, 41.4828604 ], [ -71.3270449, 41.4828718 ], [ -71.326922, 41.4828921 ], [ -71.3269584, 41.4830166 ], [ -71.3269791, 41.4831982 ], [ -71.3271409, 41.4834498 ], [ -71.327151, 41.4838052 ], [ -71.3271561, 41.4840656 ], [ -71.327157, 41.4844383 ], [ -71.3271603, 41.4847062 ], [ -71.3271628, 41.4849226 ], [ -71.3271628, 41.4852434 ], [ -71.3271484, 41.4854191 ], [ -71.3271291, 41.485534 ], [ -71.3270789, 41.4859032 ], [ -71.327035, 41.4862162 ], [ -71.3270111, 41.4863958 ], [ -71.3269534, 41.486455 ], [ -71.326918, 41.4865881 ], [ -71.3268167, 41.4867136 ], [ -71.3267361, 41.486818 ], [ -71.3266453, 41.486921 ], [ -71.3265098, 41.4870769 ], [ -71.3263499, 41.4872635 ], [ -71.3261459, 41.4874991 ], [ -71.3260266, 41.4875945 ], [ -71.3258972, 41.4875841 ], [ -71.3258882, 41.4875834 ], [ -71.3256818, 41.4875685 ], [ -71.3255181, 41.4875623 ], [ -71.325518, 41.4875623 ], [ -71.3254094, 41.4875582 ], [ -71.3253862, 41.4875574 ], [ -71.3253376, 41.4877007 ], [ -71.3253301, 41.487892 ], [ -71.3253244, 41.4880388 ], [ -71.325505, 41.4880389 ], [ -71.3255486, 41.4880389 ], [ -71.3255486, 41.4879972 ], [ -71.3255487, 41.4878546 ], [ -71.3255718, 41.4878553 ], [ -71.3257779, 41.4878617 ], [ -71.3257763, 41.4877559 ], [ -71.3259589, 41.4877685 ], [ -71.3261606, 41.4878011 ], [ -71.3262775, 41.4878198 ], [ -71.3262779, 41.4881581 ], [ -71.3263882, 41.4882999 ], [ -71.3265711, 41.488558 ], [ -71.3267396, 41.488777 ], [ -71.3267618, 41.4890693 ], [ -71.3268036, 41.4896564 ], [ -71.3268465, 41.4901577 ], [ -71.3269264, 41.4903744 ], [ -71.3269391, 41.4904745 ], [ -71.3269564, 41.4906099 ], [ -71.3269146, 41.4906635 ], [ -71.3267954, 41.490816 ], [ -71.3267461, 41.4908843 ], [ -71.3267414, 41.4912017 ], [ -71.3267411, 41.4912169 ], [ -71.3267398, 41.4913054 ], [ -71.3267398, 41.4913062 ], [ -71.3267387, 41.49138 ], [ -71.3267387, 41.4913819 ], [ -71.3267461, 41.4915858 ], [ -71.3267489, 41.4918035 ], [ -71.326749, 41.4918167 ], [ -71.326871, 41.4918087 ], [ -71.326898, 41.491807 ], [ -71.3268981, 41.4918229 ], [ -71.3268522, 41.4918226 ], [ -71.3266258, 41.4918212 ], [ -71.3265884, 41.4918261 ], [ -71.3265104, 41.4918356 ], [ -71.3265057, 41.4918362 ], [ -71.326504, 41.4918287 ], [ -71.326498, 41.4918295 ], [ -71.3262889, 41.4918576 ], [ -71.3262641, 41.4918609 ], [ -71.3260474, 41.49189 ], [ -71.3260296, 41.491815 ], [ -71.3260283, 41.4918115 ], [ -71.3260218, 41.4918089 ], [ -71.3260153, 41.4918101 ], [ -71.3260112, 41.4918143 ], [ -71.3260117, 41.4918175 ], [ -71.3260295, 41.4918925 ], [ -71.3259257, 41.4919063 ], [ -71.3259064, 41.4918253 ], [ -71.3258593, 41.4918316 ], [ -71.3258944, 41.4919797 ], [ -71.3260003, 41.4924255 ], [ -71.3260068, 41.492453 ], [ -71.3262585, 41.4925215 ], [ -71.3263164, 41.4925372 ], [ -71.3263304, 41.492541 ], [ -71.3263467, 41.4925072 ], [ -71.3263164, 41.4924989 ], [ -71.3262575, 41.4924829 ], [ -71.3260495, 41.4924264 ], [ -71.326041, 41.4923912 ], [ -71.326026, 41.4923295 ], [ -71.3260484, 41.4923246 ], [ -71.3261221, 41.4923294 ], [ -71.3262024, 41.4923345 ], [ -71.3262059, 41.4923347 ], [ -71.3262096, 41.4923334 ], [ -71.3262131, 41.4923305 ], [ -71.3262133, 41.4923268 ], [ -71.3262121, 41.492324 ], [ -71.3262077, 41.4923213 ], [ -71.3262038, 41.4923211 ], [ -71.3261352, 41.4923166 ], [ -71.3260213, 41.4923093 ], [ -71.3259956, 41.4922011 ], [ -71.3260179, 41.4921962 ], [ -71.3261728, 41.4922061 ], [ -71.3261763, 41.4922061 ], [ -71.3261802, 41.4922044 ], [ -71.3261825, 41.4922016 ], [ -71.3261829, 41.492198 ], [ -71.3261802, 41.4921942 ], [ -71.3261762, 41.4921928 ], [ -71.3261698, 41.4921924 ], [ -71.3259908, 41.4921809 ], [ -71.3259652, 41.4920726 ], [ -71.3259875, 41.4920677 ], [ -71.3261402, 41.4920775 ], [ -71.3261452, 41.4920778 ], [ -71.3261499, 41.492076 ], [ -71.3261524, 41.4920725 ], [ -71.3261519, 41.4920677 ], [ -71.3261473, 41.4920645 ], [ -71.3261394, 41.4920639 ], [ -71.3261276, 41.4920632 ], [ -71.3259604, 41.4920524 ], [ -71.3259446, 41.4919862 ], [ -71.325932, 41.4919329 ], [ -71.3262887, 41.4918852 ], [ -71.32629, 41.491885 ], [ -71.3263339, 41.4918792 ], [ -71.3263466, 41.4919325 ], [ -71.3264856, 41.4919139 ], [ -71.3264955, 41.4919125 ], [ -71.326523, 41.4919089 ], [ -71.3265091, 41.4918506 ], [ -71.3265915, 41.4918396 ], [ -71.3266274, 41.491835 ], [ -71.3268337, 41.4918362 ], [ -71.3269164, 41.4918368 ], [ -71.3269163, 41.4918109 ], [ -71.3269163, 41.4918058 ], [ -71.3269605, 41.4918029 ], [ -71.3269631, 41.4919881 ], [ -71.3270783, 41.4919806 ], [ -71.3270956, 41.4921654 ], [ -71.3270907, 41.4924398 ], [ -71.3270063, 41.4925199 ], [ -71.3269432, 41.4926679 ], [ -71.3269223, 41.4928487 ], [ -71.3269241, 41.4929345 ], [ -71.3269243, 41.4929431 ], [ -71.3269333, 41.4930821 ], [ -71.3269416, 41.4931651 ], [ -71.326958, 41.4932423 ], [ -71.3269702, 41.4933804 ], [ -71.3271534, 41.4933755 ], [ -71.3271459, 41.493243 ], [ -71.3272588, 41.4932225 ], [ -71.3273561, 41.4931964 ], [ -71.3275165, 41.4931375 ], [ -71.3276674, 41.4930501 ], [ -71.3277448, 41.4929798 ], [ -71.3278638, 41.4928466 ], [ -71.328131, 41.4925597 ], [ -71.3282285, 41.4924197 ], [ -71.328285, 41.4923151 ], [ -71.3283823, 41.4920764 ], [ -71.3284889, 41.4917996 ], [ -71.3285166, 41.4917274 ], [ -71.3285703, 41.4915873 ], [ -71.3285639, 41.4915528 ], [ -71.3285544, 41.4915027 ], [ -71.3285082, 41.4912297 ], [ -71.3284712, 41.4909915 ], [ -71.3284401, 41.4908266 ], [ -71.32841, 41.490629 ], [ -71.3283731, 41.4904089 ], [ -71.3283278, 41.4901307 ], [ -71.3283049, 41.4899878 ], [ -71.3283012, 41.4899644 ], [ -71.328282, 41.489845 ], [ -71.3282467, 41.4896402 ], [ -71.3282198, 41.4894739 ] ], [ [ -71.3530782, 41.4828801 ], [ -71.3531341, 41.4829063 ], [ -71.3531654, 41.4829225 ], [ -71.3531982, 41.4829381 ], [ -71.3531995, 41.4829396 ], [ -71.3532682, 41.4830234 ], [ -71.353276, 41.4830329 ], [ -71.3532646, 41.4830468 ], [ -71.353245, 41.4830585 ], [ -71.3532112, 41.483066 ], [ -71.3531459, 41.4830678 ], [ -71.3530908, 41.4830556 ], [ -71.3530356, 41.4830122 ], [ -71.3529804, 41.4829537 ], [ -71.3529678, 41.4829188 ], [ -71.3529804, 41.4828952 ], [ -71.353008, 41.4828849 ], [ -71.3530351, 41.4828767 ], [ -71.3530782, 41.4828801 ] ], [ [ -71.3532609, 41.4835639 ], [ -71.3531056, 41.4836183 ], [ -71.3531101, 41.4835116 ], [ -71.3533666, 41.4832805 ], [ -71.3536754, 41.4834186 ], [ -71.3535237, 41.4834718 ], [ -71.3532609, 41.4835639 ] ], [ [ -71.3578087, 41.4838031 ], [ -71.3577384, 41.4836111 ], [ -71.3577582, 41.4835276 ], [ -71.357827, 41.4834415 ], [ -71.3578565, 41.4835154 ], [ -71.3579324, 41.4834455 ], [ -71.3579909, 41.4833496 ], [ -71.3583132, 41.4834687 ], [ -71.3582834, 41.4835299 ], [ -71.3582248, 41.4836507 ], [ -71.3578087, 41.4838031 ] ], [ [ -71.357859, 41.4853663 ], [ -71.3581809, 41.4851029 ], [ -71.358206, 41.4853002 ], [ -71.3579217, 41.485543 ], [ -71.3578483, 41.4854813 ], [ -71.357859, 41.4853663 ] ], [ [ -71.3531079, 41.4818247 ], [ -71.3529907, 41.4820204 ], [ -71.3529234, 41.4821328 ], [ -71.3532944, 41.4822324 ], [ -71.3534275, 41.4820456 ], [ -71.3533871, 41.4820177 ], [ -71.3533676, 41.4820042 ], [ -71.3532999, 41.4819574 ], [ -71.3532763, 41.4819411 ], [ -71.3531079, 41.4818247 ] ], [ [ -71.3548084, 41.4787427 ], [ -71.3545226, 41.4789737 ], [ -71.3544622, 41.4790225 ], [ -71.3544244, 41.4791425 ], [ -71.3545689, 41.4791706 ], [ -71.3548154, 41.4792185 ], [ -71.35489, 41.4789769 ], [ -71.3548961, 41.4789571 ], [ -71.354943, 41.4788984 ], [ -71.3550518, 41.4787622 ], [ -71.3550596, 41.4787525 ], [ -71.3550562, 41.4787505 ], [ -71.3549704, 41.4787023 ], [ -71.3548084, 41.4787427 ] ], [ [ -71.3614328, 41.4768605 ], [ -71.3616245, 41.4768522 ], [ -71.3617681, 41.4767595 ], [ -71.3614802, 41.4770517 ], [ -71.3614936, 41.4771973 ], [ -71.3611814, 41.4772924 ], [ -71.3610809, 41.4772415 ], [ -71.361097, 41.4771567 ], [ -71.3613566, 41.4770212 ], [ -71.3614328, 41.4768605 ] ], [ [ -71.3259283, 41.4776039 ], [ -71.32608, 41.4775499 ], [ -71.3259663, 41.4773681 ], [ -71.3259741, 41.4772302 ], [ -71.3259777, 41.4771662 ], [ -71.3259558, 41.4771724 ], [ -71.3258025, 41.4772155 ], [ -71.3256891, 41.4772475 ], [ -71.325739, 41.4774785 ], [ -71.3257438, 41.4775006 ], [ -71.3259283, 41.4776039 ] ] ] } },
{ "type": "Feature", "properties": { "RCID": 2382, "PRIM": 3, "GRUP": 2, "OBJL": 112, "RVER": 1, "AGEN": 550, "FIDN": 471809557, "FIDS": 8691, "LNAM": "02261C1F3E1521F3", "RESTRN": [ "16" ], "INFORM": "40 CFR 140", "SCAMIN": 59999, "TXTDSC": "US412DDE.TXT", "SORDAT": "201306", "SORIND": "US,US,graph,Chart 13223" }, "geometry": { "type": "Polygon", "coordinates": [ [ [ -71.3856987, 41.5404325 ], [ -71.3856807, 41.5403632 ], [ -71.3856854, 41.5403492 ], [ -71.3857138, 41.5402651 ], [ -71.3857016, 41.5402482 ], [ -71.3856886, 41.5402191 ], [ -71.3856811, 41.5402027 ], [ -71.3856378, 41.5401743 ], [ -71.3855686, 41.5401586 ], [ -71.3855439, 41.5401309 ], [ -71.3854426, 41.5401155 ], [ -71.3854364, 41.5400416 ], [ -71.3854342, 41.5399909 ], [ -71.3854402, 41.5399292 ], [ -71.3854545, 41.5398696 ], [ -71.3854737, 41.5398371 ], [ -71.3854741, 41.5398028 ], [ -71.3854472, 41.5397507 ], [ -71.3854308, 41.5396866 ], [ -71.3854415, 41.539587 ], [ -71.3854698, 41.5394487 ], [ -71.3855411, 41.5393214 ], [ -71.3855887, 41.5392099 ], [ -71.3856608, 41.5391819 ], [ -71.385701, 41.5391693 ], [ -71.3856897, 41.5391556 ], [ -71.385625, 41.5390776 ], [ -71.3855994, 41.5390404 ], [ -71.3855814, 41.5389956 ], [ -71.3856112, 41.5389528 ], [ -71.3856507, 41.5389245 ], [ -71.3857005, 41.538907 ], [ -71.3857203, 41.538856 ], [ -71.3857161, 41.5388229 ], [ -71.3857115, 41.5387977 ], [ -71.3857178, 41.5387658 ], [ -71.3857012, 41.5387237 ], [ -71.3856978, 41.538673 ], [ -71.385809, 41.538606 ], [ -71.3859247, 41.5384853 ], [ -71.3860541, 41.5383504 ], [ -71.3860421, 41.5383139 ], [ -71.38599, 41.5381548 ], [ -71.3861064, 41.5379541 ], [ -71.3864595, 41.5376207 ], [ -71.3867654, 41.5374516 ], [ -71.3870071, 41.5375441 ], [ -71.3871981, 41.5375981 ], [ -71.3871491, 41.5375052 ], [ -71.3869937, 41.5374408 ], [ -71.3869142, 41.537392 ], [ -71.3868255, 41.5373577 ], [ -71.3867234, 41.5371827 ], [ -71.3868115, 41.5370603 ], [ -71.386931, 41.5368513 ], [ -71.3875677, 41.5361391 ], [ -71.3882504, 41.5356202 ], [ -71.3884198, 41.5353086 ], [ -71.3885003, 41.5351607 ], [ -71.3885112, 41.5351404 ], [ -71.3885466, 41.5350748 ], [ -71.3885717, 41.5350285 ], [ -71.3885811, 41.535011 ], [ -71.3886347, 41.5349431 ], [ -71.3886902, 41.5348729 ], [ -71.3888256, 41.5346709 ], [ -71.3888737, 41.5345992 ], [ -71.3888822, 41.5345685 ], [ -71.3888836, 41.5345632 ], [ -71.3888848, 41.5345589 ], [ -71.3889276, 41.5344034 ], [ -71.3889783, 41.5342193 ], [ -71.3889927, 41.5341673 ], [ -71.389031, 41.534028 ], [ -71.3890393, 41.533998 ], [ -71.3890524, 41.5339504 ], [ -71.3891177, 41.5338162 ], [ -71.3891763, 41.5336958 ], [ -71.3891963, 41.5336546 ], [ -71.3892369, 41.533571 ], [ -71.3894383, 41.5331571 ], [ -71.3894656, 41.5331009 ], [ -71.3895168, 41.5329958 ], [ -71.3895182, 41.5329879 ], [ -71.3895349, 41.5328987 ], [ -71.389536, 41.5328922 ], [ -71.3895774, 41.53267 ], [ -71.3896102, 41.5324942 ], [ -71.3896157, 41.5324642 ], [ -71.3896256, 41.5324112 ], [ -71.3896853, 41.5320903 ], [ -71.389689, 41.5320705 ], [ -71.3896919, 41.5320551 ], [ -71.3896925, 41.5320516 ], [ -71.3897537, 41.5317232 ], [ -71.3897677, 41.5316479 ], [ -71.3897668, 41.5316271 ], [ -71.3897591, 41.5314412 ], [ -71.3897491, 41.5312009 ], [ -71.3897483, 41.5311814 ], [ -71.3898274, 41.5310575 ], [ -71.3898353, 41.5310451 ], [ -71.3898908, 41.530958 ], [ -71.3899033, 41.5309384 ], [ -71.3899254, 41.5309038 ], [ -71.3900904, 41.5306451 ], [ -71.390095, 41.5305778 ], [ -71.3901238, 41.5301566 ], [ -71.3903905, 41.5296885 ], [ -71.3905176, 41.5294654 ], [ -71.3905607, 41.5293897 ], [ -71.3906813, 41.5288909 ], [ -71.3909246, 41.5278848 ], [ -71.3913681, 41.526989 ], [ -71.3914631, 41.5267972 ], [ -71.3914019, 41.5265119 ], [ -71.3914192, 41.526491 ], [ -71.3914223, 41.5264872 ], [ -71.3915532, 41.5263285 ], [ -71.3915599, 41.5263204 ], [ -71.3916786, 41.5261765 ], [ -71.3917668, 41.5259344 ], [ -71.3918629, 41.5256705 ], [ -71.3918852, 41.5256092 ], [ -71.3920135, 41.5252569 ], [ -71.3920462, 41.5251671 ], [ -71.392223, 41.5246815 ], [ -71.3922235, 41.52468 ], [ -71.3922441, 41.5245162 ], [ -71.39229, 41.524149 ], [ -71.3923338, 41.5237996 ], [ -71.3923572, 41.522727 ], [ -71.39237, 41.5221369 ], [ -71.3923731, 41.5219933 ], [ -71.3923686, 41.5219066 ], [ -71.392334, 41.5212485 ], [ -71.3923265, 41.5211055 ], [ -71.3922017, 41.5206062 ], [ -71.3922608, 41.5202664 ], [ -71.3923033, 41.5200221 ], [ -71.3921409, 41.5196962 ], [ -71.3921086, 41.519411 ], [ -71.3922235, 41.5189335 ], [ -71.3923481, 41.5184157 ], [ -71.3923823, 41.5180697 ], [ -71.3924085, 41.5178046 ], [ -71.3921922, 41.5172625 ], [ -71.3918854, 41.5164933 ], [ -71.3918303, 41.5161172 ], [ -71.3917944, 41.515872 ], [ -71.3916638, 41.515601 ], [ -71.3912845, 41.514814 ], [ -71.3910381, 41.5145146 ], [ -71.3896073, 41.5137292 ], [ -71.3881359, 41.5127341 ], [ -71.3881266, 41.5127278 ], [ -71.3871326, 41.5121664 ], [ -71.384363, 41.5102188 ], [ -71.3832011, 41.5091537 ], [ -71.3828607, 41.5088417 ], [ -71.3827611, 41.508835 ], [ -71.3827677, 41.5089261 ], [ -71.3826966, 41.5089842 ], [ -71.382645, 41.5089159 ], [ -71.3826206, 41.5086037 ], [ -71.3823715, 41.5082418 ], [ -71.3820905, 41.5080376 ], [ -71.381519, 41.5076225 ], [ -71.381187, 41.5073307 ], [ -71.3807504, 41.506947 ], [ -71.3807379, 41.506936 ], [ -71.3805224, 41.5068316 ], [ -71.3804168, 41.5067804 ], [ -71.3803261, 41.506762 ], [ -71.3801783, 41.5067319 ], [ -71.3799881, 41.5066932 ], [ -71.3796734, 41.5063784 ], [ -71.3795949, 41.5062999 ], [ -71.3789335, 41.5061186 ], [ -71.3780567, 41.5061499 ], [ -71.377697, 41.5064441 ], [ -71.3774869, 41.5066076 ], [ -71.3774522, 41.5067363 ], [ -71.3773845, 41.5066512 ], [ -71.3770254, 41.5067737 ], [ -71.3769823, 41.5068576 ], [ -71.3769072, 41.5067791 ], [ -71.3764872, 41.5067667 ], [ -71.3764174, 41.5068345 ], [ -71.3762656, 41.5067456 ], [ -71.3759461, 41.5067371 ], [ -71.3758628, 41.5068747 ], [ -71.3758232, 41.5067789 ], [ -71.3754574, 41.5069313 ], [ -71.3750387, 41.5071754 ], [ -71.3754982, 41.5072932 ], [ -71.3753852, 41.5076173 ], [ -71.3753845, 41.5076191 ], [ -71.375206, 41.5076799 ], [ -71.3750263, 41.5078994 ], [ -71.3748807, 41.5079498 ], [ -71.3748565, 41.5076267 ], [ -71.3749654, 41.5074356 ], [ -71.3748307, 41.5072445 ], [ -71.3748391, 41.5069966 ], [ -71.3748355, 41.5069968 ], [ -71.3748234, 41.5069974 ], [ -71.3747295, 41.5070023 ], [ -71.3746931, 41.5070042 ], [ -71.3746721, 41.5070053 ], [ -71.3746534, 41.5070063 ], [ -71.3746669, 41.5070861 ], [ -71.3746648, 41.5084311 ], [ -71.3745117, 41.5084985 ], [ -71.3743011, 41.5087642 ], [ -71.374045, 41.5088529 ], [ -71.3740221, 41.5090032 ], [ -71.3739768, 41.5088723 ], [ -71.3738603, 41.5088409 ], [ -71.3733844, 41.5091076 ], [ -71.3731791, 41.5091085 ], [ -71.3730205, 41.5089946 ], [ -71.3727501, 41.5090182 ], [ -71.3722993, 41.5091514 ], [ -71.3721382, 41.5093372 ], [ -71.3717608, 41.5094678 ], [ -71.3716206, 41.5094043 ], [ -71.3716222, 41.5093851 ], [ -71.3716269, 41.5093309 ], [ -71.3719428, 41.5091565 ], [ -71.3721669, 41.5088499 ], [ -71.372191, 41.5086072 ], [ -71.3723973, 41.508345 ], [ -71.3727118, 41.508174 ], [ -71.372862, 41.5080199 ], [ -71.3723835, 41.5080512 ], [ -71.3719802, 41.5082916 ], [ -71.3710594, 41.5090573 ], [ -71.3705949, 41.5092647 ], [ -71.3703504, 41.5091335 ], [ -71.3702312, 41.5090689 ], [ -71.3702558, 41.5089838 ], [ -71.3705967, 41.5091526 ], [ -71.371037, 41.5089622 ], [ -71.3713366, 41.5086825 ], [ -71.371406, 41.5084624 ], [ -71.3722766, 41.5077282 ], [ -71.3723471, 41.507618 ], [ -71.3722628, 41.5075354 ], [ -71.3724219, 41.5075044 ], [ -71.3725545, 41.5073357 ], [ -71.3726124, 41.50744 ], [ -71.3731671, 41.5072522 ], [ -71.3738987, 41.5072524 ], [ -71.37394, 41.5073766 ], [ -71.3738081, 41.5075737 ], [ -71.3737148, 41.5075099 ], [ -71.3736749, 41.507542 ], [ -71.3735433, 41.5076475 ], [ -71.3737783, 41.5076842 ], [ -71.3740017, 41.5075523 ], [ -71.3741467, 41.5074688 ], [ -71.374228, 41.5076924 ], [ -71.3743523, 41.5076804 ], [ -71.3743502, 41.5075732 ], [ -71.3742379, 41.5071631 ], [ -71.3741121, 41.506992 ], [ -71.3741176, 41.506867 ], [ -71.3742679, 41.5067633 ], [ -71.3744681, 41.5067531 ], [ -71.3745049, 41.5067804 ], [ -71.3745257, 41.5067958 ], [ -71.374666, 41.5068998 ], [ -71.3746765, 41.5068997 ], [ -71.3746909, 41.5068995 ], [ -71.374822, 41.5068978 ], [ -71.3748334, 41.5068977 ], [ -71.3748605, 41.5068973 ], [ -71.3749056, 41.506802 ], [ -71.3757193, 41.5064712 ], [ -71.3761915, 41.5064188 ], [ -71.376286, 41.5063339 ], [ -71.3762527, 41.5060244 ], [ -71.3765134, 41.5060486 ], [ -71.3764364, 41.506094 ], [ -71.3766047, 41.5061332 ], [ -71.3765422, 41.5061878 ], [ -71.3766022, 41.5064505 ], [ -71.3771233, 41.5064433 ], [ -71.3773329, 41.5063515 ], [ -71.377849, 41.5059787 ], [ -71.3779453, 41.5060152 ], [ -71.3779542, 41.5060186 ], [ -71.3780528, 41.505958 ], [ -71.3781506, 41.5058979 ], [ -71.3785756, 41.5053942 ], [ -71.3789681, 41.5046075 ], [ -71.3789787, 41.5045863 ], [ -71.3796159, 41.5040251 ], [ -71.3802742, 41.5036908 ], [ -71.3808179, 41.5034146 ], [ -71.3818148, 41.5026566 ], [ -71.382135, 41.5024894 ], [ -71.3823165, 41.5020718 ], [ -71.382437, 41.5019001 ], [ -71.3831203, 41.5009264 ], [ -71.3835068, 41.5003757 ], [ -71.3837356, 41.5001475 ], [ -71.3837919, 41.4995292 ], [ -71.3843041, 41.4986194 ], [ -71.3843823, 41.4981833 ], [ -71.3844254, 41.4979427 ], [ -71.3845173, 41.4977876 ], [ -71.384705, 41.497471 ], [ -71.3846591, 41.4970296 ], [ -71.3848466, 41.4967645 ], [ -71.3848912, 41.4967014 ], [ -71.3850113, 41.4965316 ], [ -71.3850839, 41.4964291 ], [ -71.3852053, 41.4962574 ], [ -71.3852423, 41.4962051 ], [ -71.3852469, 41.4962039 ], [ -71.3855607, 41.496122 ], [ -71.385794, 41.4961226 ], [ -71.3858837, 41.49603 ], [ -71.3859706, 41.4959337 ], [ -71.3859157, 41.4958939 ], [ -71.3858614, 41.4958546 ], [ -71.385748, 41.4958841 ], [ -71.3857006, 41.4958869 ], [ -71.3855819, 41.4958939 ], [ -71.3854159, 41.4959038 ], [ -71.3853758, 41.4959034 ], [ -71.3852136, 41.495902 ], [ -71.3850877, 41.4959008 ], [ -71.3848618, 41.4958988 ], [ -71.3847176, 41.4958764 ], [ -71.3846957, 41.4958731 ], [ -71.3845374, 41.4956767 ], [ -71.3845052, 41.4955651 ], [ -71.3843647, 41.4950793 ], [ -71.3843527, 41.4947491 ], [ -71.3840928, 41.4943023 ], [ -71.3841148, 41.4941232 ], [ -71.38418, 41.494043 ], [ -71.3843435, 41.4938415 ], [ -71.3842032, 41.4936683 ], [ -71.3843326, 41.4934032 ], [ -71.3843216, 41.4932602 ], [ -71.3840815, 41.4928744 ], [ -71.3837065, 41.4927425 ], [ -71.3831544, 41.4926705 ], [ -71.3823441, 41.492861 ], [ -71.3816211, 41.4926442 ], [ -71.3812798, 41.4926652 ], [ -71.3807319, 41.4924309 ], [ -71.3810197, 41.4923809 ], [ -71.3811268, 41.4924436 ], [ -71.3812432, 41.4924227 ], [ -71.3811056, 41.4922007 ], [ -71.3809258, 41.4920886 ], [ -71.3806993, 41.4915801 ], [ -71.380969, 41.4904516 ], [ -71.3811584, 41.490022 ], [ -71.3811612, 41.4900156 ], [ -71.3813028, 41.4896942 ], [ -71.3816526, 41.4895194 ], [ -71.3821844, 41.4893706 ], [ -71.382623, 41.4894186 ], [ -71.3841041, 41.4893131 ], [ -71.3852486, 41.4889255 ], [ -71.3859796, 41.4888386 ], [ -71.3863372, 41.4894185 ], [ -71.3866565, 41.4895478 ], [ -71.3867378, 41.4895951 ], [ -71.3866733, 41.4899064 ], [ -71.3865112, 41.4899234 ], [ -71.3864384, 41.490107 ], [ -71.3863424, 41.4901525 ], [ -71.3865172, 41.4904806 ], [ -71.3863495, 41.4906418 ], [ -71.3863971, 41.4912523 ], [ -71.386342, 41.4914223 ], [ -71.3865099, 41.4918652 ], [ -71.3866565, 41.4919656 ], [ -71.3876439, 41.4920311 ], [ -71.3879533, 41.4922399 ], [ -71.3882181, 41.4925946 ], [ -71.388355, 41.492778 ], [ -71.388743, 41.4928974 ], [ -71.3890639, 41.4928889 ], [ -71.3891479, 41.4928866 ], [ -71.3892253, 41.4928846 ], [ -71.3897755, 41.4927501 ], [ -71.3900044, 41.4926942 ], [ -71.3903528, 41.4923565 ], [ -71.3903814, 41.4923287 ], [ -71.3903911, 41.4923194 ], [ -71.3906921, 41.4920277 ], [ -71.3906965, 41.4920257 ], [ -71.3907195, 41.4920158 ], [ -71.3909657, 41.4919093 ], [ -71.3910859, 41.4918573 ], [ -71.3934656, 41.4917584 ], [ -71.3944633, 41.4918371 ], [ -71.3945983, 41.4918776 ], [ -71.3946115, 41.4919903 ], [ -71.3947307, 41.4920443 ], [ -71.39491, 41.4920157 ], [ -71.3948827, 41.4919259 ], [ -71.3950752, 41.49201 ], [ -71.395096, 41.4920842 ], [ -71.3953663, 41.4921599 ], [ -71.3958639, 41.4918738 ], [ -71.3957986, 41.491735 ], [ -71.3956316, 41.491691 ], [ -71.3954725, 41.4913711 ], [ -71.3953538, 41.491412 ], [ -71.3952076, 41.4916863 ], [ -71.3953181, 41.4918309 ], [ -71.3951757, 41.4918 ], [ -71.3946032, 41.4916831 ], [ -71.3943838, 41.491557 ], [ -71.3944558, 41.4913515 ], [ -71.3942271, 41.4913053 ], [ -71.3942816, 41.4911001 ], [ -71.3945072, 41.4911443 ], [ -71.3943795, 41.4909607 ], [ -71.3944634, 41.4909169 ], [ -71.3945062, 41.4907187 ], [ -71.3947653, 41.4906268 ], [ -71.394774, 41.4905204 ], [ -71.3949854, 41.4905202 ], [ -71.3952817, 41.4903815 ], [ -71.3953989, 41.4901037 ], [ -71.3960041, 41.4899379 ], [ -71.3959664, 41.4897783 ], [ -71.3963534, 41.4895667 ], [ -71.3968841, 41.4890193 ], [ -71.3968163, 41.4889082 ], [ -71.3965485, 41.4888666 ], [ -71.3965529, 41.4888387 ], [ -71.3966044, 41.4885152 ], [ -71.3965287, 41.4884473 ], [ -71.3970303, 41.4881472 ], [ -71.3973016, 41.4881654 ], [ -71.3974024, 41.4882232 ], [ -71.3974229, 41.4883285 ], [ -71.3974339, 41.4883854 ], [ -71.3976166, 41.4884198 ], [ -71.3980129, 41.488718 ], [ -71.398045, 41.4888107 ], [ -71.3973659, 41.4893899 ], [ -71.3972002, 41.4896472 ], [ -71.3969081, 41.4898424 ], [ -71.3969244, 41.4901126 ], [ -71.3968279, 41.4903445 ], [ -71.3965892, 41.4905195 ], [ -71.3962622, 41.4905478 ], [ -71.3961815, 41.4912079 ], [ -71.3960991, 41.4913054 ], [ -71.3961367, 41.4917188 ], [ -71.3961036, 41.4917108 ], [ -71.3960178, 41.4916902 ], [ -71.3959727, 41.4917629 ], [ -71.396005, 41.4918165 ], [ -71.3961968, 41.4921349 ], [ -71.3967282, 41.4925641 ], [ -71.3967309, 41.4925696 ], [ -71.3968507, 41.4928132 ], [ -71.3968158, 41.4932627 ], [ -71.396697, 41.493491 ], [ -71.3966631, 41.4935561 ], [ -71.3966108, 41.4936565 ], [ -71.3965937, 41.4937237 ], [ -71.3965728, 41.4938059 ], [ -71.3965474, 41.4939058 ], [ -71.3964607, 41.4942467 ], [ -71.3964799, 41.4943582 ], [ -71.3965242, 41.4944483 ], [ -71.3964549, 41.4946548 ], [ -71.396322, 41.4946321 ], [ -71.3962018, 41.4946115 ], [ -71.3961868, 41.49467 ], [ -71.3961733, 41.4947227 ], [ -71.396225, 41.4947316 ], [ -71.3965306, 41.4947839 ], [ -71.3965337, 41.4947745 ], [ -71.3966347, 41.494467 ], [ -71.3967397, 41.494385 ], [ -71.396781, 41.4942803 ], [ -71.3968114, 41.4942052 ], [ -71.3968604, 41.4940448 ], [ -71.3970101, 41.4936204 ], [ -71.3972779, 41.4932932 ], [ -71.3975423, 41.4932166 ], [ -71.3979218, 41.4932219 ], [ -71.3983318, 41.4932276 ], [ -71.3984553, 41.4932293 ], [ -71.3996585, 41.4924995 ], [ -71.3997697, 41.4922515 ], [ -71.3999782, 41.4920242 ], [ -71.4, 41.491844 ], [ -71.4, 41.4929076 ], [ -71.4, 41.4929752 ], [ -71.4, 41.4929976 ], [ -71.4, 41.493049 ], [ -71.4, 41.4935977 ], [ -71.4, 41.4940298 ], [ -71.4, 41.4941289 ], [ -71.4, 41.4941511 ], [ -71.4, 41.4947806 ], [ -71.4, 41.4951619 ], [ -71.4, 41.4952305 ], [ -71.4, 41.4958024 ], [ -71.4, 41.4958681 ], [ -71.4, 41.4967381 ], [ -71.4, 41.4968599 ], [ -71.4, 41.4993433 ], [ -71.4, 41.4995889 ], [ -71.4, 41.4998694 ], [ -71.4, 41.5000842 ], [ -71.4, 41.500173 ], [ -71.4, 41.5001764 ], [ -71.4, 41.5001853 ], [ -71.4, 41.5005925 ], [ -71.3998548, 41.5008681 ], [ -71.3995212, 41.5012265 ], [ -71.3994251, 41.5012674 ], [ -71.3992569, 41.5013388 ], [ -71.3987676, 41.5015468 ], [ -71.3985544, 41.5017047 ], [ -71.3983962, 41.5018683 ], [ -71.3980139, 41.5022635 ], [ -71.397987, 41.5023142 ], [ -71.3979507, 41.5023824 ], [ -71.3979261, 41.5024934 ], [ -71.3973983, 41.5027918 ], [ -71.396935, 41.5033445 ], [ -71.3966798, 41.5034561 ], [ -71.3963388, 41.503451 ], [ -71.3962521, 41.5033416 ], [ -71.3961704, 41.5033818 ], [ -71.3960801, 41.5034263 ], [ -71.3961415, 41.5035054 ], [ -71.3961403, 41.5035129 ], [ -71.3961152, 41.503667 ], [ -71.3961101, 41.5036984 ], [ -71.3964875, 41.5041487 ], [ -71.3964982, 41.5043208 ], [ -71.3965272, 41.5047858 ], [ -71.3966541, 41.5052021 ], [ -71.3971673, 41.5060501 ], [ -71.3978342, 41.5065697 ], [ -71.3985242, 41.506766 ], [ -71.4, 41.506767 ], [ -71.4, 41.5070897 ], [ -71.4, 41.5071826 ], [ -71.4, 41.5072596 ], [ -71.4, 41.5072655 ], [ -71.4, 41.5073258 ], [ -71.4, 41.507584 ], [ -71.4, 41.5078395 ], [ -71.4, 41.5078911 ], [ -71.4, 41.5079657 ], [ -71.4, 41.5080125 ], [ -71.4, 41.5082887 ], [ -71.4, 41.5096901 ], [ -71.4, 41.5098531 ], [ -71.4, 41.5099679 ], [ -71.4, 41.5116499 ], [ -71.4, 41.5123319 ], [ -71.4, 41.5124692 ], [ -71.4, 41.513873 ], [ -71.4, 41.5151805 ], [ -71.4, 41.515277 ], [ -71.4, 41.516768 ], [ -71.4, 41.5239211 ], [ -71.4, 41.5240498 ], [ -71.4, 41.5241277 ], [ -71.4, 41.5245937 ], [ -71.4, 41.5252408 ], [ -71.4, 41.5252828 ], [ -71.4, 41.5252968 ], [ -71.4, 41.5260246 ], [ -71.4, 41.5263351 ], [ -71.4, 41.5270925 ], [ -71.4, 41.5275925 ], [ -71.4, 41.5276991 ], [ -71.4, 41.5277826 ], [ -71.4, 41.5279707 ], [ -71.4, 41.5281124 ], [ -71.4, 41.5328014 ], [ -71.4, 41.5330649 ], [ -71.4, 41.5353982 ], [ -71.4, 41.5355025 ], [ -71.4, 41.5356388 ], [ -71.4, 41.537439 ], [ -71.4, 41.5401282 ], [ -71.4, 41.5411419 ], [ -71.4, 41.5428782 ], [ -71.4, 41.5434778 ], [ -71.4, 41.5443037 ], [ -71.4, 41.549852 ], [ -71.4, 41.55 ], [ -71.3999643, 41.55 ], [ -71.3999478, 41.55 ], [ -71.3977531, 41.55 ], [ -71.3972651, 41.55 ], [ -71.3966202, 41.55 ], [ -71.3955113, 41.55 ], [ -71.3953523, 41.55 ], [ -71.3948799, 41.55 ], [ -71.3947973, 41.55 ], [ -71.3941124, 41.55 ], [ -71.3936034, 41.55 ], [ -71.3933623, 41.55 ], [ -71.392656, 41.55 ], [ -71.3915466, 41.55 ], [ -71.3915044, 41.55 ], [ -71.391407, 41.55 ], [ -71.3906584, 41.55 ], [ -71.3882548, 41.55 ], [ -71.3876221, 41.55 ], [ -71.3874667, 41.55 ], [ -71.3871625, 41.55 ], [ -71.3868502, 41.55 ], [ -71.3865435, 41.55 ], [ -71.3865348, 41.55 ], [ -71.3864288, 41.55 ], [ -71.3856677, 41.55 ], [ -71.3854047, 41.55 ], [ -71.3854058, 41.5499855 ], [ -71.3854382, 41.5498083 ], [ -71.3854668, 41.5496697 ], [ -71.3854705, 41.5495745 ], [ -71.385496, 41.5494558 ], [ -71.3855057, 41.5493738 ], [ -71.3855103, 41.5492472 ], [ -71.3855757, 41.5490926 ], [ -71.385646, 41.5488578 ], [ -71.3857172, 41.5486859 ], [ -71.3857032, 41.5485243 ], [ -71.3856834, 41.5484338 ], [ -71.3856546, 41.5482649 ], [ -71.3856545, 41.548127 ], [ -71.3856805, 41.5479438 ], [ -71.3857383, 41.5477428 ], [ -71.3858357, 41.5476 ], [ -71.3859469, 41.5474225 ], [ -71.3860256, 41.5473255 ], [ -71.3861358, 41.5471928 ], [ -71.386178, 41.547128 ], [ -71.386244, 41.5470226 ], [ -71.3862914, 41.5468796 ], [ -71.3863211, 41.5467536 ], [ -71.3863172, 41.5466399 ], [ -71.3863223, 41.5465473 ], [ -71.3863515, 41.5464429 ], [ -71.386383, 41.5463382 ], [ -71.3864006, 41.5462101 ], [ -71.3864166, 41.5460507 ], [ -71.3864425, 41.5459221 ], [ -71.386431, 41.5458017 ], [ -71.3864267, 41.5457248 ], [ -71.3864326, 41.5456412 ], [ -71.3864086, 41.5455285 ], [ -71.3863741, 41.5454199 ], [ -71.3863688, 41.545412 ], [ -71.3863288, 41.5453522 ], [ -71.3862789, 41.545257 ], [ -71.3862288, 41.5451052 ], [ -71.386224, 41.5450633 ], [ -71.3862176, 41.5450582 ], [ -71.3861932, 41.5450245 ], [ -71.3861689, 41.5449639 ], [ -71.3861476, 41.5448824 ], [ -71.3861001, 41.54483 ], [ -71.3860511, 41.5447473 ], [ -71.3860071, 41.5446517 ], [ -71.385986, 41.5445961 ], [ -71.3859761, 41.5445699 ], [ -71.3859528, 41.5445065 ], [ -71.3859485, 41.544376 ], [ -71.3859688, 41.5442163 ], [ -71.3860401, 41.5439815 ], [ -71.3861544, 41.5437215 ], [ -71.3862284, 41.5435436 ], [ -71.386248, 41.5435162 ], [ -71.3862735, 41.5434886 ], [ -71.386283, 41.5434776 ], [ -71.3862422, 41.5434394 ], [ -71.3862394, 41.5433842 ], [ -71.3862309, 41.5433285 ], [ -71.3862253, 41.5432797 ], [ -71.386226, 41.5432121 ], [ -71.3862467, 41.5431058 ], [ -71.3862714, 41.5430449 ], [ -71.3863116, 41.5429726 ], [ -71.3863165, 41.5429373 ], [ -71.3863153, 41.5428979 ], [ -71.386331, 41.5428533 ], [ -71.3863318, 41.5428518 ], [ -71.3863377, 41.5427731 ], [ -71.3863281, 41.5427455 ], [ -71.3863272, 41.5427096 ], [ -71.3863332, 41.5426479 ], [ -71.3863744, 41.5424721 ], [ -71.386409, 41.5423782 ], [ -71.3864177, 41.5423353 ], [ -71.3863966, 41.5423045 ], [ -71.3863437, 41.5422767 ], [ -71.3863115, 41.5422438 ], [ -71.3862573, 41.5421623 ], [ -71.38625, 41.5421469 ], [ -71.3862389, 41.5421141 ], [ -71.386232, 41.5420899 ], [ -71.3862064, 41.5420141 ], [ -71.3861963, 41.5419935 ], [ -71.3861568, 41.5419265 ], [ -71.3861128, 41.5418661 ], [ -71.386072, 41.5418079 ], [ -71.3860347, 41.5417712 ], [ -71.3859956, 41.5416975 ], [ -71.3859732, 41.541624 ], [ -71.3859584, 41.5415752 ], [ -71.3859522, 41.5415062 ], [ -71.3859516, 41.5414869 ], [ -71.385957, 41.5414323 ], [ -71.3859523, 41.5412658 ], [ -71.3859931, 41.5410471 ], [ -71.3860608, 41.5408954 ], [ -71.3861163, 41.5407732 ], [ -71.3861328, 41.5407241 ], [ -71.3861076, 41.5407007 ], [ -71.386106, 41.5406992 ], [ -71.3860619, 41.540676 ], [ -71.3860094, 41.5406638 ], [ -71.3859993, 41.5406687 ], [ -71.3858954, 41.5406302 ], [ -71.3858646, 41.5406125 ], [ -71.3856987, 41.5404325 ] ] ] } },
{ "type": "Feature", "properties": { "RCID": 2383, "PRIM": 3, "GRUP": 2, "OBJL": 112, "RVER": 1, "AGEN": 550, "FIDN": 478103841, "FIDS": 8691, "LNAM": "02261C7F492121F3", "RESTRN": [ "16" ], "INFORM": "40 CFR 140", "SCAMIN": 59999, "TXTDSC": "US412DDE.TXT", "SORDAT": "201306", "SORIND": "US,US,graph,Chart 13223" }, "geometry": { "type": "Polygon", "coordinates": [ [ [ -71.3978877, 41.475 ], [ -71.3973368, 41.475 ], [ -71.3972348, 41.4766411 ], [ -71.3970085, 41.4771085 ], [ -71.3968429, 41.4774506 ], [ -71.3965984, 41.4782764 ], [ -71.3967088, 41.4789949 ], [ -71.3965804, 41.479846 ], [ -71.3970206, 41.4808879 ], [ -71.3969552, 41.4816538 ], [ -71.3969879, 41.4819912 ], [ -71.3970599, 41.4820752 ], [ -71.3969116, 41.4822127 ], [ -71.3969021, 41.4825455 ], [ -71.3971518, 41.4833846 ], [ -71.3976501, 41.4841392 ], [ -71.3978293, 41.4844104 ], [ -71.3977578, 41.4846136 ], [ -71.3979272, 41.4848546 ], [ -71.3979335, 41.4848635 ], [ -71.3980549, 41.4850363 ], [ -71.3979998, 41.4852529 ], [ -71.3977412, 41.4854811 ], [ -71.3976217, 41.4855865 ], [ -71.3973851, 41.4862474 ], [ -71.3973726, 41.4864675 ], [ -71.3975042, 41.4867413 ], [ -71.3978125, 41.4871058 ], [ -71.3978613, 41.4872403 ], [ -71.397946, 41.4874735 ], [ -71.397952, 41.48749 ], [ -71.3979761, 41.4875223 ], [ -71.3980912, 41.4876767 ], [ -71.3981204, 41.4877157 ], [ -71.3989895, 41.488331 ], [ -71.4, 41.4888222 ], [ -71.4, 41.4881283 ], [ -71.4, 41.4880714 ], [ -71.4, 41.487841 ], [ -71.4, 41.4875324 ], [ -71.4, 41.4872279 ], [ -71.4, 41.4871526 ], [ -71.4, 41.4869433 ], [ -71.4, 41.4866626 ], [ -71.4, 41.4866538 ], [ -71.4, 41.486221 ], [ -71.4, 41.4861017 ], [ -71.4, 41.485275 ], [ -71.4, 41.4852595 ], [ -71.4, 41.485197 ], [ -71.4, 41.4846322 ], [ -71.4, 41.4805784 ], [ -71.4, 41.480414 ], [ -71.4, 41.480259 ], [ -71.4, 41.4800496 ], [ -71.4, 41.477379 ], [ -71.4, 41.4771627 ], [ -71.4, 41.476039 ], [ -71.4, 41.475 ], [ -71.3993825, 41.475 ], [ -71.3992555, 41.475 ], [ -71.3991875, 41.475 ], [ -71.3989723, 41.475 ], [ -71.3985342, 41.475 ], [ -71.3984465, 41.475 ], [ -71.3983767, 41.475 ], [ -71.3983438, 41.475 ], [ -71.39814, 41.475 ], [ -71.3980029, 41.475 ], [ -71.3979445, 41.475 ], [ -71.3978877, 41.475 ] ] ] } },
{ "type": "Feature", "properties": { "RCID": 2384, "PRIM": 3, "GRUP": 2, "OBJL": 112, "RVER": 1, "AGEN": 550, "FIDN": 545379609, "FIDS": 8691, "LNAM": "02262081D51921F3", "RESTRN": [ "8" ], "INFORM": "33 CFR 334.82:Navigation regulations are published in Chapter 2 of the U.S. Coast Pilot for this geographic area. Refer to regulation section numbers.", "SCAMIN": 59999, "SORDAT": "200504", "SORIND": "US,US,graph,Chart 13223" }, "geometry": { "type": "Polygon", "coordinates": [ [ [ -71.330726, 41.5176925 ], [ -71.3307852, 41.5178207 ], [ -71.3307935, 41.5178915 ], [ -71.330786, 41.5179601 ], [ -71.3307592, 41.5180105 ], [ -71.3307291, 41.5180561 ], [ -71.3306915, 41.5180991 ], [ -71.3306211, 41.5181677 ], [ -71.3304296, 41.5183062 ], [ -71.3303176, 41.5183396 ], [ -71.3302113, 41.5183457 ], [ -71.3301692, 41.5183429 ], [ -71.3301347, 41.5183324 ], [ -71.3301046, 41.5182967 ], [ -71.3300413, 41.5181908 ], [ -71.3299969, 41.5181765 ], [ -71.3299167, 41.5181639 ], [ -71.3298148, 41.518161 ], [ -71.3297293, 41.5181765 ], [ -71.3296517, 41.5182015 ], [ -71.3293683, 41.5183169 ], [ -71.329253, 41.5183471 ], [ -71.329135, 41.5183872 ], [ -71.3290001, 41.5184443 ], [ -71.3287663, 41.5185471 ], [ -71.3285877, 41.5186471 ], [ -71.3282139, 41.5188779 ], [ -71.3280235, 41.5189905 ], [ -71.3278852, 41.5191137 ], [ -71.3278279, 41.519213 ], [ -71.3278805, 41.5193743 ], [ -71.3277594, 41.5196532 ], [ -71.3277237, 41.519819 ], [ -71.3276188, 41.5203212 ], [ -71.3275701, 41.520557 ], [ -71.3275201, 41.5207251 ], [ -71.3274457, 41.5209092 ], [ -71.3273924, 41.5210567 ], [ -71.3273478, 41.5211722 ], [ -71.3273072, 41.5214185 ], [ -71.3272732, 41.5214655 ], [ -71.3271911, 41.5215581 ], [ -71.3270666, 41.5216416 ], [ -71.3270228, 41.5216846 ], [ -71.3269723, 41.5217251 ], [ -71.326798, 41.5218871 ], [ -71.3266401, 41.5219766 ], [ -71.326565, 41.5220211 ], [ -71.3264316, 41.5220857 ], [ -71.3263799, 41.5221172 ], [ -71.3263159, 41.52214 ], [ -71.3262453, 41.5221754 ], [ -71.3261389, 41.522207 ], [ -71.325912, 41.5222791 ], [ -71.3256629, 41.5223373 ], [ -71.3253959, 41.5223983 ], [ -71.3253045, 41.5224245 ], [ -71.325, 41.522524 ], [ -71.325, 41.5226122 ], [ -71.325, 41.523027 ], [ -71.325, 41.5230331 ], [ -71.325, 41.523131 ], [ -71.3251488, 41.5231135 ], [ -71.3252912, 41.5230968 ], [ -71.3253772, 41.5230867 ], [ -71.3255793, 41.523063 ], [ -71.3255916, 41.5230616 ], [ -71.3272608, 41.5228658 ], [ -71.3281984, 41.5227559 ], [ -71.3289954, 41.5226624 ], [ -71.3291722, 41.5226417 ], [ -71.3292752, 41.5224138 ], [ -71.3294291, 41.5220733 ], [ -71.3295257, 41.5218597 ], [ -71.3298917, 41.52105 ], [ -71.3304851, 41.5197375 ], [ -71.330555, 41.5195829 ], [ -71.3307245, 41.5192078 ], [ -71.3310199, 41.5185543 ], [ -71.3310447, 41.5184996 ], [ -71.3310946, 41.5183892 ], [ -71.3311079, 41.5183599 ], [ -71.3312707, 41.5179996 ], [ -71.3313333, 41.5178611 ], [ -71.3313333, 41.5176764 ], [ -71.3313333, 41.517413 ], [ -71.3313333, 41.5170907 ], [ -71.3313333, 41.5170797 ], [ -71.3313333, 41.5164492 ], [ -71.3313333, 41.5156635 ], [ -71.3313333, 41.5155889 ], [ -71.3313333, 41.5133259 ], [ -71.3313333, 41.5094247 ], [ -71.3313333, 41.5075417 ], [ -71.3312425, 41.5074284 ], [ -71.3309702, 41.5070884 ], [ -71.3309307, 41.5070391 ], [ -71.3309216, 41.5070278 ], [ -71.330737, 41.5067974 ], [ -71.3305607, 41.5065773 ], [ -71.330549, 41.5065626 ], [ -71.3302255, 41.5061588 ], [ -71.330132, 41.506042 ], [ -71.3299156, 41.5057719 ], [ -71.3296762, 41.505473 ], [ -71.3291714, 41.5048428 ], [ -71.3289634, 41.5045832 ], [ -71.3288137, 41.5043963 ], [ -71.3287213, 41.5042809 ], [ -71.3286543, 41.5041973 ], [ -71.3284028, 41.5038833 ], [ -71.3259499, 41.5029223 ], [ -71.3258432, 41.502884 ], [ -71.3257982, 41.5028679 ], [ -71.325669, 41.5028405 ], [ -71.325646, 41.5028393 ], [ -71.3255289, 41.5028331 ], [ -71.3254792, 41.5028344 ], [ -71.3253981, 41.5028366 ], [ -71.3253869, 41.5028366 ], [ -71.3253485, 41.5028367 ], [ -71.325269, 41.5028368 ], [ -71.325029, 41.5028356 ], [ -71.325, 41.5028358 ], [ -71.325, 41.504094 ], [ -71.325, 41.5048139 ], [ -71.325, 41.5052746 ], [ -71.325, 41.5057324 ], [ -71.325, 41.5057465 ], [ -71.325, 41.5059483 ], [ -71.325, 41.5061614 ], [ -71.325, 41.5064448 ], [ -71.325, 41.5065638 ], [ -71.325, 41.5070773 ], [ -71.3252245, 41.5066303 ], [ -71.3252314, 41.5066145 ], [ -71.325276, 41.5065116 ], [ -71.3252811, 41.5064998 ], [ -71.3252911, 41.5065017 ], [ -71.3257946, 41.5065978 ], [ -71.3258558, 41.5066095 ], [ -71.3259902, 41.506637 ], [ -71.3259907, 41.5066371 ], [ -71.3266737, 41.5067769 ], [ -71.3268211, 41.5064651 ], [ -71.3269841, 41.5061511 ], [ -71.3270529, 41.5060076 ], [ -71.3269254, 41.5059315 ], [ -71.3269384, 41.5059063 ], [ -71.3269898, 41.5058067 ], [ -71.3271157, 41.5058372 ], [ -71.3271322, 41.5058412 ], [ -71.3271977, 41.505712 ], [ -71.3272401, 41.5056259 ], [ -71.3272857, 41.5055326 ], [ -71.3273368, 41.5054318 ], [ -71.3273757, 41.5053553 ], [ -71.327408, 41.5052919 ], [ -71.327442, 41.5052196 ], [ -71.3274553, 41.5051913 ], [ -71.3274243, 41.5050728 ], [ -71.3272607, 41.5049841 ], [ -71.3272448, 41.5049756 ], [ -71.3270777, 41.5048856 ], [ -71.3270718, 41.5048823 ], [ -71.3267307, 41.5046999 ], [ -71.3266078, 41.5046316 ], [ -71.3261665, 41.5043861 ], [ -71.3261622, 41.504384 ], [ -71.3260433, 41.5043241 ], [ -71.3260187, 41.5043117 ], [ -71.3257647, 41.5041744 ], [ -71.3256133, 41.5040926 ], [ -71.3256034, 41.5040692 ], [ -71.3252924, 41.5033347 ], [ -71.325433, 41.5032973 ], [ -71.3255306, 41.5032714 ], [ -71.3255314, 41.5032722 ], [ -71.3260888, 41.5038172 ], [ -71.3264185, 41.5039087 ], [ -71.3272027, 41.5041263 ], [ -71.3275749, 41.5042025 ], [ -71.3276629, 41.5042562 ], [ -71.3280696, 41.504357 ], [ -71.3281695, 41.5045513 ], [ -71.328197, 41.504605 ], [ -71.328243, 41.5046557 ], [ -71.3282879, 41.5047054 ], [ -71.328336, 41.5047758 ], [ -71.3283779, 41.5048475 ], [ -71.3283859, 41.5049352 ], [ -71.3283693, 41.5050161 ], [ -71.328275, 41.5051436 ], [ -71.3282814, 41.5054195 ], [ -71.3286326, 41.5058684 ], [ -71.3287111, 41.5059552 ], [ -71.3288379, 41.5060674 ], [ -71.3289584, 41.5061837 ], [ -71.3291236, 41.5063104 ], [ -71.3293064, 41.5064355 ], [ -71.3294991, 41.5065752 ], [ -71.3296133, 41.5066465 ], [ -71.329731, 41.5067117 ], [ -71.3298374, 41.5067582 ], [ -71.329962, 41.5067596 ], [ -71.3302822, 41.506896 ], [ -71.3303072, 41.5069067 ], [ -71.3303444, 41.5069319 ], [ -71.3304124, 41.5069782 ], [ -71.3304919, 41.507061 ], [ -71.330572, 41.5071326 ], [ -71.3306374, 41.5072051 ], [ -71.3306436, 41.5072121 ], [ -71.3306953, 41.5072995 ], [ -71.3307178, 41.5073716 ], [ -71.3307252, 41.5074555 ], [ -71.3307234, 41.5074848 ], [ -71.3307187, 41.5075593 ], [ -71.3306873, 41.5076764 ], [ -71.3306867, 41.5076777 ], [ -71.3306481, 41.507762 ], [ -71.3306313, 41.5077928 ], [ -71.3305875, 41.5078728 ], [ -71.3304688, 41.5080643 ], [ -71.3304231, 41.5081615 ], [ -71.3304031, 41.5082326 ], [ -71.3303941, 41.5083068 ], [ -71.3303884, 41.5084186 ], [ -71.3303893, 41.5085119 ], [ -71.3303725, 41.5085855 ], [ -71.3303499, 41.5087031 ], [ -71.3303246, 41.5088793 ], [ -71.3302955, 41.5090886 ], [ -71.3302716, 41.5092355 ], [ -71.3303713, 41.5093672 ], [ -71.3306886, 41.5092509 ], [ -71.3306295, 41.5095953 ], [ -71.3304782, 41.5096304 ], [ -71.3303859, 41.5097751 ], [ -71.3303814, 41.5100628 ], [ -71.3303898, 41.5103619 ], [ -71.3303846, 41.5105844 ], [ -71.3303455, 41.5107534 ], [ -71.3303224, 41.5108396 ], [ -71.3302767, 41.5110752 ], [ -71.3303806, 41.5112561 ], [ -71.330245, 41.5114127 ], [ -71.3302285, 41.5115649 ], [ -71.3302628, 41.5116375 ], [ -71.3302902, 41.5117211 ], [ -71.3302524, 41.5118226 ], [ -71.330265, 41.5119029 ], [ -71.3302161, 41.5119661 ], [ -71.3300552, 41.5120957 ], [ -71.3299499, 41.5121746 ], [ -71.3298581, 41.5122938 ], [ -71.32977, 41.5124157 ], [ -71.3297487, 41.5125138 ], [ -71.3297057, 41.5126721 ], [ -71.329658, 41.5127701 ], [ -71.3296528, 41.5128946 ], [ -71.3296516, 41.5129972 ], [ -71.3296597, 41.5130885 ], [ -71.3296502, 41.513162 ], [ -71.3295974, 41.5132527 ], [ -71.3295797, 41.5133703 ], [ -71.329536, 41.5134425 ], [ -71.3295322, 41.5135396 ], [ -71.3294821, 41.5136358 ], [ -71.3293856, 41.5137293 ], [ -71.3292651, 41.5138083 ], [ -71.3290932, 41.513914 ], [ -71.3288199, 41.5140821 ], [ -71.3286902, 41.5141073 ], [ -71.3284332, 41.5140885 ], [ -71.328251, 41.5140921 ], [ -71.3280697, 41.5141222 ], [ -71.3279352, 41.5141712 ], [ -71.3278026, 41.5142217 ], [ -71.3276968, 41.5142619 ], [ -71.3272289, 41.5144481 ], [ -71.3263936, 41.5143131 ], [ -71.3252958, 41.5137804 ], [ -71.325, 41.5135397 ], [ -71.325, 41.517086 ], [ -71.325, 41.5172355 ], [ -71.3250946, 41.5172804 ], [ -71.3252176, 41.5173347 ], [ -71.3254276, 41.5174347 ], [ -71.3257737, 41.5175613 ], [ -71.3260981, 41.5176687 ], [ -71.32617, 41.517682 ], [ -71.3271462, 41.5173445 ], [ -71.3274466, 41.5177891 ], [ -71.327579, 41.5179 ], [ -71.3277384, 41.5180106 ], [ -71.3279395, 41.5181281 ], [ -71.3281268, 41.5182305 ], [ -71.3282387, 41.5182829 ], [ -71.3283306, 41.518315 ], [ -71.3284209, 41.5183078 ], [ -71.3285276, 41.5182695 ], [ -71.3286208, 41.5182209 ], [ -71.3287429, 41.5181661 ], [ -71.3288132, 41.5181396 ], [ -71.3288845, 41.5181355 ], [ -71.3290809, 41.5180919 ], [ -71.3292253, 41.5180393 ], [ -71.3293585, 41.517977 ], [ -71.3294771, 41.5179283 ], [ -71.329549, 41.5179084 ], [ -71.3297496, 41.5178756 ], [ -71.3299651, 41.5178477 ], [ -71.3300623, 41.5178469 ], [ -71.3301626, 41.517835 ], [ -71.3302525, 41.5178137 ], [ -71.3303865, 41.5177128 ], [ -71.3304129, 41.5176045 ], [ -71.3304305, 41.5175103 ], [ -71.330447, 41.5173723 ], [ -71.3305086, 41.5173657 ], [ -71.33057, 41.5174551 ], [ -71.330613, 41.5175121 ], [ -71.330726, 41.5176925 ] ] ] } },
{ "type": "Feature", "properties": { "RCID": 2385, "PRIM": 3, "GRUP": 2, "OBJL": 112, "RVER": 1, "AGEN": 550, "FIDN": 623194993, "FIDS": 8691, "LNAM": "02262525337121F3", "RESTRN": [ "8" ], "INFORM": "Regulated navigation area, 33 CFR 165.122: Navigation regulations are published in Chapter 2 of the U.S. Coast Pilot for this geographic area. Refer to regulation section numbers", "SCAMIN": 59999, "SORDAT": "20100329", "SORIND": "US,US,reprt,L-169-2013" }, "geometry": { "type": "Polygon", "coordinates": [ [ [ -71.3978877, 41.475 ], [ -71.3973368, 41.475 ], [ -71.3972348, 41.4766411 ], [ -71.3970085, 41.4771085 ], [ -71.3968429, 41.4774506 ], [ -71.3965984, 41.4782764 ], [ -71.3967088, 41.4789949 ], [ -71.3965804, 41.479846 ], [ -71.3970206, 41.4808879 ], [ -71.3969552, 41.4816538 ], [ -71.3969879, 41.4819912 ], [ -71.3970599, 41.4820752 ], [ -71.3969116, 41.4822127 ], [ -71.3969021, 41.4825455 ], [ -71.3971518, 41.4833846 ], [ -71.3976501, 41.4841392 ], [ -71.3978293, 41.4844104 ], [ -71.3977578, 41.4846136 ], [ -71.3979272, 41.4848546 ], [ -71.3979335, 41.4848635 ], [ -71.3980549, 41.4850363 ], [ -71.3979998, 41.4852529 ], [ -71.3977412, 41.4854811 ], [ -71.3976217, 41.4855865 ], [ -71.3973851, 41.4862474 ], [ -71.3973726, 41.4864675 ], [ -71.3975042, 41.4867413 ], [ -71.3978125, 41.4871058 ], [ -71.3978613, 41.4872403 ], [ -71.397946, 41.4874735 ], [ -71.397952, 41.48749 ], [ -71.3979761, 41.4875223 ], [ -71.3980912, 41.4876767 ], [ -71.3981204, 41.4877157 ], [ -71.3989895, 41.488331 ], [ -71.4, 41.4888222 ], [ -71.4, 41.4881283 ], [ -71.4, 41.4880714 ], [ -71.4, 41.487841 ], [ -71.4, 41.4875324 ], [ -71.4, 41.4872279 ], [ -71.4, 41.4871526 ], [ -71.4, 41.4869433 ], [ -71.4, 41.4866626 ], [ -71.4, 41.4866538 ], [ -71.4, 41.486221 ], [ -71.4, 41.4861017 ], [ -71.4, 41.485275 ], [ -71.4, 41.4852595 ], [ -71.4, 41.485197 ], [ -71.4, 41.4846322 ], [ -71.4, 41.4805784 ], [ -71.4, 41.480414 ], [ -71.4, 41.480259 ], [ -71.4, 41.4800496 ], [ -71.4, 41.477379 ], [ -71.4, 41.4771627 ], [ -71.4, 41.476039 ], [ -71.4, 41.475 ], [ -71.3993825, 41.475 ], [ -71.3992555, 41.475 ], [ -71.3991875, 41.475 ], [ -71.3989723, 41.475 ], [ -71.3985342, 41.475 ], [ -71.3984465, 41.475 ], [ -71.3983767, 41.475 ], [ -71.3983438, 41.475 ], [ -71.39814, 41.475 ], [ -71.3980029, 41.475 ], [ -71.3979445, 41.475 ], [ -71.3978877, 41.475 ] ] ] } },
{ "type": "Feature", "properties": { "RCID": 2386, "PRIM": 3, "GRUP": 2, "OBJL": 112, "RVER": 1, "AGEN": 550, "FIDN": 38087654, "FIDS": 8691, "LNAM": "022602452BE621F3", "RESTRN": [ "8" ], "INFORM": "Regulated navigation area, 33 CFR 165.122: Navigation regulations are published in Chapter 2 of the U.S. Coast Pilot for this geographic area. Refer to regulation section numbers", "SCAMIN": 59999, "SORDAT": "20100329", "SORIND": "US,US,reprt,L-169-2013" }, "geometry": { "type": "Polygon", "coordinates": [ [ [ -71.3856987, 41.5404325 ], [ -71.3856807, 41.5403632 ], [ -71.3856854, 41.5403492 ], [ -71.3857138, 41.5402651 ], [ -71.3857016, 41.5402482 ], [ -71.3856886, 41.5402191 ], [ -71.3856811, 41.5402027 ], [ -71.3856378, 41.5401743 ], [ -71.3855686, 41.5401586 ], [ -71.3855439, 41.5401309 ], [ -71.3854426, 41.5401155 ], [ -71.3854364, 41.5400416 ], [ -71.3854342, 41.5399909 ], [ -71.3854402, 41.5399292 ], [ -71.3854545, 41.5398696 ], [ -71.3854737, 41.5398371 ], [ -71.3854741, 41.5398028 ], [ -71.3854472, 41.5397507 ], [ -71.3854308, 41.5396866 ], [ -71.3854415, 41.539587 ], [ -71.3854698, 41.5394487 ], [ -71.3855411, 41.5393214 ], [ -71.3855887, 41.5392099 ], [ -71.3856608, 41.5391819 ], [ -71.385701, 41.5391693 ], [ -71.3856897, 41.5391556 ], [ -71.385625, 41.5390776 ], [ -71.3855994, 41.5390404 ], [ -71.3855814, 41.5389956 ], [ -71.3856112, 41.5389528 ], [ -71.3856507, 41.5389245 ], [ -71.3857005, 41.538907 ], [ -71.3857203, 41.538856 ], [ -71.3857161, 41.5388229 ], [ -71.3857115, 41.5387977 ], [ -71.3857178, 41.5387658 ], [ -71.3857012, 41.5387237 ], [ -71.3856978, 41.538673 ], [ -71.385809, 41.538606 ], [ -71.3859247, 41.5384853 ], [ -71.3860541, 41.5383504 ], [ -71.3860421, 41.5383139 ], [ -71.38599, 41.5381548 ], [ -71.3861064, 41.5379541 ], [ -71.3864595, 41.5376207 ], [ -71.3867654, 41.5374516 ], [ -71.3870071, 41.5375441 ], [ -71.3871981, 41.5375981 ], [ -71.3871491, 41.5375052 ], [ -71.3869937, 41.5374408 ], [ -71.3869142, 41.537392 ], [ -71.3868255, 41.5373577 ], [ -71.3867234, 41.5371827 ], [ -71.3868115, 41.5370603 ], [ -71.386931, 41.5368513 ], [ -71.3875677, 41.5361391 ], [ -71.3882504, 41.5356202 ], [ -71.3884198, 41.5353086 ], [ -71.3885003, 41.5351607 ], [ -71.3885112, 41.5351404 ], [ -71.3885466, 41.5350748 ], [ -71.3885717, 41.5350285 ], [ -71.3885811, 41.535011 ], [ -71.3886347, 41.5349431 ], [ -71.3886902, 41.5348729 ], [ -71.3888256, 41.5346709 ], [ -71.3888737, 41.5345992 ], [ -71.3888822, 41.5345685 ], [ -71.3888836, 41.5345632 ], [ -71.3888848, 41.5345589 ], [ -71.3889276, 41.5344034 ], [ -71.3889783, 41.5342193 ], [ -71.3889927, 41.5341673 ], [ -71.389031, 41.534028 ], [ -71.3890393, 41.533998 ], [ -71.3890524, 41.5339504 ], [ -71.3891177, 41.5338162 ], [ -71.3891763, 41.5336958 ], [ -71.3891963, 41.5336546 ], [ -71.3892369, 41.533571 ], [ -71.3894383, 41.5331571 ], [ -71.3894656, 41.5331009 ], [ -71.3895168, 41.5329958 ], [ -71.3895182, 41.5329879 ], [ -71.3895349, 41.5328987 ], [ -71.389536, 41.5328922 ], [ -71.3895774, 41.53267 ], [ -71.3896102, 41.5324942 ], [ -71.3896157, 41.5324642 ], [ -71.3896256, 41.5324112 ], [ -71.3896853, 41.5320903 ], [ -71.389689, 41.5320705 ], [ -71.3896919, 41.5320551 ], [ -71.3896925, 41.5320516 ], [ -71.3897537, 41.5317232 ], [ -71.3897677, 41.5316479 ], [ -71.3897668, 41.5316271 ], [ -71.3897591, 41.5314412 ], [ -71.3897491, 41.5312009 ], [ -71.3897483, 41.5311814 ], [ -71.3898274, 41.5310575 ], [ -71.3898353, 41.5310451 ], [ -71.3898908, 41.530958 ], [ -71.3899033, 41.5309384 ], [ -71.3899254, 41.5309038 ], [ -71.3900904, 41.5306451 ], [ -71.390095, 41.5305778 ], [ -71.3901238, 41.5301566 ], [ -71.3903905, 41.5296885 ], [ -71.3905176, 41.5294654 ], [ -71.3905607, 41.5293897 ], [ -71.3906813, 41.5288909 ], [ -71.3909246, 41.5278848 ], [ -71.3913681, 41.526989 ], [ -71.3914631, 41.5267972 ], [ -71.3914019, 41.5265119 ], [ -71.3914192, 41.526491 ], [ -71.3914223, 41.5264872 ], [ -71.3915532, 41.5263285 ], [ -71.3915599, 41.5263204 ], [ -71.3916786, 41.5261765 ], [ -71.3917668, 41.5259344 ], [ -71.3918629, 41.5256705 ], [ -71.3918852, 41.5256092 ], [ -71.3920135, 41.5252569 ], [ -71.3920462, 41.5251671 ], [ -71.392223, 41.5246815 ], [ -71.3922235, 41.52468 ], [ -71.3922441, 41.5245162 ], [ -71.39229, 41.524149 ], [ -71.3923338, 41.5237996 ], [ -71.3923572, 41.522727 ], [ -71.39237, 41.5221369 ], [ -71.3923731, 41.5219933 ], [ -71.3923686, 41.5219066 ], [ -71.392334, 41.5212485 ], [ -71.3923265, 41.5211055 ], [ -71.3922017, 41.5206062 ], [ -71.3922608, 41.5202664 ], [ -71.3923033, 41.5200221 ], [ -71.3921409, 41.5196962 ], [ -71.3921086, 41.519411 ], [ -71.3922235, 41.5189335 ], [ -71.3923481, 41.5184157 ], [ -71.3923823, 41.5180697 ], [ -71.3924085, 41.5178046 ], [ -71.3921922, 41.5172625 ], [ -71.3918854, 41.5164933 ], [ -71.3918303, 41.5161172 ], [ -71.3917944, 41.515872 ], [ -71.3916638, 41.515601 ], [ -71.3912845, 41.514814 ], [ -71.3910381, 41.5145146 ], [ -71.3896073, 41.5137292 ], [ -71.3881359, 41.5127341 ], [ -71.3881266, 41.5127278 ], [ -71.3871326, 41.5121664 ], [ -71.384363, 41.5102188 ], [ -71.3832011, 41.5091537 ], [ -71.3828607, 41.5088417 ], [ -71.3827611, 41.508835 ], [ -71.3827677, 41.5089261 ], [ -71.3826966, 41.5089842 ], [ -71.382645, 41.5089159 ], [ -71.3826206, 41.5086037 ], [ -71.3823715, 41.5082418 ], [ -71.3820905, 41.5080376 ], [ -71.381519, 41.5076225 ], [ -71.381187, 41.5073307 ], [ -71.3807504, 41.506947 ], [ -71.3807379, 41.506936 ], [ -71.3805224, 41.5068316 ], [ -71.3804168, 41.5067804 ], [ -71.3803261, 41.506762 ], [ -71.3801783, 41.5067319 ], [ -71.3799881, 41.5066932 ], [ -71.3796734, 41.5063784 ], [ -71.3795949, 41.5062999 ], [ -71.3789335, 41.5061186 ], [ -71.3780567, 41.5061499 ], [ -71.377697, 41.5064441 ], [ -71.3774869, 41.5066076 ], [ -71.3774522, 41.5067363 ], [ -71.3773845, 41.5066512 ], [ -71.3770254, 41.5067737 ], [ -71.3769823, 41.5068576 ], [ -71.3769072, 41.5067791 ], [ -71.3764872, 41.5067667 ], [ -71.3764174, 41.5068345 ], [ -71.3762656, 41.5067456 ], [ -71.3759461, 41.5067371 ], [ -71.3758628, 41.5068747 ], [ -71.3758232, 41.5067789 ], [ -71.3754574, 41.5069313 ], [ -71.3750387, 41.5071754 ], [ -71.3754982, 41.5072932 ], [ -71.3753852, 41.5076173 ], [ -71.3753845, 41.5076191 ], [ -71.375206, 41.5076799 ], [ -71.3750263, 41.5078994 ], [ -71.3748807, 41.5079498 ], [ -71.3748565, 41.5076267 ], [ -71.3749654, 41.5074356 ], [ -71.3748307, 41.5072445 ], [ -71.3748391, 41.5069966 ], [ -71.3748355, 41.5069968 ], [ -71.3748234, 41.5069974 ], [ -71.3747295, 41.5070023 ], [ -71.3746931, 41.5070042 ], [ -71.3746721, 41.5070053 ], [ -71.3746534, 41.5070063 ], [ -71.3746669, 41.5070861 ], [ -71.3746648, 41.5084311 ], [ -71.3745117, 41.5084985 ], [ -71.3743011, 41.5087642 ], [ -71.374045, 41.5088529 ], [ -71.3740221, 41.5090032 ], [ -71.3739768, 41.5088723 ], [ -71.3738603, 41.5088409 ], [ -71.3733844, 41.5091076 ], [ -71.3731791, 41.5091085 ], [ -71.3730205, 41.5089946 ], [ -71.3727501, 41.5090182 ], [ -71.3722993, 41.5091514 ], [ -71.3721382, 41.5093372 ], [ -71.3717608, 41.5094678 ], [ -71.3716206, 41.5094043 ], [ -71.3716222, 41.5093851 ], [ -71.3716269, 41.5093309 ], [ -71.3719428, 41.5091565 ], [ -71.3721669, 41.5088499 ], [ -71.372191, 41.5086072 ], [ -71.3723973, 41.508345 ], [ -71.3727118, 41.508174 ], [ -71.372862, 41.5080199 ], [ -71.3723835, 41.5080512 ], [ -71.3719802, 41.5082916 ], [ -71.3710594, 41.5090573 ], [ -71.3705949, 41.5092647 ], [ -71.3703504, 41.5091335 ], [ -71.3702312, 41.5090689 ], [ -71.3702558, 41.5089838 ], [ -71.3705967, 41.5091526 ], [ -71.371037, 41.5089622 ], [ -71.3713366, 41.5086825 ], [ -71.371406, 41.5084624 ], [ -71.3722766, 41.5077282 ], [ -71.3723471, 41.507618 ], [ -71.3722628, 41.5075354 ], [ -71.3724219, 41.5075044 ], [ -71.3725545, 41.5073357 ], [ -71.3726124, 41.50744 ], [ -71.3731671, 41.5072522 ], [ -71.3738987, 41.5072524 ], [ -71.37394, 41.5073766 ], [ -71.3738081, 41.5075737 ], [ -71.3737148, 41.5075099 ], [ -71.3736749, 41.507542 ], [ -71.3735433, 41.5076475 ], [ -71.3737783, 41.5076842 ], [ -71.3740017, 41.5075523 ], [ -71.3741467, 41.5074688 ], [ -71.374228, 41.5076924 ], [ -71.3743523, 41.5076804 ], [ -71.3743502, 41.5075732 ], [ -71.3742379, 41.5071631 ], [ -71.3741121, 41.506992 ], [ -71.3741176, 41.506867 ], [ -71.3742679, 41.5067633 ], [ -71.3744681, 41.5067531 ], [ -71.3745049, 41.5067804 ], [ -71.3745257, 41.5067958 ], [ -71.374666, 41.5068998 ], [ -71.3746765, 41.5068997 ], [ -71.3746909, 41.5068995 ], [ -71.374822, 41.5068978 ], [ -71.3748334, 41.5068977 ], [ -71.3748605, 41.5068973 ], [ -71.3749056, 41.506802 ], [ -71.3757193, 41.5064712 ], [ -71.3761915, 41.5064188 ], [ -71.376286, 41.5063339 ], [ -71.3762527, 41.5060244 ], [ -71.3765134, 41.5060486 ], [ -71.3764364, 41.506094 ], [ -71.3766047, 41.5061332 ], [ -71.3765422, 41.5061878 ], [ -71.3766022, 41.5064505 ], [ -71.3771233, 41.5064433 ], [ -71.3773329, 41.5063515 ], [ -71.377849, 41.5059787 ], [ -71.3779453, 41.5060152 ], [ -71.3779542, 41.5060186 ], [ -71.3780528, 41.505958 ], [ -71.3781506, 41.5058979 ], [ -71.3785756, 41.5053942 ], [ -71.3789681, 41.5046075 ], [ -71.3789787, 41.5045863 ], [ -71.3796159, 41.5040251 ], [ -71.3802742, 41.5036908 ], [ -71.3808179, 41.5034146 ], [ -71.3818148, 41.5026566 ], [ -71.382135, 41.5024894 ], [ -71.3823165, 41.5020718 ], [ -71.382437, 41.5019001 ], [ -71.3831203, 41.5009264 ], [ -71.3835068, 41.5003757 ], [ -71.3837356, 41.5001475 ], [ -71.3837919, 41.4995292 ], [ -71.3843041, 41.4986194 ], [ -71.3843823, 41.4981833 ], [ -71.3844254, 41.4979427 ], [ -71.3845173, 41.4977876 ], [ -71.384705, 41.497471 ], [ -71.3846591, 41.4970296 ], [ -71.3848466, 41.4967645 ], [ -71.3848912, 41.4967014 ], [ -71.3850113, 41.4965316 ], [ -71.3850839, 41.4964291 ], [ -71.3852053, 41.4962574 ], [ -71.3852423, 41.4962051 ], [ -71.3852469, 41.4962039 ], [ -71.3855607, 41.496122 ], [ -71.385794, 41.4961226 ], [ -71.3858837, 41.49603 ], [ -71.3859706, 41.4959337 ], [ -71.3859157, 41.4958939 ], [ -71.3858614, 41.4958546 ], [ -71.385748, 41.4958841 ], [ -71.3857006, 41.4958869 ], [ -71.3855819, 41.4958939 ], [ -71.3854159, 41.4959038 ], [ -71.3853758, 41.4959034 ], [ -71.3852136, 41.495902 ], [ -71.3850877, 41.4959008 ], [ -71.3848618, 41.4958988 ], [ -71.3847176, 41.4958764 ], [ -71.3846957, 41.4958731 ], [ -71.3845374, 41.4956767 ], [ -71.3845052, 41.4955651 ], [ -71.3843647, 41.4950793 ], [ -71.3843527, 41.4947491 ], [ -71.3840928, 41.4943023 ], [ -71.3841148, 41.4941232 ], [ -71.38418, 41.494043 ], [ -71.3843435, 41.4938415 ], [ -71.3842032, 41.4936683 ], [ -71.3843326, 41.4934032 ], [ -71.3843216, 41.4932602 ], [ -71.3840815, 41.4928744 ], [ -71.3837065, 41.4927425 ], [ -71.3831544, 41.4926705 ], [ -71.3823441, 41.492861 ], [ -71.3816211, 41.4926442 ], [ -71.3812798, 41.4926652 ], [ -71.3807319, 41.4924309 ], [ -71.3810197, 41.4923809 ], [ -71.3811268, 41.4924436 ], [ -71.3812432, 41.4924227 ], [ -71.3811056, 41.4922007 ], [ -71.3809258, 41.4920886 ], [ -71.3806993, 41.4915801 ], [ -71.380969, 41.4904516 ], [ -71.3811584, 41.490022 ], [ -71.3811612, 41.4900156 ], [ -71.3813028, 41.4896942 ], [ -71.3816526, 41.4895194 ], [ -71.3821844, 41.4893706 ], [ -71.382623, 41.4894186 ], [ -71.3841041, 41.4893131 ], [ -71.3852486, 41.4889255 ], [ -71.3859796, 41.4888386 ], [ -71.3863372, 41.4894185 ], [ -71.3866565, 41.4895478 ], [ -71.3867378, 41.4895951 ], [ -71.3866733, 41.4899064 ], [ -71.3865112, 41.4899234 ], [ -71.3864384, 41.490107 ], [ -71.3863424, 41.4901525 ], [ -71.3865172, 41.4904806 ], [ -71.3863495, 41.4906418 ], [ -71.3863971, 41.4912523 ], [ -71.386342, 41.4914223 ], [ -71.3865099, 41.4918652 ], [ -71.3866565, 41.4919656 ], [ -71.3876439, 41.4920311 ], [ -71.3879533, 41.4922399 ], [ -71.3882181, 41.4925946 ], [ -71.388355, 41.492778 ], [ -71.388743, 41.4928974 ], [ -71.3890639, 41.4928889 ], [ -71.3891479, 41.4928866 ], [ -71.3892253, 41.4928846 ], [ -71.3897755, 41.4927501 ], [ -71.3900044, 41.4926942 ], [ -71.3903528, 41.4923565 ], [ -71.3903814, 41.4923287 ], [ -71.3903911, 41.4923194 ], [ -71.3906921, 41.4920277 ], [ -71.3906965, 41.4920257 ], [ -71.3907195, 41.4920158 ], [ -71.3909657, 41.4919093 ], [ -71.3910859, 41.4918573 ], [ -71.3934656, 41.4917584 ], [ -71.3944633, 41.4918371 ], [ -71.3945983, 41.4918776 ], [ -71.3946115, 41.4919903 ], [ -71.3947307, 41.4920443 ], [ -71.39491, 41.4920157 ], [ -71.3948827, 41.4919259 ], [ -71.3950752, 41.49201 ], [ -71.395096, 41.4920842 ], [ -71.3953663, 41.4921599 ], [ -71.3958639, 41.4918738 ], [ -71.3957986, 41.491735 ], [ -71.3956316, 41.491691 ], [ -71.3954725, 41.4913711 ], [ -71.3953538, 41.491412 ], [ -71.3952076, 41.4916863 ], [ -71.3953181, 41.4918309 ], [ -71.3951757, 41.4918 ], [ -71.3946032, 41.4916831 ], [ -71.3943838, 41.491557 ], [ -71.3944558, 41.4913515 ], [ -71.3942271, 41.4913053 ], [ -71.3942816, 41.4911001 ], [ -71.3945072, 41.4911443 ], [ -71.3943795, 41.4909607 ], [ -71.3944634, 41.4909169 ], [ -71.3945062, 41.4907187 ], [ -71.3947653, 41.4906268 ], [ -71.394774, 41.4905204 ], [ -71.3949854, 41.4905202 ], [ -71.3952817, 41.4903815 ], [ -71.3953989, 41.4901037 ], [ -71.3960041, 41.4899379 ], [ -71.3959664, 41.4897783 ], [ -71.3963534, 41.4895667 ], [ -71.3968841, 41.4890193 ], [ -71.3968163, 41.4889082 ], [ -71.3965485, 41.4888666 ], [ -71.3965529, 41.4888387 ], [ -71.3966044, 41.4885152 ], [ -71.3965287, 41.4884473 ], [ -71.3970303, 41.4881472 ], [ -71.3973016, 41.4881654 ], [ -71.3974024, 41.4882232 ], [ -71.3974229, 41.4883285 ], [ -71.3974339, 41.4883854 ], [ -71.3976166, 41.4884198 ], [ -71.3980129, 41.488718 ], [ -71.398045, 41.4888107 ], [ -71.3973659, 41.4893899 ], [ -71.3972002, 41.4896472 ], [ -71.3969081, 41.4898424 ], [ -71.3969244, 41.4901126 ], [ -71.3968279, 41.4903445 ], [ -71.3965892, 41.4905195 ], [ -71.3962622, 41.4905478 ], [ -71.3961815, 41.4912079 ], [ -71.3960991, 41.4913054 ], [ -71.3961367, 41.4917188 ], [ -71.3961036, 41.4917108 ], [ -71.3960178, 41.4916902 ], [ -71.3959727, 41.4917629 ], [ -71.396005, 41.4918165 ], [ -71.3961968, 41.4921349 ], [ -71.3967282, 41.4925641 ], [ -71.3967309, 41.4925696 ], [ -71.3968507, 41.4928132 ], [ -71.3968158, 41.4932627 ], [ -71.396697, 41.493491 ], [ -71.3966631, 41.4935561 ], [ -71.3966108, 41.4936565 ], [ -71.3965937, 41.4937237 ], [ -71.3965728, 41.4938059 ], [ -71.3965474, 41.4939058 ], [ -71.3964607, 41.4942467 ], [ -71.3964799, 41.4943582 ], [ -71.3965242, 41.4944483 ], [ -71.3964549, 41.4946548 ], [ -71.396322, 41.4946321 ], [ -71.3962018, 41.4946115 ], [ -71.3961868, 41.49467 ], [ -71.3961733, 41.4947227 ], [ -71.396225, 41.4947316 ], [ -71.3965306, 41.4947839 ], [ -71.3965337, 41.4947745 ], [ -71.3966347, 41.494467 ], [ -71.3967397, 41.494385 ], [ -71.396781, 41.4942803 ], [ -71.3968114, 41.4942052 ], [ -71.3968604, 41.4940448 ], [ -71.3970101, 41.4936204 ], [ -71.3972779, 41.4932932 ], [ -71.3975423, 41.4932166 ], [ -71.3979218, 41.4932219 ], [ -71.3983318, 41.4932276 ], [ -71.3984553, 41.4932293 ], [ -71.3996585, 41.4924995 ], [ -71.3997697, 41.4922515 ], [ -71.3999782, 41.4920242 ], [ -71.4, 41.491844 ], [ -71.4, 41.4929076 ], [ -71.4, 41.4929752 ], [ -71.4, 41.4929976 ], [ -71.4, 41.493049 ], [ -71.4, 41.4935977 ], [ -71.4, 41.4940298 ], [ -71.4, 41.4941289 ], [ -71.4, 41.4941511 ], [ -71.4, 41.4947806 ], [ -71.4, 41.4951619 ], [ -71.4, 41.4952305 ], [ -71.4, 41.4958024 ], [ -71.4, 41.4958681 ], [ -71.4, 41.4967381 ], [ -71.4, 41.4968599 ], [ -71.4, 41.4993433 ], [ -71.4, 41.4995889 ], [ -71.4, 41.4998694 ], [ -71.4, 41.5000842 ], [ -71.4, 41.500173 ], [ -71.4, 41.5001764 ], [ -71.4, 41.5001853 ], [ -71.4, 41.5005925 ], [ -71.3998548, 41.5008681 ], [ -71.3995212, 41.5012265 ], [ -71.3994251, 41.5012674 ], [ -71.3992569, 41.5013388 ], [ -71.3987676, 41.5015468 ], [ -71.3985544, 41.5017047 ], [ -71.3983962, 41.5018683 ], [ -71.3980139, 41.5022635 ], [ -71.397987, 41.5023142 ], [ -71.3979507, 41.5023824 ], [ -71.3979261, 41.5024934 ], [ -71.3973983, 41.5027918 ], [ -71.396935, 41.5033445 ], [ -71.3966798, 41.5034561 ], [ -71.3963388, 41.503451 ], [ -71.3962521, 41.5033416 ], [ -71.3961704, 41.5033818 ], [ -71.3960801, 41.5034263 ], [ -71.3961415, 41.5035054 ], [ -71.3961403, 41.5035129 ], [ -71.3961152, 41.503667 ], [ -71.3961101, 41.5036984 ], [ -71.3964875, 41.5041487 ], [ -71.3964982, 41.5043208 ], [ -71.3965272, 41.5047858 ], [ -71.3966541, 41.5052021 ], [ -71.3971673, 41.5060501 ], [ -71.3978342, 41.5065697 ], [ -71.3985242, 41.506766 ], [ -71.4, 41.506767 ], [ -71.4, 41.5070897 ], [ -71.4, 41.5071826 ], [ -71.4, 41.5072596 ], [ -71.4, 41.5072655 ], [ -71.4, 41.5073258 ], [ -71.4, 41.507584 ], [ -71.4, 41.5078395 ], [ -71.4, 41.5078911 ], [ -71.4, 41.5079657 ], [ -71.4, 41.5080125 ], [ -71.4, 41.5082887 ], [ -71.4, 41.5096901 ], [ -71.4, 41.5098531 ], [ -71.4, 41.5099679 ], [ -71.4, 41.5116499 ], [ -71.4, 41.5123319 ], [ -71.4, 41.5124692 ], [ -71.4, 41.513873 ], [ -71.4, 41.5151805 ], [ -71.4, 41.515277 ], [ -71.4, 41.516768 ], [ -71.4, 41.5239211 ], [ -71.4, 41.5240498 ], [ -71.4, 41.5241277 ], [ -71.4, 41.5245937 ], [ -71.4, 41.5252408 ], [ -71.4, 41.5252828 ], [ -71.4, 41.5252968 ], [ -71.4, 41.5260246 ], [ -71.4, 41.5263351 ], [ -71.4, 41.5270925 ], [ -71.4, 41.5275925 ], [ -71.4, 41.5276991 ], [ -71.4, 41.5277826 ], [ -71.4, 41.5279707 ], [ -71.4, 41.5281124 ], [ -71.4, 41.5328014 ], [ -71.4, 41.5330649 ], [ -71.4, 41.5353982 ], [ -71.4, 41.5355025 ], [ -71.4, 41.5356388 ], [ -71.4, 41.537439 ], [ -71.4, 41.5401282 ], [ -71.4, 41.5411419 ], [ -71.4, 41.5428782 ], [ -71.4, 41.5434778 ], [ -71.4, 41.5443037 ], [ -71.4, 41.549852 ], [ -71.4, 41.55 ], [ -71.3999643, 41.55 ], [ -71.3999478, 41.55 ], [ -71.3977531, 41.55 ], [ -71.3972651, 41.55 ], [ -71.3966202, 41.55 ], [ -71.3955113, 41.55 ], [ -71.3953523, 41.55 ], [ -71.3948799, 41.55 ], [ -71.3947973, 41.55 ], [ -71.3941124, 41.55 ], [ -71.3936034, 41.55 ], [ -71.3933623, 41.55 ], [ -71.392656, 41.55 ], [ -71.3915466, 41.55 ], [ -71.3915044, 41.55 ], [ -71.391407, 41.55 ], [ -71.3906584, 41.55 ], [ -71.3882548, 41.55 ], [ -71.3876221, 41.55 ], [ -71.3874667, 41.55 ], [ -71.3871625, 41.55 ], [ -71.3868502, 41.55 ], [ -71.3865435, 41.55 ], [ -71.3865348, 41.55 ], [ -71.3864288, 41.55 ], [ -71.3856677, 41.55 ], [ -71.3854047, 41.55 ], [ -71.3854058, 41.5499855 ], [ -71.3854382, 41.5498083 ], [ -71.3854668, 41.5496697 ], [ -71.3854705, 41.5495745 ], [ -71.385496, 41.5494558 ], [ -71.3855057, 41.5493738 ], [ -71.3855103, 41.5492472 ], [ -71.3855757, 41.5490926 ], [ -71.385646, 41.5488578 ], [ -71.3857172, 41.5486859 ], [ -71.3857032, 41.5485243 ], [ -71.3856834, 41.5484338 ], [ -71.3856546, 41.5482649 ], [ -71.3856545, 41.548127 ], [ -71.3856805, 41.5479438 ], [ -71.3857383, 41.5477428 ], [ -71.3858357, 41.5476 ], [ -71.3859469, 41.5474225 ], [ -71.3860256, 41.5473255 ], [ -71.3861358, 41.5471928 ], [ -71.386178, 41.547128 ], [ -71.386244, 41.5470226 ], [ -71.3862914, 41.5468796 ], [ -71.3863211, 41.5467536 ], [ -71.3863172, 41.5466399 ], [ -71.3863223, 41.5465473 ], [ -71.3863515, 41.5464429 ], [ -71.386383, 41.5463382 ], [ -71.3864006, 41.5462101 ], [ -71.3864166, 41.5460507 ], [ -71.3864425, 41.5459221 ], [ -71.386431, 41.5458017 ], [ -71.3864267, 41.5457248 ], [ -71.3864326, 41.5456412 ], [ -71.3864086, 41.5455285 ], [ -71.3863741, 41.5454199 ], [ -71.3863688, 41.545412 ], [ -71.3863288, 41.5453522 ], [ -71.3862789, 41.545257 ], [ -71.3862288, 41.5451052 ], [ -71.386224, 41.5450633 ], [ -71.3862176, 41.5450582 ], [ -71.3861932, 41.5450245 ], [ -71.3861689, 41.5449639 ], [ -71.3861476, 41.5448824 ], [ -71.3861001, 41.54483 ], [ -71.3860511, 41.5447473 ], [ -71.3860071, 41.5446517 ], [ -71.385986, 41.5445961 ], [ -71.3859761, 41.5445699 ], [ -71.3859528, 41.5445065 ], [ -71.3859485, 41.544376 ], [ -71.3859688, 41.5442163 ], [ -71.3860401, 41.5439815 ], [ -71.3861544, 41.5437215 ], [ -71.3862284, 41.5435436 ], [ -71.386248, 41.5435162 ], [ -71.3862735, 41.5434886 ], [ -71.386283, 41.5434776 ], [ -71.3862422, 41.5434394 ], [ -71.3862394, 41.5433842 ], [ -71.3862309, 41.5433285 ], [ -71.3862253, 41.5432797 ], [ -71.386226, 41.5432121 ], [ -71.3862467, 41.5431058 ], [ -71.3862714, 41.5430449 ], [ -71.3863116, 41.5429726 ], [ -71.3863165, 41.5429373 ], [ -71.3863153, 41.5428979 ], [ -71.386331, 41.5428533 ], [ -71.3863318, 41.5428518 ], [ -71.3863377, 41.5427731 ], [ -71.3863281, 41.5427455 ], [ -71.3863272, 41.5427096 ], [ -71.3863332, 41.5426479 ], [ -71.3863744, 41.5424721 ], [ -71.386409, 41.5423782 ], [ -71.3864177, 41.5423353 ], [ -71.3863966, 41.5423045 ], [ -71.3863437, 41.5422767 ], [ -71.3863115, 41.5422438 ], [ -71.3862573, 41.5421623 ], [ -71.38625, 41.5421469 ], [ -71.3862389, 41.5421141 ], [ -71.386232, 41.5420899 ], [ -71.3862064, 41.5420141 ], [ -71.3861963, 41.5419935 ], [ -71.3861568, 41.5419265 ], [ -71.3861128, 41.5418661 ], [ -71.386072, 41.5418079 ], [ -71.3860347, 41.5417712 ], [ -71.3859956, 41.5416975 ], [ -71.3859732, 41.541624 ], [ -71.3859584, 41.5415752 ], [ -71.3859522, 41.5415062 ], [ -71.3859516, 41.5414869 ], [ -71.385957, 41.5414323 ], [ -71.3859523, 41.5412658 ], [ -71.3859931, 41.5410471 ], [ -71.3860608, 41.5408954 ], [ -71.3861163, 41.5407732 ], [ -71.3861328, 41.5407241 ], [ -71.3861076, 41.5407007 ], [ -71.386106, 41.5406992 ], [ -71.3860619, 41.540676 ], [ -71.3860094, 41.5406638 ], [ -71.3859993, 41.5406687 ], [ -71.3858954, 41.5406302 ], [ -71.3858646, 41.5406125 ], [ -71.3856987, 41.5404325 ] ] ] } },
{ "type": "Feature", "properties": { "RCID": 2387, "PRIM": 3, "GRUP": 2, "OBJL": 112, "RVER": 1, "AGEN": 550, "FIDN": 627044500, "FIDS": 8691, "LNAM": "0226255FF09421F3", "CATREA": [ "9" ], "RESTRN": [ "1", "3", "5" ], "INFORM": "33 CFR 334.80: No person or vessel shall at any time, under any circumstances, anchor or fish or tow a drag of any kind in the prohibited area because of the extensive cable system located therein.", "SCAMIN": 59999, "TXTDSC": "US412DDB.TXT", "SORDAT": "20081202", "SORIND": "US,US,reprt,L-412/09" }, "geometry": { "type": "Polygon", "coordinates": [ [ [ -71.3343769, 41.5325496 ], [ -71.3343246, 41.5366462 ], [ -71.3342966, 41.5388362 ], [ -71.3342461, 41.5428868 ], [ -71.3342054, 41.5461503 ], [ -71.3341933, 41.5469208 ], [ -71.3341493, 41.55 ], [ -71.3358549, 41.55 ], [ -71.3453638, 41.55 ], [ -71.3468388, 41.55 ], [ -71.3474563, 41.55 ], [ -71.3511514, 41.55 ], [ -71.3537382, 41.55 ], [ -71.3549942, 41.55 ], [ -71.3552577, 41.55 ], [ -71.3564117, 41.55 ], [ -71.3569978, 41.55 ], [ -71.3571627, 41.55 ], [ -71.3570451, 41.5498216 ], [ -71.3565938, 41.5491333 ], [ -71.3549001, 41.5465502 ], [ -71.3546372, 41.5461493 ], [ -71.3541883, 41.5454678 ], [ -71.3541915, 41.542251 ], [ -71.354192, 41.5417763 ], [ -71.3541968, 41.5415722 ], [ -71.3542011, 41.5413889 ], [ -71.3541714, 41.5392482 ], [ -71.3541656, 41.5388324 ], [ -71.3541909, 41.5358796 ], [ -71.3541051, 41.5356403 ], [ -71.3535773, 41.5341688 ], [ -71.3534368, 41.5337894 ], [ -71.3532537, 41.5332949 ], [ -71.3531899, 41.5331227 ], [ -71.3531111, 41.53291 ], [ -71.352193, 41.5304308 ], [ -71.351035, 41.5296786 ], [ -71.3497165, 41.5288926 ], [ -71.3496348, 41.5288439 ], [ -71.3491059, 41.5285053 ], [ -71.3490836, 41.528491 ], [ -71.348148, 41.527892 ], [ -71.3448363, 41.5257718 ], [ -71.3432153, 41.524734 ], [ -71.3421374, 41.5240439 ], [ -71.3419377, 41.5240486 ], [ -71.3383829, 41.5241326 ], [ -71.3344832, 41.5242248 ], [ -71.3344285, 41.5285061 ], [ -71.3344027, 41.5305264 ], [ -71.3343769, 41.5325496 ] ], [ [ -71.3454549, 41.5320111 ], [ -71.3454406, 41.5318345 ], [ -71.3454218, 41.5317122 ], [ -71.3454081, 41.5315829 ], [ -71.3454081, 41.5315189 ], [ -71.345408, 41.5313986 ], [ -71.3453944, 41.5312985 ], [ -71.3453425, 41.5310728 ], [ -71.3453001, 41.5306062 ], [ -71.3453117, 41.5304899 ], [ -71.3453466, 41.5303766 ], [ -71.3454184, 41.53027 ], [ -71.3454834, 41.5301762 ], [ -71.3455472, 41.5300459 ], [ -71.3455551, 41.5300228 ], [ -71.3455906, 41.5299191 ], [ -71.3456081, 41.5298245 ], [ -71.3455966, 41.5297438 ], [ -71.3455826, 41.5297085 ], [ -71.3455677, 41.529671 ], [ -71.3454941, 41.5296117 ], [ -71.3454427, 41.5295854 ], [ -71.3453181, 41.5295448 ], [ -71.3451688, 41.5294885 ], [ -71.3450308, 41.5294522 ], [ -71.3448472, 41.5294188 ], [ -71.3447081, 41.5293417 ], [ -71.3446408, 41.5292853 ], [ -71.3444416, 41.5292219 ], [ -71.3443241, 41.5292257 ], [ -71.3438648, 41.5292511 ], [ -71.3432868, 41.5293323 ], [ -71.3430826, 41.5294043 ], [ -71.3430368, 41.5294297 ], [ -71.3429911, 41.5294839 ], [ -71.3430064, 41.5296481 ], [ -71.3430034, 41.5299881 ], [ -71.3430062, 41.5300932 ], [ -71.3429925, 41.5302787 ], [ -71.342972, 41.5303311 ], [ -71.3429332, 41.5303721 ], [ -71.3428568, 41.5304131 ], [ -71.3427834, 41.5304423 ], [ -71.3427322, 41.5304537 ], [ -71.342717, 41.5304786 ], [ -71.3427099, 41.5304902 ], [ -71.342707, 41.5305145 ], [ -71.342704, 41.5305388 ], [ -71.3427152, 41.5305707 ], [ -71.3427285, 41.530589 ], [ -71.3427495, 41.53062 ], [ -71.342772, 41.530648 ], [ -71.3428027, 41.5307061 ], [ -71.3428464, 41.5307718 ], [ -71.3428781, 41.5308528 ], [ -71.3428876, 41.5309646 ], [ -71.3428876, 41.5310812 ], [ -71.3428726, 41.5311439 ], [ -71.3428394, 41.5312825 ], [ -71.3428203, 41.5313437 ], [ -71.3427815, 41.5314685 ], [ -71.3427246, 41.5316277 ], [ -71.3427404, 41.5317536 ], [ -71.3427758, 41.5320118 ], [ -71.3427571, 41.5321201 ], [ -71.3427032, 41.5323629 ], [ -71.3426968, 41.5325181 ], [ -71.3427608, 41.5325954 ], [ -71.342854, 41.5326696 ], [ -71.3428502, 41.5327567 ], [ -71.3428132, 41.5328225 ], [ -71.3428329, 41.5331334 ], [ -71.3428066, 41.5332987 ], [ -71.3428006, 41.5334675 ], [ -71.3428709, 41.5339558 ], [ -71.3429364, 41.5341585 ], [ -71.3430117, 41.534262 ], [ -71.3431369, 41.5343856 ], [ -71.3432262, 41.5345056 ], [ -71.3432996, 41.534634 ], [ -71.3433306, 41.5347386 ], [ -71.3433863, 41.5350816 ], [ -71.3434483, 41.5351539 ], [ -71.3434814, 41.535216 ], [ -71.3434719, 41.5352427 ], [ -71.3434298, 41.5352898 ], [ -71.3433982, 41.5353245 ], [ -71.3433942, 41.535382 ], [ -71.343418, 41.5354514 ], [ -71.3434536, 41.5355456 ], [ -71.3434694, 41.5355952 ], [ -71.3434615, 41.5356467 ], [ -71.3434192, 41.5357375 ], [ -71.3433971, 41.535772 ], [ -71.3433879, 41.5357895 ], [ -71.3433709, 41.5358217 ], [ -71.3433744, 41.5359006 ], [ -71.3433793, 41.5359105 ], [ -71.3433849, 41.5359218 ], [ -71.3434212, 41.5359948 ], [ -71.3434285, 41.5360096 ], [ -71.3435301, 41.5361534 ], [ -71.3435532, 41.5361871 ], [ -71.3435961, 41.5362496 ], [ -71.3437198, 41.536499 ], [ -71.3437715, 41.5366527 ], [ -71.3438111, 41.5368331 ], [ -71.3438414, 41.5368867 ], [ -71.343885, 41.5369313 ], [ -71.3439985, 41.5370136 ], [ -71.3440579, 41.5370443 ], [ -71.344057, 41.5370734 ], [ -71.34458, 41.5377574 ], [ -71.3445832, 41.5377616 ], [ -71.344647, 41.537845 ], [ -71.3447483, 41.5379774 ], [ -71.3448545, 41.5379302 ], [ -71.3449035, 41.537987 ], [ -71.3450169, 41.5379428 ], [ -71.3453702, 41.5378052 ], [ -71.3454476, 41.5379165 ], [ -71.3454844, 41.5379695 ], [ -71.3455421, 41.5380599 ], [ -71.3456026, 41.5381548 ], [ -71.3456308, 41.5382455 ], [ -71.3456643, 41.5384944 ], [ -71.3456651, 41.5385005 ], [ -71.3456675, 41.5385292 ], [ -71.3457301, 41.5392891 ], [ -71.3454978, 41.5393071 ], [ -71.3453417, 41.5393192 ], [ -71.3453475, 41.5393599 ], [ -71.3453479, 41.5393629 ], [ -71.3454416, 41.539355 ], [ -71.3454635, 41.5393549 ], [ -71.3455464, 41.5393544 ], [ -71.3456177, 41.5394625 ], [ -71.3456306, 41.539482 ], [ -71.3456426, 41.5395001 ], [ -71.3456433, 41.5395105 ], [ -71.3456533, 41.5396645 ], [ -71.3456603, 41.5397722 ], [ -71.3456735, 41.5398317 ], [ -71.3460113, 41.5398049 ], [ -71.3460112, 41.5398019 ], [ -71.3460041, 41.5396527 ], [ -71.3459975, 41.5395119 ], [ -71.3459905, 41.5393644 ], [ -71.3459874, 41.539299 ], [ -71.3459817, 41.5392386 ], [ -71.3459373, 41.5387717 ], [ -71.3459066, 41.5385111 ], [ -71.34588, 41.5382849 ], [ -71.3458764, 41.5382663 ], [ -71.3458557, 41.5381603 ], [ -71.3458405, 41.5381264 ], [ -71.3458035, 41.5380591 ], [ -71.3457703, 41.538002 ], [ -71.3457434, 41.5379413 ], [ -71.3457404, 41.5379363 ], [ -71.3456452, 41.5377795 ], [ -71.3454945, 41.5375702 ], [ -71.3456047, 41.5373304 ], [ -71.3456939, 41.5370908 ], [ -71.3457637, 41.5369192 ], [ -71.3458122, 41.5367997 ], [ -71.3458721, 41.5366438 ], [ -71.3459211, 41.5365161 ], [ -71.3459369, 41.5364507 ], [ -71.345929, 41.5363162 ], [ -71.3459229, 41.5361373 ], [ -71.3459209, 41.5360775 ], [ -71.3459072, 41.5358132 ], [ -71.3459361, 41.5355007 ], [ -71.3459606, 41.5351744 ], [ -71.3459939, 41.5348795 ], [ -71.3460225, 41.5346506 ], [ -71.3460037, 41.5344567 ], [ -71.3459593, 41.5339522 ], [ -71.3459593, 41.5338415 ], [ -71.3459439, 41.5336798 ], [ -71.3459277, 41.5335905 ], [ -71.3458548, 41.5332061 ], [ -71.345801, 41.5330419 ], [ -71.3457314, 41.5328609 ], [ -71.3456993, 41.5327766 ], [ -71.345663, 41.5327055 ], [ -71.3456143, 41.5326253 ], [ -71.3455589, 41.5325163 ], [ -71.3455273, 41.5324082 ], [ -71.3454656, 41.5321064 ], [ -71.3454549, 41.5320111 ] ], [ [ -71.3457244, 41.53207 ], [ -71.3457579, 41.5320781 ], [ -71.3458118, 41.5320664 ], [ -71.3458382, 41.5320466 ], [ -71.3458609, 41.5320133 ], [ -71.3458681, 41.5319755 ], [ -71.3458657, 41.5319332 ], [ -71.3457879, 41.5318747 ], [ -71.3457579, 41.5318675 ], [ -71.3457292, 41.5318747 ], [ -71.3456849, 41.5319188 ], [ -71.3456729, 41.5319404 ], [ -71.3456633, 41.5319881 ], [ -71.3456729, 41.5320286 ], [ -71.3457028, 41.5320574 ], [ -71.3457244, 41.53207 ] ] ] } },
{ "type": "Feature", "properties": { "RCID": 2388, "PRIM": 3, "GRUP": 2, "OBJL": 112, "RVER": 1, "AGEN": 550, "FIDN": 605256953, "FIDS": 8691, "LNAM": "022624137CF921F3", "RESTRN": [ "16" ], "INFORM": "40 CFR 140", "SCAMIN": 59999, "TXTDSC": "US412DDE.TXT", "SORDAT": "201306", "SORIND": "US,US,graph,Chart 13223" }, "geometry": { "type": "Polygon", "coordinates": [ [ [ -71.325, 41.5071366 ], [ -71.325, 41.5073654 ], [ -71.3250995, 41.5071669 ], [ -71.325, 41.5071366 ] ] ] } },
{ "type": "Feature", "properties": { "RCID": 2389, "PRIM": 3, "GRUP": 2, "OBJL": 112, "RVER": 1, "AGEN": 550, "FIDN": 372256284, "FIDS": 8691, "LNAM": "022616302E1C21F3", "RESTRN": [ "8" ], "INFORM": "Regulated navigation area, 33 CFR 165.122: Navigation regulations are published in Chapter 2 of the U.S. Coast Pilot for this geographic area. Refer to regulation section numbers", "SCAMIN": 59999, "SORDAT": "20100329", "SORIND": "US,US,reprt,L-169-2013" }, "geometry": { "type": "Polygon", "coordinates": [ [ [ -71.325, 41.5333487 ], [ -71.325, 41.5406301 ], [ -71.325, 41.5408841 ], [ -71.325, 41.5409096 ], [ -71.325, 41.5409838 ], [ -71.325, 41.5411861 ], [ -71.325, 41.5415441 ], [ -71.325, 41.5417272 ], [ -71.325, 41.5418711 ], [ -71.325, 41.5425444 ], [ -71.325, 41.5429961 ], [ -71.325, 41.543724 ], [ -71.325, 41.55 ], [ -71.3254601, 41.55 ], [ -71.3300945, 41.55 ], [ -71.3304242, 41.55 ], [ -71.3322868, 41.55 ], [ -71.3341493, 41.55 ], [ -71.3358549, 41.55 ], [ -71.3453638, 41.55 ], [ -71.3468388, 41.55 ], [ -71.3474563, 41.55 ], [ -71.3511514, 41.55 ], [ -71.3537382, 41.55 ], [ -71.3549942, 41.55 ], [ -71.3552577, 41.55 ], [ -71.3564117, 41.55 ], [ -71.3569978, 41.55 ], [ -71.3571627, 41.55 ], [ -71.3577223, 41.55 ], [ -71.3577585, 41.55 ], [ -71.3582376, 41.55 ], [ -71.3583652, 41.55 ], [ -71.3584587, 41.55 ], [ -71.3588181, 41.55 ], [ -71.358873, 41.55 ], [ -71.3590225, 41.55 ], [ -71.3590617, 41.55 ], [ -71.3590858, 41.55 ], [ -71.3591785, 41.55 ], [ -71.3592482, 41.55 ], [ -71.3598316, 41.55 ], [ -71.359987, 41.55 ], [ -71.3600492, 41.5498132 ], [ -71.3600842, 41.5495827 ], [ -71.3601108, 41.5493628 ], [ -71.3601929, 41.5488415 ], [ -71.3601827, 41.5485995 ], [ -71.3602514, 41.5483844 ], [ -71.3604735, 41.5479984 ], [ -71.3606506, 41.5476057 ], [ -71.3607147, 41.5474394 ], [ -71.3608093, 41.5472402 ], [ -71.3608891, 41.5470536 ], [ -71.3609911, 41.5468171 ], [ -71.3610767, 41.5466257 ], [ -71.3611618, 41.5463141 ], [ -71.3612231, 41.5461533 ], [ -71.3613614, 41.545891 ], [ -71.3614944, 41.5456778 ], [ -71.3618189, 41.5451552 ], [ -71.3619485, 41.5449583 ], [ -71.3622312, 41.5444832 ], [ -71.3623044, 41.5443449 ], [ -71.3624729, 41.5441184 ], [ -71.3626214, 41.5439152 ], [ -71.3627412, 41.5437886 ], [ -71.3628271, 41.5436975 ], [ -71.3629729, 41.5435181 ], [ -71.3631171, 41.5433148 ], [ -71.3632624, 41.5431455 ], [ -71.3634255, 41.5429315 ], [ -71.3635219, 41.5428056 ], [ -71.3636034, 41.5426991 ], [ -71.3636972, 41.5425884 ], [ -71.3638817, 41.5423709 ], [ -71.3640361, 41.5422072 ], [ -71.3641945, 41.5420636 ], [ -71.364363, 41.5419159 ], [ -71.3645639, 41.5417551 ], [ -71.3649456, 41.5414542 ], [ -71.3649802, 41.5413802 ], [ -71.3649909, 41.5413042 ], [ -71.3649403, 41.5412043 ], [ -71.3648738, 41.5411003 ], [ -71.364872, 41.5410488 ], [ -71.3648815, 41.540972 ], [ -71.365032, 41.5408067 ], [ -71.3650873, 41.5407223 ], [ -71.3651589, 41.5405879 ], [ -71.3651722, 41.5405339 ], [ -71.3651721, 41.5404568 ], [ -71.3651605, 41.5403831 ], [ -71.3651512, 41.5403195 ], [ -71.3651143, 41.5402258 ], [ -71.3650589, 41.54005 ], [ -71.3650281, 41.5399112 ], [ -71.3650219, 41.5395537 ], [ -71.3650054, 41.5391779 ], [ -71.3649896, 41.5391326 ], [ -71.3649397, 41.5390214 ], [ -71.3649025, 41.5388875 ], [ -71.3648706, 41.5386896 ], [ -71.3648525, 41.5385892 ], [ -71.3648271, 41.5382146 ], [ -71.3648053, 41.5379284 ], [ -71.3648044, 41.5378608 ], [ -71.3647635, 41.5377297 ], [ -71.3647258, 41.5376698 ], [ -71.3646907, 41.5376129 ], [ -71.3646667, 41.5375462 ], [ -71.3646611, 41.5374643 ], [ -71.3646685, 41.5374227 ], [ -71.3646741, 41.5373463 ], [ -71.3646593, 41.5372922 ], [ -71.3645872, 41.5371853 ], [ -71.3645142, 41.5370529 ], [ -71.3644154, 41.5369493 ], [ -71.3642916, 41.5367424 ], [ -71.3641955, 41.5365342 ], [ -71.3641623, 41.5364523 ], [ -71.3641216, 41.5362274 ], [ -71.3640828, 41.5361219 ], [ -71.3640163, 41.5360441 ], [ -71.3639719, 41.5359789 ], [ -71.3639424, 41.5359345 ], [ -71.3639424, 41.5357887 ], [ -71.3639635, 41.5355753 ], [ -71.3639442, 41.5354666 ], [ -71.3638572, 41.5352604 ], [ -71.3638267, 41.5351695 ], [ -71.3637762, 41.535073 ], [ -71.3637201, 41.5348925 ], [ -71.363694, 41.5348463 ], [ -71.3636432, 41.5347491 ], [ -71.3635605, 41.5346159 ], [ -71.3634846, 41.5345027 ], [ -71.3633906, 41.5343858 ], [ -71.3631828, 41.5341868 ], [ -71.3630334, 41.534041 ], [ -71.362836, 41.5338508 ], [ -71.3627917, 41.5338016 ], [ -71.362764, 41.5337333 ], [ -71.3627624, 41.5336558 ], [ -71.3627763, 41.5335748 ], [ -71.3627917, 41.5334105 ], [ -71.3627886, 41.5332636 ], [ -71.3627795, 41.5331149 ], [ -71.3627573, 41.5330192 ], [ -71.3626967, 41.5328133 ], [ -71.3625983, 41.5326373 ], [ -71.3625762, 41.5325897 ], [ -71.3625344, 41.5324994 ], [ -71.3625072, 41.5323715 ], [ -71.3625039, 41.5322117 ], [ -71.3625079, 41.5321304 ], [ -71.3624708, 41.5320413 ], [ -71.3624131, 41.5319104 ], [ -71.3623692, 41.5318196 ], [ -71.362273, 41.5316581 ], [ -71.3622225, 41.5315728 ], [ -71.3622287, 41.5315092 ], [ -71.3622656, 41.5314444 ], [ -71.3623087, 41.5313865 ], [ -71.3623272, 41.5313171 ], [ -71.3623257, 41.5312477 ], [ -71.3622991, 41.531162 ], [ -71.3622209, 41.5308608 ], [ -71.3621821, 41.5307302 ], [ -71.3621359, 41.5306372 ], [ -71.3621027, 41.5305658 ], [ -71.3621027, 41.5305192 ], [ -71.3621526, 41.5304623 ], [ -71.3621858, 41.5304081 ], [ -71.3622006, 41.5303609 ], [ -71.3621967, 41.5303023 ], [ -71.3621675, 41.5302257 ], [ -71.3620768, 41.5300888 ], [ -71.3620251, 41.5299847 ], [ -71.3620103, 41.5299028 ], [ -71.3619807, 41.5297778 ], [ -71.3619623, 41.5297028 ], [ -71.3618957, 41.5296056 ], [ -71.3618459, 41.529539 ], [ -71.3618145, 41.5294918 ], [ -71.3618145, 41.5293891 ], [ -71.3618274, 41.5292877 ], [ -71.3618465, 41.529161 ], [ -71.3618735, 41.5289833 ], [ -71.3619113, 41.5288726 ], [ -71.3619533, 41.5288091 ], [ -71.3619635, 41.5287597 ], [ -71.361967, 41.5286505 ], [ -71.3619368, 41.5286174 ], [ -71.3618922, 41.5285746 ], [ -71.361866, 41.528541 ], [ -71.3618195, 41.5284175 ], [ -71.3617286, 41.5283058 ], [ -71.3616998, 41.5282342 ], [ -71.3616333, 41.5280493 ], [ -71.3615889, 41.527956 ], [ -71.3615512, 41.5278377 ], [ -71.3614869, 41.5276194 ], [ -71.3615, 41.5273407 ], [ -71.3614682, 41.5271318 ], [ -71.3614625, 41.5270113 ], [ -71.3614404, 41.5268763 ], [ -71.3614257, 41.526807 ], [ -71.3613941, 41.5267673 ], [ -71.3612896, 41.5266963 ], [ -71.3612652, 41.5266547 ], [ -71.3612763, 41.5265731 ], [ -71.3613262, 41.5264313 ], [ -71.3613639, 41.5263575 ], [ -71.3613666, 41.5263364 ], [ -71.3613865, 41.5262365 ], [ -71.361366, 41.5261401 ], [ -71.3613364, 41.5260574 ], [ -71.3612755, 41.5260026 ], [ -71.3611735, 41.5259588 ], [ -71.3611065, 41.5259402 ], [ -71.3609975, 41.5259231 ], [ -71.3609385, 41.5259278 ], [ -71.3608966, 41.5259292 ], [ -71.3608598, 41.5259109 ], [ -71.3608364, 41.5258831 ], [ -71.3608217, 41.5258374 ], [ -71.3608206, 41.5257998 ], [ -71.3608317, 41.5257677 ], [ -71.3608523, 41.5257507 ], [ -71.360879, 41.5257353 ], [ -71.3609077, 41.5257312 ], [ -71.3609964, 41.5257302 ], [ -71.3611957, 41.525741 ], [ -71.3612252, 41.5257439 ], [ -71.3612679, 41.5257522 ], [ -71.3613381, 41.5257679 ], [ -71.361394, 41.5257668 ], [ -71.3614257, 41.5257678 ], [ -71.3614598, 41.5257701 ], [ -71.3614632, 41.5257703 ], [ -71.3615098, 41.5257688 ], [ -71.361567, 41.5257551 ], [ -71.3616343, 41.5257498 ], [ -71.3616854, 41.5257218 ], [ -71.3617122, 41.5257008 ], [ -71.3617443, 41.5256758 ], [ -71.3617545, 41.5256656 ], [ -71.3617849, 41.5256351 ], [ -71.3618517, 41.525587 ], [ -71.3618604, 41.5255752 ], [ -71.3619514, 41.525452 ], [ -71.3620003, 41.5253478 ], [ -71.3620239, 41.5252861 ], [ -71.362029, 41.525163 ], [ -71.362043, 41.5250352 ], [ -71.3620242, 41.5248792 ], [ -71.3620176, 41.5247822 ], [ -71.3620206, 41.5246761 ], [ -71.3620209, 41.5246645 ], [ -71.3620004, 41.5246059 ], [ -71.3619923, 41.5245809 ], [ -71.3620066, 41.5245592 ], [ -71.3620359, 41.5245208 ], [ -71.362054, 41.5244506 ], [ -71.3620683, 41.5244279 ], [ -71.362029, 41.5242592 ], [ -71.3619724, 41.5242179 ], [ -71.3619478, 41.5242131 ], [ -71.3619756, 41.5241773 ], [ -71.3619891, 41.5241599 ], [ -71.3620203, 41.5241601 ], [ -71.3620205, 41.5241367 ], [ -71.3620555, 41.5240241 ], [ -71.3620708, 41.5238837 ], [ -71.362093, 41.5234338 ], [ -71.3621254, 41.5232635 ], [ -71.3621673, 41.5231644 ], [ -71.3622188, 41.5230812 ], [ -71.3622378, 41.5230361 ], [ -71.3622551, 41.5229451 ], [ -71.3622368, 41.5228681 ], [ -71.3622147, 41.5228138 ], [ -71.3622151, 41.52278 ], [ -71.3622223, 41.5226998 ], [ -71.3622423, 41.5226061 ], [ -71.3622669, 41.5225321 ], [ -71.362286, 41.5225085 ], [ -71.3623313, 41.5224528 ], [ -71.3623826, 41.5224061 ], [ -71.3624608, 41.5223649 ], [ -71.3625553, 41.5223126 ], [ -71.3626029, 41.5222781 ], [ -71.3626639, 41.522224 ], [ -71.3627, 41.5221641 ], [ -71.3627236, 41.5221301 ], [ -71.3627756, 41.5219472 ], [ -71.3628176, 41.5217062 ], [ -71.3628421, 41.5216321 ], [ -71.36286, 41.5215489 ], [ -71.362883, 41.5213302 ], [ -71.3628663, 41.5211825 ], [ -71.3629113, 41.5210335 ], [ -71.362912, 41.5209513 ], [ -71.3628988, 41.520893 ], [ -71.362867, 41.5208269 ], [ -71.3628252, 41.5207393 ], [ -71.3628388, 41.5206948 ], [ -71.3628395, 41.5206924 ], [ -71.362865, 41.5206662 ], [ -71.3629249, 41.5206405 ], [ -71.3629557, 41.5205853 ], [ -71.3629886, 41.5204875 ], [ -71.3629908, 41.5203866 ], [ -71.3629534, 41.5202499 ], [ -71.3629112, 41.5201376 ], [ -71.3628698, 41.5200609 ], [ -71.3628077, 41.5199722 ], [ -71.3628728, 41.5199475 ], [ -71.3629528, 41.519927 ], [ -71.3630327, 41.5199058 ], [ -71.3631138, 41.5198575 ], [ -71.3631733, 41.5197749 ], [ -71.3631812, 41.5197632 ], [ -71.363221, 41.5196713 ], [ -71.36322, 41.5196092 ], [ -71.3632229, 41.519581 ], [ -71.3632387, 41.5195507 ], [ -71.3633104, 41.519534 ], [ -71.3633532, 41.5195143 ], [ -71.3634016, 41.5194711 ], [ -71.363416, 41.5194582 ], [ -71.3634417, 41.5194287 ], [ -71.3634774, 41.519369 ], [ -71.3634987, 41.5193108 ], [ -71.363506, 41.5192278 ], [ -71.3635068, 41.5192193 ], [ -71.3634943, 41.5190947 ], [ -71.363502, 41.5189847 ], [ -71.3635081, 41.5189352 ], [ -71.3635841, 41.5188767 ], [ -71.3636475, 41.5188433 ], [ -71.363695, 41.5187804 ], [ -71.3637233, 41.5187096 ], [ -71.3637317, 41.5186484 ], [ -71.3637207, 41.5185738 ], [ -71.3637319, 41.5185097 ], [ -71.3637795, 41.5184771 ], [ -71.363839, 41.5184536 ], [ -71.3638663, 41.5184235 ], [ -71.3639096, 41.51834 ], [ -71.3639124, 41.5182857 ], [ -71.3639378, 41.5182416 ], [ -71.3639642, 41.5182289 ], [ -71.3640747, 41.5182247 ], [ -71.3641442, 41.5182165 ], [ -71.36423, 41.5181321 ], [ -71.3643587, 41.5179979 ], [ -71.3643836, 41.5179655 ], [ -71.3644944, 41.5178637 ], [ -71.3645186, 41.5177917 ], [ -71.3645376, 41.5177277 ], [ -71.3646671, 41.5177259 ], [ -71.36482, 41.5177238 ], [ -71.3649741, 41.5176742 ], [ -71.3651359, 41.5174828 ], [ -71.3651413, 41.5174687 ], [ -71.3651421, 41.5174668 ], [ -71.3652397, 41.5172147 ], [ -71.3654196, 41.51675 ], [ -71.3654761, 41.5165472 ], [ -71.3655193, 41.5164542 ], [ -71.3655251, 41.5163749 ], [ -71.3655588, 41.515917 ], [ -71.3657236, 41.5158552 ], [ -71.3658149, 41.5156911 ], [ -71.365824, 41.5152851 ], [ -71.3658421, 41.5152466 ], [ -71.3659314, 41.5150576 ], [ -71.3658834, 41.5148543 ], [ -71.365745, 41.514269 ], [ -71.3660979, 41.5142629 ], [ -71.3663355, 41.5141302 ], [ -71.3663586, 41.513797 ], [ -71.366236, 41.5131638 ], [ -71.3660658, 41.5128258 ], [ -71.3660531, 41.5128056 ], [ -71.3659414, 41.5126443 ], [ -71.3658359, 41.5124859 ], [ -71.3657657, 41.51239 ], [ -71.3648352, 41.5111398 ], [ -71.364576, 41.5108966 ], [ -71.3635837, 41.5103727 ], [ -71.3622006, 41.5098425 ], [ -71.3621428, 41.5098443 ], [ -71.3620815, 41.5098462 ], [ -71.3619089, 41.5098673 ], [ -71.3617249, 41.5099016 ], [ -71.3604099, 41.5106511 ], [ -71.3598542, 41.5107902 ], [ -71.3595514, 41.5107507 ], [ -71.3593888, 41.5106635 ], [ -71.3591854, 41.5103563 ], [ -71.3590594, 41.5101661 ], [ -71.3586183, 41.5098749 ], [ -71.3585043, 41.5096912 ], [ -71.3582179, 41.5092294 ], [ -71.3581444, 41.5091109 ], [ -71.3579456, 41.5087905 ], [ -71.3578507, 41.5082421 ], [ -71.3578506, 41.5082414 ], [ -71.3578572, 41.5081202 ], [ -71.3578687, 41.5079098 ], [ -71.3579921, 41.5077407 ], [ -71.3581319, 41.5075492 ], [ -71.3582087, 41.5072207 ], [ -71.3582106, 41.5072128 ], [ -71.3582329, 41.5071173 ], [ -71.3582413, 41.5070817 ], [ -71.3582448, 41.5070668 ], [ -71.3583484, 41.5066237 ], [ -71.3583766, 41.5065034 ], [ -71.3583928, 41.5064756 ], [ -71.3585835, 41.5061484 ], [ -71.3587073, 41.505665 ], [ -71.3587785, 41.5052453 ], [ -71.3587566, 41.5050239 ], [ -71.3587176, 41.5046273 ], [ -71.3590819, 41.5044826 ], [ -71.3592738, 41.5043046 ], [ -71.3593538, 41.5040432 ], [ -71.3593736, 41.5039784 ], [ -71.3594321, 41.5037874 ], [ -71.3594928, 41.5035891 ], [ -71.3598829, 41.5031432 ], [ -71.3601143, 41.502956 ], [ -71.3604288, 41.5027908 ], [ -71.3609858, 41.5024981 ], [ -71.3611657, 41.5024035 ], [ -71.3614377, 41.5023998 ], [ -71.3615406, 41.5023851 ], [ -71.3615519, 41.5023812 ], [ -71.3618524, 41.5022809 ], [ -71.3620121, 41.5022054 ], [ -71.3622219, 41.5020801 ], [ -71.3623729, 41.5019839 ], [ -71.3624002, 41.5019665 ], [ -71.3625483, 41.5019034 ], [ -71.3627898, 41.5018148 ], [ -71.3629261, 41.5017522 ], [ -71.3631712, 41.5016396 ], [ -71.363781, 41.5012341 ], [ -71.3644504, 41.5004872 ], [ -71.3645127, 41.5004656 ], [ -71.3646883, 41.5004045 ], [ -71.364963, 41.500135 ], [ -71.3651761, 41.4998696 ], [ -71.3652173, 41.4998076 ], [ -71.3652991, 41.4996841 ], [ -71.3653719, 41.4995811 ], [ -71.3654417, 41.4994977 ], [ -71.365577, 41.4994078 ], [ -71.3657615, 41.4993475 ], [ -71.3660095, 41.499211 ], [ -71.3660875, 41.4991501 ], [ -71.3662219, 41.4990253 ], [ -71.3663101, 41.4988603 ], [ -71.3665525, 41.498407 ], [ -71.3667035, 41.49786 ], [ -71.3667129, 41.4971672 ], [ -71.3667142, 41.4970714 ], [ -71.3667185, 41.4967518 ], [ -71.3665789, 41.4965217 ], [ -71.3665788, 41.4965216 ], [ -71.3664544, 41.4965095 ], [ -71.3664555, 41.4964504 ], [ -71.3664569, 41.4963661 ], [ -71.3664579, 41.4963075 ], [ -71.3664599, 41.4961921 ], [ -71.3665845, 41.4961892 ], [ -71.3668245, 41.4961735 ], [ -71.3666625, 41.4958341 ], [ -71.366377, 41.4958243 ], [ -71.3663043, 41.4958218 ], [ -71.3662934, 41.495809 ], [ -71.3661338, 41.4956215 ], [ -71.3663288, 41.4957086 ], [ -71.3664988, 41.4956295 ], [ -71.3665299, 41.495615 ], [ -71.3665315, 41.4955091 ], [ -71.3665573, 41.4955092 ], [ -71.3667082, 41.4955094 ], [ -71.3668732, 41.4955474 ], [ -71.367012, 41.4951259 ], [ -71.3669479, 41.494652 ], [ -71.3663635, 41.4937553 ], [ -71.3663576, 41.4937462 ], [ -71.3657147, 41.4927597 ], [ -71.3656839, 41.4927123 ], [ -71.3655455, 41.4925327 ], [ -71.3654042, 41.492364 ], [ -71.3653386, 41.492318 ], [ -71.3652536, 41.4922376 ], [ -71.3652431, 41.4922277 ], [ -71.3651486, 41.4921383 ], [ -71.3650377, 41.491984 ], [ -71.3649224, 41.4918233 ], [ -71.3648608, 41.4914769 ], [ -71.3647224, 41.4912046 ], [ -71.364679, 41.4911192 ], [ -71.3642394, 41.4905835 ], [ -71.3638427, 41.4902563 ], [ -71.3637807, 41.4901445 ], [ -71.363727, 41.4899998 ], [ -71.3636451, 41.4898947 ], [ -71.363204, 41.489505 ], [ -71.3630684, 41.4893851 ], [ -71.3630659, 41.4893629 ], [ -71.363022, 41.488963 ], [ -71.3629897, 41.4886691 ], [ -71.3629649, 41.4884437 ], [ -71.3629455, 41.4884103 ], [ -71.3628377, 41.4882246 ], [ -71.3628053, 41.4881688 ], [ -71.362771, 41.4881098 ], [ -71.36277, 41.488108 ], [ -71.3627686, 41.4881056 ], [ -71.362726, 41.4880323 ], [ -71.3626234, 41.4878556 ], [ -71.3625677, 41.4877597 ], [ -71.3625361, 41.4877052 ], [ -71.3625151, 41.4876691 ], [ -71.362472, 41.4875949 ], [ -71.3623674, 41.4875163 ], [ -71.3621769, 41.4873734 ], [ -71.3621124, 41.4873249 ], [ -71.3620144, 41.4872514 ], [ -71.3612333, 41.4868207 ], [ -71.3609363, 41.4866569 ], [ -71.3607264, 41.4865412 ], [ -71.3605944, 41.4864684 ], [ -71.3605501, 41.4864439 ], [ -71.3604751, 41.4864026 ], [ -71.3604639, 41.4862204 ], [ -71.3608538, 41.4855055 ], [ -71.3608869, 41.4853842 ], [ -71.3608924, 41.485364 ], [ -71.3607936, 41.4851062 ], [ -71.3607407, 41.4850668 ], [ -71.3601409, 41.48462 ], [ -71.3600736, 41.4844858 ], [ -71.3601592, 41.4843138 ], [ -71.3601466, 41.4842674 ], [ -71.3600948, 41.4840756 ], [ -71.3606712, 41.4834441 ], [ -71.3606741, 41.4831526 ], [ -71.3602855, 41.4827549 ], [ -71.3601128, 41.4826394 ], [ -71.3599557, 41.4826283 ], [ -71.3599328, 41.4826266 ], [ -71.3600886, 41.4825364 ], [ -71.3599962, 41.4824807 ], [ -71.3596231, 41.4822905 ], [ -71.3594333, 41.4823147 ], [ -71.359318, 41.4824634 ], [ -71.3592556, 41.4824302 ], [ -71.3591953, 41.4823982 ], [ -71.3594495, 41.4820785 ], [ -71.3592699, 41.4819552 ], [ -71.3587432, 41.4815936 ], [ -71.357844, 41.481252 ], [ -71.3572242, 41.4810166 ], [ -71.3569929, 41.480988 ], [ -71.3567335, 41.4811197 ], [ -71.3564264, 41.4812757 ], [ -71.3559494, 41.4812874 ], [ -71.3558707, 41.4810701 ], [ -71.3556403, 41.4808348 ], [ -71.3555165, 41.4807084 ], [ -71.3550819, 41.4806581 ], [ -71.3549349, 41.4807282 ], [ -71.3547919, 41.4806207 ], [ -71.3548423, 41.4804914 ], [ -71.3547304, 41.4803694 ], [ -71.3548037, 41.4802608 ], [ -71.3548897, 41.4801334 ], [ -71.3548565, 41.4800708 ], [ -71.3548503, 41.4800592 ], [ -71.3549929, 41.4798669 ], [ -71.3553081, 41.4796604 ], [ -71.3562112, 41.4794 ], [ -71.3562326, 41.4794972 ], [ -71.356407, 41.4794888 ], [ -71.3564246, 41.4796903 ], [ -71.3565215, 41.4796162 ], [ -71.3565806, 41.4795709 ], [ -71.3567343, 41.4794532 ], [ -71.3568561, 41.4794977 ], [ -71.3570758, 41.4797629 ], [ -71.3571547, 41.4797621 ], [ -71.3574087, 41.4797594 ], [ -71.3576137, 41.4796781 ], [ -71.3577204, 41.4795594 ], [ -71.3577281, 41.4795282 ], [ -71.3578191, 41.4791592 ], [ -71.3578425, 41.4790642 ], [ -71.3578614, 41.4789873 ], [ -71.3578544, 41.4789735 ], [ -71.3578095, 41.4788857 ], [ -71.3577456, 41.4788657 ], [ -71.3577329, 41.4788617 ], [ -71.3576968, 41.4788503 ], [ -71.3574781, 41.4788456 ], [ -71.3574683, 41.4788454 ], [ -71.3571825, 41.4788382 ], [ -71.3570716, 41.4788355 ], [ -71.3570792, 41.4789665 ], [ -71.3569756, 41.4789639 ], [ -71.3568776, 41.4789614 ], [ -71.3569158, 41.4788365 ], [ -71.3569871, 41.4786034 ], [ -71.3570841, 41.4782715 ], [ -71.3572955, 41.4783029 ], [ -71.3575393, 41.4782919 ], [ -71.3577296, 41.4777596 ], [ -71.3578669, 41.4776348 ], [ -71.3577749, 41.4774825 ], [ -71.3577344, 41.4774154 ], [ -71.3579055, 41.4774364 ], [ -71.3580257, 41.4774512 ], [ -71.3582474, 41.4773222 ], [ -71.3582372, 41.477145 ], [ -71.3585083, 41.4771189 ], [ -71.3585976, 41.4771822 ], [ -71.3589146, 41.4774069 ], [ -71.3589745, 41.4771571 ], [ -71.3591443, 41.4771163 ], [ -71.3592491, 41.4772407 ], [ -71.3593752, 41.4773905 ], [ -71.3592869, 41.4777606 ], [ -71.3595008, 41.4778581 ], [ -71.3595014, 41.4780156 ], [ -71.359457, 41.4780473 ], [ -71.3593679, 41.478111 ], [ -71.358844, 41.4784854 ], [ -71.3586244, 41.4788502 ], [ -71.3587358, 41.4789896 ], [ -71.3589044, 41.4789912 ], [ -71.3591605, 41.4791768 ], [ -71.359457, 41.4791594 ], [ -71.3597041, 41.4790655 ], [ -71.3598594, 41.4788931 ], [ -71.3603332, 41.4788356 ], [ -71.3603694, 41.4787134 ], [ -71.3602855, 41.4785903 ], [ -71.3604913, 41.4783962 ], [ -71.3607122, 41.4777537 ], [ -71.36109, 41.4775655 ], [ -71.3611978, 41.4775721 ], [ -71.3613267, 41.4775801 ], [ -71.3613686, 41.4775827 ], [ -71.3613857, 41.4776188 ], [ -71.3614264, 41.4777046 ], [ -71.3612124, 41.4778952 ], [ -71.3615116, 41.4778878 ], [ -71.3615506, 41.4778868 ], [ -71.3615592, 41.4779087 ], [ -71.3616145, 41.4780504 ], [ -71.3614944, 41.4784237 ], [ -71.3614786, 41.4784729 ], [ -71.3614694, 41.4785014 ], [ -71.3614839, 41.4786639 ], [ -71.3612088, 41.4788692 ], [ -71.3612037, 41.478885 ], [ -71.361185, 41.4789433 ], [ -71.3611605, 41.4790193 ], [ -71.3610882, 41.4790697 ], [ -71.3610622, 41.4790878 ], [ -71.3608958, 41.4792039 ], [ -71.3610858, 41.4794735 ], [ -71.3615199, 41.4796045 ], [ -71.3617777, 41.4795181 ], [ -71.3618125, 41.4794167 ], [ -71.3616833, 41.4792958 ], [ -71.3619119, 41.4791614 ], [ -71.3623351, 41.4791928 ], [ -71.3624305, 41.4790071 ], [ -71.362564, 41.4790143 ], [ -71.3626317, 41.4789194 ], [ -71.362561, 41.4788073 ], [ -71.362577, 41.4786366 ], [ -71.3624898, 41.4785615 ], [ -71.3625226, 41.478484 ], [ -71.3633613, 41.478096 ], [ -71.3633804, 41.4780087 ], [ -71.3638538, 41.4777117 ], [ -71.3638288, 41.4775151 ], [ -71.3633856, 41.4773564 ], [ -71.3633788, 41.477354 ], [ -71.3633825, 41.477346 ], [ -71.3634306, 41.4772437 ], [ -71.3634819, 41.4771347 ], [ -71.3640382, 41.4767993 ], [ -71.3641032, 41.4768748 ], [ -71.3640891, 41.4769753 ], [ -71.3641119, 41.4769823 ], [ -71.3641983, 41.4770088 ], [ -71.3642014, 41.4770097 ], [ -71.3643131, 41.4767836 ], [ -71.3645189, 41.4767025 ], [ -71.3649903, 41.4768398 ], [ -71.3651366, 41.476944 ], [ -71.365273, 41.4770411 ], [ -71.3655651, 41.4770117 ], [ -71.3658228, 41.476892 ], [ -71.365836, 41.4768859 ], [ -71.365837, 41.4768997 ], [ -71.365853, 41.4771094 ], [ -71.3659976, 41.4769945 ], [ -71.3660429, 41.4769585 ], [ -71.3660764, 41.4770314 ], [ -71.3660926, 41.4770666 ], [ -71.3661004, 41.4770837 ], [ -71.3661576, 41.4772083 ], [ -71.3662359, 41.4773787 ], [ -71.3662289, 41.4775526 ], [ -71.3662941, 41.4775489 ], [ -71.3663626, 41.477545 ], [ -71.3664151, 41.4775421 ], [ -71.3665172, 41.4772961 ], [ -71.3669018, 41.4772448 ], [ -71.3667603, 41.477422 ], [ -71.3670433, 41.4774308 ], [ -71.3670681, 41.4774315 ], [ -71.3670435, 41.4775408 ], [ -71.3670884, 41.4776179 ], [ -71.3671135, 41.4776609 ], [ -71.3674472, 41.4777112 ], [ -71.3674721, 41.477715 ], [ -71.3674754, 41.4777165 ], [ -71.3677837, 41.4778649 ], [ -71.3679386, 41.4777815 ], [ -71.3681078, 41.4777903 ], [ -71.3682571, 41.4779306 ], [ -71.368438, 41.4779686 ], [ -71.3684758, 41.4779447 ], [ -71.3686123, 41.4778585 ], [ -71.3686911, 41.4777064 ], [ -71.3689163, 41.4778039 ], [ -71.368978, 41.4777892 ], [ -71.3691372, 41.4777512 ], [ -71.3691547, 41.4777808 ], [ -71.3692421, 41.4779285 ], [ -71.3693555, 41.4779117 ], [ -71.3695573, 41.4778817 ], [ -71.3696099, 41.4778739 ], [ -71.3701453, 41.4780128 ], [ -71.3703654, 41.4779566 ], [ -71.370576, 41.4780667 ], [ -71.370652, 41.4779272 ], [ -71.3706618, 41.4779094 ], [ -71.370813, 41.4780909 ], [ -71.370846, 41.4781307 ], [ -71.3709555, 41.4780736 ], [ -71.3709924, 41.4779205 ], [ -71.3711132, 41.4780037 ], [ -71.3714195, 41.477887 ], [ -71.3716397, 41.4779242 ], [ -71.371659, 41.4777198 ], [ -71.3716611, 41.4776977 ], [ -71.3716867, 41.4777043 ], [ -71.3718647, 41.47775 ], [ -71.3723463, 41.477567 ], [ -71.3722809, 41.4774886 ], [ -71.3722, 41.4773916 ], [ -71.3722075, 41.4773768 ], [ -71.3724476, 41.4769033 ], [ -71.3726562, 41.4768148 ], [ -71.3726981, 41.4768203 ], [ -71.3728746, 41.4768436 ], [ -71.3729275, 41.4767977 ], [ -71.3730631, 41.4766803 ], [ -71.3730976, 41.4766009 ], [ -71.3731106, 41.4765709 ], [ -71.3730882, 41.4765131 ], [ -71.3729992, 41.4762839 ], [ -71.3729213, 41.4762392 ], [ -71.3730633, 41.4761346 ], [ -71.3731039, 41.4761047 ], [ -71.3729957, 41.4760345 ], [ -71.3729001, 41.4759725 ], [ -71.3728596, 41.4758642 ], [ -71.3728093, 41.4757299 ], [ -71.3728014, 41.4757089 ], [ -71.3727724, 41.4756315 ], [ -71.3727722, 41.4752605 ], [ -71.3729296, 41.475 ], [ -71.3726909, 41.475 ], [ -71.3726813, 41.475 ], [ -71.3726688, 41.475 ], [ -71.37257, 41.475 ], [ -71.372556, 41.475 ], [ -71.3724832, 41.475 ], [ -71.3724073, 41.475 ], [ -71.3723482, 41.475 ], [ -71.3723292, 41.475 ], [ -71.371524, 41.475 ], [ -71.3714993, 41.475 ], [ -71.3714507, 41.475 ], [ -71.3710105, 41.475 ], [ -71.3709681, 41.475 ], [ -71.3708965, 41.475 ], [ -71.3689218, 41.475 ], [ -71.3688739, 41.475 ], [ -71.3683126, 41.475 ], [ -71.368039, 41.475 ], [ -71.3679581, 41.475 ], [ -71.365305, 41.475 ], [ -71.3653043, 41.475 ], [ -71.3648634, 41.475 ], [ -71.3643373, 41.475 ], [ -71.3574015, 41.475 ], [ -71.3563217, 41.475 ], [ -71.3535798, 41.475 ], [ -71.3503533, 41.475 ], [ -71.3467523, 41.475 ], [ -71.3452965, 41.475 ], [ -71.3452649, 41.475 ], [ -71.3449927, 41.475 ], [ -71.3448818, 41.475 ], [ -71.3448712, 41.475 ], [ -71.3444369, 41.475 ], [ -71.3443964, 41.475 ], [ -71.3442106, 41.475 ], [ -71.3439995, 41.475 ], [ -71.3438373, 41.475 ], [ -71.3437945, 41.475 ], [ -71.3437415, 41.475 ], [ -71.343495, 41.475 ], [ -71.3434375, 41.475 ], [ -71.3433141, 41.475 ], [ -71.3433012, 41.475 ], [ -71.3430148, 41.475 ], [ -71.3429614, 41.4750726 ], [ -71.3429003, 41.4751556 ], [ -71.3428907, 41.4751566 ], [ -71.3426152, 41.475185 ], [ -71.3423265, 41.4753656 ], [ -71.3420398, 41.4757063 ], [ -71.3420311, 41.4758221 ], [ -71.3417796, 41.476175 ], [ -71.3415849, 41.4762588 ], [ -71.3414992, 41.4763291 ], [ -71.3413604, 41.4764661 ], [ -71.3413411, 41.4764914 ], [ -71.3413135, 41.4765275 ], [ -71.3412034, 41.4768902 ], [ -71.3411962, 41.4770436 ], [ -71.3411689, 41.4771399 ], [ -71.3410907, 41.4772261 ], [ -71.3409793, 41.4772901 ], [ -71.3409057, 41.4773415 ], [ -71.3407481, 41.4774778 ], [ -71.3405843, 41.4776238 ], [ -71.3404891, 41.477712 ], [ -71.3403369, 41.4778661 ], [ -71.3401451, 41.4780431 ], [ -71.3400129, 41.4781961 ], [ -71.3397755, 41.4783443 ], [ -71.3396921, 41.4784001 ], [ -71.3395418, 41.4785522 ], [ -71.3394378, 41.4786401 ], [ -71.3392935, 41.4787696 ], [ -71.3389432, 41.4792016 ], [ -71.3388702, 41.4793668 ], [ -71.3386896, 41.4798248 ], [ -71.3386533, 41.479956 ], [ -71.3386219, 41.4800916 ], [ -71.3385822, 41.4801956 ], [ -71.3385335, 41.4802949 ], [ -71.3384704, 41.4804119 ], [ -71.3383519, 41.4806534 ], [ -71.3383076, 41.4807275 ], [ -71.3382063, 41.4808395 ], [ -71.338058, 41.4809356 ], [ -71.3378967, 41.4810134 ], [ -71.3377844, 41.4810821 ], [ -71.3376848, 41.4811885 ], [ -71.337641, 41.4812584 ], [ -71.3373517, 41.4817851 ], [ -71.3367047, 41.4817905 ], [ -71.3367009, 41.4816632 ], [ -71.3366983, 41.4815794 ], [ -71.3369091, 41.4815726 ], [ -71.3373076, 41.481567 ], [ -71.3374576, 41.4812745 ], [ -71.3375927, 41.4810712 ], [ -71.3376216, 41.4809186 ], [ -71.3375159, 41.4808072 ], [ -71.3371027, 41.4807586 ], [ -71.3370084, 41.4807907 ], [ -71.3368386, 41.4808489 ], [ -71.3367852, 41.4809168 ], [ -71.3368121, 41.4810719 ], [ -71.3368322, 41.4812178 ], [ -71.3368379, 41.4814532 ], [ -71.3366953, 41.4814591 ], [ -71.3366793, 41.4811407 ], [ -71.3366664, 41.4809025 ], [ -71.3366486, 41.4808364 ], [ -71.336625, 41.4807489 ], [ -71.3366123, 41.480702 ], [ -71.3365745, 41.4806328 ], [ -71.3365274, 41.4805465 ], [ -71.336516, 41.4805401 ], [ -71.3362147, 41.4803706 ], [ -71.3362121, 41.4803691 ], [ -71.3360906, 41.4802982 ], [ -71.3360194, 41.4801094 ], [ -71.3358589, 41.4796852 ], [ -71.335798, 41.47957 ], [ -71.335707, 41.4795044 ], [ -71.3355753, 41.4794653 ], [ -71.3354383, 41.4794521 ], [ -71.3354065, 41.4794461 ], [ -71.3353186, 41.4794297 ], [ -71.3353129, 41.479401 ], [ -71.3352911, 41.4792915 ], [ -71.3352144, 41.4789054 ], [ -71.3352072, 41.4788693 ], [ -71.3352065, 41.4788658 ], [ -71.3352957, 41.4787427 ], [ -71.3352911, 41.4786658 ], [ -71.3352837, 41.4785393 ], [ -71.3352712, 41.4784435 ], [ -71.3352604, 41.4783615 ], [ -71.3352402, 41.4781469 ], [ -71.3352333, 41.4779973 ], [ -71.3352332, 41.4779938 ], [ -71.3352325, 41.4779839 ], [ -71.3352302, 41.4779534 ], [ -71.3352115, 41.4777003 ], [ -71.3351846, 41.477388 ], [ -71.3351772, 41.4773022 ], [ -71.3351509, 41.4771108 ], [ -71.3351351, 41.4768898 ], [ -71.3350928, 41.4765435 ], [ -71.3350903, 41.4765233 ], [ -71.3350792, 41.4764134 ], [ -71.3350791, 41.4764122 ], [ -71.3350789, 41.47641 ], [ -71.3350765, 41.4763864 ], [ -71.3350712, 41.4763093 ], [ -71.3350695, 41.4762848 ], [ -71.3350763, 41.4761515 ], [ -71.3351073, 41.4760545 ], [ -71.3351766, 41.4759414 ], [ -71.3352665, 41.4758545 ], [ -71.3353519, 41.4757989 ], [ -71.3355001, 41.4757186 ], [ -71.3357402, 41.4755745 ], [ -71.3358795, 41.4754892 ], [ -71.3360143, 41.4754018 ], [ -71.3361791, 41.4752878 ], [ -71.3363489, 41.4751637 ], [ -71.3364597, 41.4750638 ], [ -71.3364967, 41.475 ], [ -71.3356419, 41.475 ], [ -71.3355982, 41.475 ], [ -71.3355813, 41.475 ], [ -71.3355807, 41.475 ], [ -71.3349194, 41.475 ], [ -71.334816, 41.475 ], [ -71.3326361, 41.475 ], [ -71.3325491, 41.475 ], [ -71.3311142, 41.475 ], [ -71.3309524, 41.475 ], [ -71.3299921, 41.475 ], [ -71.3299057, 41.475 ], [ -71.3280597, 41.475 ], [ -71.3277626, 41.475 ], [ -71.3272436, 41.475 ], [ -71.3270717, 41.475 ], [ -71.3268824, 41.475 ], [ -71.3266249, 41.475 ], [ -71.3266189, 41.475 ], [ -71.3253681, 41.475 ], [ -71.3253511, 41.4750253 ], [ -71.3250172, 41.4752154 ], [ -71.325, 41.4752252 ], [ -71.325, 41.4762467 ], [ -71.325, 41.4762707 ], [ -71.325, 41.476585 ], [ -71.325, 41.476739 ], [ -71.325, 41.4770455 ], [ -71.325, 41.4772394 ], [ -71.325, 41.4774418 ], [ -71.325, 41.4775103 ], [ -71.325, 41.4776387 ], [ -71.325, 41.477681 ], [ -71.325, 41.4783564 ], [ -71.325, 41.4787801 ], [ -71.325, 41.479249 ], [ -71.325, 41.4792795 ], [ -71.325, 41.4794286 ], [ -71.325, 41.4796246 ], [ -71.325, 41.4797801 ], [ -71.325, 41.4800042 ], [ -71.325, 41.4807553 ], [ -71.325, 41.4812385 ], [ -71.325, 41.4880773 ], [ -71.325, 41.488146 ], [ -71.325, 41.4910667 ], [ -71.325, 41.4912317 ], [ -71.325, 41.4913104 ], [ -71.325, 41.4913294 ], [ -71.325, 41.4913358 ], [ -71.325, 41.4913983 ], [ -71.325, 41.4966245 ], [ -71.325, 41.4995806 ], [ -71.325, 41.4997406 ], [ -71.325, 41.5005452 ], [ -71.325, 41.5006959 ], [ -71.325, 41.5015538 ], [ -71.325, 41.5023328 ], [ -71.325, 41.5025841 ], [ -71.325, 41.5027594 ], [ -71.325, 41.5028358 ], [ -71.325, 41.504094 ], [ -71.325, 41.5048139 ], [ -71.325, 41.5052746 ], [ -71.325, 41.5057324 ], [ -71.325, 41.5057465 ], [ -71.325, 41.5059483 ], [ -71.325, 41.5061614 ], [ -71.325, 41.5064448 ], [ -71.325, 41.5065638 ], [ -71.325, 41.5070773 ], [ -71.3252245, 41.5066303 ], [ -71.3252314, 41.5066145 ], [ -71.325276, 41.5065116 ], [ -71.3252811, 41.5064998 ], [ -71.3252911, 41.5065017 ], [ -71.3257946, 41.5065978 ], [ -71.3258558, 41.5066095 ], [ -71.3259902, 41.506637 ], [ -71.3259907, 41.5066371 ], [ -71.3266737, 41.5067769 ], [ -71.3268211, 41.5064651 ], [ -71.3269841, 41.5061511 ], [ -71.3270529, 41.5060076 ], [ -71.3269254, 41.5059315 ], [ -71.3269384, 41.5059063 ], [ -71.3269898, 41.5058067 ], [ -71.3271157, 41.5058372 ], [ -71.3271322, 41.5058412 ], [ -71.3271977, 41.505712 ], [ -71.3272401, 41.5056259 ], [ -71.3272857, 41.5055326 ], [ -71.3273368, 41.5054318 ], [ -71.3273757, 41.5053553 ], [ -71.327408, 41.5052919 ], [ -71.327442, 41.5052196 ], [ -71.3274553, 41.5051913 ], [ -71.3274243, 41.5050728 ], [ -71.3272607, 41.5049841 ], [ -71.3272448, 41.5049756 ], [ -71.3270777, 41.5048856 ], [ -71.3270718, 41.5048823 ], [ -71.3267307, 41.5046999 ], [ -71.3266078, 41.5046316 ], [ -71.3261665, 41.5043861 ], [ -71.3261622, 41.504384 ], [ -71.3260433, 41.5043241 ], [ -71.3260187, 41.5043117 ], [ -71.3257647, 41.5041744 ], [ -71.3256133, 41.5040926 ], [ -71.3256034, 41.5040692 ], [ -71.3252924, 41.5033347 ], [ -71.325433, 41.5032973 ], [ -71.3255306, 41.5032714 ], [ -71.3255314, 41.5032722 ], [ -71.3260888, 41.5038172 ], [ -71.3264185, 41.5039087 ], [ -71.3272027, 41.5041263 ], [ -71.3275749, 41.5042025 ], [ -71.3276629, 41.5042562 ], [ -71.3280696, 41.504357 ], [ -71.3281695, 41.5045513 ], [ -71.328197, 41.504605 ], [ -71.328243, 41.5046557 ], [ -71.3282879, 41.5047054 ], [ -71.328336, 41.5047758 ], [ -71.3283779, 41.5048475 ], [ -71.3283859, 41.5049352 ], [ -71.3283693, 41.5050161 ], [ -71.328275, 41.5051436 ], [ -71.3282814, 41.5054195 ], [ -71.3286326, 41.5058684 ], [ -71.3287111, 41.5059552 ], [ -71.3288379, 41.5060674 ], [ -71.3289584, 41.5061837 ], [ -71.3291236, 41.5063104 ], [ -71.3293064, 41.5064355 ], [ -71.3294991, 41.5065752 ], [ -71.3296133, 41.5066465 ], [ -71.329731, 41.5067117 ], [ -71.3298374, 41.5067582 ], [ -71.329962, 41.5067596 ], [ -71.3302822, 41.506896 ], [ -71.3303072, 41.5069067 ], [ -71.3303444, 41.5069319 ], [ -71.3304124, 41.5069782 ], [ -71.3304919, 41.507061 ], [ -71.330572, 41.5071326 ], [ -71.3306374, 41.5072051 ], [ -71.3306436, 41.5072121 ], [ -71.3306953, 41.5072995 ], [ -71.3307178, 41.5073716 ], [ -71.3307252, 41.5074555 ], [ -71.3307234, 41.5074848 ], [ -71.3307187, 41.5075593 ], [ -71.3306873, 41.5076764 ], [ -71.3306867, 41.5076777 ], [ -71.3306481, 41.507762 ], [ -71.3306313, 41.5077928 ], [ -71.3305875, 41.5078728 ], [ -71.3304688, 41.5080643 ], [ -71.3304231, 41.5081615 ], [ -71.3304031, 41.5082326 ], [ -71.3303941, 41.5083068 ], [ -71.3303884, 41.5084186 ], [ -71.3303893, 41.5085119 ], [ -71.3303725, 41.5085855 ], [ -71.3303499, 41.5087031 ], [ -71.3303246, 41.5088793 ], [ -71.3302955, 41.5090886 ], [ -71.3302716, 41.5092355 ], [ -71.3303713, 41.5093672 ], [ -71.3306886, 41.5092509 ], [ -71.3306295, 41.5095953 ], [ -71.3304782, 41.5096304 ], [ -71.3303859, 41.5097751 ], [ -71.3303814, 41.5100628 ], [ -71.3303898, 41.5103619 ], [ -71.3303846, 41.5105844 ], [ -71.3303455, 41.5107534 ], [ -71.3303224, 41.5108396 ], [ -71.3302767, 41.5110752 ], [ -71.3303806, 41.5112561 ], [ -71.330245, 41.5114127 ], [ -71.3302285, 41.5115649 ], [ -71.3302628, 41.5116375 ], [ -71.3302902, 41.5117211 ], [ -71.3302524, 41.5118226 ], [ -71.330265, 41.5119029 ], [ -71.3302161, 41.5119661 ], [ -71.3300552, 41.5120957 ], [ -71.3299499, 41.5121746 ], [ -71.3298581, 41.5122938 ], [ -71.32977, 41.5124157 ], [ -71.3297487, 41.5125138 ], [ -71.3297057, 41.5126721 ], [ -71.329658, 41.5127701 ], [ -71.3296528, 41.5128946 ], [ -71.3296516, 41.5129972 ], [ -71.3296597, 41.5130885 ], [ -71.3296502, 41.513162 ], [ -71.3295974, 41.5132527 ], [ -71.3295797, 41.5133703 ], [ -71.329536, 41.5134425 ], [ -71.3295322, 41.5135396 ], [ -71.3294821, 41.5136358 ], [ -71.3293856, 41.5137293 ], [ -71.3292651, 41.5138083 ], [ -71.3290932, 41.513914 ], [ -71.3288199, 41.5140821 ], [ -71.3286902, 41.5141073 ], [ -71.3284332, 41.5140885 ], [ -71.328251, 41.5140921 ], [ -71.3280697, 41.5141222 ], [ -71.3279352, 41.5141712 ], [ -71.3278026, 41.5142217 ], [ -71.3276968, 41.5142619 ], [ -71.3272289, 41.5144481 ], [ -71.3263936, 41.5143131 ], [ -71.3252958, 41.5137804 ], [ -71.325, 41.5135397 ], [ -71.325, 41.517086 ], [ -71.325, 41.5172355 ], [ -71.3250946, 41.5172804 ], [ -71.3252176, 41.5173347 ], [ -71.3254276, 41.5174347 ], [ -71.3257737, 41.5175613 ], [ -71.3260981, 41.5176687 ], [ -71.32617, 41.517682 ], [ -71.3271462, 41.5173445 ], [ -71.3274466, 41.5177891 ], [ -71.327579, 41.5179 ], [ -71.3277384, 41.5180106 ], [ -71.3279395, 41.5181281 ], [ -71.3281268, 41.5182305 ], [ -71.3282387, 41.5182829 ], [ -71.3283306, 41.518315 ], [ -71.3284209, 41.5183078 ], [ -71.3285276, 41.5182695 ], [ -71.3286208, 41.5182209 ], [ -71.3287429, 41.5181661 ], [ -71.3288132, 41.5181396 ], [ -71.3288845, 41.5181355 ], [ -71.3290809, 41.5180919 ], [ -71.3292253, 41.5180393 ], [ -71.3293585, 41.517977 ], [ -71.3294771, 41.5179283 ], [ -71.329549, 41.5179084 ], [ -71.3297496, 41.5178756 ], [ -71.3299651, 41.5178477 ], [ -71.3300623, 41.5178469 ], [ -71.3301626, 41.517835 ], [ -71.3302525, 41.5178137 ], [ -71.3303865, 41.5177128 ], [ -71.3304129, 41.5176045 ], [ -71.3304305, 41.5175103 ], [ -71.330447, 41.5173723 ], [ -71.3305086, 41.5173657 ], [ -71.33057, 41.5174551 ], [ -71.330613, 41.5175121 ], [ -71.330726, 41.5176925 ], [ -71.3307852, 41.5178207 ], [ -71.3307935, 41.5178915 ], [ -71.330786, 41.5179601 ], [ -71.3307592, 41.5180105 ], [ -71.3307291, 41.5180561 ], [ -71.3306915, 41.5180991 ], [ -71.3306211, 41.5181677 ], [ -71.3304296, 41.5183062 ], [ -71.3303176, 41.5183396 ], [ -71.3302113, 41.5183457 ], [ -71.3301692, 41.5183429 ], [ -71.3301347, 41.5183324 ], [ -71.3301046, 41.5182967 ], [ -71.3300413, 41.5181908 ], [ -71.3299969, 41.5181765 ], [ -71.3299167, 41.5181639 ], [ -71.3298148, 41.518161 ], [ -71.3297293, 41.5181765 ], [ -71.3296517, 41.5182015 ], [ -71.3293683, 41.5183169 ], [ -71.329253, 41.5183471 ], [ -71.329135, 41.5183872 ], [ -71.3290001, 41.5184443 ], [ -71.3287663, 41.5185471 ], [ -71.3285877, 41.5186471 ], [ -71.3282139, 41.5188779 ], [ -71.3280235, 41.5189905 ], [ -71.3278852, 41.5191137 ], [ -71.3278279, 41.519213 ], [ -71.3278805, 41.5193743 ], [ -71.3277594, 41.5196532 ], [ -71.3277237, 41.519819 ], [ -71.3276188, 41.5203212 ], [ -71.3275701, 41.520557 ], [ -71.3275201, 41.5207251 ], [ -71.3274457, 41.5209092 ], [ -71.3273924, 41.5210567 ], [ -71.3273478, 41.5211722 ], [ -71.3273072, 41.5214185 ], [ -71.3272732, 41.5214655 ], [ -71.3271911, 41.5215581 ], [ -71.3270666, 41.5216416 ], [ -71.3270228, 41.5216846 ], [ -71.3269723, 41.5217251 ], [ -71.326798, 41.5218871 ], [ -71.3266401, 41.5219766 ], [ -71.326565, 41.5220211 ], [ -71.3264316, 41.5220857 ], [ -71.3263799, 41.5221172 ], [ -71.3263159, 41.52214 ], [ -71.3262453, 41.5221754 ], [ -71.3261389, 41.522207 ], [ -71.325912, 41.5222791 ], [ -71.3256629, 41.5223373 ], [ -71.3253959, 41.5223983 ], [ -71.3253045, 41.5224245 ], [ -71.325, 41.522524 ], [ -71.325, 41.5226122 ], [ -71.325, 41.523027 ], [ -71.325, 41.5230331 ], [ -71.325, 41.523131 ], [ -71.325, 41.5232413 ], [ -71.325, 41.5234485 ], [ -71.325, 41.5235379 ], [ -71.325, 41.5236679 ], [ -71.325, 41.5237562 ], [ -71.325, 41.5243151 ], [ -71.325, 41.5244768 ], [ -71.325, 41.5277573 ], [ -71.325, 41.5302501 ], [ -71.325, 41.5320139 ], [ -71.325, 41.532101 ], [ -71.325, 41.5322304 ], [ -71.325, 41.5322316 ], [ -71.325, 41.5325618 ], [ -71.325, 41.5327929 ], [ -71.325, 41.5328019 ], [ -71.325, 41.5333487 ] ], [ [ -71.3454549, 41.5320111 ], [ -71.3454406, 41.5318345 ], [ -71.3454218, 41.5317122 ], [ -71.3454081, 41.5315829 ], [ -71.3454081, 41.5315189 ], [ -71.345408, 41.5313986 ], [ -71.3453944, 41.5312985 ], [ -71.3453425, 41.5310728 ], [ -71.3453001, 41.5306062 ], [ -71.3453117, 41.5304899 ], [ -71.3453466, 41.5303766 ], [ -71.3454184, 41.53027 ], [ -71.3454834, 41.5301762 ], [ -71.3455472, 41.5300459 ], [ -71.3455551, 41.5300228 ], [ -71.3455906, 41.5299191 ], [ -71.3456081, 41.5298245 ], [ -71.3455966, 41.5297438 ], [ -71.3455826, 41.5297085 ], [ -71.3455677, 41.529671 ], [ -71.3454941, 41.5296117 ], [ -71.3454427, 41.5295854 ], [ -71.3453181, 41.5295448 ], [ -71.3451688, 41.5294885 ], [ -71.3450308, 41.5294522 ], [ -71.3448472, 41.5294188 ], [ -71.3447081, 41.5293417 ], [ -71.3446408, 41.5292853 ], [ -71.3444416, 41.5292219 ], [ -71.3443241, 41.5292257 ], [ -71.3438648, 41.5292511 ], [ -71.3432868, 41.5293323 ], [ -71.3430826, 41.5294043 ], [ -71.3430368, 41.5294297 ], [ -71.3429911, 41.5294839 ], [ -71.3430064, 41.5296481 ], [ -71.3430034, 41.5299881 ], [ -71.3430062, 41.5300932 ], [ -71.3429925, 41.5302787 ], [ -71.342972, 41.5303311 ], [ -71.3429332, 41.5303721 ], [ -71.3428568, 41.5304131 ], [ -71.3427834, 41.5304423 ], [ -71.3427322, 41.5304537 ], [ -71.342717, 41.5304786 ], [ -71.3427099, 41.5304902 ], [ -71.342707, 41.5305145 ], [ -71.342704, 41.5305388 ], [ -71.3427152, 41.5305707 ], [ -71.3427285, 41.530589 ], [ -71.3427495, 41.53062 ], [ -71.342772, 41.530648 ], [ -71.3428027, 41.5307061 ], [ -71.3428464, 41.5307718 ], [ -71.3428781, 41.5308528 ], [ -71.3428876, 41.5309646 ], [ -71.3428876, 41.5310812 ], [ -71.3428726, 41.5311439 ], [ -71.3428394, 41.5312825 ], [ -71.3428203, 41.5313437 ], [ -71.3427815, 41.5314685 ], [ -71.3427246, 41.5316277 ], [ -71.3427404, 41.5317536 ], [ -71.3427758, 41.5320118 ], [ -71.3427571, 41.5321201 ], [ -71.3427032, 41.5323629 ], [ -71.3426968, 41.5325181 ], [ -71.3427608, 41.5325954 ], [ -71.342854, 41.5326696 ], [ -71.3428502, 41.5327567 ], [ -71.3428132, 41.5328225 ], [ -71.3428329, 41.5331334 ], [ -71.3428066, 41.5332987 ], [ -71.3428006, 41.5334675 ], [ -71.3428709, 41.5339558 ], [ -71.3429364, 41.5341585 ], [ -71.3430117, 41.534262 ], [ -71.3431369, 41.5343856 ], [ -71.3432262, 41.5345056 ], [ -71.3432996, 41.534634 ], [ -71.3433306, 41.5347386 ], [ -71.3433863, 41.5350816 ], [ -71.3434483, 41.5351539 ], [ -71.3434814, 41.535216 ], [ -71.3434719, 41.5352427 ], [ -71.3434298, 41.5352898 ], [ -71.3433982, 41.5353245 ], [ -71.3433942, 41.535382 ], [ -71.343418, 41.5354514 ], [ -71.3434536, 41.5355456 ], [ -71.3434694, 41.5355952 ], [ -71.3434615, 41.5356467 ], [ -71.3434192, 41.5357375 ], [ -71.3433971, 41.535772 ], [ -71.3433879, 41.5357895 ], [ -71.3433709, 41.5358217 ], [ -71.3433744, 41.5359006 ], [ -71.3433793, 41.5359105 ], [ -71.3433849, 41.5359218 ], [ -71.3434212, 41.5359948 ], [ -71.3434285, 41.5360096 ], [ -71.3435301, 41.5361534 ], [ -71.3435532, 41.5361871 ], [ -71.3435961, 41.5362496 ], [ -71.3437198, 41.536499 ], [ -71.3437715, 41.5366527 ], [ -71.3438111, 41.5368331 ], [ -71.3438414, 41.5368867 ], [ -71.343885, 41.5369313 ], [ -71.3439985, 41.5370136 ], [ -71.3440579, 41.5370443 ], [ -71.344057, 41.5370734 ], [ -71.34458, 41.5377574 ], [ -71.3445832, 41.5377616 ], [ -71.344647, 41.537845 ], [ -71.3447483, 41.5379774 ], [ -71.3448545, 41.5379302 ], [ -71.3449035, 41.537987 ], [ -71.3450169, 41.5379428 ], [ -71.3453702, 41.5378052 ], [ -71.3454476, 41.5379165 ], [ -71.3454844, 41.5379695 ], [ -71.3455421, 41.5380599 ], [ -71.3456026, 41.5381548 ], [ -71.3456308, 41.5382455 ], [ -71.3456643, 41.5384944 ], [ -71.3456651, 41.5385005 ], [ -71.3456675, 41.5385292 ], [ -71.3457301, 41.5392891 ], [ -71.3454978, 41.5393071 ], [ -71.3453417, 41.5393192 ], [ -71.3453475, 41.5393599 ], [ -71.3453479, 41.5393629 ], [ -71.3454416, 41.539355 ], [ -71.3454635, 41.5393549 ], [ -71.3455464, 41.5393544 ], [ -71.3456177, 41.5394625 ], [ -71.3456306, 41.539482 ], [ -71.3456426, 41.5395001 ], [ -71.3456433, 41.5395105 ], [ -71.3456533, 41.5396645 ], [ -71.3456603, 41.5397722 ], [ -71.3456735, 41.5398317 ], [ -71.3460113, 41.5398049 ], [ -71.3460112, 41.5398019 ], [ -71.3460041, 41.5396527 ], [ -71.3459975, 41.5395119 ], [ -71.3459905, 41.5393644 ], [ -71.3459874, 41.539299 ], [ -71.3459817, 41.5392386 ], [ -71.3459373, 41.5387717 ], [ -71.3459066, 41.5385111 ], [ -71.34588, 41.5382849 ], [ -71.3458764, 41.5382663 ], [ -71.3458557, 41.5381603 ], [ -71.3458405, 41.5381264 ], [ -71.3458035, 41.5380591 ], [ -71.3457703, 41.538002 ], [ -71.3457434, 41.5379413 ], [ -71.3457404, 41.5379363 ], [ -71.3456452, 41.5377795 ], [ -71.3454945, 41.5375702 ], [ -71.3456047, 41.5373304 ], [ -71.3456939, 41.5370908 ], [ -71.3457637, 41.5369192 ], [ -71.3458122, 41.5367997 ], [ -71.3458721, 41.5366438 ], [ -71.3459211, 41.5365161 ], [ -71.3459369, 41.5364507 ], [ -71.345929, 41.5363162 ], [ -71.3459229, 41.5361373 ], [ -71.3459209, 41.5360775 ], [ -71.3459072, 41.5358132 ], [ -71.3459361, 41.5355007 ], [ -71.3459606, 41.5351744 ], [ -71.3459939, 41.5348795 ], [ -71.3460225, 41.5346506 ], [ -71.3460037, 41.5344567 ], [ -71.3459593, 41.5339522 ], [ -71.3459593, 41.5338415 ], [ -71.3459439, 41.5336798 ], [ -71.3459277, 41.5335905 ], [ -71.3458548, 41.5332061 ], [ -71.345801, 41.5330419 ], [ -71.3457314, 41.5328609 ], [ -71.3456993, 41.5327766 ], [ -71.345663, 41.5327055 ], [ -71.3456143, 41.5326253 ], [ -71.3455589, 41.5325163 ], [ -71.3455273, 41.5324082 ], [ -71.3454656, 41.5321064 ], [ -71.3454549, 41.5320111 ] ], [ [ -71.3457244, 41.53207 ], [ -71.3457579, 41.5320781 ], [ -71.3458118, 41.5320664 ], [ -71.3458382, 41.5320466 ], [ -71.3458609, 41.5320133 ], [ -71.3458681, 41.5319755 ], [ -71.3458657, 41.5319332 ], [ -71.3457879, 41.5318747 ], [ -71.3457579, 41.5318675 ], [ -71.3457292, 41.5318747 ], [ -71.3456849, 41.5319188 ], [ -71.3456729, 41.5319404 ], [ -71.3456633, 41.5319881 ], [ -71.3456729, 41.5320286 ], [ -71.3457028, 41.5320574 ], [ -71.3457244, 41.53207 ] ], [ [ -71.3559981, 41.5066964 ], [ -71.355991, 41.5067141 ], [ -71.3559883, 41.5067207 ], [ -71.355968, 41.5067714 ], [ -71.3559647, 41.5067794 ], [ -71.3559858, 41.5067841 ], [ -71.3561144, 41.5068133 ], [ -71.356359, 41.5068689 ], [ -71.356382, 41.5068097 ], [ -71.356386, 41.5067993 ], [ -71.356432, 41.5066808 ], [ -71.3564387, 41.5066638 ], [ -71.3564597, 41.5066096 ], [ -71.3563647, 41.5065873 ], [ -71.3560793, 41.5065203 ], [ -71.3560697, 41.5065181 ], [ -71.3560468, 41.5065752 ], [ -71.356042, 41.5065872 ], [ -71.3559981, 41.5066964 ] ], [ [ -71.3558934, 41.5065405 ], [ -71.3558456, 41.5065051 ], [ -71.355791, 41.5065173 ], [ -71.3556185, 41.5065648 ], [ -71.3557313, 41.5066625 ], [ -71.3557758, 41.5066992 ], [ -71.3558421, 41.5066876 ], [ -71.3558934, 41.5065405 ] ], [ [ -71.3415785, 41.5034938 ], [ -71.3415716, 41.5034857 ], [ -71.3415669, 41.5034767 ], [ -71.3415659, 41.5034723 ], [ -71.3415647, 41.5034672 ], [ -71.341565, 41.5034576 ], [ -71.3415677, 41.5034481 ], [ -71.3415729, 41.5034393 ], [ -71.3415802, 41.5034314 ], [ -71.3415895, 41.5034247 ], [ -71.3416003, 41.5034196 ], [ -71.3416024, 41.5034188 ], [ -71.3415972, 41.5034135 ], [ -71.3415935, 41.5034076 ], [ -71.3415913, 41.5034013 ], [ -71.3415908, 41.5033962 ], [ -71.3415917, 41.5033897 ], [ -71.3415942, 41.5033834 ], [ -71.3415983, 41.5033777 ], [ -71.3416009, 41.503375 ], [ -71.3416012, 41.5033638 ], [ -71.3416043, 41.5033528 ], [ -71.3416103, 41.5033425 ], [ -71.3416188, 41.5033332 ], [ -71.3416261, 41.503328 ], [ -71.3416296, 41.5033254 ], [ -71.3416422, 41.5033193 ], [ -71.3416561, 41.5033152 ], [ -71.3416615, 41.5033142 ], [ -71.3416764, 41.503313 ], [ -71.3416914, 41.503314 ], [ -71.3417057, 41.5033171 ], [ -71.341719, 41.5033224 ], [ -71.3417306, 41.5033294 ], [ -71.3417402, 41.5033381 ], [ -71.3417467, 41.5033467 ], [ -71.3417554, 41.5033478 ], [ -71.3417636, 41.5033501 ], [ -71.3417711, 41.5033536 ], [ -71.3417776, 41.5033581 ], [ -71.3417817, 41.5033623 ], [ -71.341782, 41.5033626 ], [ -71.3417859, 41.5033686 ], [ -71.3417882, 41.503375 ], [ -71.3417888, 41.5033816 ], [ -71.3417877, 41.503388 ], [ -71.3418004, 41.5033916 ], [ -71.3418119, 41.503397 ], [ -71.3418218, 41.503404 ], [ -71.3418298, 41.5034124 ], [ -71.3418353, 41.5034217 ], [ -71.3418384, 41.5034317 ], [ -71.3418388, 41.5034419 ], [ -71.3418366, 41.503452 ], [ -71.3418331, 41.5034594 ], [ -71.3418264, 41.5034684 ], [ -71.3418175, 41.5034761 ], [ -71.3418068, 41.5034824 ], [ -71.3417946, 41.503487 ], [ -71.3417815, 41.5034898 ], [ -71.341768, 41.5034905 ], [ -71.3417545, 41.5034893 ], [ -71.3417415, 41.5034861 ], [ -71.3417316, 41.5034821 ], [ -71.34173, 41.5034862 ], [ -71.3417274, 41.5034901 ], [ -71.3417239, 41.5034935 ], [ -71.3417195, 41.5034963 ], [ -71.3417144, 41.5034985 ], [ -71.3417119, 41.5034992 ], [ -71.3417062, 41.5035002 ], [ -71.3417005, 41.5035003 ], [ -71.3416948, 41.5034996 ], [ -71.3416894, 41.503498 ], [ -71.3416845, 41.5034957 ], [ -71.3416815, 41.5034936 ], [ -71.3416769, 41.5034972 ], [ -71.3416726, 41.5035006 ], [ -71.3416621, 41.5035062 ], [ -71.3416504, 41.5035101 ], [ -71.3416379, 41.5035122 ], [ -71.3416251, 41.5035124 ], [ -71.3416125, 41.5035108 ], [ -71.3416005, 41.5035073 ], [ -71.3415897, 41.5035021 ], [ -71.3415804, 41.5034955 ], [ -71.3415785, 41.5034938 ] ], [ [ -71.3414222, 41.5034401 ], [ -71.3414802, 41.5032958 ], [ -71.3414885, 41.5032753 ], [ -71.3414969, 41.5032542 ], [ -71.3411027, 41.5031646 ], [ -71.3410855, 41.5032075 ], [ -71.3410278, 41.5033509 ], [ -71.341004, 41.5034102 ], [ -71.3413982, 41.5034998 ], [ -71.3414222, 41.5034401 ] ], [ [ -71.3400325, 41.503129 ], [ -71.3400362, 41.5031294 ], [ -71.3400421, 41.5031292 ], [ -71.3400465, 41.5031284 ], [ -71.3400479, 41.5031281 ], [ -71.3400532, 41.5031262 ], [ -71.340058, 41.5031236 ], [ -71.3400621, 41.5031203 ], [ -71.3400651, 41.5031165 ], [ -71.3400735, 41.5030942 ], [ -71.3400967, 41.5030094 ], [ -71.3400969, 41.5030068 ], [ -71.3400962, 41.5030026 ], [ -71.3400945, 41.5029985 ], [ -71.3400917, 41.5029948 ], [ -71.3400896, 41.5029929 ], [ -71.340088, 41.5029915 ], [ -71.3400836, 41.5029888 ], [ -71.3400785, 41.5029869 ], [ -71.3400754, 41.5029861 ], [ -71.3400698, 41.5029854 ], [ -71.3400641, 41.5029855 ], [ -71.3400585, 41.5029865 ], [ -71.3400533, 41.5029882 ], [ -71.3400487, 41.5029907 ], [ -71.3400476, 41.5029916 ], [ -71.3400448, 41.5029938 ], [ -71.3400418, 41.5029975 ], [ -71.3400076, 41.5031085 ], [ -71.3400082, 41.5031115 ], [ -71.3400101, 41.5031157 ], [ -71.340013, 41.5031196 ], [ -71.3400147, 41.5031212 ], [ -71.3400168, 41.503123 ], [ -71.3400215, 41.5031258 ], [ -71.3400268, 41.5031278 ], [ -71.3400325, 41.503129 ] ], [ [ -71.3389422, 41.5028859 ], [ -71.3389459, 41.5028863 ], [ -71.3389518, 41.5028861 ], [ -71.3389576, 41.502885 ], [ -71.3389629, 41.5028831 ], [ -71.3389636, 41.5028827 ], [ -71.3389677, 41.5028805 ], [ -71.3389717, 41.5028772 ], [ -71.3389748, 41.5028734 ], [ -71.3389832, 41.5028511 ], [ -71.3390009, 41.5027865 ], [ -71.3390064, 41.5027663 ], [ -71.3390065, 41.5027637 ], [ -71.3390059, 41.5027595 ], [ -71.3390042, 41.5027554 ], [ -71.3390014, 41.5027516 ], [ -71.3389977, 41.5027484 ], [ -71.3389933, 41.5027457 ], [ -71.3389882, 41.5027437 ], [ -71.3389851, 41.502743 ], [ -71.3389795, 41.5027423 ], [ -71.3389738, 41.5027424 ], [ -71.3389682, 41.5027434 ], [ -71.338963, 41.5027451 ], [ -71.3389584, 41.5027476 ], [ -71.3389545, 41.5027507 ], [ -71.3389514, 41.5027543 ], [ -71.3389369, 41.5028016 ], [ -71.3389173, 41.5028654 ], [ -71.3389179, 41.5028684 ], [ -71.3389198, 41.5028726 ], [ -71.3389199, 41.5028728 ], [ -71.3389226, 41.5028765 ], [ -71.3389265, 41.5028799 ], [ -71.3389312, 41.5028827 ], [ -71.3389364, 41.5028847 ], [ -71.3389422, 41.5028859 ] ], [ [ -71.3331813, 41.5026415 ], [ -71.3333204, 41.5025337 ], [ -71.3332558, 41.5024772 ], [ -71.3332002, 41.5024285 ], [ -71.3331346, 41.5024368 ], [ -71.3331153, 41.5024392 ], [ -71.3330938, 41.502442 ], [ -71.3330332, 41.5024496 ], [ -71.3330192, 41.502456 ], [ -71.3328936, 41.5025128 ], [ -71.3331813, 41.5026415 ] ], [ [ -71.3376621, 41.5025959 ], [ -71.3376658, 41.5025962 ], [ -71.3376717, 41.502596 ], [ -71.3376775, 41.502595 ], [ -71.3376784, 41.5025946 ], [ -71.3376829, 41.5025931 ], [ -71.3376876, 41.5025904 ], [ -71.3376917, 41.5025872 ], [ -71.3376947, 41.5025833 ], [ -71.3377031, 41.5025611 ], [ -71.3377263, 41.5024763 ], [ -71.3377265, 41.5024737 ], [ -71.3377258, 41.5024694 ], [ -71.3377241, 41.5024654 ], [ -71.3377213, 41.5024616 ], [ -71.3377176, 41.5024583 ], [ -71.3377132, 41.5024557 ], [ -71.3377081, 41.5024537 ], [ -71.337705, 41.5024529 ], [ -71.3376994, 41.5024522 ], [ -71.3376937, 41.5024524 ], [ -71.3376881, 41.5024533 ], [ -71.3376829, 41.5024551 ], [ -71.3376783, 41.5024576 ], [ -71.3376744, 41.5024607 ], [ -71.3376714, 41.5024643 ], [ -71.3376372, 41.5025754 ], [ -71.3376378, 41.5025783 ], [ -71.3376397, 41.5025826 ], [ -71.3376426, 41.5025865 ], [ -71.3376428, 41.5025867 ], [ -71.3376464, 41.5025899 ], [ -71.3376511, 41.5025926 ], [ -71.3376564, 41.5025947 ], [ -71.3376621, 41.5025959 ] ], [ [ -71.3366042, 41.5022079 ], [ -71.3365987, 41.5022088 ], [ -71.3365935, 41.5022106 ], [ -71.3365889, 41.5022131 ], [ -71.336585, 41.5022162 ], [ -71.3365819, 41.5022198 ], [ -71.3365478, 41.5023309 ], [ -71.3365484, 41.5023338 ], [ -71.3365502, 41.5023381 ], [ -71.3365531, 41.502342 ], [ -71.3365543, 41.502343 ], [ -71.336557, 41.5023454 ], [ -71.3365616, 41.5023482 ], [ -71.3365669, 41.5023502 ], [ -71.3365726, 41.5023514 ], [ -71.3365763, 41.5023517 ], [ -71.3365823, 41.5023515 ], [ -71.3365879, 41.5023505 ], [ -71.336588, 41.5023505 ], [ -71.3365934, 41.5023486 ], [ -71.3365982, 41.502346 ], [ -71.3366022, 41.5023427 ], [ -71.3366053, 41.5023388 ], [ -71.3366137, 41.5023166 ], [ -71.3366369, 41.5022318 ], [ -71.336637, 41.5022292 ], [ -71.3366364, 41.5022249 ], [ -71.3366346, 41.5022209 ], [ -71.3366319, 41.5022171 ], [ -71.3366282, 41.5022138 ], [ -71.3366237, 41.5022112 ], [ -71.3366187, 41.5022092 ], [ -71.3366156, 41.5022084 ], [ -71.3366099, 41.5022077 ], [ -71.3366042, 41.5022079 ] ], [ [ -71.3357752, 41.5020209 ], [ -71.3357697, 41.5020219 ], [ -71.3357645, 41.5020236 ], [ -71.3357598, 41.5020261 ], [ -71.3357559, 41.5020293 ], [ -71.3357529, 41.5020329 ], [ -71.3357188, 41.5021439 ], [ -71.3357194, 41.5021469 ], [ -71.3357212, 41.5021512 ], [ -71.3357241, 41.5021551 ], [ -71.3357242, 41.5021551 ], [ -71.3357279, 41.5021585 ], [ -71.3357326, 41.5021612 ], [ -71.3357379, 41.5021633 ], [ -71.3357436, 41.5021645 ], [ -71.3357473, 41.5021648 ], [ -71.3357532, 41.5021646 ], [ -71.335759, 41.5021635 ], [ -71.3357599, 41.5021632 ], [ -71.3357644, 41.5021617 ], [ -71.3357692, 41.502159 ], [ -71.3357732, 41.5021557 ], [ -71.3357763, 41.5021519 ], [ -71.3357846, 41.5021296 ], [ -71.3358078, 41.5020449 ], [ -71.335808, 41.5020423 ], [ -71.3358073, 41.502038 ], [ -71.3358056, 41.5020339 ], [ -71.3358028, 41.5020302 ], [ -71.3357992, 41.5020269 ], [ -71.3357947, 41.5020242 ], [ -71.3357896, 41.5020223 ], [ -71.3357865, 41.5020215 ], [ -71.3357809, 41.5020208 ], [ -71.3357752, 41.5020209 ] ], [ [ -71.3349104, 41.5019746 ], [ -71.3349141, 41.5019749 ], [ -71.33492, 41.5019747 ], [ -71.3349242, 41.501974 ], [ -71.3349258, 41.5019737 ], [ -71.3349312, 41.5019718 ], [ -71.3349359, 41.5019691 ], [ -71.33494, 41.5019659 ], [ -71.334943, 41.501962 ], [ -71.3349514, 41.5019398 ], [ -71.3349746, 41.501855 ], [ -71.3349748, 41.5018524 ], [ -71.3349741, 41.5018481 ], [ -71.3349724, 41.501844 ], [ -71.3349696, 41.5018403 ], [ -71.334966, 41.501837 ], [ -71.3349615, 41.5018344 ], [ -71.3349564, 41.5018324 ], [ -71.3349533, 41.5018316 ], [ -71.3349477, 41.5018309 ], [ -71.334942, 41.501831 ], [ -71.3349364, 41.501832 ], [ -71.3349312, 41.5018338 ], [ -71.3349266, 41.5018362 ], [ -71.3349227, 41.5018394 ], [ -71.3349197, 41.501843 ], [ -71.3348856, 41.5019541 ], [ -71.3348861, 41.501957 ], [ -71.334888, 41.5019613 ], [ -71.3348909, 41.5019652 ], [ -71.3348928, 41.5019668 ], [ -71.3348947, 41.5019686 ], [ -71.3348994, 41.5019713 ], [ -71.3349047, 41.5019734 ], [ -71.3349104, 41.5019746 ] ], [ [ -71.3374584, 41.4990624 ], [ -71.3374689, 41.4990662 ], [ -71.3375098, 41.4990697 ], [ -71.3375487, 41.4990597 ], [ -71.3375744, 41.4990347 ], [ -71.3375801, 41.4989876 ], [ -71.3375649, 41.4989476 ], [ -71.3375088, 41.4989047 ], [ -71.3374699, 41.4989004 ], [ -71.3374347, 41.4989068 ], [ -71.3374321, 41.4989079 ], [ -71.3374043, 41.4989197 ], [ -71.3373824, 41.498959 ], [ -71.3373767, 41.4989933 ], [ -71.3373986, 41.499029 ], [ -71.3374281, 41.4990514 ], [ -71.3374584, 41.4990624 ] ], [ [ -71.3427759, 41.4953896 ], [ -71.3428045, 41.4954202 ], [ -71.3428901, 41.4955115 ], [ -71.3427903, 41.4956698 ], [ -71.3427697, 41.4957025 ], [ -71.342674, 41.496193 ], [ -71.3428415, 41.4965016 ], [ -71.3428126, 41.4966729 ], [ -71.342576, 41.4971247 ], [ -71.3421082, 41.4975195 ], [ -71.3420551, 41.4975642 ], [ -71.3420484, 41.4975699 ], [ -71.3420283, 41.4975869 ], [ -71.34185, 41.4977373 ], [ -71.3417247, 41.497888 ], [ -71.3416489, 41.4979792 ], [ -71.3415812, 41.4980606 ], [ -71.3415704, 41.4980735 ], [ -71.3415161, 41.4981389 ], [ -71.3415109, 41.4981488 ], [ -71.3414943, 41.4981808 ], [ -71.3414592, 41.4982482 ], [ -71.3413445, 41.4984688 ], [ -71.3412452, 41.4985519 ], [ -71.3411444, 41.4985986 ], [ -71.3409733, 41.4985519 ], [ -71.3407353, 41.4984573 ], [ -71.3407487, 41.4983839 ], [ -71.3408546, 41.4982822 ], [ -71.3409643, 41.4981821 ], [ -71.3409978, 41.4980948 ], [ -71.3410782, 41.497825 ], [ -71.3411225, 41.4976493 ], [ -71.3410913, 41.4975257 ], [ -71.3410245, 41.4974223 ], [ -71.3409433, 41.4973206 ], [ -71.3406221, 41.4970475 ], [ -71.3405649, 41.4969989 ], [ -71.3398957, 41.4967112 ], [ -71.3398073, 41.4966732 ], [ -71.3393915, 41.4963678 ], [ -71.3392423, 41.4961566 ], [ -71.3392201, 41.4959497 ], [ -71.3391947, 41.4957129 ], [ -71.3389717, 41.4954246 ], [ -71.339081, 41.4953347 ], [ -71.3391018, 41.4953176 ], [ -71.3391861, 41.4953144 ], [ -71.3398429, 41.4952889 ], [ -71.34059, 41.4952599 ], [ -71.3408108, 41.4951459 ], [ -71.3410305, 41.4952892 ], [ -71.3415546, 41.4954016 ], [ -71.3417592, 41.4954455 ], [ -71.341771, 41.4954441 ], [ -71.3422455, 41.4953876 ], [ -71.3424017, 41.495369 ], [ -71.3424973, 41.4953576 ], [ -71.3425767, 41.4953657 ], [ -71.3426435, 41.4953724 ], [ -71.3427759, 41.4953896 ] ], [ [ -71.3282198, 41.4894739 ], [ -71.3282041, 41.4893773 ], [ -71.3281768, 41.4892418 ], [ -71.3282458, 41.4890584 ], [ -71.3282977, 41.4889076 ], [ -71.3283406, 41.4887313 ], [ -71.3284032, 41.4883466 ], [ -71.3284575, 41.4880193 ], [ -71.3285101, 41.4877048 ], [ -71.3285329, 41.4876155 ], [ -71.3285654, 41.4874056 ], [ -71.3285897, 41.4872709 ], [ -71.3286056, 41.4871336 ], [ -71.3285986, 41.4869362 ], [ -71.3285886, 41.4866703 ], [ -71.3285754, 41.4864658 ], [ -71.3285758, 41.4862925 ], [ -71.328564, 41.486014 ], [ -71.3285539, 41.4857204 ], [ -71.3285504, 41.4856008 ], [ -71.3285246, 41.4854034 ], [ -71.3285198, 41.48527 ], [ -71.3285067, 41.4850951 ], [ -71.3284998, 41.4849736 ], [ -71.3284654, 41.4847582 ], [ -71.328421, 41.4845287 ], [ -71.3283917, 41.4843828 ], [ -71.3283682, 41.4842852 ], [ -71.3283426, 41.4841988 ], [ -71.3282946, 41.4840435 ], [ -71.3282523, 41.4839132 ], [ -71.3282215, 41.4838276 ], [ -71.3281717, 41.4837039 ], [ -71.3281173, 41.4836053 ], [ -71.32805, 41.4835 ], [ -71.3279791, 41.4833968 ], [ -71.3279327, 41.4833308 ], [ -71.32789, 41.4832163 ], [ -71.327861, 41.4831009 ], [ -71.3278305, 41.4829648 ], [ -71.3278092, 41.4828433 ], [ -71.3276115, 41.4828519 ], [ -71.327291, 41.4828604 ], [ -71.3270449, 41.4828718 ], [ -71.326922, 41.4828921 ], [ -71.3269584, 41.4830166 ], [ -71.3269791, 41.4831982 ], [ -71.3271409, 41.4834498 ], [ -71.327151, 41.4838052 ], [ -71.3271561, 41.4840656 ], [ -71.327157, 41.4844383 ], [ -71.3271603, 41.4847062 ], [ -71.3271628, 41.4849226 ], [ -71.3271628, 41.4852434 ], [ -71.3271484, 41.4854191 ], [ -71.3271291, 41.485534 ], [ -71.3270789, 41.4859032 ], [ -71.327035, 41.4862162 ], [ -71.3270111, 41.4863958 ], [ -71.3269534, 41.486455 ], [ -71.326918, 41.4865881 ], [ -71.3268167, 41.4867136 ], [ -71.3267361, 41.486818 ], [ -71.3266453, 41.486921 ], [ -71.3265098, 41.4870769 ], [ -71.3263499, 41.4872635 ], [ -71.3261459, 41.4874991 ], [ -71.3260266, 41.4875945 ], [ -71.3258972, 41.4875841 ], [ -71.3258882, 41.4875834 ], [ -71.3256818, 41.4875685 ], [ -71.3255181, 41.4875623 ], [ -71.325518, 41.4875623 ], [ -71.3254094, 41.4875582 ], [ -71.3253862, 41.4875574 ], [ -71.3253376, 41.4877007 ], [ -71.3253301, 41.487892 ], [ -71.3253244, 41.4880388 ], [ -71.325505, 41.4880389 ], [ -71.3255486, 41.4880389 ], [ -71.3255486, 41.4879972 ], [ -71.3255487, 41.4878546 ], [ -71.3255718, 41.4878553 ], [ -71.3257779, 41.4878617 ], [ -71.3257763, 41.4877559 ], [ -71.3259589, 41.4877685 ], [ -71.3261606, 41.4878011 ], [ -71.3262775, 41.4878198 ], [ -71.3262779, 41.4881581 ], [ -71.3263882, 41.4882999 ], [ -71.3265711, 41.488558 ], [ -71.3267396, 41.488777 ], [ -71.3267618, 41.4890693 ], [ -71.3268036, 41.4896564 ], [ -71.3268465, 41.4901577 ], [ -71.3269264, 41.4903744 ], [ -71.3269391, 41.4904745 ], [ -71.3269564, 41.4906099 ], [ -71.3269146, 41.4906635 ], [ -71.3267954, 41.490816 ], [ -71.3267461, 41.4908843 ], [ -71.3267414, 41.4912017 ], [ -71.3267411, 41.4912169 ], [ -71.3267398, 41.4913054 ], [ -71.3267398, 41.4913062 ], [ -71.3267387, 41.49138 ], [ -71.3267387, 41.4913819 ], [ -71.3267461, 41.4915858 ], [ -71.3267489, 41.4918035 ], [ -71.326749, 41.4918167 ], [ -71.326871, 41.4918087 ], [ -71.326898, 41.491807 ], [ -71.3268981, 41.4918229 ], [ -71.3268522, 41.4918226 ], [ -71.3266258, 41.4918212 ], [ -71.3265884, 41.4918261 ], [ -71.3265104, 41.4918356 ], [ -71.3265057, 41.4918362 ], [ -71.326504, 41.4918287 ], [ -71.326498, 41.4918295 ], [ -71.3262889, 41.4918576 ], [ -71.3262641, 41.4918609 ], [ -71.3260474, 41.49189 ], [ -71.3260296, 41.491815 ], [ -71.3260283, 41.4918115 ], [ -71.3260218, 41.4918089 ], [ -71.3260153, 41.4918101 ], [ -71.3260112, 41.4918143 ], [ -71.3260117, 41.4918175 ], [ -71.3260295, 41.4918925 ], [ -71.3259257, 41.4919063 ], [ -71.3259064, 41.4918253 ], [ -71.3258593, 41.4918316 ], [ -71.3258944, 41.4919797 ], [ -71.3260003, 41.4924255 ], [ -71.3260068, 41.492453 ], [ -71.3262585, 41.4925215 ], [ -71.3263164, 41.4925372 ], [ -71.3263304, 41.492541 ], [ -71.3263467, 41.4925072 ], [ -71.3263164, 41.4924989 ], [ -71.3262575, 41.4924829 ], [ -71.3260495, 41.4924264 ], [ -71.326041, 41.4923912 ], [ -71.326026, 41.4923295 ], [ -71.3260484, 41.4923246 ], [ -71.3261221, 41.4923294 ], [ -71.3262024, 41.4923345 ], [ -71.3262059, 41.4923347 ], [ -71.3262096, 41.4923334 ], [ -71.3262131, 41.4923305 ], [ -71.3262133, 41.4923268 ], [ -71.3262121, 41.492324 ], [ -71.3262077, 41.4923213 ], [ -71.3262038, 41.4923211 ], [ -71.3261352, 41.4923166 ], [ -71.3260213, 41.4923093 ], [ -71.3259956, 41.4922011 ], [ -71.3260179, 41.4921962 ], [ -71.3261728, 41.4922061 ], [ -71.3261763, 41.4922061 ], [ -71.3261802, 41.4922044 ], [ -71.3261825, 41.4922016 ], [ -71.3261829, 41.492198 ], [ -71.3261802, 41.4921942 ], [ -71.3261762, 41.4921928 ], [ -71.3261698, 41.4921924 ], [ -71.3259908, 41.4921809 ], [ -71.3259652, 41.4920726 ], [ -71.3259875, 41.4920677 ], [ -71.3261402, 41.4920775 ], [ -71.3261452, 41.4920778 ], [ -71.3261499, 41.492076 ], [ -71.3261524, 41.4920725 ], [ -71.3261519, 41.4920677 ], [ -71.3261473, 41.4920645 ], [ -71.3261394, 41.4920639 ], [ -71.3261276, 41.4920632 ], [ -71.3259604, 41.4920524 ], [ -71.3259446, 41.4919862 ], [ -71.325932, 41.4919329 ], [ -71.3262887, 41.4918852 ], [ -71.32629, 41.491885 ], [ -71.3263339, 41.4918792 ], [ -71.3263466, 41.4919325 ], [ -71.3264856, 41.4919139 ], [ -71.3264955, 41.4919125 ], [ -71.326523, 41.4919089 ], [ -71.3265091, 41.4918506 ], [ -71.3265915, 41.4918396 ], [ -71.3266274, 41.491835 ], [ -71.3268337, 41.4918362 ], [ -71.3269164, 41.4918368 ], [ -71.3269163, 41.4918109 ], [ -71.3269163, 41.4918058 ], [ -71.3269605, 41.4918029 ], [ -71.3269631, 41.4919881 ], [ -71.3270783, 41.4919806 ], [ -71.3270956, 41.4921654 ], [ -71.3270907, 41.4924398 ], [ -71.3270063, 41.4925199 ], [ -71.3269432, 41.4926679 ], [ -71.3269223, 41.4928487 ], [ -71.3269241, 41.4929345 ], [ -71.3269243, 41.4929431 ], [ -71.3269333, 41.4930821 ], [ -71.3269416, 41.4931651 ], [ -71.326958, 41.4932423 ], [ -71.3269702, 41.4933804 ], [ -71.3271534, 41.4933755 ], [ -71.3271459, 41.493243 ], [ -71.3272588, 41.4932225 ], [ -71.3273561, 41.4931964 ], [ -71.3275165, 41.4931375 ], [ -71.3276674, 41.4930501 ], [ -71.3277448, 41.4929798 ], [ -71.3278638, 41.4928466 ], [ -71.328131, 41.4925597 ], [ -71.3282285, 41.4924197 ], [ -71.328285, 41.4923151 ], [ -71.3283823, 41.4920764 ], [ -71.3284889, 41.4917996 ], [ -71.3285166, 41.4917274 ], [ -71.3285703, 41.4915873 ], [ -71.3285639, 41.4915528 ], [ -71.3285544, 41.4915027 ], [ -71.3285082, 41.4912297 ], [ -71.3284712, 41.4909915 ], [ -71.3284401, 41.4908266 ], [ -71.32841, 41.490629 ], [ -71.3283731, 41.4904089 ], [ -71.3283278, 41.4901307 ], [ -71.3283049, 41.4899878 ], [ -71.3283012, 41.4899644 ], [ -71.328282, 41.489845 ], [ -71.3282467, 41.4896402 ], [ -71.3282198, 41.4894739 ] ], [ [ -71.3530782, 41.4828801 ], [ -71.3531341, 41.4829063 ], [ -71.3531654, 41.4829225 ], [ -71.3531982, 41.4829381 ], [ -71.3531995, 41.4829396 ], [ -71.3532682, 41.4830234 ], [ -71.353276, 41.4830329 ], [ -71.3532646, 41.4830468 ], [ -71.353245, 41.4830585 ], [ -71.3532112, 41.483066 ], [ -71.3531459, 41.4830678 ], [ -71.3530908, 41.4830556 ], [ -71.3530356, 41.4830122 ], [ -71.3529804, 41.4829537 ], [ -71.3529678, 41.4829188 ], [ -71.3529804, 41.4828952 ], [ -71.353008, 41.4828849 ], [ -71.3530351, 41.4828767 ], [ -71.3530782, 41.4828801 ] ], [ [ -71.3532609, 41.4835639 ], [ -71.3531056, 41.4836183 ], [ -71.3531101, 41.4835116 ], [ -71.3533666, 41.4832805 ], [ -71.3536754, 41.4834186 ], [ -71.3535237, 41.4834718 ], [ -71.3532609, 41.4835639 ] ], [ [ -71.3578087, 41.4838031 ], [ -71.3577384, 41.4836111 ], [ -71.3577582, 41.4835276 ], [ -71.357827, 41.4834415 ], [ -71.3578565, 41.4835154 ], [ -71.3579324, 41.4834455 ], [ -71.3579909, 41.4833496 ], [ -71.3583132, 41.4834687 ], [ -71.3582834, 41.4835299 ], [ -71.3582248, 41.4836507 ], [ -71.3578087, 41.4838031 ] ], [ [ -71.357859, 41.4853663 ], [ -71.3581809, 41.4851029 ], [ -71.358206, 41.4853002 ], [ -71.3579217, 41.485543 ], [ -71.3578483, 41.4854813 ], [ -71.357859, 41.4853663 ] ], [ [ -71.3531079, 41.4818247 ], [ -71.3529907, 41.4820204 ], [ -71.3529234, 41.4821328 ], [ -71.3532944, 41.4822324 ], [ -71.3534275, 41.4820456 ], [ -71.3533871, 41.4820177 ], [ -71.3533676, 41.4820042 ], [ -71.3532999, 41.4819574 ], [ -71.3532763, 41.4819411 ], [ -71.3531079, 41.4818247 ] ], [ [ -71.3548084, 41.4787427 ], [ -71.3545226, 41.4789737 ], [ -71.3544622, 41.4790225 ], [ -71.3544244, 41.4791425 ], [ -71.3545689, 41.4791706 ], [ -71.3548154, 41.4792185 ], [ -71.35489, 41.4789769 ], [ -71.3548961, 41.4789571 ], [ -71.354943, 41.4788984 ], [ -71.3550518, 41.4787622 ], [ -71.3550596, 41.4787525 ], [ -71.3550562, 41.4787505 ], [ -71.3549704, 41.4787023 ], [ -71.3548084, 41.4787427 ] ], [ [ -71.3614328, 41.4768605 ], [ -71.3616245, 41.4768522 ], [ -71.3617681, 41.4767595 ], [ -71.3614802, 41.4770517 ], [ -71.3614936, 41.4771973 ], [ -71.3611814, 41.4772924 ], [ -71.3610809, 41.4772415 ], [ -71.361097, 41.4771567 ], [ -71.3613566, 41.4770212 ], [ -71.3614328, 41.4768605 ] ], [ [ -71.3259283, 41.4776039 ], [ -71.32608, 41.4775499 ], [ -71.3259663, 41.4773681 ], [ -71.3259741, 41.4772302 ], [ -71.3259777, 41.4771662 ], [ -71.3259558, 41.4771724 ], [ -71.3258025, 41.4772155 ], [ -71.3256891, 41.4772475 ], [ -71.325739, 41.4774785 ], [ -71.3257438, 41.4775006 ], [ -71.3259283, 41.4776039 ] ] ] } },
{ "type": "Feature", "properties": { "RCID": 2390, "PRIM": 3, "GRUP": 2, "OBJL": 112, "RVER": 1, "AGEN": 550, "FIDN": 946435243, "FIDS": 8691, "LNAM": "0226386974AB21F3", "RESTRN": [ "8" ], "INFORM": "33 CFR 334.82:Navigation regulations are published in Chapter 2 of the U.S. Coast Pilot for this geographic area. Refer to regulation section numbers.", "SCAMIN": 59999, "SORDAT": "200504", "SORIND": "US,US,graph,Chart 13223" }, "geometry": { "type": "Polygon", "coordinates": [ [ [ -71.325, 41.5071366 ], [ -71.325, 41.5073654 ], [ -71.3250995, 41.5071669 ], [ -71.325, 41.5071366 ] ] ] } },
{ "type": "Feature", "properties": { "RCID": 2391, "PRIM": 3, "GRUP": 2, "OBJL": 112, "RVER": 1, "AGEN": 550, "FIDN": 105572896, "FIDS": 8691, "LNAM": "0226064AEA2021F3", "RESTRN": [ "8" ], "INFORM": "Regulated navigation area, 33 CFR 165.122: Navigation regulations are published in Chapter 2 of the U.S. Coast Pilot for this geographic area. Refer to regulation section numbers", "SCAMIN": 59999, "SORDAT": "20100329", "SORIND": "US,US,reprt,L-169-2013" }, "geometry": { "type": "Polygon", "coordinates": [ [ [ -71.325, 41.5071366 ], [ -71.325, 41.5073654 ], [ -71.3250995, 41.5071669 ], [ -71.325, 41.5071366 ] ] ] } },
{ "type": "Feature", "properties": { "RCID": 2392, "PRIM": 3, "GRUP": 2, "OBJL": 112, "RVER": 1, "AGEN": 550, "FIDN": 890164221, "FIDS": 8691, "LNAM": "0226350ED3FD21F3", "RESTRN": [ "16" ], "INFORM": "40 CFR 140", "SCAMIN": 59999, "TXTDSC": "US412DDE.TXT", "SORDAT": "201306", "SORIND": "US,US,graph,Chart 13223" }, "geometry": { "type": "Polygon", "coordinates": [ [ [ -71.3765599, 41.4776058 ], [ -71.3765397, 41.4774386 ], [ -71.3765212, 41.4772858 ], [ -71.3764919, 41.4770435 ], [ -71.3765845, 41.4769426 ], [ -71.3768129, 41.4768905 ], [ -71.3769134, 41.4768676 ], [ -71.3769782, 41.4766111 ], [ -71.377009, 41.4764892 ], [ -71.3771238, 41.4764321 ], [ -71.3772388, 41.4763748 ], [ -71.3772578, 41.4763654 ], [ -71.3772614, 41.4763415 ], [ -71.3772834, 41.4761956 ], [ -71.3770449, 41.4760928 ], [ -71.3768226, 41.4761308 ], [ -71.3766086, 41.4761675 ], [ -71.3765011, 41.4761859 ], [ -71.3764077, 41.4762019 ], [ -71.3762863, 41.4764012 ], [ -71.3761543, 41.476378 ], [ -71.3760521, 41.4762611 ], [ -71.3759833, 41.4761824 ], [ -71.3759529, 41.4760781 ], [ -71.3758735, 41.4758059 ], [ -71.3758585, 41.4757547 ], [ -71.3758465, 41.4757134 ], [ -71.3759242, 41.4754641 ], [ -71.3762695, 41.4751823 ], [ -71.3762923, 41.4751637 ], [ -71.3764751, 41.4750145 ], [ -71.3766094, 41.4750696 ], [ -71.376621, 41.4752092 ], [ -71.3767181, 41.4751733 ], [ -71.376742, 41.4751645 ], [ -71.3767846, 41.4751111 ], [ -71.3768665, 41.4750084 ], [ -71.3768654, 41.475 ], [ -71.3770016, 41.475 ], [ -71.3770443, 41.475 ], [ -71.3770566, 41.475 ], [ -71.3770982, 41.475 ], [ -71.3771127, 41.475 ], [ -71.3771376, 41.475 ], [ -71.3771853, 41.475 ], [ -71.3772512, 41.475 ], [ -71.3772824, 41.475 ], [ -71.3773125, 41.475 ], [ -71.3809099, 41.475 ], [ -71.3812153, 41.475 ], [ -71.3812329, 41.475 ], [ -71.3813764, 41.475 ], [ -71.3821517, 41.475 ], [ -71.3821933, 41.475 ], [ -71.3822237, 41.475 ], [ -71.3823003, 41.475 ], [ -71.3823612, 41.475 ], [ -71.3825443, 41.475 ], [ -71.3827129, 41.475 ], [ -71.3828854, 41.475 ], [ -71.3829202, 41.475 ], [ -71.3832338, 41.475 ], [ -71.3832308, 41.4750162 ], [ -71.383423, 41.4751484 ], [ -71.3833446, 41.4753064 ], [ -71.3834973, 41.4755506 ], [ -71.383585, 41.4755945 ], [ -71.3836693, 41.4756367 ], [ -71.3836981, 41.4757025 ], [ -71.3838135, 41.4759665 ], [ -71.3839136, 41.4761954 ], [ -71.3839774, 41.4763413 ], [ -71.3840267, 41.4763853 ], [ -71.3841786, 41.4765212 ], [ -71.3842595, 41.4766969 ], [ -71.3842626, 41.476791 ], [ -71.3842643, 41.4768402 ], [ -71.3841491, 41.4770203 ], [ -71.3841588, 41.4770386 ], [ -71.3842189, 41.4771524 ], [ -71.3843595, 41.4771591 ], [ -71.3843039, 41.4773096 ], [ -71.3842979, 41.4773259 ], [ -71.3842529, 41.4774479 ], [ -71.3842045, 41.4775791 ], [ -71.3842828, 41.4777556 ], [ -71.3842951, 41.4777833 ], [ -71.3843131, 41.477824 ], [ -71.3841383, 41.4779287 ], [ -71.3841094, 41.4780234 ], [ -71.3841723, 41.4781145 ], [ -71.3843695, 41.4781023 ], [ -71.3844467, 41.478227 ], [ -71.3845656, 41.4784189 ], [ -71.3845552, 41.4787389 ], [ -71.3846305, 41.4788191 ], [ -71.3846752, 41.4788667 ], [ -71.384672, 41.4788884 ], [ -71.3846442, 41.4790821 ], [ -71.3847389, 41.4791676 ], [ -71.3847026, 41.479331 ], [ -71.3846957, 41.4793624 ], [ -71.3846956, 41.4793628 ], [ -71.3846956, 41.479363 ], [ -71.3847043, 41.4794066 ], [ -71.3847934, 41.4798545 ], [ -71.3847834, 41.4798771 ], [ -71.3846958, 41.4800755 ], [ -71.3846954, 41.4800764 ], [ -71.3846975, 41.4800834 ], [ -71.3847513, 41.4802647 ], [ -71.384784, 41.4803749 ], [ -71.3847666, 41.4804491 ], [ -71.3847382, 41.4805698 ], [ -71.3848233, 41.4806724 ], [ -71.384737, 41.4809173 ], [ -71.3847261, 41.4809484 ], [ -71.384729, 41.4809544 ], [ -71.384781, 41.481063 ], [ -71.3847547, 41.481149 ], [ -71.3847071, 41.4813046 ], [ -71.3847254, 41.4814286 ], [ -71.3847613, 41.4816724 ], [ -71.3847196, 41.4818262 ], [ -71.3847042, 41.4818827 ], [ -71.3847265, 41.4819546 ], [ -71.384742, 41.4820044 ], [ -71.3847665, 41.4820833 ], [ -71.3847139, 41.4821955 ], [ -71.3846714, 41.482286 ], [ -71.3846692, 41.4822907 ], [ -71.3846773, 41.4822969 ], [ -71.3847608, 41.4823612 ], [ -71.3848743, 41.4831937 ], [ -71.3853205, 41.4841495 ], [ -71.3853163, 41.4841902 ], [ -71.3852994, 41.4843555 ], [ -71.3852714, 41.484629 ], [ -71.3853269, 41.4849521 ], [ -71.3853605, 41.4851476 ], [ -71.3853737, 41.4852247 ], [ -71.3855186, 41.4854277 ], [ -71.3855848, 41.485478 ], [ -71.3856821, 41.4855519 ], [ -71.3858699, 41.4856946 ], [ -71.3859158, 41.4857295 ], [ -71.3860057, 41.4857978 ], [ -71.386055, 41.4858799 ], [ -71.3860681, 41.4859016 ], [ -71.3861716, 41.4860739 ], [ -71.3862511, 41.4862063 ], [ -71.3862933, 41.4862765 ], [ -71.3863913, 41.4864397 ], [ -71.3863668, 41.4869354 ], [ -71.3862201, 41.4874946 ], [ -71.3860412, 41.4877745 ], [ -71.3857809, 41.4879859 ], [ -71.38478, 41.4884696 ], [ -71.3843155, 41.4885866 ], [ -71.3836904, 41.4887441 ], [ -71.3825522, 41.4888038 ], [ -71.3825329, 41.4888048 ], [ -71.3814443, 41.4887113 ], [ -71.3810829, 41.4886258 ], [ -71.3808348, 41.4883972 ], [ -71.3807497, 41.4883189 ], [ -71.3806549, 41.4882314 ], [ -71.3806283, 41.4881974 ], [ -71.3805383, 41.4880818 ], [ -71.3801891, 41.4876338 ], [ -71.3801887, 41.4876315 ], [ -71.3801589, 41.487459 ], [ -71.3798983, 41.4872131 ], [ -71.3798653, 41.487182 ], [ -71.3797326, 41.4870568 ], [ -71.3797053, 41.4870311 ], [ -71.3796225, 41.4869529 ], [ -71.3795811, 41.4868847 ], [ -71.3795418, 41.4868201 ], [ -71.3795153, 41.4867765 ], [ -71.3794529, 41.4866737 ], [ -71.3794303, 41.4866364 ], [ -71.3793266, 41.4864658 ], [ -71.3791687, 41.4862057 ], [ -71.379115, 41.4861173 ], [ -71.3790857, 41.486069 ], [ -71.3790854, 41.4860686 ], [ -71.379085, 41.4860356 ], [ -71.3790845, 41.4859942 ], [ -71.3790795, 41.4856181 ], [ -71.3790789, 41.4855722 ], [ -71.3790788, 41.485563 ], [ -71.3790555, 41.4854863 ], [ -71.3790534, 41.4854795 ], [ -71.3790355, 41.4854208 ], [ -71.3790252, 41.4853867 ], [ -71.3789125, 41.4850168 ], [ -71.3789082, 41.4850025 ], [ -71.378909, 41.484962 ], [ -71.3789166, 41.484563 ], [ -71.3789037, 41.4845053 ], [ -71.378835, 41.4841985 ], [ -71.3788162, 41.4841145 ], [ -71.3787187, 41.4839378 ], [ -71.3785745, 41.4836767 ], [ -71.3785655, 41.4836603 ], [ -71.3785657, 41.4836515 ], [ -71.3785694, 41.483528 ], [ -71.3785721, 41.4834381 ], [ -71.3783406, 41.4831632 ], [ -71.3782191, 41.4829243 ], [ -71.3782126, 41.4829116 ], [ -71.378039, 41.4825703 ], [ -71.3780325, 41.4825575 ], [ -71.3780219, 41.4817108 ], [ -71.3778687, 41.4812704 ], [ -71.3778762, 41.4812603 ], [ -71.3780542, 41.4810229 ], [ -71.3781359, 41.4809138 ], [ -71.3783328, 41.4803954 ], [ -71.3781142, 41.4802472 ], [ -71.3779408, 41.4801297 ], [ -71.3779157, 41.4801127 ], [ -71.3780483, 41.4796517 ], [ -71.3780623, 41.4796028 ], [ -71.3780796, 41.4795427 ], [ -71.3781491, 41.4793009 ], [ -71.378042, 41.4792536 ], [ -71.3776853, 41.4790962 ], [ -71.3776233, 41.4789949 ], [ -71.3775853, 41.4789329 ], [ -71.3775147, 41.4788177 ], [ -71.3771398, 41.4787345 ], [ -71.3771341, 41.4787155 ], [ -71.377104, 41.4786137 ], [ -71.3770511, 41.4784349 ], [ -71.376881, 41.4784764 ], [ -71.3768537, 41.4784831 ], [ -71.3767637, 41.478505 ], [ -71.3767632, 41.4785052 ], [ -71.3767628, 41.4785049 ], [ -71.3765529, 41.4783301 ], [ -71.3765536, 41.4783271 ], [ -71.3766136, 41.4780493 ], [ -71.3766068, 41.4779934 ], [ -71.3765878, 41.4778362 ], [ -71.3765599, 41.4776058 ] ] ] } }
]
}
