{
"type": "FeatureCollection",
"name": "DEPARE",
"crs": { "type": "name", "properties": { "name": "urn:ogc:def:crs:OGC:1.3:CRS84" } },
"features": [
{ "type": "Feature", "properties": { "RCID": 120, "PRIM": 3, "GRUP": 1, "OBJL": 42, "RVER": 1, "AGEN": 550, "FIDN": 408161216, "FIDS": 8691, "LNAM": "022618540BC021F3", "DRVAL1": 15.0, "DRVAL2": 20.0 }, "geometry": { "type": "Polygon", "coordinates": [ [ [ -71.5442978, 41.1046837 ], [ -71.5444548, 41.1046739 ], [ -71.5446197, 41.1045594 ], [ -71.5449747, 41.1042015 ], [ -71.5448543, 41.1039534 ], [ -71.544944, 41.1036574 ], [ -71.5450955, 41.1034862 ], [ -71.5453575, 41.1032994 ], [ -71.5453439, 41.1032317 ], [ -71.5449692, 41.1026886 ], [ -71.5443125, 41.102384 ], [ -71.5436126, 41.1026781 ], [ -71.5427556, 41.1030712 ], [ -71.5423844, 41.1032854 ], [ -71.542275, 41.1034376 ], [ -71.5421798, 41.1041562 ], [ -71.5422416, 41.1042371 ], [ -71.5423797, 41.1042705 ], [ -71.5428603, 41.1042657 ], [ -71.5434028, 41.104142 ], [ -71.5442978, 41.1046837 ] ] ] } },
{ "type": "Feature", "properties": { "RCID": 121, "PRIM": 3, "GRUP": 1, "OBJL": 42, "RVER": 1, "AGEN": 550, "FIDN": 862551727, "FIDS": 8691, "LNAM": "022633697EAF21F3", "DRVAL1": 8.0, "DRVAL2": 10.0 }, "geometry": { "type": "Polygon", "coordinates": [ [ [ -71.5434697, 41.1705959 ], [ -71.5434097, 41.1706714 ], [ -71.5434864, 41.1707295 ], [ -71.5437193, 41.1706908 ], [ -71.5438136, 41.1706172 ], [ -71.5437316, 41.1705589 ], [ -71.5434697, 41.1705959 ] ] ] } },
{ "type": "Feature", "properties": { "RCID": 122, "PRIM": 3, "GRUP": 1, "OBJL": 42, "RVER": 1, "AGEN": 550, "FIDN": 278465926, "FIDS": 8691, "LNAM": "022610990D8621F3", "DRVAL1": 15.0, "DRVAL2": 20.0 }, "geometry": { "type": "Polygon", "coordinates": [ [ [ -71.55, 41.1289674 ], [ -71.5497094, 41.1289491 ], [ -71.5490583, 41.1293179 ], [ -71.5489496, 41.129512 ], [ -71.5490946, 41.1304 ], [ -71.549737, 41.1321275 ], [ -71.5498084, 41.1330983 ], [ -71.5495657, 41.1338122 ], [ -71.5490375, 41.1343119 ], [ -71.547981, 41.1344404 ], [ -71.5466776, 41.134341 ], [ -71.5465151, 41.1341773 ], [ -71.5464149, 41.1336754 ], [ -71.5463009, 41.1335278 ], [ -71.5444191, 41.1324944 ], [ -71.5441348, 41.1323717 ], [ -71.5438619, 41.1323818 ], [ -71.5430445, 41.1325437 ], [ -71.5427092, 41.1327567 ], [ -71.5424804, 41.1328258 ], [ -71.5420235, 41.1330756 ], [ -71.5408599, 41.1331113 ], [ -71.5397249, 41.1333183 ], [ -71.5396607, 41.1334468 ], [ -71.5397464, 41.1336038 ], [ -71.5400961, 41.1337537 ], [ -71.5412026, 41.1346746 ], [ -71.5415452, 41.1351029 ], [ -71.5416104, 41.1352871 ], [ -71.5416647, 41.1361841 ], [ -71.541905, 41.1369882 ], [ -71.542034, 41.1378039 ], [ -71.5419863, 41.1379521 ], [ -71.5416407, 41.1381511 ], [ -71.5415609, 41.1382421 ], [ -71.5414534, 41.1388601 ], [ -71.5413924, 41.1389719 ], [ -71.5411318, 41.1388741 ], [ -71.5403406, 41.1383967 ], [ -71.5402187, 41.1383402 ], [ -71.5401473, 41.1383788 ], [ -71.54018, 41.1384413 ], [ -71.5413389, 41.1393649 ], [ -71.5415638, 41.1394158 ], [ -71.5418541, 41.1393888 ], [ -71.5419483, 41.1393315 ], [ -71.542063, 41.1391066 ], [ -71.5421708, 41.1392316 ], [ -71.5421698, 41.1393531 ], [ -71.5418716, 41.13965 ], [ -71.5417903, 41.1399068 ], [ -71.5415921, 41.1399817 ], [ -71.5415055, 41.1400727 ], [ -71.5415474, 41.140221 ], [ -71.5415113, 41.1404194 ], [ -71.5413808, 41.140468 ], [ -71.5409998, 41.140443 ], [ -71.5408985, 41.1404786 ], [ -71.5409143, 41.1405561 ], [ -71.5411154, 41.1406888 ], [ -71.5411678, 41.1407755 ], [ -71.5411137, 41.1409267 ], [ -71.5408787, 41.1410249 ], [ -71.540882, 41.1412498 ], [ -71.5407389, 41.1412764 ], [ -71.5405825, 41.1414096 ], [ -71.5404882, 41.1413554 ], [ -71.5403539, 41.141156 ], [ -71.5404016, 41.1409476 ], [ -71.5403864, 41.1407915 ], [ -71.5403424, 41.1407138 ], [ -71.5402692, 41.1406887 ], [ -71.5401556, 41.1407877 ], [ -71.5401138, 41.14102 ], [ -71.5399302, 41.1413143 ], [ -71.5396884, 41.1414843 ], [ -71.5396852, 41.141579 ], [ -71.5397626, 41.1416837 ], [ -71.5396972, 41.1417748 ], [ -71.5394977, 41.141799 ], [ -71.539398, 41.1416028 ], [ -71.5393508, 41.1414179 ], [ -71.5395023, 41.1411719 ], [ -71.5394759, 41.1410567 ], [ -71.5394171, 41.1409965 ], [ -71.5393415, 41.1409943 ], [ -71.5392095, 41.1410617 ], [ -71.5387894, 41.1413803 ], [ -71.5387902, 41.1414408 ], [ -71.5389628, 41.1416743 ], [ -71.5390882, 41.141946 ], [ -71.5390037, 41.1421896 ], [ -71.5388227, 41.142347 ], [ -71.5387541, 41.1425724 ], [ -71.5387792, 41.1430199 ], [ -71.538912, 41.1432966 ], [ -71.5389229, 41.1434829 ], [ -71.5388515, 41.1437895 ], [ -71.5388907, 41.1440221 ], [ -71.5388598, 41.1442425 ], [ -71.5386813, 41.1444582 ], [ -71.53866, 41.1445456 ], [ -71.5387417, 41.1447947 ], [ -71.5388488, 41.1449108 ], [ -71.5386583, 41.1449908 ], [ -71.538735, 41.1451424 ], [ -71.5387413, 41.1452628 ], [ -71.5386462, 41.1454327 ], [ -71.538556, 41.1455123 ], [ -71.5379783, 41.145477 ], [ -71.5379505, 41.1453678 ], [ -71.5379828, 41.1452129 ], [ -71.5378964, 41.1450615 ], [ -71.5378676, 41.1448845 ], [ -71.5375921, 41.1446896 ], [ -71.5376683, 41.1445063 ], [ -71.5376035, 41.1441085 ], [ -71.5374324, 41.1438956 ], [ -71.5370588, 41.1437995 ], [ -71.5369866, 41.1437136 ], [ -71.5369108, 41.1435244 ], [ -71.5368424, 41.1434945 ], [ -71.5367848, 41.1435154 ], [ -71.5367718, 41.1438057 ], [ -71.5366063, 41.1439697 ], [ -71.5366513, 41.144166 ], [ -71.536508, 41.1443224 ], [ -71.5364196, 41.1445528 ], [ -71.5364002, 41.14503 ], [ -71.5364947, 41.1453485 ], [ -71.5364576, 41.1454236 ], [ -71.5362822, 41.1455645 ], [ -71.5363215, 41.1457521 ], [ -71.5362888, 41.1459906 ], [ -71.5362231, 41.1460696 ], [ -71.5358861, 41.146215 ], [ -71.5358138, 41.1463328 ], [ -71.5358495, 41.1464427 ], [ -71.5360814, 41.146636 ], [ -71.536134, 41.146786 ], [ -71.5360827, 41.1469862 ], [ -71.5360889, 41.1471726 ], [ -71.5358811, 41.1474548 ], [ -71.5357859, 41.1476909 ], [ -71.5358617, 41.147926 ], [ -71.5358467, 41.1480981 ], [ -71.5355809, 41.14828 ], [ -71.5353496, 41.1486022 ], [ -71.5352123, 41.1486239 ], [ -71.5348398, 41.1485261 ], [ -71.5347492, 41.1486828 ], [ -71.5345965, 41.1488107 ], [ -71.5345097, 41.1489428 ], [ -71.5341532, 41.149048 ], [ -71.5337747, 41.1494912 ], [ -71.5336605, 41.1498766 ], [ -71.5338033, 41.1502621 ], [ -71.5343458, 41.1504049 ], [ -71.5351424, 41.150742 ], [ -71.5352436, 41.1508562 ], [ -71.5353049, 41.1510139 ], [ -71.5354923, 41.1511132 ], [ -71.5356439, 41.1512718 ], [ -71.5356829, 41.1513903 ], [ -71.5356394, 41.1515847 ], [ -71.535699, 41.1518468 ], [ -71.5356836, 41.1521336 ], [ -71.5356176, 41.1524575 ], [ -71.5355433, 41.1525743 ], [ -71.5355657, 41.1527249 ], [ -71.535465, 41.1528415 ], [ -71.5354, 41.1529997 ], [ -71.5352104, 41.1532305 ], [ -71.5350955, 41.1533117 ], [ -71.5348744, 41.1533832 ], [ -71.5345956, 41.1533946 ], [ -71.5345201, 41.1534507 ], [ -71.5345161, 41.1535031 ], [ -71.5345655, 41.1535326 ], [ -71.534942, 41.1535298 ], [ -71.5349915, 41.1536296 ], [ -71.5349506, 41.1538244 ], [ -71.5347239, 41.1540703 ], [ -71.5346407, 41.154336 ], [ -71.5344762, 41.1546497 ], [ -71.5343715, 41.1547937 ], [ -71.5340452, 41.1550737 ], [ -71.5336795, 41.1552536 ], [ -71.5335387, 41.1554054 ], [ -71.5333924, 41.1554398 ], [ -71.5324977, 41.1560585 ], [ -71.5324501, 41.1563155 ], [ -71.5326024, 41.1565439 ], [ -71.5334685, 41.1569341 ], [ -71.5339044, 41.1574618 ], [ -71.5340013, 41.1575047 ], [ -71.5344144, 41.1574234 ], [ -71.5345578, 41.157451 ], [ -71.5346468, 41.1575261 ], [ -71.5346317, 41.1578431 ], [ -71.5346743, 41.1579979 ], [ -71.5345841, 41.1582769 ], [ -71.5345381, 41.1586025 ], [ -71.5342635, 41.1588367 ], [ -71.5341804, 41.1589831 ], [ -71.5339404, 41.1591854 ], [ -71.5336715, 41.1595587 ], [ -71.5334321, 41.1597388 ], [ -71.5333569, 41.1598963 ], [ -71.5333856, 41.1599464 ], [ -71.5335726, 41.160057 ], [ -71.5334563, 41.1603229 ], [ -71.5334049, 41.1607067 ], [ -71.5340091, 41.1614248 ], [ -71.5340807, 41.1616805 ], [ -71.5344129, 41.1624511 ], [ -71.5344119, 41.1627119 ], [ -71.5343549, 41.1627857 ], [ -71.5341348, 41.1629236 ], [ -71.5341184, 41.1630593 ], [ -71.5341816, 41.1631408 ], [ -71.5343286, 41.1632114 ], [ -71.5344891, 41.1632579 ], [ -71.5346305, 41.1632526 ], [ -71.534576, 41.163328 ], [ -71.5343677, 41.1634568 ], [ -71.5343004, 41.1636415 ], [ -71.5342694, 41.1640999 ], [ -71.5344026, 41.1642545 ], [ -71.5344705, 41.1645829 ], [ -71.5342383, 41.1657224 ], [ -71.5343756, 41.1662401 ], [ -71.534563, 41.1666308 ], [ -71.5346112, 41.1670577 ], [ -71.5344684, 41.1684021 ], [ -71.534635, 41.1692587 ], [ -71.5348372, 41.1697703 ], [ -71.5353012, 41.1698655 ], [ -71.5363839, 41.1698179 ], [ -71.5370081, 41.1699546 ], [ -71.5374158, 41.1703079 ], [ -71.5375826, 41.1706951 ], [ -71.5377637, 41.1709009 ], [ -71.5378376, 41.1712018 ], [ -71.5381741, 41.171527 ], [ -71.5383267, 41.1718218 ], [ -71.5385737, 41.1720419 ], [ -71.5389145, 41.1725311 ], [ -71.539208, 41.1727454 ], [ -71.5396068, 41.1728733 ], [ -71.5397627, 41.1729839 ], [ -71.5396895, 41.173374 ], [ -71.5395568, 41.1734967 ], [ -71.5396634, 41.1736247 ], [ -71.5397245, 41.1739445 ], [ -71.5397267, 41.1741825 ], [ -71.5398059, 41.1742696 ], [ -71.5400225, 41.1743443 ], [ -71.5400177, 41.1744665 ], [ -71.5399335, 41.1745883 ], [ -71.5401053, 41.1747368 ], [ -71.5400252, 41.1749312 ], [ -71.5397767, 41.175 ], [ -71.539778, 41.175 ], [ -71.5400691, 41.175 ], [ -71.5402466, 41.175 ], [ -71.540247, 41.175 ], [ -71.5402633, 41.175 ], [ -71.5423773, 41.175 ], [ -71.5428482, 41.175 ], [ -71.5430484, 41.175 ], [ -71.5465579, 41.175 ], [ -71.5465583, 41.175 ], [ -71.5463196, 41.1747927 ], [ -71.5460719, 41.1746768 ], [ -71.5460034, 41.1745079 ], [ -71.5457854, 41.174236 ], [ -71.5456754, 41.1741611 ], [ -71.5453141, 41.1737638 ], [ -71.5452094, 41.173591 ], [ -71.5446888, 41.1732211 ], [ -71.5443418, 41.1726588 ], [ -71.5443352, 41.1726473 ], [ -71.5443177, 41.1726277 ], [ -71.5443005, 41.1726159 ], [ -71.544289, 41.1726118 ], [ -71.5442774, 41.1726108 ], [ -71.5442595, 41.1726143 ], [ -71.5441616, 41.1726237 ], [ -71.5439539, 41.1725587 ], [ -71.5436388, 41.1723201 ], [ -71.5433625, 41.1722399 ], [ -71.5425706, 41.1717909 ], [ -71.5420537, 41.1717043 ], [ -71.5416801, 41.1718057 ], [ -71.5413954, 41.1716672 ], [ -71.5411727, 41.1716721 ], [ -71.5411598, 41.1715713 ], [ -71.5408838, 41.1714647 ], [ -71.5405645, 41.1712159 ], [ -71.5404139, 41.1712042 ], [ -71.5400883, 41.1712797 ], [ -71.5398896, 41.1712412 ], [ -71.5397957, 41.1711336 ], [ -71.5397225, 41.1709613 ], [ -71.5398005, 41.1705993 ], [ -71.5397747, 41.1705061 ], [ -71.5394911, 41.1701962 ], [ -71.5391861, 41.1700406 ], [ -71.5385889, 41.1695721 ], [ -71.5385116, 41.1695177 ], [ -71.5381071, 41.169233 ], [ -71.5378211, 41.1690148 ], [ -71.5371, 41.1685263 ], [ -71.5367729, 41.1684252 ], [ -71.5369561, 41.1678424 ], [ -71.5374875, 41.1672081 ], [ -71.5374628, 41.1669431 ], [ -71.5372322, 41.1666443 ], [ -71.5374222, 41.166338 ], [ -71.5372803, 41.166199 ], [ -71.537185, 41.1657418 ], [ -71.5367691, 41.1654811 ], [ -71.5367073, 41.1652579 ], [ -71.5362416, 41.1653878 ], [ -71.5361452, 41.165669 ], [ -71.5360466, 41.1657097 ], [ -71.5359623, 41.165526 ], [ -71.5360339, 41.1651849 ], [ -71.5357964, 41.1650279 ], [ -71.5364199, 41.1649558 ], [ -71.5365554, 41.1647311 ], [ -71.5369991, 41.1646382 ], [ -71.5373079, 41.1643449 ], [ -71.5371053, 41.1634803 ], [ -71.5371375, 41.1626121 ], [ -71.5364809, 41.1618455 ], [ -71.5362325, 41.1613963 ], [ -71.5360411, 41.161328 ], [ -71.536077, 41.1611857 ], [ -71.5358899, 41.1608159 ], [ -71.5361239, 41.160575 ], [ -71.536721, 41.1604104 ], [ -71.5371131, 41.1596048 ], [ -71.536924, 41.1592247 ], [ -71.5371429, 41.1590356 ], [ -71.5372288, 41.1588167 ], [ -71.5370326, 41.1579849 ], [ -71.5371926, 41.1574942 ], [ -71.5369098, 41.1569152 ], [ -71.5367116, 41.156729 ], [ -71.5366363, 41.1564177 ], [ -71.536814, 41.1562136 ], [ -71.5367808, 41.1556779 ], [ -71.5369827, 41.1549357 ], [ -71.5369075, 41.1543783 ], [ -71.5370048, 41.1542396 ], [ -71.5368962, 41.1541298 ], [ -71.5372459, 41.1538158 ], [ -71.5379713, 41.1535666 ], [ -71.5383672, 41.1532421 ], [ -71.5386078, 41.1525101 ], [ -71.5384552, 41.1522997 ], [ -71.538802, 41.1519096 ], [ -71.5388552, 41.1509709 ], [ -71.5391232, 41.1504347 ], [ -71.5395647, 41.1498792 ], [ -71.5399689, 41.1496702 ], [ -71.5411416, 41.1483672 ], [ -71.5417209, 41.1480202 ], [ -71.5419839, 41.1477855 ], [ -71.5421184, 41.1475288 ], [ -71.5425351, 41.1472861 ], [ -71.5424825, 41.1470147 ], [ -71.5425807, 41.1469122 ], [ -71.5424715, 41.1468043 ], [ -71.5424905, 41.1466733 ], [ -71.5429238, 41.146518 ], [ -71.5429378, 41.1463523 ], [ -71.5428004, 41.1461792 ], [ -71.5428213, 41.1460057 ], [ -71.5431559, 41.1456862 ], [ -71.5435545, 41.1455167 ], [ -71.5440018, 41.1450463 ], [ -71.5436418, 41.1446997 ], [ -71.5437407, 41.1443952 ], [ -71.5439168, 41.1443819 ], [ -71.5443939, 41.1446236 ], [ -71.5444437, 41.1444415 ], [ -71.5449575, 41.1445383 ], [ -71.5452082, 41.1443573 ], [ -71.5452308, 41.1441926 ], [ -71.5450766, 41.1438495 ], [ -71.5452121, 41.1433599 ], [ -71.5453153, 41.1432479 ], [ -71.5454048, 41.143228 ], [ -71.5454792, 41.1432723 ], [ -71.5453982, 41.1434515 ], [ -71.5454465, 41.1436536 ], [ -71.5454458, 41.1438812 ], [ -71.5455737, 41.1439818 ], [ -71.5458046, 41.1440261 ], [ -71.5459118, 41.1439551 ], [ -71.5460214, 41.1437407 ], [ -71.5459747, 41.1434115 ], [ -71.5462299, 41.1431705 ], [ -71.5463871, 41.1431664 ], [ -71.546588, 41.1433452 ], [ -71.5466867, 41.1431847 ], [ -71.5467743, 41.1431119 ], [ -71.5471502, 41.142965 ], [ -71.5474944, 41.1429746 ], [ -71.547529, 41.1428524 ], [ -71.5478398, 41.1428122 ], [ -71.547999, 41.1427187 ], [ -71.5480624, 41.1426121 ], [ -71.5480992, 41.1422978 ], [ -71.5482156, 41.1421719 ], [ -71.5482858, 41.1421721 ], [ -71.548345, 41.1422271 ], [ -71.5482305, 41.1424586 ], [ -71.5482724, 41.1425204 ], [ -71.5484064, 41.1424056 ], [ -71.5487758, 41.142319 ], [ -71.5491044, 41.1423284 ], [ -71.5492479, 41.1424747 ], [ -71.5495072, 41.142348 ], [ -71.55, 41.1423702 ], [ -71.55, 41.1419498 ], [ -71.55, 41.1418737 ], [ -71.55, 41.141484 ], [ -71.55, 41.1406488 ], [ -71.55, 41.1394851 ], [ -71.55, 41.1375874 ], [ -71.55, 41.1373804 ], [ -71.55, 41.1370654 ], [ -71.55, 41.1370472 ], [ -71.55, 41.1355492 ], [ -71.55, 41.1353297 ], [ -71.55, 41.1353097 ], [ -71.55, 41.1352842 ], [ -71.55, 41.1352838 ], [ -71.55, 41.1350397 ], [ -71.55, 41.1350391 ], [ -71.55, 41.1349919 ], [ -71.55, 41.1349419 ], [ -71.55, 41.1337287 ], [ -71.55, 41.1335912 ], [ -71.55, 41.1332632 ], [ -71.55, 41.1329507 ], [ -71.55, 41.1329342 ], [ -71.55, 41.1320383 ], [ -71.55, 41.1317695 ], [ -71.55, 41.1306403 ], [ -71.55, 41.1306385 ], [ -71.55, 41.1306114 ], [ -71.55, 41.1306104 ], [ -71.55, 41.1305753 ], [ -71.55, 41.1305441 ], [ -71.55, 41.1305414 ], [ -71.55, 41.1293443 ], [ -71.55, 41.1293434 ], [ -71.55, 41.129162 ], [ -71.55, 41.1291605 ], [ -71.55, 41.1291276 ], [ -71.55, 41.1290906 ], [ -71.55, 41.1290849 ], [ -71.55, 41.1289674 ] ], [ [ -71.536188, 41.166238 ], [ -71.5361209, 41.1665001 ], [ -71.5363056, 41.1666393 ], [ -71.5364674, 41.1666361 ], [ -71.536565, 41.1665561 ], [ -71.5365563, 41.1664391 ], [ -71.5362966, 41.1661988 ], [ -71.536188, 41.166238 ] ], [ [ -71.5447623, 41.1386589 ], [ -71.5443027, 41.1382558 ], [ -71.5441897, 41.1382922 ], [ -71.5440777, 41.1385289 ], [ -71.5440379, 41.1385188 ], [ -71.5436397, 41.1377128 ], [ -71.5436557, 41.1370272 ], [ -71.5437678, 41.1365716 ], [ -71.5438533, 41.1363873 ], [ -71.5439474, 41.1363377 ], [ -71.5444316, 41.1362726 ], [ -71.5445202, 41.1362064 ], [ -71.5445043, 41.1359856 ], [ -71.5442772, 41.1351849 ], [ -71.5442982, 41.1350135 ], [ -71.54436, 41.1348978 ], [ -71.5444908, 41.1348478 ], [ -71.5449574, 41.1348231 ], [ -71.5458275, 41.1347046 ], [ -71.5458606, 41.1347388 ], [ -71.5458291, 41.1348129 ], [ -71.5453463, 41.1354628 ], [ -71.5453366, 41.1357352 ], [ -71.5456774, 41.1372065 ], [ -71.5459561, 41.1376428 ], [ -71.5463969, 41.1381123 ], [ -71.546417, 41.1382563 ], [ -71.5463438, 41.1385575 ], [ -71.5462587, 41.1386286 ], [ -71.5460297, 41.1386534 ], [ -71.5456665, 41.1385995 ], [ -71.5450994, 41.1386638 ], [ -71.54482, 41.1386853 ], [ -71.5447623, 41.1386589 ] ] ] } },
{ "type": "Feature", "properties": { "RCID": 123, "PRIM": 3, "GRUP": 1, "OBJL": 42, "RVER": 1, "AGEN": 550, "FIDN": 603977870, "FIDS": 8691, "LNAM": "022623FFF88E21F3", "DRVAL1": 0.0, "DRVAL2": 2.0 }, "geometry": { "type": "Polygon", "coordinates": [ [ [ -71.5464072, 41.1660911 ], [ -71.5463988, 41.1661161 ], [ -71.546389, 41.1661299 ], [ -71.5463887, 41.1661303 ], [ -71.5464321, 41.1661465 ], [ -71.5464494, 41.1661506 ], [ -71.5464558, 41.1661479 ], [ -71.5464564, 41.1661373 ], [ -71.5464513, 41.1661249 ], [ -71.5464313, 41.1661058 ], [ -71.5464073, 41.1660912 ], [ -71.5464072, 41.1660911 ] ] ] } },
{ "type": "Feature", "properties": { "RCID": 124, "PRIM": 3, "GRUP": 1, "OBJL": 42, "RVER": 1, "AGEN": 550, "FIDN": 724796722, "FIDS": 8691, "LNAM": "02262B33853221F3", "DRVAL1": 15.0, "DRVAL2": 20.0 }, "geometry": { "type": "Polygon", "coordinates": [ [ [ -71.5428753, 41.1 ], [ -71.5428235, 41.1 ], [ -71.542367, 41.1 ], [ -71.538093, 41.1 ], [ -71.5379089, 41.1 ], [ -71.537716, 41.1 ], [ -71.5376955, 41.1 ], [ -71.5351658, 41.1 ], [ -71.5347185, 41.1003072 ], [ -71.533919, 41.1005166 ], [ -71.5334336, 41.100764 ], [ -71.5338238, 41.1013066 ], [ -71.5341569, 41.1012209 ], [ -71.5346138, 41.1009734 ], [ -71.5353752, 41.1006498 ], [ -71.5359463, 41.1006879 ], [ -71.5367077, 41.1007926 ], [ -71.5370979, 41.1009068 ], [ -71.5374596, 41.1010401 ], [ -71.5379355, 41.1011543 ], [ -71.5383829, 41.1015445 ], [ -71.5388873, 41.1020394 ], [ -71.5393727, 41.1019823 ], [ -71.5397725, 41.1018396 ], [ -71.5405053, 41.101535 ], [ -71.5413143, 41.1013066 ], [ -71.5417998, 41.1010305 ], [ -71.5425517, 41.1003643 ], [ -71.5428753, 41.1 ] ] ] } },
{ "type": "Feature", "properties": { "RCID": 125, "PRIM": 3, "GRUP": 1, "OBJL": 42, "RVER": 1, "AGEN": 550, "FIDN": 479364612, "FIDS": 8691, "LNAM": "02261C92860421F3", "DRVAL1": 15.0, "DRVAL2": 20.0 }, "geometry": { "type": "Polygon", "coordinates": [ [ [ -71.55, 41.103346 ], [ -71.55, 41.1034519 ], [ -71.55, 41.1035592 ], [ -71.55, 41.1035639 ], [ -71.55, 41.1035954 ], [ -71.55, 41.103598 ], [ -71.55, 41.1045351 ], [ -71.55, 41.1050933 ], [ -71.55, 41.1052777 ], [ -71.55, 41.1054681 ], [ -71.55, 41.1061374 ], [ -71.55, 41.1063532 ], [ -71.55, 41.1069771 ], [ -71.55, 41.1070073 ], [ -71.55, 41.1110362 ], [ -71.55, 41.1110737 ], [ -71.55, 41.1112266 ], [ -71.55, 41.1117244 ], [ -71.55, 41.1117395 ], [ -71.55, 41.1117562 ], [ -71.55, 41.111987 ], [ -71.55, 41.112001 ], [ -71.55, 41.112014 ], [ -71.55, 41.1130123 ], [ -71.55, 41.1130684 ], [ -71.55, 41.1130811 ], [ -71.55, 41.1130829 ], [ -71.55, 41.1131089 ], [ -71.55, 41.1131396 ], [ -71.55, 41.1134116 ], [ -71.549824, 41.112683 ], [ -71.5496241, 41.1119906 ], [ -71.5496027, 41.1115623 ], [ -71.5496741, 41.1102488 ], [ -71.5497312, 41.1090353 ], [ -71.5496456, 41.107679 ], [ -71.5495599, 41.1057659 ], [ -71.5495599, 41.1043668 ], [ -71.5497348, 41.103603 ], [ -71.549849, 41.1033603 ], [ -71.55, 41.103346 ] ] ] } },
{ "type": "Feature", "properties": { "RCID": 126, "PRIM": 3, "GRUP": 1, "OBJL": 42, "RVER": 1, "AGEN": 550, "FIDN": 649396488, "FIDS": 8691, "LNAM": "022626B5010821F3", "DRVAL1": 20.0, "DRVAL2": 30.0 }, "geometry": { "type": "Polygon", "coordinates": [ [ [ -71.5188403, 41.1290487 ], [ -71.5186629, 41.1291631 ], [ -71.5186076, 41.1292562 ], [ -71.5186622, 41.1293611 ], [ -71.5187955, 41.1294049 ], [ -71.5192258, 41.1293221 ], [ -71.5193746, 41.1292452 ], [ -71.5194155, 41.1291664 ], [ -71.5193206, 41.1290658 ], [ -71.5191646, 41.1290214 ], [ -71.5188403, 41.1290487 ] ] ] } },
{ "type": "Feature", "properties": { "RCID": 127, "PRIM": 3, "GRUP": 1, "OBJL": 42, "RVER": 1, "AGEN": 550, "FIDN": 854156154, "FIDS": 8691, "LNAM": "022632E9637A21F3", "DRVAL1": 8.0, "DRVAL2": 10.0 }, "geometry": { "type": "Polygon", "coordinates": [ [ [ -71.55, 41.1441398 ], [ -71.5499362, 41.1441357 ], [ -71.5496302, 41.1439851 ], [ -71.549297, 41.143947 ], [ -71.5490496, 41.1443277 ], [ -71.5488687, 41.1446418 ], [ -71.549002, 41.1449464 ], [ -71.5493066, 41.1454413 ], [ -71.5494969, 41.1457649 ], [ -71.5494874, 41.1463074 ], [ -71.5491774, 41.1468204 ], [ -71.5475768, 41.1476121 ], [ -71.5470414, 41.1479226 ], [ -71.5466892, 41.1482327 ], [ -71.5461731, 41.1484676 ], [ -71.5459487, 41.1484268 ], [ -71.5455864, 41.1481965 ], [ -71.5454045, 41.1481952 ], [ -71.5453308, 41.1483296 ], [ -71.5449672, 41.1484986 ], [ -71.5452612, 41.1489872 ], [ -71.5449863, 41.1491335 ], [ -71.5446655, 41.1491135 ], [ -71.5444674, 41.1487292 ], [ -71.5441368, 41.1486389 ], [ -71.5441087, 41.1488007 ], [ -71.5443882, 41.1491038 ], [ -71.5443883, 41.149268 ], [ -71.5440646, 41.1494135 ], [ -71.543917, 41.1493311 ], [ -71.5437673, 41.1490062 ], [ -71.543568, 41.1489972 ], [ -71.5433979, 41.1491233 ], [ -71.5433815, 41.149226 ], [ -71.5436988, 41.1493969 ], [ -71.5433356, 41.1495199 ], [ -71.5433843, 41.1497389 ], [ -71.5432426, 41.1498567 ], [ -71.542965, 41.1498883 ], [ -71.5431775, 41.1498013 ], [ -71.5432214, 41.1495778 ], [ -71.5430984, 41.1494424 ], [ -71.5428226, 41.1493456 ], [ -71.5424991, 41.1496078 ], [ -71.5420056, 41.1497321 ], [ -71.5418469, 41.1501242 ], [ -71.5421128, 41.150429 ], [ -71.5420621, 41.1507638 ], [ -71.5418145, 41.1511844 ], [ -71.5412754, 41.151539 ], [ -71.5414318, 41.1520392 ], [ -71.5413714, 41.1522177 ], [ -71.5414367, 41.1524 ], [ -71.5412763, 41.1527721 ], [ -71.540744, 41.1534053 ], [ -71.5403382, 41.1537171 ], [ -71.5398754, 41.1543408 ], [ -71.539714, 41.1543619 ], [ -71.5389502, 41.1542691 ], [ -71.538836, 41.154469 ], [ -71.5389074, 41.1546617 ], [ -71.5390144, 41.1549901 ], [ -71.5389446, 41.1553062 ], [ -71.5392378, 41.1554686 ], [ -71.5392135, 41.1557362 ], [ -71.5394213, 41.1560763 ], [ -71.5391441, 41.156828 ], [ -71.5393505, 41.1570483 ], [ -71.5395707, 41.1574872 ], [ -71.5390758, 41.1581967 ], [ -71.5390982, 41.1584845 ], [ -71.5393525, 41.158803 ], [ -71.539465, 41.1590829 ], [ -71.5394862, 41.159452 ], [ -71.5392418, 41.1600203 ], [ -71.5392348, 41.1605082 ], [ -71.5390645, 41.1611006 ], [ -71.5390586, 41.1616597 ], [ -71.5386403, 41.1619478 ], [ -71.5385439, 41.1621726 ], [ -71.5386804, 41.1623652 ], [ -71.5390772, 41.1633889 ], [ -71.5392954, 41.164127 ], [ -71.5392297, 41.1643134 ], [ -71.540431, 41.1654444 ], [ -71.5404837, 41.1655863 ], [ -71.5404082, 41.1659918 ], [ -71.5408304, 41.1664981 ], [ -71.5408206, 41.1667519 ], [ -71.5407241, 41.1669729 ], [ -71.540446, 41.1669872 ], [ -71.5400766, 41.1668233 ], [ -71.539921, 41.1668288 ], [ -71.5400676, 41.1671448 ], [ -71.5401102, 41.1674765 ], [ -71.5402631, 41.1676021 ], [ -71.5406463, 41.1674288 ], [ -71.5407165, 41.1677028 ], [ -71.5408751, 41.1678535 ], [ -71.540478, 41.1681896 ], [ -71.5404507, 41.168337 ], [ -71.5405177, 41.1684493 ], [ -71.5408855, 41.1685993 ], [ -71.5410984, 41.1687934 ], [ -71.5414317, 41.168819 ], [ -71.5418506, 41.1687384 ], [ -71.5419049, 41.1689655 ], [ -71.5420849, 41.1690959 ], [ -71.5419873, 41.1692695 ], [ -71.5420442, 41.1694672 ], [ -71.5425854, 41.1693997 ], [ -71.5427379, 41.1694837 ], [ -71.5427036, 41.1699844 ], [ -71.542384, 41.1702223 ], [ -71.5427185, 41.1705107 ], [ -71.5428572, 41.1704889 ], [ -71.5425969, 41.1702172 ], [ -71.5428998, 41.1699768 ], [ -71.5428958, 41.1695484 ], [ -71.5431318, 41.169537 ], [ -71.5438335, 41.1696894 ], [ -71.5444385, 41.1695277 ], [ -71.5446458, 41.1696046 ], [ -71.5450885, 41.1701242 ], [ -71.5453644, 41.170264 ], [ -71.5453478, 41.170449 ], [ -71.5454727, 41.1708523 ], [ -71.5463843, 41.170784 ], [ -71.5463837, 41.1708824 ], [ -71.5460364, 41.171275 ], [ -71.5468105, 41.1711537 ], [ -71.5473831, 41.1715716 ], [ -71.5476457, 41.1719339 ], [ -71.5476893, 41.1720647 ], [ -71.5478845, 41.1725311 ], [ -71.5481986, 41.1727072 ], [ -71.5482671, 41.1727367 ], [ -71.5483574, 41.1728142 ], [ -71.5485928, 41.1729275 ], [ -71.5485039, 41.1731263 ], [ -71.5480888, 41.1734542 ], [ -71.5480485, 41.1737415 ], [ -71.5478319, 41.1739219 ], [ -71.5478094, 41.1740269 ], [ -71.548277, 41.1741412 ], [ -71.5481593, 41.174553 ], [ -71.5483293, 41.1746442 ], [ -71.5485644, 41.174652 ], [ -71.5487921, 41.1745271 ], [ -71.5488853, 41.1743695 ], [ -71.5488197, 41.1742674 ], [ -71.5485278, 41.1741871 ], [ -71.5485486, 41.1738125 ], [ -71.5484687, 41.173687 ], [ -71.5487104, 41.1737379 ], [ -71.5490071, 41.1739796 ], [ -71.5489811, 41.1742478 ], [ -71.5492048, 41.1744959 ], [ -71.549436, 41.1749978 ], [ -71.549437, 41.175 ], [ -71.5494826, 41.175 ], [ -71.54951, 41.175 ], [ -71.5498316, 41.175 ], [ -71.55, 41.175 ], [ -71.55, 41.1749563 ], [ -71.55, 41.1744368 ], [ -71.5496655, 41.173678 ], [ -71.5497183, 41.1733462 ], [ -71.5496462, 41.1731724 ], [ -71.5494225, 41.173049 ], [ -71.5489601, 41.1730867 ], [ -71.5492158, 41.1721239 ], [ -71.5477963, 41.1710281 ], [ -71.5471726, 41.1707212 ], [ -71.5462047, 41.1698945 ], [ -71.5458737, 41.1694992 ], [ -71.5447129, 41.1688314 ], [ -71.5442906, 41.1689896 ], [ -71.5438861, 41.1694298 ], [ -71.5436481, 41.1695309 ], [ -71.5432793, 41.169406 ], [ -71.542964, 41.1693525 ], [ -71.5428094, 41.1691621 ], [ -71.5425179, 41.1684602 ], [ -71.5422664, 41.1682254 ], [ -71.5422694, 41.1679508 ], [ -71.5417849, 41.1676938 ], [ -71.5414904, 41.1676347 ], [ -71.5410679, 41.1676639 ], [ -71.540973, 41.1675937 ], [ -71.5410096, 41.1674683 ], [ -71.5411698, 41.167428 ], [ -71.5414458, 41.167168 ], [ -71.5412811, 41.1668348 ], [ -71.5411832, 41.1660077 ], [ -71.5409715, 41.1657522 ], [ -71.5409925, 41.1654849 ], [ -71.5406605, 41.1649235 ], [ -71.5402436, 41.1646005 ], [ -71.5400261, 41.1640953 ], [ -71.5400712, 41.1638117 ], [ -71.5399894, 41.1635503 ], [ -71.5396652, 41.1628883 ], [ -71.539349, 41.1625079 ], [ -71.5393902, 41.1623347 ], [ -71.5396196, 41.1621149 ], [ -71.5397228, 41.1618722 ], [ -71.5401923, 41.1598959 ], [ -71.5403599, 41.1595596 ], [ -71.5403438, 41.1592063 ], [ -71.5404539, 41.158817 ], [ -71.5403937, 41.1585255 ], [ -71.5405659, 41.1580313 ], [ -71.5402788, 41.1577531 ], [ -71.5406088, 41.1575213 ], [ -71.540582, 41.1571077 ], [ -71.5406632, 41.1567664 ], [ -71.5408071, 41.1565368 ], [ -71.5406313, 41.1561847 ], [ -71.5407139, 41.1559045 ], [ -71.5406167, 41.1556201 ], [ -71.5406712, 41.1549902 ], [ -71.5408005, 41.1546273 ], [ -71.5411122, 41.1541581 ], [ -71.5408755, 41.153683 ], [ -71.5410217, 41.1533239 ], [ -71.5416443, 41.1530191 ], [ -71.5420789, 41.1529503 ], [ -71.5423018, 41.1525065 ], [ -71.5423085, 41.152312 ], [ -71.5425916, 41.1521947 ], [ -71.5426143, 41.1521653 ], [ -71.5425492, 41.1521067 ], [ -71.5425619, 41.1520579 ], [ -71.5429432, 41.1518685 ], [ -71.5431727, 41.1516323 ], [ -71.5436554, 41.1508259 ], [ -71.5439362, 41.1504547 ], [ -71.5444065, 41.1502501 ], [ -71.544725, 41.1499626 ], [ -71.5449465, 41.1498886 ], [ -71.5451125, 41.1497321 ], [ -71.5452073, 41.149692 ], [ -71.5453288, 41.1497074 ], [ -71.5452334, 41.1498589 ], [ -71.5453486, 41.1498982 ], [ -71.5456813, 41.1497964 ], [ -71.5460997, 41.1495888 ], [ -71.5463846, 41.1495298 ], [ -71.5467248, 41.1493491 ], [ -71.5470171, 41.1492729 ], [ -71.5470195, 41.1492451 ], [ -71.5469142, 41.1491893 ], [ -71.5469806, 41.1491098 ], [ -71.5475305, 41.1489873 ], [ -71.5477765, 41.1488883 ], [ -71.5481688, 41.1485141 ], [ -71.5488955, 41.1484558 ], [ -71.548978, 41.148407 ], [ -71.5491096, 41.1482252 ], [ -71.5492906, 41.1481246 ], [ -71.55, 41.1479044 ], [ -71.55, 41.1478652 ], [ -71.55, 41.1475653 ], [ -71.55, 41.1469693 ], [ -71.55, 41.1468022 ], [ -71.55, 41.1467734 ], [ -71.55, 41.146766 ], [ -71.55, 41.1467219 ], [ -71.55, 41.1467181 ], [ -71.55, 41.1464571 ], [ -71.55, 41.1462186 ], [ -71.55, 41.1455485 ], [ -71.55, 41.1453872 ], [ -71.55, 41.14534 ], [ -71.55, 41.1444549 ], [ -71.55, 41.1443236 ], [ -71.55, 41.1441398 ] ] ] } },
{ "type": "Feature", "properties": { "RCID": 128, "PRIM": 3, "GRUP": 1, "OBJL": 42, "RVER": 1, "AGEN": 550, "FIDN": 172272103, "FIDS": 8691, "LNAM": "02260A44A9E721F3", "DRVAL1": 8.0, "DRVAL2": 10.0 }, "geometry": { "type": "Polygon", "coordinates": [ [ [ -71.5420782, 41.1709027 ], [ -71.5421329, 41.1708462 ], [ -71.5422213, 41.1708616 ], [ -71.5423034, 41.1710532 ], [ -71.5422521, 41.1710997 ], [ -71.5421577, 41.1711139 ], [ -71.5420854, 41.1710398 ], [ -71.5420782, 41.1709027 ] ] ] } },
{ "type": "Feature", "properties": { "RCID": 129, "PRIM": 3, "GRUP": 1, "OBJL": 42, "RVER": 1, "AGEN": 550, "FIDN": 662920744, "FIDS": 8691, "LNAM": "022627835E2821F3", "DRVAL1": 8.0, "DRVAL2": 10.0 }, "geometry": { "type": "Polygon", "coordinates": [ [ [ -71.5472181, 41.1743595 ], [ -71.547251, 41.1744551 ], [ -71.5473368, 41.1744615 ], [ -71.5473963, 41.1744131 ], [ -71.5473949, 41.1743627 ], [ -71.5473323, 41.1743301 ], [ -71.5472181, 41.1743595 ] ] ] } },
{ "type": "Feature", "properties": { "RCID": 130, "PRIM": 3, "GRUP": 1, "OBJL": 42, "RVER": 1, "AGEN": 550, "FIDN": 257635101, "FIDS": 8691, "LNAM": "02260F5B331D21F3", "DRVAL1": -0.9, "DRVAL2": 0.0 }, "geometry": { "type": "Polygon", "coordinates": [ [ [ -71.5491684, 41.1663925 ], [ -71.549157, 41.1663956 ], [ -71.5490855, 41.1664045 ], [ -71.5490693, 41.1664217 ], [ -71.5490343, 41.166421 ], [ -71.5490041, 41.1664245 ], [ -71.5489784, 41.1664313 ], [ -71.5489495, 41.1664434 ], [ -71.5489208, 41.1664597 ], [ -71.5488453, 41.1665089 ], [ -71.5488064, 41.1665405 ], [ -71.5487106, 41.1666298 ], [ -71.5486377, 41.1667011 ], [ -71.5486063, 41.1667358 ], [ -71.5485901, 41.1667602 ], [ -71.5485837, 41.1667809 ], [ -71.5485862, 41.1668023 ], [ -71.5485956, 41.1668163 ], [ -71.5486094, 41.1668251 ], [ -71.5486241, 41.1668287 ], [ -71.5486445, 41.1668285 ], [ -71.5486666, 41.1668233 ], [ -71.5487072, 41.1668052 ], [ -71.5488219, 41.1667367 ], [ -71.5488828, 41.1667069 ], [ -71.5489137, 41.1666963 ], [ -71.5489366, 41.1666912 ], [ -71.5489592, 41.1666886 ], [ -71.548984, 41.1666894 ], [ -71.5490342, 41.1666993 ], [ -71.5490924, 41.1667185 ], [ -71.5491816, 41.1667577 ], [ -71.5493162, 41.1668218 ], [ -71.5493801, 41.1668468 ], [ -71.5495218, 41.1668821 ], [ -71.5496176, 41.1669196 ], [ -71.5497232, 41.1669528 ], [ -71.5497577, 41.1669577 ], [ -71.5497918, 41.1669532 ], [ -71.5498236, 41.1669376 ], [ -71.549841, 41.1669225 ], [ -71.5498552, 41.1669046 ], [ -71.5498724, 41.1668716 ], [ -71.5499166, 41.1667655 ], [ -71.5499438, 41.1667116 ], [ -71.5499601, 41.1666859 ], [ -71.5499876, 41.1666413 ], [ -71.5499937, 41.1666125 ], [ -71.55, 41.1666101 ], [ -71.55, 41.1666091 ], [ -71.55, 41.166481 ], [ -71.5499537, 41.1664884 ], [ -71.5497413, 41.1665225 ], [ -71.5496974, 41.1665151 ], [ -71.5495611, 41.1664921 ], [ -71.5491375, 41.1660203 ], [ -71.5486174, 41.1657353 ], [ -71.5480652, 41.1656041 ], [ -71.5473818, 41.1657743 ], [ -71.5470566, 41.1657984 ], [ -71.5467631, 41.1657764 ], [ -71.5466312, 41.1657242 ], [ -71.5460561, 41.165347 ], [ -71.5454778, 41.1651281 ], [ -71.5454335, 41.1651114 ], [ -71.5454327, 41.1651111 ], [ -71.5454214, 41.1651068 ], [ -71.545356, 41.1650821 ], [ -71.5451813, 41.1649807 ], [ -71.5450272, 41.1648033 ], [ -71.5450216, 41.1647709 ], [ -71.5449875, 41.1645758 ], [ -71.545218, 41.1641754 ], [ -71.5453429, 41.1639584 ], [ -71.5454009, 41.1638577 ], [ -71.5454793, 41.1633086 ], [ -71.5454606, 41.1630229 ], [ -71.545417, 41.1629298 ], [ -71.545381, 41.1628529 ], [ -71.5450608, 41.1625617 ], [ -71.5447898, 41.1621471 ], [ -71.5443929, 41.1618115 ], [ -71.5443048, 41.1616148 ], [ -71.5443234, 41.1614151 ], [ -71.5443921, 41.1612524 ], [ -71.5446981, 41.1609063 ], [ -71.5452332, 41.1603011 ], [ -71.5455286, 41.1596487 ], [ -71.5455365, 41.1596124 ], [ -71.5455591, 41.159509 ], [ -71.5455714, 41.1594523 ], [ -71.5455685, 41.1592312 ], [ -71.5454377, 41.1587254 ], [ -71.5454004, 41.1581916 ], [ -71.5452855, 41.1578127 ], [ -71.5452891, 41.1574521 ], [ -71.5453807, 41.157218 ], [ -71.5455249, 41.1569926 ], [ -71.5457573, 41.1568255 ], [ -71.5463009, 41.1564346 ], [ -71.5465809, 41.1560394 ], [ -71.5465993, 41.1559613 ], [ -71.5466191, 41.1558769 ], [ -71.5466357, 41.1553592 ], [ -71.5465083, 41.1546965 ], [ -71.5465385, 41.1545994 ], [ -71.5466136, 41.1543573 ], [ -71.5469477, 41.1540346 ], [ -71.5473489, 41.1537528 ], [ -71.5477705, 41.1535951 ], [ -71.5481047, 41.1535025 ], [ -71.548389, 41.1534238 ], [ -71.5487524, 41.1532391 ], [ -71.5491074, 41.1529751 ], [ -71.5492022, 41.1528781 ], [ -71.5495258, 41.1525469 ], [ -71.5498099, 41.1523596 ], [ -71.5499736, 41.1522517 ], [ -71.55, 41.1522343 ], [ -71.55, 41.151905 ], [ -71.55, 41.1518894 ], [ -71.55, 41.1517535 ], [ -71.5498762, 41.151926 ], [ -71.5496, 41.1521788 ], [ -71.5492843, 41.1522417 ], [ -71.5491215, 41.1523816 ], [ -71.5487185, 41.1524367 ], [ -71.5487067, 41.1525021 ], [ -71.5488236, 41.1526831 ], [ -71.5488546, 41.1528143 ], [ -71.5484944, 41.1529045 ], [ -71.5483175, 41.1532752 ], [ -71.5480526, 41.1531441 ], [ -71.5479847, 41.1528952 ], [ -71.5477904, 41.1528656 ], [ -71.5476829, 41.1529248 ], [ -71.54761, 41.1530187 ], [ -71.5475114, 41.1534122 ], [ -71.5470933, 41.1532345 ], [ -71.5469919, 41.1532274 ], [ -71.5465799, 41.153708 ], [ -71.5464702, 41.1536298 ], [ -71.5463124, 41.1536214 ], [ -71.5459032, 41.1538654 ], [ -71.545906, 41.1539525 ], [ -71.5460762, 41.154097 ], [ -71.546107, 41.154185 ], [ -71.5460374, 41.1545332 ], [ -71.5458507, 41.1545544 ], [ -71.5458589, 41.1546684 ], [ -71.5456935, 41.1547587 ], [ -71.5457624, 41.1553032 ], [ -71.5458563, 41.1554602 ], [ -71.5461948, 41.1556254 ], [ -71.546314, 41.1558574 ], [ -71.5462715, 41.1560597 ], [ -71.545934, 41.1564639 ], [ -71.5456641, 41.1566113 ], [ -71.5455383, 41.1566469 ], [ -71.5454355, 41.1567251 ], [ -71.5450319, 41.1566929 ], [ -71.5450105, 41.1567614 ], [ -71.545109, 41.1569512 ], [ -71.545085, 41.1570478 ], [ -71.5450068, 41.1570999 ], [ -71.5448283, 41.1571161 ], [ -71.5447129, 41.1571711 ], [ -71.5446956, 41.1571715 ], [ -71.5446238, 41.1571731 ], [ -71.5445959, 41.1571954 ], [ -71.5446116, 41.1572313 ], [ -71.5446612, 41.1572737 ], [ -71.5447301, 41.1573193 ], [ -71.5447849, 41.1573724 ], [ -71.54484, 41.1574328 ], [ -71.5448519, 41.1574628 ], [ -71.5448471, 41.1575134 ], [ -71.5448338, 41.1575651 ], [ -71.5448072, 41.1576203 ], [ -71.5448015, 41.1576495 ], [ -71.5448067, 41.1576878 ], [ -71.5448352, 41.1577493 ], [ -71.5448413, 41.1577785 ], [ -71.5448396, 41.1578044 ], [ -71.5448323, 41.1578312 ], [ -71.5448014, 41.1578897 ], [ -71.5447712, 41.1579366 ], [ -71.5446735, 41.1580655 ], [ -71.544646, 41.1581077 ], [ -71.544634, 41.1581398 ], [ -71.5446346, 41.158172 ], [ -71.544641, 41.1581905 ], [ -71.5446515, 41.1582083 ], [ -71.544668, 41.1582275 ], [ -71.5446887, 41.1582453 ], [ -71.5447487, 41.1582842 ], [ -71.5448801, 41.1583537 ], [ -71.5449255, 41.1583734 ], [ -71.5449497, 41.1583803 ], [ -71.5449728, 41.1583838 ], [ -71.5449735, 41.1583838 ], [ -71.5449692, 41.1584191 ], [ -71.5449779, 41.1585204 ], [ -71.5449834, 41.1585641 ], [ -71.5449575, 41.1585868 ], [ -71.5449478, 41.158601 ], [ -71.544943, 41.1586159 ], [ -71.5449448, 41.1586355 ], [ -71.5449528, 41.1586498 ], [ -71.5449645, 41.1586602 ], [ -71.5449767, 41.1586664 ], [ -71.5449929, 41.1586708 ], [ -71.5449993, 41.1586712 ], [ -71.5450099, 41.1587262 ], [ -71.5450291, 41.1587433 ], [ -71.5450095, 41.1587623 ], [ -71.544996, 41.1587823 ], [ -71.5449899, 41.1588028 ], [ -71.544991, 41.1588284 ], [ -71.545004, 41.1588629 ], [ -71.5450309, 41.1589001 ], [ -71.5450588, 41.1589255 ], [ -71.5451185, 41.1589655 ], [ -71.5451418, 41.1589886 ], [ -71.5451526, 41.1590036 ], [ -71.5451525, 41.1590037 ], [ -71.5451318, 41.1590519 ], [ -71.5451205, 41.1591078 ], [ -71.5451377, 41.1591799 ], [ -71.5451967, 41.1592185 ], [ -71.5452262, 41.1592128 ], [ -71.5452528, 41.1592386 ], [ -71.5452578, 41.1592522 ], [ -71.5452567, 41.1592604 ], [ -71.5452501, 41.1592716 ], [ -71.5452038, 41.1593086 ], [ -71.5451787, 41.1593362 ], [ -71.545129, 41.1594144 ], [ -71.5450462, 41.1595332 ], [ -71.5450193, 41.1595756 ], [ -71.5450047, 41.1596044 ], [ -71.5449943, 41.1596342 ], [ -71.5449881, 41.1596649 ], [ -71.5449854, 41.159696 ], [ -71.5449894, 41.1597581 ], [ -71.5449987, 41.1597969 ], [ -71.5450141, 41.1598347 ], [ -71.5450491, 41.1598903 ], [ -71.5450782, 41.1599236 ], [ -71.545129, 41.1599684 ], [ -71.545136, 41.1599776 ], [ -71.5451435, 41.1599958 ], [ -71.5451461, 41.1600169 ], [ -71.5451447, 41.1600402 ], [ -71.5451308, 41.1600931 ], [ -71.5451048, 41.1601507 ], [ -71.5450709, 41.160208 ], [ -71.5450302, 41.1602616 ], [ -71.5450068, 41.1602858 ], [ -71.5449275, 41.1603497 ], [ -71.5448906, 41.1603865 ], [ -71.5447722, 41.1605486 ], [ -71.5447052, 41.1606293 ], [ -71.5446352, 41.1607047 ], [ -71.5445917, 41.1607437 ], [ -71.5445485, 41.1607757 ], [ -71.5444994, 41.1608038 ], [ -71.5444697, 41.1608163 ], [ -71.5444408, 41.1608248 ], [ -71.5444137, 41.1608283 ], [ -71.5443894, 41.1608256 ], [ -71.5443689, 41.1608159 ], [ -71.5443505, 41.1607996 ], [ -71.5443349, 41.1607775 ], [ -71.5443126, 41.1607225 ], [ -71.5442981, 41.1606608 ], [ -71.5442834, 41.1605733 ], [ -71.5442611, 41.1605008 ], [ -71.5442482, 41.1604812 ], [ -71.5442297, 41.1604658 ], [ -71.5441985, 41.1604541 ], [ -71.5441763, 41.1604517 ], [ -71.5441473, 41.1604542 ], [ -71.5441136, 41.1604641 ], [ -71.5439269, 41.1605528 ], [ -71.5438545, 41.1605784 ], [ -71.5437994, 41.160591 ], [ -71.5435955, 41.1606294 ], [ -71.543523, 41.1606487 ], [ -71.5434908, 41.160661 ], [ -71.5434543, 41.1606819 ], [ -71.543428, 41.1607091 ], [ -71.5434109, 41.1607456 ], [ -71.5434018, 41.1607911 ], [ -71.5433996, 41.1608771 ], [ -71.5434078, 41.160934 ], [ -71.5434242, 41.160981 ], [ -71.5434378, 41.1610036 ], [ -71.5434519, 41.1610209 ], [ -71.5434781, 41.1610434 ], [ -71.5435166, 41.161065 ], [ -71.5436753, 41.1611248 ], [ -71.54374, 41.1611543 ], [ -71.5437712, 41.1611745 ], [ -71.5437938, 41.1611954 ], [ -71.5438127, 41.1612216 ], [ -71.5438237, 41.1612441 ], [ -71.5438719, 41.1613815 ], [ -71.5439059, 41.1614438 ], [ -71.543907, 41.1614466 ], [ -71.5439079, 41.1614717 ], [ -71.5439088, 41.1614932 ], [ -71.543881, 41.1615547 ], [ -71.5438739, 41.1615789 ], [ -71.5438685, 41.1616179 ], [ -71.5438705, 41.1616477 ], [ -71.5438818, 41.1617079 ], [ -71.5438884, 41.1617945 ], [ -71.5438945, 41.1618135 ], [ -71.5439054, 41.1618318 ], [ -71.543921, 41.1618482 ], [ -71.5439405, 41.1618623 ], [ -71.5440394, 41.1619165 ], [ -71.5441467, 41.1619882 ], [ -71.5443486, 41.1621095 ], [ -71.544414, 41.162152 ], [ -71.5444735, 41.1621969 ], [ -71.5445, 41.1622204 ], [ -71.5445466, 41.1622706 ], [ -71.5445706, 41.1623062 ], [ -71.5445905, 41.1623467 ], [ -71.5445971, 41.162367 ], [ -71.5446009, 41.1623897 ], [ -71.5446004, 41.1624122 ], [ -71.5445937, 41.1624391 ], [ -71.5445532, 41.1625376 ], [ -71.5445447, 41.1625765 ], [ -71.5445439, 41.162607 ], [ -71.5445507, 41.1626404 ], [ -71.5445784, 41.1627207 ], [ -71.5445955, 41.1627979 ], [ -71.5446076, 41.1628262 ], [ -71.544624, 41.1628512 ], [ -71.5446462, 41.1628745 ], [ -71.5447122, 41.1629289 ], [ -71.5447888, 41.1630069 ], [ -71.5448173, 41.1630312 ], [ -71.544862, 41.1630575 ], [ -71.5449447, 41.1630906 ], [ -71.544973, 41.1630962 ], [ -71.5450002, 41.1630948 ], [ -71.5450209, 41.1630874 ], [ -71.5450404, 41.1630716 ], [ -71.5450494, 41.1630541 ], [ -71.5450503, 41.1630372 ], [ -71.5450311, 41.1629874 ], [ -71.5450341, 41.1629788 ], [ -71.5450434, 41.162973 ], [ -71.5450564, 41.1629711 ], [ -71.5450679, 41.1629722 ], [ -71.5451154, 41.1629861 ], [ -71.5451748, 41.1630119 ], [ -71.5452053, 41.1630283 ], [ -71.5452348, 41.163047 ], [ -71.545262, 41.1630682 ], [ -71.5452853, 41.1630915 ], [ -71.5453229, 41.1631438 ], [ -71.5453488, 41.1632015 ], [ -71.5453648, 41.1632771 ], [ -71.5453719, 41.1633735 ], [ -71.5453682, 41.1634446 ], [ -71.545353, 41.1635504 ], [ -71.5453293, 41.1636519 ], [ -71.5453103, 41.1637003 ], [ -71.5452468, 41.1638309 ], [ -71.5452345, 41.1638515 ], [ -71.5452172, 41.163873 ], [ -71.5451967, 41.1638921 ], [ -71.545173, 41.1639082 ], [ -71.545146, 41.1639207 ], [ -71.5451106, 41.1639298 ], [ -71.5450719, 41.1639344 ], [ -71.5449884, 41.1639348 ], [ -71.5448264, 41.1639266 ], [ -71.5447827, 41.1639289 ], [ -71.544738, 41.163936 ], [ -71.5446866, 41.16395 ], [ -71.5446525, 41.163962 ], [ -71.5445876, 41.1639895 ], [ -71.5445359, 41.1640157 ], [ -71.544453, 41.1640642 ], [ -71.5444317, 41.1640732 ], [ -71.5444205, 41.1640716 ], [ -71.5444135, 41.1640662 ], [ -71.5443943, 41.1640299 ], [ -71.544377, 41.164011 ], [ -71.5443532, 41.1639965 ], [ -71.5443313, 41.1639895 ], [ -71.5443074, 41.1639883 ], [ -71.5442851, 41.1639938 ], [ -71.5442653, 41.1640058 ], [ -71.5442504, 41.1640214 ], [ -71.5442385, 41.1640401 ], [ -71.5442269, 41.1640715 ], [ -71.5442167, 41.1641565 ], [ -71.5442094, 41.1641859 ], [ -71.5441753, 41.1642696 ], [ -71.544137, 41.1643323 ], [ -71.5440087, 41.1645106 ], [ -71.5439757, 41.1645658 ], [ -71.5439601, 41.1646033 ], [ -71.5439545, 41.164629 ], [ -71.5439526, 41.1646554 ], [ -71.543958, 41.1647059 ], [ -71.543979, 41.1647729 ], [ -71.5440061, 41.1648288 ], [ -71.5440391, 41.1648802 ], [ -71.5440624, 41.1649079 ], [ -71.5440872, 41.1649309 ], [ -71.5441416, 41.1649725 ], [ -71.5441574, 41.1649911 ], [ -71.5441992, 41.1650708 ], [ -71.5442263, 41.16511 ], [ -71.5442493, 41.1651315 ], [ -71.5442733, 41.1651462 ], [ -71.5443071, 41.1651595 ], [ -71.5444007, 41.1651866 ], [ -71.5444444, 41.1651928 ], [ -71.5445258, 41.1651977 ], [ -71.5445542, 41.1652014 ], [ -71.5445722, 41.1652099 ], [ -71.544618, 41.1652446 ], [ -71.5446419, 41.1652571 ], [ -71.544669, 41.1652659 ], [ -71.5447134, 41.1652713 ], [ -71.5448246, 41.1652667 ], [ -71.5448784, 41.1652693 ], [ -71.5449015, 41.165273 ], [ -71.5449328, 41.1652855 ], [ -71.5449658, 41.1653003 ], [ -71.5449943, 41.1653133 ], [ -71.5450166, 41.1653335 ], [ -71.5450322, 41.1653566 ], [ -71.5450393, 41.1653807 ], [ -71.5450408, 41.1654067 ], [ -71.5450382, 41.1654339 ], [ -71.5450118, 41.1655477 ], [ -71.545008, 41.1655803 ], [ -71.5450102, 41.1655993 ], [ -71.5450161, 41.1656152 ], [ -71.5450284, 41.1656315 ], [ -71.5450444, 41.1656422 ], [ -71.5450716, 41.1656489 ], [ -71.5451075, 41.1656464 ], [ -71.5451459, 41.1656362 ], [ -71.545282, 41.1655915 ], [ -71.5453559, 41.1655728 ], [ -71.5453924, 41.1655662 ], [ -71.5454429, 41.165562 ], [ -71.5454902, 41.1655644 ], [ -71.5455318, 41.1655736 ], [ -71.5455608, 41.1655878 ], [ -71.5455716, 41.1655982 ], [ -71.5455776, 41.1656093 ], [ -71.5455861, 41.1656608 ], [ -71.5455951, 41.1656792 ], [ -71.5456057, 41.1656926 ], [ -71.5456204, 41.165705 ], [ -71.5456411, 41.1657158 ], [ -71.5457129, 41.165733 ], [ -71.5457379, 41.1657454 ], [ -71.5457661, 41.1657735 ], [ -71.5457943, 41.1658254 ], [ -71.5457971, 41.1658414 ], [ -71.545795, 41.16585 ], [ -71.5457888, 41.1658578 ], [ -71.5457749, 41.1658645 ], [ -71.5457182, 41.1658777 ], [ -71.5456853, 41.1658901 ], [ -71.5456659, 41.1659064 ], [ -71.5456591, 41.1659269 ], [ -71.5456632, 41.1659442 ], [ -71.5456708, 41.1659562 ], [ -71.5456835, 41.1659685 ], [ -71.5457053, 41.1659815 ], [ -71.5457612, 41.1660061 ], [ -71.5457755, 41.166019 ], [ -71.5458274, 41.1661048 ], [ -71.5458298, 41.1661211 ], [ -71.5458245, 41.1661346 ], [ -71.545775, 41.1661737 ], [ -71.5457651, 41.166186 ], [ -71.5457604, 41.1661973 ], [ -71.5457605, 41.1662137 ], [ -71.5457672, 41.1662277 ], [ -71.5457799, 41.1662399 ], [ -71.545797, 41.1662486 ], [ -71.5458301, 41.1662548 ], [ -71.5458748, 41.1662526 ], [ -71.5459593, 41.1662364 ], [ -71.5460714, 41.1662097 ], [ -71.5461081, 41.1662061 ], [ -71.5461377, 41.1662103 ], [ -71.5461863, 41.1662283 ], [ -71.546263, 41.166263 ], [ -71.5462976, 41.1662878 ], [ -71.5463676, 41.1663518 ], [ -71.5463971, 41.1663678 ], [ -71.5464224, 41.166374 ], [ -71.5464483, 41.1663742 ], [ -71.54647, 41.1663705 ], [ -71.5465408, 41.1663508 ], [ -71.546566, 41.1663498 ], [ -71.5465844, 41.1663525 ], [ -71.5466025, 41.1663577 ], [ -71.5466248, 41.1663679 ], [ -71.5466867, 41.1664139 ], [ -71.5467093, 41.1664275 ], [ -71.5467321, 41.1664352 ], [ -71.5467559, 41.1664366 ], [ -71.5467823, 41.1664302 ], [ -71.5468081, 41.1664149 ], [ -71.5468265, 41.1663966 ], [ -71.5468524, 41.1663596 ], [ -71.5468781, 41.1663305 ], [ -71.5468975, 41.1663159 ], [ -71.5469249, 41.1663016 ], [ -71.5469563, 41.16629 ], [ -71.5470854, 41.1662546 ], [ -71.5471927, 41.1662121 ], [ -71.5472551, 41.1661929 ], [ -71.5473312, 41.1661771 ], [ -71.5473813, 41.1661716 ], [ -71.5474255, 41.1661699 ], [ -71.5474802, 41.1661744 ], [ -71.5476222, 41.1662017 ], [ -71.5476654, 41.1662079 ], [ -71.5477027, 41.166208 ], [ -71.5477369, 41.1661999 ], [ -71.547765, 41.1661837 ], [ -71.5477799, 41.1661693 ], [ -71.5477887, 41.1661525 ], [ -71.5477897, 41.1661349 ], [ -71.5477838, 41.1661197 ], [ -71.5477664, 41.1661001 ], [ -71.5477483, 41.1660885 ], [ -71.5477134, 41.1660729 ], [ -71.5477116, 41.166069 ], [ -71.5477139, 41.1660606 ], [ -71.5477225, 41.1660505 ], [ -71.5477399, 41.1660379 ], [ -71.5477913, 41.1660123 ], [ -71.547852, 41.1659895 ], [ -71.5479011, 41.1659761 ], [ -71.5479505, 41.1659707 ], [ -71.5479726, 41.1659729 ], [ -71.5479919, 41.1659795 ], [ -71.5480097, 41.1659914 ], [ -71.548033, 41.1660157 ], [ -71.5480604, 41.1660539 ], [ -71.5481575, 41.1662196 ], [ -71.5481683, 41.1662323 ], [ -71.5481927, 41.1662513 ], [ -71.5482133, 41.1662596 ], [ -71.5482324, 41.1662627 ], [ -71.5482695, 41.1662594 ], [ -71.5483149, 41.1662441 ], [ -71.5483591, 41.1662229 ], [ -71.548526, 41.1661341 ], [ -71.5486037, 41.1661013 ], [ -71.5486449, 41.166087 ], [ -71.5487277, 41.1660639 ], [ -71.5487683, 41.1660554 ], [ -71.5488267, 41.1660482 ], [ -71.5488769, 41.1660496 ], [ -71.5489061, 41.1660567 ], [ -71.5489342, 41.1660682 ], [ -71.5489885, 41.1661 ], [ -71.5490729, 41.1661664 ], [ -71.5491185, 41.1662099 ], [ -71.5491377, 41.1662324 ], [ -71.5491629, 41.1662743 ], [ -71.5491691, 41.1662954 ], [ -71.5491724, 41.166358 ], [ -71.5491698, 41.1663874 ], [ -71.5491684, 41.1663925 ] ], [ [ -71.5463644, 41.1661213 ], [ -71.5463436, 41.1661135 ], [ -71.5462863, 41.1660926 ], [ -71.5462271, 41.1660769 ], [ -71.5461904, 41.1660724 ], [ -71.5461245, 41.1660719 ], [ -71.5461244, 41.1660719 ], [ -71.5461167, 41.1660705 ], [ -71.5461366, 41.1660313 ], [ -71.546157, 41.1660134 ], [ -71.5461595, 41.1660134 ], [ -71.5461727, 41.1660133 ], [ -71.5462167, 41.166016 ], [ -71.5462813, 41.1660264 ], [ -71.5463015, 41.1660324 ], [ -71.5463355, 41.1660475 ], [ -71.5463554, 41.1661098 ], [ -71.5463644, 41.1661213 ] ], [ [ -71.546389, 41.1661299 ], [ -71.5463887, 41.1661303 ], [ -71.5464321, 41.1661465 ], [ -71.5464494, 41.1661506 ], [ -71.5464558, 41.1661479 ], [ -71.5464564, 41.1661373 ], [ -71.5464513, 41.1661249 ], [ -71.5464313, 41.1661058 ], [ -71.5464073, 41.1660912 ], [ -71.5464072, 41.1660911 ], [ -71.5463988, 41.1661161 ], [ -71.546389, 41.1661299 ] ] ] } },
{ "type": "Feature", "properties": { "RCID": 131, "PRIM": 3, "GRUP": 1, "OBJL": 42, "RVER": 1, "AGEN": 550, "FIDN": 451469297, "FIDS": 8691, "LNAM": "02261AE8DFF121F3", "DRVAL1": 5.0, "DRVAL2": 8.0 }, "geometry": { "type": "Polygon", "coordinates": [ [ [ -71.55, 41.1479044 ], [ -71.55, 41.1479958 ], [ -71.55, 41.1494301 ], [ -71.5499769, 41.1494546 ], [ -71.5499447, 41.1494725 ], [ -71.5498969, 41.1494746 ], [ -71.5498116, 41.1494503 ], [ -71.5497894, 41.149436 ], [ -71.5497573, 41.1494111 ], [ -71.5496922, 41.149352 ], [ -71.5494837, 41.1491772 ], [ -71.5494309, 41.1491369 ], [ -71.5494076, 41.149122 ], [ -71.5493806, 41.1491089 ], [ -71.5493561, 41.1491014 ], [ -71.5493347, 41.1490987 ], [ -71.5493144, 41.1491005 ], [ -71.5492976, 41.1491075 ], [ -71.5488158, 41.1489504 ], [ -71.5475665, 41.1492788 ], [ -71.5468741, 41.1497213 ], [ -71.5448111, 41.1505922 ], [ -71.5441044, 41.1509991 ], [ -71.543826, 41.1514274 ], [ -71.543669, 41.1522697 ], [ -71.5436586, 41.1530381 ], [ -71.5436219, 41.1531683 ], [ -71.5434932, 41.1532527 ], [ -71.5433764, 41.1533913 ], [ -71.5433641, 41.153541 ], [ -71.5432354, 41.1536273 ], [ -71.5430392, 41.1536823 ], [ -71.5430402, 41.1537947 ], [ -71.5428021, 41.1541472 ], [ -71.5427809, 41.1542734 ], [ -71.5428448, 41.1545575 ], [ -71.5430329, 41.1550417 ], [ -71.5428954, 41.1551517 ], [ -71.5429958, 41.1553572 ], [ -71.5429614, 41.1555443 ], [ -71.5428984, 41.1555708 ], [ -71.5426523, 41.1554875 ], [ -71.5426218, 41.1555375 ], [ -71.5426641, 41.1556774 ], [ -71.5424507, 41.1555655 ], [ -71.542274, 41.1556123 ], [ -71.5422188, 41.1556885 ], [ -71.5422546, 41.1557705 ], [ -71.5422401, 41.1558714 ], [ -71.5422981, 41.1559864 ], [ -71.5420278, 41.156024 ], [ -71.5422876, 41.1562721 ], [ -71.5423213, 41.1563715 ], [ -71.5422796, 41.15644 ], [ -71.5420243, 41.1565968 ], [ -71.5420011, 41.1566847 ], [ -71.5421793, 41.1569648 ], [ -71.5423813, 41.1570895 ], [ -71.5421542, 41.1571785 ], [ -71.5420792, 41.1573211 ], [ -71.5421836, 41.1575095 ], [ -71.5420217, 41.1576475 ], [ -71.5419121, 41.1576419 ], [ -71.5416236, 41.1574542 ], [ -71.5415372, 41.1574664 ], [ -71.5415149, 41.1575161 ], [ -71.5415596, 41.1575835 ], [ -71.5418771, 41.1577895 ], [ -71.5420654, 41.158038 ], [ -71.5420845, 41.1581615 ], [ -71.5420061, 41.1582788 ], [ -71.5416786, 41.1583121 ], [ -71.5416292, 41.1583677 ], [ -71.5416691, 41.1584311 ], [ -71.541887, 41.1585594 ], [ -71.5420797, 41.1587376 ], [ -71.541863, 41.158997 ], [ -71.5414911, 41.159092 ], [ -71.5413842, 41.1591635 ], [ -71.5413957, 41.1592457 ], [ -71.5415156, 41.159401 ], [ -71.541447, 41.1596416 ], [ -71.5415451, 41.1599193 ], [ -71.5414884, 41.1601165 ], [ -71.5413503, 41.160369 ], [ -71.5411632, 41.1605541 ], [ -71.5411254, 41.1606418 ], [ -71.5408943, 41.1605522 ], [ -71.5407746, 41.1605885 ], [ -71.5409418, 41.160833 ], [ -71.5407516, 41.16106 ], [ -71.5407423, 41.1611398 ], [ -71.5409954, 41.1613488 ], [ -71.5410285, 41.1614693 ], [ -71.5409618, 41.161734 ], [ -71.5408561, 41.1619298 ], [ -71.5405393, 41.1621598 ], [ -71.5404866, 41.1622733 ], [ -71.5405873, 41.1623402 ], [ -71.5408574, 41.1623038 ], [ -71.5409837, 41.1623977 ], [ -71.5408353, 41.1624363 ], [ -71.5407386, 41.1625241 ], [ -71.540695, 41.1628243 ], [ -71.5406306, 41.1629866 ], [ -71.5406395, 41.1630732 ], [ -71.5407074, 41.1631596 ], [ -71.5408885, 41.1632277 ], [ -71.5410315, 41.1633481 ], [ -71.5410771, 41.1638524 ], [ -71.5411508, 41.1639065 ], [ -71.5412841, 41.1638999 ], [ -71.5413389, 41.1639302 ], [ -71.5413113, 41.1641432 ], [ -71.5413497, 41.1642536 ], [ -71.5418384, 41.164471 ], [ -71.5419, 41.1645278 ], [ -71.5419501, 41.1647975 ], [ -71.5418778, 41.1649382 ], [ -71.5418966, 41.1652135 ], [ -71.5420224, 41.1653166 ], [ -71.542219, 41.1652735 ], [ -71.5422243, 41.1654579 ], [ -71.5424983, 41.1658426 ], [ -71.5426784, 41.1662726 ], [ -71.5426724, 41.1663206 ], [ -71.5425257, 41.1663226 ], [ -71.5424802, 41.1663554 ], [ -71.5425458, 41.1664417 ], [ -71.5425381, 41.1665635 ], [ -71.54265, 41.1666736 ], [ -71.5425487, 41.1667922 ], [ -71.5427473, 41.1668816 ], [ -71.5427681, 41.1670181 ], [ -71.5428332, 41.1671076 ], [ -71.5431844, 41.1673669 ], [ -71.5434017, 41.1674789 ], [ -71.5434305, 41.1676458 ], [ -71.5435692, 41.1678935 ], [ -71.5439355, 41.1679333 ], [ -71.5441873, 41.1680483 ], [ -71.544391, 41.167994 ], [ -71.5445756, 41.1680764 ], [ -71.5446788, 41.1680783 ], [ -71.545038, 41.1679734 ], [ -71.5453585, 41.16783 ], [ -71.545758, 41.1678087 ], [ -71.5459198, 41.1677665 ], [ -71.5460727, 41.1676715 ], [ -71.5463072, 41.1674204 ], [ -71.5467187, 41.167246 ], [ -71.5470323, 41.1673434 ], [ -71.5472504, 41.1671599 ], [ -71.5474433, 41.1671298 ], [ -71.5475819, 41.167168 ], [ -71.5480029, 41.1676536 ], [ -71.5480175, 41.1677606 ], [ -71.5479412, 41.1681453 ], [ -71.5479785, 41.1683364 ], [ -71.5480792, 41.1683392 ], [ -71.548195, 41.1681777 ], [ -71.548254, 41.1681602 ], [ -71.5483085, 41.1681922 ], [ -71.548258, 41.1682831 ], [ -71.5482982, 41.1683488 ], [ -71.5486322, 41.1682812 ], [ -71.5487265, 41.168318 ], [ -71.5487632, 41.168371 ], [ -71.54881, 41.168635 ], [ -71.5487767, 41.168759 ], [ -71.5486475, 41.1688259 ], [ -71.5484031, 41.1688655 ], [ -71.5482369, 41.1689636 ], [ -71.5483556, 41.1692746 ], [ -71.5483195, 41.1693585 ], [ -71.5481812, 41.1694814 ], [ -71.548182, 41.1695271 ], [ -71.5484744, 41.1695217 ], [ -71.5485843, 41.1695604 ], [ -71.5489784, 41.1701878 ], [ -71.5492263, 41.1704122 ], [ -71.549493, 41.1709178 ], [ -71.5498311, 41.1717054 ], [ -71.5498855, 41.1718258 ], [ -71.55, 41.1718611 ], [ -71.55, 41.1726049 ], [ -71.55, 41.1738298 ], [ -71.55, 41.1739966 ], [ -71.55, 41.174434 ], [ -71.55, 41.1744368 ], [ -71.5496655, 41.173678 ], [ -71.5497183, 41.1733462 ], [ -71.5496462, 41.1731724 ], [ -71.5494225, 41.173049 ], [ -71.5489601, 41.1730867 ], [ -71.5492158, 41.1721239 ], [ -71.5477963, 41.1710281 ], [ -71.5471726, 41.1707212 ], [ -71.5462047, 41.1698945 ], [ -71.5458737, 41.1694992 ], [ -71.5447129, 41.1688314 ], [ -71.5442906, 41.1689896 ], [ -71.5438861, 41.1694298 ], [ -71.5436481, 41.1695309 ], [ -71.5432793, 41.169406 ], [ -71.542964, 41.1693525 ], [ -71.5428094, 41.1691621 ], [ -71.5425179, 41.1684602 ], [ -71.5422664, 41.1682254 ], [ -71.5422694, 41.1679508 ], [ -71.5417849, 41.1676938 ], [ -71.5414904, 41.1676347 ], [ -71.5410679, 41.1676639 ], [ -71.540973, 41.1675937 ], [ -71.5410096, 41.1674683 ], [ -71.5411698, 41.167428 ], [ -71.5414458, 41.167168 ], [ -71.5412811, 41.1668348 ], [ -71.5411832, 41.1660077 ], [ -71.5409715, 41.1657522 ], [ -71.5409925, 41.1654849 ], [ -71.5406605, 41.1649235 ], [ -71.5402436, 41.1646005 ], [ -71.5400261, 41.1640953 ], [ -71.5400712, 41.1638117 ], [ -71.5399894, 41.1635503 ], [ -71.5396652, 41.1628883 ], [ -71.539349, 41.1625079 ], [ -71.5393902, 41.1623347 ], [ -71.5396196, 41.1621149 ], [ -71.5397228, 41.1618722 ], [ -71.5401923, 41.1598959 ], [ -71.5403599, 41.1595596 ], [ -71.5403438, 41.1592063 ], [ -71.5404539, 41.158817 ], [ -71.5403937, 41.1585255 ], [ -71.5405659, 41.1580313 ], [ -71.5402788, 41.1577531 ], [ -71.5406088, 41.1575213 ], [ -71.540582, 41.1571077 ], [ -71.5406632, 41.1567664 ], [ -71.5408071, 41.1565368 ], [ -71.5406313, 41.1561847 ], [ -71.5407139, 41.1559045 ], [ -71.5406167, 41.1556201 ], [ -71.5406712, 41.1549902 ], [ -71.5408005, 41.1546273 ], [ -71.5411122, 41.1541581 ], [ -71.5408755, 41.153683 ], [ -71.5410217, 41.1533239 ], [ -71.5416443, 41.1530191 ], [ -71.5420789, 41.1529503 ], [ -71.5423018, 41.1525065 ], [ -71.5423085, 41.152312 ], [ -71.5425916, 41.1521947 ], [ -71.5426143, 41.1521653 ], [ -71.5425492, 41.1521067 ], [ -71.5425619, 41.1520579 ], [ -71.5429432, 41.1518685 ], [ -71.5431727, 41.1516323 ], [ -71.5436554, 41.1508259 ], [ -71.5439362, 41.1504547 ], [ -71.5444065, 41.1502501 ], [ -71.544725, 41.1499626 ], [ -71.5449465, 41.1498886 ], [ -71.5451125, 41.1497321 ], [ -71.5452073, 41.149692 ], [ -71.5453288, 41.1497074 ], [ -71.5452334, 41.1498589 ], [ -71.5453486, 41.1498982 ], [ -71.5456813, 41.1497964 ], [ -71.5460997, 41.1495888 ], [ -71.5463846, 41.1495298 ], [ -71.5467248, 41.1493491 ], [ -71.5470171, 41.1492729 ], [ -71.5470195, 41.1492451 ], [ -71.5469142, 41.1491893 ], [ -71.5469806, 41.1491098 ], [ -71.5475305, 41.1489873 ], [ -71.5477765, 41.1488883 ], [ -71.5481688, 41.1485141 ], [ -71.5488955, 41.1484558 ], [ -71.548978, 41.148407 ], [ -71.5491096, 41.1482252 ], [ -71.5492906, 41.1481246 ], [ -71.55, 41.1479044 ] ], [ [ -71.5468798, 41.1693141 ], [ -71.5467226, 41.1695042 ], [ -71.5467926, 41.1695914 ], [ -71.5471228, 41.1696251 ], [ -71.547359, 41.1697055 ], [ -71.5474378, 41.1696724 ], [ -71.5475348, 41.1695463 ], [ -71.5475891, 41.1694334 ], [ -71.5475672, 41.1693541 ], [ -71.5470874, 41.1692729 ], [ -71.5468798, 41.1693141 ] ], [ [ -71.5473606, 41.1681957 ], [ -71.5473935, 41.1682913 ], [ -71.5474793, 41.1682977 ], [ -71.5475388, 41.1682493 ], [ -71.5475374, 41.168199 ], [ -71.5474748, 41.1681664 ], [ -71.5473606, 41.1681957 ] ] ] } },
{ "type": "Feature", "properties": { "RCID": 132, "PRIM": 3, "GRUP": 1, "OBJL": 42, "RVER": 1, "AGEN": 550, "FIDN": 917715873, "FIDS": 8691, "LNAM": "022636B33BA121F3", "DRVAL1": 3.0, "DRVAL2": 5.0 }, "geometry": { "type": "Polygon", "coordinates": [ [ [ -71.55, 41.1494301 ], [ -71.55, 41.1495373 ], [ -71.55, 41.1496302 ], [ -71.5496724, 41.14955 ], [ -71.5495225, 41.1496642 ], [ -71.5491441, 41.1499712 ], [ -71.5484231, 41.1505637 ], [ -71.5474737, 41.1508635 ], [ -71.5468313, 41.151149 ], [ -71.5463102, 41.1510848 ], [ -71.545732, 41.1508635 ], [ -71.5449039, 41.150735 ], [ -71.5444257, 41.1509349 ], [ -71.5440901, 41.1513346 ], [ -71.5439402, 41.1518343 ], [ -71.5439831, 41.1524268 ], [ -71.5439902, 41.1529193 ], [ -71.5436119, 41.1534047 ], [ -71.5431479, 41.1539901 ], [ -71.543105, 41.1543756 ], [ -71.5433049, 41.1549823 ], [ -71.5435262, 41.1553821 ], [ -71.543462, 41.1556176 ], [ -71.5432844, 41.1558845 ], [ -71.5428996, 41.1561446 ], [ -71.5426248, 41.1561649 ], [ -71.5425443, 41.1562318 ], [ -71.5425761, 41.1563639 ], [ -71.5427354, 41.1565014 ], [ -71.5432145, 41.1564944 ], [ -71.5433423, 41.1565367 ], [ -71.5433994, 41.1565945 ], [ -71.5433097, 41.1568569 ], [ -71.5431914, 41.1569603 ], [ -71.5431668, 41.1573135 ], [ -71.5432321, 41.1576144 ], [ -71.5432176, 41.1576819 ], [ -71.5430731, 41.1573996 ], [ -71.5429984, 41.1573856 ], [ -71.5429503, 41.1574545 ], [ -71.5429605, 41.1576996 ], [ -71.5430332, 41.157842 ], [ -71.5430435, 41.158241 ], [ -71.5429853, 41.1583405 ], [ -71.5427884, 41.1585002 ], [ -71.5428789, 41.1585553 ], [ -71.5433816, 41.1585609 ], [ -71.543506, 41.1586388 ], [ -71.5435204, 41.1587428 ], [ -71.5436174, 41.1588444 ], [ -71.5434215, 41.1589403 ], [ -71.5429327, 41.1590215 ], [ -71.5428043, 41.1593515 ], [ -71.5426905, 41.1594271 ], [ -71.5427409, 41.1595353 ], [ -71.5423621, 41.1596085 ], [ -71.542206, 41.1596969 ], [ -71.5420771, 41.159883 ], [ -71.5419461, 41.1603292 ], [ -71.5415288, 41.160764 ], [ -71.5414081, 41.1609766 ], [ -71.5414086, 41.1611992 ], [ -71.5415088, 41.1614388 ], [ -71.5418955, 41.1618969 ], [ -71.5418479, 41.1623133 ], [ -71.5415613, 41.1627079 ], [ -71.541391, 41.1627849 ], [ -71.5413937, 41.1628392 ], [ -71.5414734, 41.1628904 ], [ -71.5414794, 41.1629692 ], [ -71.5415666, 41.1631209 ], [ -71.5412538, 41.1635161 ], [ -71.5412522, 41.1636252 ], [ -71.5413072, 41.1637483 ], [ -71.5414185, 41.1638283 ], [ -71.5417777, 41.1638313 ], [ -71.5419517, 41.1638979 ], [ -71.542252, 41.1641874 ], [ -71.5423374, 41.1641783 ], [ -71.5424603, 41.1640665 ], [ -71.5425177, 41.1640721 ], [ -71.5424861, 41.1641581 ], [ -71.5425065, 41.1642197 ], [ -71.5428659, 41.1644659 ], [ -71.5429409, 41.1647766 ], [ -71.5430235, 41.1648577 ], [ -71.543172, 41.1649223 ], [ -71.5434168, 41.1653395 ], [ -71.5434217, 41.1654025 ], [ -71.5433574, 41.1655066 ], [ -71.5431314, 41.1656643 ], [ -71.5431126, 41.1657219 ], [ -71.543384, 41.1659516 ], [ -71.5434735, 41.1665461 ], [ -71.5436271, 41.1667891 ], [ -71.5437668, 41.1668122 ], [ -71.5441037, 41.1667081 ], [ -71.5443015, 41.1667441 ], [ -71.544412, 41.1668343 ], [ -71.5444531, 41.1670818 ], [ -71.5446759, 41.1671784 ], [ -71.5447274, 41.1671298 ], [ -71.5446585, 41.1670203 ], [ -71.5446415, 41.1669057 ], [ -71.5447023, 41.1667868 ], [ -71.5449666, 41.1667052 ], [ -71.5452669, 41.1667388 ], [ -71.5453252, 41.1667907 ], [ -71.5451299, 41.1673129 ], [ -71.5451719, 41.1673784 ], [ -71.5452782, 41.167278 ], [ -71.5454639, 41.1668421 ], [ -71.5455892, 41.1668002 ], [ -71.5458078, 41.1668567 ], [ -71.5461166, 41.1673265 ], [ -71.5461681, 41.1673584 ], [ -71.5462529, 41.1673466 ], [ -71.5466032, 41.1671534 ], [ -71.547122, 41.1669773 ], [ -71.5474598, 41.1669773 ], [ -71.5477549, 41.1670867 ], [ -71.5482128, 41.1676149 ], [ -71.5482967, 41.1676409 ], [ -71.5486258, 41.1676281 ], [ -71.5490468, 41.1679508 ], [ -71.5492675, 41.1679688 ], [ -71.5495034, 41.167913 ], [ -71.5495691, 41.1680583 ], [ -71.5497327, 41.1680208 ], [ -71.549829, 41.1680821 ], [ -71.5498405, 41.168116 ], [ -71.5497326, 41.1681845 ], [ -71.5496836, 41.1685431 ], [ -71.5495206, 41.1687625 ], [ -71.5495062, 41.1688984 ], [ -71.5495659, 41.1690446 ], [ -71.5497368, 41.1692365 ], [ -71.5498842, 41.169489 ], [ -71.5499637, 41.1694872 ], [ -71.55, 41.1693278 ], [ -71.55, 41.1694702 ], [ -71.55, 41.1695497 ], [ -71.55, 41.1708878 ], [ -71.55, 41.1710105 ], [ -71.55, 41.171011 ], [ -71.55, 41.1713799 ], [ -71.55, 41.171602 ], [ -71.55, 41.1716024 ], [ -71.55, 41.1716527 ], [ -71.55, 41.171841 ], [ -71.55, 41.1718608 ], [ -71.55, 41.1718611 ], [ -71.5498855, 41.1718258 ], [ -71.5498311, 41.1717054 ], [ -71.549493, 41.1709178 ], [ -71.5492263, 41.1704122 ], [ -71.5489784, 41.1701878 ], [ -71.5485843, 41.1695604 ], [ -71.5484744, 41.1695217 ], [ -71.548182, 41.1695271 ], [ -71.5481812, 41.1694814 ], [ -71.5483195, 41.1693585 ], [ -71.5483556, 41.1692746 ], [ -71.5482369, 41.1689636 ], [ -71.5484031, 41.1688655 ], [ -71.5486475, 41.1688259 ], [ -71.5487767, 41.168759 ], [ -71.54881, 41.168635 ], [ -71.5487632, 41.168371 ], [ -71.5487265, 41.168318 ], [ -71.5486322, 41.1682812 ], [ -71.5482982, 41.1683488 ], [ -71.548258, 41.1682831 ], [ -71.5483085, 41.1681922 ], [ -71.548254, 41.1681602 ], [ -71.548195, 41.1681777 ], [ -71.5480792, 41.1683392 ], [ -71.5479785, 41.1683364 ], [ -71.5479412, 41.1681453 ], [ -71.5480175, 41.1677606 ], [ -71.5480029, 41.1676536 ], [ -71.5475819, 41.167168 ], [ -71.5474433, 41.1671298 ], [ -71.5472504, 41.1671599 ], [ -71.5470323, 41.1673434 ], [ -71.5467187, 41.167246 ], [ -71.5463072, 41.1674204 ], [ -71.5460727, 41.1676715 ], [ -71.5459198, 41.1677665 ], [ -71.545758, 41.1678087 ], [ -71.5453585, 41.16783 ], [ -71.545038, 41.1679734 ], [ -71.5446788, 41.1680783 ], [ -71.5445756, 41.1680764 ], [ -71.544391, 41.167994 ], [ -71.5441873, 41.1680483 ], [ -71.5439355, 41.1679333 ], [ -71.5435692, 41.1678935 ], [ -71.5434305, 41.1676458 ], [ -71.5434017, 41.1674789 ], [ -71.5431844, 41.1673669 ], [ -71.5428332, 41.1671076 ], [ -71.5427681, 41.1670181 ], [ -71.5427473, 41.1668816 ], [ -71.5425487, 41.1667922 ], [ -71.54265, 41.1666736 ], [ -71.5425381, 41.1665635 ], [ -71.5425458, 41.1664417 ], [ -71.5424802, 41.1663554 ], [ -71.5425257, 41.1663226 ], [ -71.5426724, 41.1663206 ], [ -71.5426784, 41.1662726 ], [ -71.5424983, 41.1658426 ], [ -71.5422243, 41.1654579 ], [ -71.542219, 41.1652735 ], [ -71.5420224, 41.1653166 ], [ -71.5418966, 41.1652135 ], [ -71.5418778, 41.1649382 ], [ -71.5419501, 41.1647975 ], [ -71.5419, 41.1645278 ], [ -71.5418384, 41.164471 ], [ -71.5413497, 41.1642536 ], [ -71.5413113, 41.1641432 ], [ -71.5413389, 41.1639302 ], [ -71.5412841, 41.1638999 ], [ -71.5411508, 41.1639065 ], [ -71.5410771, 41.1638524 ], [ -71.5410315, 41.1633481 ], [ -71.5408885, 41.1632277 ], [ -71.5407074, 41.1631596 ], [ -71.5406395, 41.1630732 ], [ -71.5406306, 41.1629866 ], [ -71.540695, 41.1628243 ], [ -71.5407386, 41.1625241 ], [ -71.5408353, 41.1624363 ], [ -71.5409837, 41.1623977 ], [ -71.5408574, 41.1623038 ], [ -71.5405873, 41.1623402 ], [ -71.5404866, 41.1622733 ], [ -71.5405393, 41.1621598 ], [ -71.5408561, 41.1619298 ], [ -71.5409618, 41.161734 ], [ -71.5410285, 41.1614693 ], [ -71.5409954, 41.1613488 ], [ -71.5407423, 41.1611398 ], [ -71.5407516, 41.16106 ], [ -71.5409418, 41.160833 ], [ -71.5407746, 41.1605885 ], [ -71.5408943, 41.1605522 ], [ -71.5411254, 41.1606418 ], [ -71.5411632, 41.1605541 ], [ -71.5413503, 41.160369 ], [ -71.5414884, 41.1601165 ], [ -71.5415451, 41.1599193 ], [ -71.541447, 41.1596416 ], [ -71.5415156, 41.159401 ], [ -71.5413957, 41.1592457 ], [ -71.5413842, 41.1591635 ], [ -71.5414911, 41.159092 ], [ -71.541863, 41.158997 ], [ -71.5420797, 41.1587376 ], [ -71.541887, 41.1585594 ], [ -71.5416691, 41.1584311 ], [ -71.5416292, 41.1583677 ], [ -71.5416786, 41.1583121 ], [ -71.5420061, 41.1582788 ], [ -71.5420845, 41.1581615 ], [ -71.5420654, 41.158038 ], [ -71.5418771, 41.1577895 ], [ -71.5415596, 41.1575835 ], [ -71.5415149, 41.1575161 ], [ -71.5415372, 41.1574664 ], [ -71.5416236, 41.1574542 ], [ -71.5419121, 41.1576419 ], [ -71.5420217, 41.1576475 ], [ -71.5421836, 41.1575095 ], [ -71.5420792, 41.1573211 ], [ -71.5421542, 41.1571785 ], [ -71.5423813, 41.1570895 ], [ -71.5421793, 41.1569648 ], [ -71.5420011, 41.1566847 ], [ -71.5420243, 41.1565968 ], [ -71.5422796, 41.15644 ], [ -71.5423213, 41.1563715 ], [ -71.5422876, 41.1562721 ], [ -71.5420278, 41.156024 ], [ -71.5422981, 41.1559864 ], [ -71.5422401, 41.1558714 ], [ -71.5422546, 41.1557705 ], [ -71.5422188, 41.1556885 ], [ -71.542274, 41.1556123 ], [ -71.5424507, 41.1555655 ], [ -71.5426641, 41.1556774 ], [ -71.5426218, 41.1555375 ], [ -71.5426523, 41.1554875 ], [ -71.5428984, 41.1555708 ], [ -71.5429614, 41.1555443 ], [ -71.5429958, 41.1553572 ], [ -71.5428954, 41.1551517 ], [ -71.5430329, 41.1550417 ], [ -71.5428448, 41.1545575 ], [ -71.5427809, 41.1542734 ], [ -71.5428021, 41.1541472 ], [ -71.5430402, 41.1537947 ], [ -71.5430392, 41.1536823 ], [ -71.5432354, 41.1536273 ], [ -71.5433641, 41.153541 ], [ -71.5433764, 41.1533913 ], [ -71.5434932, 41.1532527 ], [ -71.5436219, 41.1531683 ], [ -71.5436586, 41.1530381 ], [ -71.543669, 41.1522697 ], [ -71.543826, 41.1514274 ], [ -71.5441044, 41.1509991 ], [ -71.5448111, 41.1505922 ], [ -71.5468741, 41.1497213 ], [ -71.5475665, 41.1492788 ], [ -71.5488158, 41.1489504 ], [ -71.5492976, 41.1491075 ], [ -71.5493144, 41.1491005 ], [ -71.5493347, 41.1490987 ], [ -71.5493561, 41.1491014 ], [ -71.5493806, 41.1491089 ], [ -71.5494076, 41.149122 ], [ -71.5494309, 41.1491369 ], [ -71.5494837, 41.1491772 ], [ -71.5496922, 41.149352 ], [ -71.5497573, 41.1494111 ], [ -71.5497894, 41.149436 ], [ -71.5498116, 41.1494503 ], [ -71.5498969, 41.1494746 ], [ -71.5499447, 41.1494725 ], [ -71.5499769, 41.1494546 ], [ -71.55, 41.1494301 ] ], [ [ -71.542629, 41.1559883 ], [ -71.5423288, 41.1557938 ], [ -71.5422556, 41.1556865 ], [ -71.5422934, 41.155636 ], [ -71.5424419, 41.1555926 ], [ -71.5427545, 41.1557484 ], [ -71.5427959, 41.1558038 ], [ -71.5427863, 41.155894 ], [ -71.5427261, 41.1559694 ], [ -71.542629, 41.1559883 ] ], [ [ -71.547612, 41.1494102 ], [ -71.5476519, 41.1495082 ], [ -71.5477385, 41.1494825 ], [ -71.5477024, 41.1493759 ], [ -71.547612, 41.1494102 ] ], [ [ -71.5443891, 41.1678948 ], [ -71.5444602, 41.167833 ], [ -71.5446064, 41.1678651 ], [ -71.5446236, 41.1679335 ], [ -71.5445224, 41.1680088 ], [ -71.5444448, 41.1680003 ], [ -71.5443891, 41.1678948 ] ] ] } },
{ "type": "Feature", "properties": { "RCID": 133, "PRIM": 3, "GRUP": 1, "OBJL": 42, "RVER": 1, "AGEN": 550, "FIDN": 848735551, "FIDS": 8691, "LNAM": "02263296AD3F21F3", "DRVAL1": 0.0, "DRVAL2": 2.0 }, "geometry": { "type": "Polygon", "coordinates": [ [ [ -71.55, 41.1496849 ], [ -71.55, 41.1502148 ], [ -71.55, 41.1503052 ], [ -71.55, 41.1503555 ], [ -71.55, 41.1504636 ], [ -71.55, 41.1504842 ], [ -71.55, 41.1504877 ], [ -71.55, 41.1504879 ], [ -71.55, 41.1505131 ], [ -71.55, 41.1512221 ], [ -71.55, 41.1513246 ], [ -71.55, 41.1517091 ], [ -71.55, 41.1517535 ], [ -71.5498762, 41.151926 ], [ -71.5496, 41.1521788 ], [ -71.5492843, 41.1522417 ], [ -71.5491215, 41.1523816 ], [ -71.5487185, 41.1524367 ], [ -71.5487067, 41.1525021 ], [ -71.5488236, 41.1526831 ], [ -71.5488546, 41.1528143 ], [ -71.5484944, 41.1529045 ], [ -71.5483175, 41.1532752 ], [ -71.5480526, 41.1531441 ], [ -71.5479847, 41.1528952 ], [ -71.5477904, 41.1528656 ], [ -71.5476829, 41.1529248 ], [ -71.54761, 41.1530187 ], [ -71.5475114, 41.1534122 ], [ -71.5470933, 41.1532345 ], [ -71.5469919, 41.1532274 ], [ -71.5465799, 41.153708 ], [ -71.5464702, 41.1536298 ], [ -71.5463124, 41.1536214 ], [ -71.5459032, 41.1538654 ], [ -71.545906, 41.1539525 ], [ -71.5460762, 41.154097 ], [ -71.546107, 41.154185 ], [ -71.5460374, 41.1545332 ], [ -71.5458507, 41.1545544 ], [ -71.5458589, 41.1546684 ], [ -71.5456935, 41.1547587 ], [ -71.5457624, 41.1553032 ], [ -71.5458563, 41.1554602 ], [ -71.5461948, 41.1556254 ], [ -71.546314, 41.1558574 ], [ -71.5462715, 41.1560597 ], [ -71.545934, 41.1564639 ], [ -71.5456641, 41.1566113 ], [ -71.5455383, 41.1566469 ], [ -71.5454355, 41.1567251 ], [ -71.5450319, 41.1566929 ], [ -71.5450105, 41.1567614 ], [ -71.545109, 41.1569512 ], [ -71.545085, 41.1570478 ], [ -71.5450068, 41.1570999 ], [ -71.5448283, 41.1571161 ], [ -71.5447129, 41.1571711 ], [ -71.5446956, 41.1571715 ], [ -71.5446238, 41.1571731 ], [ -71.5445959, 41.1571954 ], [ -71.5446116, 41.1572313 ], [ -71.5446612, 41.1572737 ], [ -71.5447301, 41.1573193 ], [ -71.5447849, 41.1573724 ], [ -71.54484, 41.1574328 ], [ -71.5448519, 41.1574628 ], [ -71.5448471, 41.1575134 ], [ -71.5448338, 41.1575651 ], [ -71.5448072, 41.1576203 ], [ -71.5448015, 41.1576495 ], [ -71.5448067, 41.1576878 ], [ -71.5448352, 41.1577493 ], [ -71.5448413, 41.1577785 ], [ -71.5448396, 41.1578044 ], [ -71.5448323, 41.1578312 ], [ -71.5448014, 41.1578897 ], [ -71.5447712, 41.1579366 ], [ -71.5446735, 41.1580655 ], [ -71.544646, 41.1581077 ], [ -71.544634, 41.1581398 ], [ -71.5446346, 41.158172 ], [ -71.544641, 41.1581905 ], [ -71.5446515, 41.1582083 ], [ -71.544668, 41.1582275 ], [ -71.5446887, 41.1582453 ], [ -71.5447487, 41.1582842 ], [ -71.5448801, 41.1583537 ], [ -71.5449255, 41.1583734 ], [ -71.5449497, 41.1583803 ], [ -71.5449728, 41.1583838 ], [ -71.5449735, 41.1583838 ], [ -71.5449692, 41.1584191 ], [ -71.5449779, 41.1585204 ], [ -71.5449834, 41.1585641 ], [ -71.5449575, 41.1585868 ], [ -71.5449478, 41.158601 ], [ -71.544943, 41.1586159 ], [ -71.5449448, 41.1586355 ], [ -71.5449528, 41.1586498 ], [ -71.5449645, 41.1586602 ], [ -71.5449767, 41.1586664 ], [ -71.5449929, 41.1586708 ], [ -71.5449993, 41.1586712 ], [ -71.5450099, 41.1587262 ], [ -71.5450291, 41.1587433 ], [ -71.5450095, 41.1587623 ], [ -71.544996, 41.1587823 ], [ -71.5449899, 41.1588028 ], [ -71.544991, 41.1588284 ], [ -71.545004, 41.1588629 ], [ -71.5450309, 41.1589001 ], [ -71.5450588, 41.1589255 ], [ -71.5451185, 41.1589655 ], [ -71.5451418, 41.1589886 ], [ -71.5451526, 41.1590036 ], [ -71.5451525, 41.1590037 ], [ -71.5451318, 41.1590519 ], [ -71.5451205, 41.1591078 ], [ -71.5451377, 41.1591799 ], [ -71.5451967, 41.1592185 ], [ -71.5452262, 41.1592128 ], [ -71.5452528, 41.1592386 ], [ -71.5452578, 41.1592522 ], [ -71.5452567, 41.1592604 ], [ -71.5452501, 41.1592716 ], [ -71.5452038, 41.1593086 ], [ -71.5451787, 41.1593362 ], [ -71.545129, 41.1594144 ], [ -71.5450462, 41.1595332 ], [ -71.5450193, 41.1595756 ], [ -71.5450047, 41.1596044 ], [ -71.5449943, 41.1596342 ], [ -71.5449881, 41.1596649 ], [ -71.5449854, 41.159696 ], [ -71.5449894, 41.1597581 ], [ -71.5449987, 41.1597969 ], [ -71.5450141, 41.1598347 ], [ -71.5450491, 41.1598903 ], [ -71.5450782, 41.1599236 ], [ -71.545129, 41.1599684 ], [ -71.545136, 41.1599776 ], [ -71.5451435, 41.1599958 ], [ -71.5451461, 41.1600169 ], [ -71.5451447, 41.1600402 ], [ -71.5451308, 41.1600931 ], [ -71.5451048, 41.1601507 ], [ -71.5450709, 41.160208 ], [ -71.5450302, 41.1602616 ], [ -71.5450068, 41.1602858 ], [ -71.5449275, 41.1603497 ], [ -71.5448906, 41.1603865 ], [ -71.5447722, 41.1605486 ], [ -71.5447052, 41.1606293 ], [ -71.5446352, 41.1607047 ], [ -71.5445917, 41.1607437 ], [ -71.5445485, 41.1607757 ], [ -71.5444994, 41.1608038 ], [ -71.5444697, 41.1608163 ], [ -71.5444408, 41.1608248 ], [ -71.5444137, 41.1608283 ], [ -71.5443894, 41.1608256 ], [ -71.5443689, 41.1608159 ], [ -71.5443505, 41.1607996 ], [ -71.5443349, 41.1607775 ], [ -71.5443126, 41.1607225 ], [ -71.5442981, 41.1606608 ], [ -71.5442834, 41.1605733 ], [ -71.5442611, 41.1605008 ], [ -71.5442482, 41.1604812 ], [ -71.5442297, 41.1604658 ], [ -71.5441985, 41.1604541 ], [ -71.5441763, 41.1604517 ], [ -71.5441473, 41.1604542 ], [ -71.5441136, 41.1604641 ], [ -71.5439269, 41.1605528 ], [ -71.5438545, 41.1605784 ], [ -71.5437994, 41.160591 ], [ -71.5435955, 41.1606294 ], [ -71.543523, 41.1606487 ], [ -71.5434908, 41.160661 ], [ -71.5434543, 41.1606819 ], [ -71.543428, 41.1607091 ], [ -71.5434109, 41.1607456 ], [ -71.5434018, 41.1607911 ], [ -71.5433996, 41.1608771 ], [ -71.5434078, 41.160934 ], [ -71.5434242, 41.160981 ], [ -71.5434378, 41.1610036 ], [ -71.5434519, 41.1610209 ], [ -71.5434781, 41.1610434 ], [ -71.5435166, 41.161065 ], [ -71.5436753, 41.1611248 ], [ -71.54374, 41.1611543 ], [ -71.5437712, 41.1611745 ], [ -71.5437938, 41.1611954 ], [ -71.5438127, 41.1612216 ], [ -71.5438237, 41.1612441 ], [ -71.5438719, 41.1613815 ], [ -71.5439059, 41.1614438 ], [ -71.543907, 41.1614466 ], [ -71.5439079, 41.1614717 ], [ -71.5439088, 41.1614932 ], [ -71.543881, 41.1615547 ], [ -71.5438739, 41.1615789 ], [ -71.5438685, 41.1616179 ], [ -71.5438705, 41.1616477 ], [ -71.5438818, 41.1617079 ], [ -71.5438884, 41.1617945 ], [ -71.5438945, 41.1618135 ], [ -71.5439054, 41.1618318 ], [ -71.543921, 41.1618482 ], [ -71.5439405, 41.1618623 ], [ -71.5440394, 41.1619165 ], [ -71.5441467, 41.1619882 ], [ -71.5443486, 41.1621095 ], [ -71.544414, 41.162152 ], [ -71.5444735, 41.1621969 ], [ -71.5445, 41.1622204 ], [ -71.5445466, 41.1622706 ], [ -71.5445706, 41.1623062 ], [ -71.5445905, 41.1623467 ], [ -71.5445971, 41.162367 ], [ -71.5446009, 41.1623897 ], [ -71.5446004, 41.1624122 ], [ -71.5445937, 41.1624391 ], [ -71.5445532, 41.1625376 ], [ -71.5445447, 41.1625765 ], [ -71.5445439, 41.162607 ], [ -71.5445507, 41.1626404 ], [ -71.5445784, 41.1627207 ], [ -71.5445955, 41.1627979 ], [ -71.5446076, 41.1628262 ], [ -71.544624, 41.1628512 ], [ -71.5446462, 41.1628745 ], [ -71.5447122, 41.1629289 ], [ -71.5447888, 41.1630069 ], [ -71.5448173, 41.1630312 ], [ -71.544862, 41.1630575 ], [ -71.5449447, 41.1630906 ], [ -71.544973, 41.1630962 ], [ -71.5450002, 41.1630948 ], [ -71.5450209, 41.1630874 ], [ -71.5450404, 41.1630716 ], [ -71.5450494, 41.1630541 ], [ -71.5450503, 41.1630372 ], [ -71.5450311, 41.1629874 ], [ -71.5450341, 41.1629788 ], [ -71.5450434, 41.162973 ], [ -71.5450564, 41.1629711 ], [ -71.5450679, 41.1629722 ], [ -71.5451154, 41.1629861 ], [ -71.5451748, 41.1630119 ], [ -71.5452053, 41.1630283 ], [ -71.5452348, 41.163047 ], [ -71.545262, 41.1630682 ], [ -71.5452853, 41.1630915 ], [ -71.5453229, 41.1631438 ], [ -71.5453488, 41.1632015 ], [ -71.5453648, 41.1632771 ], [ -71.5453719, 41.1633735 ], [ -71.5453682, 41.1634446 ], [ -71.545353, 41.1635504 ], [ -71.5453293, 41.1636519 ], [ -71.5453103, 41.1637003 ], [ -71.5452468, 41.1638309 ], [ -71.5452345, 41.1638515 ], [ -71.5452172, 41.163873 ], [ -71.5451967, 41.1638921 ], [ -71.545173, 41.1639082 ], [ -71.545146, 41.1639207 ], [ -71.5451106, 41.1639298 ], [ -71.5450719, 41.1639344 ], [ -71.5449884, 41.1639348 ], [ -71.5448264, 41.1639266 ], [ -71.5447827, 41.1639289 ], [ -71.544738, 41.163936 ], [ -71.5446866, 41.16395 ], [ -71.5446525, 41.163962 ], [ -71.5445876, 41.1639895 ], [ -71.5445359, 41.1640157 ], [ -71.544453, 41.1640642 ], [ -71.5444317, 41.1640732 ], [ -71.5444205, 41.1640716 ], [ -71.5444135, 41.1640662 ], [ -71.5443943, 41.1640299 ], [ -71.544377, 41.164011 ], [ -71.5443532, 41.1639965 ], [ -71.5443313, 41.1639895 ], [ -71.5443074, 41.1639883 ], [ -71.5442851, 41.1639938 ], [ -71.5442653, 41.1640058 ], [ -71.5442504, 41.1640214 ], [ -71.5442385, 41.1640401 ], [ -71.5442269, 41.1640715 ], [ -71.5442167, 41.1641565 ], [ -71.5442094, 41.1641859 ], [ -71.5441753, 41.1642696 ], [ -71.544137, 41.1643323 ], [ -71.5440087, 41.1645106 ], [ -71.5439757, 41.1645658 ], [ -71.5439601, 41.1646033 ], [ -71.5439545, 41.164629 ], [ -71.5439526, 41.1646554 ], [ -71.543958, 41.1647059 ], [ -71.543979, 41.1647729 ], [ -71.5440061, 41.1648288 ], [ -71.5440391, 41.1648802 ], [ -71.5440624, 41.1649079 ], [ -71.5440872, 41.1649309 ], [ -71.5441416, 41.1649725 ], [ -71.5441574, 41.1649911 ], [ -71.5441992, 41.1650708 ], [ -71.5442263, 41.16511 ], [ -71.5442493, 41.1651315 ], [ -71.5442733, 41.1651462 ], [ -71.5443071, 41.1651595 ], [ -71.5444007, 41.1651866 ], [ -71.5444444, 41.1651928 ], [ -71.5445258, 41.1651977 ], [ -71.5445542, 41.1652014 ], [ -71.5445722, 41.1652099 ], [ -71.544618, 41.1652446 ], [ -71.5446419, 41.1652571 ], [ -71.544669, 41.1652659 ], [ -71.5447134, 41.1652713 ], [ -71.5448246, 41.1652667 ], [ -71.5448784, 41.1652693 ], [ -71.5449015, 41.165273 ], [ -71.5449328, 41.1652855 ], [ -71.5449658, 41.1653003 ], [ -71.5449943, 41.1653133 ], [ -71.5450166, 41.1653335 ], [ -71.5450322, 41.1653566 ], [ -71.5450393, 41.1653807 ], [ -71.5450408, 41.1654067 ], [ -71.5450382, 41.1654339 ], [ -71.5450118, 41.1655477 ], [ -71.545008, 41.1655803 ], [ -71.5450102, 41.1655993 ], [ -71.5450161, 41.1656152 ], [ -71.5450284, 41.1656315 ], [ -71.5450444, 41.1656422 ], [ -71.5450716, 41.1656489 ], [ -71.5451075, 41.1656464 ], [ -71.5451459, 41.1656362 ], [ -71.545282, 41.1655915 ], [ -71.5453559, 41.1655728 ], [ -71.5453924, 41.1655662 ], [ -71.5454429, 41.165562 ], [ -71.5454902, 41.1655644 ], [ -71.5455318, 41.1655736 ], [ -71.5455608, 41.1655878 ], [ -71.5455716, 41.1655982 ], [ -71.5455776, 41.1656093 ], [ -71.5455861, 41.1656608 ], [ -71.5455951, 41.1656792 ], [ -71.5456057, 41.1656926 ], [ -71.5456204, 41.165705 ], [ -71.5456411, 41.1657158 ], [ -71.5457129, 41.165733 ], [ -71.5457379, 41.1657454 ], [ -71.5457661, 41.1657735 ], [ -71.5457943, 41.1658254 ], [ -71.5457971, 41.1658414 ], [ -71.545795, 41.16585 ], [ -71.5457888, 41.1658578 ], [ -71.5457749, 41.1658645 ], [ -71.5457182, 41.1658777 ], [ -71.5456853, 41.1658901 ], [ -71.5456659, 41.1659064 ], [ -71.5456591, 41.1659269 ], [ -71.5456632, 41.1659442 ], [ -71.5456708, 41.1659562 ], [ -71.5456835, 41.1659685 ], [ -71.5457053, 41.1659815 ], [ -71.5457612, 41.1660061 ], [ -71.5457755, 41.166019 ], [ -71.5458274, 41.1661048 ], [ -71.5458298, 41.1661211 ], [ -71.5458245, 41.1661346 ], [ -71.545775, 41.1661737 ], [ -71.5457651, 41.166186 ], [ -71.5457604, 41.1661973 ], [ -71.5457605, 41.1662137 ], [ -71.5457672, 41.1662277 ], [ -71.5457799, 41.1662399 ], [ -71.545797, 41.1662486 ], [ -71.5458301, 41.1662548 ], [ -71.5458748, 41.1662526 ], [ -71.5459593, 41.1662364 ], [ -71.5460714, 41.1662097 ], [ -71.5461081, 41.1662061 ], [ -71.5461377, 41.1662103 ], [ -71.5461863, 41.1662283 ], [ -71.546263, 41.166263 ], [ -71.5462976, 41.1662878 ], [ -71.5463676, 41.1663518 ], [ -71.5463971, 41.1663678 ], [ -71.5464224, 41.166374 ], [ -71.5464483, 41.1663742 ], [ -71.54647, 41.1663705 ], [ -71.5465408, 41.1663508 ], [ -71.546566, 41.1663498 ], [ -71.5465844, 41.1663525 ], [ -71.5466025, 41.1663577 ], [ -71.5466248, 41.1663679 ], [ -71.5466867, 41.1664139 ], [ -71.5467093, 41.1664275 ], [ -71.5467321, 41.1664352 ], [ -71.5467559, 41.1664366 ], [ -71.5467823, 41.1664302 ], [ -71.5468081, 41.1664149 ], [ -71.5468265, 41.1663966 ], [ -71.5468524, 41.1663596 ], [ -71.5468781, 41.1663305 ], [ -71.5468975, 41.1663159 ], [ -71.5469249, 41.1663016 ], [ -71.5469563, 41.16629 ], [ -71.5470854, 41.1662546 ], [ -71.5471927, 41.1662121 ], [ -71.5472551, 41.1661929 ], [ -71.5473312, 41.1661771 ], [ -71.5473813, 41.1661716 ], [ -71.5474255, 41.1661699 ], [ -71.5474802, 41.1661744 ], [ -71.5476222, 41.1662017 ], [ -71.5476654, 41.1662079 ], [ -71.5477027, 41.166208 ], [ -71.5477369, 41.1661999 ], [ -71.547765, 41.1661837 ], [ -71.5477799, 41.1661693 ], [ -71.5477887, 41.1661525 ], [ -71.5477897, 41.1661349 ], [ -71.5477838, 41.1661197 ], [ -71.5477664, 41.1661001 ], [ -71.5477483, 41.1660885 ], [ -71.5477134, 41.1660729 ], [ -71.5477116, 41.166069 ], [ -71.5477139, 41.1660606 ], [ -71.5477225, 41.1660505 ], [ -71.5477399, 41.1660379 ], [ -71.5477913, 41.1660123 ], [ -71.547852, 41.1659895 ], [ -71.5479011, 41.1659761 ], [ -71.5479505, 41.1659707 ], [ -71.5479726, 41.1659729 ], [ -71.5479919, 41.1659795 ], [ -71.5480097, 41.1659914 ], [ -71.548033, 41.1660157 ], [ -71.5480604, 41.1660539 ], [ -71.5481575, 41.1662196 ], [ -71.5481683, 41.1662323 ], [ -71.5481927, 41.1662513 ], [ -71.5482133, 41.1662596 ], [ -71.5482324, 41.1662627 ], [ -71.5482695, 41.1662594 ], [ -71.5483149, 41.1662441 ], [ -71.5483591, 41.1662229 ], [ -71.548526, 41.1661341 ], [ -71.5486037, 41.1661013 ], [ -71.5486449, 41.166087 ], [ -71.5487277, 41.1660639 ], [ -71.5487683, 41.1660554 ], [ -71.5488267, 41.1660482 ], [ -71.5488769, 41.1660496 ], [ -71.5489061, 41.1660567 ], [ -71.5489342, 41.1660682 ], [ -71.5489885, 41.1661 ], [ -71.5490729, 41.1661664 ], [ -71.5491185, 41.1662099 ], [ -71.5491377, 41.1662324 ], [ -71.5491629, 41.1662743 ], [ -71.5491691, 41.1662954 ], [ -71.5491724, 41.166358 ], [ -71.5491698, 41.1663874 ], [ -71.5491684, 41.1663925 ], [ -71.549157, 41.1663956 ], [ -71.5490855, 41.1664045 ], [ -71.5490693, 41.1664217 ], [ -71.5490343, 41.166421 ], [ -71.5490041, 41.1664245 ], [ -71.5489784, 41.1664313 ], [ -71.5489495, 41.1664434 ], [ -71.5489208, 41.1664597 ], [ -71.5488453, 41.1665089 ], [ -71.5488064, 41.1665405 ], [ -71.5487106, 41.1666298 ], [ -71.5486377, 41.1667011 ], [ -71.5486063, 41.1667358 ], [ -71.5485901, 41.1667602 ], [ -71.5485837, 41.1667809 ], [ -71.5485862, 41.1668023 ], [ -71.5485956, 41.1668163 ], [ -71.5486094, 41.1668251 ], [ -71.5486241, 41.1668287 ], [ -71.5486445, 41.1668285 ], [ -71.5486666, 41.1668233 ], [ -71.5487072, 41.1668052 ], [ -71.5488219, 41.1667367 ], [ -71.5488828, 41.1667069 ], [ -71.5489137, 41.1666963 ], [ -71.5489366, 41.1666912 ], [ -71.5489592, 41.1666886 ], [ -71.548984, 41.1666894 ], [ -71.5490342, 41.1666993 ], [ -71.5490924, 41.1667185 ], [ -71.5491816, 41.1667577 ], [ -71.5493162, 41.1668218 ], [ -71.5493801, 41.1668468 ], [ -71.5495218, 41.1668821 ], [ -71.5496176, 41.1669196 ], [ -71.5497232, 41.1669528 ], [ -71.5497577, 41.1669577 ], [ -71.5497918, 41.1669532 ], [ -71.5498236, 41.1669376 ], [ -71.549841, 41.1669225 ], [ -71.5498552, 41.1669046 ], [ -71.5498724, 41.1668716 ], [ -71.5499166, 41.1667655 ], [ -71.5499438, 41.1667116 ], [ -71.5499601, 41.1666859 ], [ -71.5499876, 41.1666413 ], [ -71.5499937, 41.1666125 ], [ -71.55, 41.1666101 ], [ -71.55, 41.1666343 ], [ -71.55, 41.1672207 ], [ -71.55, 41.1675128 ], [ -71.55, 41.1675584 ], [ -71.55, 41.1676692 ], [ -71.55, 41.1677564 ], [ -71.55, 41.1678032 ], [ -71.55, 41.167804 ], [ -71.55, 41.1679365 ], [ -71.55, 41.1679474 ], [ -71.55, 41.1679475 ], [ -71.55, 41.1682181 ], [ -71.55, 41.1682349 ], [ -71.55, 41.1683516 ], [ -71.55, 41.1685632 ], [ -71.55, 41.1685652 ], [ -71.55, 41.1686956 ], [ -71.55, 41.1690082 ], [ -71.55, 41.1691589 ], [ -71.55, 41.1692582 ], [ -71.5498351, 41.1692202 ], [ -71.5498256, 41.1684111 ], [ -71.5499018, 41.1681113 ], [ -71.5498542, 41.1679971 ], [ -71.549745, 41.1679001 ], [ -71.5494829, 41.1677241 ], [ -71.548069, 41.1672438 ], [ -71.5478025, 41.1669725 ], [ -71.5475169, 41.1669011 ], [ -71.5471838, 41.1669202 ], [ -71.5462796, 41.1671248 ], [ -71.5458323, 41.1667917 ], [ -71.5447312, 41.1665638 ], [ -71.5443665, 41.1663471 ], [ -71.5442933, 41.1662605 ], [ -71.5442281, 41.1659431 ], [ -71.5440521, 41.1658306 ], [ -71.5438632, 41.1652768 ], [ -71.5433351, 41.164663 ], [ -71.5426879, 41.1640826 ], [ -71.5422149, 41.1639965 ], [ -71.5420562, 41.1638144 ], [ -71.5417881, 41.1636486 ], [ -71.5417745, 41.1635165 ], [ -71.5425677, 41.1633127 ], [ -71.5427997, 41.1631283 ], [ -71.5424963, 41.1627119 ], [ -71.5422703, 41.1626226 ], [ -71.5421751, 41.1625096 ], [ -71.5419728, 41.1620397 ], [ -71.5416843, 41.1609776 ], [ -71.5417616, 41.1606742 ], [ -71.5420948, 41.1602578 ], [ -71.5421325, 41.1599343 ], [ -71.5422808, 41.1598869 ], [ -71.5427712, 41.1599552 ], [ -71.5429065, 41.1599097 ], [ -71.5429685, 41.1597939 ], [ -71.542967, 41.1594178 ], [ -71.543021, 41.1592083 ], [ -71.5431282, 41.1590719 ], [ -71.5432416, 41.1590274 ], [ -71.5433622, 41.1590442 ], [ -71.5436093, 41.1589991 ], [ -71.5436866, 41.1588384 ], [ -71.5436628, 41.1585046 ], [ -71.543671, 41.1577646 ], [ -71.5434939, 41.1576169 ], [ -71.5432559, 41.1572968 ], [ -71.5433643, 41.1571516 ], [ -71.543532, 41.1570438 ], [ -71.5436761, 41.15641 ], [ -71.543669, 41.1560674 ], [ -71.5436476, 41.1555605 ], [ -71.5435976, 41.1552607 ], [ -71.5433692, 41.1548824 ], [ -71.5432264, 41.1545683 ], [ -71.5431693, 41.1543185 ], [ -71.5433549, 41.1538116 ], [ -71.5437118, 41.1534047 ], [ -71.5440402, 41.1531049 ], [ -71.544133, 41.1528479 ], [ -71.5440473, 41.1520699 ], [ -71.544047, 41.1520546 ], [ -71.5440402, 41.1517415 ], [ -71.5441473, 41.1513846 ], [ -71.5443685, 41.151099 ], [ -71.5445827, 41.1509206 ], [ -71.5449753, 41.1508706 ], [ -71.5456178, 41.1509206 ], [ -71.5461603, 41.1511133 ], [ -71.54661, 41.1513132 ], [ -71.5470669, 41.1512133 ], [ -71.5472524, 41.1510491 ], [ -71.5478521, 41.1508492 ], [ -71.5482732, 41.1507136 ], [ -71.5485588, 41.1504923 ], [ -71.5488229, 41.1502995 ], [ -71.5495367, 41.1498855 ], [ -71.5498294, 41.1497784 ], [ -71.55, 41.1496849 ] ], [ [ -71.5440833, 41.1624016 ], [ -71.5441065, 41.1623986 ], [ -71.5441528, 41.1624034 ], [ -71.5441919, 41.1624168 ], [ -71.5442052, 41.1624255 ], [ -71.5442153, 41.162436 ], [ -71.5442218, 41.162448 ], [ -71.5442241, 41.1624607 ], [ -71.5442224, 41.1624737 ], [ -71.5442168, 41.1624864 ], [ -71.5442029, 41.1625037 ], [ -71.5441886, 41.1625162 ], [ -71.5441572, 41.1625348 ], [ -71.5441239, 41.1625424 ], [ -71.5440959, 41.1625395 ], [ -71.5440715, 41.1625284 ], [ -71.5440503, 41.1625067 ], [ -71.5440357, 41.1624741 ], [ -71.5440341, 41.1624455 ], [ -71.5440386, 41.1624327 ], [ -71.5440468, 41.1624214 ], [ -71.5440675, 41.1624069 ], [ -71.5440833, 41.1624016 ] ], [ [ -71.5454603, 41.1560691 ], [ -71.5454825, 41.1560655 ], [ -71.545508, 41.1560657 ], [ -71.5455378, 41.1560691 ], [ -71.5455818, 41.1560784 ], [ -71.5456089, 41.1560874 ], [ -71.5456287, 41.1560977 ], [ -71.5456401, 41.1561069 ], [ -71.5456504, 41.1561214 ], [ -71.545654, 41.1561333 ], [ -71.545653, 41.1561498 ], [ -71.5456459, 41.1561661 ], [ -71.5456325, 41.1561832 ], [ -71.5456125, 41.1562016 ], [ -71.5455653, 41.156233 ], [ -71.5455447, 41.1562414 ], [ -71.5455284, 41.1562451 ], [ -71.545496, 41.1562444 ], [ -71.5454671, 41.1562328 ], [ -71.5454453, 41.1562126 ], [ -71.5454229, 41.1561729 ], [ -71.5454155, 41.1561518 ], [ -71.5454114, 41.1561273 ], [ -71.5454131, 41.156111 ], [ -71.5454178, 41.1560989 ], [ -71.5454291, 41.156085 ], [ -71.5454409, 41.1560767 ], [ -71.5454603, 41.1560691 ] ], [ [ -71.5493519, 41.1518437 ], [ -71.549507, 41.1517521 ], [ -71.5496918, 41.1515401 ], [ -71.5497598, 41.151244 ], [ -71.5497407, 41.1511866 ], [ -71.5496703, 41.1511445 ], [ -71.5496016, 41.1511584 ], [ -71.5493206, 41.1513585 ], [ -71.5489097, 41.1514216 ], [ -71.5488729, 41.1515807 ], [ -71.5489176, 41.1516961 ], [ -71.5490677, 41.1518251 ], [ -71.5491616, 41.1518534 ], [ -71.5493519, 41.1518437 ] ] ] } },
{ "type": "Feature", "properties": { "RCID": 134, "PRIM": 3, "GRUP": 1, "OBJL": 42, "RVER": 1, "AGEN": 550, "FIDN": 110005513, "FIDS": 8691, "LNAM": "0226068E8D0921F3", "DRVAL1": 2.0, "DRVAL2": 3.0 }, "geometry": { "type": "Polygon", "coordinates": [ [ [ -71.547612, 41.1494102 ], [ -71.5476519, 41.1495082 ], [ -71.5477385, 41.1494825 ], [ -71.5477024, 41.1493759 ], [ -71.547612, 41.1494102 ] ] ] } },
{ "type": "Feature", "properties": { "RCID": 135, "PRIM": 3, "GRUP": 1, "OBJL": 42, "RVER": 1, "AGEN": 550, "FIDN": 632686876, "FIDS": 8691, "LNAM": "022625B6091C21F3", "DRVAL1": 3.0, "DRVAL2": 5.0 }, "geometry": { "type": "Polygon", "coordinates": [ [ [ -71.5468798, 41.1693141 ], [ -71.5467226, 41.1695042 ], [ -71.5467926, 41.1695914 ], [ -71.5471228, 41.1696251 ], [ -71.547359, 41.1697055 ], [ -71.5474378, 41.1696724 ], [ -71.5475348, 41.1695463 ], [ -71.5475891, 41.1694334 ], [ -71.5475672, 41.1693541 ], [ -71.5470874, 41.1692729 ], [ -71.5468798, 41.1693141 ] ] ] } },
{ "type": "Feature", "properties": { "RCID": 136, "PRIM": 3, "GRUP": 1, "OBJL": 42, "RVER": 1, "AGEN": 550, "FIDN": 901927424, "FIDS": 8691, "LNAM": "022635C2520021F3", "DRVAL1": 2.0, "DRVAL2": 3.0 }, "geometry": { "type": "Polygon", "coordinates": [ [ [ -71.55, 41.1496302 ], [ -71.55, 41.1496849 ], [ -71.5498294, 41.1497784 ], [ -71.5495367, 41.1498855 ], [ -71.5488229, 41.1502995 ], [ -71.5485588, 41.1504923 ], [ -71.5482732, 41.1507136 ], [ -71.5478521, 41.1508492 ], [ -71.5472524, 41.1510491 ], [ -71.5470669, 41.1512133 ], [ -71.54661, 41.1513132 ], [ -71.5461603, 41.1511133 ], [ -71.5456178, 41.1509206 ], [ -71.5449753, 41.1508706 ], [ -71.5445827, 41.1509206 ], [ -71.5443685, 41.151099 ], [ -71.5441473, 41.1513846 ], [ -71.5440402, 41.1517415 ], [ -71.544047, 41.1520546 ], [ -71.5440473, 41.1520699 ], [ -71.544133, 41.1528479 ], [ -71.5440402, 41.1531049 ], [ -71.5437118, 41.1534047 ], [ -71.5433549, 41.1538116 ], [ -71.5431693, 41.1543185 ], [ -71.5432264, 41.1545683 ], [ -71.5433692, 41.1548824 ], [ -71.5435976, 41.1552607 ], [ -71.5436476, 41.1555605 ], [ -71.543669, 41.1560674 ], [ -71.5436761, 41.15641 ], [ -71.543532, 41.1570438 ], [ -71.5433643, 41.1571516 ], [ -71.5432559, 41.1572968 ], [ -71.5434939, 41.1576169 ], [ -71.543671, 41.1577646 ], [ -71.5436628, 41.1585046 ], [ -71.5436866, 41.1588384 ], [ -71.5436093, 41.1589991 ], [ -71.5433622, 41.1590442 ], [ -71.5432416, 41.1590274 ], [ -71.5431282, 41.1590719 ], [ -71.543021, 41.1592083 ], [ -71.542967, 41.1594178 ], [ -71.5429685, 41.1597939 ], [ -71.5429065, 41.1599097 ], [ -71.5427712, 41.1599552 ], [ -71.5422808, 41.1598869 ], [ -71.5421325, 41.1599343 ], [ -71.5420948, 41.1602578 ], [ -71.5417616, 41.1606742 ], [ -71.5416843, 41.1609776 ], [ -71.5419728, 41.1620397 ], [ -71.5421751, 41.1625096 ], [ -71.5422703, 41.1626226 ], [ -71.5424963, 41.1627119 ], [ -71.5427997, 41.1631283 ], [ -71.5425677, 41.1633127 ], [ -71.5417745, 41.1635165 ], [ -71.5417881, 41.1636486 ], [ -71.5420562, 41.1638144 ], [ -71.5422149, 41.1639965 ], [ -71.5426879, 41.1640826 ], [ -71.5433351, 41.164663 ], [ -71.5438632, 41.1652768 ], [ -71.5440521, 41.1658306 ], [ -71.5442281, 41.1659431 ], [ -71.5442933, 41.1662605 ], [ -71.5443665, 41.1663471 ], [ -71.5447312, 41.1665638 ], [ -71.5458323, 41.1667917 ], [ -71.5462796, 41.1671248 ], [ -71.5471838, 41.1669202 ], [ -71.5475169, 41.1669011 ], [ -71.5478025, 41.1669725 ], [ -71.548069, 41.1672438 ], [ -71.5494829, 41.1677241 ], [ -71.549745, 41.1679001 ], [ -71.5498542, 41.1679971 ], [ -71.5499018, 41.1681113 ], [ -71.5498256, 41.1684111 ], [ -71.5498351, 41.1692202 ], [ -71.55, 41.1692582 ], [ -71.55, 41.1693274 ], [ -71.55, 41.1693278 ], [ -71.5499637, 41.1694872 ], [ -71.5498842, 41.169489 ], [ -71.5497368, 41.1692365 ], [ -71.5495659, 41.1690446 ], [ -71.5495062, 41.1688984 ], [ -71.5495206, 41.1687625 ], [ -71.5496836, 41.1685431 ], [ -71.5497326, 41.1681845 ], [ -71.5498405, 41.168116 ], [ -71.549829, 41.1680821 ], [ -71.5497327, 41.1680208 ], [ -71.5495691, 41.1680583 ], [ -71.5495034, 41.167913 ], [ -71.5492675, 41.1679688 ], [ -71.5490468, 41.1679508 ], [ -71.5486258, 41.1676281 ], [ -71.5482967, 41.1676409 ], [ -71.5482128, 41.1676149 ], [ -71.5477549, 41.1670867 ], [ -71.5474598, 41.1669773 ], [ -71.547122, 41.1669773 ], [ -71.5466032, 41.1671534 ], [ -71.5462529, 41.1673466 ], [ -71.5461681, 41.1673584 ], [ -71.5461166, 41.1673265 ], [ -71.5458078, 41.1668567 ], [ -71.5455892, 41.1668002 ], [ -71.5454639, 41.1668421 ], [ -71.5452782, 41.167278 ], [ -71.5451719, 41.1673784 ], [ -71.5451299, 41.1673129 ], [ -71.5453252, 41.1667907 ], [ -71.5452669, 41.1667388 ], [ -71.5449666, 41.1667052 ], [ -71.5447023, 41.1667868 ], [ -71.5446415, 41.1669057 ], [ -71.5446585, 41.1670203 ], [ -71.5447274, 41.1671298 ], [ -71.5446759, 41.1671784 ], [ -71.5444531, 41.1670818 ], [ -71.544412, 41.1668343 ], [ -71.5443015, 41.1667441 ], [ -71.5441037, 41.1667081 ], [ -71.5437668, 41.1668122 ], [ -71.5436271, 41.1667891 ], [ -71.5434735, 41.1665461 ], [ -71.543384, 41.1659516 ], [ -71.5431126, 41.1657219 ], [ -71.5431314, 41.1656643 ], [ -71.5433574, 41.1655066 ], [ -71.5434217, 41.1654025 ], [ -71.5434168, 41.1653395 ], [ -71.543172, 41.1649223 ], [ -71.5430235, 41.1648577 ], [ -71.5429409, 41.1647766 ], [ -71.5428659, 41.1644659 ], [ -71.5425065, 41.1642197 ], [ -71.5424861, 41.1641581 ], [ -71.5425177, 41.1640721 ], [ -71.5424603, 41.1640665 ], [ -71.5423374, 41.1641783 ], [ -71.542252, 41.1641874 ], [ -71.5419517, 41.1638979 ], [ -71.5417777, 41.1638313 ], [ -71.5414185, 41.1638283 ], [ -71.5413072, 41.1637483 ], [ -71.5412522, 41.1636252 ], [ -71.5412538, 41.1635161 ], [ -71.5415666, 41.1631209 ], [ -71.5414794, 41.1629692 ], [ -71.5414734, 41.1628904 ], [ -71.5413937, 41.1628392 ], [ -71.541391, 41.1627849 ], [ -71.5415613, 41.1627079 ], [ -71.5418479, 41.1623133 ], [ -71.5418955, 41.1618969 ], [ -71.5415088, 41.1614388 ], [ -71.5414086, 41.1611992 ], [ -71.5414081, 41.1609766 ], [ -71.5415288, 41.160764 ], [ -71.5419461, 41.1603292 ], [ -71.5420771, 41.159883 ], [ -71.542206, 41.1596969 ], [ -71.5423621, 41.1596085 ], [ -71.5427409, 41.1595353 ], [ -71.5426905, 41.1594271 ], [ -71.5428043, 41.1593515 ], [ -71.5429327, 41.1590215 ], [ -71.5434215, 41.1589403 ], [ -71.5436174, 41.1588444 ], [ -71.5435204, 41.1587428 ], [ -71.543506, 41.1586388 ], [ -71.5433816, 41.1585609 ], [ -71.5428789, 41.1585553 ], [ -71.5427884, 41.1585002 ], [ -71.5429853, 41.1583405 ], [ -71.5430435, 41.158241 ], [ -71.5430332, 41.157842 ], [ -71.5429605, 41.1576996 ], [ -71.5429503, 41.1574545 ], [ -71.5429984, 41.1573856 ], [ -71.5430731, 41.1573996 ], [ -71.5432176, 41.1576819 ], [ -71.5432321, 41.1576144 ], [ -71.5431668, 41.1573135 ], [ -71.5431914, 41.1569603 ], [ -71.5433097, 41.1568569 ], [ -71.5433994, 41.1565945 ], [ -71.5433423, 41.1565367 ], [ -71.5432145, 41.1564944 ], [ -71.5427354, 41.1565014 ], [ -71.5425761, 41.1563639 ], [ -71.5425443, 41.1562318 ], [ -71.5426248, 41.1561649 ], [ -71.5428996, 41.1561446 ], [ -71.5432844, 41.1558845 ], [ -71.543462, 41.1556176 ], [ -71.5435262, 41.1553821 ], [ -71.5433049, 41.1549823 ], [ -71.543105, 41.1543756 ], [ -71.5431479, 41.1539901 ], [ -71.5436119, 41.1534047 ], [ -71.5439902, 41.1529193 ], [ -71.5439831, 41.1524268 ], [ -71.5439402, 41.1518343 ], [ -71.5440901, 41.1513346 ], [ -71.5444257, 41.1509349 ], [ -71.5449039, 41.150735 ], [ -71.545732, 41.1508635 ], [ -71.5463102, 41.1510848 ], [ -71.5468313, 41.151149 ], [ -71.5474737, 41.1508635 ], [ -71.5484231, 41.1505637 ], [ -71.5491441, 41.1499712 ], [ -71.5495225, 41.1496642 ], [ -71.5496724, 41.14955 ], [ -71.55, 41.1496302 ] ] ] } },
{ "type": "Feature", "properties": { "RCID": 137, "PRIM": 3, "GRUP": 1, "OBJL": 42, "RVER": 1, "AGEN": 550, "FIDN": 134049776, "FIDS": 8691, "LNAM": "022607FD6FF021F3", "DRVAL1": 20.0, "DRVAL2": 30.0 }, "geometry": { "type": "Polygon", "coordinates": [ [ [ -71.5181518, 41.1282594 ], [ -71.5180791, 41.1283721 ], [ -71.5181247, 41.1286276 ], [ -71.5181871, 41.128693 ], [ -71.5182796, 41.1287238 ], [ -71.5183826, 41.1287113 ], [ -71.5184876, 41.1286315 ], [ -71.5186103, 41.1283532 ], [ -71.5185869, 41.1282692 ], [ -71.5185303, 41.1282278 ], [ -71.518324, 41.1282035 ], [ -71.5181518, 41.1282594 ] ] ] } },
{ "type": "Feature", "properties": { "RCID": 138, "PRIM": 3, "GRUP": 1, "OBJL": 42, "RVER": 1, "AGEN": 550, "FIDN": 856993876, "FIDS": 8691, "LNAM": "02263314B05421F3", "DRVAL1": 30.0, "DRVAL2": 50.0 }, "geometry": { "type": "Polygon", "coordinates": [ [ [ -71.5207032, 41.1401611 ], [ -71.5205595, 41.1400223 ], [ -71.5209367, 41.1400424 ], [ -71.5211531, 41.1401542 ], [ -71.5212581, 41.1402679 ], [ -71.5213177, 41.1404426 ], [ -71.5212733, 41.1404901 ], [ -71.5211365, 41.1405141 ], [ -71.5209253, 41.1404796 ], [ -71.5206388, 41.1403453 ], [ -71.5206171, 41.140299 ], [ -71.5207032, 41.1401611 ] ] ] } },
{ "type": "Feature", "properties": { "RCID": 139, "PRIM": 3, "GRUP": 1, "OBJL": 42, "RVER": 1, "AGEN": 550, "FIDN": 77325504, "FIDS": 8691, "LNAM": "0226049BE4C021F3", "DRVAL1": 0.0, "DRVAL2": 2.0 }, "geometry": { "type": "Polygon", "coordinates": [ [ [ -71.5463355, 41.1660475 ], [ -71.5463015, 41.1660324 ], [ -71.5462813, 41.1660264 ], [ -71.5462167, 41.166016 ], [ -71.5461727, 41.1660133 ], [ -71.5461595, 41.1660134 ], [ -71.546157, 41.1660134 ], [ -71.5461366, 41.1660313 ], [ -71.5461167, 41.1660705 ], [ -71.5461244, 41.1660719 ], [ -71.5461245, 41.1660719 ], [ -71.5461904, 41.1660724 ], [ -71.5462271, 41.1660769 ], [ -71.5462863, 41.1660926 ], [ -71.5463436, 41.1661135 ], [ -71.5463644, 41.1661213 ], [ -71.5463554, 41.1661098 ], [ -71.5463355, 41.1660475 ] ] ] } },
{ "type": "Feature", "properties": { "RCID": 140, "PRIM": 3, "GRUP": 1, "OBJL": 42, "RVER": 1, "AGEN": 550, "FIDN": 631044036, "FIDS": 8691, "LNAM": "0226259CF7C421F3", "DRVAL1": 15.0, "DRVAL2": 20.0 }, "geometry": { "type": "Polygon", "coordinates": [ [ [ -71.5382152, 41.103142 ], [ -71.5380668, 41.1032053 ], [ -71.5379783, 41.1032916 ], [ -71.5379725, 41.1033743 ], [ -71.5380804, 41.1035187 ], [ -71.5381727, 41.1037687 ], [ -71.5383012, 41.1039012 ], [ -71.5391795, 41.1042626 ], [ -71.5395343, 41.1042829 ], [ -71.5399277, 41.104216 ], [ -71.5400066, 41.1041567 ], [ -71.540011, 41.1040918 ], [ -71.5399141, 41.1040176 ], [ -71.5394883, 41.1039469 ], [ -71.5393134, 41.1038411 ], [ -71.5388379, 41.1034047 ], [ -71.5386905, 41.103088 ], [ -71.5385308, 41.1030621 ], [ -71.5382152, 41.103142 ] ] ] } },
{ "type": "Feature", "properties": { "RCID": 141, "PRIM": 3, "GRUP": 1, "OBJL": 42, "RVER": 1, "AGEN": 550, "FIDN": 758093432, "FIDS": 8691, "LNAM": "02262D2F967821F3", "DRVAL1": 15.0, "DRVAL2": 20.0 }, "geometry": { "type": "Polygon", "coordinates": [ [ [ -71.5457551, 41.1282822 ], [ -71.5459792, 41.1283238 ], [ -71.5470328, 41.1284003 ], [ -71.548221, 41.1280009 ], [ -71.549141, 41.1278747 ], [ -71.549315, 41.1278054 ], [ -71.5493043, 41.1277392 ], [ -71.5492339, 41.1276646 ], [ -71.5487053, 41.1272678 ], [ -71.5476808, 41.1267225 ], [ -71.5473956, 41.126672 ], [ -71.5469569, 41.1268061 ], [ -71.5464184, 41.1268957 ], [ -71.546261, 41.1269736 ], [ -71.545608, 41.1279579 ], [ -71.5455674, 41.128087 ], [ -71.545618, 41.1281969 ], [ -71.5457551, 41.1282822 ] ] ] } },
{ "type": "Feature", "properties": { "RCID": 142, "PRIM": 3, "GRUP": 1, "OBJL": 42, "RVER": 1, "AGEN": 550, "FIDN": 159814242, "FIDS": 8691, "LNAM": "02260986926221F3", "DRVAL1": 20.0, "DRVAL2": 30.0 }, "geometry": { "type": "Polygon", "coordinates": [ [ [ -71.5447623, 41.1386589 ], [ -71.5443027, 41.1382558 ], [ -71.5441897, 41.1382922 ], [ -71.5440777, 41.1385289 ], [ -71.5440379, 41.1385188 ], [ -71.5436397, 41.1377128 ], [ -71.5436557, 41.1370272 ], [ -71.5437678, 41.1365716 ], [ -71.5438533, 41.1363873 ], [ -71.5439474, 41.1363377 ], [ -71.5444316, 41.1362726 ], [ -71.5445202, 41.1362064 ], [ -71.5445043, 41.1359856 ], [ -71.5442772, 41.1351849 ], [ -71.5442982, 41.1350135 ], [ -71.54436, 41.1348978 ], [ -71.5444908, 41.1348478 ], [ -71.5449574, 41.1348231 ], [ -71.5458275, 41.1347046 ], [ -71.5458606, 41.1347388 ], [ -71.5458291, 41.1348129 ], [ -71.5453463, 41.1354628 ], [ -71.5453366, 41.1357352 ], [ -71.5456774, 41.1372065 ], [ -71.5459561, 41.1376428 ], [ -71.5463969, 41.1381123 ], [ -71.546417, 41.1382563 ], [ -71.5463438, 41.1385575 ], [ -71.5462587, 41.1386286 ], [ -71.5460297, 41.1386534 ], [ -71.5456665, 41.1385995 ], [ -71.5450994, 41.1386638 ], [ -71.54482, 41.1386853 ], [ -71.5447623, 41.1386589 ] ] ] } },
{ "type": "Feature", "properties": { "RCID": 143, "PRIM": 3, "GRUP": 1, "OBJL": 42, "RVER": 1, "AGEN": 550, "FIDN": 300678236, "FIDS": 8691, "LNAM": "022611EBFC5C21F3", "DRVAL1": 30.0, "DRVAL2": 50.0 }, "geometry": { "type": "Polygon", "coordinates": [ [ [ -71.5105394, 41.1388114 ], [ -71.5102846, 41.1386331 ], [ -71.5098034, 41.1388384 ], [ -71.5091674, 41.1387738 ], [ -71.5086384, 41.138502 ], [ -71.5079301, 41.1382657 ], [ -71.5070176, 41.1375533 ], [ -71.5066321, 41.1366702 ], [ -71.506426, 41.1365303 ], [ -71.505947, 41.1352516 ], [ -71.5059387, 41.1347908 ], [ -71.5058382, 41.1344625 ], [ -71.5056433, 41.1342034 ], [ -71.506365, 41.1342765 ], [ -71.5070793, 41.1342141 ], [ -71.5079338, 41.1348237 ], [ -71.5087734, 41.1349383 ], [ -71.5091145, 41.1352391 ], [ -71.5101149, 41.1356055 ], [ -71.510269, 41.1359035 ], [ -71.5104388, 41.1359663 ], [ -71.5104639, 41.1361496 ], [ -71.5107477, 41.136368 ], [ -71.5109106, 41.1370425 ], [ -71.5111339, 41.1371712 ], [ -71.5111469, 41.1371993 ], [ -71.5113325, 41.1377133 ], [ -71.5112754, 41.1384557 ], [ -71.5111865, 41.1385306 ], [ -71.51108, 41.1385112 ], [ -71.5109233, 41.1385888 ], [ -71.5107539, 41.1388558 ], [ -71.5105394, 41.1388114 ] ] ] } },
{ "type": "Feature", "properties": { "RCID": 144, "PRIM": 3, "GRUP": 1, "OBJL": 42, "RVER": 1, "AGEN": 550, "FIDN": 799399344, "FIDS": 8691, "LNAM": "02262FA5DDB021F3", "DRVAL1": 20.0, "DRVAL2": 30.0 }, "geometry": { "type": "Polygon", "coordinates": [ [ [ -71.5131483, 41.1629563 ], [ -71.5135957, 41.1630665 ], [ -71.5143491, 41.1630212 ], [ -71.5145849, 41.1631104 ], [ -71.5146738, 41.1630385 ], [ -71.5146996, 41.162905 ], [ -71.5146406, 41.1628335 ], [ -71.514433, 41.162765 ], [ -71.5135258, 41.1627032 ], [ -71.5133405, 41.1627715 ], [ -71.5132282, 41.1626849 ], [ -71.5130968, 41.1626483 ], [ -71.5130173, 41.1626813 ], [ -71.5129131, 41.1628175 ], [ -71.5129549, 41.1628749 ], [ -71.5131483, 41.1629563 ] ] ] } },
{ "type": "Feature", "properties": { "RCID": 145, "PRIM": 3, "GRUP": 1, "OBJL": 42, "RVER": 1, "AGEN": 550, "FIDN": 844023623, "FIDS": 8691, "LNAM": "0226324EC74721F3", "DRVAL1": -0.9, "DRVAL2": 0.0 }, "geometry": { "type": "Polygon", "coordinates": [ [ [ -71.5454603, 41.1560691 ], [ -71.5454825, 41.1560655 ], [ -71.545508, 41.1560657 ], [ -71.5455378, 41.1560691 ], [ -71.5455818, 41.1560784 ], [ -71.5456089, 41.1560874 ], [ -71.5456287, 41.1560977 ], [ -71.5456401, 41.1561069 ], [ -71.5456504, 41.1561214 ], [ -71.545654, 41.1561333 ], [ -71.545653, 41.1561498 ], [ -71.5456459, 41.1561661 ], [ -71.5456325, 41.1561832 ], [ -71.5456125, 41.1562016 ], [ -71.5455653, 41.156233 ], [ -71.5455447, 41.1562414 ], [ -71.5455284, 41.1562451 ], [ -71.545496, 41.1562444 ], [ -71.5454671, 41.1562328 ], [ -71.5454453, 41.1562126 ], [ -71.5454229, 41.1561729 ], [ -71.5454155, 41.1561518 ], [ -71.5454114, 41.1561273 ], [ -71.5454131, 41.156111 ], [ -71.5454178, 41.1560989 ], [ -71.5454291, 41.156085 ], [ -71.5454409, 41.1560767 ], [ -71.5454603, 41.1560691 ] ] ] } },
{ "type": "Feature", "properties": { "RCID": 146, "PRIM": 3, "GRUP": 1, "OBJL": 42, "RVER": 1, "AGEN": 550, "FIDN": 751487682, "FIDS": 8691, "LNAM": "02262CCACAC221F3", "DRVAL1": 3.0, "DRVAL2": 5.0 }, "geometry": { "type": "Polygon", "coordinates": [ [ [ -71.5473606, 41.1681957 ], [ -71.5473935, 41.1682913 ], [ -71.5474793, 41.1682977 ], [ -71.5475388, 41.1682493 ], [ -71.5475374, 41.168199 ], [ -71.5474748, 41.1681664 ], [ -71.5473606, 41.1681957 ] ] ] } },
{ "type": "Feature", "properties": { "RCID": 147, "PRIM": 3, "GRUP": 1, "OBJL": 42, "RVER": 1, "AGEN": 550, "FIDN": 275667213, "FIDS": 8691, "LNAM": "0226106E590D21F3", "DRVAL1": 10.0, "DRVAL2": 15.0 }, "geometry": { "type": "Polygon", "coordinates": [ [ [ -71.536188, 41.166238 ], [ -71.5361209, 41.1665001 ], [ -71.5363056, 41.1666393 ], [ -71.5364674, 41.1666361 ], [ -71.536565, 41.1665561 ], [ -71.5365563, 41.1664391 ], [ -71.5362966, 41.1661988 ], [ -71.536188, 41.166238 ] ] ] } },
{ "type": "Feature", "properties": { "RCID": 148, "PRIM": 3, "GRUP": 1, "OBJL": 42, "RVER": 1, "AGEN": 550, "FIDN": 294836723, "FIDS": 8691, "LNAM": "02261192D9F321F3", "DRVAL1": 30.0, "DRVAL2": 50.0 }, "geometry": { "type": "Polygon", "coordinates": [ [ [ -71.5171577, 41.1293432 ], [ -71.5174572, 41.1284747 ], [ -71.5176992, 41.1273774 ], [ -71.5194026, 41.1265251 ], [ -71.5200322, 41.1265848 ], [ -71.5201157, 41.1266384 ], [ -71.5201446, 41.1266504 ], [ -71.520172, 41.1266574 ], [ -71.5202228, 41.1266626 ], [ -71.5203645, 41.1266601 ], [ -71.5203996, 41.1266615 ], [ -71.5204337, 41.1266659 ], [ -71.5204835, 41.1266794 ], [ -71.5205487, 41.1267049 ], [ -71.520618, 41.1267425 ], [ -71.5206849, 41.1267871 ], [ -71.5207829, 41.1268599 ], [ -71.5211058, 41.1271114 ], [ -71.5213037, 41.1272611 ], [ -71.5235966, 41.1289584 ], [ -71.5236941, 41.1290359 ], [ -71.5237541, 41.1290879 ], [ -71.5238067, 41.1291395 ], [ -71.523828, 41.1291648 ], [ -71.5238442, 41.1291895 ], [ -71.5238543, 41.1292183 ], [ -71.5238519, 41.1292477 ], [ -71.523838, 41.1292721 ], [ -71.5238142, 41.1292868 ], [ -71.523787, 41.129295 ], [ -71.5237188, 41.1293048 ], [ -71.5236396, 41.1293093 ], [ -71.5234679, 41.1293115 ], [ -71.5224856, 41.1293112 ], [ -71.5223485, 41.1293155 ], [ -71.5222609, 41.1293238 ], [ -71.5222193, 41.129331 ], [ -71.5221799, 41.1293412 ], [ -71.5221507, 41.1293523 ], [ -71.5221183, 41.1293695 ], [ -71.5220585, 41.1294155 ], [ -71.5219335, 41.1295262 ], [ -71.5219033, 41.1295587 ], [ -71.5218924, 41.1295765 ], [ -71.5218856, 41.129597 ], [ -71.521886, 41.1296483 ], [ -71.521883, 41.1296532 ], [ -71.5218743, 41.1296577 ], [ -71.5218545, 41.1296603 ], [ -71.5218273, 41.1296597 ], [ -71.5216761, 41.1296434 ], [ -71.5215879, 41.1296362 ], [ -71.5214702, 41.1296366 ], [ -71.5213351, 41.1296473 ], [ -71.5212489, 41.1296588 ], [ -71.5211712, 41.1296748 ], [ -71.521138, 41.1296852 ], [ -71.5211104, 41.1296979 ], [ -71.5210886, 41.129716 ], [ -71.5210797, 41.1297372 ], [ -71.5210803, 41.1297485 ], [ -71.5210855, 41.129763 ], [ -71.5211049, 41.1297888 ], [ -71.5211513, 41.1298285 ], [ -71.5213236, 41.1299579 ], [ -71.5213807, 41.1300071 ], [ -71.5214032, 41.130034 ], [ -71.5214197, 41.1300631 ], [ -71.5214312, 41.1300943 ], [ -71.5214442, 41.1301605 ], [ -71.5214492, 41.1302297 ], [ -71.5214489, 41.1303339 ], [ -71.5214446, 41.1303999 ], [ -71.5214351, 41.1304579 ], [ -71.5214271, 41.1304815 ], [ -71.5214158, 41.1304997 ], [ -71.5214001, 41.1305105 ], [ -71.5213795, 41.1305124 ], [ -71.5213547, 41.1305072 ], [ -71.5213266, 41.130497 ], [ -71.5211582, 41.1304139 ], [ -71.5210727, 41.1303797 ], [ -71.5210384, 41.130371 ], [ -71.5210086, 41.1303668 ], [ -71.5209069, 41.130365 ], [ -71.5208633, 41.1303608 ], [ -71.5208234, 41.1303534 ], [ -71.5207413, 41.1303321 ], [ -71.5206151, 41.1302908 ], [ -71.5204876, 41.1302449 ], [ -71.5203609, 41.1301967 ], [ -71.5202389, 41.1301451 ], [ -71.5201642, 41.1301064 ], [ -71.5201307, 41.1300847 ], [ -71.5201009, 41.1300606 ], [ -71.5200756, 41.1300338 ], [ -71.5200537, 41.1300048 ], [ -71.5199847, 41.1298966 ], [ -71.5199044, 41.1298111 ], [ -71.5197461, 41.1298031 ], [ -71.5192942, 41.1300161 ], [ -71.5187643, 41.13013 ], [ -71.5179793, 41.1299296 ], [ -71.5168493, 41.1299262 ], [ -71.5167422, 41.1298387 ], [ -71.5167509, 41.1297006 ], [ -71.5171444, 41.1294958 ], [ -71.5171577, 41.1293432 ] ], [ [ -71.5188403, 41.1290487 ], [ -71.5186629, 41.1291631 ], [ -71.5186076, 41.1292562 ], [ -71.5186622, 41.1293611 ], [ -71.5187955, 41.1294049 ], [ -71.5192258, 41.1293221 ], [ -71.5193746, 41.1292452 ], [ -71.5194155, 41.1291664 ], [ -71.5193206, 41.1290658 ], [ -71.5191646, 41.1290214 ], [ -71.5188403, 41.1290487 ] ], [ [ -71.5181518, 41.1282594 ], [ -71.5180791, 41.1283721 ], [ -71.5181247, 41.1286276 ], [ -71.5181871, 41.128693 ], [ -71.5182796, 41.1287238 ], [ -71.5183826, 41.1287113 ], [ -71.5184876, 41.1286315 ], [ -71.5186103, 41.1283532 ], [ -71.5185869, 41.1282692 ], [ -71.5185303, 41.1282278 ], [ -71.518324, 41.1282035 ], [ -71.5181518, 41.1282594 ] ] ] } },
{ "type": "Feature", "properties": { "RCID": 149, "PRIM": 3, "GRUP": 1, "OBJL": 42, "RVER": 1, "AGEN": 550, "FIDN": 599147163, "FIDS": 8691, "LNAM": "022623B6429B21F3", "DRVAL1": 20.0, "DRVAL2": 30.0 }, "geometry": { "type": "Polygon", "coordinates": [ [ [ -71.475, 41.1617909 ], [ -71.475, 41.1690266 ], [ -71.475, 41.1699344 ], [ -71.475, 41.1738084 ], [ -71.475, 41.175 ], [ -71.4776287, 41.175 ], [ -71.4778421, 41.175 ], [ -71.4779677, 41.1748652 ], [ -71.4781537, 41.1744065 ], [ -71.4790488, 41.1744544 ], [ -71.4793413, 41.1744297 ], [ -71.4795392, 41.1743704 ], [ -71.4796521, 41.1744582 ], [ -71.4799458, 41.1743997 ], [ -71.4809992, 41.1744795 ], [ -71.482116, 41.1741925 ], [ -71.4827532, 41.1741945 ], [ -71.4830425, 41.1740692 ], [ -71.4837751, 41.1741192 ], [ -71.4848943, 41.1737874 ], [ -71.4853579, 41.1737288 ], [ -71.4864347, 41.1730169 ], [ -71.4870895, 41.1728185 ], [ -71.4873728, 41.1728856 ], [ -71.4874179, 41.1730725 ], [ -71.4878775, 41.1730983 ], [ -71.487963, 41.1730457 ], [ -71.4880035, 41.1728294 ], [ -71.4884783, 41.1728061 ], [ -71.4897398, 41.173141 ], [ -71.489924, 41.1733731 ], [ -71.4904778, 41.1734885 ], [ -71.4906978, 41.1734194 ], [ -71.4909248, 41.1731483 ], [ -71.4910996, 41.1730658 ], [ -71.4916827, 41.1731535 ], [ -71.4920628, 41.1730819 ], [ -71.4924665, 41.1731609 ], [ -71.4933893, 41.1731529 ], [ -71.4940773, 41.1733425 ], [ -71.494998, 41.1733948 ], [ -71.4956659, 41.1732914 ], [ -71.4964568, 41.1734316 ], [ -71.4970693, 41.1734456 ], [ -71.5010082, 41.1732957 ], [ -71.5019558, 41.1731482 ], [ -71.5024815, 41.1729856 ], [ -71.5056417, 41.1729633 ], [ -71.5072044, 41.1725108 ], [ -71.5096505, 41.1713007 ], [ -71.5099194, 41.1712811 ], [ -71.5112998, 41.1707948 ], [ -71.5116072, 41.1705529 ], [ -71.5127639, 41.1700952 ], [ -71.5141174, 41.1694256 ], [ -71.5151983, 41.1687519 ], [ -71.5158834, 41.1684825 ], [ -71.5170132, 41.1677069 ], [ -71.5173878, 41.1673827 ], [ -71.5182191, 41.1668951 ], [ -71.5183974, 41.1667117 ], [ -71.5189998, 41.1663047 ], [ -71.5191514, 41.1660909 ], [ -71.5194776, 41.1658368 ], [ -71.5211162, 41.1653496 ], [ -71.5213403, 41.1652553 ], [ -71.5214858, 41.1651073 ], [ -71.5220696, 41.164305 ], [ -71.5221356, 41.1641704 ], [ -71.5221375, 41.1640417 ], [ -71.5218627, 41.1630036 ], [ -71.5207223, 41.1611851 ], [ -71.5206259, 41.1611315 ], [ -71.5199836, 41.161015 ], [ -71.5195053, 41.161015 ], [ -71.5192483, 41.1612577 ], [ -71.5194411, 41.1619216 ], [ -71.5197337, 41.162407 ], [ -71.5197732, 41.1626479 ], [ -71.5197722, 41.1633314 ], [ -71.5197029, 41.1634691 ], [ -71.5193687, 41.1635278 ], [ -71.5193417, 41.1635686 ], [ -71.5193731, 41.1636256 ], [ -71.5193444, 41.1636394 ], [ -71.5190638, 41.1636618 ], [ -71.5188503, 41.163592 ], [ -71.5180794, 41.1637919 ], [ -71.5174512, 41.1640489 ], [ -71.517099, 41.1645152 ], [ -71.5170394, 41.1647289 ], [ -71.5168922, 41.1649559 ], [ -71.5166122, 41.1651923 ], [ -71.5164255, 41.1652935 ], [ -71.5160165, 41.165408 ], [ -71.5155273, 41.1658079 ], [ -71.5149547, 41.1657376 ], [ -71.5137174, 41.1659042 ], [ -71.5131344, 41.1653926 ], [ -71.5128965, 41.1645122 ], [ -71.5130987, 41.1639292 ], [ -71.5124801, 41.1626324 ], [ -71.5122897, 41.1619305 ], [ -71.5123063, 41.1617035 ], [ -71.5128102, 41.1612172 ], [ -71.5130269, 41.1609098 ], [ -71.5132107, 41.1605509 ], [ -71.513538, 41.1602168 ], [ -71.5138078, 41.159763 ], [ -71.5139293, 41.1596377 ], [ -71.514129, 41.1595187 ], [ -71.5141772, 41.1593364 ], [ -71.5143449, 41.1591152 ], [ -71.5144244, 41.1586732 ], [ -71.5145522, 41.1585267 ], [ -71.5145473, 41.1584178 ], [ -71.5144691, 41.1582984 ], [ -71.514773, 41.1582096 ], [ -71.515073, 41.1579958 ], [ -71.5153511, 41.1575596 ], [ -71.5158706, 41.157022 ], [ -71.515959, 41.156585 ], [ -71.5160144, 41.1564633 ], [ -71.5160909, 41.1564265 ], [ -71.5161805, 41.1564331 ], [ -71.516659, 41.1565858 ], [ -71.5167377, 41.1565802 ], [ -71.5168905, 41.1562484 ], [ -71.5171533, 41.1559126 ], [ -71.5173398, 41.1557852 ], [ -71.5176566, 41.1556766 ], [ -71.5176616, 41.1554351 ], [ -71.5177531, 41.1549945 ], [ -71.5178782, 41.1546623 ], [ -71.5181574, 41.1540654 ], [ -71.51875, 41.1534094 ], [ -71.5191854, 41.1526956 ], [ -71.5194877, 41.1514824 ], [ -71.5195319, 41.1512648 ], [ -71.5196195, 41.1511654 ], [ -71.5196914, 41.1509482 ], [ -71.5199669, 41.1505099 ], [ -71.5201403, 41.1501092 ], [ -71.5204192, 41.1497835 ], [ -71.5207526, 41.1495134 ], [ -71.5207463, 41.14941 ], [ -71.5206135, 41.1492776 ], [ -71.5205955, 41.1491964 ], [ -71.5206943, 41.1488186 ], [ -71.5208275, 41.1486264 ], [ -71.521103, 41.149378 ], [ -71.5220377, 41.1504861 ], [ -71.5222281, 41.15067 ], [ -71.5228378, 41.1510212 ], [ -71.5241299, 41.152363 ], [ -71.5245528, 41.1531887 ], [ -71.5245471, 41.153324 ], [ -71.5244286, 41.1536991 ], [ -71.5244377, 41.1538413 ], [ -71.5245672, 41.1539795 ], [ -71.5251283, 41.1544077 ], [ -71.5252246, 41.154537 ], [ -71.5251752, 41.1546462 ], [ -71.5248187, 41.1550117 ], [ -71.5247234, 41.1551615 ], [ -71.5247259, 41.1553417 ], [ -71.5248458, 41.1559813 ], [ -71.5247473, 41.1562448 ], [ -71.5244456, 41.1566863 ], [ -71.5239668, 41.1572544 ], [ -71.5230637, 41.1580158 ], [ -71.5231396, 41.1581477 ], [ -71.5236394, 41.1584631 ], [ -71.5236313, 41.1585819 ], [ -71.5225691, 41.1594709 ], [ -71.5209711, 41.1606463 ], [ -71.5208945, 41.1608416 ], [ -71.5268617, 41.1637014 ], [ -71.5271261, 41.1637481 ], [ -71.5280477, 41.1636842 ], [ -71.5284289, 41.1644165 ], [ -71.5297297, 41.1653046 ], [ -71.5300803, 41.1659916 ], [ -71.530257, 41.1667053 ], [ -71.5306877, 41.1673322 ], [ -71.530638, 41.1676386 ], [ -71.5306524, 41.1678341 ], [ -71.5307459, 41.1680602 ], [ -71.5306842, 41.1685757 ], [ -71.5308495, 41.1691494 ], [ -71.5311042, 41.1697601 ], [ -71.5313249, 41.1705086 ], [ -71.5314193, 41.1710569 ], [ -71.5315371, 41.1714295 ], [ -71.5315765, 41.1722539 ], [ -71.5320117, 41.1735485 ], [ -71.5322624, 41.1741026 ], [ -71.5324967, 41.1748751 ], [ -71.532608, 41.175 ], [ -71.5339082, 41.175 ], [ -71.5361206, 41.175 ], [ -71.5361702, 41.175 ], [ -71.53651, 41.175 ], [ -71.5366255, 41.175 ], [ -71.5397767, 41.175 ], [ -71.5400252, 41.1749312 ], [ -71.5401053, 41.1747368 ], [ -71.5399335, 41.1745883 ], [ -71.5400177, 41.1744665 ], [ -71.5400225, 41.1743443 ], [ -71.5398059, 41.1742696 ], [ -71.5397267, 41.1741825 ], [ -71.5397245, 41.1739445 ], [ -71.5396634, 41.1736247 ], [ -71.5395568, 41.1734967 ], [ -71.5396895, 41.173374 ], [ -71.5397627, 41.1729839 ], [ -71.5396068, 41.1728733 ], [ -71.539208, 41.1727454 ], [ -71.5389145, 41.1725311 ], [ -71.5385737, 41.1720419 ], [ -71.5383267, 41.1718218 ], [ -71.5381741, 41.171527 ], [ -71.5378376, 41.1712018 ], [ -71.5377637, 41.1709009 ], [ -71.5375826, 41.1706951 ], [ -71.5374158, 41.1703079 ], [ -71.5370081, 41.1699546 ], [ -71.5363839, 41.1698179 ], [ -71.5353012, 41.1698655 ], [ -71.5348372, 41.1697703 ], [ -71.534635, 41.1692587 ], [ -71.5344684, 41.1684021 ], [ -71.5346112, 41.1670577 ], [ -71.534563, 41.1666308 ], [ -71.5343756, 41.1662401 ], [ -71.5342383, 41.1657224 ], [ -71.5344705, 41.1645829 ], [ -71.5344026, 41.1642545 ], [ -71.5342694, 41.1640999 ], [ -71.5343004, 41.1636415 ], [ -71.5343677, 41.1634568 ], [ -71.534576, 41.163328 ], [ -71.5346305, 41.1632526 ], [ -71.5344891, 41.1632579 ], [ -71.5343286, 41.1632114 ], [ -71.5341816, 41.1631408 ], [ -71.5341184, 41.1630593 ], [ -71.5341348, 41.1629236 ], [ -71.5343549, 41.1627857 ], [ -71.5344119, 41.1627119 ], [ -71.5344129, 41.1624511 ], [ -71.5340807, 41.1616805 ], [ -71.5340091, 41.1614248 ], [ -71.5334049, 41.1607067 ], [ -71.5334563, 41.1603229 ], [ -71.5335726, 41.160057 ], [ -71.5333856, 41.1599464 ], [ -71.5333569, 41.1598963 ], [ -71.5334321, 41.1597388 ], [ -71.5336715, 41.1595587 ], [ -71.5339404, 41.1591854 ], [ -71.5341804, 41.1589831 ], [ -71.5342635, 41.1588367 ], [ -71.5345381, 41.1586025 ], [ -71.5345841, 41.1582769 ], [ -71.5346743, 41.1579979 ], [ -71.5346317, 41.1578431 ], [ -71.5346468, 41.1575261 ], [ -71.5345578, 41.157451 ], [ -71.5344144, 41.1574234 ], [ -71.5340013, 41.1575047 ], [ -71.5339044, 41.1574618 ], [ -71.5334685, 41.1569341 ], [ -71.5326024, 41.1565439 ], [ -71.5324501, 41.1563155 ], [ -71.5324977, 41.1560585 ], [ -71.5333924, 41.1554398 ], [ -71.5335387, 41.1554054 ], [ -71.5336795, 41.1552536 ], [ -71.5340452, 41.1550737 ], [ -71.5343715, 41.1547937 ], [ -71.5344762, 41.1546497 ], [ -71.5346407, 41.154336 ], [ -71.5347239, 41.1540703 ], [ -71.5349506, 41.1538244 ], [ -71.5349915, 41.1536296 ], [ -71.534942, 41.1535298 ], [ -71.5345655, 41.1535326 ], [ -71.5345161, 41.1535031 ], [ -71.5345201, 41.1534507 ], [ -71.5345956, 41.1533946 ], [ -71.5348744, 41.1533832 ], [ -71.5350955, 41.1533117 ], [ -71.5352104, 41.1532305 ], [ -71.5354, 41.1529997 ], [ -71.535465, 41.1528415 ], [ -71.5355657, 41.1527249 ], [ -71.5355433, 41.1525743 ], [ -71.5356176, 41.1524575 ], [ -71.5356836, 41.1521336 ], [ -71.535699, 41.1518468 ], [ -71.5356394, 41.1515847 ], [ -71.5356829, 41.1513903 ], [ -71.5356439, 41.1512718 ], [ -71.5354923, 41.1511132 ], [ -71.5353049, 41.1510139 ], [ -71.5352436, 41.1508562 ], [ -71.5351424, 41.150742 ], [ -71.5343458, 41.1504049 ], [ -71.5338033, 41.1502621 ], [ -71.5336605, 41.1498766 ], [ -71.5337747, 41.1494912 ], [ -71.5341532, 41.149048 ], [ -71.5345097, 41.1489428 ], [ -71.5345965, 41.1488107 ], [ -71.5347492, 41.1486828 ], [ -71.5348398, 41.1485261 ], [ -71.5352123, 41.1486239 ], [ -71.5353496, 41.1486022 ], [ -71.5355809, 41.14828 ], [ -71.5358467, 41.1480981 ], [ -71.5358617, 41.147926 ], [ -71.5357859, 41.1476909 ], [ -71.5358811, 41.1474548 ], [ -71.5360889, 41.1471726 ], [ -71.5360827, 41.1469862 ], [ -71.536134, 41.146786 ], [ -71.5360814, 41.146636 ], [ -71.5358495, 41.1464427 ], [ -71.5358138, 41.1463328 ], [ -71.5358861, 41.146215 ], [ -71.5362231, 41.1460696 ], [ -71.5362888, 41.1459906 ], [ -71.5363215, 41.1457521 ], [ -71.5362822, 41.1455645 ], [ -71.5364576, 41.1454236 ], [ -71.5364947, 41.1453485 ], [ -71.5364002, 41.14503 ], [ -71.5364196, 41.1445528 ], [ -71.536508, 41.1443224 ], [ -71.5366513, 41.144166 ], [ -71.5366063, 41.1439697 ], [ -71.5367718, 41.1438057 ], [ -71.5367848, 41.1435154 ], [ -71.5368424, 41.1434945 ], [ -71.5369108, 41.1435244 ], [ -71.5369866, 41.1437136 ], [ -71.5370588, 41.1437995 ], [ -71.5374324, 41.1438956 ], [ -71.5376035, 41.1441085 ], [ -71.5376683, 41.1445063 ], [ -71.5375921, 41.1446896 ], [ -71.5378676, 41.1448845 ], [ -71.5378964, 41.1450615 ], [ -71.5379828, 41.1452129 ], [ -71.5379505, 41.1453678 ], [ -71.5379783, 41.145477 ], [ -71.538556, 41.1455123 ], [ -71.5386462, 41.1454327 ], [ -71.5387413, 41.1452628 ], [ -71.538735, 41.1451424 ], [ -71.5386583, 41.1449908 ], [ -71.5388488, 41.1449108 ], [ -71.5387417, 41.1447947 ], [ -71.53866, 41.1445456 ], [ -71.5386813, 41.1444582 ], [ -71.5388598, 41.1442425 ], [ -71.5388907, 41.1440221 ], [ -71.5388515, 41.1437895 ], [ -71.5389229, 41.1434829 ], [ -71.538912, 41.1432966 ], [ -71.5387792, 41.1430199 ], [ -71.5387541, 41.1425724 ], [ -71.5388227, 41.142347 ], [ -71.5390037, 41.1421896 ], [ -71.5390882, 41.141946 ], [ -71.5389628, 41.1416743 ], [ -71.5387902, 41.1414408 ], [ -71.5387894, 41.1413803 ], [ -71.5392095, 41.1410617 ], [ -71.5393415, 41.1409943 ], [ -71.5394171, 41.1409965 ], [ -71.5394759, 41.1410567 ], [ -71.5395023, 41.1411719 ], [ -71.5393508, 41.1414179 ], [ -71.539398, 41.1416028 ], [ -71.5394977, 41.141799 ], [ -71.5396972, 41.1417748 ], [ -71.5397626, 41.1416837 ], [ -71.5396852, 41.141579 ], [ -71.5396884, 41.1414843 ], [ -71.5399302, 41.1413143 ], [ -71.5401138, 41.14102 ], [ -71.5401556, 41.1407877 ], [ -71.5402692, 41.1406887 ], [ -71.5403424, 41.1407138 ], [ -71.5403864, 41.1407915 ], [ -71.5404016, 41.1409476 ], [ -71.5403539, 41.141156 ], [ -71.5404882, 41.1413554 ], [ -71.5405825, 41.1414096 ], [ -71.5407389, 41.1412764 ], [ -71.540882, 41.1412498 ], [ -71.5408787, 41.1410249 ], [ -71.5411137, 41.1409267 ], [ -71.5411678, 41.1407755 ], [ -71.5411154, 41.1406888 ], [ -71.5409143, 41.1405561 ], [ -71.5408985, 41.1404786 ], [ -71.5409998, 41.140443 ], [ -71.5413808, 41.140468 ], [ -71.5415113, 41.1404194 ], [ -71.5415474, 41.140221 ], [ -71.5415055, 41.1400727 ], [ -71.5415921, 41.1399817 ], [ -71.5417903, 41.1399068 ], [ -71.5418716, 41.13965 ], [ -71.5421698, 41.1393531 ], [ -71.5421708, 41.1392316 ], [ -71.542063, 41.1391066 ], [ -71.5419483, 41.1393315 ], [ -71.5418541, 41.1393888 ], [ -71.5415638, 41.1394158 ], [ -71.5413389, 41.1393649 ], [ -71.54018, 41.1384413 ], [ -71.5401473, 41.1383788 ], [ -71.5402187, 41.1383402 ], [ -71.5403406, 41.1383967 ], [ -71.5411318, 41.1388741 ], [ -71.5413924, 41.1389719 ], [ -71.5414534, 41.1388601 ], [ -71.5415609, 41.1382421 ], [ -71.5416407, 41.1381511 ], [ -71.5419863, 41.1379521 ], [ -71.542034, 41.1378039 ], [ -71.541905, 41.1369882 ], [ -71.5416647, 41.1361841 ], [ -71.5416104, 41.1352871 ], [ -71.5415452, 41.1351029 ], [ -71.5412026, 41.1346746 ], [ -71.5400961, 41.1337537 ], [ -71.5397464, 41.1336038 ], [ -71.5396607, 41.1334468 ], [ -71.5397249, 41.1333183 ], [ -71.5408599, 41.1331113 ], [ -71.5420235, 41.1330756 ], [ -71.5424804, 41.1328258 ], [ -71.5427092, 41.1327567 ], [ -71.5430445, 41.1325437 ], [ -71.5438619, 41.1323818 ], [ -71.5441348, 41.1323717 ], [ -71.5444191, 41.1324944 ], [ -71.5463009, 41.1335278 ], [ -71.5464149, 41.1336754 ], [ -71.5465151, 41.1341773 ], [ -71.5466776, 41.134341 ], [ -71.547981, 41.1344404 ], [ -71.5490375, 41.1343119 ], [ -71.5495657, 41.1338122 ], [ -71.5498084, 41.1330983 ], [ -71.549737, 41.1321275 ], [ -71.5490946, 41.1304 ], [ -71.5489496, 41.129512 ], [ -71.5490583, 41.1293179 ], [ -71.5497094, 41.1289491 ], [ -71.55, 41.1289674 ], [ -71.55, 41.1289265 ], [ -71.55, 41.1165252 ], [ -71.55, 41.1148172 ], [ -71.55, 41.1147003 ], [ -71.55, 41.1146018 ], [ -71.55, 41.1136285 ], [ -71.55, 41.1135624 ], [ -71.55, 41.113522 ], [ -71.55, 41.1134144 ], [ -71.55, 41.1134116 ], [ -71.549824, 41.112683 ], [ -71.5496241, 41.1119906 ], [ -71.5496027, 41.1115623 ], [ -71.5496741, 41.1102488 ], [ -71.5497312, 41.1090353 ], [ -71.5496456, 41.107679 ], [ -71.5495599, 41.1057659 ], [ -71.5495599, 41.1043668 ], [ -71.5497348, 41.103603 ], [ -71.549849, 41.1033603 ], [ -71.55, 41.103346 ], [ -71.55, 41.1027766 ], [ -71.55, 41.1002237 ], [ -71.55, 41.100046 ], [ -71.55, 41.100039 ], [ -71.55, 41.1 ], [ -71.5496163, 41.1 ], [ -71.5491649, 41.1 ], [ -71.5428753, 41.1 ], [ -71.5425517, 41.1003643 ], [ -71.5417998, 41.1010305 ], [ -71.5413143, 41.1013066 ], [ -71.5405053, 41.101535 ], [ -71.5397725, 41.1018396 ], [ -71.5393727, 41.1019823 ], [ -71.5388873, 41.1020394 ], [ -71.5383829, 41.1015445 ], [ -71.5379355, 41.1011543 ], [ -71.5374596, 41.1010401 ], [ -71.5370979, 41.1009068 ], [ -71.5367077, 41.1007926 ], [ -71.5359463, 41.1006879 ], [ -71.5353752, 41.1006498 ], [ -71.5346138, 41.1009734 ], [ -71.5341569, 41.1012209 ], [ -71.5338238, 41.1013066 ], [ -71.5334336, 41.100764 ], [ -71.533919, 41.1005166 ], [ -71.5347185, 41.1003072 ], [ -71.5351658, 41.1 ], [ -71.5314679, 41.1 ], [ -71.5198122, 41.1 ], [ -71.519209, 41.1 ], [ -71.5074607, 41.1 ], [ -71.4838746, 41.1 ], [ -71.475, 41.1 ], [ -71.475, 41.1342911 ], [ -71.475, 41.1576204 ], [ -71.475, 41.1617909 ] ], [ [ -71.501582, 41.14333 ], [ -71.5019514, 41.1427242 ], [ -71.5027128, 41.1424672 ], [ -71.5031717, 41.1423473 ], [ -71.5043208, 41.1426972 ], [ -71.5047277, 41.1427247 ], [ -71.5053971, 41.1425665 ], [ -71.5055693, 41.1425615 ], [ -71.5059969, 41.1428911 ], [ -71.5064299, 41.143007 ], [ -71.5066377, 41.1431428 ], [ -71.5069383, 41.143235 ], [ -71.5070609, 41.1434139 ], [ -71.507274, 41.1435644 ], [ -71.5075457, 41.1438259 ], [ -71.5080118, 41.1439958 ], [ -71.5081374, 41.1442614 ], [ -71.5083178, 41.1442718 ], [ -71.5084391, 41.1443597 ], [ -71.5085558, 41.144387 ], [ -71.5087007, 41.1445337 ], [ -71.5086732, 41.1446703 ], [ -71.5087137, 41.1447743 ], [ -71.5084207, 41.1451532 ], [ -71.5080756, 41.1453365 ], [ -71.5079021, 41.1455856 ], [ -71.507829, 41.1456204 ], [ -71.5074242, 41.1456347 ], [ -71.5068867, 41.1455339 ], [ -71.5067349, 41.145647 ], [ -71.5066646, 41.1456621 ], [ -71.5060079, 41.1459905 ], [ -71.5056724, 41.1460698 ], [ -71.5053379, 41.1460781 ], [ -71.5051682, 41.1461353 ], [ -71.5046862, 41.1464585 ], [ -71.5046191, 41.1465528 ], [ -71.5045842, 41.1466853 ], [ -71.5045376, 41.1467599 ], [ -71.5044209, 41.1468083 ], [ -71.5039808, 41.1467915 ], [ -71.5037831, 41.1467364 ], [ -71.5035776, 41.1465889 ], [ -71.5034227, 41.1463274 ], [ -71.5030525, 41.1459471 ], [ -71.5028054, 41.1456167 ], [ -71.5027457, 41.1454944 ], [ -71.5026581, 41.1450056 ], [ -71.5024479, 41.1446372 ], [ -71.5020946, 41.1444089 ], [ -71.5019615, 41.1442678 ], [ -71.5018571, 41.1438037 ], [ -71.5017878, 41.1437131 ], [ -71.5015852, 41.1436029 ], [ -71.501582, 41.14333 ] ], [ [ -71.5207032, 41.1401611 ], [ -71.5205595, 41.1400223 ], [ -71.5209367, 41.1400424 ], [ -71.5211531, 41.1401542 ], [ -71.5212581, 41.1402679 ], [ -71.5213177, 41.1404426 ], [ -71.5212733, 41.1404901 ], [ -71.5211365, 41.1405141 ], [ -71.5209253, 41.1404796 ], [ -71.5206388, 41.1403453 ], [ -71.5206171, 41.140299 ], [ -71.5207032, 41.1401611 ] ], [ [ -71.5105394, 41.1388114 ], [ -71.5102846, 41.1386331 ], [ -71.5098034, 41.1388384 ], [ -71.5091674, 41.1387738 ], [ -71.5086384, 41.138502 ], [ -71.5079301, 41.1382657 ], [ -71.5070176, 41.1375533 ], [ -71.5066321, 41.1366702 ], [ -71.506426, 41.1365303 ], [ -71.505947, 41.1352516 ], [ -71.5059387, 41.1347908 ], [ -71.5058382, 41.1344625 ], [ -71.5056433, 41.1342034 ], [ -71.506365, 41.1342765 ], [ -71.5070793, 41.1342141 ], [ -71.5079338, 41.1348237 ], [ -71.5087734, 41.1349383 ], [ -71.5091145, 41.1352391 ], [ -71.5101149, 41.1356055 ], [ -71.510269, 41.1359035 ], [ -71.5104388, 41.1359663 ], [ -71.5104639, 41.1361496 ], [ -71.5107477, 41.136368 ], [ -71.5109106, 41.1370425 ], [ -71.5111339, 41.1371712 ], [ -71.5111469, 41.1371993 ], [ -71.5113325, 41.1377133 ], [ -71.5112754, 41.1384557 ], [ -71.5111865, 41.1385306 ], [ -71.51108, 41.1385112 ], [ -71.5109233, 41.1385888 ], [ -71.5107539, 41.1388558 ], [ -71.5105394, 41.1388114 ] ], [ [ -71.5175858, 41.1346724 ], [ -71.5179141, 41.1354576 ], [ -71.5181283, 41.135943 ], [ -71.5190706, 41.1363427 ], [ -71.5201986, 41.1360773 ], [ -71.5219599, 41.1345967 ], [ -71.5221261, 41.1344814 ], [ -71.522264, 41.1344432 ], [ -71.528978, 41.1350372 ], [ -71.5291681, 41.1351166 ], [ -71.5291256, 41.1354782 ], [ -71.5292316, 41.135471 ], [ -71.5295319, 41.1351579 ], [ -71.5304215, 41.1347141 ], [ -71.530575, 41.1345633 ], [ -71.5305737, 41.1344745 ], [ -71.5304243, 41.1341291 ], [ -71.5300271, 41.1327182 ], [ -71.5299847, 41.132442 ], [ -71.5300907, 41.1322848 ], [ -71.53062, 41.1317996 ], [ -71.5306721, 41.1316718 ], [ -71.5307452, 41.1312454 ], [ -71.5312079, 41.1307376 ], [ -71.5312682, 41.1306532 ], [ -71.5312731, 41.130572 ], [ -71.5310839, 41.1303941 ], [ -71.5289161, 41.1288107 ], [ -71.5283774, 41.1286361 ], [ -71.5276569, 41.1284674 ], [ -71.5267739, 41.1283208 ], [ -71.5264069, 41.1283383 ], [ -71.5263265, 41.128381 ], [ -71.526273, 41.1284652 ], [ -71.5259949, 41.1293144 ], [ -71.5254394, 41.1299763 ], [ -71.5250071, 41.1310696 ], [ -71.5248691, 41.1312485 ], [ -71.5246408, 41.1312929 ], [ -71.5228603, 41.1314004 ], [ -71.5215159, 41.1315791 ], [ -71.520025, 41.1316042 ], [ -71.519375, 41.1317753 ], [ -71.5184624, 41.1322535 ], [ -71.5181743, 41.1325839 ], [ -71.5181583, 41.132635 ], [ -71.5182297, 41.13278 ], [ -71.518355, 41.1332775 ], [ -71.5184223, 41.1333714 ], [ -71.5184014, 41.1334362 ], [ -71.5177354, 41.133761 ], [ -71.5176286, 41.1342012 ], [ -71.5175858, 41.1346724 ] ], [ [ -71.5171577, 41.1293432 ], [ -71.5174572, 41.1284747 ], [ -71.5176992, 41.1273774 ], [ -71.5194026, 41.1265251 ], [ -71.5200322, 41.1265848 ], [ -71.5201157, 41.1266384 ], [ -71.5201446, 41.1266504 ], [ -71.520172, 41.1266574 ], [ -71.5202228, 41.1266626 ], [ -71.5203645, 41.1266601 ], [ -71.5203996, 41.1266615 ], [ -71.5204337, 41.1266659 ], [ -71.5204835, 41.1266794 ], [ -71.5205487, 41.1267049 ], [ -71.520618, 41.1267425 ], [ -71.5206849, 41.1267871 ], [ -71.5207829, 41.1268599 ], [ -71.5211058, 41.1271114 ], [ -71.5213037, 41.1272611 ], [ -71.5235966, 41.1289584 ], [ -71.5236941, 41.1290359 ], [ -71.5237541, 41.1290879 ], [ -71.5238067, 41.1291395 ], [ -71.523828, 41.1291648 ], [ -71.5238442, 41.1291895 ], [ -71.5238543, 41.1292183 ], [ -71.5238519, 41.1292477 ], [ -71.523838, 41.1292721 ], [ -71.5238142, 41.1292868 ], [ -71.523787, 41.129295 ], [ -71.5237188, 41.1293048 ], [ -71.5236396, 41.1293093 ], [ -71.5234679, 41.1293115 ], [ -71.5224856, 41.1293112 ], [ -71.5223485, 41.1293155 ], [ -71.5222609, 41.1293238 ], [ -71.5222193, 41.129331 ], [ -71.5221799, 41.1293412 ], [ -71.5221507, 41.1293523 ], [ -71.5221183, 41.1293695 ], [ -71.5220585, 41.1294155 ], [ -71.5219335, 41.1295262 ], [ -71.5219033, 41.1295587 ], [ -71.5218924, 41.1295765 ], [ -71.5218856, 41.129597 ], [ -71.521886, 41.1296483 ], [ -71.521883, 41.1296532 ], [ -71.5218743, 41.1296577 ], [ -71.5218545, 41.1296603 ], [ -71.5218273, 41.1296597 ], [ -71.5216761, 41.1296434 ], [ -71.5215879, 41.1296362 ], [ -71.5214702, 41.1296366 ], [ -71.5213351, 41.1296473 ], [ -71.5212489, 41.1296588 ], [ -71.5211712, 41.1296748 ], [ -71.521138, 41.1296852 ], [ -71.5211104, 41.1296979 ], [ -71.5210886, 41.129716 ], [ -71.5210797, 41.1297372 ], [ -71.5210803, 41.1297485 ], [ -71.5210855, 41.129763 ], [ -71.5211049, 41.1297888 ], [ -71.5211513, 41.1298285 ], [ -71.5213236, 41.1299579 ], [ -71.5213807, 41.1300071 ], [ -71.5214032, 41.130034 ], [ -71.5214197, 41.1300631 ], [ -71.5214312, 41.1300943 ], [ -71.5214442, 41.1301605 ], [ -71.5214492, 41.1302297 ], [ -71.5214489, 41.1303339 ], [ -71.5214446, 41.1303999 ], [ -71.5214351, 41.1304579 ], [ -71.5214271, 41.1304815 ], [ -71.5214158, 41.1304997 ], [ -71.5214001, 41.1305105 ], [ -71.5213795, 41.1305124 ], [ -71.5213547, 41.1305072 ], [ -71.5213266, 41.130497 ], [ -71.5211582, 41.1304139 ], [ -71.5210727, 41.1303797 ], [ -71.5210384, 41.130371 ], [ -71.5210086, 41.1303668 ], [ -71.5209069, 41.130365 ], [ -71.5208633, 41.1303608 ], [ -71.5208234, 41.1303534 ], [ -71.5207413, 41.1303321 ], [ -71.5206151, 41.1302908 ], [ -71.5204876, 41.1302449 ], [ -71.5203609, 41.1301967 ], [ -71.5202389, 41.1301451 ], [ -71.5201642, 41.1301064 ], [ -71.5201307, 41.1300847 ], [ -71.5201009, 41.1300606 ], [ -71.5200756, 41.1300338 ], [ -71.5200537, 41.1300048 ], [ -71.5199847, 41.1298966 ], [ -71.5199044, 41.1298111 ], [ -71.5197461, 41.1298031 ], [ -71.5192942, 41.1300161 ], [ -71.5187643, 41.13013 ], [ -71.5179793, 41.1299296 ], [ -71.5168493, 41.1299262 ], [ -71.5167422, 41.1298387 ], [ -71.5167509, 41.1297006 ], [ -71.5171444, 41.1294958 ], [ -71.5171577, 41.1293432 ] ], [ [ -71.5457551, 41.1282822 ], [ -71.5459792, 41.1283238 ], [ -71.5470328, 41.1284003 ], [ -71.548221, 41.1280009 ], [ -71.549141, 41.1278747 ], [ -71.549315, 41.1278054 ], [ -71.5493043, 41.1277392 ], [ -71.5492339, 41.1276646 ], [ -71.5487053, 41.1272678 ], [ -71.5476808, 41.1267225 ], [ -71.5473956, 41.126672 ], [ -71.5469569, 41.1268061 ], [ -71.5464184, 41.1268957 ], [ -71.546261, 41.1269736 ], [ -71.545608, 41.1279579 ], [ -71.5455674, 41.128087 ], [ -71.545618, 41.1281969 ], [ -71.5457551, 41.1282822 ] ], [ [ -71.542413, 41.1081768 ], [ -71.5423385, 41.108234 ], [ -71.542299, 41.1084488 ], [ -71.5423653, 41.1086427 ], [ -71.5426197, 41.1088424 ], [ -71.5430023, 41.1090657 ], [ -71.5435904, 41.1093021 ], [ -71.5441642, 41.1093927 ], [ -71.544314, 41.1093642 ], [ -71.5443196, 41.1093005 ], [ -71.5442701, 41.1092183 ], [ -71.5436723, 41.1085794 ], [ -71.5427883, 41.1082345 ], [ -71.5425189, 41.108163 ], [ -71.542413, 41.1081768 ] ], [ [ -71.5466769, 41.104773 ], [ -71.5468143, 41.1047554 ], [ -71.5473674, 41.1048267 ], [ -71.5476539, 41.1049132 ], [ -71.5478536, 41.1050786 ], [ -71.5478818, 41.1051987 ], [ -71.5478554, 41.1054017 ], [ -71.5477996, 41.1055548 ], [ -71.5477356, 41.1056081 ], [ -71.5474528, 41.1056003 ], [ -71.547165, 41.1055153 ], [ -71.5467763, 41.1052741 ], [ -71.5466533, 41.1051282 ], [ -71.5466179, 41.1048928 ], [ -71.5466769, 41.104773 ] ], [ [ -71.5442978, 41.1046837 ], [ -71.5444548, 41.1046739 ], [ -71.5446197, 41.1045594 ], [ -71.5449747, 41.1042015 ], [ -71.5448543, 41.1039534 ], [ -71.544944, 41.1036574 ], [ -71.5450955, 41.1034862 ], [ -71.5453575, 41.1032994 ], [ -71.5453439, 41.1032317 ], [ -71.5449692, 41.1026886 ], [ -71.5443125, 41.102384 ], [ -71.5436126, 41.1026781 ], [ -71.5427556, 41.1030712 ], [ -71.5423844, 41.1032854 ], [ -71.542275, 41.1034376 ], [ -71.5421798, 41.1041562 ], [ -71.5422416, 41.1042371 ], [ -71.5423797, 41.1042705 ], [ -71.5428603, 41.1042657 ], [ -71.5434028, 41.104142 ], [ -71.5442978, 41.1046837 ] ], [ [ -71.5382152, 41.103142 ], [ -71.5380668, 41.1032053 ], [ -71.5379783, 41.1032916 ], [ -71.5379725, 41.1033743 ], [ -71.5380804, 41.1035187 ], [ -71.5381727, 41.1037687 ], [ -71.5383012, 41.1039012 ], [ -71.5391795, 41.1042626 ], [ -71.5395343, 41.1042829 ], [ -71.5399277, 41.104216 ], [ -71.5400066, 41.1041567 ], [ -71.540011, 41.1040918 ], [ -71.5399141, 41.1040176 ], [ -71.5394883, 41.1039469 ], [ -71.5393134, 41.1038411 ], [ -71.5388379, 41.1034047 ], [ -71.5386905, 41.103088 ], [ -71.5385308, 41.1030621 ], [ -71.5382152, 41.103142 ] ] ] } },
{ "type": "Feature", "properties": { "RCID": 150, "PRIM": 3, "GRUP": 1, "OBJL": 42, "RVER": 1, "AGEN": 550, "FIDN": 992019576, "FIDS": 8691, "LNAM": "02263B21047821F3", "DRVAL1": 30.0, "DRVAL2": 50.0 }, "geometry": { "type": "Polygon", "coordinates": [ [ [ -71.501582, 41.14333 ], [ -71.5019514, 41.1427242 ], [ -71.5027128, 41.1424672 ], [ -71.5031717, 41.1423473 ], [ -71.5043208, 41.1426972 ], [ -71.5047277, 41.1427247 ], [ -71.5053971, 41.1425665 ], [ -71.5055693, 41.1425615 ], [ -71.5059969, 41.1428911 ], [ -71.5064299, 41.143007 ], [ -71.5066377, 41.1431428 ], [ -71.5069383, 41.143235 ], [ -71.5070609, 41.1434139 ], [ -71.507274, 41.1435644 ], [ -71.5075457, 41.1438259 ], [ -71.5080118, 41.1439958 ], [ -71.5081374, 41.1442614 ], [ -71.5083178, 41.1442718 ], [ -71.5084391, 41.1443597 ], [ -71.5085558, 41.144387 ], [ -71.5087007, 41.1445337 ], [ -71.5086732, 41.1446703 ], [ -71.5087137, 41.1447743 ], [ -71.5084207, 41.1451532 ], [ -71.5080756, 41.1453365 ], [ -71.5079021, 41.1455856 ], [ -71.507829, 41.1456204 ], [ -71.5074242, 41.1456347 ], [ -71.5068867, 41.1455339 ], [ -71.5067349, 41.145647 ], [ -71.5066646, 41.1456621 ], [ -71.5060079, 41.1459905 ], [ -71.5056724, 41.1460698 ], [ -71.5053379, 41.1460781 ], [ -71.5051682, 41.1461353 ], [ -71.5046862, 41.1464585 ], [ -71.5046191, 41.1465528 ], [ -71.5045842, 41.1466853 ], [ -71.5045376, 41.1467599 ], [ -71.5044209, 41.1468083 ], [ -71.5039808, 41.1467915 ], [ -71.5037831, 41.1467364 ], [ -71.5035776, 41.1465889 ], [ -71.5034227, 41.1463274 ], [ -71.5030525, 41.1459471 ], [ -71.5028054, 41.1456167 ], [ -71.5027457, 41.1454944 ], [ -71.5026581, 41.1450056 ], [ -71.5024479, 41.1446372 ], [ -71.5020946, 41.1444089 ], [ -71.5019615, 41.1442678 ], [ -71.5018571, 41.1438037 ], [ -71.5017878, 41.1437131 ], [ -71.5015852, 41.1436029 ], [ -71.501582, 41.14333 ] ] ] } },
{ "type": "Feature", "properties": { "RCID": 151, "PRIM": 3, "GRUP": 1, "OBJL": 42, "RVER": 1, "AGEN": 550, "FIDN": 977791181, "FIDS": 8691, "LNAM": "02263A47E8CD21F3", "DRVAL1": -0.9, "DRVAL2": 0.0 }, "geometry": { "type": "Polygon", "coordinates": [ [ [ -71.5493519, 41.1518437 ], [ -71.549507, 41.1517521 ], [ -71.5496918, 41.1515401 ], [ -71.5497598, 41.151244 ], [ -71.5497407, 41.1511866 ], [ -71.5496703, 41.1511445 ], [ -71.5496016, 41.1511584 ], [ -71.5493206, 41.1513585 ], [ -71.5489097, 41.1514216 ], [ -71.5488729, 41.1515807 ], [ -71.5489176, 41.1516961 ], [ -71.5490677, 41.1518251 ], [ -71.5491616, 41.1518534 ], [ -71.5493519, 41.1518437 ] ] ] } },
{ "type": "Feature", "properties": { "RCID": 152, "PRIM": 3, "GRUP": 1, "OBJL": 42, "RVER": 1, "AGEN": 550, "FIDN": 362551272, "FIDS": 8691, "LNAM": "0226159C17E821F3", "DRVAL1": 2.0, "DRVAL2": 3.0 }, "geometry": { "type": "Polygon", "coordinates": [ [ [ -71.5443891, 41.1678948 ], [ -71.5444602, 41.167833 ], [ -71.5446064, 41.1678651 ], [ -71.5446236, 41.1679335 ], [ -71.5445224, 41.1680088 ], [ -71.5444448, 41.1680003 ], [ -71.5443891, 41.1678948 ] ] ] } },
{ "type": "Feature", "properties": { "RCID": 153, "PRIM": 3, "GRUP": 1, "OBJL": 42, "RVER": 1, "AGEN": 550, "FIDN": 863411323, "FIDS": 8691, "LNAM": "022633769C7B21F3", "DRVAL1": 8.0, "DRVAL2": 10.0 }, "geometry": { "type": "Polygon", "coordinates": [ [ [ -71.5393734, 41.1675435 ], [ -71.5393852, 41.1676174 ], [ -71.5394307, 41.1676503 ], [ -71.5395377, 41.1676145 ], [ -71.539559, 41.1675715 ], [ -71.5395268, 41.1675276 ], [ -71.5394414, 41.1675094 ], [ -71.5393734, 41.1675435 ] ] ] } },
{ "type": "Feature", "properties": { "RCID": 154, "PRIM": 3, "GRUP": 1, "OBJL": 42, "RVER": 1, "AGEN": 550, "FIDN": 154784399, "FIDS": 8691, "LNAM": "02260939D28F21F3", "DRVAL1": -0.9, "DRVAL2": 0.0 }, "geometry": { "type": "Polygon", "coordinates": [ [ [ -71.5440833, 41.1624016 ], [ -71.5441065, 41.1623986 ], [ -71.5441528, 41.1624034 ], [ -71.5441919, 41.1624168 ], [ -71.5442052, 41.1624255 ], [ -71.5442153, 41.162436 ], [ -71.5442218, 41.162448 ], [ -71.5442241, 41.1624607 ], [ -71.5442224, 41.1624737 ], [ -71.5442168, 41.1624864 ], [ -71.5442029, 41.1625037 ], [ -71.5441886, 41.1625162 ], [ -71.5441572, 41.1625348 ], [ -71.5441239, 41.1625424 ], [ -71.5440959, 41.1625395 ], [ -71.5440715, 41.1625284 ], [ -71.5440503, 41.1625067 ], [ -71.5440357, 41.1624741 ], [ -71.5440341, 41.1624455 ], [ -71.5440386, 41.1624327 ], [ -71.5440468, 41.1624214 ], [ -71.5440675, 41.1624069 ], [ -71.5440833, 41.1624016 ] ] ] } },
{ "type": "Feature", "properties": { "RCID": 155, "PRIM": 3, "GRUP": 1, "OBJL": 42, "RVER": 1, "AGEN": 550, "FIDN": 90381148, "FIDS": 8691, "LNAM": "022605631B5C21F3", "DRVAL1": 0.0, "DRVAL2": 2.0 }, "geometry": { "type": "Polygon", "coordinates": [ [ [ -71.5423252, 41.1556741 ], [ -71.5423407, 41.15576 ], [ -71.5424621, 41.1558198 ], [ -71.5425978, 41.1559485 ], [ -71.5427024, 41.155948 ], [ -71.5427625, 41.1558424 ], [ -71.5427436, 41.1557814 ], [ -71.5424545, 41.155652 ], [ -71.5423252, 41.1556741 ] ] ] } },
{ "type": "Feature", "properties": { "RCID": 156, "PRIM": 3, "GRUP": 1, "OBJL": 42, "RVER": 1, "AGEN": 550, "FIDN": 907776864, "FIDS": 8691, "LNAM": "0226361B936021F3", "DRVAL1": 15.0, "DRVAL2": 20.0 }, "geometry": { "type": "Polygon", "coordinates": [ [ [ -71.5466769, 41.104773 ], [ -71.5468143, 41.1047554 ], [ -71.5473674, 41.1048267 ], [ -71.5476539, 41.1049132 ], [ -71.5478536, 41.1050786 ], [ -71.5478818, 41.1051987 ], [ -71.5478554, 41.1054017 ], [ -71.5477996, 41.1055548 ], [ -71.5477356, 41.1056081 ], [ -71.5474528, 41.1056003 ], [ -71.547165, 41.1055153 ], [ -71.5467763, 41.1052741 ], [ -71.5466533, 41.1051282 ], [ -71.5466179, 41.1048928 ], [ -71.5466769, 41.104773 ] ] ] } },
{ "type": "Feature", "properties": { "RCID": 157, "PRIM": 3, "GRUP": 1, "OBJL": 42, "RVER": 1, "AGEN": 550, "FIDN": 198355859, "FIDS": 8691, "LNAM": "02260BD2AB9321F3", "DRVAL1": 15.0, "DRVAL2": 20.0 }, "geometry": { "type": "Polygon", "coordinates": [ [ [ -71.542413, 41.1081768 ], [ -71.5423385, 41.108234 ], [ -71.542299, 41.1084488 ], [ -71.5423653, 41.1086427 ], [ -71.5426197, 41.1088424 ], [ -71.5430023, 41.1090657 ], [ -71.5435904, 41.1093021 ], [ -71.5441642, 41.1093927 ], [ -71.544314, 41.1093642 ], [ -71.5443196, 41.1093005 ], [ -71.5442701, 41.1092183 ], [ -71.5436723, 41.1085794 ], [ -71.5427883, 41.1082345 ], [ -71.5425189, 41.108163 ], [ -71.542413, 41.1081768 ] ] ] } },
{ "type": "Feature", "properties": { "RCID": 158, "PRIM": 3, "GRUP": 1, "OBJL": 42, "RVER": 1, "AGEN": 550, "FIDN": 318594768, "FIDS": 8691, "LNAM": "022612FD5ED021F3", "DRVAL1": 10.0, "DRVAL2": 15.0 }, "geometry": { "type": "Polygon", "coordinates": [ [ [ -71.55, 41.1423702 ], [ -71.5495072, 41.142348 ], [ -71.5492479, 41.1424747 ], [ -71.5491044, 41.1423284 ], [ -71.5487758, 41.142319 ], [ -71.5484064, 41.1424056 ], [ -71.5482724, 41.1425204 ], [ -71.5482305, 41.1424586 ], [ -71.548345, 41.1422271 ], [ -71.5482858, 41.1421721 ], [ -71.5482156, 41.1421719 ], [ -71.5480992, 41.1422978 ], [ -71.5480624, 41.1426121 ], [ -71.547999, 41.1427187 ], [ -71.5478398, 41.1428122 ], [ -71.547529, 41.1428524 ], [ -71.5474944, 41.1429746 ], [ -71.5471502, 41.142965 ], [ -71.5467743, 41.1431119 ], [ -71.5466867, 41.1431847 ], [ -71.546588, 41.1433452 ], [ -71.5463871, 41.1431664 ], [ -71.5462299, 41.1431705 ], [ -71.5459747, 41.1434115 ], [ -71.5460214, 41.1437407 ], [ -71.5459118, 41.1439551 ], [ -71.5458046, 41.1440261 ], [ -71.5455737, 41.1439818 ], [ -71.5454458, 41.1438812 ], [ -71.5454465, 41.1436536 ], [ -71.5453982, 41.1434515 ], [ -71.5454792, 41.1432723 ], [ -71.5454048, 41.143228 ], [ -71.5453153, 41.1432479 ], [ -71.5452121, 41.1433599 ], [ -71.5450766, 41.1438495 ], [ -71.5452308, 41.1441926 ], [ -71.5452082, 41.1443573 ], [ -71.5449575, 41.1445383 ], [ -71.5444437, 41.1444415 ], [ -71.5443939, 41.1446236 ], [ -71.5439168, 41.1443819 ], [ -71.5437407, 41.1443952 ], [ -71.5436418, 41.1446997 ], [ -71.5440018, 41.1450463 ], [ -71.5435545, 41.1455167 ], [ -71.5431559, 41.1456862 ], [ -71.5428213, 41.1460057 ], [ -71.5428004, 41.1461792 ], [ -71.5429378, 41.1463523 ], [ -71.5429238, 41.146518 ], [ -71.5424905, 41.1466733 ], [ -71.5424715, 41.1468043 ], [ -71.5425807, 41.1469122 ], [ -71.5424825, 41.1470147 ], [ -71.5425351, 41.1472861 ], [ -71.5421184, 41.1475288 ], [ -71.5419839, 41.1477855 ], [ -71.5417209, 41.1480202 ], [ -71.5411416, 41.1483672 ], [ -71.5399689, 41.1496702 ], [ -71.5395647, 41.1498792 ], [ -71.5391232, 41.1504347 ], [ -71.5388552, 41.1509709 ], [ -71.538802, 41.1519096 ], [ -71.5384552, 41.1522997 ], [ -71.5386078, 41.1525101 ], [ -71.5383672, 41.1532421 ], [ -71.5379713, 41.1535666 ], [ -71.5372459, 41.1538158 ], [ -71.5368962, 41.1541298 ], [ -71.5370048, 41.1542396 ], [ -71.5369075, 41.1543783 ], [ -71.5369827, 41.1549357 ], [ -71.5367808, 41.1556779 ], [ -71.536814, 41.1562136 ], [ -71.5366363, 41.1564177 ], [ -71.5367116, 41.156729 ], [ -71.5369098, 41.1569152 ], [ -71.5371926, 41.1574942 ], [ -71.5370326, 41.1579849 ], [ -71.5372288, 41.1588167 ], [ -71.5371429, 41.1590356 ], [ -71.536924, 41.1592247 ], [ -71.5371131, 41.1596048 ], [ -71.536721, 41.1604104 ], [ -71.5361239, 41.160575 ], [ -71.5358899, 41.1608159 ], [ -71.536077, 41.1611857 ], [ -71.5360411, 41.161328 ], [ -71.5362325, 41.1613963 ], [ -71.5364809, 41.1618455 ], [ -71.5371375, 41.1626121 ], [ -71.5371053, 41.1634803 ], [ -71.5373079, 41.1643449 ], [ -71.5369991, 41.1646382 ], [ -71.5365554, 41.1647311 ], [ -71.5364199, 41.1649558 ], [ -71.5357964, 41.1650279 ], [ -71.5360339, 41.1651849 ], [ -71.5359623, 41.165526 ], [ -71.5360466, 41.1657097 ], [ -71.5361452, 41.165669 ], [ -71.5362416, 41.1653878 ], [ -71.5367073, 41.1652579 ], [ -71.5367691, 41.1654811 ], [ -71.537185, 41.1657418 ], [ -71.5372803, 41.166199 ], [ -71.5374222, 41.166338 ], [ -71.5372322, 41.1666443 ], [ -71.5374628, 41.1669431 ], [ -71.5374875, 41.1672081 ], [ -71.5369561, 41.1678424 ], [ -71.5367729, 41.1684252 ], [ -71.5371, 41.1685263 ], [ -71.5378211, 41.1690148 ], [ -71.5381071, 41.169233 ], [ -71.5385116, 41.1695177 ], [ -71.5385889, 41.1695721 ], [ -71.5391861, 41.1700406 ], [ -71.5394911, 41.1701962 ], [ -71.5397747, 41.1705061 ], [ -71.5398005, 41.1705993 ], [ -71.5397225, 41.1709613 ], [ -71.5397957, 41.1711336 ], [ -71.5398896, 41.1712412 ], [ -71.5400883, 41.1712797 ], [ -71.5404139, 41.1712042 ], [ -71.5405645, 41.1712159 ], [ -71.5408838, 41.1714647 ], [ -71.5411598, 41.1715713 ], [ -71.5411727, 41.1716721 ], [ -71.5413954, 41.1716672 ], [ -71.5416801, 41.1718057 ], [ -71.5420537, 41.1717043 ], [ -71.5425706, 41.1717909 ], [ -71.5433625, 41.1722399 ], [ -71.5436388, 41.1723201 ], [ -71.5439539, 41.1725587 ], [ -71.5441616, 41.1726237 ], [ -71.5442595, 41.1726143 ], [ -71.5442774, 41.1726108 ], [ -71.544289, 41.1726118 ], [ -71.5443005, 41.1726159 ], [ -71.5443177, 41.1726277 ], [ -71.5443352, 41.1726473 ], [ -71.5443418, 41.1726588 ], [ -71.5446888, 41.1732211 ], [ -71.5452094, 41.173591 ], [ -71.5453141, 41.1737638 ], [ -71.5456754, 41.1741611 ], [ -71.5457854, 41.174236 ], [ -71.5460034, 41.1745079 ], [ -71.5460719, 41.1746768 ], [ -71.5463196, 41.1747927 ], [ -71.5465583, 41.175 ], [ -71.5465909, 41.175 ], [ -71.5466347, 41.175 ], [ -71.546673, 41.175 ], [ -71.5476557, 41.175 ], [ -71.5487088, 41.175 ], [ -71.549437, 41.175 ], [ -71.549436, 41.1749978 ], [ -71.5492048, 41.1744959 ], [ -71.5489811, 41.1742478 ], [ -71.5490071, 41.1739796 ], [ -71.5487104, 41.1737379 ], [ -71.5484687, 41.173687 ], [ -71.5485486, 41.1738125 ], [ -71.5485278, 41.1741871 ], [ -71.5488197, 41.1742674 ], [ -71.5488853, 41.1743695 ], [ -71.5487921, 41.1745271 ], [ -71.5485644, 41.174652 ], [ -71.5483293, 41.1746442 ], [ -71.5481593, 41.174553 ], [ -71.548277, 41.1741412 ], [ -71.5478094, 41.1740269 ], [ -71.5478319, 41.1739219 ], [ -71.5480485, 41.1737415 ], [ -71.5480888, 41.1734542 ], [ -71.5485039, 41.1731263 ], [ -71.5485928, 41.1729275 ], [ -71.5483574, 41.1728142 ], [ -71.5482671, 41.1727367 ], [ -71.5481986, 41.1727072 ], [ -71.5478845, 41.1725311 ], [ -71.5476893, 41.1720647 ], [ -71.5476457, 41.1719339 ], [ -71.5473831, 41.1715716 ], [ -71.5468105, 41.1711537 ], [ -71.5460364, 41.171275 ], [ -71.5463837, 41.1708824 ], [ -71.5463843, 41.170784 ], [ -71.5454727, 41.1708523 ], [ -71.5453478, 41.170449 ], [ -71.5453644, 41.170264 ], [ -71.5450885, 41.1701242 ], [ -71.5446458, 41.1696046 ], [ -71.5444385, 41.1695277 ], [ -71.5438335, 41.1696894 ], [ -71.5431318, 41.169537 ], [ -71.5428958, 41.1695484 ], [ -71.5428998, 41.1699768 ], [ -71.5425969, 41.1702172 ], [ -71.5428572, 41.1704889 ], [ -71.5427185, 41.1705107 ], [ -71.542384, 41.1702223 ], [ -71.5427036, 41.1699844 ], [ -71.5427379, 41.1694837 ], [ -71.5425854, 41.1693997 ], [ -71.5420442, 41.1694672 ], [ -71.5419873, 41.1692695 ], [ -71.5420849, 41.1690959 ], [ -71.5419049, 41.1689655 ], [ -71.5418506, 41.1687384 ], [ -71.5414317, 41.168819 ], [ -71.5410984, 41.1687934 ], [ -71.5408855, 41.1685993 ], [ -71.5405177, 41.1684493 ], [ -71.5404507, 41.168337 ], [ -71.540478, 41.1681896 ], [ -71.5408751, 41.1678535 ], [ -71.5407165, 41.1677028 ], [ -71.5406463, 41.1674288 ], [ -71.5402631, 41.1676021 ], [ -71.5401102, 41.1674765 ], [ -71.5400676, 41.1671448 ], [ -71.539921, 41.1668288 ], [ -71.5400766, 41.1668233 ], [ -71.540446, 41.1669872 ], [ -71.5407241, 41.1669729 ], [ -71.5408206, 41.1667519 ], [ -71.5408304, 41.1664981 ], [ -71.5404082, 41.1659918 ], [ -71.5404837, 41.1655863 ], [ -71.540431, 41.1654444 ], [ -71.5392297, 41.1643134 ], [ -71.5392954, 41.164127 ], [ -71.5390772, 41.1633889 ], [ -71.5386804, 41.1623652 ], [ -71.5385439, 41.1621726 ], [ -71.5386403, 41.1619478 ], [ -71.5390586, 41.1616597 ], [ -71.5390645, 41.1611006 ], [ -71.5392348, 41.1605082 ], [ -71.5392418, 41.1600203 ], [ -71.5394862, 41.159452 ], [ -71.539465, 41.1590829 ], [ -71.5393525, 41.158803 ], [ -71.5390982, 41.1584845 ], [ -71.5390758, 41.1581967 ], [ -71.5395707, 41.1574872 ], [ -71.5393505, 41.1570483 ], [ -71.5391441, 41.156828 ], [ -71.5394213, 41.1560763 ], [ -71.5392135, 41.1557362 ], [ -71.5392378, 41.1554686 ], [ -71.5389446, 41.1553062 ], [ -71.5390144, 41.1549901 ], [ -71.5389074, 41.1546617 ], [ -71.538836, 41.154469 ], [ -71.5389502, 41.1542691 ], [ -71.539714, 41.1543619 ], [ -71.5398754, 41.1543408 ], [ -71.5403382, 41.1537171 ], [ -71.540744, 41.1534053 ], [ -71.5412763, 41.1527721 ], [ -71.5414367, 41.1524 ], [ -71.5413714, 41.1522177 ], [ -71.5414318, 41.1520392 ], [ -71.5412754, 41.151539 ], [ -71.5418145, 41.1511844 ], [ -71.5420621, 41.1507638 ], [ -71.5421128, 41.150429 ], [ -71.5418469, 41.1501242 ], [ -71.5420056, 41.1497321 ], [ -71.5424991, 41.1496078 ], [ -71.5428226, 41.1493456 ], [ -71.5430984, 41.1494424 ], [ -71.5432214, 41.1495778 ], [ -71.5431775, 41.1498013 ], [ -71.542965, 41.1498883 ], [ -71.5432426, 41.1498567 ], [ -71.5433843, 41.1497389 ], [ -71.5433356, 41.1495199 ], [ -71.5436988, 41.1493969 ], [ -71.5433815, 41.149226 ], [ -71.5433979, 41.1491233 ], [ -71.543568, 41.1489972 ], [ -71.5437673, 41.1490062 ], [ -71.543917, 41.1493311 ], [ -71.5440646, 41.1494135 ], [ -71.5443883, 41.149268 ], [ -71.5443882, 41.1491038 ], [ -71.5441087, 41.1488007 ], [ -71.5441368, 41.1486389 ], [ -71.5444674, 41.1487292 ], [ -71.5446655, 41.1491135 ], [ -71.5449863, 41.1491335 ], [ -71.5452612, 41.1489872 ], [ -71.5449672, 41.1484986 ], [ -71.5453308, 41.1483296 ], [ -71.5454045, 41.1481952 ], [ -71.5455864, 41.1481965 ], [ -71.5459487, 41.1484268 ], [ -71.5461731, 41.1484676 ], [ -71.5466892, 41.1482327 ], [ -71.5470414, 41.1479226 ], [ -71.5475768, 41.1476121 ], [ -71.5491774, 41.1468204 ], [ -71.5494874, 41.1463074 ], [ -71.5494969, 41.1457649 ], [ -71.5493066, 41.1454413 ], [ -71.549002, 41.1449464 ], [ -71.5488687, 41.1446418 ], [ -71.5490496, 41.1443277 ], [ -71.549297, 41.143947 ], [ -71.5496302, 41.1439851 ], [ -71.5499362, 41.1441357 ], [ -71.55, 41.1441398 ], [ -71.55, 41.1441162 ], [ -71.55, 41.1430986 ], [ -71.55, 41.1426458 ], [ -71.55, 41.142518 ], [ -71.55, 41.1424976 ], [ -71.55, 41.1423716 ], [ -71.55, 41.1423702 ] ], [ [ -71.5472181, 41.1743595 ], [ -71.547251, 41.1744551 ], [ -71.5473368, 41.1744615 ], [ -71.5473963, 41.1744131 ], [ -71.5473949, 41.1743627 ], [ -71.5473323, 41.1743301 ], [ -71.5472181, 41.1743595 ] ], [ [ -71.5420782, 41.1709027 ], [ -71.5421329, 41.1708462 ], [ -71.5422213, 41.1708616 ], [ -71.5423034, 41.1710532 ], [ -71.5422521, 41.1710997 ], [ -71.5421577, 41.1711139 ], [ -71.5420854, 41.1710398 ], [ -71.5420782, 41.1709027 ] ], [ [ -71.5434697, 41.1705959 ], [ -71.5434097, 41.1706714 ], [ -71.5434864, 41.1707295 ], [ -71.5437193, 41.1706908 ], [ -71.5438136, 41.1706172 ], [ -71.5437316, 41.1705589 ], [ -71.5434697, 41.1705959 ] ], [ [ -71.5393734, 41.1675435 ], [ -71.5393852, 41.1676174 ], [ -71.5394307, 41.1676503 ], [ -71.5395377, 41.1676145 ], [ -71.539559, 41.1675715 ], [ -71.5395268, 41.1675276 ], [ -71.5394414, 41.1675094 ], [ -71.5393734, 41.1675435 ] ] ] } },
{ "type": "Feature", "properties": { "RCID": 159, "PRIM": 3, "GRUP": 1, "OBJL": 42, "RVER": 1, "AGEN": 550, "FIDN": 907236566, "FIDS": 8691, "LNAM": "0226361354D621F3", "DRVAL1": 30.0, "DRVAL2": 50.0 }, "geometry": { "type": "Polygon", "coordinates": [ [ [ -71.5175858, 41.1346724 ], [ -71.5179141, 41.1354576 ], [ -71.5181283, 41.135943 ], [ -71.5190706, 41.1363427 ], [ -71.5201986, 41.1360773 ], [ -71.5219599, 41.1345967 ], [ -71.5221261, 41.1344814 ], [ -71.522264, 41.1344432 ], [ -71.528978, 41.1350372 ], [ -71.5291681, 41.1351166 ], [ -71.5291256, 41.1354782 ], [ -71.5292316, 41.135471 ], [ -71.5295319, 41.1351579 ], [ -71.5304215, 41.1347141 ], [ -71.530575, 41.1345633 ], [ -71.5305737, 41.1344745 ], [ -71.5304243, 41.1341291 ], [ -71.5300271, 41.1327182 ], [ -71.5299847, 41.132442 ], [ -71.5300907, 41.1322848 ], [ -71.53062, 41.1317996 ], [ -71.5306721, 41.1316718 ], [ -71.5307452, 41.1312454 ], [ -71.5312079, 41.1307376 ], [ -71.5312682, 41.1306532 ], [ -71.5312731, 41.130572 ], [ -71.5310839, 41.1303941 ], [ -71.5289161, 41.1288107 ], [ -71.5283774, 41.1286361 ], [ -71.5276569, 41.1284674 ], [ -71.5267739, 41.1283208 ], [ -71.5264069, 41.1283383 ], [ -71.5263265, 41.128381 ], [ -71.526273, 41.1284652 ], [ -71.5259949, 41.1293144 ], [ -71.5254394, 41.1299763 ], [ -71.5250071, 41.1310696 ], [ -71.5248691, 41.1312485 ], [ -71.5246408, 41.1312929 ], [ -71.5228603, 41.1314004 ], [ -71.5215159, 41.1315791 ], [ -71.520025, 41.1316042 ], [ -71.519375, 41.1317753 ], [ -71.5184624, 41.1322535 ], [ -71.5181743, 41.1325839 ], [ -71.5181583, 41.132635 ], [ -71.5182297, 41.13278 ], [ -71.518355, 41.1332775 ], [ -71.5184223, 41.1333714 ], [ -71.5184014, 41.1334362 ], [ -71.5177354, 41.133761 ], [ -71.5176286, 41.1342012 ], [ -71.5175858, 41.1346724 ] ] ] } },
{ "type": "Feature", "properties": { "RCID": 160, "PRIM": 3, "GRUP": 1, "OBJL": 42, "RVER": 1, "AGEN": 550, "FIDN": 768216965, "FIDS": 8691, "LNAM": "02262DCA0F8521F3", "DRVAL1": 30.0, "DRVAL2": 50.0 }, "geometry": { "type": "Polygon", "coordinates": [ [ [ -71.532608, 41.175 ], [ -71.5324967, 41.1748751 ], [ -71.5322624, 41.1741026 ], [ -71.5320117, 41.1735485 ], [ -71.5315765, 41.1722539 ], [ -71.5315371, 41.1714295 ], [ -71.5314193, 41.1710569 ], [ -71.5313249, 41.1705086 ], [ -71.5311042, 41.1697601 ], [ -71.5308495, 41.1691494 ], [ -71.5306842, 41.1685757 ], [ -71.5307459, 41.1680602 ], [ -71.5306524, 41.1678341 ], [ -71.530638, 41.1676386 ], [ -71.5306877, 41.1673322 ], [ -71.530257, 41.1667053 ], [ -71.5300803, 41.1659916 ], [ -71.5297297, 41.1653046 ], [ -71.5284289, 41.1644165 ], [ -71.5280477, 41.1636842 ], [ -71.5271261, 41.1637481 ], [ -71.5268617, 41.1637014 ], [ -71.5208945, 41.1608416 ], [ -71.5209711, 41.1606463 ], [ -71.5225691, 41.1594709 ], [ -71.5236313, 41.1585819 ], [ -71.5236394, 41.1584631 ], [ -71.5231396, 41.1581477 ], [ -71.5230637, 41.1580158 ], [ -71.5239668, 41.1572544 ], [ -71.5244456, 41.1566863 ], [ -71.5247473, 41.1562448 ], [ -71.5248458, 41.1559813 ], [ -71.5247259, 41.1553417 ], [ -71.5247234, 41.1551615 ], [ -71.5248187, 41.1550117 ], [ -71.5251752, 41.1546462 ], [ -71.5252246, 41.154537 ], [ -71.5251283, 41.1544077 ], [ -71.5245672, 41.1539795 ], [ -71.5244377, 41.1538413 ], [ -71.5244286, 41.1536991 ], [ -71.5245471, 41.153324 ], [ -71.5245528, 41.1531887 ], [ -71.5241299, 41.152363 ], [ -71.5228378, 41.1510212 ], [ -71.5222281, 41.15067 ], [ -71.5220377, 41.1504861 ], [ -71.521103, 41.149378 ], [ -71.5208275, 41.1486264 ], [ -71.5206943, 41.1488186 ], [ -71.5205955, 41.1491964 ], [ -71.5206135, 41.1492776 ], [ -71.5207463, 41.14941 ], [ -71.5207526, 41.1495134 ], [ -71.5204192, 41.1497835 ], [ -71.5201403, 41.1501092 ], [ -71.5199669, 41.1505099 ], [ -71.5196914, 41.1509482 ], [ -71.5196195, 41.1511654 ], [ -71.5195319, 41.1512648 ], [ -71.5194877, 41.1514824 ], [ -71.5191854, 41.1526956 ], [ -71.51875, 41.1534094 ], [ -71.5181574, 41.1540654 ], [ -71.5178782, 41.1546623 ], [ -71.5177531, 41.1549945 ], [ -71.5176616, 41.1554351 ], [ -71.5176566, 41.1556766 ], [ -71.5173398, 41.1557852 ], [ -71.5171533, 41.1559126 ], [ -71.5168905, 41.1562484 ], [ -71.5167377, 41.1565802 ], [ -71.516659, 41.1565858 ], [ -71.5161805, 41.1564331 ], [ -71.5160909, 41.1564265 ], [ -71.5160144, 41.1564633 ], [ -71.515959, 41.156585 ], [ -71.5158706, 41.157022 ], [ -71.5153511, 41.1575596 ], [ -71.515073, 41.1579958 ], [ -71.514773, 41.1582096 ], [ -71.5144691, 41.1582984 ], [ -71.5145473, 41.1584178 ], [ -71.5145522, 41.1585267 ], [ -71.5144244, 41.1586732 ], [ -71.5143449, 41.1591152 ], [ -71.5141772, 41.1593364 ], [ -71.514129, 41.1595187 ], [ -71.5139293, 41.1596377 ], [ -71.5138078, 41.159763 ], [ -71.513538, 41.1602168 ], [ -71.5132107, 41.1605509 ], [ -71.5130269, 41.1609098 ], [ -71.5128102, 41.1612172 ], [ -71.5123063, 41.1617035 ], [ -71.5122897, 41.1619305 ], [ -71.5124801, 41.1626324 ], [ -71.5130987, 41.1639292 ], [ -71.5128965, 41.1645122 ], [ -71.5131344, 41.1653926 ], [ -71.5137174, 41.1659042 ], [ -71.5149547, 41.1657376 ], [ -71.5155273, 41.1658079 ], [ -71.5160165, 41.165408 ], [ -71.5164255, 41.1652935 ], [ -71.5166122, 41.1651923 ], [ -71.5168922, 41.1649559 ], [ -71.5170394, 41.1647289 ], [ -71.517099, 41.1645152 ], [ -71.5174512, 41.1640489 ], [ -71.5180794, 41.1637919 ], [ -71.5188503, 41.163592 ], [ -71.5190638, 41.1636618 ], [ -71.5193444, 41.1636394 ], [ -71.5193731, 41.1636256 ], [ -71.5193417, 41.1635686 ], [ -71.5193687, 41.1635278 ], [ -71.5197029, 41.1634691 ], [ -71.5197722, 41.1633314 ], [ -71.5197732, 41.1626479 ], [ -71.5197337, 41.162407 ], [ -71.5194411, 41.1619216 ], [ -71.5192483, 41.1612577 ], [ -71.5195053, 41.161015 ], [ -71.5199836, 41.161015 ], [ -71.5206259, 41.1611315 ], [ -71.5207223, 41.1611851 ], [ -71.5218627, 41.1630036 ], [ -71.5221375, 41.1640417 ], [ -71.5221356, 41.1641704 ], [ -71.5220696, 41.164305 ], [ -71.5214858, 41.1651073 ], [ -71.5213403, 41.1652553 ], [ -71.5211162, 41.1653496 ], [ -71.5194776, 41.1658368 ], [ -71.5191514, 41.1660909 ], [ -71.5189998, 41.1663047 ], [ -71.5183974, 41.1667117 ], [ -71.5182191, 41.1668951 ], [ -71.5173878, 41.1673827 ], [ -71.5170132, 41.1677069 ], [ -71.5158834, 41.1684825 ], [ -71.5151983, 41.1687519 ], [ -71.5141174, 41.1694256 ], [ -71.5127639, 41.1700952 ], [ -71.5116072, 41.1705529 ], [ -71.5112998, 41.1707948 ], [ -71.5099194, 41.1712811 ], [ -71.5096505, 41.1713007 ], [ -71.5072044, 41.1725108 ], [ -71.5056417, 41.1729633 ], [ -71.5024815, 41.1729856 ], [ -71.5019558, 41.1731482 ], [ -71.5010082, 41.1732957 ], [ -71.4970693, 41.1734456 ], [ -71.4964568, 41.1734316 ], [ -71.4956659, 41.1732914 ], [ -71.494998, 41.1733948 ], [ -71.4940773, 41.1733425 ], [ -71.4933893, 41.1731529 ], [ -71.4924665, 41.1731609 ], [ -71.4920628, 41.1730819 ], [ -71.4916827, 41.1731535 ], [ -71.4910996, 41.1730658 ], [ -71.4909248, 41.1731483 ], [ -71.4906978, 41.1734194 ], [ -71.4904778, 41.1734885 ], [ -71.489924, 41.1733731 ], [ -71.4897398, 41.173141 ], [ -71.4884783, 41.1728061 ], [ -71.4880035, 41.1728294 ], [ -71.487963, 41.1730457 ], [ -71.4878775, 41.1730983 ], [ -71.4874179, 41.1730725 ], [ -71.4873728, 41.1728856 ], [ -71.4870895, 41.1728185 ], [ -71.4864347, 41.1730169 ], [ -71.4853579, 41.1737288 ], [ -71.4848943, 41.1737874 ], [ -71.4837751, 41.1741192 ], [ -71.4830425, 41.1740692 ], [ -71.4827532, 41.1741945 ], [ -71.482116, 41.1741925 ], [ -71.4809992, 41.1744795 ], [ -71.4799458, 41.1743997 ], [ -71.4796521, 41.1744582 ], [ -71.4795392, 41.1743704 ], [ -71.4793413, 41.1744297 ], [ -71.4790488, 41.1744544 ], [ -71.4781537, 41.1744065 ], [ -71.4779677, 41.1748652 ], [ -71.4778421, 41.175 ], [ -71.4778532, 41.175 ], [ -71.4779355, 41.175 ], [ -71.4794544, 41.175 ], [ -71.4797237, 41.175 ], [ -71.4799334, 41.175 ], [ -71.5042679, 41.175 ], [ -71.504938, 41.175 ], [ -71.5049447, 41.175 ], [ -71.5051322, 41.175 ], [ -71.5051348, 41.175 ], [ -71.5058081, 41.175 ], [ -71.5080923, 41.175 ], [ -71.5120553, 41.175 ], [ -71.5165982, 41.175 ], [ -71.5179167, 41.175 ], [ -71.519183, 41.175 ], [ -71.5229144, 41.175 ], [ -71.5247596, 41.175 ], [ -71.5285987, 41.175 ], [ -71.5324645, 41.175 ], [ -71.5325499, 41.175 ], [ -71.5325732, 41.175 ], [ -71.5325841, 41.175 ], [ -71.532608, 41.175 ] ], [ [ -71.5131483, 41.1629563 ], [ -71.5135957, 41.1630665 ], [ -71.5143491, 41.1630212 ], [ -71.5145849, 41.1631104 ], [ -71.5146738, 41.1630385 ], [ -71.5146996, 41.162905 ], [ -71.5146406, 41.1628335 ], [ -71.514433, 41.162765 ], [ -71.5135258, 41.1627032 ], [ -71.5133405, 41.1627715 ], [ -71.5132282, 41.1626849 ], [ -71.5130968, 41.1626483 ], [ -71.5130173, 41.1626813 ], [ -71.5129131, 41.1628175 ], [ -71.5129549, 41.1628749 ], [ -71.5131483, 41.1629563 ] ] ] } },
{ "type": "Feature", "properties": { "RCID": 161, "PRIM": 3, "GRUP": 1, "OBJL": 42, "RVER": 1, "AGEN": 550, "FIDN": 786336015, "FIDS": 8691, "LNAM": "02262EDE890F21F3", "DRVAL1": 2.0, "DRVAL2": 3.0 }, "geometry": { "type": "Polygon", "coordinates": [ [ [ -71.542629, 41.1559883 ], [ -71.5423288, 41.1557938 ], [ -71.5422556, 41.1556865 ], [ -71.5422934, 41.155636 ], [ -71.5424419, 41.1555926 ], [ -71.5427545, 41.1557484 ], [ -71.5427959, 41.1558038 ], [ -71.5427863, 41.155894 ], [ -71.5427261, 41.1559694 ], [ -71.542629, 41.1559883 ] ], [ [ -71.5423252, 41.1556741 ], [ -71.5423407, 41.15576 ], [ -71.5424621, 41.1558198 ], [ -71.5425978, 41.1559485 ], [ -71.5427024, 41.155948 ], [ -71.5427625, 41.1558424 ], [ -71.5427436, 41.1557814 ], [ -71.5424545, 41.155652 ], [ -71.5423252, 41.1556741 ] ] ] } }
]
}
