{
"type": "FeatureCollection",
"name": "COALNE",
"crs": { "type": "name", "properties": { "name": "urn:ogc:def:crs:OGC:1.3:CRS84" } },
"features": [
{ "type": "Feature", "properties": { "RCID": 96, "PRIM": 2, "GRUP": 2, "OBJL": 30, "RVER": 1, "AGEN": 550, "FIDN": 616847863, "FIDS": 48294, "LNAM": "022624C459F7BCA6", "SORDAT": "20020119", "SORIND": "US,US,graph,Chart 13200" }, "geometry": { "type": "LineString", "coordinates": [ [ -70.9467335, 41.5870636 ], [ -70.9460344, 41.5856182 ], [ -70.9456964, 41.5846667 ], [ -70.9451272, 41.5833334 ], [ -70.9432033, 41.5812835 ], [ -70.940148, 41.5804274 ], [ -70.9386647, 41.5774519 ], [ -70.938099, 41.5772211 ], [ -70.9372828, 41.5773794 ], [ -70.9362968, 41.5787812 ], [ -70.9336231, 41.580426 ], [ -70.9328859, 41.5816921 ], [ -70.932362, 41.5824484 ], [ -70.931691, 41.5833334 ], [ -70.9311336, 41.5845039 ], [ -70.9302244, 41.587685 ], [ -70.9288588, 41.5911023 ], [ -70.9275583, 41.5926156 ], [ -70.926973, 41.5946658 ], [ -70.9277534, 41.5979363 ], [ -70.9291839, 41.6021828 ], [ -70.9302894, 41.6061849 ], [ -70.9305495, 41.6079419 ], [ -70.9301593, 41.6104309 ], [ -70.929314, 41.6122853 ], [ -70.9285337, 41.6132613 ], [ -70.9272982, 41.6138957 ], [ -70.9254774, 41.6141885 ], [ -70.9241769, 41.6142373 ], [ -70.922031, 41.6134077 ], [ -70.9200152, 41.6114557 ], [ -70.9183245, 41.6083812 ], [ -70.9166338, 41.6056969 ], [ -70.9150731, 41.603403 ], [ -70.9144229, 41.6012554 ], [ -70.9134475, 41.5987173 ], [ -70.9120169, 41.5957886 ], [ -70.9101961, 41.5941289 ], [ -70.9071399, 41.5931526 ], [ -70.9027831, 41.591981 ], [ -70.9011574, 41.5913952 ], [ -70.900117, 41.5917857 ], [ -70.8994017, 41.5924203 ], [ -70.8992717, 41.5931526 ], [ -70.900117, 41.5943241 ], [ -70.9022629, 41.5962279 ], [ -70.9027831, 41.5972529 ], [ -70.9021328, 41.5988149 ], [ -70.9014175, 41.6007673 ], [ -70.9019378, 41.6040375 ], [ -70.9035634, 41.6076491 ], [ -70.9044088, 41.6099917 ], [ -70.9054492, 41.6113581 ], [ -70.9080503, 41.6141885 ], [ -70.9116918, 41.6176044 ], [ -70.9139027, 41.619849 ] ] } },
{ "type": "Feature", "properties": { "RCID": 97, "PRIM": 2, "GRUP": 2, "OBJL": 30, "RVER": 1, "AGEN": 550, "FIDN": -1338958651, "FIDS": 48294, "LNAM": "0226B0311CC5BCA6", "SORDAT": "20140818", "SORIND": "US,US,graph,GC-11187" }, "geometry": { "type": "LineString", "coordinates": [ [ -71.1916873, 41.4582076 ], [ -71.1908334, 41.4552674 ], [ -71.1934165, 41.4567403 ], [ -71.1948041, 41.4561156 ], [ -71.1965789, 41.4620972 ] ] } },
{ "type": "Feature", "properties": { "RCID": 98, "PRIM": 2, "GRUP": 2, "OBJL": 30, "RVER": 1, "AGEN": 550, "FIDN": -120179093, "FIDS": 48294, "LNAM": "0226F8D6366BBCA6", "SORDAT": "20111005", "SORIND": "US,US,graph,GC-10939" }, "geometry": { "type": "LineString", "coordinates": [ [ -72.0, 41.011299 ], [ -71.9924875, 41.0142596 ], [ -71.9870081, 41.0163347 ], [ -71.9809136, 41.0186639 ], [ -71.9676065, 41.0241693 ], [ -71.955194, 41.0281495 ], [ -71.9479254, 41.0304359 ], [ -71.945088, 41.0313536 ], [ -71.9378951, 41.0336798 ], [ -71.9375816, 41.0337812 ], [ -71.9260637, 41.0367448 ], [ -71.9214789, 41.0381842 ], [ -71.9183478, 41.0394127 ], [ -71.91695, 41.0397937 ], [ -71.9153285, 41.0398784 ], [ -71.9111665, 41.0394366 ], [ -71.9082257, 41.0392608 ], [ -71.906162, 41.0390069 ], [ -71.9040725, 41.039085 ], [ -71.9015961, 41.0405694 ], [ -71.9002289, 41.0418975 ], [ -71.8980878, 41.0431279 ], [ -71.8942496, 41.0450011 ], [ -71.8889379, 41.0472022 ], [ -71.8828435, 41.0494879 ], [ -71.8805581, 41.0500599 ], [ -71.8784823, 41.0506313 ], [ -71.876438, 41.051298 ], [ -71.8752744, 41.0517265 ], [ -71.874551, 41.052036 ], [ -71.8739534, 41.0525598 ], [ -71.8736389, 41.0533693 ], [ -71.8736389, 41.0541311 ], [ -71.8730099, 41.0552263 ], [ -71.871689, 41.0568689 ], [ -71.8706643, 41.0575591 ], [ -71.8685754, 41.0590596 ], [ -71.8669085, 41.0594643 ], [ -71.8667198, 41.0600119 ], [ -71.8664996, 41.0607736 ], [ -71.8661851, 41.0616306 ], [ -71.8644239, 41.0628446 ], [ -71.8641948, 41.06301 ], [ -71.8617191, 41.0647966 ], [ -71.8587823, 41.0672792 ], [ -71.8571304, 41.0691816 ], [ -71.8568111, 41.0699818 ], [ -71.8567742, 41.070329 ], [ -71.856693, 41.0710934 ], [ -71.8566839, 41.0711794 ], [ -71.8568535, 41.0720776 ], [ -71.857122, 41.072655 ], [ -71.85731, 41.0729047 ], [ -71.8587603, 41.0736753 ], [ -71.8588149, 41.0737521 ], [ -71.8603487, 41.0747659 ], [ -71.8615207, 41.0753509 ], [ -71.8637401, 41.075917 ], [ -71.866583, 41.0762347 ], [ -71.8684117, 41.0759831 ], [ -71.8717575, 41.0755113 ], [ -71.8733368, 41.0756528 ], [ -71.8744382, 41.0765964 ], [ -71.8764125, 41.0772726 ], [ -71.8787815, 41.077131 ], [ -71.8795296, 41.0771153 ], [ -71.880818, 41.0769895 ], [ -71.8828165, 41.0763477 ], [ -71.8857069, 41.075833 ], [ -71.8890224, 41.0754899 ], [ -71.8911792, 41.075428 ], [ -71.891261, 41.0754256 ], [ -71.8929046, 41.0759831 ], [ -71.8940948, 41.0764334 ], [ -71.8957853, 41.0774221 ], [ -71.8976412, 41.078796 ], [ -71.8985692, 41.0800478 ], [ -71.9002639, 41.0820933 ], [ -71.9008287, 41.0832229 ], [ -71.9013532, 41.0849019 ], [ -71.9018778, 41.0858788 ], [ -71.9026847, 41.0863673 ], [ -71.9037338, 41.0866115 ], [ -71.9047021, 41.0862452 ], [ -71.9065985, 41.0853598 ], [ -71.9096649, 41.0838029 ], [ -71.9148294, 41.08133 ], [ -71.9180169, 41.0802004 ], [ -71.9217289, 41.0800783 ], [ -71.9250099, 41.079958 ], [ -71.9280522, 41.079675 ], [ -71.9307205, 41.0793164 ], [ -71.9336315, 41.0789192 ], [ -71.9347853, 41.0790145 ], [ -71.936082, 41.0792032 ], [ -71.9368302, 41.07909 ], [ -71.9371793, 41.0787881 ], [ -71.9373838, 41.0784307 ], [ -71.9365365, 41.0764157 ], [ -71.9338332, 41.0747364 ], [ -71.9306054, 41.0736982 ], [ -71.9282652, 41.0727517 ], [ -71.9265303, 41.0721116 ], [ -71.9241901, 41.0713177 ], [ -71.9228183, 41.0714093 ], [ -71.9218499, 41.0714398 ], [ -71.9209219, 41.0714398 ], [ -71.9196308, 41.0711345 ], [ -71.9180976, 41.0706459 ], [ -71.9170082, 41.069852 ], [ -71.9164433, 41.0689665 ], [ -71.9160802, 41.0676232 ], [ -71.9152732, 41.064203 ], [ -71.9144259, 41.0627683 ], [ -71.9134576, 41.0622797 ], [ -71.9120858, 41.0618521 ], [ -71.9106736, 41.0615467 ], [ -71.9097052, 41.0612108 ], [ -71.9092614, 41.0609054 ], [ -71.9086965, 41.0601114 ], [ -71.9082527, 41.0592563 ], [ -71.9078089, 41.0573017 ], [ -71.9078089, 41.0558662 ], [ -71.9081317, 41.0528731 ], [ -71.9083738, 41.0514681 ], [ -71.908979, 41.0504296 ], [ -71.9096649, 41.0495744 ], [ -71.9103912, 41.0489024 ], [ -71.9121665, 41.0485053 ], [ -71.9129331, 41.0485358 ], [ -71.915596, 41.0496965 ], [ -71.9171292, 41.0500325 ], [ -71.9187835, 41.0504602 ], [ -71.9201957, 41.0512848 ], [ -71.9204817, 41.0514777 ], [ -71.9220517, 41.0525371 ], [ -71.9237772, 41.0546913 ], [ -71.9244921, 41.0555031 ], [ -71.9247985, 41.0558123 ], [ -71.9250027, 41.0557736 ], [ -71.9249517, 41.0548459 ], [ -71.9247474, 41.0526426 ], [ -71.9247474, 41.0519854 ], [ -71.9253602, 41.0519081 ], [ -71.926024, 41.0527585 ], [ -71.9261772, 41.0550779 ], [ -71.9264326, 41.0565467 ], [ -71.9279645, 41.0576677 ], [ -71.9294454, 41.0585567 ], [ -71.9318965, 41.0605666 ], [ -71.9350115, 41.0644703 ], [ -71.9352464, 41.0651005 ], [ -71.9354617, 41.0655351 ], [ -71.9354258, 41.0658339 ], [ -71.9350669, 41.0660512 ], [ -71.9346722, 41.0660783 ], [ -71.9337032, 41.0658882 ], [ -71.9327343, 41.0657253 ], [ -71.9316936, 41.0658882 ], [ -71.9310117, 41.0662142 ], [ -71.9308682, 41.0665129 ], [ -71.930904, 41.0669203 ], [ -71.9310835, 41.0676537 ], [ -71.9317653, 41.0695005 ], [ -71.932196, 41.0702881 ], [ -71.9334161, 41.0710486 ], [ -71.9346004, 41.0710486 ], [ -71.9350311, 41.0708856 ], [ -71.9355694, 41.0703968 ], [ -71.9358565, 41.0699351 ], [ -71.9360718, 41.0691474 ], [ -71.9365742, 41.0680067 ], [ -71.9373278, 41.0674092 ], [ -71.9380097, 41.0673277 ], [ -71.938548, 41.0677351 ], [ -71.938548, 41.0686314 ], [ -71.938225, 41.0708313 ], [ -71.9381173, 41.071809 ], [ -71.9380071, 41.0721459 ], [ -71.938111, 41.0723817 ], [ -71.9383186, 41.0725388 ], [ -71.9387963, 41.0725703 ], [ -71.939274, 41.0724288 ], [ -71.939627, 41.0722402 ], [ -71.9399385, 41.0721616 ], [ -71.9402085, 41.0723817 ], [ -71.9402085, 41.0726489 ], [ -71.9399593, 41.0730261 ], [ -71.9392532, 41.073419 ], [ -71.938225, 41.0737916 ], [ -71.9374714, 41.0742532 ], [ -71.9372919, 41.0746063 ], [ -71.9374356, 41.075464 ], [ -71.9377328, 41.0761138 ], [ -71.9381218, 41.0765554 ], [ -71.9381291, 41.0765636 ], [ -71.9387235, 41.0767885 ], [ -71.939483, 41.0767385 ], [ -71.9411672, 41.0761388 ], [ -71.9446676, 41.0748643 ], [ -71.9473095, 41.0737647 ], [ -71.9491918, 41.0734398 ], [ -71.950963, 41.0733088 ], [ -71.953549, 41.0732376 ], [ -71.9554298, 41.0732376 ], [ -71.9565112, 41.0728106 ], [ -71.9572635, 41.072099 ], [ -71.9591913, 41.071067 ], [ -71.9599436, 41.0705333 ], [ -71.9601317, 41.0696437 ], [ -71.9598496, 41.0686473 ], [ -71.9601317, 41.0677577 ], [ -71.9610251, 41.0659428 ], [ -71.9616834, 41.0647329 ], [ -71.9619655, 41.0640211 ], [ -71.9617774, 41.0630959 ], [ -71.9611191, 41.0620638 ], [ -71.9603198, 41.0607478 ], [ -71.9593794, 41.0589328 ], [ -71.9585331, 41.0561923 ], [ -71.9585331, 41.0538788 ], [ -71.958298, 41.0527045 ], [ -71.9576867, 41.0516723 ], [ -71.9574516, 41.0503197 ], [ -71.9577808, 41.0491094 ], [ -71.9586271, 41.047294 ], [ -71.9596615, 41.045977 ], [ -71.960884, 41.0446955 ], [ -71.9635171, 41.0430579 ], [ -71.9654449, 41.0421682 ], [ -71.9682191, 41.0411714 ], [ -71.9707581, 41.0409934 ], [ -71.9725919, 41.0411002 ], [ -71.9745667, 41.0419546 ], [ -71.9773408, 41.0432362 ], [ -71.9787984, 41.044233 ], [ -71.9803971, 41.0455501 ], [ -71.9806792, 41.0466536 ], [ -71.9806322, 41.0474367 ], [ -71.9808543, 41.0476608 ], [ -71.9813375, 41.0481486 ], [ -71.9834533, 41.0488249 ], [ -71.9864626, 41.0488961 ], [ -71.9892837, 41.0487893 ], [ -71.9913056, 41.0482201 ], [ -71.9928572, 41.0474726 ], [ -71.9939857, 41.046725 ], [ -71.9953022, 41.0443044 ], [ -71.997277, 41.0420261 ], [ -71.9988757, 41.0409943 ], [ -72.0, 41.0400775 ] ] } },
{ "type": "Feature", "properties": { "RCID": 99, "PRIM": 2, "GRUP": 2, "OBJL": 30, "RVER": 1, "AGEN": 550, "FIDN": 1727611723, "FIDS": 48294, "LNAM": "022666F9434BBCA6", "SORDAT": "20140818", "SORIND": "US,US,graph,GC-11187" }, "geometry": { "type": "LineString", "coordinates": [ [ -71.8375814, 41.3366973 ], [ -71.8421954, 41.3337922 ] ] } },
{ "type": "Feature", "properties": { "RCID": 100, "PRIM": 2, "GRUP": 2, "OBJL": 30, "RVER": 1, "AGEN": 550, "FIDN": -1342847405, "FIDS": 48294, "LNAM": "0226AFF5C653BCA6", "SORDAT": "20140818", "SORIND": "US,US,graph,GC-11187" }, "geometry": { "type": "LineString", "coordinates": [ [ -71.8982148, 41.3328289 ], [ -71.8943523, 41.3339132 ], [ -71.8917033, 41.3337583 ], [ -71.8892194, 41.3357359 ], [ -71.8875531, 41.3347305 ], [ -71.8859605, 41.3369661 ] ] } },
{ "type": "Feature", "properties": { "RCID": 101, "PRIM": 2, "GRUP": 2, "OBJL": 30, "RVER": 1, "AGEN": 550, "FIDN": 1710624926, "FIDS": 48294, "LNAM": "022665F6109EBCA6", "SORDAT": "20140818", "SORIND": "US,US,graph,GC-11187" }, "geometry": { "type": "LineString", "coordinates": [ [ -71.8387854, 41.333564 ], [ -71.8369935, 41.3334066 ], [ -71.8349013, 41.3357497 ] ] } },
{ "type": "Feature", "properties": { "RCID": 102, "PRIM": 2, "GRUP": 2, "OBJL": 30, "RVER": 1, "AGEN": 550, "FIDN": 1576973738, "FIDS": 48294, "LNAM": "02265DFEB5AABCA6", "SORDAT": "20140818", "SORIND": "US,US,graph,GC-11187" }, "geometry": { "type": "LineString", "coordinates": [ [ -71.8436798, 41.3332407 ], [ -71.8445969, 41.3314338 ], [ -71.8475082, 41.3310346 ], [ -71.8497959, 41.3302072 ], [ -71.8513379, 41.327608 ], [ -71.8530142, 41.3300412 ], [ -71.8535394, 41.3266527 ], [ -71.8578094, 41.3237569 ], [ -71.8599524, 41.3223385 ], [ -71.8615875, 41.3231578 ], [ -71.8624953, 41.329658 ], [ -71.8638134, 41.3282104 ], [ -71.8654343, 41.3278245 ], [ -71.8655795, 41.3299826 ], [ -71.8672592, 41.3298719 ], [ -71.8676977, 41.3283806 ], [ -71.8697733, 41.3284804 ], [ -71.8693623, 41.3314858 ] ] } },
{ "type": "Feature", "properties": { "RCID": 103, "PRIM": 2, "GRUP": 2, "OBJL": 30, "RVER": 1, "AGEN": 550, "FIDN": -1342725, "FIDS": 48294, "LNAM": "0226FFEB82FBBCA6", "SORDAT": "20140818", "SORIND": "US,US,graph,GC-11187" }, "geometry": { "type": "LineString", "coordinates": [ [ -71.9043373, 41.3315233 ], [ -71.9026417, 41.3337808 ], [ -71.9006618, 41.3351353 ], [ -71.9001352, 41.3329263 ], [ -71.8989403, 41.3354003 ] ] } },
{ "type": "Feature", "properties": { "RCID": 104, "PRIM": 2, "GRUP": 2, "OBJL": 30, "RVER": 1, "AGEN": 550, "FIDN": -127660207, "FIDS": 48294, "LNAM": "0226F8640F51BCA6", "SORDAT": "20140818", "SORIND": "US,US,graph,GC-11187" }, "geometry": { "type": "LineString", "coordinates": [ [ -71.8552501, 41.3147394 ], [ -71.8552019, 41.3166615 ], [ -71.8596011, 41.3173958 ], [ -71.8550546, 41.32031 ], [ -71.8534091, 41.3204013 ], [ -71.8535132, 41.3188296 ], [ -71.850039, 41.3197307 ], [ -71.8520155, 41.3215388 ], [ -71.8488992, 41.3227362 ], [ -71.8488253, 41.3243314 ], [ -71.844857, 41.3246259 ], [ -71.8425959, 41.3245475 ], [ -71.8410575, 41.3260644 ], [ -71.8410101, 41.3279843 ], [ -71.8473981, 41.3267312 ], [ -71.845784, 41.3293572 ], [ -71.8401772, 41.3323757 ] ] } },
{ "type": "Feature", "properties": { "RCID": 105, "PRIM": 2, "GRUP": 2, "OBJL": 30, "RVER": 1, "AGEN": 550, "FIDN": -1472383652, "FIDS": 48294, "LNAM": "0226A83D355CBCA6", "SORDAT": "20140818", "SORIND": "US,US,graph,GC-11187" }, "geometry": { "type": "LineString", "coordinates": [ [ -71.8573137, 41.3125605 ], [ -71.8595732, 41.3134007 ], [ -71.857632, 41.3155833 ], [ -71.8570891, 41.3149223 ] ] } },
{ "type": "Feature", "properties": { "RCID": 106, "PRIM": 2, "GRUP": 2, "OBJL": 30, "RVER": 1, "AGEN": 550, "FIDN": -2064966706, "FIDS": 48294, "LNAM": "022684EB1BCEBCA6", "SORDAT": "20140818", "SORIND": "US,US,graph,GC-11187" }, "geometry": { "type": "LineString", "coordinates": [ [ -71.8610377, 41.3107603 ], [ -71.8620452, 41.3125126 ], [ -71.8718516, 41.3113499 ], [ -71.8785636, 41.3099173 ], [ -71.8826914, 41.3098125 ], [ -71.8843057, 41.3077558 ], [ -71.8866627, 41.3080754 ], [ -71.8863639, 41.3067128 ], [ -71.8840257, 41.3057564 ], [ -71.8762335, 41.3091294 ], [ -71.8657119, 41.3109428 ], [ -71.8579338, 41.3081656 ], [ -71.8547918, 41.3077078 ], [ -71.8502689, 41.309501 ], [ -71.8353868, 41.3154013 ], [ -71.8222222, 41.318872 ], [ -71.7758442, 41.3277613 ], [ -71.763499, 41.328314 ], [ -71.7631893, 41.329956 ] ] } },
{ "type": "Feature", "properties": { "RCID": 107, "PRIM": 2, "GRUP": 2, "OBJL": 30, "RVER": 1, "AGEN": 550, "FIDN": 1258856164, "FIDS": 48294, "LNAM": "02264B089EE4BCA6", "SORDAT": "20140818", "SORIND": "US,US,graph,GC-11187" }, "geometry": { "type": "LineString", "coordinates": [ [ -71.5546026, 41.1744065 ], [ -71.5518723, 41.1675373 ], [ -71.5446437, 41.1650583 ], [ -71.5454606, 41.1630229 ], [ -71.5438012, 41.1606761 ], [ -71.5455685, 41.1592312 ], [ -71.5444325, 41.1572658 ], [ -71.5463009, 41.1564346 ], [ -71.5469098, 41.1532778 ], [ -71.5651226, 41.1490965 ], [ -71.5705945, 41.1492702 ], [ -71.5767883, 41.147749 ], [ -71.5805901, 41.1489991 ], [ -71.5926108, 41.146713 ], [ -71.601557, 41.1476474 ], [ -71.6073427, 41.1513386 ], [ -71.6117337, 41.15414 ], [ -71.6128307, 41.1599442 ], [ -71.6109534, 41.1632349 ], [ -71.6102608, 41.1699354 ], [ -71.6080895, 41.1729596 ], [ -71.6059426, 41.1810835 ], [ -71.6047365, 41.1825417 ], [ -71.5989439, 41.1846505 ], [ -71.5950137, 41.1885439 ], [ -71.5932584, 41.1936672 ], [ -71.5931988, 41.1993864 ] ] } },
{ "type": "Feature", "properties": { "RCID": 108, "PRIM": 2, "GRUP": 2, "OBJL": 30, "RVER": 1, "AGEN": 550, "FIDN": -597770335, "FIDS": 48294, "LNAM": "0226DC5EBFA1BCA6", "SORDAT": "20140818", "SORIND": "US,US,graph,GC-11187" }, "geometry": { "type": "LineString", "coordinates": [ [ -71.5581284, 41.1739142 ], [ -71.5642428, 41.1787878 ], [ -71.565436, 41.1838459 ], [ -71.5654662, 41.183974 ], [ -71.56638, 41.1878482 ], [ -71.5637685, 41.1966213 ], [ -71.5605646, 41.2015351 ], [ -71.5573716, 41.2036783 ], [ -71.5574255, 41.2062035 ], [ -71.5554234, 41.2083437 ], [ -71.5557504, 41.21028 ], [ -71.5544273, 41.2128731 ], [ -71.5558525, 41.2165976 ], [ -71.558472, 41.2188719 ], [ -71.5600626, 41.2216286 ], [ -71.5632143, 41.2243522 ], [ -71.5634812, 41.2258675 ], [ -71.5660808, 41.2249514 ], [ -71.5701284, 41.2251533 ], [ -71.5735117, 41.2270658 ], [ -71.5782069, 41.2322802 ], [ -71.5764184, 41.2217574 ], [ -71.5769305, 41.2113799 ], [ -71.5800832, 41.2039375 ], [ -71.582778, 41.2018149 ], [ -71.5884403, 41.1979101 ], [ -71.5907811, 41.1968476 ] ] } },
{ "type": "Feature", "properties": { "RCID": 109, "PRIM": 2, "GRUP": 2, "OBJL": 30, "RVER": 1, "AGEN": 550, "FIDN": 660425732, "FIDS": 48294, "LNAM": "0226275D4C04BCA6", "SORDAT": "20060522", "SORIND": "US,US,graph,GC-10641" }, "geometry": { "type": "LineString", "coordinates": [ [ -71.8349013, 41.3357497 ], [ -71.8345536, 41.33595 ], [ -71.8324996, 41.3360313 ], [ -71.8313368, 41.3354702 ], [ -71.8311483, 41.3353793 ], [ -71.8306255, 41.3354702 ], [ -71.8304457, 41.3355015 ], [ -71.8301212, 41.336357 ], [ -71.8297425, 41.3381902 ], [ -71.8289857, 41.3381901 ], [ -71.8275264, 41.3374567 ], [ -71.8268777, 41.3376195 ], [ -71.8268236, 41.3383529 ], [ -71.8269313, 41.3403898 ], [ -71.8258678, 41.3427247 ], [ -71.8260839, 41.343458 ], [ -71.8286781, 41.3455357 ], [ -71.8287861, 41.3465132 ], [ -71.8280833, 41.3467983 ], [ -71.827867, 41.3475315 ], [ -71.827776, 41.3497034 ], [ -71.8294514, 41.3514957 ], [ -71.8300997, 41.3532878 ], [ -71.8338292, 41.3542657 ], [ -71.8352343, 41.3554062 ], [ -71.8354861, 41.3581073 ], [ -71.8366209, 41.3602658 ], [ -71.8367286, 41.3627093 ], [ -71.8358093, 41.3649489 ], [ -71.8360794, 41.3653561 ], [ -71.83662, 41.3650711 ], [ -71.8370525, 41.3643789 ], [ -71.8377392, 41.3635376 ], [ -71.8381157, 41.3630763 ], [ -71.8390352, 41.3592484 ], [ -71.8390896, 41.3574565 ], [ -71.8382433, 41.3556647 ], [ -71.8373249, 41.352447 ], [ -71.8365683, 41.3517546 ], [ -71.8332713, 41.3504509 ], [ -71.8321904, 41.3496769 ], [ -71.8315424, 41.3476678 ], [ -71.8303535, 41.3464049 ], [ -71.8301915, 41.3455088 ], [ -71.8306244, 41.3431463 ], [ -71.8315793, 41.3415853 ], [ -71.8356338, 41.3385712 ], [ -71.8375814, 41.3366973 ] ] } },
{ "type": "Feature", "properties": { "RCID": 110, "PRIM": 2, "GRUP": 2, "OBJL": 30, "RVER": 1, "AGEN": 550, "FIDN": -1080660930, "FIDS": 48294, "LNAM": "0226BF966C3EBCA6", "SORDAT": "20060522", "SORIND": "US,US,graph,GC-10641" }, "geometry": { "type": "LineString", "coordinates": [ [ -71.7198869, 41.3321571 ], [ -71.7199936, 41.3330425 ], [ -71.7206342, 41.3341695 ], [ -71.7227697, 41.335699 ], [ -71.7240511, 41.3365845 ], [ -71.7258661, 41.3392408 ], [ -71.7267203, 41.3399652 ], [ -71.7274679, 41.3395629 ], [ -71.7278953, 41.3377117 ], [ -71.7280025, 41.335941 ], [ -71.7289636, 41.3357801 ], [ -71.7328082, 41.335378 ], [ -71.7341966, 41.3347343 ], [ -71.7359056, 41.3330442 ], [ -71.7382551, 41.3325614 ], [ -71.7437015, 41.3323205 ], [ -71.7462647, 41.3314353 ], [ -71.7484007, 41.3308721 ], [ -71.7492548, 41.3317576 ], [ -71.7496817, 41.333448 ], [ -71.7491475, 41.3348163 ], [ -71.7482931, 41.3350577 ], [ -71.7472254, 41.3340112 ], [ -71.7447691, 41.334011 ], [ -71.7418857, 41.3344131 ], [ -71.7408175, 41.3360228 ], [ -71.7394292, 41.3361032 ], [ -71.738041, 41.3355396 ], [ -71.73708, 41.3350565 ], [ -71.7347302, 41.336827 ], [ -71.7324873, 41.3387586 ], [ -71.7316324, 41.3414949 ], [ -71.7303507, 41.3427825 ], [ -71.7234327, 41.3464656 ], [ -71.7192675, 41.3482356 ], [ -71.7178791, 41.3492816 ], [ -71.715743, 41.3501667 ], [ -71.714675, 41.3508103 ], [ -71.7129663, 41.3507297 ], [ -71.7108308, 41.3492005 ], [ -71.7106176, 41.3471081 ], [ -71.7116857, 41.3459011 ], [ -71.7136082, 41.3442918 ], [ -71.7145695, 41.3430042 ], [ -71.7140358, 41.3413945 ], [ -71.714036, 41.3407507 ], [ -71.714997, 41.3409117 ], [ -71.7175599, 41.3418777 ], [ -71.7198026, 41.3410731 ], [ -71.7221522, 41.3401076 ], [ -71.7236474, 41.3397858 ], [ -71.7233273, 41.3380956 ], [ -71.7218325, 41.3360028 ], [ -71.71927, 41.3336683 ], [ -71.7184158, 41.3327828 ], [ -71.7181422, 41.3318199 ], [ -71.7180956, 41.3316558 ], [ -71.7185367, 41.3306867 ] ] } },
{ "type": "Feature", "properties": { "RCID": 111, "PRIM": 2, "GRUP": 2, "OBJL": 30, "RVER": 1, "AGEN": 550, "FIDN": 2086801701, "FIDS": 48294, "LNAM": "02267C621125BCA6", "SORDAT": "20060522", "SORIND": "US,US,graph,GC-10641" }, "geometry": { "type": "LineString", "coordinates": [ [ -71.6393375, 41.357251 ], [ -71.6394374, 41.3592991 ], [ -71.6393606, 41.3597034 ], [ -71.6393606, 41.3606366 ], [ -71.6394244, 41.362916 ], [ -71.6398978, 41.3637486 ], [ -71.6398973, 41.3669595 ], [ -71.6406339, 41.3671577 ], [ -71.6424229, 41.3669994 ], [ -71.6427914, 41.3662463 ], [ -71.6433706, 41.3639867 ], [ -71.6447387, 41.3634716 ], [ -71.6479486, 41.3631548 ], [ -71.6484222, 41.3627584 ], [ -71.6484228, 41.3595869 ], [ -71.6489491, 41.3590319 ], [ -71.6521588, 41.3586358 ], [ -71.6537106, 41.3578692 ], [ -71.6568155, 41.3556493 ], [ -71.6604462, 41.3554515 ], [ -71.6614985, 41.3550948 ], [ -71.6638962, 41.3531388 ], [ -71.668948, 41.3508 ], [ -71.6756307, 41.3497698 ], [ -71.6817438, 41.347549 ], [ -71.6891108, 41.3457654 ], [ -71.6933731, 41.3449331 ], [ -71.6949516, 41.344735 ], [ -71.6962144, 41.34533 ], [ -71.6975294, 41.3480661 ], [ -71.6975814, 41.3516346 ], [ -71.6948451, 41.352348 ], [ -71.6927926, 41.3539733 ], [ -71.6907324, 41.3565482 ], [ -71.6881009, 41.3594817 ], [ -71.6863119, 41.3596401 ], [ -71.6846807, 41.3596399 ], [ -71.6818921, 41.3585296 ], [ -71.6797874, 41.3581726 ], [ -71.6782615, 41.3583706 ], [ -71.6767354, 41.3590048 ], [ -71.6764682, 41.3610362 ], [ -71.6766783, 41.362622 ], [ -71.6770464, 41.364168 ], [ -71.6768884, 41.3653969 ], [ -71.6758359, 41.3656743 ], [ -71.6748361, 41.3655552 ], [ -71.674626, 41.3637318 ], [ -71.6754683, 41.361393 ], [ -71.6759421, 41.3598866 ], [ -71.675995, 41.3584197 ], [ -71.6749954, 41.3577457 ], [ -71.6717331, 41.3578246 ], [ -71.6659451, 41.3573086 ], [ -71.662788, 41.3569911 ], [ -71.6614199, 41.3571496 ], [ -71.6597884, 41.3592506 ], [ -71.65721, 41.3595676 ], [ -71.6561152, 41.3599203 ], [ -71.6553254, 41.3631314 ], [ -71.6537465, 41.3648754 ], [ -71.6513784, 41.3668968 ], [ -71.6496419, 41.3670948 ], [ -71.6491297, 41.3680442 ], [ -71.6496556, 41.3698279 ], [ -71.6496552, 41.3721269 ], [ -71.6483921, 41.3737122 ], [ -71.64856, 41.3749505 ], [ -71.6490334, 41.3760604 ], [ -71.6486648, 41.3770115 ], [ -71.647665, 41.3774474 ], [ -71.6475597, 41.3783193 ], [ -71.6487697, 41.3793103 ], [ -71.6487695, 41.3801029 ], [ -71.6476118, 41.3806972 ], [ -71.6456649, 41.3808159 ], [ -71.6451914, 41.3805385 ], [ -71.6451405, 41.370947 ], [ -71.6448775, 41.36952 ], [ -71.64372, 41.3693217 ], [ -71.6400367, 41.3696781 ], [ -71.6389315, 41.3707085 ], [ -71.6379318, 41.3705499 ], [ -71.6360904, 41.368766 ], [ -71.6351433, 41.3683299 ], [ -71.6327755, 41.368409 ], [ -71.6310389, 41.368924 ], [ -71.6301292, 41.3686088 ], [ -71.629498, 41.3669042 ], [ -71.6284459, 41.3656753 ], [ -71.6275514, 41.3652392 ], [ -71.6266917, 41.3653863 ] ] } },
{ "type": "Feature", "properties": { "RCID": 112, "PRIM": 2, "GRUP": 2, "OBJL": 30, "RVER": 1, "AGEN": 550, "FIDN": 1190250442, "FIDS": 48294, "LNAM": "022646F1C7CABCA6", "SORDAT": "200303", "SORIND": "US,US,graph,Chart 12300" }, "geometry": { "type": "LineString", "coordinates": [ [ -71.385809, 41.538606 ], [ -71.3878912, 41.5409301 ], [ -71.3877735, 41.5434909 ], [ -71.3873029, 41.5454335 ], [ -71.3873029, 41.5473761 ], [ -71.3875382, 41.5488771 ], [ -71.3880088, 41.5507313 ], [ -71.3880088, 41.5520556 ], [ -71.3878912, 41.5538213 ], [ -71.3870676, 41.5547042 ], [ -71.3847148, 41.5568231 ], [ -71.3809504, 41.5623847 ], [ -71.3775316, 41.5672068 ], [ -71.3757671, 41.5683542 ], [ -71.3716497, 41.5694134 ], [ -71.3700027, 41.5692369 ], [ -71.3667087, 41.568266 ], [ -71.3638854, 41.5657062 ], [ -71.3632972, 41.5627049 ], [ -71.3628267, 41.55988 ], [ -71.3618855, 41.5582027 ], [ -71.3617679, 41.5566136 ], [ -71.3617679, 41.5542299 ], [ -71.3620031, 41.5495505 ], [ -71.3617503, 41.5472013 ], [ -71.3630443, 41.5451705 ], [ -71.3648089, 41.5425214 ], [ -71.36575, 41.5410202 ], [ -71.3663383, 41.5389892 ], [ -71.3661031, 41.5353685 ], [ -71.3646914, 41.531041 ], [ -71.364456, 41.5261833 ], [ -71.3657661, 41.5201298 ], [ -71.3645376, 41.5177277 ] ] } },
{ "type": "Feature", "properties": { "RCID": 113, "PRIM": 2, "GRUP": 2, "OBJL": 30, "RVER": 1, "AGEN": 550, "FIDN": 1392081055, "FIDS": 48294, "LNAM": "022652F9789FBCA6", "SORDAT": "200904", "SORIND": "US,US,graph,Chart 13006" }, "geometry": { "type": "LineString", "coordinates": [ [ -71.2996515, 41.5833334 ], [ -71.2997171, 41.583825 ], [ -71.3004012, 41.585221 ], [ -71.3012225, 41.5863706 ], [ -71.3021802, 41.5869455 ], [ -71.3030563, 41.5869865 ], [ -71.3038772, 41.5865554 ], [ -71.3043698, 41.5856727 ], [ -71.3044792, 41.5847487 ], [ -71.3041782, 41.5835991 ], [ -71.304075, 41.5833334 ], [ -71.303809, 41.5830745 ], [ -71.3030614, 41.5828609 ], [ -71.3018865, 41.582674 ], [ -71.3005114, 41.5827141 ], [ -71.2997504, 41.5830211 ], [ -71.2996515, 41.5833334 ] ] } },
{ "type": "Feature", "properties": { "RCID": 114, "PRIM": 2, "GRUP": 2, "OBJL": 30, "RVER": 1, "AGEN": 550, "FIDN": 750978384, "FIDS": 48294, "LNAM": "02262CC30550BCA6", "SORDAT": "201206", "SORIND": "US,US,graph,Chart 12300" }, "geometry": { "type": "LineString", "coordinates": [ [ -71.0357555, 41.4802874 ], [ -71.0365712, 41.4804954 ], [ -71.0371291, 41.4803906 ], [ -71.0372686, 41.4802334 ], [ -71.0372686, 41.4793951 ], [ -71.0371989, 41.4789758 ], [ -71.0367804, 41.4789234 ], [ -71.0362923, 41.4789758 ], [ -71.0359376, 41.4791305 ], [ -71.0356624, 41.4794671 ], [ -71.0355762, 41.4799427 ], [ -71.0357555, 41.4802874 ] ] } },
{ "type": "Feature", "properties": { "RCID": 115, "PRIM": 2, "GRUP": 2, "OBJL": 30, "RVER": 1, "AGEN": 550, "FIDN": -1718385614, "FIDS": 48294, "LNAM": "022699938432BCA6", "SORDAT": "20020119", "SORIND": "US,US,graph,Chart 13200" }, "geometry": { "type": "LineString", "coordinates": [ [ -71.0728627, 41.5086321 ], [ -71.0701786, 41.5082042 ], [ -71.0595312, 41.5063643 ], [ -71.0517948, 41.5038024 ], [ -71.04169, 41.497914 ], [ -71.0395245, 41.4952101 ], [ -71.0407224, 41.4903914 ], [ -71.0398009, 41.4863004 ], [ -71.0382805, 41.4814463 ], [ -71.0368061, 41.4817237 ], [ -71.0354239, 41.4823478 ], [ -71.0346406, 41.485295 ], [ -71.034871, 41.4881033 ], [ -71.0376815, 41.4925755 ], [ -71.0376354, 41.4948982 ], [ -71.0347327, 41.4995086 ], [ -71.0296018, 41.5019663 ], [ -71.0217224, 41.5047911 ], [ -71.0204429, 41.5071123 ], [ -71.0188106, 41.5092696 ], [ -71.0131971, 41.5105849 ], [ -71.0042744, 41.5118576 ], [ -71.0008834, 41.5119589 ], [ -70.9912316, 41.510356 ], [ -70.9847841, 41.5088816 ], [ -70.9823121, 41.5089588 ], [ -70.9810712, 41.5112798 ], [ -70.9813976, 41.5142187 ], [ -70.9829121, 41.5181777 ], [ -70.9829296, 41.5222809 ], [ -70.9800956, 41.5272057 ], [ -70.9792666, 41.5299678 ], [ -70.9793736, 41.5344423 ], [ -70.9797219, 41.5354222 ], [ -70.9812939, 41.5362039 ], [ -70.9837359, 41.5380747 ], [ -70.9853024, 41.5399453 ], [ -70.9860396, 41.5421277 ], [ -70.9880208, 41.5442061 ], [ -70.9899559, 41.54431 ], [ -70.9937922, 41.5443134 ], [ -70.9991028, 41.543307 ], [ -71.0026295, 41.5435949 ], [ -71.0036205, 41.5444552 ], [ -71.0043312, 41.5450721 ], [ -71.0044234, 41.5492286 ], [ -71.0031794, 41.5537659 ], [ -71.0027153, 41.5539275 ], [ -71.0019183, 41.5539827 ], [ -71.0014524, 41.5537801 ], [ -71.001106, 41.5534195 ], [ -71.0006913, 41.5508565 ], [ -71.0009217, 41.5482934 ], [ -70.9996145, 41.5469073 ], [ -70.9969307, 41.546138 ], [ -70.9925361, 41.5461805 ], [ -70.986915, 41.545661 ], [ -70.9840123, 41.5429245 ], [ -70.9814782, 41.5389407 ], [ -70.9802153, 41.5380246 ], [ -70.9774522, 41.53602 ], [ -70.9767695, 41.5352312 ], [ -70.9769281, 41.5324654 ], [ -70.9765906, 41.5315885 ], [ -70.9754239, 41.5308805 ], [ -70.9741351, 41.5305825 ], [ -70.9728015, 41.5307459 ], [ -70.9721036, 41.5311312 ], [ -70.9706472, 41.5329425 ], [ -70.9682756, 41.5326361 ], [ -70.9665635, 41.5317173 ], [ -70.9630432, 41.5302304 ], [ -70.9610381, 41.5289906 ], [ -70.9594519, 41.5271653 ], [ -70.9579444, 41.5239535 ], [ -70.9576115, 41.5179095 ], [ -70.956854, 41.5162787 ], [ -70.9552156, 41.5147212 ], [ -70.9544168, 41.5143537 ], [ -70.9532344, 41.5143747 ], [ -70.9525992, 41.5149126 ], [ -70.9521286, 41.5158302 ], [ -70.9527276, 41.5195035 ], [ -70.9543402, 41.5242507 ], [ -70.954248, 41.5271613 ], [ -70.9527737, 41.528374 ], [ -70.9482123, 41.5296906 ], [ -70.9469222, 41.5337442 ], [ -70.946185, 41.5373472 ], [ -70.9452732, 41.5385039 ], [ -70.9434205, 41.5392179 ], [ -70.9390434, 41.5402225 ], [ -70.9354035, 41.5400493 ], [ -70.9313489, 41.5386636 ], [ -70.9294192, 41.5385436 ], [ -70.9282158, 41.5389407 ], [ -70.9282213, 41.5400955 ], [ -70.9288148, 41.5410885 ], [ -70.9327772, 41.5463191 ], [ -70.9337586, 41.5480153 ], [ -70.9352621, 41.5504664 ], [ -70.9352583, 41.556333 ], [ -70.9360667, 41.558535 ], [ -70.9367655, 41.5637225 ], [ -70.9389052, 41.5661637 ], [ -70.94139, 41.5684761 ], [ -70.9442335, 41.5708306 ], [ -70.9461291, 41.5729081 ], [ -70.9472612, 41.5749657 ], [ -70.9483934, 41.578052 ], [ -70.9492622, 41.5804655 ], [ -70.9495497, 41.5833334 ], [ -70.9494682, 41.5839399 ], [ -70.9496923, 41.5845517 ], [ -70.9500046, 41.5850127 ] ] } },
{ "type": "Feature", "properties": { "RCID": 116, "PRIM": 2, "GRUP": 2, "OBJL": 30, "RVER": 1, "AGEN": 550, "FIDN": -739594963, "FIDS": 48294, "LNAM": "0226D3EAAD2DBCA6", "SORDAT": "20140818", "SORIND": "US,US,graph,GC-11187" }, "geometry": { "type": "LineString", "coordinates": [ [ -71.3662219, 41.4990253 ], [ -71.3664544, 41.4965095 ], [ -71.3669479, 41.494652 ], [ -71.362472, 41.4875949 ], [ -71.3580275, 41.485336 ], [ -71.3600948, 41.4840756 ], [ -71.3550197, 41.4823959 ], [ -71.3531056, 41.4836183 ], [ -71.354742, 41.4789475 ], [ -71.3564246, 41.4796903 ], [ -71.3577344, 41.4774154 ], [ -71.3617681, 41.4767595 ], [ -71.3615199, 41.4796045 ], [ -71.3645189, 41.4767025 ], [ -71.3716611, 41.4776977 ], [ -71.3730631, 41.4766803 ], [ -71.3729432, 41.4749776 ], [ -71.3756567, 41.4740706 ], [ -71.376844, 41.4748364 ], [ -71.3776265, 41.4765794 ], [ -71.3765529, 41.4783301 ], [ -71.3781491, 41.4793009 ], [ -71.3780325, 41.4825575 ], [ -71.3796225, 41.4869529 ], [ -71.3814443, 41.4887113 ], [ -71.3806993, 41.4915801 ], [ -71.3843216, 41.4932602 ], [ -71.3852423, 41.4962051 ], [ -71.3837356, 41.5001475 ], [ -71.3781506, 41.5058979 ], [ -71.3910381, 41.5145146 ], [ -71.3924085, 41.5178046 ], [ -71.3922235, 41.52468 ], [ -71.3920178, 41.525312 ], [ -71.3916563, 41.5264227 ], [ -71.3895168, 41.5329958 ], [ -71.3867234, 41.5371827 ], [ -71.3859091, 41.5384501 ], [ -71.385809, 41.538606 ] ] } },
{ "type": "Feature", "properties": { "RCID": 117, "PRIM": 2, "GRUP": 2, "OBJL": 30, "RVER": 1, "AGEN": 550, "FIDN": 758969137, "FIDS": 48294, "LNAM": "02262D3CF331BCA6", "SORDAT": "20020119", "SORIND": "US,US,graph,Chart 13200" }, "geometry": { "type": "LineString", "coordinates": [ [ -70.9045132, 41.6253167 ], [ -70.9033895, 41.624333 ], [ -70.9025468, 41.6239817 ], [ -70.8999249, 41.6237007 ], [ -70.896273, 41.624052 ], [ -70.8938384, 41.6246141 ], [ -70.8919356, 41.6265567 ], [ -70.890375, 41.6290449 ], [ -70.8886843, 41.6316306 ], [ -70.8876439, 41.6321673 ], [ -70.8864734, 41.6321673 ], [ -70.8848743, 41.6316129 ], [ -70.8821166, 41.6309476 ], [ -70.8799057, 41.6299231 ], [ -70.8765991, 41.6283331 ], [ -70.8740229, 41.6275717 ], [ -70.8715248, 41.6261659 ], [ -70.8705099, 41.6254044 ], [ -70.870209, 41.6248216 ], [ -70.8699651, 41.6237116 ], [ -70.8695729, 41.6215383 ], [ -70.8694948, 41.6186093 ], [ -70.8697289, 41.6167346 ], [ -70.8695727, 41.6157973 ], [ -70.8691763, 41.6146509 ], [ -70.8686561, 41.6134797 ], [ -70.8676209, 41.6111689 ], [ -70.8656648, 41.6082091 ], [ -70.864223, 41.6039627 ], [ -70.8640846, 41.6034091 ], [ -70.8640383, 41.6029246 ], [ -70.8641306, 41.6024403 ], [ -70.8650073, 41.6017828 ], [ -70.8657917, 41.6010215 ], [ -70.8659761, 41.6002948 ], [ -70.86593, 41.599845 ], [ -70.865238, 41.5985646 ], [ -70.8641074, 41.5965786 ], [ -70.861453, 41.5939415 ], [ -70.8608285, 41.5930624 ], [ -70.8605162, 41.5921248 ], [ -70.8605162, 41.5911871 ], [ -70.8594232, 41.5893116 ], [ -70.8576015, 41.5845837 ], [ -70.8566742, 41.5833334 ], [ -70.8561376, 41.583186 ], [ -70.8545833, 41.5830087 ], [ -70.8535335, 41.5830633 ], [ -70.8528605, 41.5833334 ], [ -70.8525467, 41.5845597 ], [ -70.8518853, 41.5862381 ], [ -70.8506059, 41.5907584 ], [ -70.8501167, 41.5932727 ], [ -70.8499661, 41.5951936 ], [ -70.8509034, 41.5973422 ], [ -70.8515557, 41.5991227 ], [ -70.851615, 41.5998349 ], [ -70.8514371, 41.6003691 ], [ -70.8507255, 41.6010812 ], [ -70.8495988, 41.6015264 ], [ -70.8484721, 41.6018379 ], [ -70.8479384, 41.602283 ], [ -70.848057, 41.6030397 ], [ -70.84865, 41.6039744 ], [ -70.8496581, 41.6056212 ], [ -70.849836, 41.6077131 ], [ -70.849836, 41.6094043 ], [ -70.8498953, 41.6102944 ], [ -70.8503104, 41.6110065 ], [ -70.8510813, 41.6118966 ], [ -70.8524452, 41.6131872 ], [ -70.8530975, 41.6138992 ], [ -70.853394, 41.6152343 ], [ -70.853987, 41.6185718 ], [ -70.8546393, 41.6204852 ], [ -70.8555882, 41.6220871 ], [ -70.8566556, 41.6231995 ], [ -70.8574265, 41.6235555 ], [ -70.8587904, 41.623867 ], [ -70.8610438, 41.6240895 ], [ -70.8624077, 41.6250683 ], [ -70.8632379, 41.6264477 ], [ -70.8643647, 41.6294287 ], [ -70.8650763, 41.6312083 ], [ -70.8651356, 41.6323206 ], [ -70.8642461, 41.6330324 ], [ -70.8625856, 41.6337887 ], [ -70.8617554, 41.6337442 ], [ -70.860688, 41.6333883 ], [ -70.8580195, 41.6312528 ], [ -70.8561812, 41.6292952 ], [ -70.8551137, 41.6271151 ], [ -70.8546393, 41.6264032 ], [ -70.8540463, 41.6261807 ], [ -70.8529789, 41.6263142 ], [ -70.8519115, 41.627471 ], [ -70.8513185, 41.627738 ], [ -70.8508441, 41.627738 ], [ -70.8496581, 41.6269816 ], [ -70.8475233, 41.6251573 ], [ -70.8468117, 41.6254243 ], [ -70.8468117, 41.6261362 ], [ -70.8472861, 41.6274265 ], [ -70.84865, 41.6294732 ], [ -70.8487093, 41.6297846 ], [ -70.848057, 41.6304965 ], [ -70.8471675, 41.6307189 ], [ -70.8465151, 41.6307189 ], [ -70.8449733, 41.6301405 ], [ -70.841356, 41.6270261 ], [ -70.8385096, 41.6254243 ], [ -70.8356631, 41.6245789 ], [ -70.8332911, 41.6245344 ], [ -70.829911, 41.6249349 ], [ -70.8277761, 41.6256468 ], [ -70.8246925, 41.6271596 ], [ -70.8220833, 41.6286278 ], [ -70.8214903, 41.6294732 ], [ -70.8215496, 41.630363 ], [ -70.8215496, 41.6312083 ], [ -70.8213124, 41.6318312 ], [ -70.8201263, 41.6322761 ], [ -70.8187624, 41.6324095 ], [ -70.817695, 41.6316977 ], [ -70.8160346, 41.6292062 ], [ -70.8131882, 41.6259137 ], [ -70.8117057, 41.6249349 ], [ -70.8105196, 41.6243119 ], [ -70.808029, 41.6247569 ], [ -70.8042338, 41.6268036 ], [ -70.8014466, 41.6286278 ], [ -70.8005571, 41.6296066 ], [ -70.8002606, 41.630274 ], [ -70.8002013, 41.6312083 ], [ -70.8002013, 41.6326765 ], [ -70.8016838, 41.6363245 ], [ -70.8029885, 41.639394 ], [ -70.8040559, 41.6409954 ], [ -70.8052419, 41.6417961 ], [ -70.8066058, 41.6426413 ], [ -70.8087999, 41.6436199 ], [ -70.8120022, 41.6441092 ], [ -70.8144928, 41.6445095 ], [ -70.8163311, 41.6454436 ], [ -70.8181101, 41.6467336 ], [ -70.8195333, 41.6475342 ], [ -70.8208973, 41.6486017 ], [ -70.8221426, 41.6492244 ], [ -70.8241588, 41.6492244 ], [ -70.8248111, 41.6497581 ], [ -70.8247518, 41.6505587 ], [ -70.8208973, 41.6553175 ], [ -70.8181694, 41.656296 ], [ -70.8158678, 41.6563268 ], [ -70.8148486, 41.6563404 ], [ -70.8118243, 41.6563849 ], [ -70.8087406, 41.6572299 ], [ -70.806843, 41.6572744 ], [ -70.8040559, 41.6560291 ], [ -70.8, 41.6535957 ] ] } },
{ "type": "Feature", "properties": { "RCID": 118, "PRIM": 2, "GRUP": 2, "OBJL": 30, "RVER": 1, "AGEN": 550, "FIDN": -1962551475, "FIDS": 48294, "LNAM": "02268B05D74DBCA6", "SORDAT": "20140818", "SORIND": "US,US,graph,GC-11187" }, "geometry": { "type": "LineString", "coordinates": [ [ -71.3978342, 41.5065697 ], [ -71.3960801, 41.5034263 ], [ -71.4005753, 41.5000502 ], [ -71.4045593, 41.496468 ], [ -71.4039704, 41.5048185 ], [ -71.4009927, 41.5066492 ], [ -71.3978342, 41.5065697 ] ] } },
{ "type": "Feature", "properties": { "RCID": 119, "PRIM": 2, "GRUP": 2, "OBJL": 30, "RVER": 1, "AGEN": 550, "FIDN": 197675952, "FIDS": 48294, "LNAM": "02260BC84BB0BCA6", "SORDAT": "20060522", "SORIND": "US,US,graph,GC-10641" }, "geometry": { "type": "LineString", "coordinates": [ [ -72.0, 41.2535866 ], [ -71.9987189, 41.2540328 ], [ -71.9952455, 41.2557429 ], [ -71.9920496, 41.2591728 ], [ -71.9889247, 41.262924 ], [ -71.9859787, 41.2650204 ], [ -71.9775984, 41.2683426 ], [ -71.9724899, 41.2707297 ], [ -71.969081, 41.2717477 ], [ -71.9671636, 41.2726585 ], [ -71.9659897, 41.2744459 ], [ -71.9625098, 41.2753031 ], [ -71.9597511, 41.2753708 ], [ -71.9537746, 41.2755173 ], [ -71.9513599, 41.2755173 ], [ -71.9489058, 41.2754647 ], [ -71.9485711, 41.2758254 ], [ -71.9487624, 41.2759336 ], [ -71.9502946, 41.2761602 ], [ -71.9515348, 41.2764459 ], [ -71.9517764, 41.2774033 ], [ -71.9508747, 41.2781059 ], [ -71.9488941, 41.278272 ], [ -71.9476839, 41.2774419 ], [ -71.9465836, 41.2784379 ], [ -71.9454939, 41.2800839 ], [ -71.9442729, 41.280513 ], [ -71.9418523, 41.2803469 ], [ -71.9386615, 41.2796829 ], [ -71.9345905, 41.2804299 ], [ -71.9320598, 41.2812599 ], [ -71.9307394, 41.2816749 ], [ -71.9306294, 41.2833348 ], [ -71.9288789, 41.2840103 ], [ -71.9279694, 41.285756 ], [ -71.9273077, 41.2880004 ], [ -71.9270018, 41.2897103 ], [ -71.9247078, 41.2905049 ], [ -71.9228479, 41.2912529 ], [ -71.9216078, 41.2920944 ], [ -71.921607, 41.2927127 ], [ -71.9222672, 41.2930446 ], [ -71.9246878, 41.2931276 ], [ -71.9267783, 41.2926297 ], [ -71.9294836, 41.2921776 ], [ -71.9348991, 41.2917957 ], [ -71.9381087, 41.2917957 ], [ -71.9404281, 41.2914842 ], [ -71.9412059, 41.2910151 ], [ -71.9415951, 41.289314 ], [ -71.9426063, 41.2883168 ], [ -71.9433348, 41.287298 ], [ -71.9428507, 41.2865065 ], [ -71.9411557, 41.2860193 ], [ -71.9403486, 41.2854713 ], [ -71.9407524, 41.2840101 ], [ -71.9415597, 41.2834013 ], [ -71.9432549, 41.2832797 ], [ -71.9451112, 41.2841932 ], [ -71.9461604, 41.2847412 ], [ -71.9481783, 41.2848023 ], [ -71.9485126, 41.2845503 ], [ -71.9491471, 41.2840718 ], [ -71.9495508, 41.2829759 ], [ -71.9511652, 41.2831587 ], [ -71.9527794, 41.2838286 ], [ -71.9531827, 41.2854117 ], [ -71.9534245, 41.2872382 ], [ -71.9539963, 41.2878341 ], [ -71.95553, 41.2871645 ], [ -71.9584361, 41.2857645 ], [ -71.9602927, 41.2847906 ], [ -71.9630372, 41.2844256 ], [ -71.9653952, 41.2849291 ], [ -71.9671188, 41.285656 ], [ -71.967736, 41.285749 ], [ -71.9688471, 41.285563 ], [ -71.9696232, 41.2850529 ], [ -71.9695428, 41.2834698 ], [ -71.9704308, 41.2823131 ], [ -71.9714802, 41.2817652 ], [ -71.9736596, 41.2817045 ], [ -71.9752741, 41.2812175 ], [ -71.9768886, 41.2801826 ], [ -71.9781802, 41.279513 ], [ -71.9797138, 41.2795132 ], [ -71.9809244, 41.2804266 ], [ -71.9825414, 41.2809259 ], [ -71.9849629, 41.2811087 ], [ -71.9910485, 41.2811613 ], [ -71.9924207, 41.2809518 ], [ -71.9928245, 41.279795 ], [ -71.9929561, 41.2765058 ], [ -71.9938607, 41.2721575 ], [ -71.9964468, 41.2722223 ], [ -71.9981388, 41.2715489 ], [ -71.9988088, 41.2703759 ], [ -71.9982439, 41.2687315 ], [ -71.9982441, 41.2678789 ], [ -71.9996164, 41.2674528 ], [ -72.0, 41.2673949 ] ] } },
{ "type": "Feature", "properties": { "RCID": 120, "PRIM": 2, "GRUP": 2, "OBJL": 30, "RVER": 1, "AGEN": 550, "FIDN": -425245752, "FIDS": 48294, "LNAM": "0226E6A743C8BCA6", "SORDAT": "20020119", "SORIND": "US,US,graph,Chart 13200" }, "geometry": { "type": "LineString", "coordinates": [ [ -70.8450709, 41.6060199 ], [ -70.8444175, 41.605644 ], [ -70.8440691, 41.605219 ], [ -70.8439167, 41.604794 ], [ -70.8439167, 41.6044018 ], [ -70.8442869, 41.6040258 ], [ -70.84555, 41.6041239 ], [ -70.8465517, 41.6045816 ], [ -70.8470961, 41.6053334 ], [ -70.8467913, 41.606118 ], [ -70.8464428, 41.6062814 ], [ -70.8461162, 41.6062978 ], [ -70.8450709, 41.6060199 ] ] } },
{ "type": "Feature", "properties": { "RCID": 121, "PRIM": 2, "GRUP": 2, "OBJL": 30, "RVER": 1, "AGEN": 550, "FIDN": 1732335926, "FIDS": 48294, "LNAM": "022667415936BCA6", "SORDAT": "20060522", "SORIND": "US,US,graph,GC-10641" }, "geometry": { "type": "LineString", "coordinates": [ [ -71.9610263, 41.2953779 ], [ -71.959971, 41.2953778 ], [ -71.9585317, 41.2963183 ], [ -71.9583397, 41.2968971 ], [ -71.9592032, 41.2973313 ], [ -71.9612179, 41.2976209 ], [ -71.9620813, 41.2969698 ], [ -71.9618897, 41.2958122 ], [ -71.9610263, 41.2953779 ] ] } },
{ "type": "Feature", "properties": { "RCID": 122, "PRIM": 2, "GRUP": 2, "OBJL": 30, "RVER": 1, "AGEN": 550, "FIDN": -2006742519, "FIDS": 48294, "LNAM": "022688638A09BCA6", "SORDAT": "200303", "SORIND": "US,US,graph,Chart 12300" }, "geometry": { "type": "LineString", "coordinates": [ [ -71.5010417, 41.4081505 ], [ -71.5011461, 41.4076401 ], [ -71.5010939, 41.4073653 ], [ -71.5009373, 41.4070905 ], [ -71.5006764, 41.4068549 ], [ -71.5002588, 41.4064231 ], [ -71.4999979, 41.4058735 ], [ -71.4996494, 41.4047295 ], [ -71.499595, 41.4045507 ], [ -71.4990731, 41.4042366 ], [ -71.4983946, 41.4040796 ], [ -71.4977464, 41.4042707 ], [ -71.4971675, 41.405664 ], [ -71.4973617, 41.4075291 ], [ -71.4973617, 41.4082529 ], [ -71.4971691, 41.4091215 ], [ -71.4965918, 41.4098454 ], [ -71.4948595, 41.4104245 ], [ -71.4944745, 41.4108588 ], [ -71.4938972, 41.4115826 ], [ -71.4948595, 41.4152018 ], [ -71.4955615, 41.4167083 ], [ -71.4956658, 41.4174148 ], [ -71.4957181, 41.4189065 ], [ -71.4957703, 41.4196523 ], [ -71.495979, 41.4200841 ], [ -71.4962921, 41.4203196 ], [ -71.4966575, 41.4202803 ], [ -71.4971272, 41.4199663 ], [ -71.4983277, 41.418514 ], [ -71.4991105, 41.4179644 ], [ -71.4995803, 41.4174541 ], [ -71.5001544, 41.4167868 ], [ -71.5002066, 41.4157662 ], [ -71.4998413, 41.413882 ], [ -71.499215, 41.4127828 ], [ -71.498954, 41.4122332 ], [ -71.498954, 41.4116444 ], [ -71.4991628, 41.4107023 ], [ -71.4995803, 41.4097993 ], [ -71.5006764, 41.4085823 ], [ -71.5010417, 41.4081505 ] ] } },
{ "type": "Feature", "properties": { "RCID": 123, "PRIM": 2, "GRUP": 2, "OBJL": 30, "RVER": 1, "AGEN": 550, "FIDN": 768229491, "FIDS": 48294, "LNAM": "02262DCA4073BCA6", "SORDAT": "20140818", "SORIND": "US,US,graph,GC-11187" }, "geometry": { "type": "LineString", "coordinates": [ [ -71.456913, 41.432071 ], [ -71.4516063, 41.4373615 ], [ -71.4417356, 41.4417487 ], [ -71.4406803, 41.4385057 ], [ -71.4386972, 41.4410367 ], [ -71.4353263, 41.4418277 ], [ -71.434934, 41.4446749 ], [ -71.4322345, 41.4452592 ], [ -71.4311319, 41.4475384 ], [ -71.4322192, 41.4487773 ], [ -71.4305642, 41.4527845 ], [ -71.4287987, 41.4543858 ], [ -71.4268135, 41.453756 ], [ -71.4262199, 41.4580809 ], [ -71.4297143, 41.4614647 ], [ -71.4309915, 41.4655784 ], [ -71.4307389, 41.4705059 ], [ -71.4269966, 41.4726877 ], [ -71.4236996, 41.4728835 ], [ -71.4216258, 41.4715679 ], [ -71.4208944, 41.4688037 ], [ -71.4182458, 41.4724288 ], [ -71.4181727, 41.4821729 ] ] } },
{ "type": "Feature", "properties": { "RCID": 124, "PRIM": 2, "GRUP": 2, "OBJL": 30, "RVER": 1, "AGEN": 550, "FIDN": 1048982693, "FIDS": 48294, "LNAM": "02263E8634A5BCA6", "SORDAT": "20140818", "SORIND": "US,US,graph,GC-11187" }, "geometry": { "type": "LineString", "coordinates": [ [ -71.4531394, 41.419468 ], [ -71.4523235, 41.4146672 ], [ -71.4531344, 41.4087299 ], [ -71.4562298, 41.4073078 ], [ -71.4563789, 41.4046262 ], [ -71.4601828, 41.4025612 ], [ -71.4601911, 41.4025567 ], [ -71.4621208, 41.4015092 ], [ -71.4623118, 41.3980957 ], [ -71.4625966, 41.3958862 ], [ -71.4684834, 41.3938324 ], [ -71.4693982, 41.3919859 ], [ -71.4699039, 41.3909651 ], [ -71.4743895, 41.3869526 ], [ -71.4751827, 41.3833691 ], [ -71.4783261, 41.3801133 ] ] } },
{ "type": "Feature", "properties": { "RCID": 125, "PRIM": 2, "GRUP": 2, "OBJL": 30, "RVER": 1, "AGEN": 550, "FIDN": -1532463377, "FIDS": 48294, "LNAM": "0226A4A876EFBCA6", "SORDAT": "20140818", "SORIND": "US,US,graph,GC-11187" }, "geometry": { "type": "LineString", "coordinates": [ [ -71.4813491, 41.3752395 ], [ -71.4820142, 41.3740696 ] ] } },
{ "type": "Feature", "properties": { "RCID": 126, "PRIM": 2, "GRUP": 2, "OBJL": 30, "RVER": 1, "AGEN": 550, "FIDN": 765142332, "FIDS": 48294, "LNAM": "02262D9B253CBCA6", "SORDAT": "20140818", "SORIND": "US,US,graph,GC-11187" }, "geometry": { "type": "LineString", "coordinates": [ [ -71.5375781, 41.3733922 ], [ -71.5455415, 41.3742293 ] ] } },
{ "type": "Feature", "properties": { "RCID": 127, "PRIM": 2, "GRUP": 2, "OBJL": 30, "RVER": 1, "AGEN": 550, "FIDN": -2140634513, "FIDS": 48294, "LNAM": "02268068826FBCA6", "SORDAT": "200306", "SORIND": "US,US,graph,Chart 13006" }, "geometry": { "type": "LineString", "coordinates": [ [ -71.3673096, 41.6089822 ], [ -71.3665609, 41.6083458 ], [ -71.3662611, 41.6078218 ], [ -71.3661615, 41.6071854 ], [ -71.366311, 41.6061371 ], [ -71.3666608, 41.6056504 ], [ -71.367709, 41.6046395 ], [ -71.3691069, 41.6032918 ], [ -71.370355, 41.602206 ], [ -71.3719028, 41.6013822 ], [ -71.3727515, 41.601195 ], [ -71.3737001, 41.6010827 ], [ -71.3742993, 41.6014571 ], [ -71.3745488, 41.6020936 ], [ -71.3743993, 41.6029548 ], [ -71.37375, 41.6038907 ], [ -71.3727515, 41.6048642 ], [ -71.3720527, 41.606474 ], [ -71.3716034, 41.6081962 ], [ -71.3708543, 41.6090572 ], [ -71.3700556, 41.6093941 ], [ -71.3688574, 41.609469 ], [ -71.3673096, 41.6089822 ] ] } },
{ "type": "Feature", "properties": { "RCID": 128, "PRIM": 2, "GRUP": 2, "OBJL": 30, "RVER": 1, "AGEN": 550, "FIDN": -1164596919, "FIDS": 48294, "LNAM": "0226BA95A949BCA6", "SORDAT": "200306", "SORIND": "US,US,graph,Chart 13006" }, "geometry": { "type": "LineString", "coordinates": [ [ -71.327566, 41.5154446 ], [ -71.3281538, 41.5158124 ], [ -71.3292038, 41.5171266 ], [ -71.3292038, 41.5184408 ], [ -71.3279787, 41.5196235 ], [ -71.3260536, 41.5200178 ], [ -71.3248286, 41.5198864 ], [ -71.3229034, 41.5190979 ], [ -71.3192282, 41.5183094 ], [ -71.315903, 41.518835 ], [ -71.3151122, 41.5193695 ], [ -71.3141529, 41.5200178 ], [ -71.3131029, 41.5225145 ], [ -71.3131029, 41.5248799 ], [ -71.3139779, 41.5279021 ], [ -71.3141529, 41.5302671 ], [ -71.3136279, 41.532238 ], [ -71.3113527, 41.5355226 ], [ -71.3109583, 41.5366012 ], [ -71.3094121, 41.5408303 ], [ -71.3097621, 41.54464 ], [ -71.3101121, 41.5470044 ], [ -71.3099371, 41.5489748 ], [ -71.3087121, 41.5504196 ], [ -71.307487, 41.5523899 ], [ -71.3052118, 41.5572495 ], [ -71.3032867, 41.5604015 ], [ -71.3018866, 41.56224 ], [ -71.3011173, 41.5633946 ], [ -71.3003115, 41.5646039 ], [ -71.2978614, 41.5672303 ], [ -71.2950612, 41.5692 ], [ -71.2920861, 41.5706444 ], [ -71.2908184, 41.5715223 ], [ -71.2898109, 41.57222 ], [ -71.2878858, 41.5745836 ], [ -71.2871858, 41.5766843 ], [ -71.2871858, 41.5781286 ], [ -71.2914812, 41.5833334 ], [ -71.2921848, 41.5844703 ], [ -71.29233, 41.5875204 ], [ -71.2921848, 41.5900259 ], [ -71.2914587, 41.5914418 ], [ -71.2882639, 41.5932936 ], [ -71.2863757, 41.5938381 ], [ -71.2837619, 41.5960165 ], [ -71.2812931, 41.5990661 ], [ -71.2808573, 41.6009177 ], [ -71.2798409, 41.6035314 ], [ -71.2767911, 41.6079963 ], [ -71.2751937, 41.6115898 ], [ -71.2750482, 41.6145298 ], [ -71.2757743, 41.6182317 ], [ -71.2765004, 41.6213893 ], [ -71.2762102, 41.6228045 ], [ -71.2753389, 41.6238932 ], [ -71.2733056, 41.6256351 ], [ -71.2687426, 41.6276788 ], [ -71.26366, 41.6312713 ], [ -71.2617718, 41.634537 ], [ -71.2595934, 41.6368227 ], [ -71.2589134, 41.6373024 ], [ -71.2571247, 41.6385642 ], [ -71.2533489, 41.6401969 ], [ -71.2460879, 41.6412854 ], [ -71.2420213, 41.6416118 ], [ -71.2396978, 41.6420472 ], [ -71.2369387, 41.6432445 ], [ -71.2317106, 41.6479242 ], [ -71.2269183, 41.6526037 ], [ -71.2257563, 41.6544536 ], [ -71.2256111, 41.6577181 ], [ -71.2238297, 41.6604381 ], [ -71.2221415, 41.6617109 ], [ -71.2208347, 41.6612757 ], [ -71.2206892, 41.6596437 ], [ -71.2213995, 41.6575005 ], [ -71.2216902, 41.6555418 ], [ -71.2214034, 41.6515807 ], [ -71.2209676, 41.6467923 ], [ -71.2211127, 41.6437449 ], [ -71.2215023, 41.642723 ], [ -71.221984, 41.6414594 ], [ -71.221984, 41.6390649 ], [ -71.2221296, 41.6367791 ], [ -71.223146, 41.6356906 ], [ -71.2248886, 41.6360172 ], [ -71.2257599, 41.6372145 ], [ -71.2263409, 41.6384118 ], [ -71.2277931, 41.6393914 ], [ -71.2293906, 41.6392826 ], [ -71.2308429, 41.6386295 ], [ -71.2318593, 41.6367791 ], [ -71.2320049, 41.6353641 ], [ -71.2317142, 41.6338402 ], [ -71.228229, 41.6304655 ], [ -71.2267767, 41.6304655 ], [ -71.2251793, 41.6306833 ], [ -71.2230008, 41.6311188 ], [ -71.2216938, 41.6311188 ], [ -71.2208225, 41.6301391 ], [ -71.2209676, 41.6285061 ], [ -71.2216938, 41.627091 ], [ -71.2238721, 41.6261111 ], [ -71.2261957, 41.6254579 ], [ -71.2298264, 41.6248047 ], [ -71.2325855, 41.6242604 ], [ -71.2359258, 41.6239337 ], [ -71.2389756, 41.6234983 ], [ -71.241154, 41.6225185 ], [ -71.2424607, 41.621103 ], [ -71.2436179, 41.6171097 ], [ -71.2449251, 41.609052 ], [ -71.2449251, 41.605785 ], [ -71.2459419, 41.6028447 ], [ -71.2473938, 41.6009932 ], [ -71.2473938, 41.5992507 ], [ -71.2469583, 41.5973992 ], [ -71.2462322, 41.5940226 ], [ -71.246087, 41.5886855 ], [ -71.2457626, 41.5859118 ], [ -71.244896, 41.5843898 ], [ -71.2436253, 41.5833334 ], [ -71.2419978, 41.5795845 ], [ -71.241304, 41.5776762 ], [ -71.2410727, 41.5754208 ], [ -71.2389915, 41.5731653 ], [ -71.2385289, 41.5714302 ], [ -71.2394539, 41.5665718 ], [ -71.2419978, 41.5580688 ], [ -71.2413881, 41.5560101 ], [ -71.2410727, 41.5549449 ], [ -71.2382965, 41.5503454 ], [ -71.2376028, 41.5489568 ], [ -71.2385277, 41.5472211 ], [ -71.2394528, 41.5442703 ], [ -71.2382965, 41.5407986 ], [ -71.2382965, 41.5390627 ], [ -71.2385155, 41.5386244 ], [ -71.2389903, 41.5376739 ], [ -71.239684, 41.5361116 ], [ -71.239684, 41.5338546 ], [ -71.238759, 41.5310769 ], [ -71.2357527, 41.5293407 ], [ -71.2334401, 41.52691 ], [ -71.2329777, 41.5243055 ], [ -71.2332089, 41.5229164 ], [ -71.2329777, 41.5222218 ], [ -71.2329777, 41.52118 ], [ -71.2339027, 41.5197908 ], [ -71.235059, 41.5185753 ], [ -71.2355215, 41.5177071 ], [ -71.2348802, 41.5171051 ], [ -71.2329853, 41.5162982 ], [ -71.2329562, 41.5162858 ] ] } },
{ "type": "Feature", "properties": { "RCID": 129, "PRIM": 2, "GRUP": 2, "OBJL": 30, "RVER": 1, "AGEN": 550, "FIDN": -1511348485, "FIDS": 48294, "LNAM": "0226A5EAA6FBBCA6", "SORDAT": "200306", "SORIND": "US,US,graph,Chart 13006" }, "geometry": { "type": "LineString", "coordinates": [ [ -71.3223735, 41.58049 ], [ -71.3234434, 41.5790855 ], [ -71.3257613, 41.5783497 ], [ -71.3274552, 41.5771458 ], [ -71.3287034, 41.576477 ], [ -71.3299515, 41.5762764 ], [ -71.3310213, 41.5765439 ], [ -71.3333393, 41.5780823 ], [ -71.3353898, 41.5804231 ], [ -71.3371728, 41.5824963 ], [ -71.3384264, 41.5833334 ], [ -71.3384903, 41.5837501 ], [ -71.3382566, 41.5845621 ], [ -71.3375675, 41.5859525 ], [ -71.3374566, 41.5874779 ], [ -71.3390992, 41.590558 ], [ -71.3397559, 41.5935149 ], [ -71.3397559, 41.5970876 ], [ -71.3377849, 41.6036164 ], [ -71.335321, 41.6086667 ], [ -71.3325286, 41.6128542 ], [ -71.3305576, 41.6169186 ], [ -71.328915, 41.6223372 ], [ -71.3292731, 41.6264979 ], [ -71.3314087, 41.6296994 ], [ -71.334201, 41.6313001 ], [ -71.3384718, 41.6327775 ], [ -71.3417571, 41.6331469 ], [ -71.3452066, 41.6336394 ], [ -71.3481635, 41.634132 ], [ -71.3506271, 41.6348707 ], [ -71.3529268, 41.636225 ], [ -71.3545694, 41.6385641 ], [ -71.3548982, 41.641765 ], [ -71.3547336, 41.6471815 ], [ -71.3555549, 41.6485356 ], [ -71.3557191, 41.6497665 ], [ -71.3555549, 41.650628 ], [ -71.3548982, 41.6507512 ], [ -71.3540769, 41.6508742 ], [ -71.3532555, 41.6509974 ], [ -71.3519413, 41.6521051 ], [ -71.3512841, 41.6534591 ], [ -71.3501345, 41.6540745 ], [ -71.3484919, 41.6541976 ], [ -71.3471776, 41.6543207 ], [ -71.3468492, 41.6554284 ], [ -71.3471776, 41.6569053 ], [ -71.348656, 41.6584262 ], [ -71.3502987, 41.6594107 ], [ -71.3517771, 41.659903 ], [ -71.3522697, 41.6606414 ], [ -71.3524342, 41.6622414 ], [ -71.3519413, 41.6639642 ], [ -71.3500896, 41.6669848 ], [ -71.34894, 41.6682155 ], [ -71.3481004, 41.6682238 ], [ -71.3472973, 41.6676003 ], [ -71.3472973, 41.6657543 ], [ -71.3443852, 41.6628567 ], [ -71.3419213, 41.6610107 ], [ -71.3415929, 41.6596569 ], [ -71.3412641, 41.6553053 ], [ -71.3404428, 41.6523513 ], [ -71.3388006, 41.650628 ], [ -71.3373221, 41.6496433 ], [ -71.3365008, 41.6485356 ], [ -71.3358436, 41.6473045 ], [ -71.3360078, 41.6458275 ], [ -71.3371579, 41.6457043 ], [ -71.3381435, 41.646566 ], [ -71.3389647, 41.6479199 ], [ -71.3404428, 41.6486586 ], [ -71.3433998, 41.6480432 ], [ -71.3455349, 41.6466891 ], [ -71.346192, 41.6452118 ], [ -71.3453708, 41.642873 ], [ -71.3414288, 41.6394259 ], [ -71.3345298, 41.6368406 ], [ -71.3269737, 41.634255 ], [ -71.3210603, 41.6330238 ], [ -71.3158036, 41.6309307 ], [ -71.3103832, 41.6277292 ], [ -71.3080834, 41.6237889 ], [ -71.3067695, 41.6191094 ], [ -71.3066053, 41.613321 ], [ -71.3077297, 41.606323 ], [ -71.3111791, 41.596961 ], [ -71.3164358, 41.5891993 ], [ -71.3209433, 41.5845475 ], [ -71.3214516, 41.5833334 ], [ -71.3223735, 41.58049 ] ] } },
{ "type": "Feature", "properties": { "RCID": 130, "PRIM": 2, "GRUP": 2, "OBJL": 30, "RVER": 1, "AGEN": 550, "FIDN": 2035591205, "FIDS": 48294, "LNAM": "02267954A825BCA6", "SORDAT": "200306", "SORIND": "US,US,graph,Chart 13006" }, "geometry": { "type": "LineString", "coordinates": [ [ -71.2236105, 41.6886009 ], [ -71.224377, 41.6889637 ], [ -71.2252241, 41.6896592 ], [ -71.2256024, 41.6906235 ], [ -71.2257087, 41.6918978 ], [ -71.2256024, 41.6927739 ], [ -71.2245923, 41.693411 ], [ -71.2238323, 41.6931889 ], [ -71.2230344, 41.6930295 ], [ -71.2218644, 41.6920739 ], [ -71.221333, 41.6900828 ], [ -71.2214924, 41.6894058 ], [ -71.2219711, 41.6888084 ], [ -71.2226092, 41.6886092 ], [ -71.2236105, 41.6886009 ] ] } },
{ "type": "Feature", "properties": { "RCID": 131, "PRIM": 2, "GRUP": 2, "OBJL": 30, "RVER": 1, "AGEN": 550, "FIDN": 2128425415, "FIDS": 48294, "LNAM": "02267EDD31C7BCA6", "SORDAT": "200306", "SORIND": "US,US,graph,Chart 13006" }, "geometry": { "type": "LineString", "coordinates": [ [ -71.2179865, 41.6247415 ], [ -71.2188724, 41.6248587 ], [ -71.2199666, 41.6253276 ], [ -71.2202795, 41.6260309 ], [ -71.2204881, 41.6273202 ], [ -71.2199666, 41.6286876 ], [ -71.2190806, 41.6293126 ], [ -71.2180904, 41.6293517 ], [ -71.2172568, 41.6288829 ], [ -71.2170482, 41.6277108 ], [ -71.2167876, 41.6268513 ], [ -71.2167876, 41.6260698 ], [ -71.2169962, 41.6253667 ], [ -71.2174131, 41.624976 ], [ -71.2179865, 41.6247415 ] ] } },
{ "type": "Feature", "properties": { "RCID": 132, "PRIM": 2, "GRUP": 2, "OBJL": 30, "RVER": 1, "AGEN": 550, "FIDN": 711886503, "FIDS": 48294, "LNAM": "02262A6E86A7BCA6", "SORDAT": "200306", "SORIND": "US,US,graph,Chart 13006" }, "geometry": { "type": "LineString", "coordinates": [ [ -71.2222747, 41.6143762 ], [ -71.2233959, 41.6144279 ], [ -71.2239364, 41.614767 ], [ -71.2244088, 41.6153938 ], [ -71.2245785, 41.615918 ], [ -71.2246257, 41.6170172 ], [ -71.2245309, 41.6180452 ], [ -71.2240581, 41.6188607 ], [ -71.2230651, 41.6191797 ], [ -71.2218409, 41.6189722 ], [ -71.2213209, 41.6184404 ], [ -71.2209426, 41.6171995 ], [ -71.2209898, 41.6160649 ], [ -71.2212261, 41.6154269 ], [ -71.2216938, 41.6146771 ], [ -71.2222747, 41.6143762 ] ] } },
{ "type": "Feature", "properties": { "RCID": 133, "PRIM": 2, "GRUP": 2, "OBJL": 30, "RVER": 1, "AGEN": 550, "FIDN": -216085134, "FIDS": 48294, "LNAM": "0226F31ECD72BCA6", "SORDAT": "200306", "SORIND": "US,US,graph,Chart 13006" }, "geometry": { "type": "LineString", "coordinates": [ [ -71.3831027, 41.7555664 ], [ -71.3824824, 41.7551512 ], [ -71.382156, 41.7544429 ], [ -71.3821231, 41.7537591 ], [ -71.3821231, 41.7529775 ], [ -71.3823194, 41.752489 ], [ -71.3825807, 41.7520249 ], [ -71.3833315, 41.7518051 ], [ -71.384311, 41.7518539 ], [ -71.3846374, 41.7520005 ], [ -71.3852902, 41.7525378 ], [ -71.3855187, 41.7533682 ], [ -71.3857145, 41.7542964 ], [ -71.3856166, 41.7549314 ], [ -71.3848004, 41.7556641 ], [ -71.3837229, 41.7557618 ], [ -71.3831027, 41.7555664 ] ] } },
{ "type": "Feature", "properties": { "RCID": 134, "PRIM": 2, "GRUP": 2, "OBJL": 30, "RVER": 1, "AGEN": 550, "FIDN": -2093319708, "FIDS": 48294, "LNAM": "0226833A79E4BCA6", "SORDAT": "200306", "SORIND": "US,US,graph,Chart 13006" }, "geometry": { "type": "LineString", "coordinates": [ [ -71.2877428, 41.6511704 ], [ -71.2876516, 41.6503528 ], [ -71.2876516, 41.6492625 ], [ -71.2878335, 41.6478997 ], [ -71.2893794, 41.6462643 ], [ -71.2904704, 41.6455148 ], [ -71.2914706, 41.6453106 ], [ -71.2922888, 41.645583 ], [ -71.2926525, 41.6465369 ], [ -71.2924708, 41.6485811 ], [ -71.2912885, 41.6508296 ], [ -71.2905619, 41.6514424 ], [ -71.2905613, 41.6514429 ], [ -71.289561, 41.6517836 ], [ -71.2886517, 41.6517836 ], [ -71.2877428, 41.6511704 ] ] } },
{ "type": "Feature", "properties": { "RCID": 135, "PRIM": 2, "GRUP": 2, "OBJL": 30, "RVER": 1, "AGEN": 550, "FIDN": -754024412, "FIDS": 48294, "LNAM": "0226D30E8024BCA6", "SORDAT": "20161123", "SORIND": "US,US,graph,GC-11325" }, "geometry": { "type": "LineString", "coordinates": [ [ -70.8099152, 41.2607969 ], [ -70.8026425, 41.2589367 ], [ -70.8020254, 41.2577887 ], [ -70.8032267, 41.2547852 ], [ -70.8038025, 41.252617 ], [ -70.803713, 41.2505607 ], [ -70.8051417, 41.2495495 ], [ -70.8101521, 41.249548 ], [ -70.8220092, 41.2514725 ], [ -70.8252107, 41.2518156 ], [ -70.8315599, 41.2569639 ], [ -70.8320843, 41.258449 ], [ -70.8310851, 41.2598261 ], [ -70.8239342, 41.2595242 ], [ -70.8200045, 41.2598755 ], [ -70.8170496, 41.2619947 ], [ -70.8137017, 41.2625132 ], [ -70.8123294, 41.264351 ], [ -70.8099152, 41.2607969 ] ] } },
{ "type": "Feature", "properties": { "RCID": 136, "PRIM": 2, "GRUP": 2, "OBJL": 30, "RVER": 1, "AGEN": 550, "FIDN": 980443143, "FIDS": 48294, "LNAM": "02263A706007BCA6", "SORDAT": "200303", "SORIND": "US,US,graph,Chart 12300" }, "geometry": { "type": "LineString", "coordinates": [ [ -71.5105052, 41.4228912 ], [ -71.5114358, 41.4250919 ], [ -71.5114526, 41.4256055 ], [ -71.5113136, 41.4260863 ], [ -71.5109207, 41.4266151 ], [ -71.5108096, 41.4267197 ], [ -71.5103092, 41.4267405 ], [ -71.5096976, 41.426636 ], [ -71.5094475, 41.4264479 ], [ -71.5091139, 41.4259462 ], [ -71.5088916, 41.4255072 ], [ -71.5087804, 41.4252356 ], [ -71.5084468, 41.425131 ], [ -71.5081132, 41.425131 ], [ -71.5066122, 41.4254864 ], [ -71.5057783, 41.4254864 ], [ -71.5053335, 41.4253818 ], [ -71.5051112, 41.4251519 ], [ -71.5049444, 41.4250683 ], [ -71.5044996, 41.4250056 ], [ -71.5041661, 41.4250474 ], [ -71.5037213, 41.4252146 ], [ -71.5030264, 41.4252773 ], [ -71.5023315, 41.4251101 ], [ -71.5018589, 41.4248802 ], [ -71.501303, 41.4244412 ], [ -71.501164, 41.4242322 ], [ -71.501025, 41.4239186 ], [ -71.501025, 41.4233543 ], [ -71.500886, 41.4226435 ], [ -71.5008026, 41.4223509 ], [ -71.5006636, 41.4222254 ], [ -71.5000799, 41.4221627 ], [ -71.4998575, 41.4222672 ], [ -71.4994128, 41.4224972 ], [ -71.4989402, 41.4234796 ], [ -71.4989124, 41.4242949 ], [ -71.4989124, 41.4251728 ], [ -71.4989958, 41.4263643 ], [ -71.4993571, 41.4277439 ], [ -71.4998152, 41.4288988 ], [ -71.5009989, 41.4312353 ], [ -71.5021827, 41.4325703 ], [ -71.5024046, 41.4334047 ], [ -71.5023306, 41.4339054 ], [ -71.5021087, 41.434406 ], [ -71.5016648, 41.4353517 ], [ -71.5015908, 41.4362973 ], [ -71.5013689, 41.4365198 ], [ -71.5009989, 41.4364086 ], [ -71.4990753, 41.4340166 ], [ -71.4978176, 41.4319028 ], [ -71.496412, 41.4287875 ], [ -71.4952283, 41.425839 ], [ -71.4944884, 41.4233354 ], [ -71.4938966, 41.4201084 ], [ -71.4936006, 41.4177716 ], [ -71.4927423, 41.4153465 ], [ -71.4919724, 41.412596 ], [ -71.49178, 41.410135 ], [ -71.494056, 41.4069063 ], [ -71.4943459, 41.4059616 ], [ -71.4939594, 41.4033455 ], [ -71.4934763, 41.4026187 ], [ -71.4939594, 41.401892 ], [ -71.4948289, 41.4013833 ], [ -71.4953119, 41.4008018 ], [ -71.4951187, 41.4002931 ], [ -71.4944424, 41.4000024 ], [ -71.493573, 41.4000024 ], [ -71.4921238, 41.3997117 ], [ -71.4921238, 41.3986942 ], [ -71.4922205, 41.3980401 ], [ -71.4916408, 41.3961505 ], [ -71.4923171, 41.3944788 ], [ -71.4938628, 41.3922255 ], [ -71.4946356, 41.3909172 ], [ -71.496761, 41.3890273 ], [ -71.4986931, 41.3872827 ], [ -71.499466, 41.3866285 ], [ -71.4996592, 41.386047 ], [ -71.498983, 41.385102 ], [ -71.4986931, 41.3843024 ], [ -71.498983, 41.3832846 ], [ -71.4992728, 41.3829939 ], [ -71.5000457, 41.3829211 ], [ -71.5004321, 41.3829939 ], [ -71.5009152, 41.3835027 ], [ -71.5013016, 41.3839389 ], [ -71.5019778, 41.3840843 ], [ -71.5029439, 41.3837208 ], [ -71.5033303, 41.3832846 ], [ -71.5040066, 41.3832846 ], [ -71.5042964, 41.3835027 ], [ -71.5042964, 41.3837935 ], [ -71.5047795, 41.3848839 ], [ -71.5050692, 41.3851747 ], [ -71.5060786, 41.3853123 ], [ -71.5080641, 41.3849566 ], [ -71.5095132, 41.3849566 ], [ -71.5104793, 41.3846658 ], [ -71.5121216, 41.38343 ], [ -71.5134741, 41.3818307 ], [ -71.5138606, 41.380304 ], [ -71.5132396, 41.3779677 ], [ -71.5131843, 41.3777596 ], [ -71.5121216, 41.3767417 ] ] } },
{ "type": "Feature", "properties": { "RCID": 137, "PRIM": 2, "GRUP": 2, "OBJL": 30, "RVER": 1, "AGEN": 550, "FIDN": 238139323, "FIDS": 48294, "LNAM": "02260E31B7BBBCA6", "SORDAT": "20060522", "SORIND": "US,US,graph,GC-10641" }, "geometry": { "type": "LineString", "coordinates": [ [ -71.9611299, 41.3408857 ], [ -71.9609653, 41.3422166 ], [ -71.9611774, 41.3429628 ], [ -71.9626176, 41.3427757 ], [ -71.9637997, 41.3426137 ], [ -71.9655191, 41.3418848 ], [ -71.9675609, 41.3414799 ], [ -71.9704625, 41.3409939 ], [ -71.9716446, 41.3414799 ], [ -71.9726117, 41.3411559 ], [ -71.9729891, 41.3399259 ], [ -71.9737672, 41.3391797 ], [ -71.9741916, 41.3383802 ], [ -71.9738382, 41.3377405 ], [ -71.9732018, 41.336621 ], [ -71.9731313, 41.3351817 ], [ -71.9742632, 41.3337426 ], [ -71.9768806, 41.3302777 ], [ -71.9768809, 41.3291583 ], [ -71.9763151, 41.3286784 ], [ -71.9756078, 41.3288915 ], [ -71.9746175, 41.3301177 ], [ -71.9743344, 41.3310238 ], [ -71.9736978, 41.3315036 ], [ -71.9727866, 41.3317992 ], [ -71.9717352, 41.3320214 ], [ -71.9710212, 41.3318856 ], [ -71.9712306, 41.3314793 ], [ -71.9720795, 41.3304664 ], [ -71.9733031, 41.3294359 ], [ -71.9737067, 41.3276944 ], [ -71.9743434, 41.3267882 ], [ -71.9751062, 41.325882 ], [ -71.9748634, 41.3253939 ], [ -71.9742159, 41.3252109 ], [ -71.974083, 41.3253445 ], [ -71.9730704, 41.3263616 ], [ -71.9720799, 41.3284406 ], [ -71.9713019, 41.3288138 ], [ -71.9704532, 41.3285471 ], [ -71.970312, 41.3273209 ], [ -71.9702323, 41.3214104 ], [ -71.9691951, 41.3209412 ], [ -71.9684742, 41.3215627 ], [ -71.967908, 41.3233753 ], [ -71.9669093, 41.3249455 ], [ -71.9657376, 41.3256326 ], [ -71.9646313, 41.3255804 ], [ -71.9640094, 41.3261715 ], [ -71.9628068, 41.3275042 ], [ -71.9626651, 41.3289969 ], [ -71.9628057, 41.3334216 ], [ -71.9620975, 41.3388587 ], [ -71.9612486, 41.3399246 ], [ -71.9611299, 41.3408857 ] ] } },
{ "type": "Feature", "properties": { "RCID": 138, "PRIM": 2, "GRUP": 2, "OBJL": 30, "RVER": 1, "AGEN": 550, "FIDN": 847922316, "FIDS": 48294, "LNAM": "0226328A448CBCA6", "SORDAT": "20140818", "SORIND": "US,US,graph,GC-11187" }, "geometry": { "type": "LineString", "coordinates": [ [ -71.4917314, 41.3658362 ], [ -71.4977034, 41.3711414 ], [ -71.502297, 41.3734601 ], [ -71.5116866, 41.3753304 ], [ -71.5132684, 41.3750756 ], [ -71.5121216, 41.3767417 ] ] } },
{ "type": "Feature", "properties": { "RCID": 139, "PRIM": 2, "GRUP": 2, "OBJL": 30, "RVER": 1, "AGEN": 550, "FIDN": 762736023, "FIDS": 48294, "LNAM": "02262D766D97BCA6", "SORDAT": "20140818", "SORIND": "US,US,graph,GC-11187" }, "geometry": { "type": "LineString", "coordinates": [ [ -71.4821325, 41.3648687 ], [ -71.4804388, 41.3622884 ] ] } },
{ "type": "Feature", "properties": { "RCID": 140, "PRIM": 2, "GRUP": 2, "OBJL": 30, "RVER": 1, "AGEN": 550, "FIDN": -36773477, "FIDS": 48294, "LNAM": "0226FDCEE19BBCA6", "SORDAT": "20140818", "SORIND": "US,US,graph,GC-11187" }, "geometry": { "type": "LineString", "coordinates": [ [ -71.4811076, 41.3607041 ], [ -71.4872087, 41.3619993 ] ] } },
{ "type": "Feature", "properties": { "RCID": 141, "PRIM": 2, "GRUP": 2, "OBJL": 30, "RVER": 1, "AGEN": 550, "FIDN": -677514678, "FIDS": 48294, "LNAM": "0226D79DF24ABCA6", "SORDAT": "20140818", "SORIND": "US,US,graph,GC-11187" }, "geometry": { "type": "LineString", "coordinates": [ [ -71.4886406, 41.3605162 ], [ -71.4898645, 41.3647498 ] ] } },
{ "type": "Feature", "properties": { "RCID": 142, "PRIM": 2, "GRUP": 2, "OBJL": 30, "RVER": 1, "AGEN": 550, "FIDN": -688646405, "FIDS": 48294, "LNAM": "0226D6F416FBBCA6", "SORDAT": "20140818", "SORIND": "US,US,graph,GC-11187" }, "geometry": { "type": "LineString", "coordinates": [ [ -71.638795, 41.3573759 ], [ -71.6385031, 41.3556914 ], [ -71.6329678, 41.3583029 ], [ -71.6314482, 41.3590198 ], [ -71.619981, 41.3621569 ], [ -71.6018027, 41.3643055 ], [ -71.6016055, 41.3643288 ], [ -71.6011801, 41.3643791 ], [ -71.6004594, 41.3644643 ], [ -71.6001666, 41.3644989 ], [ -71.5996699, 41.3645576 ], [ -71.5953068, 41.3650733 ], [ -71.582778, 41.3689033 ], [ -71.5729957, 41.370462 ], [ -71.548722, 41.3743296 ] ] } },
{ "type": "Feature", "properties": { "RCID": 143, "PRIM": 2, "GRUP": 2, "OBJL": 30, "RVER": 1, "AGEN": 550, "FIDN": 208136560, "FIDS": 48294, "LNAM": "02260C67E970BCA6", "SORDAT": "201206", "SORIND": "US,US,graph,Chart 12300" }, "geometry": { "type": "LineString", "coordinates": [ [ -71.0597906, 41.5160834 ], [ -71.0616547, 41.5176514 ], [ -71.062398, 41.517783 ], [ -71.06434, 41.5178691 ], [ -71.0642841, 41.5182603 ], [ -71.0640403, 41.5187116 ], [ -71.0639089, 41.5189153 ], [ -71.0629898, 41.52046 ], [ -71.0624371, 41.5225552 ], [ -71.0612208, 41.5223824 ], [ -71.0594784, 41.521646 ], [ -71.059514, 41.5199205 ], [ -71.0568922, 41.5194259 ], [ -71.0552413, 41.5195843 ], [ -71.0551381, 41.5209292 ], [ -71.0559029, 41.5222528 ], [ -71.0552446, 41.5225114 ], [ -71.0525071, 41.5220611 ], [ -71.0515117, 41.5198234 ], [ -71.0519938, 41.5172551 ], [ -71.0552195, 41.5162952 ], [ -71.0576871, 41.5156897 ], [ -71.0597906, 41.5160834 ] ] } },
{ "type": "Feature", "properties": { "RCID": 144, "PRIM": 2, "GRUP": 2, "OBJL": 30, "RVER": 1, "AGEN": 550, "FIDN": 1615471766, "FIDS": 48294, "LNAM": "0226604A2496BCA6", "SORDAT": "201206", "SORIND": "US,US,graph,Chart 12300" }, "geometry": { "type": "LineString", "coordinates": [ [ -71.0560588, 41.5274457 ], [ -71.0575633, 41.5251603 ], [ -71.0594439, 41.5244475 ], [ -71.0604971, 41.5249566 ], [ -71.0601898, 41.5256243 ], [ -71.0595492, 41.5270158 ], [ -71.0586675, 41.5283298 ], [ -71.0577476, 41.5293348 ], [ -71.0565704, 41.5291088 ], [ -71.055758, 41.5284866 ], [ -71.0560588, 41.5274457 ] ] } },
{ "type": "Feature", "properties": { "RCID": 145, "PRIM": 2, "GRUP": 2, "OBJL": 30, "RVER": 1, "AGEN": 550, "FIDN": 436858733, "FIDS": 48294, "LNAM": "02261A09EF6DBCA6", "SORDAT": "20060522", "SORIND": "US,US,graph,GC-10641" }, "geometry": { "type": "LineString", "coordinates": [ [ -71.5156645, 41.3871759 ], [ -71.5158041, 41.3945195 ], [ -71.5161906, 41.3952473 ], [ -71.5162548, 41.3964117 ], [ -71.5154816, 41.3968968 ], [ -71.5140641, 41.3965085 ], [ -71.5130977, 41.3967025 ], [ -71.5128399, 41.3971391 ], [ -71.5127344, 41.4024153 ], [ -71.5120899, 41.4035796 ], [ -71.5120897, 41.4047438 ], [ -71.5118207, 41.4070157 ], [ -71.5115853, 41.4073539 ], [ -71.5110505, 41.4074183 ], [ -71.5102208, 41.407266 ], [ -71.5085452, 41.4091091 ], [ -71.5074498, 41.4095941 ], [ -71.5061228, 41.4098025 ], [ -71.5057361, 41.4106271 ], [ -71.5059937, 41.4116942 ], [ -71.510117, 41.4127617 ], [ -71.5106969, 41.4132468 ], [ -71.5105034, 41.4141684 ], [ -71.5088926, 41.4145562 ], [ -71.507475, 41.4147015 ], [ -71.5074104, 41.4156716 ], [ -71.5075557, 41.4158723 ], [ -71.5085699, 41.4172723 ], [ -71.5087908, 41.4188125 ], [ -71.5084041, 41.4193945 ], [ -71.5093059, 41.4208495 ], [ -71.5105052, 41.4228912 ] ] } },
{ "type": "Feature", "properties": { "RCID": 146, "PRIM": 2, "GRUP": 2, "OBJL": 30, "RVER": 1, "AGEN": 550, "FIDN": -664195857, "FIDS": 48294, "LNAM": "0226D8692CEFBCA6", "SORDAT": "20020119", "SORIND": "US,US,graph,Chart 13200" }, "geometry": { "type": "LineString", "coordinates": [ [ -70.8583588, 41.625084 ], [ -70.8589502, 41.6248332 ], [ -70.859815, 41.6250495 ], [ -70.8605562, 41.625513 ], [ -70.8607817, 41.6263707 ], [ -70.860748, 41.6269005 ], [ -70.8603778, 41.6271023 ], [ -70.8598394, 41.6271529 ], [ -70.8590428, 41.6270757 ], [ -70.8586053, 41.6268234 ], [ -70.8583697, 41.6265208 ], [ -70.8581678, 41.6261928 ], [ -70.8581067, 41.6256125 ], [ -70.8583588, 41.625084 ] ] } },
{ "type": "Feature", "properties": { "RCID": 147, "PRIM": 2, "GRUP": 2, "OBJL": 30, "RVER": 1, "AGEN": 550, "FIDN": 1895763622, "FIDS": 48294, "LNAM": "022670FF0EA6BCA6", "SORDAT": "200303", "SORIND": "US,US,graph,Chart 12300" }, "geometry": { "type": "LineString", "coordinates": [ [ -71.3472243, 41.5353013 ], [ -71.3479563, 41.5356676 ], [ -71.3483223, 41.535576 ], [ -71.3489322, 41.5350265 ], [ -71.3489322, 41.5332864 ], [ -71.3488103, 41.5327369 ], [ -71.3484442, 41.5317294 ], [ -71.3482003, 41.5299892 ], [ -71.3469803, 41.529165 ], [ -71.3458824, 41.5292566 ], [ -71.3450284, 41.5301725 ], [ -71.3451504, 41.5317294 ], [ -71.3453944, 41.5328285 ], [ -71.3468584, 41.534477 ], [ -71.3472243, 41.5353013 ] ] } },
{ "type": "Feature", "properties": { "RCID": 148, "PRIM": 2, "GRUP": 2, "OBJL": 30, "RVER": 1, "AGEN": 550, "FIDN": -1044873708, "FIDS": 48294, "LNAM": "0226C1B87E14BCA6", "SORDAT": "201206", "SORIND": "US,US,graph,Chart 12300" }, "geometry": { "type": "LineString", "coordinates": [ [ -71.5144479, 41.3760088 ], [ -71.5146594, 41.3766637 ], [ -71.5156723, 41.3779907 ], [ -71.5164889, 41.3789747 ], [ -71.5165532, 41.3790522 ], [ -71.5169936, 41.3805117 ], [ -71.517434, 41.3833312 ], [ -71.517443, 41.3843167 ], [ -71.5178508, 41.3849309 ], [ -71.5182331, 41.3850653 ], [ -71.5196541, 41.3848092 ], [ -71.520801, 41.3842141 ], [ -71.5216483, 41.3838944 ], [ -71.5226423, 41.3839327 ], [ -71.5238402, 41.3842783 ], [ -71.5243244, 41.3847773 ], [ -71.5248087, 41.3849501 ], [ -71.5255733, 41.3849309 ], [ -71.5263379, 41.3843167 ], [ -71.5275068, 41.3834576 ], [ -71.5288838, 41.3826551 ], [ -71.5293264, 41.3820995 ], [ -71.529155, 41.3815504 ], [ -71.529155, 41.381501 ], [ -71.5288925, 41.3810727 ], [ -71.5285645, 41.3805291 ], [ -71.5281927, 41.3800514 ], [ -71.5280396, 41.3796725 ], [ -71.5281927, 41.3794583 ], [ -71.5285645, 41.3793595 ], [ -71.5291331, 41.3793595 ], [ -71.5298111, 41.3793265 ], [ -71.5308828, 41.3792112 ], [ -71.5319326, 41.3789971 ], [ -71.5340323, 41.3780745 ], [ -71.5346009, 41.3776462 ], [ -71.5351259, 41.3771026 ], [ -71.5356508, 41.3769378 ], [ -71.5360882, 41.3770202 ], [ -71.5364381, 41.3772344 ], [ -71.5365037, 41.3776133 ], [ -71.536635, 41.3779428 ], [ -71.5369412, 41.3783711 ], [ -71.5374442, 41.3786676 ], [ -71.5378835, 41.3787882 ], [ -71.5385972, 41.3782699 ], [ -71.5391579, 41.3774444 ], [ -71.5394382, 41.3762158 ], [ -71.539897, 41.3756974 ], [ -71.5403303, 41.3756206 ], [ -71.5411459, 41.3759662 ], [ -71.5414517, 41.3769261 ], [ -71.5411204, 41.3777323 ], [ -71.5407595, 41.3785426 ], [ -71.5402948, 41.3788926 ], [ -71.5402808, 41.3792627 ], [ -71.540536, 41.3795647 ], [ -71.5409005, 41.3796745 ], [ -71.5417378, 41.3796111 ], [ -71.5421291, 41.3799243 ], [ -71.5420802, 41.3803848 ], [ -71.5417378, 41.3812138 ], [ -71.5411019, 41.3832217 ], [ -71.5407106, 41.3846587 ], [ -71.5403048, 41.3856795 ], [ -71.5402283, 41.3861978 ], [ -71.5399225, 41.3865433 ], [ -71.5392343, 41.3864857 ], [ -71.5383678, 41.3857179 ], [ -71.5378835, 41.3848541 ], [ -71.5375777, 41.3841055 ], [ -71.5371954, 41.3828962 ], [ -71.5368641, 41.3820324 ], [ -71.5364563, 41.3816868 ], [ -71.5359465, 41.3817444 ], [ -71.5356407, 41.3822435 ], [ -71.5356152, 41.3831265 ], [ -71.5358955, 41.3841631 ], [ -71.5358191, 41.384547 ], [ -71.5355897, 41.3848349 ], [ -71.534978, 41.3849501 ], [ -71.5341624, 41.3849117 ], [ -71.5336782, 41.384355 ], [ -71.533041, 41.3835104 ], [ -71.5327998, 41.3828824 ], [ -71.5325111, 41.3828033 ], [ -71.5321699, 41.3829022 ], [ -71.5318025, 41.3831987 ], [ -71.5311295, 41.3839327 ], [ -71.5308491, 41.3846046 ], [ -71.5307727, 41.3851996 ], [ -71.5317921, 41.3865241 ], [ -71.5340095, 41.3899406 ], [ -71.5345192, 41.3906124 ], [ -71.5345192, 41.3913225 ], [ -71.5341369, 41.3920519 ], [ -71.5341369, 41.3926277 ], [ -71.5348761, 41.3932034 ], [ -71.5360994, 41.3934337 ], [ -71.5391616, 41.3932859 ], [ -71.5395747, 41.3928193 ], [ -71.5396676, 41.391265 ], [ -71.5400754, 41.3907275 ], [ -71.5405597, 41.3906124 ], [ -71.5418595, 41.3907275 ], [ -71.5423438, 41.3913993 ], [ -71.5422163, 41.392359 ], [ -71.5415027, 41.3931459 ], [ -71.5406361, 41.3939519 ], [ -71.5403813, 41.3951994 ], [ -71.5401049, 41.3965573 ], [ -71.5396461, 41.3972021 ], [ -71.5388815, 41.397893 ], [ -71.5380557, 41.3981924 ], [ -71.5371688, 41.3984227 ], [ -71.5364653, 41.3983306 ], [ -71.5357007, 41.3976627 ], [ -71.5356701, 41.3969027 ], [ -71.535609, 41.3959125 ], [ -71.5350278, 41.3951755 ], [ -71.5337433, 41.3945076 ], [ -71.5333457, 41.3939318 ], [ -71.5333906, 41.3930537 ], [ -71.5330855, 41.3920942 ], [ -71.5326728, 41.3918509 ], [ -71.5323498, 41.3917969 ], [ -71.531596, 41.3924455 ], [ -71.5312012, 41.3929861 ], [ -71.5307885, 41.3931618 ], [ -71.5304296, 41.3931483 ], [ -71.530286, 41.392878 ], [ -71.5303937, 41.3925266 ], [ -71.5306629, 41.3918644 ], [ -71.5309679, 41.3913104 ], [ -71.5310756, 41.3906482 ], [ -71.5308962, 41.3897833 ], [ -71.5296756, 41.3876902 ], [ -71.5285745, 41.3859166 ], [ -71.528024, 41.3853407 ], [ -71.5275041, 41.3850643 ], [ -71.5267701, 41.3849492 ], [ -71.5253632, 41.3853407 ], [ -71.5245986, 41.3858936 ], [ -71.5230693, 41.3863542 ], [ -71.5219989, 41.3862621 ], [ -71.520592, 41.3859166 ], [ -71.5191545, 41.3858245 ], [ -71.5181147, 41.3859396 ], [ -71.5163408, 41.3866076 ], [ -71.5156645, 41.3871759 ] ] } },
{ "type": "Feature", "properties": { "RCID": 149, "PRIM": 2, "GRUP": 2, "OBJL": 30, "RVER": 1, "AGEN": 550, "FIDN": 1157598848, "FIDS": 48294, "LNAM": "022644FF8E80BCA6", "SORDAT": "20060522", "SORIND": "US,US,graph,GC-10641" }, "geometry": { "type": "LineString", "coordinates": [ [ -71.951798, 41.3260931 ], [ -71.9522876, 41.32613 ], [ -71.952924, 41.3260932 ], [ -71.953022, 41.3251337 ], [ -71.9527284, 41.3247278 ], [ -71.9521409, 41.3247646 ], [ -71.9515534, 41.3250966 ], [ -71.9515044, 41.3258716 ], [ -71.951798, 41.3260931 ] ] } },
{ "type": "Feature", "properties": { "RCID": 150, "PRIM": 2, "GRUP": 2, "OBJL": 30, "RVER": 1, "AGEN": 550, "FIDN": -1098850471, "FIDS": 48294, "LNAM": "0226BE80DF59BCA6", "SORDAT": "20140818", "SORIND": "US,US,graph,GC-11187" }, "geometry": { "type": "LineString", "coordinates": [ [ -71.3631712, 41.5016396 ], [ -71.364963, 41.500135 ] ] } },
{ "type": "Feature", "properties": { "RCID": 151, "PRIM": 2, "GRUP": 2, "OBJL": 30, "RVER": 1, "AGEN": 550, "FIDN": -2107248586, "FIDS": 48294, "LNAM": "02268265F036BCA6", "SORDAT": "20140818", "SORIND": "US,US,graph,GC-11187" }, "geometry": { "type": "LineString", "coordinates": [ [ -71.3863913, 41.4864397 ], [ -71.3846692, 41.4822907 ], [ -71.3842595, 41.4766969 ], [ -71.3815295, 41.4705975 ], [ -71.3819342, 41.4678131 ], [ -71.3839432, 41.4642768 ], [ -71.3883109, 41.4659276 ], [ -71.3902612, 41.4650768 ], [ -71.3892501, 41.4606142 ], [ -71.3906062, 41.4545485 ], [ -71.3961986, 41.4519769 ], [ -71.3994587, 41.4487084 ], [ -71.4006383, 41.4516766 ], [ -71.4006728, 41.4610634 ], [ -71.3990642, 41.4635218 ], [ -71.395327, 41.4652916 ], [ -71.3944859, 41.4671845 ], [ -71.3974383, 41.4737739 ], [ -71.3965804, 41.479846 ], [ -71.3977172, 41.4856556 ], [ -71.3981204, 41.4877157 ], [ -71.4001991, 41.4889189 ], [ -71.3984553, 41.4932293 ], [ -71.3950752, 41.49201 ], [ -71.3910859, 41.4918573 ], [ -71.3891937, 41.4931945 ], [ -71.3865099, 41.4918652 ], [ -71.3867378, 41.4895951 ], [ -71.3863913, 41.4864397 ] ] } },
{ "type": "Feature", "properties": { "RCID": 152, "PRIM": 2, "GRUP": 2, "OBJL": 30, "RVER": 1, "AGEN": 550, "FIDN": -451719352, "FIDS": 48294, "LNAM": "0226E5134F48BCA6", "SORDAT": "20140818", "SORIND": "US,US,graph,GC-11187" }, "geometry": { "type": "LineString", "coordinates": [ [ -71.1992021, 41.4955896 ], [ -71.2012629, 41.4979081 ], [ -71.2063083, 41.5000901 ], [ -71.2023585, 41.5123287 ] ] } },
{ "type": "Feature", "properties": { "RCID": 153, "PRIM": 2, "GRUP": 2, "OBJL": 30, "RVER": 1, "AGEN": 550, "FIDN": -1879868973, "FIDS": 48294, "LNAM": "02268FF379D3BCA6", "SORDAT": "20140818", "SORIND": "US,US,graph,GC-11187" }, "geometry": { "type": "LineString", "coordinates": [ [ -71.1384637, 41.4930285 ], [ -71.1299815, 41.4962482 ], [ -71.1204858, 41.4971503 ], [ -71.1189428, 41.4972969 ], [ -71.1158422, 41.4968578 ], [ -71.1133002, 41.5005224 ], [ -71.1097973, 41.4998369 ], [ -71.1081142, 41.5018054 ], [ -71.105501, 41.5004608 ], [ -71.1034581, 41.504037 ], [ -71.1004392, 41.504464 ], [ -71.0986241, 41.5034051 ], [ -71.0931566, 41.5042994 ], [ -71.0906267, 41.504899 ], [ -71.0851041, 41.5061756 ], [ -71.0877072, 41.5073628 ], [ -71.0910418, 41.5072005 ] ] } },
{ "type": "Feature", "properties": { "RCID": 154, "PRIM": 2, "GRUP": 2, "OBJL": 30, "RVER": 1, "AGEN": 550, "FIDN": 1352122079, "FIDS": 48294, "LNAM": "02265097BEDFBCA6", "SORDAT": "20140818", "SORIND": "US,US,graph,GC-11187" }, "geometry": { "type": "LineString", "coordinates": [ [ -71.4204871, 41.4861323 ], [ -71.4205298, 41.4903485 ], [ -71.419319, 41.4919118 ], [ -71.4211674, 41.4933096 ], [ -71.4217013, 41.499199 ], [ -71.417377, 41.5100646 ], [ -71.4144873, 41.5128618 ], [ -71.4158659, 41.5138175 ], [ -71.4147325, 41.5172792 ], [ -71.4155343, 41.5211412 ] ] } },
{ "type": "Feature", "properties": { "RCID": 155, "PRIM": 2, "GRUP": 2, "OBJL": 30, "RVER": 1, "AGEN": 550, "FIDN": -172646439, "FIDS": 48294, "LNAM": "0226F5B59FD9BCA6", "SORDAT": "20140818", "SORIND": "US,US,graph,GC-11187" }, "geometry": { "type": "LineString", "coordinates": [ [ -71.2477088, 41.4829902 ], [ -71.254007, 41.4864378 ], [ -71.2657905, 41.4891486 ], [ -71.2675352, 41.4887192 ], [ -71.2681441, 41.4845927 ], [ -71.2696887, 41.4842338 ], [ -71.2704114, 41.4818453 ], [ -71.2718583, 41.4823452 ], [ -71.2753055, 41.4795005 ], [ -71.277711, 41.4807821 ], [ -71.2795157, 41.4836984 ], [ -71.2824385, 41.4882746 ], [ -71.2859209, 41.488705 ], [ -71.2916995, 41.4874462 ], [ -71.2972159, 41.4850507 ] ] } },
{ "type": "Feature", "properties": { "RCID": 156, "PRIM": 2, "GRUP": 2, "OBJL": 30, "RVER": 1, "AGEN": 550, "FIDN": -10505260, "FIDS": 48294, "LNAM": "0226FF5FB3D4BCA6", "SORDAT": "20140818", "SORIND": "US,US,graph,GC-11187" }, "geometry": { "type": "LineString", "coordinates": [ [ -71.2968664, 41.4783493 ], [ -71.2967234, 41.4817295 ] ] } },
{ "type": "Feature", "properties": { "RCID": 157, "PRIM": 2, "GRUP": 2, "OBJL": 30, "RVER": 1, "AGEN": 550, "FIDN": 1660537038, "FIDS": 48294, "LNAM": "022662F9C8CEBCA6", "SORDAT": "20140818", "SORIND": "US,US,graph,GC-11187" }, "geometry": { "type": "LineString", "coordinates": [ [ -71.3231501, 41.4761263 ], [ -71.3217119, 41.4769375 ] ] } },
{ "type": "Feature", "properties": { "RCID": 158, "PRIM": 2, "GRUP": 2, "OBJL": 30, "RVER": 1, "AGEN": 550, "FIDN": -288716248, "FIDS": 48294, "LNAM": "0226EECA8A28BCA6", "SORDAT": "201206", "SORIND": "US,US,graph,Chart 12300" }, "geometry": { "type": "LineString", "coordinates": [ [ -70.8, 41.4681269 ], [ -70.8018287, 41.4671457 ], [ -70.8030713, 41.4641107 ], [ -70.8026527, 41.4624479 ], [ -70.8024018, 41.4610988 ], [ -70.8031439, 41.4600389 ], [ -70.8043557, 41.4595598 ], [ -70.8059231, 41.4594566 ], [ -70.8068527, 41.4592287 ], [ -70.8074843, 41.4586553 ], [ -70.8073001, 41.4554232 ], [ -70.8066551, 41.454834 ], [ -70.8057753, 41.4540304 ], [ -70.8053158, 41.4525505 ], [ -70.8057131, 41.4503329 ], [ -70.8024399, 41.4478849 ], [ -70.8010116, 41.4471465 ], [ -70.8, 41.4466234 ] ] } },
{ "type": "Feature", "properties": { "RCID": 159, "PRIM": 2, "GRUP": 2, "OBJL": 30, "RVER": 1, "AGEN": 550, "FIDN": -1032057806, "FIDS": 48294, "LNAM": "0226C27C0C32BCA6", "SORDAT": "20140818", "SORIND": "US,US,graph,GC-11187" }, "geometry": { "type": "LineString", "coordinates": [ [ -71.3292651, 41.5138083 ], [ -71.3263936, 41.5143131 ], [ -71.3223708, 41.5122228 ] ] } },
{ "type": "Feature", "properties": { "RCID": 160, "PRIM": 2, "GRUP": 2, "OBJL": 30, "RVER": 1, "AGEN": 550, "FIDN": -666818688, "FIDS": 48294, "LNAM": "0226D8412780BCA6", "SORDAT": "20140818", "SORIND": "US,US,graph,GC-11187" }, "geometry": { "type": "LineString", "coordinates": [ [ -71.0728627, 41.5086321 ], [ -71.088041, 41.5099054 ] ] } },
{ "type": "Feature", "properties": { "RCID": 161, "PRIM": 2, "GRUP": 2, "OBJL": 30, "RVER": 1, "AGEN": 550, "FIDN": 1924271274, "FIDS": 48294, "LNAM": "022672B20CAABCA6", "SORDAT": "200306", "SORIND": "US,US,graph,Chart 13006" }, "geometry": { "type": "LineString", "coordinates": [ [ -71.2779226, 41.6383825 ], [ -71.2793776, 41.6386551 ], [ -71.2808323, 41.6391323 ], [ -71.2831055, 41.6398819 ], [ -71.2852875, 41.6399272 ], [ -71.2871062, 41.640336 ], [ -71.2883793, 41.6412218 ], [ -71.2885609, 41.6429937 ], [ -71.287015, 41.6454468 ], [ -71.285924, 41.6490581 ], [ -71.2858332, 41.6513066 ], [ -71.2848905, 41.6526495 ], [ -71.2848878, 41.6526534 ], [ -71.2824944, 41.652587 ], [ -71.2805595, 41.6504208 ], [ -71.2791956, 41.6461963 ], [ -71.2791048, 41.6438794 ], [ -71.2779226, 41.6424714 ], [ -71.2764679, 41.6416535 ], [ -71.2758314, 41.6410402 ], [ -71.2755586, 41.6401544 ], [ -71.2756494, 41.6392003 ], [ -71.2763767, 41.638587 ], [ -71.2779226, 41.6383825 ] ] } },
{ "type": "Feature", "properties": { "RCID": 162, "PRIM": 2, "GRUP": 2, "OBJL": 30, "RVER": 1, "AGEN": 550, "FIDN": 461893506, "FIDS": 48294, "LNAM": "02261B87EF82BCA6", "SORDAT": "200306", "SORIND": "US,US,graph,Chart 13006" }, "geometry": { "type": "LineString", "coordinates": [ [ -71.3626455, 41.7054052 ], [ -71.3621164, 41.7047547 ], [ -71.3620406, 41.7043021 ], [ -71.3620787, 41.7036797 ], [ -71.3623809, 41.7033403 ], [ -71.3629853, 41.7029442 ], [ -71.3637408, 41.7028594 ], [ -71.3644585, 41.703114 ], [ -71.3651387, 41.7037645 ], [ -71.3651387, 41.7044152 ], [ -71.3649118, 41.7049809 ], [ -71.3641187, 41.7054618 ], [ -71.3634385, 41.7055466 ], [ -71.3626455, 41.7054052 ] ] } },
{ "type": "Feature", "properties": { "RCID": 163, "PRIM": 2, "GRUP": 2, "OBJL": 30, "RVER": 1, "AGEN": 550, "FIDN": -1652506483, "FIDS": 48294, "LNAM": "02269D80C08DBCA6", "SORDAT": "200306", "SORIND": "US,US,graph,Chart 13006" }, "geometry": { "type": "LineString", "coordinates": [ [ -71.3584539, 41.6619849 ], [ -71.3570425, 41.6599584 ], [ -71.3572781, 41.656522 ], [ -71.3585713, 41.6543191 ], [ -71.3599828, 41.6533497 ], [ -71.3615115, 41.6531736 ], [ -71.3638633, 41.6537023 ], [ -71.3645688, 41.6545834 ], [ -71.3657451, 41.6575793 ], [ -71.3673913, 41.6597821 ], [ -71.3680968, 41.6612799 ], [ -71.3675091, 41.6626017 ], [ -71.3652748, 41.6633065 ], [ -71.3619819, 41.6633065 ], [ -71.3584539, 41.6619849 ] ] } },
{ "type": "Feature", "properties": { "RCID": 164, "PRIM": 2, "GRUP": 2, "OBJL": 30, "RVER": 1, "AGEN": 550, "FIDN": -10859857, "FIDS": 48294, "LNAM": "0226FF5A4AAFBCA6", "SORDAT": "20140818", "SORIND": "US,US,graph,GC-11187" }, "geometry": { "type": "LineString", "coordinates": [ [ -71.7185367, 41.3306867 ], [ -71.7167567, 41.330554 ], [ -71.7145364, 41.3310666 ], [ -71.7124063, 41.331703 ], [ -71.7097505, 41.3329027 ], [ -71.7058289, 41.3339238 ], [ -71.7036404, 41.3358897 ], [ -71.6996074, 41.338189 ], [ -71.6941628, 41.3412941 ], [ -71.6798581, 41.3457229 ], [ -71.6616612, 41.3508489 ], [ -71.6388761, 41.3556134 ], [ -71.6393375, 41.357251 ] ] } },
{ "type": "Feature", "properties": { "RCID": 165, "PRIM": 2, "GRUP": 2, "OBJL": 30, "RVER": 1, "AGEN": 550, "FIDN": -1664918776, "FIDS": 48294, "LNAM": "02269CC35B08BCA6", "SORDAT": "20060522", "SORIND": "US,US,graph,GC-10641" }, "geometry": { "type": "LineString", "coordinates": [ [ -71.6266917, 41.364645 ], [ -71.6275054, 41.3646678 ], [ -71.6320085, 41.3660595 ], [ -71.6350604, 41.3659013 ], [ -71.6368494, 41.3655447 ], [ -71.6379547, 41.3643555 ], [ -71.638481, 41.3637214 ], [ -71.6381302, 41.3596884 ], [ -71.6378213, 41.3584137 ], [ -71.6377925, 41.3576069 ], [ -71.638795, 41.3573759 ] ] } },
{ "type": "Feature", "properties": { "RCID": 166, "PRIM": 2, "GRUP": 2, "OBJL": 30, "RVER": 1, "AGEN": 550, "FIDN": -238892640, "FIDS": 48294, "LNAM": "0226F1C2C9A0BCA6", "SORDAT": "20060522", "SORIND": "US,US,graph,GC-10641" }, "geometry": { "type": "LineString", "coordinates": [ [ -71.7623662, 41.3305627 ], [ -71.762219, 41.3299216 ] ] } },
{ "type": "Feature", "properties": { "RCID": 167, "PRIM": 2, "GRUP": 2, "OBJL": 30, "RVER": 1, "AGEN": 550, "FIDN": 882424905, "FIDS": 48294, "LNAM": "02263498BC49BCA6", "SORDAT": "20060522", "SORIND": "US,US,graph,GC-10641" }, "geometry": { "type": "LineString", "coordinates": [ [ -71.9358226, 41.3303685 ], [ -71.9352907, 41.3299886 ], [ -71.9349128, 41.3297565 ], [ -71.9347028, 41.3297038 ], [ -71.9344648, 41.3297038 ], [ -71.9343249, 41.3298409 ], [ -71.9342829, 41.3300097 ], [ -71.9342549, 41.3302313 ], [ -71.9341429, 41.3306217 ], [ -71.9340029, 41.3310859 ], [ -71.9340874, 41.3314163 ], [ -71.9344228, 41.3316135 ], [ -71.9347448, 41.3316873 ], [ -71.9351647, 41.3315185 ], [ -71.9356266, 41.3312758 ], [ -71.9359626, 41.3309066 ], [ -71.9359346, 41.3306428 ], [ -71.9358226, 41.3303685 ] ] } },
{ "type": "Feature", "properties": { "RCID": 168, "PRIM": 2, "GRUP": 2, "OBJL": 30, "RVER": 1, "AGEN": 550, "FIDN": 244508676, "FIDS": 48294, "LNAM": "02260E92E804BCA6", "SORDAT": "20060522", "SORIND": "US,US,graph,GC-10641" }, "geometry": { "type": "LineString", "coordinates": [ [ -71.994516, 41.2883687 ], [ -71.9943087, 41.2875345 ], [ -71.9932027, 41.2875864 ], [ -71.9920275, 41.288212 ], [ -71.9913361, 41.2890462 ], [ -71.9914742, 41.2894633 ], [ -71.9923729, 41.2895155 ], [ -71.9934789, 41.2894114 ], [ -71.994516, 41.2883687 ] ] } },
{ "type": "Feature", "properties": { "RCID": 169, "PRIM": 2, "GRUP": 2, "OBJL": 30, "RVER": 1, "AGEN": 550, "FIDN": 1199630337, "FIDS": 48294, "LNAM": "02264780E801BCA6", "SORDAT": "20060522", "SORIND": "US,US,graph,GC-10641" }, "geometry": { "type": "LineString", "coordinates": [ [ -71.9768164, 41.2937171 ], [ -71.9775176, 41.2939155 ], [ -71.9781312, 41.2935851 ], [ -71.9790079, 41.2925274 ], [ -71.979008, 41.2919325 ], [ -71.9783946, 41.2915358 ], [ -71.9769921, 41.2915356 ], [ -71.9767291, 41.2920645 ], [ -71.9768164, 41.2937171 ] ] } },
{ "type": "Feature", "properties": { "RCID": 170, "PRIM": 2, "GRUP": 2, "OBJL": 30, "RVER": 1, "AGEN": 550, "FIDN": -857394504, "FIDS": 48294, "LNAM": "0226CCE532B8BCA6", "SORDAT": "20140818", "SORIND": "US,US,graph,GC-11187" }, "geometry": { "type": "LineString", "coordinates": [ [ -71.3025672, 41.4603732 ], [ -71.2996202, 41.4591958 ], [ -71.3040817, 41.4585517 ], [ -71.3027967, 41.4571589 ], [ -71.3031073, 41.4557898 ], [ -71.3056892, 41.4541447 ], [ -71.3065283, 41.4511577 ], [ -71.3093409, 41.4510645 ], [ -71.3130798, 41.4503916 ], [ -71.3114651, 41.4555262 ], [ -71.3152949, 41.4547822 ], [ -71.31729, 41.4542107 ], [ -71.3178143, 41.4557755 ], [ -71.3202669, 41.4562371 ], [ -71.3204234, 41.4596397 ], [ -71.3221551, 41.4574906 ], [ -71.3227176, 41.4596145 ], [ -71.32531, 41.4585232 ], [ -71.3236562, 41.4545871 ], [ -71.3261959, 41.4519542 ], [ -71.3294429, 41.4548437 ], [ -71.331443, 41.4516811 ], [ -71.3341741, 41.4532568 ], [ -71.3345549, 41.4515995 ], [ -71.3347937, 41.4494671 ], [ -71.338064, 41.4494478 ], [ -71.3373131, 41.4515435 ], [ -71.3390976, 41.4517382 ], [ -71.3401479, 41.4535253 ], [ -71.3414187, 41.4512759 ], [ -71.3421983, 41.4528644 ], [ -71.3437939, 41.4543566 ], [ -71.345473, 41.4523789 ], [ -71.3478565, 41.4528866 ], [ -71.3514931, 41.4510432 ], [ -71.3514021, 41.4498756 ], [ -71.3556561, 41.4489459 ], [ -71.3566087, 41.4504968 ], [ -71.3575183, 41.4519776 ], [ -71.3573524, 41.4555696 ], [ -71.3593751, 41.4572786 ], [ -71.3588878, 41.4595225 ], [ -71.3612471, 41.4602652 ], [ -71.3625153, 41.4593136 ], [ -71.3632872, 41.4605909 ], [ -71.3629327, 41.4625158 ], [ -71.3614803, 41.4648768 ], [ -71.3583565, 41.4647415 ], [ -71.3574926, 41.4661474 ], [ -71.352978, 41.4695699 ], [ -71.3480552, 41.4706156 ], [ -71.3431523, 41.4748917 ], [ -71.3415849, 41.4762588 ] ] } },
{ "type": "Feature", "properties": { "RCID": 171, "PRIM": 2, "GRUP": 2, "OBJL": 30, "RVER": 1, "AGEN": 550, "FIDN": 174902943, "FIDS": 48294, "LNAM": "02260A6CCE9FBCA6", "SORDAT": "20140818", "SORIND": "US,US,graph,GC-11187" }, "geometry": { "type": "LineString", "coordinates": [ [ -71.1868969, 41.4599833 ], [ -71.185315, 41.4606974 ], [ -71.1823634, 41.4603786 ], [ -71.1807299, 41.459427 ], [ -71.1784941, 41.4610369 ], [ -71.1771126, 41.4591683 ], [ -71.1740977, 41.4605028 ], [ -71.1740012, 41.4616807 ], [ -71.1728968, 41.4605203 ], [ -71.1708937, 41.4606839 ], [ -71.1710311, 41.4583541 ], [ -71.1686938, 41.4614129 ], [ -71.1699529, 41.4641677 ], [ -71.1687405, 41.4679335 ], [ -71.1698357, 41.4694439 ], [ -71.1666106, 41.4717602 ], [ -71.1645206, 41.4719185 ], [ -71.1641927, 41.4702232 ], [ -71.1610124, 41.4700149 ], [ -71.1620877, 41.4738937 ], [ -71.1587694, 41.4761468 ], [ -71.1539322, 41.4768328 ], [ -71.1510813, 41.4762476 ], [ -71.1459382, 41.4778239 ], [ -71.146462, 41.4806826 ], [ -71.1447163, 41.4817502 ], [ -71.1428289, 41.4811081 ], [ -71.1400155, 41.4819552 ], [ -71.1383007, 41.4844699 ], [ -71.1399168, 41.4853499 ], [ -71.1408184, 41.4869074 ], [ -71.1412809, 41.4897056 ], [ -71.1399494, 41.4915235 ] ] } },
{ "type": "Feature", "properties": { "RCID": 172, "PRIM": 2, "GRUP": 2, "OBJL": 30, "RVER": 1, "AGEN": 550, "FIDN": -679485722, "FIDS": 48294, "LNAM": "0226D77FDEE6BCA6", "SORDAT": "20140818", "SORIND": "US,US,graph,GC-11187" }, "geometry": { "type": "LineString", "coordinates": [ [ -71.1898079, 41.4586912 ], [ -71.1873539, 41.4580492 ], [ -71.1879762, 41.4588197 ] ] } },
{ "type": "Feature", "properties": { "RCID": 173, "PRIM": 2, "GRUP": 2, "OBJL": 30, "RVER": 1, "AGEN": 550, "FIDN": 378466057, "FIDS": 48294, "LNAM": "0226168EEF09BCA6", "SORDAT": "201206", "SORIND": "US,US,graph,Chart 12300" }, "geometry": { "type": "LineString", "coordinates": [ [ -71.086657, 41.519677 ], [ -71.0884959, 41.5208159 ], [ -71.0895879, 41.5222842 ], [ -71.0905951, 41.5229508 ], [ -71.0912406, 41.5233253 ], [ -71.0917802, 41.5234576 ], [ -71.0926408, 41.5232852 ], [ -71.0928737, 41.5228106 ], [ -71.0926096, 41.5222977 ], [ -71.0916539, 41.52205 ], [ -71.090664, 41.521264 ], [ -71.0902829, 41.5203488 ], [ -71.089746, 41.5185243 ], [ -71.0887968, 41.5184774 ], [ -71.0871616, 41.5188655 ], [ -71.086657, 41.519677 ] ] } },
{ "type": "Feature", "properties": { "RCID": 174, "PRIM": 2, "GRUP": 2, "OBJL": 30, "RVER": 1, "AGEN": 550, "FIDN": 411007731, "FIDS": 48294, "LNAM": "0226187F7AF3BCA6", "SORDAT": "201206", "SORIND": "US,US,graph,Chart 12300" }, "geometry": { "type": "LineString", "coordinates": [ [ -71.0806387, 41.5194715 ], [ -71.0816777, 41.5198073 ], [ -71.0827166, 41.5195387 ], [ -71.0830406, 41.5191441 ], [ -71.0829959, 41.5186319 ], [ -71.0824373, 41.5181449 ], [ -71.0811973, 41.5176747 ], [ -71.0801025, 41.5172549 ], [ -71.0791418, 41.5167763 ], [ -71.0783709, 41.516516 ], [ -71.077656, 41.5163313 ], [ -71.077075, 41.5163565 ], [ -71.0766617, 41.5166756 ], [ -71.0765947, 41.5171794 ], [ -71.0775219, 41.5177587 ], [ -71.0792646, 41.5187746 ], [ -71.0798009, 41.5191189 ], [ -71.0806387, 41.5194715 ] ] } },
{ "type": "Feature", "properties": { "RCID": 175, "PRIM": 2, "GRUP": 2, "OBJL": 30, "RVER": 1, "AGEN": 550, "FIDN": -759329145, "FIDS": 48294, "LNAM": "0226D2BD8E87BCA6", "SORDAT": "20140818", "SORIND": "US,US,graph,GC-11187" }, "geometry": { "type": "LineString", "coordinates": [ [ -71.1916444, 41.474968 ], [ -71.1900324, 41.4775303 ], [ -71.1893454, 41.4786223 ], [ -71.190915, 41.4819944 ], [ -71.1898989, 41.4829575 ], [ -71.1908546, 41.4856095 ], [ -71.1949353, 41.4875942 ], [ -71.1957886, 41.4899411 ], [ -71.1980711, 41.4899007 ], [ -71.1994258, 41.4939438 ] ] } },
{ "type": "Feature", "properties": { "RCID": 176, "PRIM": 2, "GRUP": 2, "OBJL": 30, "RVER": 1, "AGEN": 550, "FIDN": -1796771566, "FIDS": 48294, "LNAM": "022694E77112BCA6", "SORDAT": "20140818", "SORIND": "US,US,graph,GC-11187" }, "geometry": { "type": "LineString", "coordinates": [ [ -71.2478249, 41.4739109 ], [ -71.2477863, 41.4718986 ], [ -71.2439882, 41.4749831 ], [ -71.2407923, 41.4752481 ], [ -71.2396071, 41.4799924 ], [ -71.2377525, 41.4798611 ], [ -71.2375989, 41.4822264 ], [ -71.2373544, 41.4859918 ], [ -71.2442282, 41.4858294 ], [ -71.2470264, 41.4880659 ], [ -71.2477286, 41.4908071 ], [ -71.2466219, 41.494198 ], [ -71.2417042, 41.4991145 ], [ -71.2397375, 41.5043207 ], [ -71.2366251, 41.5095441 ], [ -71.2347254, 41.5138024 ], [ -71.2330198, 41.5136762 ], [ -71.2329562, 41.5162858 ] ] } },
{ "type": "Feature", "properties": { "RCID": 177, "PRIM": 2, "GRUP": 2, "OBJL": 30, "RVER": 1, "AGEN": 550, "FIDN": -490423857, "FIDS": 48294, "LNAM": "0226E2C4B9CFBCA6", "SORDAT": "20140818", "SORIND": "US,US,graph,GC-11187" }, "geometry": { "type": "LineString", "coordinates": [ [ -71.3374449, 41.4724556 ], [ -71.3368063, 41.4692375 ], [ -71.3340088, 41.4718702 ], [ -71.3283082, 41.4742743 ] ] } },
{ "type": "Feature", "properties": { "RCID": 178, "PRIM": 2, "GRUP": 2, "OBJL": 30, "RVER": 1, "AGEN": 550, "FIDN": 1130475532, "FIDS": 48294, "LNAM": "02264361B00CBCA6", "SORDAT": "20140818", "SORIND": "US,US,graph,GC-11187" }, "geometry": { "type": "LineString", "coordinates": [ [ -71.5144479, 41.3760088 ], [ -71.5147838, 41.3741824 ], [ -71.5217137, 41.3767489 ], [ -71.5331302, 41.3761142 ] ] } },
{ "type": "Feature", "properties": { "RCID": 179, "PRIM": 2, "GRUP": 2, "OBJL": 30, "RVER": 1, "AGEN": 550, "FIDN": -1025629226, "FIDS": 48294, "LNAM": "0226C2DE23D6BCA6", "SORDAT": "20140818", "SORIND": "US,US,graph,GC-11187" }, "geometry": { "type": "LineString", "coordinates": [ [ -71.762219, 41.3299216 ], [ -71.7625733, 41.3283554 ], [ -71.7525531, 41.3251374 ], [ -71.7462133, 41.3282396 ], [ -71.7324859, 41.331291 ], [ -71.7243931, 41.3321616 ], [ -71.7198869, 41.3321571 ] ] } },
{ "type": "Feature", "properties": { "RCID": 180, "PRIM": 2, "GRUP": 2, "OBJL": 30, "RVER": 1, "AGEN": 550, "FIDN": 616931451, "FIDS": 48294, "LNAM": "022624C5A07BBCA6", "SORDAT": "20140818", "SORIND": "US,US,graph,GC-11187" }, "geometry": { "type": "LineString", "coordinates": [ [ -71.4155166, 41.5231278 ], [ -71.4166851, 41.5273171 ], [ -71.4152425, 41.5299644 ], [ -71.4186657, 41.5323955 ], [ -71.4173739, 41.5349752 ], [ -71.423501, 41.5388423 ], [ -71.4246777, 41.5412092 ] ] } },
{ "type": "Feature", "properties": { "RCID": 181, "PRIM": 2, "GRUP": 2, "OBJL": 30, "RVER": 1, "AGEN": 550, "FIDN": 1019107480, "FIDS": 48294, "LNAM": "02263CBE5898BCA6", "SORDAT": "201206", "SORIND": "US,US,graph,Chart 12300" }, "geometry": { "type": "LineString", "coordinates": [ [ -70.9286381, 41.4161311 ], [ -70.9293909, 41.4153884 ], [ -70.9339186, 41.4133181 ], [ -70.9376136, 41.411986 ], [ -70.9414077, 41.4111256 ], [ -70.9445167, 41.4106243 ], [ -70.9465098, 41.4100205 ], [ -70.9484133, 41.4097902 ], [ -70.9492196, 41.4098425 ], [ -70.9499939, 41.410651 ], [ -70.9505866, 41.4116284 ], [ -70.9508909, 41.4122518 ], [ -70.9508749, 41.4125776 ], [ -70.9505239, 41.4132658 ], [ -70.9501968, 41.4139531 ], [ -70.9497109, 41.415216 ], [ -70.9491876, 41.4156785 ], [ -70.9486964, 41.4157428 ], [ -70.9478794, 41.4155256 ], [ -70.9468221, 41.4153487 ], [ -70.9452363, 41.4153487 ], [ -70.943928, 41.4154533 ], [ -70.9431378, 41.4158233 ], [ -70.9425504, 41.4166477 ], [ -70.9418576, 41.4186003 ], [ -70.9414184, 41.4202964 ], [ -70.9412315, 41.4215421 ], [ -70.9408297, 41.422661 ], [ -70.9392972, 41.4236955 ], [ -70.9380357, 41.4247652 ], [ -70.9372188, 41.4251372 ], [ -70.9365994, 41.4251774 ], [ -70.9349601, 41.4252377 ], [ -70.9333527, 41.425335 ], [ -70.9325024, 41.4256517 ], [ -70.9319791, 41.4261513 ], [ -70.9315773, 41.4269113 ], [ -70.9311848, 41.4279176 ], [ -70.9307791, 41.4290216 ], [ -70.9302612, 41.4298097 ], [ -70.9298336, 41.4301497 ], [ -70.9293561, 41.4305294 ], [ -70.9281881, 41.431592 ], [ -70.9272156, 41.4317665 ], [ -70.9259044, 41.4315403 ], [ -70.9253474, 41.4314442 ], [ -70.923656, 41.4307405 ], [ -70.922458, 41.4298758 ], [ -70.9214932, 41.4287836 ], [ -70.9208164, 41.4277542 ], [ -70.9201211, 41.4265391 ], [ -70.9200276, 41.4257157 ], [ -70.9208407, 41.4254411 ], [ -70.9216722, 41.4257087 ], [ -70.9225432, 41.4274453 ], [ -70.9231486, 41.4283687 ], [ -70.9244928, 41.4285514 ], [ -70.9259162, 41.4277558 ], [ -70.929216, 41.4270234 ], [ -70.9302158, 41.4258059 ], [ -70.9302345, 41.424673 ], [ -70.9281974, 41.424307 ], [ -70.9274966, 41.4238087 ], [ -70.9274499, 41.4231331 ], [ -70.9270387, 41.4225068 ], [ -70.9262258, 41.4223027 ], [ -70.9251987, 41.4225893 ], [ -70.9244877, 41.4233231 ], [ -70.9236374, 41.4240268 ], [ -70.9223198, 41.4242731 ], [ -70.9191988, 41.4242943 ], [ -70.91791, 41.4244119 ], [ -70.9152672, 41.4242854 ], [ -70.9134263, 41.4237717 ], [ -70.9116929, 41.4234023 ], [ -70.9095748, 41.42349 ], [ -70.9086936, 41.4233169 ], [ -70.9084994, 41.4223801 ], [ -70.9089191, 41.4218896 ], [ -70.910985, 41.4216975 ], [ -70.9124249, 41.4218485 ], [ -70.914286, 41.422505 ], [ -70.9158746, 41.4229483 ], [ -70.9179116, 41.423068 ], [ -70.9208645, 41.4229202 ], [ -70.9226773, 41.4225542 ], [ -70.9241147, 41.4217448 ], [ -70.9265089, 41.4194646 ], [ -70.9277622, 41.4172039 ], [ -70.9282567, 41.4165149 ], [ -70.9286381, 41.4161311 ] ] } },
{ "type": "Feature", "properties": { "RCID": 182, "PRIM": 2, "GRUP": 2, "OBJL": 30, "RVER": 1, "AGEN": 550, "FIDN": 556086552, "FIDS": 48294, "LNAM": "022621253518BCA6", "SORDAT": "201206", "SORIND": "US,US,graph,Chart 12300" }, "geometry": { "type": "LineString", "coordinates": [ [ -70.9211794, 41.4485214 ], [ -70.9210027, 41.4500084 ], [ -70.9205209, 41.4510022 ], [ -70.9198106, 41.4511488 ], [ -70.9186574, 41.4511187 ], [ -70.9178026, 41.4501549 ], [ -70.9170822, 41.4501902 ], [ -70.9158316, 41.4506393 ], [ -70.915051, 41.4510143 ], [ -70.9149826, 41.4515396 ], [ -70.91517, 41.4520072 ], [ -70.9153573, 41.4523916 ], [ -70.9155375, 41.4524883 ], [ -70.9159108, 41.4524364 ], [ -70.9173398, 41.4522278 ], [ -70.918066, 41.452256 ], [ -70.9193849, 41.4527584 ], [ -70.9200549, 41.4532699 ], [ -70.9207768, 41.4546384 ], [ -70.9220553, 41.4547027 ], [ -70.9234903, 41.4542116 ], [ -70.9251487, 41.4523743 ], [ -70.9254757, 41.4519899 ], [ -70.9258844, 41.4513595 ], [ -70.9258865, 41.4502787 ], [ -70.9252915, 41.4490419 ], [ -70.9236264, 41.4475921 ], [ -70.9223419, 41.445996 ], [ -70.9215625, 41.4459678 ], [ -70.9211073, 41.4462075 ], [ -70.9210859, 41.4470925 ], [ -70.9211794, 41.4485214 ] ] } },
{ "type": "Feature", "properties": { "RCID": 183, "PRIM": 2, "GRUP": 2, "OBJL": 30, "RVER": 1, "AGEN": 550, "FIDN": 619587219, "FIDS": 48294, "LNAM": "022624EE2693BCA6", "SORDAT": "20060522", "SORIND": "US,US,graph,GC-10641" }, "geometry": { "type": "LineString", "coordinates": [ [ -71.7631893, 41.329956 ], [ -71.7631892, 41.3306276 ] ] } },
{ "type": "Feature", "properties": { "RCID": 184, "PRIM": 2, "GRUP": 2, "OBJL": 30, "RVER": 1, "AGEN": 550, "FIDN": 2143528943, "FIDS": 48294, "LNAM": "02267FC3A7EFBCA6", "SORDAT": "20060522", "SORIND": "US,US,graph,GC-10641" }, "geometry": { "type": "LineString", "coordinates": [ [ -71.9782444, 41.3430472 ], [ -71.9773833, 41.3427056 ], [ -71.9761228, 41.3423304 ], [ -71.9761109, 41.3423268 ], [ -71.9748297, 41.3428416 ], [ -71.9738045, 41.344322 ], [ -71.9732914, 41.3477332 ], [ -71.9723517, 41.3487629 ] ] } },
{ "type": "Feature", "properties": { "RCID": 185, "PRIM": 2, "GRUP": 2, "OBJL": 30, "RVER": 1, "AGEN": 550, "FIDN": -950719824, "FIDS": 48294, "LNAM": "0226C7552AB0BCA6", "SORDAT": "20060522", "SORIND": "US,US,graph,GC-10641" }, "geometry": { "type": "LineString", "coordinates": [ [ -71.9834989, 41.3328691 ], [ -71.9811024, 41.3331832 ], [ -71.9780287, 41.3330654 ], [ -71.9773513, 41.3334973 ], [ -71.9779766, 41.3346361 ], [ -71.9788622, 41.3355392 ], [ -71.9794443, 41.337495 ], [ -71.9798278, 41.3400806 ], [ -71.9798905, 41.3415421 ] ] } },
{ "type": "Feature", "properties": { "RCID": 186, "PRIM": 2, "GRUP": 2, "OBJL": 30, "RVER": 1, "AGEN": 550, "FIDN": 1762223387, "FIDS": 48294, "LNAM": "02266909651BBCA6", "SORDAT": "20060522", "SORIND": "US,US,graph,GC-10641" }, "geometry": { "type": "LineString", "coordinates": [ [ -71.9678742, 41.3503283 ], [ -71.9675636, 41.3495477 ], [ -71.9677019, 41.3487662 ], [ -71.9689466, 41.3477761 ], [ -71.9679785, 41.3466819 ], [ -71.9665955, 41.3460566 ], [ -71.9650051, 41.3473072 ], [ -71.9636914, 41.3484536 ], [ -71.9625158, 41.3486098 ], [ -71.9611329, 41.3485056 ], [ -71.960718, 41.3481408 ], [ -71.9605106, 41.3472029 ], [ -71.9604414, 41.3447017 ], [ -71.9596808, 41.34392 ], [ -71.9594158, 41.3425204 ], [ -71.9593194, 41.3408432 ], [ -71.9592387, 41.3394408 ], [ -71.958711, 41.3377576 ], [ -71.9577429, 41.3375491 ], [ -71.9574399, 41.3378296 ], [ -71.9569293, 41.3383025 ], [ -71.9559518, 41.3401769 ], [ -71.9554188, 41.3407794 ], [ -71.9548858, 41.3405116 ], [ -71.9549883, 41.3390052 ], [ -71.9540203, 41.3387967 ], [ -71.9532597, 41.3394221 ], [ -71.9526374, 41.3409333 ], [ -71.9519459, 41.3408291 ], [ -71.9514618, 41.3402038 ], [ -71.9515993, 41.3393731 ], [ -71.9524878, 41.338369 ], [ -71.952488, 41.3368291 ], [ -71.952914, 41.3359824 ], [ -71.9537438, 41.3350443 ], [ -71.9554725, 41.3345752 ], [ -71.9574086, 41.3344189 ], [ -71.9582628, 41.3322769 ], [ -71.9583076, 41.3304579 ], [ -71.9572703, 41.329676 ], [ -71.9563023, 41.3299366 ], [ -71.9557758, 41.3311384 ], [ -71.955265, 41.3324384 ], [ -71.952914, 41.3327511 ], [ -71.9509087, 41.3332201 ], [ -71.9496641, 41.334054 ], [ -71.9478662, 41.3355655 ], [ -71.946345, 41.3360867 ], [ -71.9442404, 41.3366231 ], [ -71.9417277, 41.3368661 ], [ -71.9403827, 41.3373004 ], [ -71.9391018, 41.337976 ], [ -71.9375646, 41.3387964 ] ] } },
{ "type": "Feature", "properties": { "RCID": 187, "PRIM": 2, "GRUP": 2, "OBJL": 30, "RVER": 1, "AGEN": 550, "FIDN": 240363908, "FIDS": 48294, "LNAM": "02260E53A984BCA6", "SORDAT": "20060522", "SORIND": "US,US,graph,GC-10641" }, "geometry": { "type": "LineString", "coordinates": [ [ -71.8844951, 41.3448034 ], [ -71.8847969, 41.3433533 ], [ -71.885546, 41.3421443 ], [ -71.8876855, 41.3412577 ], [ -71.8892455, 41.3407288 ], [ -71.889825, 41.3405323 ], [ -71.890929, 41.3401996 ], [ -71.8884722, 41.3386007 ], [ -71.888262, 41.3388709 ], [ -71.8877921, 41.3391856 ], [ -71.8876185, 41.3393019 ], [ -71.8867607, 41.339194 ], [ -71.886332, 41.3380086 ], [ -71.8864548, 41.3372877 ], [ -71.8859605, 41.3369661 ] ] } },
{ "type": "Feature", "properties": { "RCID": 188, "PRIM": 2, "GRUP": 2, "OBJL": 30, "RVER": 1, "AGEN": 550, "FIDN": 1157231406, "FIDS": 48294, "LNAM": "022644F9F32EBCA6", "SORDAT": "20140818", "SORIND": "US,US,graph,GC-11187" }, "geometry": { "type": "LineString", "coordinates": [ [ -71.3611657, 41.5024035 ], [ -71.3587176, 41.5046273 ], [ -71.3582555, 41.5071193 ], [ -71.3579456, 41.5087905 ], [ -71.3595514, 41.5107507 ], [ -71.3622006, 41.5098425 ], [ -71.364576, 41.5108966 ], [ -71.3660658, 41.5128258 ], [ -71.3645376, 41.5177277 ] ] } },
{ "type": "Feature", "properties": { "RCID": 189, "PRIM": 2, "GRUP": 2, "OBJL": 30, "RVER": 1, "AGEN": 550, "FIDN": -747025996, "FIDS": 48294, "LNAM": "0226D37949B4BCA6", "SORDAT": "20060522", "SORIND": "US,US,graph,GC-10641" }, "geometry": { "type": "LineString", "coordinates": [ [ -71.9117019, 41.2942925 ], [ -71.9130291, 41.2935837 ], [ -71.914854, 41.2933753 ], [ -71.916347, 41.2936674 ], [ -71.9170658, 41.2944182 ], [ -71.9166233, 41.2951688 ], [ -71.9152408, 41.2953772 ], [ -71.9137476, 41.2958358 ], [ -71.9122546, 41.2957105 ], [ -71.9116464, 41.2952517 ], [ -71.9117019, 41.2942925 ] ] } },
{ "type": "Feature", "properties": { "RCID": 190, "PRIM": 2, "GRUP": 2, "OBJL": 30, "RVER": 1, "AGEN": 550, "FIDN": 794148483, "FIDS": 48294, "LNAM": "02262F55BE83BCA6", "SORDAT": "20060522", "SORIND": "US,US,graph,GC-10641" }, "geometry": { "type": "LineString", "coordinates": [ [ -71.9754237, 41.3119864 ], [ -71.9764847, 41.3111867 ], [ -71.9778993, 41.3105469 ], [ -71.9796674, 41.3107071 ], [ -71.9807282, 41.3112404 ], [ -71.9809933, 41.3129705 ], [ -71.9809933, 41.3139043 ], [ -71.9809106, 41.3145893 ], [ -71.9805801, 41.3152741 ], [ -71.980332, 41.3160212 ], [ -71.9800842, 41.3163948 ], [ -71.9793402, 41.3168929 ], [ -71.97712, 41.3179054 ], [ -71.9758469, 41.3183319 ], [ -71.9749275, 41.3181718 ], [ -71.9746447, 41.3176919 ], [ -71.9752814, 41.3166256 ], [ -71.9758474, 41.3155058 ], [ -71.9758476, 41.3139595 ], [ -71.9750698, 41.3131596 ], [ -71.9754237, 41.3119864 ] ] } },
{ "type": "Feature", "properties": { "RCID": 191, "PRIM": 2, "GRUP": 2, "OBJL": 30, "RVER": 1, "AGEN": 550, "FIDN": 928431663, "FIDS": 48294, "LNAM": "02263756BE2FBCA6", "SORDAT": "20060522", "SORIND": "US,US,graph,GC-10641" }, "geometry": { "type": "LineString", "coordinates": [ [ -71.9636873, 41.3237198 ], [ -71.964124, 41.3233175 ], [ -71.9642051, 41.3214932 ], [ -71.9633178, 41.3208849 ], [ -71.9621884, 41.3210673 ], [ -71.9617849, 41.3219186 ], [ -71.9614619, 41.3239254 ], [ -71.9622685, 41.3242295 ], [ -71.9633979, 41.3239864 ], [ -71.9636873, 41.3237198 ] ] } },
{ "type": "Feature", "properties": { "RCID": 192, "PRIM": 2, "GRUP": 2, "OBJL": 30, "RVER": 1, "AGEN": 550, "FIDN": -1053908790, "FIDS": 48294, "LNAM": "0226C12EA0CABCA6", "SORDAT": "20060522", "SORIND": "US,US,graph,GC-10641" }, "geometry": { "type": "LineString", "coordinates": [ [ -71.9558707, 41.3273467 ], [ -71.9550641, 41.3270426 ], [ -71.9542574, 41.3275898 ], [ -71.9535311, 41.328745 ], [ -71.9534502, 41.3302043 ], [ -71.9530468, 41.33063 ], [ -71.952724, 41.3311164 ], [ -71.9535306, 41.3312988 ], [ -71.9543373, 41.3312381 ], [ -71.9553055, 41.3302653 ], [ -71.9561124, 41.3289885 ], [ -71.9558707, 41.3273467 ] ] } },
{ "type": "Feature", "properties": { "RCID": 193, "PRIM": 2, "GRUP": 2, "OBJL": 30, "RVER": 1, "AGEN": 550, "FIDN": 1206205339, "FIDS": 48294, "LNAM": "022647E53B9BBCA6", "SORDAT": "20060522", "SORIND": "US,US,graph,GC-10641" }, "geometry": { "type": "LineString", "coordinates": [ [ -71.9467547, 41.3302036 ], [ -71.9460287, 41.3300819 ], [ -71.945464, 41.3305076 ], [ -71.9455445, 41.3315412 ], [ -71.9464317, 41.332271 ], [ -71.9466734, 41.3335479 ], [ -71.9473995, 41.3337303 ], [ -71.9479641, 41.3333048 ], [ -71.9479643, 41.3323319 ], [ -71.9478032, 41.3312982 ], [ -71.9467547, 41.3302036 ] ] } },
{ "type": "Feature", "properties": { "RCID": 194, "PRIM": 2, "GRUP": 2, "OBJL": 30, "RVER": 1, "AGEN": 550, "FIDN": -1170628691, "FIDS": 48294, "LNAM": "0226BA399FADBCA6", "SORDAT": "20060522", "SORIND": "US,US,graph,GC-10641" }, "geometry": { "type": "LineString", "coordinates": [ [ -71.5082566, 41.4036618 ], [ -71.5093414, 41.4038175 ], [ -71.5098063, 41.403973 ], [ -71.5101092, 41.4042131 ], [ -71.510152, 41.4044708 ], [ -71.5100127, 41.4048676 ], [ -71.5097544, 41.4052565 ], [ -71.5093177, 41.4053728 ], [ -71.5087828, 41.4053889 ], [ -71.508355, 41.4053567 ], [ -71.5079271, 41.4051956 ], [ -71.5075333, 41.4048674 ], [ -71.5075334, 41.4040895 ], [ -71.5082566, 41.4036618 ] ] } },
{ "type": "Feature", "properties": { "RCID": 195, "PRIM": 2, "GRUP": 2, "OBJL": 30, "RVER": 1, "AGEN": 550, "FIDN": -1964964376, "FIDS": 48294, "LNAM": "02268AE105E8BCA6", "SORDAT": "20060522", "SORIND": "US,US,graph,GC-10641" }, "geometry": { "type": "LineString", "coordinates": [ [ -71.5066008, 41.4062909 ], [ -71.5060231, 41.4068224 ], [ -71.5056452, 41.40736 ], [ -71.5056381, 41.40737 ], [ -71.5056731, 41.4077062 ], [ -71.5062585, 41.4080465 ], [ -71.5067933, 41.4079498 ], [ -71.5073281, 41.407676 ], [ -71.5079271, 41.4073861 ], [ -71.5081624, 41.407064 ], [ -71.5081011, 41.4066175 ], [ -71.507756, 41.4061459 ], [ -71.507157, 41.4061137 ], [ -71.5066008, 41.4062909 ] ] } },
{ "type": "Feature", "properties": { "RCID": 196, "PRIM": 2, "GRUP": 2, "OBJL": 30, "RVER": 1, "AGEN": 550, "FIDN": -1810258459, "FIDS": 48294, "LNAM": "02269419A5E5BCA6", "SORDAT": "200303", "SORIND": "US,US,graph,Chart 12300" }, "geometry": { "type": "LineString", "coordinates": [ [ -71.5032607, 41.4049965 ], [ -71.5024986, 41.4048301 ], [ -71.5017612, 41.4051075 ], [ -71.5012696, 41.4054589 ], [ -71.5008763, 41.4056993 ], [ -71.5008272, 41.4059766 ], [ -71.5008763, 41.4062725 ], [ -71.5011453, 41.4066211 ], [ -71.5013188, 41.4068458 ], [ -71.5015892, 41.4071602 ], [ -71.5019579, 41.407641 ], [ -71.5022283, 41.4076779 ], [ -71.5023266, 41.407641 ], [ -71.502474, 41.407382 ], [ -71.502474, 41.4071232 ], [ -71.5025232, 41.4068828 ], [ -71.5025724, 41.4067349 ], [ -71.5026461, 41.4065684 ], [ -71.5028428, 41.406328 ], [ -71.5031132, 41.4060507 ], [ -71.5036048, 41.4057362 ], [ -71.5036293, 41.4055513 ], [ -71.5036293, 41.4054404 ], [ -71.5035064, 41.405126 ], [ -71.5032607, 41.4049965 ] ] } },
{ "type": "Feature", "properties": { "RCID": 197, "PRIM": 2, "GRUP": 2, "OBJL": 30, "RVER": 1, "AGEN": 550, "FIDN": 1997546485, "FIDS": 48294, "LNAM": "0226771023F5BCA6", "SORDAT": "20020119", "SORIND": "US,US,graph,Chart 13200" }, "geometry": { "type": "LineString", "coordinates": [ [ -70.8215236, 41.5833334 ], [ -70.8215236, 41.5839487 ], [ -70.8218052, 41.5851381 ], [ -70.8216036, 41.585701 ], [ -70.8211169, 41.5867057 ], [ -70.8197786, 41.5884412 ], [ -70.8184403, 41.5889892 ], [ -70.8169195, 41.589994 ], [ -70.8160679, 41.5909987 ], [ -70.8161287, 41.591775 ], [ -70.8169195, 41.5923687 ], [ -70.8212386, 41.5923687 ], [ -70.8225769, 41.592597 ], [ -70.8236718, 41.593419 ], [ -70.8244627, 41.5950173 ], [ -70.824706, 41.5961132 ], [ -70.8239152, 41.5977115 ], [ -70.8231244, 41.598853 ], [ -70.8230635, 41.5998119 ], [ -70.8231852, 41.6005425 ], [ -70.8242193, 41.6013187 ], [ -70.825436, 41.6019123 ], [ -70.8279301, 41.6029625 ], [ -70.8287209, 41.6036474 ], [ -70.8302417, 41.6056563 ], [ -70.8312758, 41.6065238 ], [ -70.8323708, 41.6068434 ], [ -70.8341349, 41.6067065 ], [ -70.8355949, 41.6061586 ], [ -70.8368724, 41.6053367 ], [ -70.8387582, 41.604241 ], [ -70.839914, 41.6029625 ], [ -70.8402181, 41.6019123 ], [ -70.8401573, 41.5985334 ], [ -70.8397742, 41.5967244 ], [ -70.8390408, 41.5957334 ], [ -70.8381498, 41.5943323 ], [ -70.8371765, 41.5926427 ], [ -70.8337699, 41.5882129 ], [ -70.8294944, 41.5842243 ], [ -70.8279415, 41.5834087 ], [ -70.8277473, 41.5833334 ], [ -70.8271656, 41.583186 ], [ -70.824098, 41.5830905 ], [ -70.8223938, 41.5831587 ], [ -70.8215236, 41.5833334 ] ] } },
{ "type": "Feature", "properties": { "RCID": 198, "PRIM": 2, "GRUP": 2, "OBJL": 30, "RVER": 1, "AGEN": 550, "FIDN": 400065733, "FIDS": 48294, "LNAM": "022617D884C5BCA6", "SORDAT": "201206", "SORIND": "US,US,graph,Chart 12300" }, "geometry": { "type": "LineString", "coordinates": [ [ -71.0553644, 41.5384029 ], [ -71.0560698, 41.5385181 ], [ -71.0566619, 41.5382411 ], [ -71.0572316, 41.537704 ], [ -71.0573125, 41.5369187 ], [ -71.0570785, 41.5363918 ], [ -71.0559085, 41.5359526 ], [ -71.0543031, 41.5353392 ], [ -71.0533982, 41.5362289 ], [ -71.0538451, 41.5376055 ], [ -71.0548282, 41.5382602 ], [ -71.0553644, 41.5384029 ] ] } },
{ "type": "Feature", "properties": { "RCID": 199, "PRIM": 2, "GRUP": 2, "OBJL": 30, "RVER": 1, "AGEN": 550, "FIDN": 2072649990, "FIDS": 48294, "LNAM": "02267B8A2106BCA6", "SORDAT": "201206", "SORIND": "US,US,graph,Chart 12300" }, "geometry": { "type": "LineString", "coordinates": [ [ -71.053067, 41.5430765 ], [ -71.0549295, 41.5445757 ], [ -71.0559663, 41.5444622 ], [ -71.0566471, 41.5435354 ], [ -71.056963, 41.5427323 ], [ -71.0564515, 41.5403343 ], [ -71.0552686, 41.5396381 ], [ -71.0534496, 41.5402112 ], [ -71.0527242, 41.5416799 ], [ -71.053067, 41.5430765 ] ] } },
{ "type": "Feature", "properties": { "RCID": 200, "PRIM": 2, "GRUP": 2, "OBJL": 30, "RVER": 1, "AGEN": 550, "FIDN": -633769761, "FIDS": 48294, "LNAM": "0226DA3970DFBCA6", "SORDAT": "20020119", "SORIND": "US,US,graph,Chart 13200" }, "geometry": { "type": "LineString", "coordinates": [ [ -70.8463622, 41.5960458 ], [ -70.8473596, 41.5977414 ], [ -70.847741, 41.5987984 ], [ -70.8479757, 41.5994811 ], [ -70.8473303, 41.6000977 ], [ -70.8465382, 41.600494 ], [ -70.8452474, 41.6000536 ], [ -70.84469, 41.5989746 ], [ -70.8428712, 41.5966404 ], [ -70.8417271, 41.595297 ], [ -70.841375, 41.594262 ], [ -70.8414924, 41.5933811 ], [ -70.8421671, 41.5930287 ], [ -70.8428712, 41.5929847 ], [ -70.8439273, 41.5939317 ], [ -70.8448367, 41.5949007 ], [ -70.8463622, 41.5960458 ] ] } },
{ "type": "Feature", "properties": { "RCID": 201, "PRIM": 2, "GRUP": 2, "OBJL": 30, "RVER": 1, "AGEN": 550, "FIDN": 1838107186, "FIDS": 48294, "LNAM": "02266D8F4A32BCA6", "SORDAT": "201206", "SORIND": "US,US,graph,Chart 12300" }, "geometry": { "type": "LineString", "coordinates": [ [ -71.100638, 41.5316992 ], [ -71.1026064, 41.5320221 ], [ -71.1036378, 41.5328203 ], [ -71.1044926, 41.5343827 ], [ -71.1045264, 41.5354106 ], [ -71.1057129, 41.5357317 ], [ -71.1074618, 41.5352197 ], [ -71.1078457, 41.53537 ], [ -71.1080017, 41.5359642 ], [ -71.1078251, 41.5360529 ], [ -71.1074, 41.5363722 ], [ -71.1059707, 41.536983 ], [ -71.1051282, 41.5372885 ], [ -71.1037587, 41.5374104 ], [ -71.1021726, 41.5353306 ], [ -71.1002016, 41.5332772 ], [ -71.100638, 41.5316992 ] ] } },
{ "type": "Feature", "properties": { "RCID": 202, "PRIM": 2, "GRUP": 2, "OBJL": 30, "RVER": 1, "AGEN": 550, "FIDN": 450253034, "FIDS": 48294, "LNAM": "02261AD650EABCA6", "SORDAT": "20020119", "SORIND": "US,US,graph,Chart 13200" }, "geometry": { "type": "LineString", "coordinates": [ [ -70.8199327, 41.5965593 ], [ -70.8203903, 41.5970614 ], [ -70.8209888, 41.5973785 ], [ -70.8216576, 41.5974049 ], [ -70.8220449, 41.5974578 ], [ -70.8226786, 41.5972464 ], [ -70.8227842, 41.59685 ], [ -70.8226081, 41.5960043 ], [ -70.8221505, 41.5954494 ], [ -70.821552, 41.5950266 ], [ -70.820848, 41.5949209 ], [ -70.8203551, 41.5949737 ], [ -70.8200031, 41.5952116 ], [ -70.8197567, 41.5956608 ], [ -70.8198271, 41.59611 ], [ -70.8199327, 41.5965593 ] ] } },
{ "type": "Feature", "properties": { "RCID": 203, "PRIM": 2, "GRUP": 2, "OBJL": 30, "RVER": 1, "AGEN": 550, "FIDN": -807571327, "FIDS": 48294, "LNAM": "0226CFDD7081BCA6", "SORDAT": "20060522", "SORIND": "US,US,graph,GC-10641" }, "geometry": { "type": "LineString", "coordinates": [ [ -71.9363378, 41.3385478 ], [ -71.9352491, 41.3379202 ], [ -71.9340325, 41.3370995 ], [ -71.9336278, 41.3362007 ], [ -71.9331363, 41.3346378 ], [ -71.9323039, 41.3341067 ], [ -71.9321115, 41.3351686 ], [ -71.931407, 41.3356029 ], [ -71.9305745, 41.3354098 ], [ -71.9305108, 41.3333825 ], [ -71.9301908, 41.3322239 ], [ -71.9287179, 41.3317411 ], [ -71.9276932, 41.3318857 ], [ -71.9262889, 41.3336105 ], [ -71.9254297, 41.3337723 ], [ -71.9244274, 41.3334484 ], [ -71.9244275, 41.3328548 ], [ -71.9258596, 41.3317217 ], [ -71.9261461, 41.3311821 ], [ -71.9260032, 41.3298329 ], [ -71.9255021, 41.3294012 ], [ -71.9244281, 41.3296709 ], [ -71.9239984, 41.3304264 ], [ -71.9232825, 41.3302643 ], [ -71.9227099, 41.329239 ], [ -71.9222806, 41.3278358 ], [ -71.9217078, 41.3277277 ], [ -71.9205949, 41.3283764 ], [ -71.9202042, 41.3285911 ], [ -71.9186288, 41.330048 ], [ -71.9166956, 41.3308574 ], [ -71.9161227, 41.3316128 ], [ -71.9161939, 41.3340951 ], [ -71.9171241, 41.3367394 ], [ -71.9171952, 41.3398151 ], [ -71.9169801, 41.3414337 ], [ -71.9163455, 41.3426 ], [ -71.912638, 41.3423068 ], [ -71.9087776, 41.3403248 ], [ -71.9089497, 41.3377189 ], [ -71.9094848, 41.3363483 ], [ -71.9100391, 41.3356649 ], [ -71.9113358, 41.3353436 ] ] } },
{ "type": "Feature", "properties": { "RCID": 204, "PRIM": 2, "GRUP": 2, "OBJL": 30, "RVER": 1, "AGEN": 550, "FIDN": -1641035998, "FIDS": 48294, "LNAM": "02269E2FC722BCA6", "SORDAT": "20140809", "SORIND": "US,US,graph,GC-11187" }, "geometry": { "type": "LineString", "coordinates": [ [ -71.8879108, 41.3271229 ], [ -71.8883194, 41.3273655 ], [ -71.8884615, 41.3274451 ], [ -71.8886129, 41.3275264 ], [ -71.8889213, 41.3276858 ], [ -71.8891171, 41.3277834 ], [ -71.8892694, 41.3278538 ], [ -71.8896484, 41.3280186 ], [ -71.890014, 41.3282015 ], [ -71.8901975, 41.3282876 ], [ -71.8903857, 41.3283703 ], [ -71.8905814, 41.3284525 ], [ -71.8911317, 41.3286677 ], [ -71.8914642, 41.3288179 ], [ -71.8918393, 41.3289873 ], [ -71.8918588, 41.3290024 ], [ -71.8919124, 41.3290345 ], [ -71.8920878, 41.329129 ], [ -71.8922899, 41.3292285 ], [ -71.8923472, 41.329255 ], [ -71.8924648, 41.3293093 ], [ -71.8926266, 41.3293801 ], [ -71.892789, 41.329445 ], [ -71.8929326, 41.3294967 ], [ -71.8930789, 41.3295435 ], [ -71.8932387, 41.3295892 ], [ -71.8934121, 41.3296341 ], [ -71.8935788, 41.3296739 ], [ -71.8937803, 41.3297179 ], [ -71.8943353, 41.3298215 ], [ -71.8947416, 41.3299105 ], [ -71.8948666, 41.3299354 ], [ -71.8950455, 41.3299649 ], [ -71.89531, 41.329999 ], [ -71.895371, 41.3300098 ], [ -71.895433, 41.3300237 ], [ -71.8954968, 41.330041 ], [ -71.8955584, 41.3300607 ], [ -71.89563, 41.3300872 ], [ -71.8958674, 41.3301818 ], [ -71.8961233, 41.3302644 ], [ -71.8961948, 41.330293 ], [ -71.896263, 41.3303254 ], [ -71.8963324, 41.3303623 ], [ -71.8964111, 41.3304081 ], [ -71.8966094, 41.3305299 ], [ -71.8966922, 41.3305837 ], [ -71.8967468, 41.3306227 ], [ -71.8967896, 41.3306571 ], [ -71.8968337, 41.3306974 ], [ -71.8968795, 41.3307451 ], [ -71.8969636, 41.3308453 ], [ -71.897259, 41.3312227 ], [ -71.8973364, 41.3313144 ], [ -71.8973991, 41.3313824 ], [ -71.8974617, 41.3314448 ], [ -71.8976736, 41.3316371 ], [ -71.8977145, 41.3316801 ], [ -71.897748, 41.3317216 ], [ -71.897776, 41.3317645 ], [ -71.8977974, 41.3318051 ], [ -71.8978119, 41.3318436 ], [ -71.8978205, 41.3318816 ], [ -71.8978224, 41.3319151 ], [ -71.8978172, 41.3319494 ], [ -71.8978059, 41.331978 ], [ -71.8977882, 41.3320032 ], [ -71.8977574, 41.3320296 ], [ -71.8977162, 41.3320498 ], [ -71.8976651, 41.3320625 ], [ -71.8976049, 41.3320673 ], [ -71.8975377, 41.3320641 ], [ -71.8974717, 41.3320534 ], [ -71.8974062, 41.3320349 ], [ -71.897343, 41.3320086 ], [ -71.8972793, 41.3319729 ], [ -71.8972145, 41.3319272 ], [ -71.8971601, 41.3318826 ], [ -71.8970154, 41.3317562 ], [ -71.8969105, 41.3316739 ], [ -71.8968273, 41.3316155 ], [ -71.8967035, 41.3315369 ], [ -71.8961109, 41.3311837 ], [ -71.8959257, 41.3310784 ], [ -71.895796, 41.3310106 ], [ -71.8956907, 41.3309598 ], [ -71.8955887, 41.330916 ], [ -71.8954843, 41.3308769 ], [ -71.8953575, 41.3308372 ], [ -71.8952323, 41.3308067 ], [ -71.8951058, 41.3307819 ], [ -71.8948471, 41.3307391 ], [ -71.8947667, 41.3307229 ], [ -71.8947036, 41.3307061 ], [ -71.8945888, 41.3306699 ], [ -71.8944794, 41.3306399 ], [ -71.8944071, 41.3306157 ], [ -71.8943018, 41.3305766 ], [ -71.8938711, 41.3304051 ], [ -71.8936566, 41.3303264 ], [ -71.8934799, 41.3302659 ], [ -71.8932131, 41.3301805 ], [ -71.8930763, 41.3301383 ], [ -71.8929592, 41.3301054 ], [ -71.8927887, 41.3300633 ], [ -71.8926279, 41.3300324 ], [ -71.8924731, 41.3300113 ], [ -71.8922699, 41.3299934 ], [ -71.8921671, 41.3299817 ], [ -71.8921054, 41.3299719 ], [ -71.8920615, 41.3299649 ], [ -71.8917953, 41.3299168 ], [ -71.8916939, 41.329893 ], [ -71.8915953, 41.3298633 ], [ -71.8915071, 41.3298297 ], [ -71.8914326, 41.3297933 ], [ -71.8913712, 41.3297562 ], [ -71.8913063, 41.3297117 ], [ -71.8909907, 41.3294711 ], [ -71.890898, 41.3294046 ], [ -71.8908009, 41.3293389 ], [ -71.8905612, 41.3291867 ], [ -71.8902084, 41.3289762 ], [ -71.8899011, 41.3287774 ], [ -71.8897057, 41.3286572 ], [ -71.8896109, 41.3286034 ], [ -71.8895403, 41.3285663 ], [ -71.8892827, 41.3284506 ], [ -71.8889522, 41.3282853 ], [ -71.8887211, 41.3281672 ], [ -71.8885397, 41.3280682 ], [ -71.8884522, 41.3280161 ], [ -71.8882911, 41.3279099 ], [ -71.8880659, 41.3277832 ], [ -71.8877043, 41.3275703 ], [ -71.8874232, 41.3274089 ], [ -71.8872734, 41.3273259 ], [ -71.886927, 41.3271413 ], [ -71.8865655, 41.3269436 ], [ -71.886112, 41.326703 ], [ -71.8857138, 41.3264786 ], [ -71.8855045, 41.3263554 ], [ -71.8851335, 41.3261277 ], [ -71.8849399, 41.3260012 ], [ -71.8847791, 41.3258895 ], [ -71.884682, 41.3258154 ], [ -71.884593, 41.3257418 ], [ -71.8845063, 41.325664 ], [ -71.8844323, 41.32559 ], [ -71.8843156, 41.3254608 ], [ -71.8841993, 41.3253254 ], [ -71.884084, 41.3251825 ], [ -71.8840104, 41.3250822 ], [ -71.8839593, 41.3250034 ], [ -71.8838966, 41.3248969 ], [ -71.8838305, 41.3247753 ], [ -71.8837776, 41.3246698 ], [ -71.883684, 41.3244645 ], [ -71.883555, 41.3241381 ], [ -71.8834996, 41.3240105 ], [ -71.8834706, 41.3239585 ], [ -71.8834414, 41.3239143 ], [ -71.8834105, 41.3238749 ], [ -71.8833682, 41.3238285 ], [ -71.8833103, 41.3237726 ], [ -71.8832282, 41.3236999 ], [ -71.8830487, 41.3235542 ], [ -71.882966, 41.3234918 ], [ -71.8828551, 41.3234208 ], [ -71.8826134, 41.3232832 ], [ -71.8821779, 41.323019 ], [ -71.8820332, 41.3229281 ], [ -71.8819879, 41.3228962 ], [ -71.8819542, 41.3228665 ], [ -71.8819459, 41.3228543 ], [ -71.8819527, 41.3228424 ], [ -71.8819472, 41.3228274 ], [ -71.8819312, 41.3228093 ], [ -71.881899, 41.3227825 ], [ -71.8816743, 41.3226274 ], [ -71.8815069, 41.3225249 ], [ -71.8813433, 41.3224337 ], [ -71.8808606, 41.3221791 ], [ -71.8805245, 41.3219981 ], [ -71.8802767, 41.3218708 ], [ -71.8801738, 41.3218256 ], [ -71.8800695, 41.3217886 ], [ -71.8799622, 41.3217597 ], [ -71.87985, 41.3217379 ], [ -71.8797299, 41.3217242 ], [ -71.8795971, 41.3217191 ], [ -71.8794713, 41.3217224 ], [ -71.8793363, 41.321734 ], [ -71.8792073, 41.3217526 ], [ -71.8790713, 41.3217759 ], [ -71.8785427, 41.3218808 ], [ -71.8783256, 41.3219094 ], [ -71.8781951, 41.3219296 ], [ -71.8779969, 41.3219727 ], [ -71.8779648, 41.3219767 ], [ -71.8779376, 41.3219772 ], [ -71.8779197, 41.3219746 ], [ -71.8779046, 41.3219686 ], [ -71.877897, 41.3219618 ], [ -71.8778933, 41.3219542 ], [ -71.8778927, 41.3219426 ], [ -71.8778967, 41.3219293 ], [ -71.8779178, 41.3218971 ], [ -71.8779535, 41.3218622 ], [ -71.8779923, 41.3218326 ], [ -71.8780331, 41.3218058 ], [ -71.8781914, 41.3217159 ], [ -71.8782423, 41.3216843 ], [ -71.8782864, 41.3216507 ], [ -71.8783238, 41.3216137 ], [ -71.8783517, 41.3215773 ], [ -71.8783755, 41.3215352 ], [ -71.8783926, 41.3214917 ], [ -71.8784256, 41.3213764 ], [ -71.8784428, 41.3213438 ], [ -71.878465, 41.3213169 ], [ -71.8784863, 41.3212987 ], [ -71.8785117, 41.3212823 ], [ -71.8785432, 41.3212666 ], [ -71.8785829, 41.321251 ], [ -71.8786386, 41.3212336 ], [ -71.878712, 41.3212141 ], [ -71.8788483, 41.321185 ], [ -71.8789462, 41.3211723 ], [ -71.8790362, 41.3211685 ], [ -71.8791321, 41.3211729 ], [ -71.8792219, 41.3211853 ], [ -71.8793098, 41.3212052 ], [ -71.8794085, 41.3212354 ], [ -71.8795139, 41.3212734 ], [ -71.8797786, 41.3213762 ], [ -71.8799124, 41.3214255 ], [ -71.8800234, 41.3214629 ], [ -71.8801195, 41.3214892 ], [ -71.8802144, 41.3215084 ], [ -71.8803189, 41.3215229 ], [ -71.8806829, 41.321555 ], [ -71.8808171, 41.3215704 ], [ -71.8809327, 41.3215904 ], [ -71.881036, 41.3216164 ], [ -71.8811539, 41.3216565 ], [ -71.881288, 41.3217134 ], [ -71.8814988, 41.3218145 ], [ -71.8815947, 41.3218639 ], [ -71.8816728, 41.3219072 ], [ -71.8817681, 41.3219643 ], [ -71.8818702, 41.3220296 ], [ -71.881982, 41.3221043 ], [ -71.882058, 41.3221593 ], [ -71.8821601, 41.3222419 ], [ -71.8823364, 41.3224009 ], [ -71.8824592, 41.3225053 ], [ -71.8825807, 41.3226014 ], [ -71.8827383, 41.3227182 ], [ -71.8830058, 41.3229081 ], [ -71.8832349, 41.3230638 ], [ -71.8833023, 41.3231062 ], [ -71.883426, 41.323176 ], [ -71.8834739, 41.323206 ], [ -71.8835203, 41.323241 ], [ -71.8835593, 41.323277 ], [ -71.883618, 41.3233452 ], [ -71.8836685, 41.3234237 ], [ -71.8837087, 41.3235097 ], [ -71.8838007, 41.3237509 ], [ -71.8838604, 41.3238792 ], [ -71.8839511, 41.3240393 ], [ -71.8840282, 41.3241609 ], [ -71.8840932, 41.3242543 ], [ -71.8841564, 41.3243321 ], [ -71.8843046, 41.3244943 ], [ -71.8843749, 41.3245783 ], [ -71.8844612, 41.3246935 ], [ -71.8846698, 41.3249853 ], [ -71.8847383, 41.3250718 ], [ -71.8848029, 41.3251462 ], [ -71.8849046, 41.3252517 ], [ -71.8850092, 41.3253483 ], [ -71.8851315, 41.3254482 ], [ -71.8852669, 41.325548 ], [ -71.8853714, 41.3256189 ], [ -71.8854994, 41.3257 ], [ -71.8858354, 41.325901 ], [ -71.8860632, 41.3260409 ], [ -71.8863248, 41.3261925 ], [ -71.8866934, 41.3264277 ], [ -71.8869856, 41.3266052 ], [ -71.8875169, 41.3269065 ], [ -71.8879108, 41.3271229 ] ] } },
{ "type": "Feature", "properties": { "RCID": 205, "PRIM": 2, "GRUP": 2, "OBJL": 30, "RVER": 1, "AGEN": 550, "FIDN": -533060424, "FIDS": 48294, "LNAM": "0226E03A24B8BCA6", "SORDAT": "20140818", "SORIND": "US,US,graph,GC-11187" }, "geometry": { "type": "LineString", "coordinates": [ [ -71.4827812, 41.3730695 ], [ -71.4841265, 41.3702784 ] ] } },
{ "type": "Feature", "properties": { "RCID": 206, "PRIM": 2, "GRUP": 2, "OBJL": 30, "RVER": 1, "AGEN": 550, "FIDN": -396246823, "FIDS": 48294, "LNAM": "0226E861C0D9BCA6", "SORDAT": "20140818", "SORIND": "US,US,graph,GC-11187" }, "geometry": { "type": "LineString", "coordinates": [ [ -71.2971525, 41.4713283 ], [ -71.2975392, 41.4726807 ] ] } },
{ "type": "Feature", "properties": { "RCID": 207, "PRIM": 2, "GRUP": 2, "OBJL": 30, "RVER": 1, "AGEN": 550, "FIDN": -1255514869, "FIDS": 48294, "LNAM": "0226B52A5D0BBCA6", "SORDAT": "20140818", "SORIND": "US,US,graph,GC-11187" }, "geometry": { "type": "LineString", "coordinates": [ [ -71.1920355, 41.4710942 ], [ -71.1915198, 41.4728329 ] ] } },
{ "type": "Feature", "properties": { "RCID": 208, "PRIM": 2, "GRUP": 2, "OBJL": 30, "RVER": 1, "AGEN": 550, "FIDN": -630712621, "FIDS": 48294, "LNAM": "0226DA6816D3BCA6", "SORDAT": "20140818", "SORIND": "US,US,graph,GC-11187" }, "geometry": { "type": "LineString", "coordinates": [ [ -71.3007601, 41.4672564 ], [ -71.303304, 41.4644404 ] ] } },
{ "type": "Feature", "properties": { "RCID": 209, "PRIM": 2, "GRUP": 2, "OBJL": 30, "RVER": 1, "AGEN": 550, "FIDN": 1375916113, "FIDS": 48294, "LNAM": "02265202D051BCA6", "SORDAT": "20140818", "SORIND": "US,US,graph,GC-11187" }, "geometry": { "type": "LineString", "coordinates": [ [ -71.1919491, 41.4644886 ], [ -71.1949275, 41.4637252 ], [ -71.1963996, 41.4650451 ] ] } },
{ "type": "Feature", "properties": { "RCID": 210, "PRIM": 2, "GRUP": 2, "OBJL": 30, "RVER": 1, "AGEN": 550, "FIDN": -1052281825, "FIDS": 48294, "LNAM": "0226C147741FBCA6", "SORDAT": "20060522", "SORIND": "US,US,graph,GC-10641" }, "geometry": { "type": "LineString", "coordinates": [ [ -71.8693623, 41.3314858 ], [ -71.868425, 41.332192 ], [ -71.8659925, 41.3332102 ], [ -71.86356, 41.3338211 ], [ -71.8636139, 41.334636 ], [ -71.8641543, 41.3350027 ], [ -71.8660461, 41.335288 ], [ -71.8679381, 41.3349216 ], [ -71.868857, 41.3347587 ], [ -71.87065, 41.3354713 ], [ -71.8720536, 41.3362649 ], [ -71.8716673, 41.3374885 ], [ -71.8697753, 41.3378957 ], [ -71.869505, 41.3383031 ], [ -71.8703158, 41.3383846 ], [ -71.8713775, 41.3381939 ], [ -71.8746207, 41.3378683 ], [ -71.8757019, 41.3368906 ], [ -71.8771076, 41.3356687 ], [ -71.8780804, 41.3360762 ], [ -71.8793438, 41.3372001 ], [ -71.8802459, 41.3384229 ], [ -71.8807891, 41.3413097 ], [ -71.881215, 41.3469048 ] ] } },
{ "type": "Feature", "properties": { "RCID": 211, "PRIM": 2, "GRUP": 2, "OBJL": 30, "RVER": 1, "AGEN": 550, "FIDN": 1057114295, "FIDS": 48294, "LNAM": "02263F0248B7BCA6", "SORDAT": "20060522", "SORIND": "US,US,graph,GC-10641" }, "geometry": { "type": "LineString", "coordinates": [ [ -72.0, 41.3169902 ], [ -71.9994824, 41.3168926 ], [ -71.9993425, 41.3181038 ], [ -71.9984341, 41.3201049 ], [ -71.9976055, 41.3213745 ], [ -71.996772, 41.3212959 ], [ -71.9940629, 41.3196856 ], [ -71.9923958, 41.3191751 ], [ -71.9915623, 41.3188215 ], [ -71.9909892, 41.3182324 ], [ -71.9910934, 41.3173683 ], [ -71.9926042, 41.3168184 ], [ -71.9928647, 41.3153259 ], [ -71.9925521, 41.3144618 ], [ -71.9911455, 41.3143831 ], [ -71.9894784, 41.3169755 ], [ -71.9882801, 41.3186251 ], [ -71.9873971, 41.3217363 ], [ -71.9856503, 41.3243164 ], [ -71.9843927, 41.3255799 ], [ -71.9839732, 41.3277388 ], [ -71.9840739, 41.3292996 ], [ -71.9846991, 41.3298887 ], [ -71.9859475, 41.330081 ] ] } },
{ "type": "Feature", "properties": { "RCID": 212, "PRIM": 2, "GRUP": 2, "OBJL": 30, "RVER": 1, "AGEN": 550, "FIDN": -1960605435, "FIDS": 48294, "LNAM": "02268B238905BCA6", "SORDAT": "20020119", "SORIND": "US,US,graph,Chart 13200" }, "geometry": { "type": "LineString", "coordinates": [ [ -70.8038288, 41.6191038 ], [ -70.8028183, 41.6184434 ], [ -70.8021827, 41.6179848 ], [ -70.8021338, 41.6175628 ], [ -70.802525, 41.6171592 ], [ -70.8032828, 41.616884 ], [ -70.8039673, 41.6168474 ], [ -70.8050919, 41.6172143 ], [ -70.8056053, 41.6180398 ], [ -70.8056297, 41.6186268 ], [ -70.8053119, 41.6190304 ], [ -70.8047496, 41.6192689 ], [ -70.8038288, 41.6191038 ] ] } },
{ "type": "Feature", "properties": { "RCID": 213, "PRIM": 2, "GRUP": 2, "OBJL": 30, "RVER": 1, "AGEN": 550, "FIDN": 1781730277, "FIDS": 48294, "LNAM": "02266A330BE5BCA6", "SORDAT": "20020119", "SORIND": "US,US,graph,Chart 13200" }, "geometry": { "type": "LineString", "coordinates": [ [ -70.8166663, 41.6239739 ], [ -70.8171145, 41.623714 ], [ -70.8183165, 41.6238363 ], [ -70.8188462, 41.6240197 ], [ -70.819437, 41.6245548 ], [ -70.8197833, 41.6251968 ], [ -70.8198648, 41.6256248 ], [ -70.8192536, 41.6260222 ], [ -70.8187443, 41.6261445 ], [ -70.8181127, 41.6261292 ], [ -70.8169719, 41.6256095 ], [ -70.8165644, 41.6251356 ], [ -70.8164015, 41.6245853 ], [ -70.8166663, 41.6239739 ] ] } },
{ "type": "Feature", "properties": { "RCID": 214, "PRIM": 2, "GRUP": 2, "OBJL": 30, "RVER": 1, "AGEN": 550, "FIDN": 824960538, "FIDS": 48294, "LNAM": "0226312BE61ABCA6", "SORDAT": "20020119", "SORIND": "US,US,graph,Chart 13200" }, "geometry": { "type": "LineString", "coordinates": [ [ -70.8422155, 41.6192832 ], [ -70.8430734, 41.6199091 ], [ -70.8436454, 41.6209463 ], [ -70.8431449, 41.6213755 ], [ -70.8425493, 41.6215084 ], [ -70.8421456, 41.6214832 ], [ -70.8414727, 41.6213822 ], [ -70.8409342, 41.6211299 ], [ -70.8402613, 41.6204992 ], [ -70.8402613, 41.6202721 ], [ -70.840452, 41.6196588 ], [ -70.8409763, 41.6192653 ], [ -70.8422155, 41.6192832 ] ] } },
{ "type": "Feature", "properties": { "RCID": 215, "PRIM": 2, "GRUP": 2, "OBJL": 30, "RVER": 1, "AGEN": 550, "FIDN": -606267343, "FIDS": 48294, "LNAM": "0226DBDD1831BCA6", "SORDAT": "20020119", "SORIND": "US,US,graph,Chart 13200" }, "geometry": { "type": "LineString", "coordinates": [ [ -70.8477332, 41.619004 ], [ -70.8476008, 41.6187184 ], [ -70.847518, 41.6181844 ], [ -70.8480807, 41.6176255 ], [ -70.8486931, 41.6174641 ], [ -70.8493054, 41.6176628 ], [ -70.8501991, 41.6180602 ], [ -70.8506956, 41.6187805 ], [ -70.8506956, 41.6193021 ], [ -70.8504473, 41.6196374 ], [ -70.8502156, 41.6197367 ], [ -70.8493385, 41.619774 ], [ -70.84866, 41.6195629 ], [ -70.8477332, 41.619004 ] ] } },
{ "type": "Feature", "properties": { "RCID": 216, "PRIM": 2, "GRUP": 2, "OBJL": 30, "RVER": 1, "AGEN": 550, "FIDN": 197166197, "FIDS": 48294, "LNAM": "02260BC08475BCA6", "SORDAT": "200303", "SORIND": "US,US,graph,Chart 12300" }, "geometry": { "type": "LineString", "coordinates": [ [ -71.5098017, 41.3886341 ], [ -71.5098442, 41.3890511 ], [ -71.5103126, 41.3892115 ], [ -71.510994, 41.3892757 ], [ -71.5114199, 41.3893398 ], [ -71.5121438, 41.3892117 ], [ -71.5126549, 41.388891 ], [ -71.5126125, 41.3882175 ], [ -71.5122562, 41.3878278 ], [ -71.5113119, 41.3877155 ], [ -71.5106658, 41.3877154 ], [ -71.509887, 41.388089 ], [ -71.5098017, 41.3886341 ] ] } },
{ "type": "Feature", "properties": { "RCID": 217, "PRIM": 2, "GRUP": 2, "OBJL": 30, "RVER": 1, "AGEN": 550, "FIDN": 188594747, "FIDS": 48294, "LNAM": "02260B3DBA3BBCA6", "SORDAT": "200303", "SORIND": "US,US,graph,Chart 12300" }, "geometry": { "type": "LineString", "coordinates": [ [ -71.5063518, 41.3886696 ], [ -71.5052131, 41.3889843 ], [ -71.5044362, 41.3895239 ], [ -71.5014484, 41.3914573 ], [ -71.4988789, 41.3935254 ], [ -71.4986398, 41.3941548 ], [ -71.4986996, 41.3946044 ], [ -71.4988191, 41.395009 ], [ -71.4987593, 41.3953687 ], [ -71.498341, 41.3955935 ], [ -71.4976837, 41.3957283 ], [ -71.497385, 41.3959082 ], [ -71.4970264, 41.3962229 ], [ -71.4969069, 41.3965825 ], [ -71.4969069, 41.3969422 ], [ -71.4970861, 41.3973468 ], [ -71.497385, 41.3975266 ], [ -71.4979825, 41.3983808 ], [ -71.4981618, 41.3987405 ], [ -71.4982215, 41.3991 ], [ -71.498102, 41.3994597 ], [ -71.4979825, 41.3999992 ], [ -71.4980423, 41.4004937 ], [ -71.4981618, 41.4007633 ], [ -71.4987593, 41.4008084 ], [ -71.4994167, 41.4005386 ], [ -71.5007911, 41.4002689 ], [ -71.5018069, 41.400179 ], [ -71.5025838, 41.400179 ], [ -71.502763, 41.400134 ], [ -71.5030619, 41.3998643 ], [ -71.5030619, 41.3993698 ], [ -71.5028826, 41.3991451 ], [ -71.5022253, 41.3980661 ], [ -71.5019264, 41.3970771 ], [ -71.5021655, 41.3966275 ], [ -71.5030021, 41.396088 ], [ -71.5036594, 41.3955935 ], [ -71.5041973, 41.3952787 ], [ -71.5043765, 41.3945595 ], [ -71.5044362, 41.3936603 ], [ -71.5046155, 41.3928959 ], [ -71.5051533, 41.3927161 ], [ -71.50599, 41.3926711 ], [ -71.5070058, 41.3928061 ], [ -71.5080217, 41.3928959 ], [ -71.5090973, 41.3924464 ], [ -71.5093364, 41.3919069 ], [ -71.5092766, 41.3910077 ], [ -71.5085595, 41.3899735 ], [ -71.5076034, 41.3891642 ], [ -71.5073644, 41.3888046 ], [ -71.5070656, 41.3886696 ], [ -71.5063518, 41.3886696 ] ] } },
{ "type": "Feature", "properties": { "RCID": 218, "PRIM": 2, "GRUP": 2, "OBJL": 30, "RVER": 1, "AGEN": 550, "FIDN": -1334020145, "FIDS": 48294, "LNAM": "0226B07C77CFBCA6", "SORDAT": "20161123", "SORIND": "US,US,graph,GC-11325" }, "geometry": { "type": "LineString", "coordinates": [ [ -70.8, 41.3144456 ], [ -70.8100284, 41.3209939 ], [ -70.8191002, 41.3276557 ], [ -70.8263456, 41.334925 ], [ -70.8282517, 41.3364969 ], [ -70.8284836, 41.3367037 ], [ -70.8290477, 41.3372068 ], [ -70.8305362, 41.3385344 ], [ -70.8342428, 41.3418403 ], [ -70.8383861, 41.3463201 ], [ -70.8388465, 41.3477561 ], [ -70.8360091, 41.3494338 ], [ -70.8353137, 41.3512535 ], [ -70.8336333, 41.3538751 ], [ -70.8287351, 41.3536055 ], [ -70.8247512, 41.3535146 ], [ -70.8201295, 41.3535913 ], [ -70.8183138, 41.3545156 ], [ -70.8143941, 41.356511 ], [ -70.8109206, 41.3571218 ], [ -70.8081698, 41.3571456 ], [ -70.802092, 41.3551705 ], [ -70.8, 41.3541151 ] ] } },
{ "type": "Feature", "properties": { "RCID": 219, "PRIM": 2, "GRUP": 2, "OBJL": 30, "RVER": 1, "AGEN": 550, "FIDN": -80497524, "FIDS": 48294, "LNAM": "0226FB33B48CBCA6", "SORDAT": "201206", "SORIND": "US,US,graph,Chart 12300" }, "geometry": { "type": "LineString", "coordinates": [ [ -70.8115329, 41.4532066 ], [ -70.8132515, 41.4541367 ], [ -70.8145996, 41.4550488 ], [ -70.8163026, 41.4556456 ], [ -70.8169623, 41.4562085 ], [ -70.8177462, 41.4572543 ], [ -70.8193141, 41.4580372 ], [ -70.8200445, 41.4582925 ], [ -70.8208074, 41.4583139 ], [ -70.8210989, 41.4581301 ], [ -70.821839, 41.4573934 ], [ -70.8224921, 41.4569134 ], [ -70.8233995, 41.4565072 ], [ -70.8242708, 41.4564064 ], [ -70.8256591, 41.4564827 ], [ -70.8268179, 41.4566234 ], [ -70.8277897, 41.4567078 ], [ -70.8292581, 41.4571178 ], [ -70.8304381, 41.4575318 ], [ -70.8325543, 41.4578528 ], [ -70.8336169, 41.4575996 ], [ -70.8380203, 41.4559686 ], [ -70.8405554, 41.4534474 ], [ -70.8415986, 41.4498927 ], [ -70.8411875, 41.4480798 ], [ -70.8399169, 41.4466337 ], [ -70.8387565, 41.4453715 ], [ -70.8366626, 41.4426363 ], [ -70.8358455, 41.4422347 ], [ -70.8327446, 41.44176 ], [ -70.8299641, 41.4418606 ], [ -70.8237148, 41.4449904 ], [ -70.8221249, 41.445306 ], [ -70.8206672, 41.4453603 ], [ -70.815741, 41.4459875 ], [ -70.8135715, 41.4454786 ], [ -70.8124146, 41.4447213 ], [ -70.811306, 41.4439082 ], [ -70.8088526, 41.4442123 ], [ -70.8084026, 41.4452599 ], [ -70.8090861, 41.4468007 ], [ -70.8090302, 41.4474695 ], [ -70.8087035, 41.4480277 ], [ -70.808021, 41.4492141 ], [ -70.8079275, 41.4497769 ], [ -70.8082826, 41.4500934 ], [ -70.8094244, 41.4503204 ], [ -70.8101383, 41.4508217 ], [ -70.8108985, 41.4520485 ], [ -70.8112596, 41.4528151 ], [ -70.8115329, 41.4532066 ] ] } },
{ "type": "Feature", "properties": { "RCID": 220, "PRIM": 2, "GRUP": 2, "OBJL": 30, "RVER": 1, "AGEN": 550, "FIDN": 71939454, "FIDS": 48294, "LNAM": "02260449B57EBCA6", "SORDAT": "201206", "SORIND": "US,US,graph,Chart 12300" }, "geometry": { "type": "LineString", "coordinates": [ [ -71.4246777, 41.5412092 ], [ -71.4256482, 41.5427596 ], [ -71.4256482, 41.543686 ], [ -71.425428, 41.5448441 ], [ -71.424415, 41.5462999 ], [ -71.4228635, 41.5485326 ], [ -71.4229516, 41.5490289 ], [ -71.423325, 41.5494349 ], [ -71.4239205, 41.5493266 ], [ -71.4251197, 41.5479018 ], [ -71.4255784, 41.5471665 ], [ -71.4262207, 41.5470057 ], [ -71.4271994, 41.5472355 ], [ -71.4294015, 41.5489357 ], [ -71.4298908, 41.5497628 ], [ -71.4301967, 41.5510724 ], [ -71.4293403, 41.5530022 ], [ -71.4279037, 41.555128 ], [ -71.4275979, 41.5562384 ], [ -71.4282096, 41.5571573 ], [ -71.4297388, 41.558459 ], [ -71.4307328, 41.5589568 ], [ -71.4320581, 41.5591673 ], [ -71.4335363, 41.5590716 ], [ -71.4344029, 41.5591291 ], [ -71.4347087, 41.5594162 ], [ -71.4346323, 41.5605839 ], [ -71.4343264, 41.5613113 ], [ -71.4344029, 41.5618473 ], [ -71.4354224, 41.5623642 ], [ -71.4387612, 41.5637424 ], [ -71.4397042, 41.5640104 ], [ -71.4406727, 41.5640295 ], [ -71.4415902, 41.563953 ], [ -71.4424823, 41.5643549 ], [ -71.4431959, 41.5651397 ], [ -71.4434763, 41.5662499 ], [ -71.4431449, 41.5674558 ], [ -71.4423957, 41.5680129 ], [ -71.4408004, 41.5693259 ], [ -71.439347, 41.5700866 ], [ -71.4388185, 41.5704504 ], [ -71.4386431, 41.5708998 ], [ -71.4386566, 41.5709136 ], [ -71.439, 41.5712634 ], [ -71.4398755, 41.5714756 ], [ -71.4411154, 41.5719142 ], [ -71.4418574, 41.5723355 ], [ -71.4430905, 41.572997 ], [ -71.4440594, 41.5730962 ], [ -71.4448081, 41.5731954 ], [ -71.4457771, 41.5733938 ], [ -71.4464817, 41.5737246 ], [ -71.446746, 41.5744191 ], [ -71.4467019, 41.5755766 ], [ -71.4467019, 41.5764033 ], [ -71.4469221, 41.5768002 ], [ -71.4476708, 41.5772301 ], [ -71.4495206, 41.5774946 ], [ -71.4519429, 41.5780568 ], [ -71.4537045, 41.5784867 ], [ -71.4548937, 41.5788505 ], [ -71.4559947, 41.5797764 ], [ -71.4562589, 41.5805701 ], [ -71.4565285, 41.5814253 ], [ -71.4571451, 41.5833334 ], [ -71.4574191, 41.5844022 ], [ -71.4570059, 41.5854168 ], [ -71.4555029, 41.5870703 ], [ -71.4554025, 41.5897006 ], [ -71.455102, 41.5903771 ], [ -71.4544008, 41.5909031 ], [ -71.4535993, 41.5911284 ], [ -71.4525971, 41.5910534 ], [ -71.4514951, 41.5902267 ], [ -71.4514951, 41.5885733 ], [ -71.4517956, 41.5867696 ], [ -71.4520963, 41.5854168 ], [ -71.4517956, 41.5839135 ], [ -71.4517307, 41.5833788 ], [ -71.4510359, 41.5813564 ], [ -71.4505619, 41.5807514 ], [ -71.449614, 41.5802176 ], [ -71.4486186, 41.5797906 ], [ -71.4482395, 41.5792568 ], [ -71.4481921, 41.5786517 ], [ -71.4481447, 41.5781535 ], [ -71.4477655, 41.57794 ], [ -71.4470072, 41.57794 ], [ -71.44568, 41.5784382 ], [ -71.4444951, 41.5790432 ], [ -71.4439738, 41.5795415 ], [ -71.4437368, 41.5798617 ], [ -71.4446847, 41.5807159 ], [ -71.4458696, 41.5811073 ], [ -71.4464384, 41.5814632 ], [ -71.4467702, 41.5819258 ], [ -71.446628, 41.5827443 ], [ -71.4462962, 41.5833846 ], [ -71.4463166, 41.5834606 ], [ -71.4464667, 41.5835673 ], [ -71.4471584, 41.5837006 ], [ -71.4477141, 41.5838735 ], [ -71.4483151, 41.5843611 ], [ -71.4485893, 41.5849658 ], [ -71.4479881, 41.5863186 ], [ -71.4472869, 41.5872205 ], [ -71.4465854, 41.5875212 ], [ -71.4455836, 41.5875963 ], [ -71.4448821, 41.5875212 ], [ -71.44368, 41.5868448 ], [ -71.4429784, 41.5848906 ], [ -71.4427002, 41.5833598 ], [ -71.4415208, 41.5821598 ], [ -71.4400259, 41.5792806 ], [ -71.4393941, 41.5777802 ], [ -71.4389096, 41.5770196 ], [ -71.4379989, 41.5768641 ], [ -71.4379407, 41.5768542 ], [ -71.4371039, 41.5774495 ], [ -71.4356505, 41.5791691 ], [ -71.4349405, 41.5800368 ], [ -71.433876, 41.5809806 ], [ -71.4321472, 41.5833334 ], [ -71.431941, 41.5840833 ], [ -71.4310197, 41.585607 ], [ -71.4290513, 41.5867696 ], [ -71.4244423, 41.5872956 ], [ -71.4207351, 41.5880473 ], [ -71.4167272, 41.5890994 ], [ -71.4108157, 41.5903771 ], [ -71.405906, 41.5914291 ], [ -71.4031772, 41.5929628 ], [ -71.4016143, 41.5954246 ], [ -71.401458, 41.5983551 ], [ -71.4027084, 41.6018719 ], [ -71.4038026, 41.6032784 ], [ -71.4063034, 41.6046848 ], [ -71.408648, 41.6049193 ], [ -71.4119301, 41.6049193 ], [ -71.4145876, 41.6050366 ], [ -71.4163068, 41.6052709 ], [ -71.4181826, 41.6058571 ], [ -71.4191201, 41.6067947 ], [ -71.4192764, 41.6083183 ], [ -71.4189639, 41.6099592 ], [ -71.4183388, 41.6113656 ], [ -71.4172447, 41.6126548 ], [ -71.4163068, 41.613358 ], [ -71.4156814, 41.6134751 ], [ -71.4147438, 41.6135924 ], [ -71.413806, 41.6134751 ], [ -71.4128681, 41.613358 ], [ -71.4113051, 41.6138266 ], [ -71.4100547, 41.6151159 ], [ -71.4097422, 41.6172252 ], [ -71.4103672, 41.6193346 ], [ -71.4111488, 41.6209751 ], [ -71.4120868, 41.6219127 ], [ -71.4127118, 41.6224986 ], [ -71.413806, 41.6224986 ], [ -71.4149002, 41.6216783 ], [ -71.4150564, 41.6206236 ], [ -71.4153689, 41.6200377 ], [ -71.415838, 41.6196862 ], [ -71.4163068, 41.6195689 ], [ -71.4175572, 41.6196862 ], [ -71.4189639, 41.6209751 ], [ -71.4197456, 41.6222642 ], [ -71.4199018, 41.6241389 ], [ -71.4195893, 41.6254279 ], [ -71.4186514, 41.6278884 ], [ -71.4181826, 41.6295288 ], [ -71.4170884, 41.630349 ], [ -71.415838, 41.6304661 ], [ -71.4150564, 41.6299975 ], [ -71.4142747, 41.6285915 ], [ -71.4136497, 41.6265996 ], [ -71.4123993, 41.6257794 ], [ -71.4105235, 41.6254279 ], [ -71.4081789, 41.6253107 ], [ -71.4067722, 41.6254279 ], [ -71.4053655, 41.6262481 ], [ -71.4044276, 41.6271855 ], [ -71.4047405, 41.6283572 ], [ -71.4061472, 41.6298802 ], [ -71.4080226, 41.6317549 ], [ -71.4089605, 41.6336296 ], [ -71.4100801, 41.6378288 ], [ -71.411018, 41.6422803 ], [ -71.411018, 41.6480199 ], [ -71.4105489, 41.6498941 ], [ -71.4105489, 41.6514167 ], [ -71.4107051, 41.6527052 ], [ -71.4119555, 41.6534078 ], [ -71.4138313, 41.6535248 ], [ -71.4155505, 41.6538764 ], [ -71.4166447, 41.6548132 ], [ -71.4178951, 41.6551646 ], [ -71.4213339, 41.6556331 ], [ -71.4278985, 41.6536421 ], [ -71.4313372, 41.6522366 ], [ -71.4338381, 41.651651 ], [ -71.4350885, 41.6512996 ], [ -71.4366518, 41.6511824 ], [ -71.437746, 41.6515337 ], [ -71.4374331, 41.6525879 ], [ -71.4352451, 41.6535248 ], [ -71.4319626, 41.6546962 ], [ -71.4278985, 41.6568043 ], [ -71.4247726, 41.6576241 ], [ -71.4213339, 41.6577411 ], [ -71.4186768, 41.6580925 ], [ -71.4157068, 41.6584439 ], [ -71.4143096, 41.6589091 ], [ -71.4143001, 41.6589122 ], [ -71.4130497, 41.6602005 ], [ -71.4130497, 41.6619571 ], [ -71.4138313, 41.6641822 ], [ -71.4163322, 41.6659386 ], [ -71.4196146, 41.6671096 ], [ -71.4219592, 41.6679293 ], [ -71.4238347, 41.6685148 ], [ -71.4257106, 41.668983 ], [ -71.4266481, 41.6699198 ], [ -71.4275859, 41.6710908 ], [ -71.4291493, 41.671325 ], [ -71.430556, 41.671325 ], [ -71.433213, 41.6706223 ], [ -71.4355576, 41.6696856 ], [ -71.435561, 41.6696846 ], [ -71.4374331, 41.6691002 ], [ -71.4396214, 41.6686318 ], [ -71.441341, 41.6685148 ], [ -71.4433727, 41.6678121 ], [ -71.4446231, 41.6647677 ], [ -71.4457172, 41.6606689 ], [ -71.4471239, 41.6576241 ], [ -71.4505626, 41.6537591 ], [ -71.4522823, 41.6514167 ], [ -71.453376, 41.6498941 ], [ -71.4547831, 41.6487228 ], [ -71.456971, 41.6486056 ], [ -71.4582214, 41.6488399 ], [ -71.4580652, 41.6502454 ], [ -71.4552518, 41.6538764 ], [ -71.4515006, 41.6592635 ], [ -71.449156, 41.662894 ], [ -71.4482181, 41.6658214 ], [ -71.4486873, 41.6694515 ], [ -71.4487142, 41.6716122 ], [ -71.4486496, 41.6726616 ], [ -71.4475233, 41.6732016 ], [ -71.4448028, 41.6731434 ], [ -71.4441773, 41.6741972 ], [ -71.4447972, 41.6760302 ], [ -71.4493122, 41.6791694 ], [ -71.4513443, 41.6843205 ], [ -71.453079, 41.6867343 ], [ -71.4529227, 41.688139 ], [ -71.4526103, 41.690012 ], [ -71.4518286, 41.6914167 ], [ -71.4518286, 41.6925871 ], [ -71.4527665, 41.6936406 ], [ -71.453079, 41.6951622 ], [ -71.4524536, 41.6958643 ], [ -71.4510469, 41.6958643 ], [ -71.4488586, 41.6953963 ], [ -71.4463577, 41.692353 ], [ -71.4451073, 41.689895 ], [ -71.4435444, 41.6889584 ], [ -71.4394806, 41.688139 ], [ -71.435104, 41.688022 ], [ -71.4316652, 41.6879051 ], [ -71.4276356, 41.687117 ], [ -71.4239832, 41.6868239 ], [ -71.4199876, 41.6860416 ], [ -71.4170265, 41.6856914 ], [ -71.4142214, 41.6855746 ], [ -71.4117712, 41.6860114 ], [ -71.4109141, 41.6864784 ], [ -71.4109141, 41.6871787 ], [ -71.4113816, 41.6879373 ], [ -71.4122387, 41.6881124 ], [ -71.4137972, 41.6881708 ], [ -71.4153557, 41.6882875 ], [ -71.4165244, 41.688521 ], [ -71.4172258, 41.6888127 ], [ -71.4172258, 41.6898632 ], [ -71.4160569, 41.6905635 ], [ -71.4145765, 41.6903884 ], [ -71.4120829, 41.6903301 ], [ -71.4107583, 41.6903884 ], [ -71.4092779, 41.6909137 ], [ -71.4093558, 41.6921392 ], [ -71.4113816, 41.6943566 ], [ -71.4166804, 41.6977996 ], [ -71.4185504, 41.698558 ], [ -71.4193297, 41.6994334 ], [ -71.4190958, 41.7003669 ], [ -71.4180829, 41.7009504 ], [ -71.415979, 41.7010087 ], [ -71.4137972, 41.7003669 ], [ -71.4104465, 41.6978578 ], [ -71.4077973, 41.6948235 ], [ -71.4056933, 41.6917891 ], [ -71.4046804, 41.6888127 ], [ -71.404135, 41.6879373 ], [ -71.4028883, 41.6867701 ], [ -71.4010959, 41.6859531 ], [ -71.3992258, 41.6856808 ], [ -71.3983726, 41.6856808 ], [ -71.3971475, 41.6861121 ], [ -71.3968097, 41.6876709 ], [ -71.3972785, 41.6901289 ], [ -71.3975909, 41.6930554 ], [ -71.3980601, 41.694694 ], [ -71.3982163, 41.6959815 ], [ -71.3972785, 41.6969178 ], [ -71.3957155, 41.697152 ], [ -71.3935271, 41.6980882 ], [ -71.3921205, 41.6990245 ], [ -71.3908701, 41.6999609 ], [ -71.3893072, 41.700195 ], [ -71.3874313, 41.7003119 ], [ -71.3872751, 41.6990245 ], [ -71.3889943, 41.6979712 ], [ -71.3922767, 41.694694 ], [ -71.3932147, 41.6938746 ], [ -71.3939959, 41.6893096 ], [ -71.3939959, 41.6863832 ], [ -71.3933709, 41.6849783 ], [ -71.3932147, 41.6825201 ], [ -71.3922767, 41.6749101 ], [ -71.3913389, 41.6735051 ], [ -71.3879001, 41.6713976 ], [ -71.3844617, 41.6697583 ], [ -71.3821171, 41.669407 ], [ -71.3797725, 41.6698755 ], [ -71.3782092, 41.6710464 ], [ -71.3774279, 41.6725684 ], [ -71.3771155, 41.6749101 ], [ -71.3774279, 41.6788908 ], [ -71.3774279, 41.680998 ], [ -71.3771155, 41.6829882 ], [ -71.3746142, 41.6865003 ], [ -71.3721134, 41.6882562 ], [ -71.3699255, 41.6896609 ], [ -71.3688313, 41.6908314 ], [ -71.3682058, 41.6925871 ], [ -71.3685184, 41.6943429 ], [ -71.3693, 41.6963326 ], [ -71.3699255, 41.6979712 ], [ -71.3699255, 41.6998437 ], [ -71.3685184, 41.7034718 ], [ -71.3682058, 41.7063975 ], [ -71.3686751, 41.7087379 ], [ -71.3694563, 41.7108443 ], [ -71.3694563, 41.7127165 ], [ -71.3696126, 41.7138866 ], [ -71.3688313, 41.7148228 ], [ -71.3678934, 41.7152907 ], [ -71.3654758, 41.7167688 ], [ -71.3639129, 41.7173539 ], [ -71.3628187, 41.7179388 ], [ -71.3631312, 41.7188748 ], [ -71.3639129, 41.719226 ], [ -71.3657883, 41.7193429 ], [ -71.3686021, 41.7196938 ], [ -71.3714154, 41.7199279 ], [ -71.3745416, 41.7208638 ], [ -71.3786054, 41.7225018 ], [ -71.3836071, 41.7262456 ], [ -71.3889217, 41.730574 ], [ -71.3922038, 41.7319777 ], [ -71.3950175, 41.7330305 ], [ -71.3951738, 41.7338494 ], [ -71.3945484, 41.7347851 ], [ -71.3936105, 41.7364228 ], [ -71.3925163, 41.7378264 ], [ -71.3914225, 41.7387621 ], [ -71.3903284, 41.7395808 ], [ -71.3887651, 41.7396978 ], [ -71.3879838, 41.7396978 ], [ -71.3851701, 41.7363057 ], [ -71.3834508, 41.7340834 ], [ -71.3828255, 41.7332645 ], [ -71.3815751, 41.7327965 ], [ -71.3803246, 41.7327965 ], [ -71.3801683, 41.7338494 ], [ -71.3807938, 41.7354869 ], [ -71.3826691, 41.7368906 ], [ -71.3836071, 41.7386452 ], [ -71.3836071, 41.7399317 ], [ -71.3831384, 41.7413352 ], [ -71.3825129, 41.7427388 ], [ -71.381888, 41.7440253 ], [ -71.3815751, 41.7450778 ], [ -71.3817316, 41.7462474 ], [ -71.384545, 41.7469492 ], [ -71.3862642, 41.7468321 ], [ -71.3870458, 41.747183 ], [ -71.3873584, 41.7482356 ], [ -71.3872021, 41.7498728 ], [ -71.3868896, 41.7520948 ], [ -71.3875146, 41.7538488 ], [ -71.3887651, 41.7563044 ], [ -71.3900155, 41.7582923 ], [ -71.3904846, 41.7599292 ], [ -71.3917584, 41.7622592 ], [ -71.3919151, 41.7630776 ], [ -71.3916022, 41.7642468 ], [ -71.3908209, 41.765299 ], [ -71.390508, 41.7660007 ], [ -71.3903517, 41.7669359 ], [ -71.390508, 41.7676373 ], [ -71.3912897, 41.7683389 ], [ -71.3922276, 41.769391 ], [ -71.3920713, 41.7713784 ], [ -71.3919151, 41.7730151 ], [ -71.3922276, 41.7743011 ], [ -71.393478, 41.7757039 ], [ -71.394103, 41.7772235 ], [ -71.3942596, 41.7789769 ], [ -71.3945722, 41.7806133 ], [ -71.3951972, 41.7817822 ], [ -71.395255, 41.7823877 ], [ -71.3953534, 41.7834186 ], [ -71.3947284, 41.7842367 ], [ -71.3942596, 41.7855225 ], [ -71.3942596, 41.7871588 ], [ -71.3944159, 41.7880937 ], [ -71.3937905, 41.7890287 ], [ -71.3928526, 41.789613 ], [ -71.3909772, 41.78973 ], [ -71.3891013, 41.7892625 ], [ -71.3884803, 41.7891464 ], [ -71.3884763, 41.7891456 ], [ -71.3876947, 41.78973 ], [ -71.3878509, 41.7913661 ], [ -71.3894142, 41.7937035 ], [ -71.3925401, 41.797443 ], [ -71.3937905, 41.7988453 ], [ -71.3955101, 41.8000138 ], [ -71.3966039, 41.8001307 ], [ -71.3984797, 41.8000138 ], [ -71.3995739, 41.7996631 ], [ -71.400668, 41.7996631 ], [ -71.401606, 41.8002476 ], [ -71.4028564, 41.8017666 ], [ -71.4026997, 41.8039868 ], [ -71.4028564, 41.8055057 ], [ -71.404263, 41.8077257 ], [ -71.4045755, 41.8091277 ], [ -71.4047318, 41.8107633 ], [ -71.4047318, 41.8121653 ], [ -71.4056697, 41.8136842 ], [ -71.4084906, 41.8163165 ], [ -71.4108352, 41.8184192 ], [ -71.4119294, 41.8193537 ], [ -71.412711, 41.8206388 ], [ -71.412711, 41.82169 ], [ -71.4120856, 41.8223909 ], [ -71.4113039, 41.8223909 ], [ -71.4098973, 41.8222742 ], [ -71.4077093, 41.8199378 ], [ -71.4052081, 41.8174847 ], [ -71.4038014, 41.8167837 ], [ -71.4022385, 41.8163165 ], [ -71.4005193, 41.8161996 ], [ -71.398331, 41.8163165 ], [ -71.3962989, 41.8170174 ], [ -71.3936418, 41.8181856 ], [ -71.3928601, 41.8193537 ], [ -71.3922351, 41.8219236 ], [ -71.3916097, 41.8242598 ], [ -71.391141, 41.8255448 ], [ -71.3902031, 41.8267128 ], [ -71.3889526, 41.8271801 ], [ -71.3872334, 41.8272968 ], [ -71.3855139, 41.8264791 ], [ -71.3850451, 41.825428 ], [ -71.3852013, 41.8234423 ], [ -71.3864518, 41.8213396 ], [ -71.3878585, 41.8199378 ], [ -71.3900468, 41.8181856 ], [ -71.3914535, 41.8171342 ], [ -71.3928601, 41.8163165 ], [ -71.3937981, 41.8153818 ], [ -71.3948922, 41.8142135 ], [ -71.3953609, 41.8125781 ], [ -71.3942668, 41.8101245 ], [ -71.3897343, 41.8059183 ], [ -71.3853814, 41.8017668 ], [ -71.3852013, 41.801595 ], [ -71.3833255, 41.7986738 ], [ -71.3814501, 41.7955186 ], [ -71.3801997, 41.7938825 ], [ -71.3791055, 41.7932982 ], [ -71.3765817, 41.7905293 ], [ -71.3748621, 41.7866725 ], [ -71.3729866, 41.7838675 ], [ -71.3726737, 41.7821142 ], [ -71.3725175, 41.7808283 ], [ -71.3725175, 41.7794256 ], [ -71.372205, 41.7780229 ], [ -71.3698604, 41.776971 ], [ -71.3695479, 41.7758021 ], [ -71.3698604, 41.7732303 ], [ -71.370642, 41.7693723 ], [ -71.3711108, 41.7677356 ], [ -71.3711108, 41.7669171 ], [ -71.3709546, 41.7659818 ], [ -71.3701729, 41.7651634 ], [ -71.3687663, 41.7646959 ], [ -71.3676721, 41.7642282 ], [ -71.3659529, 41.7621236 ], [ -71.3647025, 41.7594342 ], [ -71.3642333, 41.7556924 ], [ -71.3640556, 41.7532758 ], [ -71.3640556, 41.7517555 ], [ -71.3632743, 41.7498845 ], [ -71.3621803, 41.7477794 ], [ -71.3615548, 41.7473115 ], [ -71.3603044, 41.7470777 ], [ -71.3596793, 41.7471947 ], [ -71.3592102, 41.7484811 ], [ -71.3592102, 41.7500015 ], [ -71.3596793, 41.7514048 ], [ -71.3599919, 41.752691 ], [ -71.3599919, 41.7537436 ], [ -71.3596793, 41.7542112 ], [ -71.3592102, 41.7544451 ], [ -71.358116, 41.7544451 ], [ -71.3568656, 41.7542112 ], [ -71.3559277, 41.7532758 ], [ -71.3556152, 41.7515217 ], [ -71.355459, 41.7498845 ], [ -71.3551465, 41.7483641 ], [ -71.3540523, 41.746376 ], [ -71.3532706, 41.7455574 ], [ -71.3521765, 41.7450896 ], [ -71.3515514, 41.7447386 ], [ -71.350926, 41.74392 ], [ -71.350301, 41.7415808 ], [ -71.3493632, 41.7405282 ], [ -71.3485815, 41.7400604 ], [ -71.3474877, 41.7394756 ], [ -71.3465498, 41.7387737 ], [ -71.3456118, 41.737604 ], [ -71.3448302, 41.7357326 ], [ -71.3442052, 41.7324572 ], [ -71.343736, 41.7287139 ], [ -71.3426423, 41.7274272 ], [ -71.3413918, 41.7263742 ], [ -71.3390472, 41.7261402 ], [ -71.3354522, 41.7260233 ], [ -71.3329514, 41.7260233 ], [ -71.3293564, 41.7266082 ], [ -71.3266989, 41.7264911 ], [ -71.3231043, 41.7257892 ], [ -71.3202905, 41.7254384 ], [ -71.3171647, 41.7243854 ], [ -71.3148201, 41.7239174 ], [ -71.3126318, 41.7234495 ], [ -71.3109122, 41.7222796 ], [ -71.3096618, 41.7197056 ], [ -71.3096618, 41.7164294 ], [ -71.3101694, 41.7138496 ], [ -71.3092981, 41.7116752 ], [ -71.3078458, 41.7102618 ], [ -71.3069745, 41.7097182 ], [ -71.3053771, 41.7096094 ], [ -71.3033438, 41.7099357 ], [ -71.3023274, 41.7110229 ], [ -71.3020367, 41.7128711 ], [ -71.3021823, 41.7177632 ], [ -71.3023274, 41.71972 ], [ -71.3023274, 41.7218941 ], [ -71.3020367, 41.7223289 ], [ -71.30073, 41.7225464 ], [ -71.2997131, 41.7221115 ], [ -71.2992777, 41.7210245 ], [ -71.2985516, 41.71972 ], [ -71.2975351, 41.7190678 ], [ -71.2963731, 41.7195027 ], [ -71.2959373, 41.7220027 ], [ -71.2952115, 41.7234159 ], [ -71.2941947, 41.7251552 ], [ -71.2934686, 41.7267855 ], [ -71.2931782, 41.7286333 ], [ -71.2931782, 41.7306984 ], [ -71.2934686, 41.73222 ], [ -71.2943399, 41.7329808 ], [ -71.2959373, 41.7337416 ], [ -71.2978254, 41.734611 ], [ -71.2994217, 41.7360683 ], [ -71.2997119, 41.7375898 ], [ -71.3000026, 41.7388938 ], [ -71.3000026, 41.7397632 ], [ -71.2986956, 41.7398718 ], [ -71.2973884, 41.7391112 ], [ -71.2965171, 41.7386765 ], [ -71.2944838, 41.7383505 ], [ -71.2933223, 41.7388938 ], [ -71.292451, 41.7388938 ], [ -71.2914341, 41.7370463 ], [ -71.2892561, 41.7291125 ], [ -71.2882393, 41.7234603 ], [ -71.2880941, 41.7187859 ], [ -71.2891105, 41.7160683 ], [ -71.2918699, 41.7145463 ], [ -71.2928864, 41.7135678 ], [ -71.2934674, 41.7125893 ], [ -71.2939032, 41.7108498 ], [ -71.2956541, 41.7021667 ], [ -71.2966706, 41.6959684 ], [ -71.2975423, 41.6902045 ], [ -71.2997202, 41.6875943 ], [ -71.30277, 41.6845489 ], [ -71.3049484, 41.6834613 ], [ -71.3066914, 41.6826998 ], [ -71.3075627, 41.681721 ], [ -71.307853, 41.6790015 ], [ -71.3081436, 41.6656208 ], [ -71.3082888, 41.6622479 ], [ -71.307853, 41.6609421 ], [ -71.3073898, 41.6575196 ], [ -71.3059375, 41.6550169 ], [ -71.3053565, 41.6540375 ], [ -71.3046304, 41.6532758 ], [ -71.3040497, 41.6530582 ], [ -71.3036139, 41.6530582 ], [ -71.3031781, 41.6531669 ], [ -71.3020165, 41.6544727 ], [ -71.3014355, 41.6566491 ], [ -71.3014355, 41.6596958 ], [ -71.3011452, 41.6611104 ], [ -71.3002739, 41.662416 ], [ -71.2994027, 41.6635041 ], [ -71.2982407, 41.664048 ], [ -71.2965016, 41.6643739 ], [ -71.2964981, 41.6643745 ], [ -71.2953361, 41.6649184 ], [ -71.2938838, 41.6658977 ], [ -71.2933032, 41.6672033 ], [ -71.2930125, 41.669923 ], [ -71.2921412, 41.6738394 ], [ -71.2917054, 41.6766677 ], [ -71.2921412, 41.6797135 ], [ -71.2921412, 41.6813451 ], [ -71.2917054, 41.6825416 ], [ -71.2905438, 41.6838468 ], [ -71.2889556, 41.6844957 ], [ -71.2889464, 41.6844994 ], [ -71.2867679, 41.6843907 ], [ -71.2857515, 41.6837381 ], [ -71.2842992, 41.682324 ], [ -71.2825563, 41.6786257 ], [ -71.2822659, 41.6727515 ], [ -71.2813946, 41.670467 ], [ -71.2781998, 41.6666592 ], [ -71.2742788, 41.6638304 ], [ -71.273262, 41.6627423 ], [ -71.2721004, 41.6612191 ], [ -71.2719549, 41.6594782 ], [ -71.2725358, 41.6557786 ], [ -71.272681, 41.6538199 ], [ -71.2715194, 41.6500111 ], [ -71.2700671, 41.6484876 ], [ -71.2690507, 41.6477257 ], [ -71.2678887, 41.646964 ], [ -71.2668722, 41.6468551 ], [ -71.26542, 41.646964 ], [ -71.2642871, 41.6475582 ], [ -71.2639677, 41.6477257 ], [ -71.2622251, 41.6491405 ], [ -71.2613538, 41.651317 ], [ -71.2604821, 41.6530582 ], [ -71.2590303, 41.6546904 ], [ -71.2581586, 41.6563227 ], [ -71.2575601, 41.661133 ], [ -71.2572698, 41.6634177 ], [ -71.2558176, 41.6657027 ], [ -71.2523324, 41.668749 ], [ -71.250154, 41.6704896 ], [ -71.2491371, 41.6711423 ], [ -71.2478304, 41.6712511 ], [ -71.2468136, 41.6708159 ], [ -71.2460875, 41.6698369 ], [ -71.2455068, 41.6691842 ], [ -71.2443449, 41.668749 ], [ -71.2433284, 41.6686401 ], [ -71.2420213, 41.6692929 ], [ -71.2407142, 41.6714686 ], [ -71.2392619, 41.67582 ], [ -71.2394074, 41.6803888 ], [ -71.240569, 41.6847395 ], [ -71.2473946, 41.6945278 ], [ -71.2508801, 41.69953 ], [ -71.256134, 41.7076594 ], [ -71.2603457, 41.7135305 ], [ -71.2652832, 41.7200531 ], [ -71.2664452, 41.7230968 ], [ -71.2667354, 41.724836 ], [ -71.2670257, 41.7262492 ], [ -71.2670257, 41.7275535 ], [ -71.2664452, 41.7280969 ], [ -71.265138, 41.7275535 ], [ -71.2648473, 41.7269013 ], [ -71.2647022, 41.7264665 ], [ -71.2635406, 41.725597 ], [ -71.2623786, 41.7253795 ], [ -71.2607812, 41.7249448 ], [ -71.2593289, 41.723749 ], [ -71.2593289, 41.7228794 ], [ -71.2591838, 41.7217924 ], [ -71.2587479, 41.7211401 ], [ -71.2580221, 41.7207054 ], [ -71.2554079, 41.7207054 ], [ -71.2541007, 41.7205967 ], [ -71.2513417, 41.7188574 ], [ -71.2469849, 41.7161396 ], [ -71.2461136, 41.7150524 ], [ -71.2449516, 41.7130955 ], [ -71.2449516, 41.7109212 ], [ -71.2453875, 41.7071159 ], [ -71.2461136, 41.7054848 ], [ -71.2466946, 41.7042889 ], [ -71.2469849, 41.7030927 ], [ -71.2469849, 41.7020053 ], [ -71.2465491, 41.7014618 ], [ -71.2456778, 41.7011355 ], [ -71.244371, 41.7011355 ], [ -71.2413213, 41.7014618 ], [ -71.2382716, 41.7024403 ], [ -71.2347861, 41.7049413 ], [ -71.2327528, 41.7073333 ], [ -71.2313005, 41.7107037 ], [ -71.2299993, 41.714925 ], [ -71.2295862, 41.7162654 ], [ -71.2295579, 41.716357 ], [ -71.2297031, 41.7208142 ], [ -71.2294128, 41.7251622 ], [ -71.228977, 41.7264665 ], [ -71.2282509, 41.7271187 ], [ -71.2269441, 41.7273361 ], [ -71.2237492, 41.7273361 ], [ -71.2164879, 41.7250534 ], [ -71.213874, 41.7240752 ], [ -71.2125668, 41.7232056 ], [ -71.2119859, 41.7222272 ], [ -71.2119859, 41.7212489 ], [ -71.2125668, 41.7199445 ], [ -71.2135833, 41.7191835 ], [ -71.2161975, 41.7182051 ], [ -71.2177949, 41.7174441 ], [ -71.2191017, 41.7162484 ], [ -71.2198278, 41.7149438 ], [ -71.2195375, 41.7134217 ], [ -71.2167781, 41.7124432 ], [ -71.2147453, 41.7111386 ], [ -71.2121309, 41.709834 ], [ -71.2106787, 41.7101602 ], [ -71.2090813, 41.7114648 ], [ -71.2024477, 41.718433 ], [ -71.1998334, 41.7245203 ], [ -71.1967837, 41.7350632 ], [ -71.1963482, 41.7375628 ], [ -71.1953314, 41.7387581 ], [ -71.1946053, 41.7394102 ], [ -71.193153, 41.7391928 ], [ -71.1930078, 41.7378888 ], [ -71.1944601, 41.73202 ], [ -71.1957673, 41.7257159 ], [ -71.1963482, 41.7232159 ], [ -71.197655, 41.7212593 ], [ -71.1982359, 41.7197374 ], [ -71.1980908, 41.7174544 ], [ -71.1980908, 41.7128885 ], [ -71.1979457, 41.7115838 ], [ -71.1973647, 41.7108229 ], [ -71.1963482, 41.7107141 ], [ -71.194896, 41.7115838 ], [ -71.1927175, 41.7126711 ], [ -71.1902488, 41.7132147 ], [ -71.1879253, 41.7129973 ], [ -71.1857468, 41.7128885 ], [ -71.1809541, 41.7137582 ], [ -71.1765977, 41.715389 ], [ -71.1722409, 41.7183242 ], [ -71.1691911, 41.7206071 ], [ -71.1657056, 41.7234333 ], [ -71.1628014, 41.7261507 ], [ -71.1598969, 41.7279986 ], [ -71.1578637, 41.7308245 ], [ -71.1542329, 41.7356066 ], [ -71.1535067, 41.736476 ], [ -71.1519093, 41.7374541 ], [ -71.1495858, 41.7398449 ], [ -71.1476981, 41.7421271 ], [ -71.1431961, 41.7476688 ], [ -71.1418889, 41.7489728 ], [ -71.1404367, 41.7495161 ], [ -71.137968, 41.7497334 ], [ -71.1354992, 41.7495161 ], [ -71.132885, 41.7484295 ], [ -71.1321588, 41.7471256 ], [ -71.1325946, 41.7453871 ], [ -71.1343372, 41.7438657 ], [ -71.1400012, 41.7394102 ], [ -71.1443737, 41.7358406 ], [ -71.1447935, 41.7354978 ], [ -71.1465361, 41.7336504 ], [ -71.1476981, 41.7319114 ], [ -71.1487145, 41.7301724 ], [ -71.1506026, 41.7286507 ], [ -71.15554, 41.7261507 ], [ -71.1584446, 41.7239767 ], [ -71.1597518, 41.7226724 ], [ -71.1612036, 41.7200635 ], [ -71.1610585, 41.7176719 ], [ -71.1610585, 41.7151716 ], [ -71.1617846, 41.7129973 ], [ -71.1626559, 41.7106054 ], [ -71.1638179, 41.7089745 ], [ -71.1655604, 41.7079961 ], [ -71.1680291, 41.7070174 ], [ -71.1713696, 41.7059301 ], [ -71.1739835, 41.7045167 ], [ -71.1787762, 41.7010372 ], [ -71.1844397, 41.6967962 ], [ -71.1902865, 41.6913701 ], [ -71.1936265, 41.686476 ], [ -71.1982736, 41.6797323 ], [ -71.1987401, 41.6789957 ], [ -71.2017458, 41.6742497 ], [ -71.2036473, 41.6712473 ], [ -71.2080038, 41.6618907 ], [ -71.2104725, 41.6552533 ], [ -71.2126509, 41.6477445 ], [ -71.2141032, 41.6450237 ], [ -71.2143813, 41.6428225 ], [ -71.2145648, 41.6413702 ], [ -71.2151458, 41.6360368 ], [ -71.2157268, 41.6325536 ], [ -71.2161626, 41.6311384 ], [ -71.216017, 41.6287435 ], [ -71.216017, 41.626022 ], [ -71.2148555, 41.6244978 ], [ -71.2135483, 41.6227559 ], [ -71.2131129, 41.6213404 ], [ -71.2134032, 41.6198162 ], [ -71.2145648, 41.6170943 ], [ -71.2147103, 41.6156787 ], [ -71.2141294, 41.6128477 ], [ -71.2139926, 41.6083986 ], [ -71.2125402, 41.6051316 ], [ -71.2106521, 41.6032804 ], [ -71.2086193, 41.6005576 ], [ -71.2077475, 41.5991418 ], [ -71.2076025, 41.5979437 ], [ -71.2077475, 41.5967457 ], [ -71.2086193, 41.5957654 ], [ -71.210507, 41.5945674 ], [ -71.2125402, 41.5930424 ], [ -71.2141377, 41.5909728 ], [ -71.2151541, 41.5883586 ], [ -71.215009, 41.5854174 ], [ -71.2138975, 41.5833334 ], [ -71.2124339, 41.5828256 ], [ -71.2106071, 41.5818079 ], [ -71.2095333, 41.5790706 ], [ -71.2095333, 41.5767899 ], [ -71.2090991, 41.5745092 ], [ -71.2083753, 41.5715767 ], [ -71.2088095, 41.56897 ], [ -71.2093886, 41.5657114 ], [ -71.2095333, 41.5624527 ], [ -71.2095333, 41.5590851 ], [ -71.2098229, 41.5574556 ], [ -71.2106915, 41.5563692 ], [ -71.2124286, 41.555826 ], [ -71.2141657, 41.5562606 ], [ -71.2159029, 41.5578902 ], [ -71.2166267, 41.5587592 ], [ -71.217061, 41.5595196 ], [ -71.2177848, 41.5602801 ], [ -71.2182191, 41.5607146 ], [ -71.2192324, 41.5608232 ], [ -71.2199562, 41.5608232 ], [ -71.2202458, 41.5593024 ], [ -71.2202458, 41.5581074 ], [ -71.2187982, 41.5565864 ], [ -71.2173505, 41.5556087 ], [ -71.2164819, 41.5550656 ], [ -71.2159029, 41.5547396 ], [ -71.2160477, 41.5538705 ], [ -71.2173505, 41.5519149 ], [ -71.2177848, 41.550937 ], [ -71.2177848, 41.5499592 ], [ -71.2174954, 41.548764 ], [ -71.2169163, 41.547243 ], [ -71.2166267, 41.5458305 ], [ -71.2157581, 41.5450698 ], [ -71.2102572, 41.5433313 ], [ -71.2069276, 41.54181 ], [ -71.2060591, 41.5402888 ], [ -71.2067747, 41.5372942 ], [ -71.2092356, 41.5340341 ], [ -71.2096699, 41.530339 ], [ -71.2095252, 41.5263176 ], [ -71.2086566, 41.5246873 ], [ -71.2076433, 41.5236003 ], [ -71.2069195, 41.5228395 ], [ -71.2066299, 41.5214265 ], [ -71.2066299, 41.5199046 ], [ -71.2064851, 41.5183828 ], [ -71.2061956, 41.5168609 ], [ -71.205327, 41.5158826 ], [ -71.2037346, 41.5153391 ], [ -71.2033004, 41.5145781 ], [ -71.2023585, 41.5123287 ] ] } },
{ "type": "Feature", "properties": { "RCID": 221, "PRIM": 2, "GRUP": 2, "OBJL": 30, "RVER": 1, "AGEN": 550, "FIDN": 1930505159, "FIDS": 48294, "LNAM": "022673112BC7BCA6", "SORDAT": "201206", "SORIND": "US,US,graph,Chart 12300" }, "geometry": { "type": "LineString", "coordinates": [ [ -70.85534, 41.4490911 ], [ -70.8563114, 41.4499032 ], [ -70.8570975, 41.4498014 ], [ -70.8574442, 41.4495585 ], [ -70.8590454, 41.4476657 ], [ -70.8606626, 41.4464597 ], [ -70.8610197, 41.4458264 ], [ -70.8615103, 41.4443332 ], [ -70.8625538, 41.4435463 ], [ -70.8642171, 41.4429131 ], [ -70.8661514, 41.4426669 ], [ -70.8676558, 41.4423573 ], [ -70.8712908, 41.4404929 ], [ -70.8737764, 41.4388536 ], [ -70.8756359, 41.4385159 ], [ -70.8784626, 41.4383119 ], [ -70.8796867, 41.4380727 ], [ -70.8802661, 41.4377842 ], [ -70.8804997, 41.4373691 ], [ -70.879901, 41.4352767 ], [ -70.8804249, 41.4342609 ], [ -70.8840255, 41.4328545 ], [ -70.887647, 41.433335 ], [ -70.894039, 41.4330191 ], [ -70.896321, 41.433076 ], [ -70.8986448, 41.433676 ], [ -70.8997677, 41.4342481 ], [ -70.9002631, 41.4343588 ], [ -70.9009383, 41.4342258 ], [ -70.9015025, 41.433694 ], [ -70.9020294, 41.4329403 ], [ -70.9037997, 41.4304079 ], [ -70.9049715, 41.4276905 ], [ -70.9057483, 41.4264304 ], [ -70.906205, 41.4255465 ], [ -70.9057881, 41.4246746 ], [ -70.9049143, 41.4239433 ], [ -70.9039036, 41.4229908 ], [ -70.9027395, 41.4216904 ], [ -70.9020061, 41.4215127 ], [ -70.8970533, 41.4218511 ], [ -70.8938556, 41.422119 ], [ -70.8893189, 41.4224497 ], [ -70.8868422, 41.4221985 ], [ -70.8841181, 41.4215329 ], [ -70.8805707, 41.4214844 ], [ -70.8755878, 41.4219823 ], [ -70.8732704, 41.4220808 ], [ -70.870383, 41.4222146 ], [ -70.8690675, 41.422371 ], [ -70.8673722, 41.4226458 ], [ -70.86712, 41.4227173 ], [ -70.8653575, 41.4232232 ], [ -70.8615437, 41.4245429 ], [ -70.8571664, 41.4262911 ], [ -70.8522453, 41.4294217 ], [ -70.8494745, 41.4318595 ], [ -70.8486479, 41.4331534 ], [ -70.8489267, 41.4349219 ], [ -70.8494194, 41.4360158 ], [ -70.8530716, 41.4377892 ], [ -70.8553572, 41.4398259 ], [ -70.8557987, 41.4416112 ], [ -70.8554389, 41.4435441 ], [ -70.8549796, 41.4450554 ], [ -70.8549525, 41.4465539 ], [ -70.8554412, 41.447857 ], [ -70.8554672, 41.4482443 ], [ -70.85534, 41.4490911 ] ] } },
{ "type": "Feature", "properties": { "RCID": 222, "PRIM": 2, "GRUP": 2, "OBJL": 30, "RVER": 1, "AGEN": 550, "FIDN": 418934216, "FIDS": 48294, "LNAM": "022618F86DC8BCA6", "SORDAT": "201206", "SORIND": "US,US,graph,Chart 12300" }, "geometry": { "type": "LineString", "coordinates": [ [ -71.095932, 41.5260148 ], [ -71.097445, 41.527089 ], [ -71.0987613, 41.5288169 ], [ -71.098755, 41.5290635 ], [ -71.098553, 41.529163 ], [ -71.0978928, 41.5291265 ], [ -71.096905, 41.5287845 ], [ -71.0959108, 41.5279126 ], [ -71.0951325, 41.5270528 ], [ -71.0944965, 41.5265323 ], [ -71.0939354, 41.5258784 ], [ -71.0932579, 41.525205 ], [ -71.0928328, 41.5247506 ], [ -71.0932391, 41.5240972 ], [ -71.0946467, 41.524179 ], [ -71.0948762, 41.5243867 ], [ -71.0952115, 41.5252418 ], [ -71.095932, 41.5260148 ] ] } },
{ "type": "Feature", "properties": { "RCID": 223, "PRIM": 2, "GRUP": 2, "OBJL": 30, "RVER": 1, "AGEN": 550, "FIDN": 1020424528, "FIDS": 48294, "LNAM": "02263CD27150BCA6", "SORDAT": "20060522", "SORIND": "US,US,graph,GC-10641" }, "geometry": { "type": "LineString", "coordinates": [ [ -71.5049107, 41.4068546 ], [ -71.5049749, 41.4074827 ], [ -71.5049321, 41.4081109 ], [ -71.50444, 41.4083042 ], [ -71.5040336, 41.4083042 ], [ -71.5035201, 41.4080143 ], [ -71.5032206, 41.4073861 ], [ -71.5035201, 41.406919 ], [ -71.504072, 41.406656 ], [ -71.5049107, 41.4068546 ] ] } },
{ "type": "Feature", "properties": { "RCID": 224, "PRIM": 2, "GRUP": 2, "OBJL": 30, "RVER": 1, "AGEN": 550, "FIDN": 1376341568, "FIDS": 48294, "LNAM": "022652094E40BCA6", "SORDAT": "20020119", "SORIND": "US,US,graph,Chart 13200" }, "geometry": { "type": "LineString", "coordinates": [ [ -71.0910418, 41.5072005 ], [ -71.0904333, 41.5080353 ], [ -71.0913946, 41.5080232 ], [ -71.0919403, 41.5080606 ], [ -71.0924682, 41.5081615 ], [ -71.0933349, 41.508387 ], [ -71.094191, 41.5086319 ], [ -71.0950126, 41.5089551 ], [ -71.0954028, 41.5091646 ], [ -71.0957753, 41.509416 ], [ -71.0962315, 41.5098407 ], [ -71.0965558, 41.5102936 ], [ -71.0967155, 41.5106033 ], [ -71.0968015, 41.5107701 ], [ -71.0970218, 41.5112654 ], [ -71.0972446, 41.5117559 ], [ -71.0974348, 41.5122556 ], [ -71.0975211, 41.5127493 ], [ -71.0974323, 41.5132216 ], [ -71.0972387, 41.5135733 ], [ -71.0969957, 41.513917 ], [ -71.0967391, 41.5142604 ], [ -71.0965045, 41.5146114 ], [ -71.0961889, 41.51513 ], [ -71.0952234, 41.5167093 ], [ -71.0946961, 41.5177642 ], [ -71.094507, 41.5182871 ], [ -71.0944368, 41.5185466 ], [ -71.0943851, 41.5188046 ], [ -71.0945949, 41.5195988 ], [ -71.0952655, 41.5203685 ], [ -71.0960603, 41.5211359 ], [ -71.0963991, 41.5215257 ], [ -71.0966427, 41.5219233 ], [ -71.0968693, 41.5226143 ], [ -71.0970303, 41.5233425 ], [ -71.0972394, 41.5240628 ], [ -71.0976103, 41.52473 ], [ -71.0999601, 41.5275365 ], [ -71.1011323, 41.5289529 ], [ -71.1017483, 41.52958 ], [ -71.1021535, 41.5299282 ], [ -71.102544, 41.5302189 ], [ -71.1034578, 41.5307842 ], [ -71.1045435, 41.5312237 ], [ -71.1053192, 41.5317149 ], [ -71.1062506, 41.5323893 ], [ -71.1071236, 41.5330343 ], [ -71.1075918, 41.533373 ], [ -71.108024, 41.5337367 ], [ -71.1088202, 41.5345115 ], [ -71.109592, 41.5353041 ], [ -71.1104191, 41.5360595 ], [ -71.1110037, 41.5365464 ], [ -71.1115898, 41.5370339 ], [ -71.1128398, 41.5379446 ], [ -71.1135107, 41.5402491 ], [ -71.1137114, 41.5437271 ], [ -71.1135569, 41.5457865 ], [ -71.1131871, 41.5461732 ], [ -71.1129571, 41.5462596 ], [ -71.1127177, 41.5462614 ], [ -71.1095131, 41.5454696 ], [ -71.1082996, 41.5442695 ], [ -71.1067331, 41.5429879 ], [ -71.104457, 41.5408171 ], [ -71.1008774, 41.5367372 ], [ -71.0964242, 41.5328344 ], [ -71.0951885, 41.5325185 ], [ -71.0913898, 41.534414 ], [ -71.0896439, 41.5331737 ], [ -71.0891495, 41.5307064 ], [ -71.0882318, 41.5270408 ], [ -71.088055, 41.526297 ], [ -71.0866559, 41.5239889 ], [ -71.084899, 41.5218615 ], [ -71.082063, 41.5210434 ], [ -71.0796106, 41.5208593 ], [ -71.0776698, 41.5206104 ], [ -71.0761607, 41.519759 ], [ -71.0752641, 41.5182155 ], [ -71.0715541, 41.5155733 ], [ -71.0698916, 41.5164803 ], [ -71.0680863, 41.5184831 ], [ -71.0665442, 41.5209527 ], [ -71.0652209, 41.5226991 ], [ -71.0635611, 41.5250418 ], [ -71.0636311, 41.5274492 ], [ -71.0640223, 41.5309677 ], [ -71.064018, 41.5329669 ], [ -71.0620623, 41.5352703 ], [ -71.0611109, 41.5367416 ], [ -71.0617168, 41.5396215 ], [ -71.0618027, 41.540995 ], [ -71.0631382, 41.5452174 ], [ -71.0660048, 41.5498682 ], [ -71.0682983, 41.5546068 ], [ -71.0692839, 41.5572855 ], [ -71.0720786, 41.5598255 ], [ -71.0735395, 41.5614281 ], [ -71.0737897, 41.5634915 ], [ -71.0740143, 41.5648749 ], [ -71.0726464, 41.5698895 ], [ -71.0727115, 41.5741828 ], [ -71.0736883, 41.5783399 ], [ -71.0727571, 41.5810902 ], [ -71.070887, 41.58295 ], [ -71.0705362, 41.5833334 ], [ -71.0713397, 41.5840884 ], [ -71.0717084, 41.5852353 ], [ -71.0718138, 41.5869357 ], [ -71.0721298, 41.5887944 ], [ -71.0716031, 41.5897434 ], [ -71.0707603, 41.590297 ], [ -71.068548, 41.5922742 ], [ -71.068548, 41.5943303 ], [ -71.068232, 41.5955956 ], [ -71.0679159, 41.595991 ], [ -71.0664411, 41.5969004 ], [ -71.0651769, 41.5967818 ], [ -71.0650189, 41.5958724 ], [ -71.0650716, 41.5931441 ], [ -71.0655983, 41.5914042 ], [ -71.0665464, 41.5899411 ], [ -71.0681793, 41.5890316 ], [ -71.0691801, 41.5885175 ], [ -71.0694435, 41.5881221 ], [ -71.0692854, 41.587608 ], [ -71.0688641, 41.5872126 ], [ -71.0682847, 41.5860657 ], [ -71.0684427, 41.5843257 ], [ -71.0680678, 41.5833334 ], [ -71.0689128, 41.5805108 ], [ -71.069243, 41.579957 ], [ -71.0697149, 41.5794523 ], [ -71.0702127, 41.5789501 ], [ -71.0706202, 41.5784035 ], [ -71.0711098, 41.5769187 ], [ -71.071086, 41.5759078 ], [ -71.0709475, 41.5748961 ], [ -71.0708, 41.5738848 ], [ -71.0707487, 41.5728752 ], [ -71.0708183, 41.5721786 ], [ -71.0709452, 41.5714823 ], [ -71.0710732, 41.5707863 ], [ -71.0711461, 41.5700907 ], [ -71.0710928, 41.5696394 ], [ -71.0709515, 41.5691895 ], [ -71.0708021, 41.5687423 ], [ -71.0707244, 41.5682991 ], [ -71.0709076, 41.5675871 ], [ -71.0713282, 41.5668787 ], [ -71.071718, 41.566172 ], [ -71.0718085, 41.5654653 ], [ -71.0715965, 41.5648101 ], [ -71.0713451, 41.5641583 ], [ -71.0707487, 41.5628682 ], [ -71.0701892, 41.5618152 ], [ -71.0698483, 41.5613097 ], [ -71.0693965, 41.5608075 ], [ -71.0673974, 41.559446 ], [ -71.0662855, 41.5589989 ], [ -71.065726, 41.5588354 ], [ -71.0651737, 41.5587125 ], [ -71.0645618, 41.5587532 ], [ -71.0642539, 41.5588817 ], [ -71.0639786, 41.5590816 ], [ -71.0636925, 41.5593994 ], [ -71.0633313, 41.5603754 ], [ -71.0633947, 41.5610265 ], [ -71.063599, 41.5616605 ], [ -71.0636362, 41.561752 ], [ -71.0642443, 41.5633477 ], [ -71.0640952, 41.5635763 ], [ -71.0639203, 41.5636676 ], [ -71.0637428, 41.5637458 ], [ -71.0627866, 41.5636686 ], [ -71.0620746, 41.5627639 ], [ -71.0613214, 41.561854 ], [ -71.0609782, 41.5614983 ], [ -71.0606836, 41.5611622 ], [ -71.060404, 41.5608186 ], [ -71.0601232, 41.5604747 ], [ -71.0598252, 41.5601381 ], [ -71.0591741, 41.5596225 ], [ -71.0583872, 41.5591914 ], [ -71.0576184, 41.5587503 ], [ -71.0570214, 41.5582044 ], [ -71.0564852, 41.5572851 ], [ -71.0560892, 41.5563216 ], [ -71.0557152, 41.5553528 ], [ -71.055245, 41.5544174 ], [ -71.0547971, 41.5537378 ], [ -71.0543216, 41.5530663 ], [ -71.0538499, 41.55239 ], [ -71.0534139, 41.5516961 ], [ -71.0521271, 41.5492876 ], [ -71.0516703, 41.5480466 ], [ -71.0514261, 41.5467777 ], [ -71.0513807, 41.5452612 ], [ -71.0510863, 41.5408653 ], [ -71.0508628, 41.5395234 ], [ -71.0504931, 41.5381975 ], [ -71.050037, 41.5368827 ], [ -71.0495544, 41.5355745 ], [ -71.0490629, 41.5345149 ], [ -71.0484452, 41.5334866 ], [ -71.0478035, 41.5324688 ], [ -71.0472403, 41.5314413 ], [ -71.0469387, 41.5304864 ], [ -71.0469787, 41.5300006 ], [ -71.0470781, 41.5297708 ], [ -71.0472629, 41.5294893 ], [ -71.0473, 41.5294128 ], [ -71.0475555, 41.5276924 ], [ -71.04732, 41.5244884 ], [ -71.0471916, 41.523292 ], [ -71.0482993, 41.5233017 ], [ -71.0491065, 41.5244208 ], [ -71.0492448, 41.5264754 ], [ -71.0502184, 41.5270387 ], [ -71.0519124, 41.5273412 ], [ -71.0527743, 41.5273469 ], [ -71.0528229, 41.5273252 ], [ -71.0529536, 41.5271929 ], [ -71.0531468, 41.5267758 ], [ -71.0531482, 41.5263585 ], [ -71.0528898, 41.5255501 ], [ -71.0523144, 41.5246853 ], [ -71.0516632, 41.5238744 ], [ -71.0510154, 41.5230754 ], [ -71.0504499, 41.5222465 ], [ -71.0500173, 41.5213473 ], [ -71.0496761, 41.5204181 ], [ -71.0493356, 41.5194829 ], [ -71.0489049, 41.5185657 ], [ -71.0480027, 41.5175885 ], [ -71.0475147, 41.517354 ], [ -71.0470063, 41.5171622 ], [ -71.0459525, 41.5168591 ], [ -71.0448892, 41.5165845 ], [ -71.0438646, 41.5162438 ], [ -71.043093, 41.5159589 ], [ -71.0423101, 41.5156746 ], [ -71.0410095, 41.5148887 ], [ -71.036976, 41.5104873 ], [ -71.0358055, 41.5092013 ], [ -71.0354072, 41.5089003 ], [ -71.0349157, 41.5086708 ], [ -71.0344031, 41.5084495 ], [ -71.0339417, 41.5081731 ], [ -71.0330368, 41.5070803 ], [ -71.0329237, 41.5066651 ], [ -71.0329387, 41.5062251 ], [ -71.0329714, 41.5057886 ], [ -71.0329115, 41.5053837 ], [ -71.0325726, 41.5049787 ], [ -71.0315022, 41.5042693 ], [ -71.031203, 41.5038917 ], [ -71.0312426, 41.5034977 ], [ -71.0315453, 41.5030908 ], [ -71.0325105, 41.502489 ], [ -71.0334388, 41.5023969 ], [ -71.0337661, 41.5026342 ], [ -71.0340587, 41.5029723 ], [ -71.0343669, 41.5033251 ], [ -71.0347408, 41.5036066 ], [ -71.0360677, 41.5042665 ], [ -71.0375578, 41.5049425 ], [ -71.038113, 41.5054424 ], [ -71.0382898, 41.5057493 ], [ -71.0384227, 41.5060672 ], [ -71.03856, 41.5068238 ], [ -71.0385413, 41.5075965 ], [ -71.0385406, 41.508362 ], [ -71.0387317, 41.5090973 ], [ -71.0389444, 41.5094911 ], [ -71.0399016, 41.5109935 ], [ -71.0409837, 41.5123618 ], [ -71.0412236, 41.5127382 ], [ -71.0414379, 41.5131316 ], [ -71.0418738, 41.5136443 ], [ -71.0420867, 41.5137695 ], [ -71.0427616, 41.5140517 ], [ -71.043452, 41.5142969 ], [ -71.0448421, 41.5147652 ], [ -71.047058, 41.5155688 ], [ -71.0492741, 41.5163699 ], [ -71.0499924, 41.5163996 ], [ -71.0507212, 41.5161178 ], [ -71.0514573, 41.5157362 ], [ -71.0518272, 41.5155742 ], [ -71.0521978, 41.5154665 ], [ -71.0533868, 41.5152869 ], [ -71.0539939, 41.5152004 ], [ -71.0545933, 41.515091 ], [ -71.0550927, 41.5149168 ], [ -71.0551885, 41.5148293 ], [ -71.0553072, 41.5146638 ], [ -71.0562033, 41.5126274 ], [ -71.056344, 41.5114166 ], [ -71.0571789, 41.5107207 ], [ -71.0578728, 41.5108321 ], [ -71.0577945, 41.5135007 ], [ -71.0582827, 41.5141021 ], [ -71.0591906, 41.5141287 ], [ -71.060466, 41.512812 ], [ -71.061555, 41.5129758 ], [ -71.0627571, 41.5141574 ], [ -71.0642245, 41.5152015 ], [ -71.065254, 41.5157456 ], [ -71.0660165, 41.5158544 ], [ -71.0670889, 41.515737 ], [ -71.0688804, 41.5148332 ], [ -71.0697351, 41.5144381 ], [ -71.0730986, 41.5135717 ], [ -71.0765542, 41.5135717 ], [ -71.0791988, 41.51394 ], [ -71.0835575, 41.514958 ], [ -71.0847881, 41.5149289 ], [ -71.0868978, 41.5136607 ], [ -71.0890459, 41.5121141 ], [ -71.0896676, 41.5116632 ], [ -71.089877, 41.510805 ], [ -71.0895933, 41.5100714 ], [ -71.0883204, 41.5099353 ], [ -71.088041, 41.5099054 ] ] } }
]
}
