{
"type": "FeatureCollection",
"name": "CTNARE",
"crs": { "type": "name", "properties": { "name": "urn:ogc:def:crs:OGC:1.3:CRS84" } },
"features": [
{ "type": "Feature", "properties": { "RCID": 348, "PRIM": 3, "GRUP": 2, "OBJL": 27, "RVER": 2, "AGEN": 550, "FIDN": 1345450094, "FIDS": 48294, "LNAM": "02265031F06EBCA6", "INFORM": "Most features, including bathymetry, are omitted in this area. The minimal depiction of detail in this area does not support safe navigation, mariners should use a more appropriate navigational purpose.", "SCAMIN": 1499999, "SORDAT": "20020119", "SORIND": "US,US,graph,Chart 13200" }, "geometry": { "type": "Polygon", "coordinates": [ [ [ -70.9139027, 41.619849 ], [ -70.9097296, 41.6233318 ], [ -70.9045132, 41.6253167 ], [ -70.9033895, 41.624333 ], [ -70.9025468, 41.6239817 ], [ -70.8999249, 41.6237007 ], [ -70.896273, 41.624052 ], [ -70.8938384, 41.6246141 ], [ -70.8919356, 41.6265567 ], [ -70.890375, 41.6290449 ], [ -70.8886843, 41.6316306 ], [ -70.8876439, 41.6321673 ], [ -70.8864734, 41.6321673 ], [ -70.8848743, 41.6316129 ], [ -70.8821166, 41.6309476 ], [ -70.8799057, 41.6299231 ], [ -70.8765991, 41.6283331 ], [ -70.8740229, 41.6275717 ], [ -70.8715248, 41.6261659 ], [ -70.8705099, 41.6254044 ], [ -70.870209, 41.6248216 ], [ -70.8699651, 41.6237116 ], [ -70.8695729, 41.6215383 ], [ -70.8694948, 41.6186093 ], [ -70.8697289, 41.6167346 ], [ -70.8695727, 41.6157973 ], [ -70.8691763, 41.6146509 ], [ -70.8686561, 41.6134797 ], [ -70.8676209, 41.6111689 ], [ -70.8656648, 41.6082091 ], [ -70.864223, 41.6039627 ], [ -70.8640846, 41.6034091 ], [ -70.8640383, 41.6029246 ], [ -70.8641306, 41.6024403 ], [ -70.8650073, 41.6017828 ], [ -70.8657917, 41.6010215 ], [ -70.8659761, 41.6002948 ], [ -70.86593, 41.599845 ], [ -70.865238, 41.5985646 ], [ -70.8641074, 41.5965786 ], [ -70.861453, 41.5939415 ], [ -70.8608285, 41.5930624 ], [ -70.8605162, 41.5921248 ], [ -70.8605162, 41.5911871 ], [ -70.8594232, 41.5893116 ], [ -70.8576015, 41.5845837 ], [ -70.8566742, 41.5833334 ], [ -70.8561376, 41.583186 ], [ -70.8545833, 41.5830087 ], [ -70.8535335, 41.5830633 ], [ -70.8528605, 41.5833334 ], [ -70.8525467, 41.5845597 ], [ -70.8518853, 41.5862381 ], [ -70.8506059, 41.5907584 ], [ -70.8501167, 41.5932727 ], [ -70.8499661, 41.5951936 ], [ -70.8509034, 41.5973422 ], [ -70.8515557, 41.5991227 ], [ -70.851615, 41.5998349 ], [ -70.8514371, 41.6003691 ], [ -70.8507255, 41.6010812 ], [ -70.8495988, 41.6015264 ], [ -70.8484721, 41.6018379 ], [ -70.8479384, 41.602283 ], [ -70.848057, 41.6030397 ], [ -70.84865, 41.6039744 ], [ -70.8496581, 41.6056212 ], [ -70.849836, 41.6077131 ], [ -70.849836, 41.6094043 ], [ -70.8498953, 41.6102944 ], [ -70.8503104, 41.6110065 ], [ -70.8510813, 41.6118966 ], [ -70.8524452, 41.6131872 ], [ -70.8530975, 41.6138992 ], [ -70.853394, 41.6152343 ], [ -70.853987, 41.6185718 ], [ -70.8546393, 41.6204852 ], [ -70.8555882, 41.6220871 ], [ -70.8566556, 41.6231995 ], [ -70.8574265, 41.6235555 ], [ -70.8587904, 41.623867 ], [ -70.8610438, 41.6240895 ], [ -70.8624077, 41.6250683 ], [ -70.8632379, 41.6264477 ], [ -70.8643647, 41.6294287 ], [ -70.8650763, 41.6312083 ], [ -70.8651356, 41.6323206 ], [ -70.8642461, 41.6330324 ], [ -70.8625856, 41.6337887 ], [ -70.8617554, 41.6337442 ], [ -70.860688, 41.6333883 ], [ -70.8580195, 41.6312528 ], [ -70.8561812, 41.6292952 ], [ -70.8551137, 41.6271151 ], [ -70.8546393, 41.6264032 ], [ -70.8540463, 41.6261807 ], [ -70.8529789, 41.6263142 ], [ -70.8519115, 41.627471 ], [ -70.8513185, 41.627738 ], [ -70.8508441, 41.627738 ], [ -70.8496581, 41.6269816 ], [ -70.8475233, 41.6251573 ], [ -70.8468117, 41.6254243 ], [ -70.8468117, 41.6261362 ], [ -70.8472861, 41.6274265 ], [ -70.84865, 41.6294732 ], [ -70.8487093, 41.6297846 ], [ -70.848057, 41.6304965 ], [ -70.8471675, 41.6307189 ], [ -70.8465151, 41.6307189 ], [ -70.8449733, 41.6301405 ], [ -70.841356, 41.6270261 ], [ -70.8385096, 41.6254243 ], [ -70.8356631, 41.6245789 ], [ -70.8332911, 41.6245344 ], [ -70.829911, 41.6249349 ], [ -70.8277761, 41.6256468 ], [ -70.8246925, 41.6271596 ], [ -70.8220833, 41.6286278 ], [ -70.8214903, 41.6294732 ], [ -70.8215496, 41.630363 ], [ -70.8215496, 41.6312083 ], [ -70.8213124, 41.6318312 ], [ -70.8201263, 41.6322761 ], [ -70.8187624, 41.6324095 ], [ -70.817695, 41.6316977 ], [ -70.8160346, 41.6292062 ], [ -70.8131882, 41.6259137 ], [ -70.8117057, 41.6249349 ], [ -70.8105196, 41.6243119 ], [ -70.808029, 41.6247569 ], [ -70.8042338, 41.6268036 ], [ -70.8014466, 41.6286278 ], [ -70.8005571, 41.6296066 ], [ -70.8002606, 41.630274 ], [ -70.8002013, 41.6312083 ], [ -70.8002013, 41.6326765 ], [ -70.8016838, 41.6363245 ], [ -70.8029885, 41.639394 ], [ -70.8040559, 41.6409954 ], [ -70.8052419, 41.6417961 ], [ -70.8066058, 41.6426413 ], [ -70.8087999, 41.6436199 ], [ -70.8120022, 41.6441092 ], [ -70.8144928, 41.6445095 ], [ -70.8163311, 41.6454436 ], [ -70.8181101, 41.6467336 ], [ -70.8195333, 41.6475342 ], [ -70.8208973, 41.6486017 ], [ -70.8221426, 41.6492244 ], [ -70.8241588, 41.6492244 ], [ -70.8248111, 41.6497581 ], [ -70.8247518, 41.6505587 ], [ -70.8208973, 41.6553175 ], [ -70.8181694, 41.656296 ], [ -70.8158678, 41.6563268 ], [ -70.8148486, 41.6563404 ], [ -70.8118243, 41.6563849 ], [ -70.8087406, 41.6572299 ], [ -70.806843, 41.6572744 ], [ -70.8040559, 41.6560291 ], [ -70.8, 41.6535957 ], [ -70.8, 41.5833334 ], [ -70.8, 41.4681269 ], [ -70.8018287, 41.4671457 ], [ -70.8030713, 41.4641107 ], [ -70.8026527, 41.4624479 ], [ -70.8024018, 41.4610988 ], [ -70.8031439, 41.4600389 ], [ -70.8043557, 41.4595598 ], [ -70.8059231, 41.4594566 ], [ -70.8068527, 41.4592287 ], [ -70.8074843, 41.4586553 ], [ -70.8073001, 41.4554232 ], [ -70.8066551, 41.454834 ], [ -70.8057753, 41.4540304 ], [ -70.8053158, 41.4525505 ], [ -70.8057131, 41.4503329 ], [ -70.8024399, 41.4478849 ], [ -70.8010116, 41.4471465 ], [ -70.8, 41.4466234 ], [ -70.8, 41.3541151 ], [ -70.802092, 41.3551705 ], [ -70.8081698, 41.3571456 ], [ -70.8109206, 41.3571218 ], [ -70.8143941, 41.356511 ], [ -70.8183138, 41.3545156 ], [ -70.8201295, 41.3535913 ], [ -70.8247512, 41.3535146 ], [ -70.8287351, 41.3536055 ], [ -70.8295527, 41.3547311 ], [ -70.8301631, 41.355765 ], [ -70.8318453, 41.3564992 ], [ -70.8330489, 41.3569875 ], [ -70.8360117, 41.3575107 ], [ -70.8393911, 41.3583827 ], [ -70.8413354, 41.3593244 ], [ -70.8427242, 41.3597778 ], [ -70.8447148, 41.3599522 ], [ -70.8563987, 41.3637243 ], [ -70.8678292, 41.3665773 ], [ -70.869083, 41.3673765 ], [ -70.8706583, 41.3680788 ], [ -70.8722335, 41.3682968 ], [ -70.8743874, 41.3679335 ], [ -70.8773772, 41.367207 ], [ -70.8795311, 41.3665531 ], [ -70.8815564, 41.3661414 ], [ -70.8823601, 41.3662624 ], [ -70.883196, 41.3665531 ], [ -70.8836782, 41.3670374 ], [ -70.8837425, 41.3680062 ], [ -70.8838068, 41.3691202 ], [ -70.8833567, 41.3707912 ], [ -70.8822958, 41.3721473 ], [ -70.8811385, 41.3728496 ], [ -70.8796275, 41.3734792 ], [ -70.8790167, 41.3738182 ], [ -70.8790489, 41.3744963 ], [ -70.8795343, 41.3754669 ], [ -70.8820941, 41.3784194 ], [ -70.8849739, 41.3807692 ], [ -70.8906254, 41.3839366 ], [ -70.8931902, 41.3852689 ], [ -70.8942549, 41.3857919 ], [ -70.8962455, 41.3869076 ], [ -70.8980047, 41.3876048 ], [ -70.8997175, 41.3886507 ], [ -70.9000383, 41.3887834 ], [ -70.9020785, 41.3896269 ], [ -70.9094574, 41.3929312 ], [ -70.917237, 41.3956422 ], [ -70.9250597, 41.3979419 ], [ -70.9265063, 41.3981033 ], [ -70.9269885, 41.3979015 ], [ -70.9272832, 41.3972964 ], [ -70.9276315, 41.3961264 ], [ -70.9289978, 41.3932617 ], [ -70.9295872, 41.3912242 ], [ -70.9297747, 41.38959 ], [ -70.9308999, 41.3869067 ], [ -70.9321858, 41.3839811 ], [ -70.9331234, 41.3828109 ], [ -70.9340075, 41.382024 ], [ -70.9356953, 41.3815397 ], [ -70.9369812, 41.3812976 ], [ -70.9378653, 41.3809747 ], [ -70.9384279, 41.3802483 ], [ -70.9394727, 41.378735 ], [ -70.940196, 41.3766566 ], [ -70.9406514, 41.3746588 ], [ -70.9411872, 41.3736499 ], [ -70.9422878, 41.3727022 ], [ -70.9439206, 41.3716772 ], [ -70.9446463, 41.3709256 ], [ -70.9451457, 41.3700158 ], [ -70.9447627, 41.3691502 ], [ -70.9444503, 41.3687973 ], [ -70.9435915, 41.3685032 ], [ -70.9417179, 41.3682093 ], [ -70.9408591, 41.3676211 ], [ -70.9390894, 41.3653863 ], [ -70.9383607, 41.3637395 ], [ -70.9383606, 41.361975 ], [ -70.9391412, 41.3609162 ], [ -70.9394677, 41.3601783 ], [ -70.9417565, 41.3587986 ], [ -70.9430446, 41.3587986 ], [ -70.9449182, 41.3590338 ], [ -70.9478008, 41.3595767 ], [ -70.9534265, 41.3610708 ], [ -70.957212, 41.3620763 ], [ -70.9594446, 41.3626693 ], [ -70.9638424, 41.3646166 ], [ -70.9660027, 41.3653432 ], [ -70.9687032, 41.3654594 ], [ -70.9708249, 41.365721 ], [ -70.9717508, 41.3660407 ], [ -70.9756086, 41.3679588 ], [ -70.9781161, 41.3686562 ], [ -70.9800064, 41.3686562 ], [ -70.9826682, 41.3679878 ], [ -70.983787, 41.3675228 ], [ -70.9846743, 41.3674647 ], [ -70.9854073, 41.3676391 ], [ -70.9860631, 41.3681041 ], [ -70.9866803, 41.3686562 ], [ -70.988262, 41.3693828 ], [ -70.9904609, 41.3702837 ], [ -70.9918883, 41.3710392 ], [ -70.9921198, 41.3721144 ], [ -70.992004, 41.3727538 ], [ -70.9911939, 41.3734512 ], [ -70.9899208, 41.3741195 ], [ -70.9891879, 41.3749332 ], [ -70.9888021, 41.3769963 ], [ -70.9883253, 41.3792636 ], [ -70.9891063, 41.3840264 ], [ -70.9891063, 41.385026 ], [ -70.9899912, 41.3876914 ], [ -70.9913705, 41.3887888 ], [ -70.9919951, 41.3894943 ], [ -70.9921512, 41.3901998 ], [ -70.9920732, 41.3905525 ], [ -70.9914487, 41.3911405 ], [ -70.9860063, 41.393761 ], [ -70.9849691, 41.3946093 ], [ -70.9845008, 41.3953147 ], [ -70.9849607, 41.3976858 ], [ -70.9843448, 41.3988419 ], [ -70.9844229, 41.3991358 ], [ -70.9849141, 41.3993607 ], [ -70.9859061, 41.3997928 ], [ -70.9872633, 41.4003428 ], [ -70.9877854, 41.4006178 ], [ -70.988203, 41.4008928 ], [ -70.9889862, 41.4015213 ], [ -70.9903683, 41.4022849 ], [ -70.9919874, 41.4030216 ], [ -70.9926131, 41.4033063 ], [ -70.9971028, 41.4053881 ], [ -71.0000263, 41.4066843 ], [ -71.0028454, 41.4078234 ], [ -71.0051595, 41.4089578 ], [ -71.0062909, 41.4095124 ], [ -71.0099975, 41.4106907 ], [ -71.0117724, 41.4112799 ], [ -71.0130254, 41.4118297 ], [ -71.0135997, 41.4120261 ], [ -71.017254, 41.4120261 ], [ -71.018246, 41.412301 ], [ -71.0192379, 41.412733 ], [ -71.0200209, 41.4138721 ], [ -71.021065, 41.4148932 ], [ -71.0219525, 41.4152859 ], [ -71.0228868, 41.415259 ], [ -71.0239264, 41.415357 ], [ -71.0267368, 41.4153569 ], [ -71.0309525, 41.4150041 ], [ -71.0328262, 41.4150041 ], [ -71.0332165, 41.414769 ], [ -71.0336848, 41.4140638 ], [ -71.0326699, 41.411948 ], [ -71.0326699, 41.4115954 ], [ -71.0322794, 41.4105375 ], [ -71.0323574, 41.4087743 ], [ -71.0328778, 41.4075987 ], [ -71.0346993, 41.4059529 ], [ -71.0357922, 41.40513 ], [ -71.0376658, 41.4041895 ], [ -71.039071, 41.4038367 ], [ -71.0418815, 41.4034839 ], [ -71.0442236, 41.4036602 ], [ -71.0451604, 41.4038953 ], [ -71.0470341, 41.4046007 ], [ -71.0514581, 41.406932 ], [ -71.0531861, 41.4082329 ], [ -71.057808, 41.4125937 ], [ -71.0582763, 41.413299 ], [ -71.061087, 41.415826 ], [ -71.0657712, 41.4180003 ], [ -71.0663177, 41.4187055 ], [ -71.0663958, 41.4190581 ], [ -71.0661616, 41.4197633 ], [ -71.0655371, 41.4202922 ], [ -71.0619349, 41.4214172 ], [ -71.0601817, 41.4217105 ], [ -71.0580622, 41.4229514 ], [ -71.0560911, 41.4246996 ], [ -71.0557788, 41.4254048 ], [ -71.0556229, 41.4289303 ], [ -71.0560914, 41.4314568 ], [ -71.0567472, 41.4329374 ], [ -71.0595514, 41.4340766 ], [ -71.0604882, 41.4340177 ], [ -71.0610347, 41.4334302 ], [ -71.0611961, 41.4322521 ], [ -71.0622851, 41.4303876 ], [ -71.0620245, 41.4283426 ], [ -71.0621025, 41.4276374 ], [ -71.0624147, 41.4271673 ], [ -71.0636638, 41.4262272 ], [ -71.0648348, 41.4259334 ], [ -71.0653813, 41.4259334 ], [ -71.0707679, 41.4244642 ], [ -71.0717047, 41.4241116 ], [ -71.0752958, 41.4222898 ], [ -71.0771694, 41.4215847 ], [ -71.078965, 41.4216433 ], [ -71.0803702, 41.4227598 ], [ -71.0806045, 41.423465 ], [ -71.0806046, 41.4245226 ], [ -71.0812292, 41.4269906 ], [ -71.0818538, 41.4280482 ], [ -71.0825564, 41.4287532 ], [ -71.0839618, 41.429517 ], [ -71.0848985, 41.429752 ], [ -71.0880213, 41.4300457 ], [ -71.090012, 41.4290468 ], [ -71.0903633, 41.4274603 ], [ -71.0899728, 41.4266377 ], [ -71.0877868, 41.4251688 ], [ -71.0872403, 41.4245812 ], [ -71.0873184, 41.4236998 ], [ -71.0884112, 41.4220544 ], [ -71.0893703, 41.4213325 ], [ -71.0940235, 41.420781 ], [ -71.0984039, 41.4199386 ], [ -71.0987552, 41.4199386 ], [ -71.1021241, 41.4206147 ], [ -71.1051543, 41.4224272 ], [ -71.1063664, 41.4233387 ], [ -71.1086583, 41.4236249 ], [ -71.1107791, 41.4224089 ], [ -71.1123696, 41.4211728 ], [ -71.1138012, 41.4199368 ], [ -71.1149145, 41.4201561 ], [ -71.1159484, 41.420814 ], [ -71.1163224, 41.4217217 ], [ -71.1166545, 41.4228705 ], [ -71.1174516, 41.4234699 ], [ -71.1191704, 41.424639 ], [ -71.121981, 41.4279294 ], [ -71.1222933, 41.4286345 ], [ -71.1222933, 41.4291633 ], [ -71.120732, 41.4300448 ], [ -71.1201075, 41.4306911 ], [ -71.1202636, 41.4313961 ], [ -71.1212005, 41.4320424 ], [ -71.1221373, 41.4323361 ], [ -71.1235425, 41.4325124 ], [ -71.1254831, 41.4320255 ], [ -71.1263956, 41.4309954 ], [ -71.1309615, 41.4275823 ], [ -71.1321715, 41.4269847 ], [ -71.1345025, 41.42595 ], [ -71.1359369, 41.4248254 ], [ -71.137969, 41.423251 ], [ -71.1379093, 41.4216315 ], [ -71.1368932, 41.4207767 ], [ -71.134144, 41.4206418 ], [ -71.1333038, 41.4211592 ], [ -71.1311927, 41.4215831 ], [ -71.1301778, 41.4215243 ], [ -71.1290068, 41.4212697 ], [ -71.1282261, 41.420878 ], [ -71.1276796, 41.4201728 ], [ -71.1277576, 41.4194676 ], [ -71.1283821, 41.4185861 ], [ -71.1291887, 41.4168231 ], [ -71.1278874, 41.4138846 ], [ -71.1267535, 41.4123482 ], [ -71.1247125, 41.4102997 ], [ -71.1240098, 41.4099471 ], [ -71.1199501, 41.4068909 ], [ -71.1192214, 41.406068 ], [ -71.1190132, 41.4051276 ], [ -71.1182324, 41.4033642 ], [ -71.1180762, 41.4026 ], [ -71.1180762, 41.4012481 ], [ -71.1189308, 41.4001642 ], [ -71.1203738, 41.3989736 ], [ -71.1247492, 41.3972227 ], [ -71.1254295, 41.3968771 ], [ -71.126377, 41.3964962 ], [ -71.127288, 41.3959572 ], [ -71.1291615, 41.394311 ], [ -71.1296611, 41.3941857 ], [ -71.1376707, 41.3889315 ], [ -71.1455554, 41.3859621 ], [ -71.1468613, 41.3853064 ], [ -71.1538306, 41.3841392 ], [ -71.1579384, 41.3838226 ], [ -71.1618484, 41.3836125 ], [ -71.1649205, 41.3830521 ], [ -71.1712397, 41.3820219 ], [ -71.1772211, 41.3816627 ], [ -71.1866661, 41.3822096 ], [ -71.1900543, 41.3830601 ], [ -71.1916228, 41.3837684 ], [ -71.1925526, 41.3843145 ], [ -71.1977468, 41.38716 ], [ -71.201921, 41.3905464 ], [ -71.2053459, 41.393862 ], [ -71.2059497, 41.3959079 ], [ -71.2067048, 41.3970451 ], [ -71.2068399, 41.3994232 ], [ -71.2067618, 41.4000698 ], [ -71.2048885, 41.4054777 ], [ -71.2041469, 41.408828 ], [ -71.2039521, 41.4135886 ], [ -71.2053574, 41.4157043 ], [ -71.2068147, 41.4173497 ], [ -71.2088316, 41.4191714 ], [ -71.2098856, 41.4197002 ], [ -71.2135549, 41.4206404 ], [ -71.218239, 41.4225794 ], [ -71.2190978, 41.4232846 ], [ -71.2198786, 41.4244011 ], [ -71.2200348, 41.4268102 ], [ -71.2198788, 41.4277503 ], [ -71.2190341, 41.4287869 ], [ -71.2179295, 41.4296854 ], [ -71.2165063, 41.429948 ], [ -71.2099485, 41.4304182 ], [ -71.2091054, 41.4306885 ], [ -71.208481, 41.4312173 ], [ -71.2083248, 41.4319223 ], [ -71.2093458, 41.4342273 ], [ -71.2113697, 41.4363874 ], [ -71.2120364, 41.4369747 ], [ -71.2120061, 41.4372961 ], [ -71.212007, 41.4376906 ], [ -71.2114858, 41.4403558 ], [ -71.2115901, 41.4452938 ], [ -71.2115379, 41.4472141 ], [ -71.2117464, 41.4479194 ], [ -71.2126324, 41.4496437 ], [ -71.213362, 41.4516813 ], [ -71.2141959, 41.453092 ], [ -71.2153946, 41.4545027 ], [ -71.216144, 41.4550145 ], [ -71.2171864, 41.4556413 ], [ -71.2186977, 41.4563075 ], [ -71.2200528, 41.4566602 ], [ -71.22146, 41.4568168 ], [ -71.2232319, 41.4568168 ], [ -71.2256293, 41.4566209 ], [ -71.2272971, 41.4561116 ], [ -71.2289127, 41.4549752 ], [ -71.2308932, 41.4531728 ], [ -71.2324046, 41.4514095 ], [ -71.233776, 41.4490755 ], [ -71.2338541, 41.4487231 ], [ -71.2348377, 41.4475247 ], [ -71.2358317, 41.4470261 ], [ -71.2402556, 41.4461384 ], [ -71.2415827, 41.4461383 ], [ -71.241973, 41.4462558 ], [ -71.2429099, 41.4468431 ], [ -71.2433783, 41.447548 ], [ -71.2432223, 41.4483116 ], [ -71.2426759, 41.449134 ], [ -71.2419732, 41.4498389 ], [ -71.2414016, 41.4504524 ], [ -71.239711, 41.4526717 ], [ -71.238323, 41.4546317 ], [ -71.236901, 41.4568461 ], [ -71.23619, 41.4583478 ], [ -71.2362239, 41.4591368 ], [ -71.2365624, 41.4598749 ], [ -71.2375443, 41.4605875 ], [ -71.2384245, 41.4606639 ], [ -71.2393386, 41.460613 ], [ -71.2396433, 41.4604348 ], [ -71.2406928, 41.4593404 ], [ -71.2418777, 41.4572024 ], [ -71.2428256, 41.4556752 ], [ -71.2432658, 41.4551153 ], [ -71.243769, 41.4544202 ], [ -71.2442374, 41.4537154 ], [ -71.2447137, 41.4533212 ], [ -71.2450803, 41.4525881 ], [ -71.2466122, 41.4515275 ], [ -71.2517972, 41.4488172 ], [ -71.2559216, 41.4478744 ], [ -71.2592211, 41.4461068 ], [ -71.260046, 41.4449284 ], [ -71.2624028, 41.440804 ], [ -71.2642883, 41.4393899 ], [ -71.2657024, 41.4395078 ], [ -71.2672343, 41.4409219 ], [ -71.2686484, 41.4436322 ], [ -71.2686484, 41.4474031 ], [ -71.2682948, 41.4532951 ], [ -71.2694973, 41.4584604 ], [ -71.2714407, 41.4599994 ], [ -71.2755117, 41.4610612 ], [ -71.2773937, 41.4612151 ], [ -71.2787848, 41.4614459 ], [ -71.2815056, 41.4614459 ], [ -71.2830378, 41.4609381 ], [ -71.2841463, 41.4603039 ], [ -71.2847017, 41.4595536 ], [ -71.2850593, 41.4589553 ], [ -71.285939, 41.456693 ], [ -71.2876369, 41.4525838 ], [ -71.2898668, 41.4500905 ], [ -71.2915033, 41.4493979 ], [ -71.2944901, 41.4494133 ], [ -71.2975791, 41.4493671 ], [ -71.2987361, 41.4492296 ], [ -71.3010777, 41.4479658 ], [ -71.3017801, 41.4469317 ], [ -71.3027575, 41.445369 ], [ -71.3028534, 41.4421511 ], [ -71.302166, 41.4372559 ], [ -71.3026324, 41.435076 ], [ -71.3042281, 41.4340969 ], [ -71.3065848, 41.4334872 ], [ -71.3080331, 41.4334688 ], [ -71.3101267, 41.4335917 ], [ -71.3114945, 41.433672 ], [ -71.3136302, 41.4341338 ], [ -71.3163551, 41.4352423 ], [ -71.3212157, 41.4368864 ], [ -71.3233023, 41.4369973 ], [ -71.3246034, 41.4364061 ], [ -71.325929, 41.4352053 ], [ -71.3270583, 41.4321386 ], [ -71.3278929, 41.4276306 ], [ -71.3287767, 41.4262079 ], [ -71.3307896, 41.4234364 ], [ -71.3327044, 41.4218104 ], [ -71.3368531, 41.4193343 ], [ -71.3431867, 41.4161375 ], [ -71.3472863, 41.4136242 ], [ -71.3487592, 41.4131807 ], [ -71.349913, 41.4131807 ], [ -71.3511159, 41.4136612 ], [ -71.3531534, 41.4170984 ], [ -71.3545036, 41.4203506 ], [ -71.3558537, 41.4227897 ], [ -71.3585295, 41.4258384 ], [ -71.3604443, 41.4280001 ], [ -71.3630219, 41.4305128 ], [ -71.3660659, 41.4331732 ], [ -71.3700919, 41.4357596 ], [ -71.3725468, 41.4366648 ], [ -71.3749525, 41.4366648 ], [ -71.3774565, 41.4365909 ], [ -71.3823662, 41.4357041 ], [ -71.3852138, 41.4354086 ], [ -71.3875459, 41.4356302 ], [ -71.3894362, 41.4360551 ], [ -71.3927731, 41.4365406 ], [ -71.3962914, 41.4376902 ], [ -71.3988838, 41.4381431 ], [ -71.4044853, 41.4381082 ], [ -71.4067536, 41.4384217 ], [ -71.4107348, 41.4395365 ], [ -71.4117216, 41.4398398 ], [ -71.4122985, 41.4400171 ], [ -71.4140216, 41.4405467 ], [ -71.4157345, 41.4405467 ], [ -71.4184658, 41.4398152 ], [ -71.4215674, 41.4384566 ], [ -71.4239284, 41.4369935 ], [ -71.4246154, 41.4363214 ], [ -71.4253172, 41.4356348 ], [ -71.4274929, 41.4297819 ], [ -71.428604, 41.4270991 ], [ -71.4298539, 41.4240678 ], [ -71.4307797, 41.4226043 ], [ -71.4318908, 41.4214196 ], [ -71.4330944, 41.4204439 ], [ -71.4368904, 41.419294 ], [ -71.4395754, 41.4182138 ], [ -71.440455, 41.417935 ], [ -71.4423067, 41.416785 ], [ -71.4442047, 41.4143108 ], [ -71.4470749, 41.4111395 ], [ -71.4481396, 41.4091181 ], [ -71.4493433, 41.4059814 ], [ -71.4499451, 41.4035765 ], [ -71.4512876, 41.4007183 ], [ -71.4525375, 41.3983829 ], [ -71.454586, 41.3956681 ], [ -71.4548521, 41.3953154 ], [ -71.4561946, 41.393433 ], [ -71.458463, 41.3890404 ], [ -71.4601296, 41.3848219 ], [ -71.4610554, 41.3808123 ], [ -71.4625941, 41.3728499 ], [ -71.4643273, 41.3617012 ], [ -71.4644607, 41.3485414 ], [ -71.4638002, 41.3422595 ], [ -71.4635687, 41.3395382 ], [ -71.4629581, 41.338107 ], [ -71.462303, 41.336442 ], [ -71.4611565, 41.333852 ], [ -71.4607471, 41.3318786 ], [ -71.460829, 41.3286099 ], [ -71.4612384, 41.3265129 ], [ -71.4610535, 41.3244984 ], [ -71.4609609, 41.3221602 ], [ -71.4613312, 41.3168205 ], [ -71.4619794, 41.3142028 ], [ -71.463183, 41.3122133 ], [ -71.4656365, 41.3094209 ], [ -71.4679049, 41.307536 ], [ -71.471238, 41.3059652 ], [ -71.4755895, 41.3044293 ], [ -71.4787837, 41.3028933 ], [ -71.4794481, 41.3025641 ], [ -71.480404, 41.3020904 ], [ -71.4813299, 41.3019856 ], [ -71.4820705, 41.3024395 ], [ -71.4839223, 41.303382 ], [ -71.4848645, 41.3044921 ], [ -71.4861443, 41.3060001 ], [ -71.4879035, 41.3093511 ], [ -71.4898015, 41.3115152 ], [ -71.491468, 41.3129114 ], [ -71.493829, 41.3144471 ], [ -71.495944, 41.3159145 ], [ -71.498065, 41.3166181 ], [ -71.5000588, 41.3178654 ], [ -71.5034948, 41.3211913 ], [ -71.5094336, 41.327395 ], [ -71.5157966, 41.3301449 ], [ -71.5224989, 41.3326709 ], [ -71.5284377, 41.3336301 ], [ -71.5318313, 41.3338219 ], [ -71.5367944, 41.3342695 ], [ -71.5381094, 41.3357722 ], [ -71.5402729, 41.3370191 ], [ -71.5427756, 41.3376266 ], [ -71.5467207, 41.3379143 ], [ -71.5526171, 41.3373069 ], [ -71.5551198, 41.3368912 ], [ -71.5601678, 41.3346852 ], [ -71.5648764, 41.3323511 ], [ -71.5692033, 41.331232 ], [ -71.5742512, 41.3308164 ], [ -71.5795961, 41.3305925 ], [ -71.5855349, 41.3302728 ], [ -71.5889709, 41.3296333 ], [ -71.5922797, 41.3287699 ], [ -71.5946128, 41.3266915 ], [ -71.5964793, 41.3244531 ], [ -71.5977519, 41.3239095 ], [ -71.6014424, 41.3241013 ], [ -71.609078, 41.3249328 ], [ -71.6162045, 41.3254764 ], [ -71.6177694, 41.3253771 ], [ -71.6202344, 41.3252206 ], [ -71.6221009, 41.3247409 ], [ -71.6239249, 41.3236217 ], [ -71.6251551, 41.3215431 ], [ -71.6251975, 41.3171618 ], [ -71.6251127, 41.3138996 ], [ -71.625749, 41.3134199 ], [ -71.6268095, 41.3135478 ], [ -71.6280397, 41.3138356 ], [ -71.6301183, 41.3146032 ], [ -71.6330877, 41.3158825 ], [ -71.6358449, 41.316842 ], [ -71.6391113, 41.3181212 ], [ -71.6434805, 41.3196563 ], [ -71.6462802, 41.3203598 ], [ -71.6484861, 41.3203598 ], [ -71.6517524, 41.3195284 ], [ -71.6555702, 41.3188887 ], [ -71.6576912, 41.3192405 ], [ -71.660703, 41.3199761 ], [ -71.6630361, 41.3205517 ], [ -71.6663449, 41.3209674 ], [ -71.6697385, 41.3209355 ], [ -71.6719443, 41.3204877 ], [ -71.6756348, 41.3197522 ], [ -71.6787315, 41.3186329 ], [ -71.6813615, 41.3166181 ], [ -71.683737, 41.3151469 ], [ -71.688785, 41.3146992 ], [ -71.6944269, 41.3144433 ], [ -71.6996869, 41.3146032 ], [ -71.7035047, 41.3152749 ], [ -71.7097829, 41.3161704 ], [ -71.7203454, 41.3180572 ], [ -71.7231451, 41.318537 ], [ -71.7275568, 41.3183771 ], [ -71.7335804, 41.3178654 ], [ -71.7397738, 41.316746 ], [ -71.7440582, 41.315083 ], [ -71.748385, 41.3147951 ], [ -71.7534754, 41.3139636 ], [ -71.7547904, 41.3133559 ], [ -71.7557236, 41.3121405 ], [ -71.7567841, 41.3097417 ], [ -71.7588627, 41.3056795 ], [ -71.7602202, 41.3045599 ], [ -71.7644197, 41.3036323 ], [ -71.7683648, 41.3032484 ], [ -71.7734552, 41.3032804 ], [ -71.7805393, 41.3034403 ], [ -71.7896172, 41.3040481 ], [ -71.8030643, 41.3052636 ], [ -71.8106574, 41.3059674 ], [ -71.8160023, 41.3056795 ], [ -71.8231289, 41.3051677 ], [ -71.8280496, 41.3044 ], [ -71.8332248, 41.3028965 ], [ -71.8430663, 41.2990578 ], [ -71.8473964, 41.297211 ], [ -71.8482415, 41.2968505 ], [ -71.8525781, 41.2954938 ], [ -71.8586888, 41.2931487 ], [ -71.8616201, 41.2922054 ], [ -71.8673543, 41.2901509 ], [ -71.872374, 41.2888444 ], [ -71.8769686, 41.2877687 ], [ -71.8802404, 41.2873523 ], [ -71.8847394, 41.2864562 ], [ -71.8876452, 41.2858314 ], [ -71.8971345, 41.2830693 ], [ -71.9032747, 41.2814407 ], [ -71.9086784, 41.2795384 ], [ -71.915006, 41.2772717 ], [ -71.92197, 41.275565 ], [ -71.9271311, 41.2746849 ], [ -71.9348727, 41.2732715 ], [ -71.9411296, 41.272018 ], [ -71.9473512, 41.2707112 ], [ -71.9513458, 41.2696711 ], [ -71.9537849, 41.2687109 ], [ -71.958133, 41.2660437 ], [ -71.9619861, 41.2637232 ], [ -71.9643742, 41.2619352 ], [ -71.9682338, 41.2601096 ], [ -71.9696391, 41.2592849 ], [ -71.9715127, 41.2583422 ], [ -71.9796207, 41.2553569 ], [ -71.9841095, 41.2539433 ], [ -71.9891558, 41.2523324 ], [ -71.998311, 41.2500075 ], [ -71.9998495, 41.2491608 ], [ -72.0, 41.2491278 ], [ -72.0, 41.2535866 ], [ -71.9987189, 41.2540328 ], [ -71.9952455, 41.2557429 ], [ -71.9920496, 41.2591728 ], [ -71.9889247, 41.262924 ], [ -71.9859787, 41.2650204 ], [ -71.9775984, 41.2683426 ], [ -71.9724899, 41.2707297 ], [ -71.969081, 41.2717477 ], [ -71.9671636, 41.2726585 ], [ -71.9659897, 41.2744459 ], [ -71.9625098, 41.2753031 ], [ -71.9597511, 41.2753708 ], [ -71.9537746, 41.2755173 ], [ -71.9513599, 41.2755173 ], [ -71.9489058, 41.2754647 ], [ -71.9485711, 41.2758254 ], [ -71.9487624, 41.2759336 ], [ -71.9502946, 41.2761602 ], [ -71.9515348, 41.2764459 ], [ -71.9517764, 41.2774033 ], [ -71.9508747, 41.2781059 ], [ -71.9488941, 41.278272 ], [ -71.9476839, 41.2774419 ], [ -71.9465836, 41.2784379 ], [ -71.9454939, 41.2800839 ], [ -71.9442729, 41.280513 ], [ -71.9418523, 41.2803469 ], [ -71.9386615, 41.2796829 ], [ -71.9345905, 41.2804299 ], [ -71.9320598, 41.2812599 ], [ -71.9307394, 41.2816749 ], [ -71.9306294, 41.2833348 ], [ -71.9288789, 41.2840103 ], [ -71.9279694, 41.285756 ], [ -71.9273077, 41.2880004 ], [ -71.9270018, 41.2897103 ], [ -71.9247078, 41.2905049 ], [ -71.9228479, 41.2912529 ], [ -71.9216078, 41.2920944 ], [ -71.921607, 41.2927127 ], [ -71.9222672, 41.2930446 ], [ -71.9246878, 41.2931276 ], [ -71.9267783, 41.2926297 ], [ -71.9294836, 41.2921776 ], [ -71.9348991, 41.2917957 ], [ -71.9381087, 41.2917957 ], [ -71.9404281, 41.2914842 ], [ -71.9412059, 41.2910151 ], [ -71.9415951, 41.289314 ], [ -71.9426063, 41.2883168 ], [ -71.9433348, 41.287298 ], [ -71.9428507, 41.2865065 ], [ -71.9411557, 41.2860193 ], [ -71.9403486, 41.2854713 ], [ -71.9407524, 41.2840101 ], [ -71.9415597, 41.2834013 ], [ -71.9432549, 41.2832797 ], [ -71.9451112, 41.2841932 ], [ -71.9461604, 41.2847412 ], [ -71.9481783, 41.2848023 ], [ -71.9485126, 41.2845503 ], [ -71.9491471, 41.2840718 ], [ -71.9495508, 41.2829759 ], [ -71.9511652, 41.2831587 ], [ -71.9527794, 41.2838286 ], [ -71.9531827, 41.2854117 ], [ -71.9534245, 41.2872382 ], [ -71.9539963, 41.2878341 ], [ -71.95553, 41.2871645 ], [ -71.9584361, 41.2857645 ], [ -71.9602927, 41.2847906 ], [ -71.9630372, 41.2844256 ], [ -71.9653952, 41.2849291 ], [ -71.9671188, 41.285656 ], [ -71.967736, 41.285749 ], [ -71.9688471, 41.285563 ], [ -71.9696232, 41.2850529 ], [ -71.9695428, 41.2834698 ], [ -71.9704308, 41.2823131 ], [ -71.9714802, 41.2817652 ], [ -71.9736596, 41.2817045 ], [ -71.9752741, 41.2812175 ], [ -71.9768886, 41.2801826 ], [ -71.9781802, 41.279513 ], [ -71.9797138, 41.2795132 ], [ -71.9809244, 41.2804266 ], [ -71.9825414, 41.2809259 ], [ -71.9849629, 41.2811087 ], [ -71.9910485, 41.2811613 ], [ -71.9924207, 41.2809518 ], [ -71.9928245, 41.279795 ], [ -71.9929561, 41.2765058 ], [ -71.9938607, 41.2721575 ], [ -71.9964468, 41.2722223 ], [ -71.9981388, 41.2715489 ], [ -71.9988088, 41.2703759 ], [ -71.9982439, 41.2687315 ], [ -71.9982441, 41.2678789 ], [ -71.9996164, 41.2674528 ], [ -72.0, 41.2673949 ], [ -72.0, 41.3169902 ], [ -71.9994824, 41.3168926 ], [ -71.9993425, 41.3181038 ], [ -71.9984341, 41.3201049 ], [ -71.9976055, 41.3213745 ], [ -71.996772, 41.3212959 ], [ -71.9940629, 41.3196856 ], [ -71.9923958, 41.3191751 ], [ -71.9915623, 41.3188215 ], [ -71.9909892, 41.3182324 ], [ -71.9910934, 41.3173683 ], [ -71.9926042, 41.3168184 ], [ -71.9928647, 41.3153259 ], [ -71.9925521, 41.3144618 ], [ -71.9911455, 41.3143831 ], [ -71.9894784, 41.3169755 ], [ -71.9882801, 41.3186251 ], [ -71.9873971, 41.3217363 ], [ -71.9856503, 41.3243164 ], [ -71.9843927, 41.3255799 ], [ -71.9839732, 41.3277388 ], [ -71.9840739, 41.3292996 ], [ -71.9846991, 41.3298887 ], [ -71.9859475, 41.330081 ], [ -71.9834989, 41.3328691 ], [ -71.9811024, 41.3331832 ], [ -71.9780287, 41.3330654 ], [ -71.9773513, 41.3334973 ], [ -71.9779766, 41.3346361 ], [ -71.9788622, 41.3355392 ], [ -71.9794443, 41.337495 ], [ -71.9798278, 41.3400806 ], [ -71.9798905, 41.3415421 ], [ -71.9782444, 41.3430472 ], [ -71.9773833, 41.3427056 ], [ -71.9761228, 41.3423304 ], [ -71.9761109, 41.3423268 ], [ -71.9748297, 41.3428416 ], [ -71.9738045, 41.344322 ], [ -71.9732914, 41.3477332 ], [ -71.9723517, 41.3487629 ], [ -71.9678742, 41.3503283 ], [ -71.9675636, 41.3495477 ], [ -71.9677019, 41.3487662 ], [ -71.9689466, 41.3477761 ], [ -71.9679785, 41.3466819 ], [ -71.9665955, 41.3460566 ], [ -71.9650051, 41.3473072 ], [ -71.9636914, 41.3484536 ], [ -71.9625158, 41.3486098 ], [ -71.9611329, 41.3485056 ], [ -71.960718, 41.3481408 ], [ -71.9605106, 41.3472029 ], [ -71.9604414, 41.3447017 ], [ -71.9596808, 41.34392 ], [ -71.9594158, 41.3425204 ], [ -71.9593194, 41.3408432 ], [ -71.9592387, 41.3394408 ], [ -71.958711, 41.3377576 ], [ -71.9577429, 41.3375491 ], [ -71.9574399, 41.3378296 ], [ -71.9569293, 41.3383025 ], [ -71.9559518, 41.3401769 ], [ -71.9554188, 41.3407794 ], [ -71.9548858, 41.3405116 ], [ -71.9549883, 41.3390052 ], [ -71.9540203, 41.3387967 ], [ -71.9532597, 41.3394221 ], [ -71.9526374, 41.3409333 ], [ -71.9519459, 41.3408291 ], [ -71.9514618, 41.3402038 ], [ -71.9515993, 41.3393731 ], [ -71.9524878, 41.338369 ], [ -71.952488, 41.3368291 ], [ -71.952914, 41.3359824 ], [ -71.9537438, 41.3350443 ], [ -71.9554725, 41.3345752 ], [ -71.9574086, 41.3344189 ], [ -71.9582628, 41.3322769 ], [ -71.9583076, 41.3304579 ], [ -71.9572703, 41.329676 ], [ -71.9563023, 41.3299366 ], [ -71.9557758, 41.3311384 ], [ -71.955265, 41.3324384 ], [ -71.952914, 41.3327511 ], [ -71.9509087, 41.3332201 ], [ -71.9496641, 41.334054 ], [ -71.9478662, 41.3355655 ], [ -71.946345, 41.3360867 ], [ -71.9442404, 41.3366231 ], [ -71.9417277, 41.3368661 ], [ -71.9403827, 41.3373004 ], [ -71.9391018, 41.337976 ], [ -71.9375646, 41.3387964 ], [ -71.9363378, 41.3385478 ], [ -71.9352491, 41.3379202 ], [ -71.9340325, 41.3370995 ], [ -71.9336278, 41.3362007 ], [ -71.9331363, 41.3346378 ], [ -71.9323039, 41.3341067 ], [ -71.9321115, 41.3351686 ], [ -71.931407, 41.3356029 ], [ -71.9305745, 41.3354098 ], [ -71.9305108, 41.3333825 ], [ -71.9301908, 41.3322239 ], [ -71.9287179, 41.3317411 ], [ -71.9276932, 41.3318857 ], [ -71.9262889, 41.3336105 ], [ -71.9254297, 41.3337723 ], [ -71.9244274, 41.3334484 ], [ -71.9244275, 41.3328548 ], [ -71.9258596, 41.3317217 ], [ -71.9261461, 41.3311821 ], [ -71.9260032, 41.3298329 ], [ -71.9255021, 41.3294012 ], [ -71.9244281, 41.3296709 ], [ -71.9239984, 41.3304264 ], [ -71.9232825, 41.3302643 ], [ -71.9227099, 41.329239 ], [ -71.9222806, 41.3278358 ], [ -71.9217078, 41.3277277 ], [ -71.9205949, 41.3283764 ], [ -71.9202042, 41.3285911 ], [ -71.9186288, 41.330048 ], [ -71.9166956, 41.3308574 ], [ -71.9161227, 41.3316128 ], [ -71.9161939, 41.3340951 ], [ -71.9171241, 41.3367394 ], [ -71.9171952, 41.3398151 ], [ -71.9169801, 41.3414337 ], [ -71.9163455, 41.3426 ], [ -71.912638, 41.3423068 ], [ -71.9087776, 41.3403248 ], [ -71.9089497, 41.3377189 ], [ -71.9094848, 41.3363483 ], [ -71.9100391, 41.3356649 ], [ -71.9113358, 41.3353436 ], [ -71.9089719, 41.3348073 ], [ -71.9081461, 41.3334797 ], [ -71.9081223, 41.3318993 ], [ -71.9075317, 41.3301011 ], [ -71.906364, 41.3284358 ], [ -71.90538, 41.3272974 ], [ -71.9040712, 41.3293423 ], [ -71.9043373, 41.3315233 ], [ -71.9026417, 41.3337808 ], [ -71.9006618, 41.3351353 ], [ -71.9001352, 41.3329263 ], [ -71.8989403, 41.3354003 ], [ -71.8978484, 41.3340446 ], [ -71.8982148, 41.3328289 ], [ -71.8943523, 41.3339132 ], [ -71.8917033, 41.3337583 ], [ -71.8892194, 41.3357359 ], [ -71.8875531, 41.3347305 ], [ -71.8859605, 41.3369661 ], [ -71.8864548, 41.3372877 ], [ -71.886332, 41.3380086 ], [ -71.8867607, 41.339194 ], [ -71.8876185, 41.3393019 ], [ -71.8877921, 41.3391856 ], [ -71.888262, 41.3388709 ], [ -71.8884722, 41.3386007 ], [ -71.890929, 41.3401996 ], [ -71.889825, 41.3405323 ], [ -71.8892455, 41.3407288 ], [ -71.8876855, 41.3412577 ], [ -71.885546, 41.3421443 ], [ -71.8847969, 41.3433533 ], [ -71.8844951, 41.3448034 ], [ -71.881215, 41.3469048 ], [ -71.8807891, 41.3413097 ], [ -71.8802459, 41.3384229 ], [ -71.8793438, 41.3372001 ], [ -71.8780804, 41.3360762 ], [ -71.8771076, 41.3356687 ], [ -71.8757019, 41.3368906 ], [ -71.8746207, 41.3378683 ], [ -71.8713775, 41.3381939 ], [ -71.8703158, 41.3383846 ], [ -71.869505, 41.3383031 ], [ -71.8697753, 41.3378957 ], [ -71.8716673, 41.3374885 ], [ -71.8720536, 41.3362649 ], [ -71.87065, 41.3354713 ], [ -71.868857, 41.3347587 ], [ -71.8679381, 41.3349216 ], [ -71.8660461, 41.335288 ], [ -71.8641543, 41.3350027 ], [ -71.8636139, 41.334636 ], [ -71.86356, 41.3338211 ], [ -71.8659925, 41.3332102 ], [ -71.868425, 41.332192 ], [ -71.8693623, 41.3314858 ], [ -71.8697733, 41.3284804 ], [ -71.8676977, 41.3283806 ], [ -71.8672592, 41.3298719 ], [ -71.8655795, 41.3299826 ], [ -71.8654343, 41.3278245 ], [ -71.8638134, 41.3282104 ], [ -71.8624953, 41.329658 ], [ -71.8615875, 41.3231578 ], [ -71.8599524, 41.3223385 ], [ -71.8578094, 41.3237569 ], [ -71.8535394, 41.3266527 ], [ -71.8530142, 41.3300412 ], [ -71.8513379, 41.327608 ], [ -71.8497959, 41.3302072 ], [ -71.8475082, 41.3310346 ], [ -71.8445969, 41.3314338 ], [ -71.8436798, 41.3332407 ], [ -71.8421954, 41.3337922 ], [ -71.8375814, 41.3366973 ], [ -71.8356338, 41.3385712 ], [ -71.8315793, 41.3415853 ], [ -71.8306244, 41.3431463 ], [ -71.8301915, 41.3455088 ], [ -71.8303535, 41.3464049 ], [ -71.8315424, 41.3476678 ], [ -71.8321904, 41.3496769 ], [ -71.8332713, 41.3504509 ], [ -71.8365683, 41.3517546 ], [ -71.8373249, 41.352447 ], [ -71.8382433, 41.3556647 ], [ -71.8390896, 41.3574565 ], [ -71.8390352, 41.3592484 ], [ -71.8381157, 41.3630763 ], [ -71.8377392, 41.3635376 ], [ -71.8370525, 41.3643789 ], [ -71.83662, 41.3650711 ], [ -71.8360794, 41.3653561 ], [ -71.8358093, 41.3649489 ], [ -71.8367286, 41.3627093 ], [ -71.8366209, 41.3602658 ], [ -71.8354861, 41.3581073 ], [ -71.8352343, 41.3554062 ], [ -71.8338292, 41.3542657 ], [ -71.8300997, 41.3532878 ], [ -71.8294514, 41.3514957 ], [ -71.827776, 41.3497034 ], [ -71.827867, 41.3475315 ], [ -71.8280833, 41.3467983 ], [ -71.8287861, 41.3465132 ], [ -71.8286781, 41.3455357 ], [ -71.8260839, 41.343458 ], [ -71.8258678, 41.3427247 ], [ -71.8269313, 41.3403898 ], [ -71.8268236, 41.3383529 ], [ -71.8268777, 41.3376195 ], [ -71.8275264, 41.3374567 ], [ -71.8289857, 41.3381901 ], [ -71.8297425, 41.3381902 ], [ -71.8301212, 41.336357 ], [ -71.8304457, 41.3355015 ], [ -71.8306255, 41.3354702 ], [ -71.8311483, 41.3353793 ], [ -71.8313368, 41.3354702 ], [ -71.8324996, 41.3360313 ], [ -71.8345536, 41.33595 ], [ -71.8349013, 41.3357497 ], [ -71.8369935, 41.3334066 ], [ -71.8387854, 41.333564 ], [ -71.8401772, 41.3323757 ], [ -71.845784, 41.3293572 ], [ -71.8473981, 41.3267312 ], [ -71.8410101, 41.3279843 ], [ -71.8410575, 41.3260644 ], [ -71.8425959, 41.3245475 ], [ -71.844857, 41.3246259 ], [ -71.8488253, 41.3243314 ], [ -71.8488992, 41.3227362 ], [ -71.8520155, 41.3215388 ], [ -71.850039, 41.3197307 ], [ -71.8535132, 41.3188296 ], [ -71.8534091, 41.3204013 ], [ -71.8550546, 41.32031 ], [ -71.8596011, 41.3173958 ], [ -71.8552019, 41.3166615 ], [ -71.8552501, 41.3147394 ], [ -71.8570891, 41.3149223 ], [ -71.857632, 41.3155833 ], [ -71.8595732, 41.3134007 ], [ -71.8573137, 41.3125605 ], [ -71.8582555, 41.3107166 ], [ -71.8610377, 41.3107603 ], [ -71.8620452, 41.3125126 ], [ -71.8718516, 41.3113499 ], [ -71.8785636, 41.3099173 ], [ -71.8826914, 41.3098125 ], [ -71.8843057, 41.3077558 ], [ -71.8866627, 41.3080754 ], [ -71.8863639, 41.3067128 ], [ -71.8840257, 41.3057564 ], [ -71.8762335, 41.3091294 ], [ -71.8657119, 41.3109428 ], [ -71.8579338, 41.3081656 ], [ -71.8547918, 41.3077078 ], [ -71.8502689, 41.309501 ], [ -71.8353868, 41.3154013 ], [ -71.8222222, 41.318872 ], [ -71.7758442, 41.3277613 ], [ -71.763499, 41.328314 ], [ -71.7631893, 41.329956 ], [ -71.7631892, 41.3306276 ], [ -71.7623662, 41.3305627 ], [ -71.762219, 41.3299216 ], [ -71.7625733, 41.3283554 ], [ -71.7525531, 41.3251374 ], [ -71.7462133, 41.3282396 ], [ -71.7324859, 41.331291 ], [ -71.7243931, 41.3321616 ], [ -71.7198869, 41.3321571 ], [ -71.7199936, 41.3330425 ], [ -71.7206342, 41.3341695 ], [ -71.7227697, 41.335699 ], [ -71.7240511, 41.3365845 ], [ -71.7258661, 41.3392408 ], [ -71.7267203, 41.3399652 ], [ -71.7274679, 41.3395629 ], [ -71.7278953, 41.3377117 ], [ -71.7280025, 41.335941 ], [ -71.7289636, 41.3357801 ], [ -71.7328082, 41.335378 ], [ -71.7341966, 41.3347343 ], [ -71.7359056, 41.3330442 ], [ -71.7382551, 41.3325614 ], [ -71.7437015, 41.3323205 ], [ -71.7462647, 41.3314353 ], [ -71.7484007, 41.3308721 ], [ -71.7492548, 41.3317576 ], [ -71.7496817, 41.333448 ], [ -71.7491475, 41.3348163 ], [ -71.7482931, 41.3350577 ], [ -71.7472254, 41.3340112 ], [ -71.7447691, 41.334011 ], [ -71.7418857, 41.3344131 ], [ -71.7408175, 41.3360228 ], [ -71.7394292, 41.3361032 ], [ -71.738041, 41.3355396 ], [ -71.73708, 41.3350565 ], [ -71.7347302, 41.336827 ], [ -71.7324873, 41.3387586 ], [ -71.7316324, 41.3414949 ], [ -71.7303507, 41.3427825 ], [ -71.7234327, 41.3464656 ], [ -71.7192675, 41.3482356 ], [ -71.7178791, 41.3492816 ], [ -71.715743, 41.3501667 ], [ -71.714675, 41.3508103 ], [ -71.7129663, 41.3507297 ], [ -71.7108308, 41.3492005 ], [ -71.7106176, 41.3471081 ], [ -71.7116857, 41.3459011 ], [ -71.7136082, 41.3442918 ], [ -71.7145695, 41.3430042 ], [ -71.7140358, 41.3413945 ], [ -71.714036, 41.3407507 ], [ -71.714997, 41.3409117 ], [ -71.7175599, 41.3418777 ], [ -71.7198026, 41.3410731 ], [ -71.7221522, 41.3401076 ], [ -71.7236474, 41.3397858 ], [ -71.7233273, 41.3380956 ], [ -71.7218325, 41.3360028 ], [ -71.71927, 41.3336683 ], [ -71.7184158, 41.3327828 ], [ -71.7181422, 41.3318199 ], [ -71.7180956, 41.3316558 ], [ -71.7185367, 41.3306867 ], [ -71.7167567, 41.330554 ], [ -71.7145364, 41.3310666 ], [ -71.7124063, 41.331703 ], [ -71.7097505, 41.3329027 ], [ -71.7058289, 41.3339238 ], [ -71.7036404, 41.3358897 ], [ -71.6996074, 41.338189 ], [ -71.6941628, 41.3412941 ], [ -71.6798581, 41.3457229 ], [ -71.6616612, 41.3508489 ], [ -71.6388761, 41.3556134 ], [ -71.6393375, 41.357251 ], [ -71.6394374, 41.3592991 ], [ -71.6393606, 41.3597034 ], [ -71.6393606, 41.3606366 ], [ -71.6394244, 41.362916 ], [ -71.6398978, 41.3637486 ], [ -71.6398973, 41.3669595 ], [ -71.6406339, 41.3671577 ], [ -71.6424229, 41.3669994 ], [ -71.6427914, 41.3662463 ], [ -71.6433706, 41.3639867 ], [ -71.6447387, 41.3634716 ], [ -71.6479486, 41.3631548 ], [ -71.6484222, 41.3627584 ], [ -71.6484228, 41.3595869 ], [ -71.6489491, 41.3590319 ], [ -71.6521588, 41.3586358 ], [ -71.6537106, 41.3578692 ], [ -71.6568155, 41.3556493 ], [ -71.6604462, 41.3554515 ], [ -71.6614985, 41.3550948 ], [ -71.6638962, 41.3531388 ], [ -71.668948, 41.3508 ], [ -71.6756307, 41.3497698 ], [ -71.6817438, 41.347549 ], [ -71.6891108, 41.3457654 ], [ -71.6933731, 41.3449331 ], [ -71.6949516, 41.344735 ], [ -71.6962144, 41.34533 ], [ -71.6975294, 41.3480661 ], [ -71.6975814, 41.3516346 ], [ -71.6948451, 41.352348 ], [ -71.6927926, 41.3539733 ], [ -71.6907324, 41.3565482 ], [ -71.6881009, 41.3594817 ], [ -71.6863119, 41.3596401 ], [ -71.6846807, 41.3596399 ], [ -71.6818921, 41.3585296 ], [ -71.6797874, 41.3581726 ], [ -71.6782615, 41.3583706 ], [ -71.6767354, 41.3590048 ], [ -71.6764682, 41.3610362 ], [ -71.6766783, 41.362622 ], [ -71.6770464, 41.364168 ], [ -71.6768884, 41.3653969 ], [ -71.6758359, 41.3656743 ], [ -71.6748361, 41.3655552 ], [ -71.674626, 41.3637318 ], [ -71.6754683, 41.361393 ], [ -71.6759421, 41.3598866 ], [ -71.675995, 41.3584197 ], [ -71.6749954, 41.3577457 ], [ -71.6717331, 41.3578246 ], [ -71.6659451, 41.3573086 ], [ -71.662788, 41.3569911 ], [ -71.6614199, 41.3571496 ], [ -71.6597884, 41.3592506 ], [ -71.65721, 41.3595676 ], [ -71.6561152, 41.3599203 ], [ -71.6553254, 41.3631314 ], [ -71.6537465, 41.3648754 ], [ -71.6513784, 41.3668968 ], [ -71.6496419, 41.3670948 ], [ -71.6491297, 41.3680442 ], [ -71.6496556, 41.3698279 ], [ -71.6496552, 41.3721269 ], [ -71.6483921, 41.3737122 ], [ -71.64856, 41.3749505 ], [ -71.6490334, 41.3760604 ], [ -71.6486648, 41.3770115 ], [ -71.647665, 41.3774474 ], [ -71.6475597, 41.3783193 ], [ -71.6487697, 41.3793103 ], [ -71.6487695, 41.3801029 ], [ -71.6476118, 41.3806972 ], [ -71.6456649, 41.3808159 ], [ -71.6451914, 41.3805385 ], [ -71.6451405, 41.370947 ], [ -71.6448775, 41.36952 ], [ -71.64372, 41.3693217 ], [ -71.6400367, 41.3696781 ], [ -71.6389315, 41.3707085 ], [ -71.6379318, 41.3705499 ], [ -71.6360904, 41.368766 ], [ -71.6351433, 41.3683299 ], [ -71.6327755, 41.368409 ], [ -71.6310389, 41.368924 ], [ -71.6301292, 41.3686088 ], [ -71.629498, 41.3669042 ], [ -71.6284459, 41.3656753 ], [ -71.6275514, 41.3652392 ], [ -71.6266917, 41.3653863 ], [ -71.6266917, 41.364645 ], [ -71.6275054, 41.3646678 ], [ -71.6320085, 41.3660595 ], [ -71.6350604, 41.3659013 ], [ -71.6368494, 41.3655447 ], [ -71.6379547, 41.3643555 ], [ -71.638481, 41.3637214 ], [ -71.6381302, 41.3596884 ], [ -71.6378213, 41.3584137 ], [ -71.6377925, 41.3576069 ], [ -71.638795, 41.3573759 ], [ -71.6385031, 41.3556914 ], [ -71.6329678, 41.3583029 ], [ -71.6314482, 41.3590198 ], [ -71.619981, 41.3621569 ], [ -71.6018027, 41.3643055 ], [ -71.6016055, 41.3643288 ], [ -71.6011801, 41.3643791 ], [ -71.6004594, 41.3644643 ], [ -71.6001666, 41.3644989 ], [ -71.5996699, 41.3645576 ], [ -71.5953068, 41.3650733 ], [ -71.582778, 41.3689033 ], [ -71.5729957, 41.370462 ], [ -71.548722, 41.3743296 ], [ -71.5455415, 41.3742293 ], [ -71.5375781, 41.3733922 ], [ -71.5364497, 41.3747568 ], [ -71.5344179, 41.3750478 ], [ -71.5331302, 41.3761142 ], [ -71.5217137, 41.3767489 ], [ -71.5147838, 41.3741824 ], [ -71.5144479, 41.3760088 ], [ -71.5146594, 41.3766637 ], [ -71.5156723, 41.3779907 ], [ -71.5164889, 41.3789747 ], [ -71.5165532, 41.3790522 ], [ -71.5169936, 41.3805117 ], [ -71.517434, 41.3833312 ], [ -71.517443, 41.3843167 ], [ -71.5178508, 41.3849309 ], [ -71.5182331, 41.3850653 ], [ -71.5196541, 41.3848092 ], [ -71.520801, 41.3842141 ], [ -71.5216483, 41.3838944 ], [ -71.5226423, 41.3839327 ], [ -71.5238402, 41.3842783 ], [ -71.5243244, 41.3847773 ], [ -71.5248087, 41.3849501 ], [ -71.5255733, 41.3849309 ], [ -71.5263379, 41.3843167 ], [ -71.5275068, 41.3834576 ], [ -71.5288838, 41.3826551 ], [ -71.5293264, 41.3820995 ], [ -71.529155, 41.3815504 ], [ -71.529155, 41.381501 ], [ -71.5288925, 41.3810727 ], [ -71.5285645, 41.3805291 ], [ -71.5281927, 41.3800514 ], [ -71.5280396, 41.3796725 ], [ -71.5281927, 41.3794583 ], [ -71.5285645, 41.3793595 ], [ -71.5291331, 41.3793595 ], [ -71.5298111, 41.3793265 ], [ -71.5308828, 41.3792112 ], [ -71.5319326, 41.3789971 ], [ -71.5340323, 41.3780745 ], [ -71.5346009, 41.3776462 ], [ -71.5351259, 41.3771026 ], [ -71.5356508, 41.3769378 ], [ -71.5360882, 41.3770202 ], [ -71.5364381, 41.3772344 ], [ -71.5365037, 41.3776133 ], [ -71.536635, 41.3779428 ], [ -71.5369412, 41.3783711 ], [ -71.5374442, 41.3786676 ], [ -71.5378835, 41.3787882 ], [ -71.5385972, 41.3782699 ], [ -71.5391579, 41.3774444 ], [ -71.5394382, 41.3762158 ], [ -71.539897, 41.3756974 ], [ -71.5403303, 41.3756206 ], [ -71.5411459, 41.3759662 ], [ -71.5414517, 41.3769261 ], [ -71.5411204, 41.3777323 ], [ -71.5407595, 41.3785426 ], [ -71.5402948, 41.3788926 ], [ -71.5402808, 41.3792627 ], [ -71.540536, 41.3795647 ], [ -71.5409005, 41.3796745 ], [ -71.5417378, 41.3796111 ], [ -71.5421291, 41.3799243 ], [ -71.5420802, 41.3803848 ], [ -71.5417378, 41.3812138 ], [ -71.5411019, 41.3832217 ], [ -71.5407106, 41.3846587 ], [ -71.5403048, 41.3856795 ], [ -71.5402283, 41.3861978 ], [ -71.5399225, 41.3865433 ], [ -71.5392343, 41.3864857 ], [ -71.5383678, 41.3857179 ], [ -71.5378835, 41.3848541 ], [ -71.5375777, 41.3841055 ], [ -71.5371954, 41.3828962 ], [ -71.5368641, 41.3820324 ], [ -71.5364563, 41.3816868 ], [ -71.5359465, 41.3817444 ], [ -71.5356407, 41.3822435 ], [ -71.5356152, 41.3831265 ], [ -71.5358955, 41.3841631 ], [ -71.5358191, 41.384547 ], [ -71.5355897, 41.3848349 ], [ -71.534978, 41.3849501 ], [ -71.5341624, 41.3849117 ], [ -71.5336782, 41.384355 ], [ -71.533041, 41.3835104 ], [ -71.5327998, 41.3828824 ], [ -71.5325111, 41.3828033 ], [ -71.5321699, 41.3829022 ], [ -71.5318025, 41.3831987 ], [ -71.5311295, 41.3839327 ], [ -71.5308491, 41.3846046 ], [ -71.5307727, 41.3851996 ], [ -71.5317921, 41.3865241 ], [ -71.5340095, 41.3899406 ], [ -71.5345192, 41.3906124 ], [ -71.5345192, 41.3913225 ], [ -71.5341369, 41.3920519 ], [ -71.5341369, 41.3926277 ], [ -71.5348761, 41.3932034 ], [ -71.5360994, 41.3934337 ], [ -71.5391616, 41.3932859 ], [ -71.5395747, 41.3928193 ], [ -71.5396676, 41.391265 ], [ -71.5400754, 41.3907275 ], [ -71.5405597, 41.3906124 ], [ -71.5418595, 41.3907275 ], [ -71.5423438, 41.3913993 ], [ -71.5422163, 41.392359 ], [ -71.5415027, 41.3931459 ], [ -71.5406361, 41.3939519 ], [ -71.5403813, 41.3951994 ], [ -71.5401049, 41.3965573 ], [ -71.5396461, 41.3972021 ], [ -71.5388815, 41.397893 ], [ -71.5380557, 41.3981924 ], [ -71.5371688, 41.3984227 ], [ -71.5364653, 41.3983306 ], [ -71.5357007, 41.3976627 ], [ -71.5356701, 41.3969027 ], [ -71.535609, 41.3959125 ], [ -71.5350278, 41.3951755 ], [ -71.5337433, 41.3945076 ], [ -71.5333457, 41.3939318 ], [ -71.5333906, 41.3930537 ], [ -71.5330855, 41.3920942 ], [ -71.5326728, 41.3918509 ], [ -71.5323498, 41.3917969 ], [ -71.531596, 41.3924455 ], [ -71.5312012, 41.3929861 ], [ -71.5307885, 41.3931618 ], [ -71.5304296, 41.3931483 ], [ -71.530286, 41.392878 ], [ -71.5303937, 41.3925266 ], [ -71.5306629, 41.3918644 ], [ -71.5309679, 41.3913104 ], [ -71.5310756, 41.3906482 ], [ -71.5308962, 41.3897833 ], [ -71.5296756, 41.3876902 ], [ -71.5285745, 41.3859166 ], [ -71.528024, 41.3853407 ], [ -71.5275041, 41.3850643 ], [ -71.5267701, 41.3849492 ], [ -71.5253632, 41.3853407 ], [ -71.5245986, 41.3858936 ], [ -71.5230693, 41.3863542 ], [ -71.5219989, 41.3862621 ], [ -71.520592, 41.3859166 ], [ -71.5191545, 41.3858245 ], [ -71.5181147, 41.3859396 ], [ -71.5163408, 41.3866076 ], [ -71.5156645, 41.3871759 ], [ -71.5158041, 41.3945195 ], [ -71.5161906, 41.3952473 ], [ -71.5162548, 41.3964117 ], [ -71.5154816, 41.3968968 ], [ -71.5140641, 41.3965085 ], [ -71.5130977, 41.3967025 ], [ -71.5128399, 41.3971391 ], [ -71.5127344, 41.4024153 ], [ -71.5120899, 41.4035796 ], [ -71.5120897, 41.4047438 ], [ -71.5118207, 41.4070157 ], [ -71.5115853, 41.4073539 ], [ -71.5110505, 41.4074183 ], [ -71.5102208, 41.407266 ], [ -71.5085452, 41.4091091 ], [ -71.5074498, 41.4095941 ], [ -71.5061228, 41.4098025 ], [ -71.5057361, 41.4106271 ], [ -71.5059937, 41.4116942 ], [ -71.510117, 41.4127617 ], [ -71.5106969, 41.4132468 ], [ -71.5105034, 41.4141684 ], [ -71.5088926, 41.4145562 ], [ -71.507475, 41.4147015 ], [ -71.5074104, 41.4156716 ], [ -71.5075557, 41.4158723 ], [ -71.5085699, 41.4172723 ], [ -71.5087908, 41.4188125 ], [ -71.5084041, 41.4193945 ], [ -71.5093059, 41.4208495 ], [ -71.5105052, 41.4228912 ], [ -71.5114358, 41.4250919 ], [ -71.5114526, 41.4256055 ], [ -71.5113136, 41.4260863 ], [ -71.5109207, 41.4266151 ], [ -71.5108096, 41.4267197 ], [ -71.5103092, 41.4267405 ], [ -71.5096976, 41.426636 ], [ -71.5094475, 41.4264479 ], [ -71.5091139, 41.4259462 ], [ -71.5088916, 41.4255072 ], [ -71.5087804, 41.4252356 ], [ -71.5084468, 41.425131 ], [ -71.5081132, 41.425131 ], [ -71.5066122, 41.4254864 ], [ -71.5057783, 41.4254864 ], [ -71.5053335, 41.4253818 ], [ -71.5051112, 41.4251519 ], [ -71.5049444, 41.4250683 ], [ -71.5044996, 41.4250056 ], [ -71.5041661, 41.4250474 ], [ -71.5037213, 41.4252146 ], [ -71.5030264, 41.4252773 ], [ -71.5023315, 41.4251101 ], [ -71.5018589, 41.4248802 ], [ -71.501303, 41.4244412 ], [ -71.501164, 41.4242322 ], [ -71.501025, 41.4239186 ], [ -71.501025, 41.4233543 ], [ -71.500886, 41.4226435 ], [ -71.5008026, 41.4223509 ], [ -71.5006636, 41.4222254 ], [ -71.5000799, 41.4221627 ], [ -71.4998575, 41.4222672 ], [ -71.4994128, 41.4224972 ], [ -71.4989402, 41.4234796 ], [ -71.4989124, 41.4242949 ], [ -71.4989124, 41.4251728 ], [ -71.4989958, 41.4263643 ], [ -71.4993571, 41.4277439 ], [ -71.4998152, 41.4288988 ], [ -71.5009989, 41.4312353 ], [ -71.5021827, 41.4325703 ], [ -71.5024046, 41.4334047 ], [ -71.5023306, 41.4339054 ], [ -71.5021087, 41.434406 ], [ -71.5016648, 41.4353517 ], [ -71.5015908, 41.4362973 ], [ -71.5013689, 41.4365198 ], [ -71.5009989, 41.4364086 ], [ -71.4990753, 41.4340166 ], [ -71.4978176, 41.4319028 ], [ -71.496412, 41.4287875 ], [ -71.4952283, 41.425839 ], [ -71.4944884, 41.4233354 ], [ -71.4938966, 41.4201084 ], [ -71.4936006, 41.4177716 ], [ -71.4927423, 41.4153465 ], [ -71.4919724, 41.412596 ], [ -71.49178, 41.410135 ], [ -71.494056, 41.4069063 ], [ -71.4943459, 41.4059616 ], [ -71.4939594, 41.4033455 ], [ -71.4934763, 41.4026187 ], [ -71.4939594, 41.401892 ], [ -71.4948289, 41.4013833 ], [ -71.4953119, 41.4008018 ], [ -71.4951187, 41.4002931 ], [ -71.4944424, 41.4000024 ], [ -71.493573, 41.4000024 ], [ -71.4921238, 41.3997117 ], [ -71.4921238, 41.3986942 ], [ -71.4922205, 41.3980401 ], [ -71.4916408, 41.3961505 ], [ -71.4923171, 41.3944788 ], [ -71.4938628, 41.3922255 ], [ -71.4946356, 41.3909172 ], [ -71.496761, 41.3890273 ], [ -71.4986931, 41.3872827 ], [ -71.499466, 41.3866285 ], [ -71.4996592, 41.386047 ], [ -71.498983, 41.385102 ], [ -71.4986931, 41.3843024 ], [ -71.498983, 41.3832846 ], [ -71.4992728, 41.3829939 ], [ -71.5000457, 41.3829211 ], [ -71.5004321, 41.3829939 ], [ -71.5009152, 41.3835027 ], [ -71.5013016, 41.3839389 ], [ -71.5019778, 41.3840843 ], [ -71.5029439, 41.3837208 ], [ -71.5033303, 41.3832846 ], [ -71.5040066, 41.3832846 ], [ -71.5042964, 41.3835027 ], [ -71.5042964, 41.3837935 ], [ -71.5047795, 41.3848839 ], [ -71.5050692, 41.3851747 ], [ -71.5060786, 41.3853123 ], [ -71.5080641, 41.3849566 ], [ -71.5095132, 41.3849566 ], [ -71.5104793, 41.3846658 ], [ -71.5121216, 41.38343 ], [ -71.5134741, 41.3818307 ], [ -71.5138606, 41.380304 ], [ -71.5132396, 41.3779677 ], [ -71.5131843, 41.3777596 ], [ -71.5121216, 41.3767417 ], [ -71.5132684, 41.3750756 ], [ -71.5116866, 41.3753304 ], [ -71.502297, 41.3734601 ], [ -71.4977034, 41.3711414 ], [ -71.4917314, 41.3658362 ], [ -71.4898645, 41.3647498 ], [ -71.4886406, 41.3605162 ], [ -71.4872087, 41.3619993 ], [ -71.4811076, 41.3607041 ], [ -71.4804388, 41.3622884 ], [ -71.4821325, 41.3648687 ], [ -71.4834468, 41.3668802 ], [ -71.4841265, 41.3702784 ], [ -71.4827812, 41.3730695 ], [ -71.4820142, 41.3740696 ], [ -71.4813491, 41.3752395 ], [ -71.4793722, 41.3766817 ], [ -71.4789874, 41.378421 ], [ -71.4783261, 41.3801133 ], [ -71.4751827, 41.3833691 ], [ -71.4743895, 41.3869526 ], [ -71.4699039, 41.3909651 ], [ -71.4693982, 41.3919859 ], [ -71.4684834, 41.3938324 ], [ -71.4625966, 41.3958862 ], [ -71.4623118, 41.3980957 ], [ -71.4621208, 41.4015092 ], [ -71.4601911, 41.4025567 ], [ -71.4601828, 41.4025612 ], [ -71.4563789, 41.4046262 ], [ -71.4562298, 41.4073078 ], [ -71.4531344, 41.4087299 ], [ -71.4523235, 41.4146672 ], [ -71.4531394, 41.419468 ], [ -71.4546315, 41.4211834 ], [ -71.4554147, 41.4228609 ], [ -71.4557324, 41.425365 ], [ -71.4553845, 41.4283818 ], [ -71.4550693, 41.4305183 ], [ -71.456913, 41.432071 ], [ -71.4516063, 41.4373615 ], [ -71.4417356, 41.4417487 ], [ -71.4406803, 41.4385057 ], [ -71.4386972, 41.4410367 ], [ -71.4353263, 41.4418277 ], [ -71.434934, 41.4446749 ], [ -71.4322345, 41.4452592 ], [ -71.4311319, 41.4475384 ], [ -71.4322192, 41.4487773 ], [ -71.4305642, 41.4527845 ], [ -71.4287987, 41.4543858 ], [ -71.4268135, 41.453756 ], [ -71.4262199, 41.4580809 ], [ -71.4297143, 41.4614647 ], [ -71.4309915, 41.4655784 ], [ -71.4307389, 41.4705059 ], [ -71.4269966, 41.4726877 ], [ -71.4236996, 41.4728835 ], [ -71.4216258, 41.4715679 ], [ -71.4208944, 41.4688037 ], [ -71.4182458, 41.4724288 ], [ -71.4181727, 41.4821729 ], [ -71.4206829, 41.4836266 ], [ -71.4204871, 41.4861323 ], [ -71.4205298, 41.4903485 ], [ -71.419319, 41.4919118 ], [ -71.4211674, 41.4933096 ], [ -71.4217013, 41.499199 ], [ -71.417377, 41.5100646 ], [ -71.4144873, 41.5128618 ], [ -71.4158659, 41.5138175 ], [ -71.4147325, 41.5172792 ], [ -71.4155343, 41.5211412 ], [ -71.4155166, 41.5231278 ], [ -71.4166851, 41.5273171 ], [ -71.4152425, 41.5299644 ], [ -71.4186657, 41.5323955 ], [ -71.4173739, 41.5349752 ], [ -71.423501, 41.5388423 ], [ -71.4246777, 41.5412092 ], [ -71.4256482, 41.5427596 ], [ -71.4256482, 41.543686 ], [ -71.425428, 41.5448441 ], [ -71.424415, 41.5462999 ], [ -71.4228635, 41.5485326 ], [ -71.4229516, 41.5490289 ], [ -71.423325, 41.5494349 ], [ -71.4239205, 41.5493266 ], [ -71.4251197, 41.5479018 ], [ -71.4255784, 41.5471665 ], [ -71.4262207, 41.5470057 ], [ -71.4271994, 41.5472355 ], [ -71.4294015, 41.5489357 ], [ -71.4298908, 41.5497628 ], [ -71.4301967, 41.5510724 ], [ -71.4293403, 41.5530022 ], [ -71.4279037, 41.555128 ], [ -71.4275979, 41.5562384 ], [ -71.4282096, 41.5571573 ], [ -71.4297388, 41.558459 ], [ -71.4307328, 41.5589568 ], [ -71.4320581, 41.5591673 ], [ -71.4335363, 41.5590716 ], [ -71.4344029, 41.5591291 ], [ -71.4347087, 41.5594162 ], [ -71.4346323, 41.5605839 ], [ -71.4343264, 41.5613113 ], [ -71.4344029, 41.5618473 ], [ -71.4354224, 41.5623642 ], [ -71.4387612, 41.5637424 ], [ -71.4397042, 41.5640104 ], [ -71.4406727, 41.5640295 ], [ -71.4415902, 41.563953 ], [ -71.4424823, 41.5643549 ], [ -71.4431959, 41.5651397 ], [ -71.4434763, 41.5662499 ], [ -71.4431449, 41.5674558 ], [ -71.4423957, 41.5680129 ], [ -71.4408004, 41.5693259 ], [ -71.439347, 41.5700866 ], [ -71.4388185, 41.5704504 ], [ -71.4386431, 41.5708998 ], [ -71.4386566, 41.5709136 ], [ -71.439, 41.5712634 ], [ -71.4398755, 41.5714756 ], [ -71.4411154, 41.5719142 ], [ -71.4418574, 41.5723355 ], [ -71.4430905, 41.572997 ], [ -71.4440594, 41.5730962 ], [ -71.4448081, 41.5731954 ], [ -71.4457771, 41.5733938 ], [ -71.4464817, 41.5737246 ], [ -71.446746, 41.5744191 ], [ -71.4467019, 41.5755766 ], [ -71.4467019, 41.5764033 ], [ -71.4469221, 41.5768002 ], [ -71.4476708, 41.5772301 ], [ -71.4495206, 41.5774946 ], [ -71.4519429, 41.5780568 ], [ -71.4537045, 41.5784867 ], [ -71.4548937, 41.5788505 ], [ -71.4559947, 41.5797764 ], [ -71.4562589, 41.5805701 ], [ -71.4565285, 41.5814253 ], [ -71.4571451, 41.5833334 ], [ -71.4574191, 41.5844022 ], [ -71.4570059, 41.5854168 ], [ -71.4555029, 41.5870703 ], [ -71.4554025, 41.5897006 ], [ -71.455102, 41.5903771 ], [ -71.4544008, 41.5909031 ], [ -71.4535993, 41.5911284 ], [ -71.4525971, 41.5910534 ], [ -71.4514951, 41.5902267 ], [ -71.4514951, 41.5885733 ], [ -71.4517956, 41.5867696 ], [ -71.4520963, 41.5854168 ], [ -71.4517956, 41.5839135 ], [ -71.4517307, 41.5833788 ], [ -71.4510359, 41.5813564 ], [ -71.4505619, 41.5807514 ], [ -71.449614, 41.5802176 ], [ -71.4486186, 41.5797906 ], [ -71.4482395, 41.5792568 ], [ -71.4481921, 41.5786517 ], [ -71.4481447, 41.5781535 ], [ -71.4477655, 41.57794 ], [ -71.4470072, 41.57794 ], [ -71.44568, 41.5784382 ], [ -71.4444951, 41.5790432 ], [ -71.4439738, 41.5795415 ], [ -71.4437368, 41.5798617 ], [ -71.4446847, 41.5807159 ], [ -71.4458696, 41.5811073 ], [ -71.4464384, 41.5814632 ], [ -71.4467702, 41.5819258 ], [ -71.446628, 41.5827443 ], [ -71.4462962, 41.5833846 ], [ -71.4463166, 41.5834606 ], [ -71.4464667, 41.5835673 ], [ -71.4471584, 41.5837006 ], [ -71.4477141, 41.5838735 ], [ -71.4483151, 41.5843611 ], [ -71.4485893, 41.5849658 ], [ -71.4479881, 41.5863186 ], [ -71.4472869, 41.5872205 ], [ -71.4465854, 41.5875212 ], [ -71.4455836, 41.5875963 ], [ -71.4448821, 41.5875212 ], [ -71.44368, 41.5868448 ], [ -71.4429784, 41.5848906 ], [ -71.4427002, 41.5833598 ], [ -71.4415208, 41.5821598 ], [ -71.4400259, 41.5792806 ], [ -71.4393941, 41.5777802 ], [ -71.4389096, 41.5770196 ], [ -71.4379989, 41.5768641 ], [ -71.4379407, 41.5768542 ], [ -71.4371039, 41.5774495 ], [ -71.4356505, 41.5791691 ], [ -71.4349405, 41.5800368 ], [ -71.433876, 41.5809806 ], [ -71.4321472, 41.5833334 ], [ -71.431941, 41.5840833 ], [ -71.4310197, 41.585607 ], [ -71.4290513, 41.5867696 ], [ -71.4244423, 41.5872956 ], [ -71.4207351, 41.5880473 ], [ -71.4167272, 41.5890994 ], [ -71.4108157, 41.5903771 ], [ -71.405906, 41.5914291 ], [ -71.4031772, 41.5929628 ], [ -71.4016143, 41.5954246 ], [ -71.401458, 41.5983551 ], [ -71.4027084, 41.6018719 ], [ -71.4038026, 41.6032784 ], [ -71.4063034, 41.6046848 ], [ -71.408648, 41.6049193 ], [ -71.4119301, 41.6049193 ], [ -71.4145876, 41.6050366 ], [ -71.4163068, 41.6052709 ], [ -71.4181826, 41.6058571 ], [ -71.4191201, 41.6067947 ], [ -71.4192764, 41.6083183 ], [ -71.4189639, 41.6099592 ], [ -71.4183388, 41.6113656 ], [ -71.4172447, 41.6126548 ], [ -71.4163068, 41.613358 ], [ -71.4156814, 41.6134751 ], [ -71.4147438, 41.6135924 ], [ -71.413806, 41.6134751 ], [ -71.4128681, 41.613358 ], [ -71.4113051, 41.6138266 ], [ -71.4100547, 41.6151159 ], [ -71.4097422, 41.6172252 ], [ -71.4103672, 41.6193346 ], [ -71.4111488, 41.6209751 ], [ -71.4120868, 41.6219127 ], [ -71.4127118, 41.6224986 ], [ -71.413806, 41.6224986 ], [ -71.4149002, 41.6216783 ], [ -71.4150564, 41.6206236 ], [ -71.4153689, 41.6200377 ], [ -71.415838, 41.6196862 ], [ -71.4163068, 41.6195689 ], [ -71.4175572, 41.6196862 ], [ -71.4189639, 41.6209751 ], [ -71.4197456, 41.6222642 ], [ -71.4199018, 41.6241389 ], [ -71.4195893, 41.6254279 ], [ -71.4186514, 41.6278884 ], [ -71.4181826, 41.6295288 ], [ -71.4170884, 41.630349 ], [ -71.415838, 41.6304661 ], [ -71.4150564, 41.6299975 ], [ -71.4142747, 41.6285915 ], [ -71.4136497, 41.6265996 ], [ -71.4123993, 41.6257794 ], [ -71.4105235, 41.6254279 ], [ -71.4081789, 41.6253107 ], [ -71.4067722, 41.6254279 ], [ -71.4053655, 41.6262481 ], [ -71.4044276, 41.6271855 ], [ -71.4047405, 41.6283572 ], [ -71.4061472, 41.6298802 ], [ -71.4080226, 41.6317549 ], [ -71.4089605, 41.6336296 ], [ -71.4100801, 41.6378288 ], [ -71.411018, 41.6422803 ], [ -71.411018, 41.6480199 ], [ -71.4105489, 41.6498941 ], [ -71.4105489, 41.6514167 ], [ -71.4107051, 41.6527052 ], [ -71.4119555, 41.6534078 ], [ -71.4138313, 41.6535248 ], [ -71.4155505, 41.6538764 ], [ -71.4166447, 41.6548132 ], [ -71.4178951, 41.6551646 ], [ -71.4213339, 41.6556331 ], [ -71.4278985, 41.6536421 ], [ -71.4313372, 41.6522366 ], [ -71.4338381, 41.651651 ], [ -71.4350885, 41.6512996 ], [ -71.4366518, 41.6511824 ], [ -71.437746, 41.6515337 ], [ -71.4374331, 41.6525879 ], [ -71.4352451, 41.6535248 ], [ -71.4319626, 41.6546962 ], [ -71.4278985, 41.6568043 ], [ -71.4247726, 41.6576241 ], [ -71.4213339, 41.6577411 ], [ -71.4186768, 41.6580925 ], [ -71.4157068, 41.6584439 ], [ -71.4143096, 41.6589091 ], [ -71.4143001, 41.6589122 ], [ -71.4130497, 41.6602005 ], [ -71.4130497, 41.6619571 ], [ -71.4138313, 41.6641822 ], [ -71.4163322, 41.6659386 ], [ -71.4196146, 41.6671096 ], [ -71.4219592, 41.6679293 ], [ -71.4238347, 41.6685148 ], [ -71.4257106, 41.668983 ], [ -71.4266481, 41.6699198 ], [ -71.4275859, 41.6710908 ], [ -71.4291493, 41.671325 ], [ -71.430556, 41.671325 ], [ -71.433213, 41.6706223 ], [ -71.4355576, 41.6696856 ], [ -71.435561, 41.6696846 ], [ -71.4374331, 41.6691002 ], [ -71.4396214, 41.6686318 ], [ -71.441341, 41.6685148 ], [ -71.4433727, 41.6678121 ], [ -71.4446231, 41.6647677 ], [ -71.4457172, 41.6606689 ], [ -71.4471239, 41.6576241 ], [ -71.4505626, 41.6537591 ], [ -71.4522823, 41.6514167 ], [ -71.453376, 41.6498941 ], [ -71.4547831, 41.6487228 ], [ -71.456971, 41.6486056 ], [ -71.4582214, 41.6488399 ], [ -71.4580652, 41.6502454 ], [ -71.4552518, 41.6538764 ], [ -71.4515006, 41.6592635 ], [ -71.449156, 41.662894 ], [ -71.4482181, 41.6658214 ], [ -71.4486873, 41.6694515 ], [ -71.4487142, 41.6716122 ], [ -71.4486496, 41.6726616 ], [ -71.4475233, 41.6732016 ], [ -71.4448028, 41.6731434 ], [ -71.4441773, 41.6741972 ], [ -71.4447972, 41.6760302 ], [ -71.4493122, 41.6791694 ], [ -71.4513443, 41.6843205 ], [ -71.453079, 41.6867343 ], [ -71.4529227, 41.688139 ], [ -71.4526103, 41.690012 ], [ -71.4518286, 41.6914167 ], [ -71.4518286, 41.6925871 ], [ -71.4527665, 41.6936406 ], [ -71.453079, 41.6951622 ], [ -71.4524536, 41.6958643 ], [ -71.4510469, 41.6958643 ], [ -71.4488586, 41.6953963 ], [ -71.4463577, 41.692353 ], [ -71.4451073, 41.689895 ], [ -71.4435444, 41.6889584 ], [ -71.4394806, 41.688139 ], [ -71.435104, 41.688022 ], [ -71.4316652, 41.6879051 ], [ -71.4276356, 41.687117 ], [ -71.4239832, 41.6868239 ], [ -71.4199876, 41.6860416 ], [ -71.4170265, 41.6856914 ], [ -71.4142214, 41.6855746 ], [ -71.4117712, 41.6860114 ], [ -71.4109141, 41.6864784 ], [ -71.4109141, 41.6871787 ], [ -71.4113816, 41.6879373 ], [ -71.4122387, 41.6881124 ], [ -71.4137972, 41.6881708 ], [ -71.4153557, 41.6882875 ], [ -71.4165244, 41.688521 ], [ -71.4172258, 41.6888127 ], [ -71.4172258, 41.6898632 ], [ -71.4160569, 41.6905635 ], [ -71.4145765, 41.6903884 ], [ -71.4120829, 41.6903301 ], [ -71.4107583, 41.6903884 ], [ -71.4092779, 41.6909137 ], [ -71.4093558, 41.6921392 ], [ -71.4113816, 41.6943566 ], [ -71.4166804, 41.6977996 ], [ -71.4185504, 41.698558 ], [ -71.4193297, 41.6994334 ], [ -71.4190958, 41.7003669 ], [ -71.4180829, 41.7009504 ], [ -71.415979, 41.7010087 ], [ -71.4137972, 41.7003669 ], [ -71.4104465, 41.6978578 ], [ -71.4077973, 41.6948235 ], [ -71.4056933, 41.6917891 ], [ -71.4046804, 41.6888127 ], [ -71.404135, 41.6879373 ], [ -71.4028883, 41.6867701 ], [ -71.4010959, 41.6859531 ], [ -71.3992258, 41.6856808 ], [ -71.3983726, 41.6856808 ], [ -71.3971475, 41.6861121 ], [ -71.3968097, 41.6876709 ], [ -71.3972785, 41.6901289 ], [ -71.3975909, 41.6930554 ], [ -71.3980601, 41.694694 ], [ -71.3982163, 41.6959815 ], [ -71.3972785, 41.6969178 ], [ -71.3957155, 41.697152 ], [ -71.3935271, 41.6980882 ], [ -71.3921205, 41.6990245 ], [ -71.3908701, 41.6999609 ], [ -71.3893072, 41.700195 ], [ -71.3874313, 41.7003119 ], [ -71.3872751, 41.6990245 ], [ -71.3889943, 41.6979712 ], [ -71.3922767, 41.694694 ], [ -71.3932147, 41.6938746 ], [ -71.3939959, 41.6893096 ], [ -71.3939959, 41.6863832 ], [ -71.3933709, 41.6849783 ], [ -71.3932147, 41.6825201 ], [ -71.3922767, 41.6749101 ], [ -71.3913389, 41.6735051 ], [ -71.3879001, 41.6713976 ], [ -71.3844617, 41.6697583 ], [ -71.3821171, 41.669407 ], [ -71.3797725, 41.6698755 ], [ -71.3782092, 41.6710464 ], [ -71.3774279, 41.6725684 ], [ -71.3771155, 41.6749101 ], [ -71.3774279, 41.6788908 ], [ -71.3774279, 41.680998 ], [ -71.3771155, 41.6829882 ], [ -71.3746142, 41.6865003 ], [ -71.3721134, 41.6882562 ], [ -71.3699255, 41.6896609 ], [ -71.3688313, 41.6908314 ], [ -71.3682058, 41.6925871 ], [ -71.3685184, 41.6943429 ], [ -71.3693, 41.6963326 ], [ -71.3699255, 41.6979712 ], [ -71.3699255, 41.6998437 ], [ -71.3685184, 41.7034718 ], [ -71.3682058, 41.7063975 ], [ -71.3686751, 41.7087379 ], [ -71.3694563, 41.7108443 ], [ -71.3694563, 41.7127165 ], [ -71.3696126, 41.7138866 ], [ -71.3688313, 41.7148228 ], [ -71.3678934, 41.7152907 ], [ -71.3654758, 41.7167688 ], [ -71.3639129, 41.7173539 ], [ -71.3628187, 41.7179388 ], [ -71.3631312, 41.7188748 ], [ -71.3639129, 41.719226 ], [ -71.3657883, 41.7193429 ], [ -71.3686021, 41.7196938 ], [ -71.3714154, 41.7199279 ], [ -71.3745416, 41.7208638 ], [ -71.3786054, 41.7225018 ], [ -71.3836071, 41.7262456 ], [ -71.3889217, 41.730574 ], [ -71.3922038, 41.7319777 ], [ -71.3950175, 41.7330305 ], [ -71.3951738, 41.7338494 ], [ -71.3945484, 41.7347851 ], [ -71.3936105, 41.7364228 ], [ -71.3925163, 41.7378264 ], [ -71.3914225, 41.7387621 ], [ -71.3903284, 41.7395808 ], [ -71.3887651, 41.7396978 ], [ -71.3879838, 41.7396978 ], [ -71.3851701, 41.7363057 ], [ -71.3834508, 41.7340834 ], [ -71.3828255, 41.7332645 ], [ -71.3815751, 41.7327965 ], [ -71.3803246, 41.7327965 ], [ -71.3801683, 41.7338494 ], [ -71.3807938, 41.7354869 ], [ -71.3826691, 41.7368906 ], [ -71.3836071, 41.7386452 ], [ -71.3836071, 41.7399317 ], [ -71.3831384, 41.7413352 ], [ -71.3825129, 41.7427388 ], [ -71.381888, 41.7440253 ], [ -71.3815751, 41.7450778 ], [ -71.3817316, 41.7462474 ], [ -71.384545, 41.7469492 ], [ -71.3862642, 41.7468321 ], [ -71.3870458, 41.747183 ], [ -71.3873584, 41.7482356 ], [ -71.3872021, 41.7498728 ], [ -71.3868896, 41.7520948 ], [ -71.3875146, 41.7538488 ], [ -71.3887651, 41.7563044 ], [ -71.3900155, 41.7582923 ], [ -71.3904846, 41.7599292 ], [ -71.3917584, 41.7622592 ], [ -71.3919151, 41.7630776 ], [ -71.3916022, 41.7642468 ], [ -71.3908209, 41.765299 ], [ -71.390508, 41.7660007 ], [ -71.3903517, 41.7669359 ], [ -71.390508, 41.7676373 ], [ -71.3912897, 41.7683389 ], [ -71.3922276, 41.769391 ], [ -71.3920713, 41.7713784 ], [ -71.3919151, 41.7730151 ], [ -71.3922276, 41.7743011 ], [ -71.393478, 41.7757039 ], [ -71.394103, 41.7772235 ], [ -71.3942596, 41.7789769 ], [ -71.3945722, 41.7806133 ], [ -71.3951972, 41.7817822 ], [ -71.395255, 41.7823877 ], [ -71.3953534, 41.7834186 ], [ -71.3947284, 41.7842367 ], [ -71.3942596, 41.7855225 ], [ -71.3942596, 41.7871588 ], [ -71.3944159, 41.7880937 ], [ -71.3937905, 41.7890287 ], [ -71.3928526, 41.789613 ], [ -71.3909772, 41.78973 ], [ -71.3891013, 41.7892625 ], [ -71.3884803, 41.7891464 ], [ -71.3884763, 41.7891456 ], [ -71.3876947, 41.78973 ], [ -71.3878509, 41.7913661 ], [ -71.3894142, 41.7937035 ], [ -71.3925401, 41.797443 ], [ -71.3937905, 41.7988453 ], [ -71.3955101, 41.8000138 ], [ -71.3966039, 41.8001307 ], [ -71.3984797, 41.8000138 ], [ -71.3995739, 41.7996631 ], [ -71.400668, 41.7996631 ], [ -71.401606, 41.8002476 ], [ -71.4028564, 41.8017666 ], [ -71.4026997, 41.8039868 ], [ -71.4028564, 41.8055057 ], [ -71.404263, 41.8077257 ], [ -71.4045755, 41.8091277 ], [ -71.4047318, 41.8107633 ], [ -71.4047318, 41.8121653 ], [ -71.4056697, 41.8136842 ], [ -71.4084906, 41.8163165 ], [ -71.4108352, 41.8184192 ], [ -71.4119294, 41.8193537 ], [ -71.412711, 41.8206388 ], [ -71.412711, 41.82169 ], [ -71.4120856, 41.8223909 ], [ -71.4113039, 41.8223909 ], [ -71.4098973, 41.8222742 ], [ -71.4077093, 41.8199378 ], [ -71.4052081, 41.8174847 ], [ -71.4038014, 41.8167837 ], [ -71.4022385, 41.8163165 ], [ -71.4005193, 41.8161996 ], [ -71.398331, 41.8163165 ], [ -71.3962989, 41.8170174 ], [ -71.3936418, 41.8181856 ], [ -71.3928601, 41.8193537 ], [ -71.3922351, 41.8219236 ], [ -71.3916097, 41.8242598 ], [ -71.391141, 41.8255448 ], [ -71.3902031, 41.8267128 ], [ -71.3889526, 41.8271801 ], [ -71.3872334, 41.8272968 ], [ -71.3855139, 41.8264791 ], [ -71.3850451, 41.825428 ], [ -71.3852013, 41.8234423 ], [ -71.3864518, 41.8213396 ], [ -71.3878585, 41.8199378 ], [ -71.3900468, 41.8181856 ], [ -71.3914535, 41.8171342 ], [ -71.3928601, 41.8163165 ], [ -71.3937981, 41.8153818 ], [ -71.3948922, 41.8142135 ], [ -71.3953609, 41.8125781 ], [ -71.3942668, 41.8101245 ], [ -71.3897343, 41.8059183 ], [ -71.3853814, 41.8017668 ], [ -71.3852013, 41.801595 ], [ -71.3833255, 41.7986738 ], [ -71.3814501, 41.7955186 ], [ -71.3801997, 41.7938825 ], [ -71.3791055, 41.7932982 ], [ -71.3765817, 41.7905293 ], [ -71.3748621, 41.7866725 ], [ -71.3729866, 41.7838675 ], [ -71.3726737, 41.7821142 ], [ -71.3725175, 41.7808283 ], [ -71.3725175, 41.7794256 ], [ -71.372205, 41.7780229 ], [ -71.3698604, 41.776971 ], [ -71.3695479, 41.7758021 ], [ -71.3698604, 41.7732303 ], [ -71.370642, 41.7693723 ], [ -71.3711108, 41.7677356 ], [ -71.3711108, 41.7669171 ], [ -71.3709546, 41.7659818 ], [ -71.3701729, 41.7651634 ], [ -71.3687663, 41.7646959 ], [ -71.3676721, 41.7642282 ], [ -71.3659529, 41.7621236 ], [ -71.3647025, 41.7594342 ], [ -71.3642333, 41.7556924 ], [ -71.3640556, 41.7532758 ], [ -71.3640556, 41.7517555 ], [ -71.3632743, 41.7498845 ], [ -71.3621803, 41.7477794 ], [ -71.3615548, 41.7473115 ], [ -71.3603044, 41.7470777 ], [ -71.3596793, 41.7471947 ], [ -71.3592102, 41.7484811 ], [ -71.3592102, 41.7500015 ], [ -71.3596793, 41.7514048 ], [ -71.3599919, 41.752691 ], [ -71.3599919, 41.7537436 ], [ -71.3596793, 41.7542112 ], [ -71.3592102, 41.7544451 ], [ -71.358116, 41.7544451 ], [ -71.3568656, 41.7542112 ], [ -71.3559277, 41.7532758 ], [ -71.3556152, 41.7515217 ], [ -71.355459, 41.7498845 ], [ -71.3551465, 41.7483641 ], [ -71.3540523, 41.746376 ], [ -71.3532706, 41.7455574 ], [ -71.3521765, 41.7450896 ], [ -71.3515514, 41.7447386 ], [ -71.350926, 41.74392 ], [ -71.350301, 41.7415808 ], [ -71.3493632, 41.7405282 ], [ -71.3485815, 41.7400604 ], [ -71.3474877, 41.7394756 ], [ -71.3465498, 41.7387737 ], [ -71.3456118, 41.737604 ], [ -71.3448302, 41.7357326 ], [ -71.3442052, 41.7324572 ], [ -71.343736, 41.7287139 ], [ -71.3426423, 41.7274272 ], [ -71.3413918, 41.7263742 ], [ -71.3390472, 41.7261402 ], [ -71.3354522, 41.7260233 ], [ -71.3329514, 41.7260233 ], [ -71.3293564, 41.7266082 ], [ -71.3266989, 41.7264911 ], [ -71.3231043, 41.7257892 ], [ -71.3202905, 41.7254384 ], [ -71.3171647, 41.7243854 ], [ -71.3148201, 41.7239174 ], [ -71.3126318, 41.7234495 ], [ -71.3109122, 41.7222796 ], [ -71.3096618, 41.7197056 ], [ -71.3096618, 41.7164294 ], [ -71.3101694, 41.7138496 ], [ -71.3092981, 41.7116752 ], [ -71.3078458, 41.7102618 ], [ -71.3069745, 41.7097182 ], [ -71.3053771, 41.7096094 ], [ -71.3033438, 41.7099357 ], [ -71.3023274, 41.7110229 ], [ -71.3020367, 41.7128711 ], [ -71.3021823, 41.7177632 ], [ -71.3023274, 41.71972 ], [ -71.3023274, 41.7218941 ], [ -71.3020367, 41.7223289 ], [ -71.30073, 41.7225464 ], [ -71.2997131, 41.7221115 ], [ -71.2992777, 41.7210245 ], [ -71.2985516, 41.71972 ], [ -71.2975351, 41.7190678 ], [ -71.2963731, 41.7195027 ], [ -71.2959373, 41.7220027 ], [ -71.2952115, 41.7234159 ], [ -71.2941947, 41.7251552 ], [ -71.2934686, 41.7267855 ], [ -71.2931782, 41.7286333 ], [ -71.2931782, 41.7306984 ], [ -71.2934686, 41.73222 ], [ -71.2943399, 41.7329808 ], [ -71.2959373, 41.7337416 ], [ -71.2978254, 41.734611 ], [ -71.2994217, 41.7360683 ], [ -71.2997119, 41.7375898 ], [ -71.3000026, 41.7388938 ], [ -71.3000026, 41.7397632 ], [ -71.2986956, 41.7398718 ], [ -71.2973884, 41.7391112 ], [ -71.2965171, 41.7386765 ], [ -71.2944838, 41.7383505 ], [ -71.2933223, 41.7388938 ], [ -71.292451, 41.7388938 ], [ -71.2914341, 41.7370463 ], [ -71.2892561, 41.7291125 ], [ -71.2882393, 41.7234603 ], [ -71.2880941, 41.7187859 ], [ -71.2891105, 41.7160683 ], [ -71.2918699, 41.7145463 ], [ -71.2928864, 41.7135678 ], [ -71.2934674, 41.7125893 ], [ -71.2939032, 41.7108498 ], [ -71.2956541, 41.7021667 ], [ -71.2966706, 41.6959684 ], [ -71.2975423, 41.6902045 ], [ -71.2997202, 41.6875943 ], [ -71.30277, 41.6845489 ], [ -71.3049484, 41.6834613 ], [ -71.3066914, 41.6826998 ], [ -71.3075627, 41.681721 ], [ -71.307853, 41.6790015 ], [ -71.3081436, 41.6656208 ], [ -71.3082888, 41.6622479 ], [ -71.307853, 41.6609421 ], [ -71.3073898, 41.6575196 ], [ -71.3059375, 41.6550169 ], [ -71.3053565, 41.6540375 ], [ -71.3046304, 41.6532758 ], [ -71.3040497, 41.6530582 ], [ -71.3036139, 41.6530582 ], [ -71.3031781, 41.6531669 ], [ -71.3020165, 41.6544727 ], [ -71.3014355, 41.6566491 ], [ -71.3014355, 41.6596958 ], [ -71.3011452, 41.6611104 ], [ -71.3002739, 41.662416 ], [ -71.2994027, 41.6635041 ], [ -71.2982407, 41.664048 ], [ -71.2965016, 41.6643739 ], [ -71.2964981, 41.6643745 ], [ -71.2953361, 41.6649184 ], [ -71.2938838, 41.6658977 ], [ -71.2933032, 41.6672033 ], [ -71.2930125, 41.669923 ], [ -71.2921412, 41.6738394 ], [ -71.2917054, 41.6766677 ], [ -71.2921412, 41.6797135 ], [ -71.2921412, 41.6813451 ], [ -71.2917054, 41.6825416 ], [ -71.2905438, 41.6838468 ], [ -71.2889556, 41.6844957 ], [ -71.2889464, 41.6844994 ], [ -71.2867679, 41.6843907 ], [ -71.2857515, 41.6837381 ], [ -71.2842992, 41.682324 ], [ -71.2825563, 41.6786257 ], [ -71.2822659, 41.6727515 ], [ -71.2813946, 41.670467 ], [ -71.2781998, 41.6666592 ], [ -71.2742788, 41.6638304 ], [ -71.273262, 41.6627423 ], [ -71.2721004, 41.6612191 ], [ -71.2719549, 41.6594782 ], [ -71.2725358, 41.6557786 ], [ -71.272681, 41.6538199 ], [ -71.2715194, 41.6500111 ], [ -71.2700671, 41.6484876 ], [ -71.2690507, 41.6477257 ], [ -71.2678887, 41.646964 ], [ -71.2668722, 41.6468551 ], [ -71.26542, 41.646964 ], [ -71.2642871, 41.6475582 ], [ -71.2639677, 41.6477257 ], [ -71.2622251, 41.6491405 ], [ -71.2613538, 41.651317 ], [ -71.2604821, 41.6530582 ], [ -71.2590303, 41.6546904 ], [ -71.2581586, 41.6563227 ], [ -71.2575601, 41.661133 ], [ -71.2572698, 41.6634177 ], [ -71.2558176, 41.6657027 ], [ -71.2523324, 41.668749 ], [ -71.250154, 41.6704896 ], [ -71.2491371, 41.6711423 ], [ -71.2478304, 41.6712511 ], [ -71.2468136, 41.6708159 ], [ -71.2460875, 41.6698369 ], [ -71.2455068, 41.6691842 ], [ -71.2443449, 41.668749 ], [ -71.2433284, 41.6686401 ], [ -71.2420213, 41.6692929 ], [ -71.2407142, 41.6714686 ], [ -71.2392619, 41.67582 ], [ -71.2394074, 41.6803888 ], [ -71.240569, 41.6847395 ], [ -71.2473946, 41.6945278 ], [ -71.2508801, 41.69953 ], [ -71.256134, 41.7076594 ], [ -71.2603457, 41.7135305 ], [ -71.2652832, 41.7200531 ], [ -71.2664452, 41.7230968 ], [ -71.2667354, 41.724836 ], [ -71.2670257, 41.7262492 ], [ -71.2670257, 41.7275535 ], [ -71.2664452, 41.7280969 ], [ -71.265138, 41.7275535 ], [ -71.2648473, 41.7269013 ], [ -71.2647022, 41.7264665 ], [ -71.2635406, 41.725597 ], [ -71.2623786, 41.7253795 ], [ -71.2607812, 41.7249448 ], [ -71.2593289, 41.723749 ], [ -71.2593289, 41.7228794 ], [ -71.2591838, 41.7217924 ], [ -71.2587479, 41.7211401 ], [ -71.2580221, 41.7207054 ], [ -71.2554079, 41.7207054 ], [ -71.2541007, 41.7205967 ], [ -71.2513417, 41.7188574 ], [ -71.2469849, 41.7161396 ], [ -71.2461136, 41.7150524 ], [ -71.2449516, 41.7130955 ], [ -71.2449516, 41.7109212 ], [ -71.2453875, 41.7071159 ], [ -71.2461136, 41.7054848 ], [ -71.2466946, 41.7042889 ], [ -71.2469849, 41.7030927 ], [ -71.2469849, 41.7020053 ], [ -71.2465491, 41.7014618 ], [ -71.2456778, 41.7011355 ], [ -71.244371, 41.7011355 ], [ -71.2413213, 41.7014618 ], [ -71.2382716, 41.7024403 ], [ -71.2347861, 41.7049413 ], [ -71.2327528, 41.7073333 ], [ -71.2313005, 41.7107037 ], [ -71.2299993, 41.714925 ], [ -71.2295862, 41.7162654 ], [ -71.2295579, 41.716357 ], [ -71.2297031, 41.7208142 ], [ -71.2294128, 41.7251622 ], [ -71.228977, 41.7264665 ], [ -71.2282509, 41.7271187 ], [ -71.2269441, 41.7273361 ], [ -71.2237492, 41.7273361 ], [ -71.2164879, 41.7250534 ], [ -71.213874, 41.7240752 ], [ -71.2125668, 41.7232056 ], [ -71.2119859, 41.7222272 ], [ -71.2119859, 41.7212489 ], [ -71.2125668, 41.7199445 ], [ -71.2135833, 41.7191835 ], [ -71.2161975, 41.7182051 ], [ -71.2177949, 41.7174441 ], [ -71.2191017, 41.7162484 ], [ -71.2198278, 41.7149438 ], [ -71.2195375, 41.7134217 ], [ -71.2167781, 41.7124432 ], [ -71.2147453, 41.7111386 ], [ -71.2121309, 41.709834 ], [ -71.2106787, 41.7101602 ], [ -71.2090813, 41.7114648 ], [ -71.2024477, 41.718433 ], [ -71.1998334, 41.7245203 ], [ -71.1967837, 41.7350632 ], [ -71.1963482, 41.7375628 ], [ -71.1953314, 41.7387581 ], [ -71.1946053, 41.7394102 ], [ -71.193153, 41.7391928 ], [ -71.1930078, 41.7378888 ], [ -71.1944601, 41.73202 ], [ -71.1957673, 41.7257159 ], [ -71.1963482, 41.7232159 ], [ -71.197655, 41.7212593 ], [ -71.1982359, 41.7197374 ], [ -71.1980908, 41.7174544 ], [ -71.1980908, 41.7128885 ], [ -71.1979457, 41.7115838 ], [ -71.1973647, 41.7108229 ], [ -71.1963482, 41.7107141 ], [ -71.194896, 41.7115838 ], [ -71.1927175, 41.7126711 ], [ -71.1902488, 41.7132147 ], [ -71.1879253, 41.7129973 ], [ -71.1857468, 41.7128885 ], [ -71.1809541, 41.7137582 ], [ -71.1765977, 41.715389 ], [ -71.1722409, 41.7183242 ], [ -71.1691911, 41.7206071 ], [ -71.1657056, 41.7234333 ], [ -71.1628014, 41.7261507 ], [ -71.1598969, 41.7279986 ], [ -71.1578637, 41.7308245 ], [ -71.1542329, 41.7356066 ], [ -71.1535067, 41.736476 ], [ -71.1519093, 41.7374541 ], [ -71.1495858, 41.7398449 ], [ -71.1476981, 41.7421271 ], [ -71.1431961, 41.7476688 ], [ -71.1418889, 41.7489728 ], [ -71.1404367, 41.7495161 ], [ -71.137968, 41.7497334 ], [ -71.1354992, 41.7495161 ], [ -71.132885, 41.7484295 ], [ -71.1321588, 41.7471256 ], [ -71.1325946, 41.7453871 ], [ -71.1343372, 41.7438657 ], [ -71.1400012, 41.7394102 ], [ -71.1443737, 41.7358406 ], [ -71.1447935, 41.7354978 ], [ -71.1465361, 41.7336504 ], [ -71.1476981, 41.7319114 ], [ -71.1487145, 41.7301724 ], [ -71.1506026, 41.7286507 ], [ -71.15554, 41.7261507 ], [ -71.1584446, 41.7239767 ], [ -71.1597518, 41.7226724 ], [ -71.1612036, 41.7200635 ], [ -71.1610585, 41.7176719 ], [ -71.1610585, 41.7151716 ], [ -71.1617846, 41.7129973 ], [ -71.1626559, 41.7106054 ], [ -71.1638179, 41.7089745 ], [ -71.1655604, 41.7079961 ], [ -71.1680291, 41.7070174 ], [ -71.1713696, 41.7059301 ], [ -71.1739835, 41.7045167 ], [ -71.1787762, 41.7010372 ], [ -71.1844397, 41.6967962 ], [ -71.1902865, 41.6913701 ], [ -71.1936265, 41.686476 ], [ -71.1982736, 41.6797323 ], [ -71.1987401, 41.6789957 ], [ -71.2017458, 41.6742497 ], [ -71.2036473, 41.6712473 ], [ -71.2080038, 41.6618907 ], [ -71.2104725, 41.6552533 ], [ -71.2126509, 41.6477445 ], [ -71.2141032, 41.6450237 ], [ -71.2143813, 41.6428225 ], [ -71.2145648, 41.6413702 ], [ -71.2151458, 41.6360368 ], [ -71.2157268, 41.6325536 ], [ -71.2161626, 41.6311384 ], [ -71.216017, 41.6287435 ], [ -71.216017, 41.626022 ], [ -71.2148555, 41.6244978 ], [ -71.2135483, 41.6227559 ], [ -71.2131129, 41.6213404 ], [ -71.2134032, 41.6198162 ], [ -71.2145648, 41.6170943 ], [ -71.2147103, 41.6156787 ], [ -71.2141294, 41.6128477 ], [ -71.2139926, 41.6083986 ], [ -71.2125402, 41.6051316 ], [ -71.2106521, 41.6032804 ], [ -71.2086193, 41.6005576 ], [ -71.2077475, 41.5991418 ], [ -71.2076025, 41.5979437 ], [ -71.2077475, 41.5967457 ], [ -71.2086193, 41.5957654 ], [ -71.210507, 41.5945674 ], [ -71.2125402, 41.5930424 ], [ -71.2141377, 41.5909728 ], [ -71.2151541, 41.5883586 ], [ -71.215009, 41.5854174 ], [ -71.2138975, 41.5833334 ], [ -71.2124339, 41.5828256 ], [ -71.2106071, 41.5818079 ], [ -71.2095333, 41.5790706 ], [ -71.2095333, 41.5767899 ], [ -71.2090991, 41.5745092 ], [ -71.2083753, 41.5715767 ], [ -71.2088095, 41.56897 ], [ -71.2093886, 41.5657114 ], [ -71.2095333, 41.5624527 ], [ -71.2095333, 41.5590851 ], [ -71.2098229, 41.5574556 ], [ -71.2106915, 41.5563692 ], [ -71.2124286, 41.555826 ], [ -71.2141657, 41.5562606 ], [ -71.2159029, 41.5578902 ], [ -71.2166267, 41.5587592 ], [ -71.217061, 41.5595196 ], [ -71.2177848, 41.5602801 ], [ -71.2182191, 41.5607146 ], [ -71.2192324, 41.5608232 ], [ -71.2199562, 41.5608232 ], [ -71.2202458, 41.5593024 ], [ -71.2202458, 41.5581074 ], [ -71.2187982, 41.5565864 ], [ -71.2173505, 41.5556087 ], [ -71.2164819, 41.5550656 ], [ -71.2159029, 41.5547396 ], [ -71.2160477, 41.5538705 ], [ -71.2173505, 41.5519149 ], [ -71.2177848, 41.550937 ], [ -71.2177848, 41.5499592 ], [ -71.2174954, 41.548764 ], [ -71.2169163, 41.547243 ], [ -71.2166267, 41.5458305 ], [ -71.2157581, 41.5450698 ], [ -71.2102572, 41.5433313 ], [ -71.2069276, 41.54181 ], [ -71.2060591, 41.5402888 ], [ -71.2067747, 41.5372942 ], [ -71.2092356, 41.5340341 ], [ -71.2096699, 41.530339 ], [ -71.2095252, 41.5263176 ], [ -71.2086566, 41.5246873 ], [ -71.2076433, 41.5236003 ], [ -71.2069195, 41.5228395 ], [ -71.2066299, 41.5214265 ], [ -71.2066299, 41.5199046 ], [ -71.2064851, 41.5183828 ], [ -71.2061956, 41.5168609 ], [ -71.205327, 41.5158826 ], [ -71.2037346, 41.5153391 ], [ -71.2033004, 41.5145781 ], [ -71.2023585, 41.5123287 ], [ -71.2063083, 41.5000901 ], [ -71.2012629, 41.4979081 ], [ -71.1992021, 41.4955896 ], [ -71.1994258, 41.4939438 ], [ -71.1980711, 41.4899007 ], [ -71.1957886, 41.4899411 ], [ -71.1949353, 41.4875942 ], [ -71.1908546, 41.4856095 ], [ -71.1898989, 41.4829575 ], [ -71.190915, 41.4819944 ], [ -71.1893454, 41.4786223 ], [ -71.1900324, 41.4775303 ], [ -71.1916444, 41.474968 ], [ -71.1915198, 41.4728329 ], [ -71.1920355, 41.4710942 ], [ -71.1934873, 41.4685946 ], [ -71.1931339, 41.4665871 ], [ -71.1919491, 41.4644886 ], [ -71.1949275, 41.4637252 ], [ -71.1963996, 41.4650451 ], [ -71.1965789, 41.4620972 ], [ -71.1948041, 41.4561156 ], [ -71.1934165, 41.4567403 ], [ -71.1908334, 41.4552674 ], [ -71.1916873, 41.4582076 ], [ -71.1898079, 41.4586912 ], [ -71.1873539, 41.4580492 ], [ -71.1879762, 41.4588197 ], [ -71.1868969, 41.4599833 ], [ -71.185315, 41.4606974 ], [ -71.1823634, 41.4603786 ], [ -71.1807299, 41.459427 ], [ -71.1784941, 41.4610369 ], [ -71.1771126, 41.4591683 ], [ -71.1740977, 41.4605028 ], [ -71.1740012, 41.4616807 ], [ -71.1728968, 41.4605203 ], [ -71.1708937, 41.4606839 ], [ -71.1710311, 41.4583541 ], [ -71.1686938, 41.4614129 ], [ -71.1699529, 41.4641677 ], [ -71.1687405, 41.4679335 ], [ -71.1698357, 41.4694439 ], [ -71.1666106, 41.4717602 ], [ -71.1645206, 41.4719185 ], [ -71.1641927, 41.4702232 ], [ -71.1610124, 41.4700149 ], [ -71.1620877, 41.4738937 ], [ -71.1587694, 41.4761468 ], [ -71.1539322, 41.4768328 ], [ -71.1510813, 41.4762476 ], [ -71.1459382, 41.4778239 ], [ -71.146462, 41.4806826 ], [ -71.1447163, 41.4817502 ], [ -71.1428289, 41.4811081 ], [ -71.1400155, 41.4819552 ], [ -71.1383007, 41.4844699 ], [ -71.1399168, 41.4853499 ], [ -71.1408184, 41.4869074 ], [ -71.1412809, 41.4897056 ], [ -71.1399494, 41.4915235 ], [ -71.1384637, 41.4930285 ], [ -71.1299815, 41.4962482 ], [ -71.1204858, 41.4971503 ], [ -71.1189428, 41.4972969 ], [ -71.1158422, 41.4968578 ], [ -71.1133002, 41.5005224 ], [ -71.1097973, 41.4998369 ], [ -71.1081142, 41.5018054 ], [ -71.105501, 41.5004608 ], [ -71.1034581, 41.504037 ], [ -71.1004392, 41.504464 ], [ -71.0986241, 41.5034051 ], [ -71.0931566, 41.5042994 ], [ -71.0906267, 41.504899 ], [ -71.0851041, 41.5061756 ], [ -71.0877072, 41.5073628 ], [ -71.0910418, 41.5072005 ], [ -71.0904333, 41.5080353 ], [ -71.0913946, 41.5080232 ], [ -71.0919403, 41.5080606 ], [ -71.0924682, 41.5081615 ], [ -71.0933349, 41.508387 ], [ -71.094191, 41.5086319 ], [ -71.0950126, 41.5089551 ], [ -71.0954028, 41.5091646 ], [ -71.0957753, 41.509416 ], [ -71.0962315, 41.5098407 ], [ -71.0965558, 41.5102936 ], [ -71.0967155, 41.5106033 ], [ -71.0968015, 41.5107701 ], [ -71.0970218, 41.5112654 ], [ -71.0972446, 41.5117559 ], [ -71.0974348, 41.5122556 ], [ -71.0975211, 41.5127493 ], [ -71.0974323, 41.5132216 ], [ -71.0972387, 41.5135733 ], [ -71.0969957, 41.513917 ], [ -71.0967391, 41.5142604 ], [ -71.0965045, 41.5146114 ], [ -71.0961889, 41.51513 ], [ -71.0952234, 41.5167093 ], [ -71.0946961, 41.5177642 ], [ -71.094507, 41.5182871 ], [ -71.0944368, 41.5185466 ], [ -71.0943851, 41.5188046 ], [ -71.0945949, 41.5195988 ], [ -71.0952655, 41.5203685 ], [ -71.0960603, 41.5211359 ], [ -71.0963991, 41.5215257 ], [ -71.0966427, 41.5219233 ], [ -71.0968693, 41.5226143 ], [ -71.0970303, 41.5233425 ], [ -71.0972394, 41.5240628 ], [ -71.0976103, 41.52473 ], [ -71.0999601, 41.5275365 ], [ -71.1011323, 41.5289529 ], [ -71.1017483, 41.52958 ], [ -71.1021535, 41.5299282 ], [ -71.102544, 41.5302189 ], [ -71.1034578, 41.5307842 ], [ -71.1045435, 41.5312237 ], [ -71.1053192, 41.5317149 ], [ -71.1062506, 41.5323893 ], [ -71.1071236, 41.5330343 ], [ -71.1075918, 41.533373 ], [ -71.108024, 41.5337367 ], [ -71.1088202, 41.5345115 ], [ -71.109592, 41.5353041 ], [ -71.1104191, 41.5360595 ], [ -71.1110037, 41.5365464 ], [ -71.1115898, 41.5370339 ], [ -71.1128398, 41.5379446 ], [ -71.1135107, 41.5402491 ], [ -71.1137114, 41.5437271 ], [ -71.1135569, 41.5457865 ], [ -71.1131871, 41.5461732 ], [ -71.1129571, 41.5462596 ], [ -71.1127177, 41.5462614 ], [ -71.1095131, 41.5454696 ], [ -71.1082996, 41.5442695 ], [ -71.1067331, 41.5429879 ], [ -71.104457, 41.5408171 ], [ -71.1008774, 41.5367372 ], [ -71.0964242, 41.5328344 ], [ -71.0951885, 41.5325185 ], [ -71.0913898, 41.534414 ], [ -71.0896439, 41.5331737 ], [ -71.0891495, 41.5307064 ], [ -71.0882318, 41.5270408 ], [ -71.088055, 41.526297 ], [ -71.0866559, 41.5239889 ], [ -71.084899, 41.5218615 ], [ -71.082063, 41.5210434 ], [ -71.0796106, 41.5208593 ], [ -71.0776698, 41.5206104 ], [ -71.0761607, 41.519759 ], [ -71.0752641, 41.5182155 ], [ -71.0715541, 41.5155733 ], [ -71.0698916, 41.5164803 ], [ -71.0680863, 41.5184831 ], [ -71.0665442, 41.5209527 ], [ -71.0652209, 41.5226991 ], [ -71.0635611, 41.5250418 ], [ -71.0636311, 41.5274492 ], [ -71.0640223, 41.5309677 ], [ -71.064018, 41.5329669 ], [ -71.0620623, 41.5352703 ], [ -71.0611109, 41.5367416 ], [ -71.0617168, 41.5396215 ], [ -71.0618027, 41.540995 ], [ -71.0631382, 41.5452174 ], [ -71.0660048, 41.5498682 ], [ -71.0682983, 41.5546068 ], [ -71.0692839, 41.5572855 ], [ -71.0720786, 41.5598255 ], [ -71.0735395, 41.5614281 ], [ -71.0737897, 41.5634915 ], [ -71.0740143, 41.5648749 ], [ -71.0726464, 41.5698895 ], [ -71.0727115, 41.5741828 ], [ -71.0736883, 41.5783399 ], [ -71.0727571, 41.5810902 ], [ -71.070887, 41.58295 ], [ -71.0705362, 41.5833334 ], [ -71.0713397, 41.5840884 ], [ -71.0717084, 41.5852353 ], [ -71.0718138, 41.5869357 ], [ -71.0721298, 41.5887944 ], [ -71.0716031, 41.5897434 ], [ -71.0707603, 41.590297 ], [ -71.068548, 41.5922742 ], [ -71.068548, 41.5943303 ], [ -71.068232, 41.5955956 ], [ -71.0679159, 41.595991 ], [ -71.0664411, 41.5969004 ], [ -71.0651769, 41.5967818 ], [ -71.0650189, 41.5958724 ], [ -71.0650716, 41.5931441 ], [ -71.0655983, 41.5914042 ], [ -71.0665464, 41.5899411 ], [ -71.0681793, 41.5890316 ], [ -71.0691801, 41.5885175 ], [ -71.0694435, 41.5881221 ], [ -71.0692854, 41.587608 ], [ -71.0688641, 41.5872126 ], [ -71.0682847, 41.5860657 ], [ -71.0684427, 41.5843257 ], [ -71.0680678, 41.5833334 ], [ -71.0689128, 41.5805108 ], [ -71.069243, 41.579957 ], [ -71.0697149, 41.5794523 ], [ -71.0702127, 41.5789501 ], [ -71.0706202, 41.5784035 ], [ -71.0711098, 41.5769187 ], [ -71.071086, 41.5759078 ], [ -71.0709475, 41.5748961 ], [ -71.0708, 41.5738848 ], [ -71.0707487, 41.5728752 ], [ -71.0708183, 41.5721786 ], [ -71.0709452, 41.5714823 ], [ -71.0710732, 41.5707863 ], [ -71.0711461, 41.5700907 ], [ -71.0710928, 41.5696394 ], [ -71.0709515, 41.5691895 ], [ -71.0708021, 41.5687423 ], [ -71.0707244, 41.5682991 ], [ -71.0709076, 41.5675871 ], [ -71.0713282, 41.5668787 ], [ -71.071718, 41.566172 ], [ -71.0718085, 41.5654653 ], [ -71.0715965, 41.5648101 ], [ -71.0713451, 41.5641583 ], [ -71.0707487, 41.5628682 ], [ -71.0701892, 41.5618152 ], [ -71.0698483, 41.5613097 ], [ -71.0693965, 41.5608075 ], [ -71.0673974, 41.559446 ], [ -71.0662855, 41.5589989 ], [ -71.065726, 41.5588354 ], [ -71.0651737, 41.5587125 ], [ -71.0645618, 41.5587532 ], [ -71.0642539, 41.5588817 ], [ -71.0639786, 41.5590816 ], [ -71.0636925, 41.5593994 ], [ -71.0633313, 41.5603754 ], [ -71.0633947, 41.5610265 ], [ -71.063599, 41.5616605 ], [ -71.0636362, 41.561752 ], [ -71.0642443, 41.5633477 ], [ -71.0640952, 41.5635763 ], [ -71.0639203, 41.5636676 ], [ -71.0637428, 41.5637458 ], [ -71.0627866, 41.5636686 ], [ -71.0620746, 41.5627639 ], [ -71.0613214, 41.561854 ], [ -71.0609782, 41.5614983 ], [ -71.0606836, 41.5611622 ], [ -71.060404, 41.5608186 ], [ -71.0601232, 41.5604747 ], [ -71.0598252, 41.5601381 ], [ -71.0591741, 41.5596225 ], [ -71.0583872, 41.5591914 ], [ -71.0576184, 41.5587503 ], [ -71.0570214, 41.5582044 ], [ -71.0564852, 41.5572851 ], [ -71.0560892, 41.5563216 ], [ -71.0557152, 41.5553528 ], [ -71.055245, 41.5544174 ], [ -71.0547971, 41.5537378 ], [ -71.0543216, 41.5530663 ], [ -71.0538499, 41.55239 ], [ -71.0534139, 41.5516961 ], [ -71.0521271, 41.5492876 ], [ -71.0516703, 41.5480466 ], [ -71.0514261, 41.5467777 ], [ -71.0513807, 41.5452612 ], [ -71.0510863, 41.5408653 ], [ -71.0508628, 41.5395234 ], [ -71.0504931, 41.5381975 ], [ -71.050037, 41.5368827 ], [ -71.0495544, 41.5355745 ], [ -71.0490629, 41.5345149 ], [ -71.0484452, 41.5334866 ], [ -71.0478035, 41.5324688 ], [ -71.0472403, 41.5314413 ], [ -71.0469387, 41.5304864 ], [ -71.0469787, 41.5300006 ], [ -71.0470781, 41.5297708 ], [ -71.0472629, 41.5294893 ], [ -71.0473, 41.5294128 ], [ -71.0475555, 41.5276924 ], [ -71.04732, 41.5244884 ], [ -71.0471916, 41.523292 ], [ -71.0482993, 41.5233017 ], [ -71.0491065, 41.5244208 ], [ -71.0492448, 41.5264754 ], [ -71.0502184, 41.5270387 ], [ -71.0519124, 41.5273412 ], [ -71.0527743, 41.5273469 ], [ -71.0528229, 41.5273252 ], [ -71.0529536, 41.5271929 ], [ -71.0531468, 41.5267758 ], [ -71.0531482, 41.5263585 ], [ -71.0528898, 41.5255501 ], [ -71.0523144, 41.5246853 ], [ -71.0516632, 41.5238744 ], [ -71.0510154, 41.5230754 ], [ -71.0504499, 41.5222465 ], [ -71.0500173, 41.5213473 ], [ -71.0496761, 41.5204181 ], [ -71.0493356, 41.5194829 ], [ -71.0489049, 41.5185657 ], [ -71.0480027, 41.5175885 ], [ -71.0475147, 41.517354 ], [ -71.0470063, 41.5171622 ], [ -71.0459525, 41.5168591 ], [ -71.0448892, 41.5165845 ], [ -71.0438646, 41.5162438 ], [ -71.043093, 41.5159589 ], [ -71.0423101, 41.5156746 ], [ -71.0410095, 41.5148887 ], [ -71.036976, 41.5104873 ], [ -71.0358055, 41.5092013 ], [ -71.0354072, 41.5089003 ], [ -71.0349157, 41.5086708 ], [ -71.0344031, 41.5084495 ], [ -71.0339417, 41.5081731 ], [ -71.0330368, 41.5070803 ], [ -71.0329237, 41.5066651 ], [ -71.0329387, 41.5062251 ], [ -71.0329714, 41.5057886 ], [ -71.0329115, 41.5053837 ], [ -71.0325726, 41.5049787 ], [ -71.0315022, 41.5042693 ], [ -71.031203, 41.5038917 ], [ -71.0312426, 41.5034977 ], [ -71.0315453, 41.5030908 ], [ -71.0325105, 41.502489 ], [ -71.0334388, 41.5023969 ], [ -71.0337661, 41.5026342 ], [ -71.0340587, 41.5029723 ], [ -71.0343669, 41.5033251 ], [ -71.0347408, 41.5036066 ], [ -71.0360677, 41.5042665 ], [ -71.0375578, 41.5049425 ], [ -71.038113, 41.5054424 ], [ -71.0382898, 41.5057493 ], [ -71.0384227, 41.5060672 ], [ -71.03856, 41.5068238 ], [ -71.0385413, 41.5075965 ], [ -71.0385406, 41.508362 ], [ -71.0387317, 41.5090973 ], [ -71.0389444, 41.5094911 ], [ -71.0399016, 41.5109935 ], [ -71.0409837, 41.5123618 ], [ -71.0412236, 41.5127382 ], [ -71.0414379, 41.5131316 ], [ -71.0418738, 41.5136443 ], [ -71.0420867, 41.5137695 ], [ -71.0427616, 41.5140517 ], [ -71.043452, 41.5142969 ], [ -71.0448421, 41.5147652 ], [ -71.047058, 41.5155688 ], [ -71.0492741, 41.5163699 ], [ -71.0499924, 41.5163996 ], [ -71.0507212, 41.5161178 ], [ -71.0514573, 41.5157362 ], [ -71.0518272, 41.5155742 ], [ -71.0521978, 41.5154665 ], [ -71.0533868, 41.5152869 ], [ -71.0539939, 41.5152004 ], [ -71.0545933, 41.515091 ], [ -71.0550927, 41.5149168 ], [ -71.0551885, 41.5148293 ], [ -71.0553072, 41.5146638 ], [ -71.0562033, 41.5126274 ], [ -71.056344, 41.5114166 ], [ -71.0571789, 41.5107207 ], [ -71.0578728, 41.5108321 ], [ -71.0577945, 41.5135007 ], [ -71.0582827, 41.5141021 ], [ -71.0591906, 41.5141287 ], [ -71.060466, 41.512812 ], [ -71.061555, 41.5129758 ], [ -71.0627571, 41.5141574 ], [ -71.0642245, 41.5152015 ], [ -71.065254, 41.5157456 ], [ -71.0660165, 41.5158544 ], [ -71.0670889, 41.515737 ], [ -71.0688804, 41.5148332 ], [ -71.0697351, 41.5144381 ], [ -71.0730986, 41.5135717 ], [ -71.0765542, 41.5135717 ], [ -71.0791988, 41.51394 ], [ -71.0835575, 41.514958 ], [ -71.0847881, 41.5149289 ], [ -71.0868978, 41.5136607 ], [ -71.0890459, 41.5121141 ], [ -71.0896676, 41.5116632 ], [ -71.089877, 41.510805 ], [ -71.0895933, 41.5100714 ], [ -71.0883204, 41.5099353 ], [ -71.088041, 41.5099054 ], [ -71.0728627, 41.5086321 ], [ -71.0701786, 41.5082042 ], [ -71.0595312, 41.5063643 ], [ -71.0517948, 41.5038024 ], [ -71.04169, 41.497914 ], [ -71.0395245, 41.4952101 ], [ -71.0407224, 41.4903914 ], [ -71.0398009, 41.4863004 ], [ -71.0382805, 41.4814463 ], [ -71.0368061, 41.4817237 ], [ -71.0354239, 41.4823478 ], [ -71.0346406, 41.485295 ], [ -71.034871, 41.4881033 ], [ -71.0376815, 41.4925755 ], [ -71.0376354, 41.4948982 ], [ -71.0347327, 41.4995086 ], [ -71.0296018, 41.5019663 ], [ -71.0217224, 41.5047911 ], [ -71.0204429, 41.5071123 ], [ -71.0188106, 41.5092696 ], [ -71.0131971, 41.5105849 ], [ -71.0042744, 41.5118576 ], [ -71.0008834, 41.5119589 ], [ -70.9912316, 41.510356 ], [ -70.9847841, 41.5088816 ], [ -70.9823121, 41.5089588 ], [ -70.9810712, 41.5112798 ], [ -70.9813976, 41.5142187 ], [ -70.9829121, 41.5181777 ], [ -70.9829296, 41.5222809 ], [ -70.9800956, 41.5272057 ], [ -70.9792666, 41.5299678 ], [ -70.9793736, 41.5344423 ], [ -70.9797219, 41.5354222 ], [ -70.9812939, 41.5362039 ], [ -70.9837359, 41.5380747 ], [ -70.9853024, 41.5399453 ], [ -70.9860396, 41.5421277 ], [ -70.9880208, 41.5442061 ], [ -70.9899559, 41.54431 ], [ -70.9937922, 41.5443134 ], [ -70.9991028, 41.543307 ], [ -71.0026295, 41.5435949 ], [ -71.0036205, 41.5444552 ], [ -71.0043312, 41.5450721 ], [ -71.0044234, 41.5492286 ], [ -71.0031794, 41.5537659 ], [ -71.0027153, 41.5539275 ], [ -71.0019183, 41.5539827 ], [ -71.0014524, 41.5537801 ], [ -71.001106, 41.5534195 ], [ -71.0006913, 41.5508565 ], [ -71.0009217, 41.5482934 ], [ -70.9996145, 41.5469073 ], [ -70.9969307, 41.546138 ], [ -70.9925361, 41.5461805 ], [ -70.986915, 41.545661 ], [ -70.9840123, 41.5429245 ], [ -70.9814782, 41.5389407 ], [ -70.9802153, 41.5380246 ], [ -70.9774522, 41.53602 ], [ -70.9767695, 41.5352312 ], [ -70.9769281, 41.5324654 ], [ -70.9765906, 41.5315885 ], [ -70.9754239, 41.5308805 ], [ -70.9741351, 41.5305825 ], [ -70.9728015, 41.5307459 ], [ -70.9721036, 41.5311312 ], [ -70.9706472, 41.5329425 ], [ -70.9682756, 41.5326361 ], [ -70.9665635, 41.5317173 ], [ -70.9630432, 41.5302304 ], [ -70.9610381, 41.5289906 ], [ -70.9594519, 41.5271653 ], [ -70.9579444, 41.5239535 ], [ -70.9576115, 41.5179095 ], [ -70.956854, 41.5162787 ], [ -70.9552156, 41.5147212 ], [ -70.9544168, 41.5143537 ], [ -70.9532344, 41.5143747 ], [ -70.9525992, 41.5149126 ], [ -70.9521286, 41.5158302 ], [ -70.9527276, 41.5195035 ], [ -70.9543402, 41.5242507 ], [ -70.954248, 41.5271613 ], [ -70.9527737, 41.528374 ], [ -70.9482123, 41.5296906 ], [ -70.9469222, 41.5337442 ], [ -70.946185, 41.5373472 ], [ -70.9452732, 41.5385039 ], [ -70.9434205, 41.5392179 ], [ -70.9390434, 41.5402225 ], [ -70.9354035, 41.5400493 ], [ -70.9313489, 41.5386636 ], [ -70.9294192, 41.5385436 ], [ -70.9282158, 41.5389407 ], [ -70.9282213, 41.5400955 ], [ -70.9288148, 41.5410885 ], [ -70.9327772, 41.5463191 ], [ -70.9337586, 41.5480153 ], [ -70.9352621, 41.5504664 ], [ -70.9352583, 41.556333 ], [ -70.9360667, 41.558535 ], [ -70.9367655, 41.5637225 ], [ -70.9389052, 41.5661637 ], [ -70.94139, 41.5684761 ], [ -70.9442335, 41.5708306 ], [ -70.9461291, 41.5729081 ], [ -70.9472612, 41.5749657 ], [ -70.9483934, 41.578052 ], [ -70.9492622, 41.5804655 ], [ -70.9495497, 41.5833334 ], [ -70.9494682, 41.5839399 ], [ -70.9496923, 41.5845517 ], [ -70.9500046, 41.5850127 ], [ -70.9467335, 41.5870636 ], [ -70.9460344, 41.5856182 ], [ -70.9456964, 41.5846667 ], [ -70.9451272, 41.5833334 ], [ -70.9432033, 41.5812835 ], [ -70.940148, 41.5804274 ], [ -70.9386647, 41.5774519 ], [ -70.938099, 41.5772211 ], [ -70.9372828, 41.5773794 ], [ -70.9362968, 41.5787812 ], [ -70.9336231, 41.580426 ], [ -70.9328859, 41.5816921 ], [ -70.932362, 41.5824484 ], [ -70.931691, 41.5833334 ], [ -70.9311336, 41.5845039 ], [ -70.9302244, 41.587685 ], [ -70.9288588, 41.5911023 ], [ -70.9275583, 41.5926156 ], [ -70.926973, 41.5946658 ], [ -70.9277534, 41.5979363 ], [ -70.9291839, 41.6021828 ], [ -70.9302894, 41.6061849 ], [ -70.9305495, 41.6079419 ], [ -70.9301593, 41.6104309 ], [ -70.929314, 41.6122853 ], [ -70.9285337, 41.6132613 ], [ -70.9272982, 41.6138957 ], [ -70.9254774, 41.6141885 ], [ -70.9241769, 41.6142373 ], [ -70.922031, 41.6134077 ], [ -70.9200152, 41.6114557 ], [ -70.9183245, 41.6083812 ], [ -70.9166338, 41.6056969 ], [ -70.9150731, 41.603403 ], [ -70.9144229, 41.6012554 ], [ -70.9134475, 41.5987173 ], [ -70.9120169, 41.5957886 ], [ -70.9101961, 41.5941289 ], [ -70.9071399, 41.5931526 ], [ -70.9027831, 41.591981 ], [ -70.9011574, 41.5913952 ], [ -70.900117, 41.5917857 ], [ -70.8994017, 41.5924203 ], [ -70.8992717, 41.5931526 ], [ -70.900117, 41.5943241 ], [ -70.9022629, 41.5962279 ], [ -70.9027831, 41.5972529 ], [ -70.9021328, 41.5988149 ], [ -70.9014175, 41.6007673 ], [ -70.9019378, 41.6040375 ], [ -70.9035634, 41.6076491 ], [ -70.9044088, 41.6099917 ], [ -70.9054492, 41.6113581 ], [ -70.9080503, 41.6141885 ], [ -70.9116918, 41.6176044 ], [ -70.9139027, 41.619849 ] ], [ [ -71.0597906, 41.5160834 ], [ -71.0576871, 41.5156897 ], [ -71.0552195, 41.5162952 ], [ -71.0519938, 41.5172551 ], [ -71.0515117, 41.5198234 ], [ -71.0525071, 41.5220611 ], [ -71.0552446, 41.5225114 ], [ -71.0559029, 41.5222528 ], [ -71.0551381, 41.5209292 ], [ -71.0552413, 41.5195843 ], [ -71.0568922, 41.5194259 ], [ -71.059514, 41.5199205 ], [ -71.0594784, 41.521646 ], [ -71.0612208, 41.5223824 ], [ -71.0624371, 41.5225552 ], [ -71.0629898, 41.52046 ], [ -71.0639089, 41.5189153 ], [ -71.0640403, 41.5187116 ], [ -71.0642841, 41.5182603 ], [ -71.06434, 41.5178691 ], [ -71.062398, 41.517783 ], [ -71.0616547, 41.5176514 ], [ -71.0597906, 41.5160834 ] ], [ [ -71.0560588, 41.5274457 ], [ -71.0575633, 41.5251603 ], [ -71.0594439, 41.5244475 ], [ -71.0604971, 41.5249566 ], [ -71.0601898, 41.5256243 ], [ -71.0595492, 41.5270158 ], [ -71.0586675, 41.5283298 ], [ -71.0577476, 41.5293348 ], [ -71.0565704, 41.5291088 ], [ -71.055758, 41.5284866 ], [ -71.0560588, 41.5274457 ] ], [ [ -71.0553644, 41.5384029 ], [ -71.0548282, 41.5382602 ], [ -71.0538451, 41.5376055 ], [ -71.0533982, 41.5362289 ], [ -71.0543031, 41.5353392 ], [ -71.0559085, 41.5359526 ], [ -71.0570785, 41.5363918 ], [ -71.0573125, 41.5369187 ], [ -71.0572316, 41.537704 ], [ -71.0566619, 41.5382411 ], [ -71.0560698, 41.5385181 ], [ -71.0553644, 41.5384029 ] ], [ [ -71.053067, 41.5430765 ], [ -71.0549295, 41.5445757 ], [ -71.0559663, 41.5444622 ], [ -71.0566471, 41.5435354 ], [ -71.056963, 41.5427323 ], [ -71.0564515, 41.5403343 ], [ -71.0552686, 41.5396381 ], [ -71.0534496, 41.5402112 ], [ -71.0527242, 41.5416799 ], [ -71.053067, 41.5430765 ] ], [ [ -71.0806387, 41.5194715 ], [ -71.0798009, 41.5191189 ], [ -71.0792646, 41.5187746 ], [ -71.0775219, 41.5177587 ], [ -71.0765947, 41.5171794 ], [ -71.0766617, 41.5166756 ], [ -71.077075, 41.5163565 ], [ -71.077656, 41.5163313 ], [ -71.0783709, 41.516516 ], [ -71.0791418, 41.5167763 ], [ -71.0801025, 41.5172549 ], [ -71.0811973, 41.5176747 ], [ -71.0824373, 41.5181449 ], [ -71.0829959, 41.5186319 ], [ -71.0830406, 41.5191441 ], [ -71.0827166, 41.5195387 ], [ -71.0816777, 41.5198073 ], [ -71.0806387, 41.5194715 ] ], [ [ -71.086657, 41.519677 ], [ -71.0871616, 41.5188655 ], [ -71.0887968, 41.5184774 ], [ -71.089746, 41.5185243 ], [ -71.0902829, 41.5203488 ], [ -71.090664, 41.521264 ], [ -71.0916539, 41.52205 ], [ -71.0926096, 41.5222977 ], [ -71.0928737, 41.5228106 ], [ -71.0926408, 41.5232852 ], [ -71.0917802, 41.5234576 ], [ -71.0912406, 41.5233253 ], [ -71.0905951, 41.5229508 ], [ -71.0895879, 41.5222842 ], [ -71.0884959, 41.5208159 ], [ -71.086657, 41.519677 ] ], [ [ -71.095932, 41.5260148 ], [ -71.0952115, 41.5252418 ], [ -71.0948762, 41.5243867 ], [ -71.0946467, 41.524179 ], [ -71.0932391, 41.5240972 ], [ -71.0928328, 41.5247506 ], [ -71.0932579, 41.525205 ], [ -71.0939354, 41.5258784 ], [ -71.0944965, 41.5265323 ], [ -71.0951325, 41.5270528 ], [ -71.0959108, 41.5279126 ], [ -71.096905, 41.5287845 ], [ -71.0978928, 41.5291265 ], [ -71.098553, 41.529163 ], [ -71.098755, 41.5290635 ], [ -71.0987613, 41.5288169 ], [ -71.097445, 41.527089 ], [ -71.095932, 41.5260148 ] ], [ [ -71.100638, 41.5316992 ], [ -71.1002016, 41.5332772 ], [ -71.1021726, 41.5353306 ], [ -71.1037587, 41.5374104 ], [ -71.1051282, 41.5372885 ], [ -71.1059707, 41.536983 ], [ -71.1074, 41.5363722 ], [ -71.1078251, 41.5360529 ], [ -71.1080017, 41.5359642 ], [ -71.1078457, 41.53537 ], [ -71.1074618, 41.5352197 ], [ -71.1057129, 41.5357317 ], [ -71.1045264, 41.5354106 ], [ -71.1044926, 41.5343827 ], [ -71.1036378, 41.5328203 ], [ -71.1026064, 41.5320221 ], [ -71.100638, 41.5316992 ] ], [ [ -71.0357555, 41.4802874 ], [ -71.0355762, 41.4799427 ], [ -71.0356624, 41.4794671 ], [ -71.0359376, 41.4791305 ], [ -71.0362923, 41.4789758 ], [ -71.0367804, 41.4789234 ], [ -71.0371989, 41.4789758 ], [ -71.0372686, 41.4793951 ], [ -71.0372686, 41.4802334 ], [ -71.0371291, 41.4803906 ], [ -71.0365712, 41.4804954 ], [ -71.0357555, 41.4802874 ] ], [ [ -70.8405554, 41.4534474 ], [ -70.8380203, 41.4559686 ], [ -70.8336169, 41.4575996 ], [ -70.8325543, 41.4578528 ], [ -70.8304381, 41.4575318 ], [ -70.8292581, 41.4571178 ], [ -70.8277897, 41.4567078 ], [ -70.8268179, 41.4566234 ], [ -70.8256591, 41.4564827 ], [ -70.8242708, 41.4564064 ], [ -70.8233995, 41.4565072 ], [ -70.8224921, 41.4569134 ], [ -70.821839, 41.4573934 ], [ -70.8210989, 41.4581301 ], [ -70.8208074, 41.4583139 ], [ -70.8200445, 41.4582925 ], [ -70.8193141, 41.4580372 ], [ -70.8177462, 41.4572543 ], [ -70.8169623, 41.4562085 ], [ -70.8163026, 41.4556456 ], [ -70.8145996, 41.4550488 ], [ -70.8132515, 41.4541367 ], [ -70.8115329, 41.4532066 ], [ -70.8112596, 41.4528151 ], [ -70.8108985, 41.4520485 ], [ -70.8101383, 41.4508217 ], [ -70.8094244, 41.4503204 ], [ -70.8082826, 41.4500934 ], [ -70.8079275, 41.4497769 ], [ -70.808021, 41.4492141 ], [ -70.8087035, 41.4480277 ], [ -70.8090302, 41.4474695 ], [ -70.8090861, 41.4468007 ], [ -70.8084026, 41.4452599 ], [ -70.8088526, 41.4442123 ], [ -70.811306, 41.4439082 ], [ -70.8124146, 41.4447213 ], [ -70.8135715, 41.4454786 ], [ -70.815741, 41.4459875 ], [ -70.8206672, 41.4453603 ], [ -70.8221249, 41.445306 ], [ -70.8237148, 41.4449904 ], [ -70.8299641, 41.4418606 ], [ -70.8327446, 41.44176 ], [ -70.8358455, 41.4422347 ], [ -70.8366626, 41.4426363 ], [ -70.8387565, 41.4453715 ], [ -70.8399169, 41.4466337 ], [ -70.8411875, 41.4480798 ], [ -70.8415986, 41.4498927 ], [ -70.8405554, 41.4534474 ] ], [ [ -70.8563114, 41.4499032 ], [ -70.85534, 41.4490911 ], [ -70.8554672, 41.4482443 ], [ -70.8554412, 41.447857 ], [ -70.8549525, 41.4465539 ], [ -70.8549796, 41.4450554 ], [ -70.8554389, 41.4435441 ], [ -70.8557987, 41.4416112 ], [ -70.8553572, 41.4398259 ], [ -70.8530716, 41.4377892 ], [ -70.8494194, 41.4360158 ], [ -70.8489267, 41.4349219 ], [ -70.8486479, 41.4331534 ], [ -70.8494745, 41.4318595 ], [ -70.8522453, 41.4294217 ], [ -70.8571664, 41.4262911 ], [ -70.8615437, 41.4245429 ], [ -70.8653575, 41.4232232 ], [ -70.86712, 41.4227173 ], [ -70.8673722, 41.4226458 ], [ -70.8690675, 41.422371 ], [ -70.870383, 41.4222146 ], [ -70.8732704, 41.4220808 ], [ -70.8755878, 41.4219823 ], [ -70.8805707, 41.4214844 ], [ -70.8841181, 41.4215329 ], [ -70.8868422, 41.4221985 ], [ -70.8893189, 41.4224497 ], [ -70.8938556, 41.422119 ], [ -70.8970533, 41.4218511 ], [ -70.9020061, 41.4215127 ], [ -70.9027395, 41.4216904 ], [ -70.9039036, 41.4229908 ], [ -70.9049143, 41.4239433 ], [ -70.9057881, 41.4246746 ], [ -70.906205, 41.4255465 ], [ -70.9057483, 41.4264304 ], [ -70.9049715, 41.4276905 ], [ -70.9037997, 41.4304079 ], [ -70.9020294, 41.4329403 ], [ -70.9015025, 41.433694 ], [ -70.9009383, 41.4342258 ], [ -70.9002631, 41.4343588 ], [ -70.8997677, 41.4342481 ], [ -70.8986448, 41.433676 ], [ -70.896321, 41.433076 ], [ -70.894039, 41.4330191 ], [ -70.887647, 41.433335 ], [ -70.8840255, 41.4328545 ], [ -70.8804249, 41.4342609 ], [ -70.879901, 41.4352767 ], [ -70.8804997, 41.4373691 ], [ -70.8802661, 41.4377842 ], [ -70.8796867, 41.4380727 ], [ -70.8784626, 41.4383119 ], [ -70.8756359, 41.4385159 ], [ -70.8737764, 41.4388536 ], [ -70.8712908, 41.4404929 ], [ -70.8676558, 41.4423573 ], [ -70.8661514, 41.4426669 ], [ -70.8642171, 41.4429131 ], [ -70.8625538, 41.4435463 ], [ -70.8615103, 41.4443332 ], [ -70.8610197, 41.4458264 ], [ -70.8606626, 41.4464597 ], [ -70.8590454, 41.4476657 ], [ -70.8574442, 41.4495585 ], [ -70.8570975, 41.4498014 ], [ -70.8563114, 41.4499032 ] ], [ [ -70.9508909, 41.4122518 ], [ -70.9508749, 41.4125776 ], [ -70.9505239, 41.4132658 ], [ -70.9501968, 41.4139531 ], [ -70.9497109, 41.415216 ], [ -70.9491876, 41.4156785 ], [ -70.9486964, 41.4157428 ], [ -70.9478794, 41.4155256 ], [ -70.9468221, 41.4153487 ], [ -70.9452363, 41.4153487 ], [ -70.943928, 41.4154533 ], [ -70.9431378, 41.4158233 ], [ -70.9425504, 41.4166477 ], [ -70.9418576, 41.4186003 ], [ -70.9414184, 41.4202964 ], [ -70.9412315, 41.4215421 ], [ -70.9408297, 41.422661 ], [ -70.9392972, 41.4236955 ], [ -70.9380357, 41.4247652 ], [ -70.9372188, 41.4251372 ], [ -70.9365994, 41.4251774 ], [ -70.9349601, 41.4252377 ], [ -70.9333527, 41.425335 ], [ -70.9325024, 41.4256517 ], [ -70.9319791, 41.4261513 ], [ -70.9315773, 41.4269113 ], [ -70.9311848, 41.4279176 ], [ -70.9307791, 41.4290216 ], [ -70.9302612, 41.4298097 ], [ -70.9298336, 41.4301497 ], [ -70.9293561, 41.4305294 ], [ -70.9281881, 41.431592 ], [ -70.9272156, 41.4317665 ], [ -70.9259044, 41.4315403 ], [ -70.9253474, 41.4314442 ], [ -70.923656, 41.4307405 ], [ -70.922458, 41.4298758 ], [ -70.9214932, 41.4287836 ], [ -70.9208164, 41.4277542 ], [ -70.9201211, 41.4265391 ], [ -70.9200276, 41.4257157 ], [ -70.9208407, 41.4254411 ], [ -70.9216722, 41.4257087 ], [ -70.9225432, 41.4274453 ], [ -70.9231486, 41.4283687 ], [ -70.9244928, 41.4285514 ], [ -70.9259162, 41.4277558 ], [ -70.929216, 41.4270234 ], [ -70.9302158, 41.4258059 ], [ -70.9302345, 41.424673 ], [ -70.9281974, 41.424307 ], [ -70.9274966, 41.4238087 ], [ -70.9274499, 41.4231331 ], [ -70.9270387, 41.4225068 ], [ -70.9262258, 41.4223027 ], [ -70.9251987, 41.4225893 ], [ -70.9244877, 41.4233231 ], [ -70.9236374, 41.4240268 ], [ -70.9223198, 41.4242731 ], [ -70.9191988, 41.4242943 ], [ -70.91791, 41.4244119 ], [ -70.9152672, 41.4242854 ], [ -70.9134263, 41.4237717 ], [ -70.9116929, 41.4234023 ], [ -70.9095748, 41.42349 ], [ -70.9086936, 41.4233169 ], [ -70.9084994, 41.4223801 ], [ -70.9089191, 41.4218896 ], [ -70.910985, 41.4216975 ], [ -70.9124249, 41.4218485 ], [ -70.914286, 41.422505 ], [ -70.9158746, 41.4229483 ], [ -70.9179116, 41.423068 ], [ -70.9208645, 41.4229202 ], [ -70.9226773, 41.4225542 ], [ -70.9241147, 41.4217448 ], [ -70.9265089, 41.4194646 ], [ -70.9277622, 41.4172039 ], [ -70.9282567, 41.4165149 ], [ -70.9286381, 41.4161311 ], [ -70.9293909, 41.4153884 ], [ -70.9339186, 41.4133181 ], [ -70.9376136, 41.411986 ], [ -70.9414077, 41.4111256 ], [ -70.9445167, 41.4106243 ], [ -70.9465098, 41.4100205 ], [ -70.9484133, 41.4097902 ], [ -70.9492196, 41.4098425 ], [ -70.9499939, 41.410651 ], [ -70.9505866, 41.4116284 ], [ -70.9508909, 41.4122518 ] ], [ [ -70.9211794, 41.4485214 ], [ -70.9210027, 41.4500084 ], [ -70.9205209, 41.4510022 ], [ -70.9198106, 41.4511488 ], [ -70.9186574, 41.4511187 ], [ -70.9178026, 41.4501549 ], [ -70.9170822, 41.4501902 ], [ -70.9158316, 41.4506393 ], [ -70.915051, 41.4510143 ], [ -70.9149826, 41.4515396 ], [ -70.91517, 41.4520072 ], [ -70.9153573, 41.4523916 ], [ -70.9155375, 41.4524883 ], [ -70.9159108, 41.4524364 ], [ -70.9173398, 41.4522278 ], [ -70.918066, 41.452256 ], [ -70.9193849, 41.4527584 ], [ -70.9200549, 41.4532699 ], [ -70.9207768, 41.4546384 ], [ -70.9220553, 41.4547027 ], [ -70.9234903, 41.4542116 ], [ -70.9251487, 41.4523743 ], [ -70.9254757, 41.4519899 ], [ -70.9258844, 41.4513595 ], [ -70.9258865, 41.4502787 ], [ -70.9252915, 41.4490419 ], [ -70.9236264, 41.4475921 ], [ -70.9223419, 41.445996 ], [ -70.9215625, 41.4459678 ], [ -70.9211073, 41.4462075 ], [ -70.9210859, 41.4470925 ], [ -70.9211794, 41.4485214 ] ], [ [ -71.303304, 41.4644404 ], [ -71.3007601, 41.4672564 ], [ -71.2977814, 41.4669278 ], [ -71.2963031, 41.4689048 ], [ -71.2971525, 41.4713283 ], [ -71.2975392, 41.4726807 ], [ -71.2979496, 41.4743918 ], [ -71.2969971, 41.47593 ], [ -71.2968664, 41.4783493 ], [ -71.2967234, 41.4817295 ], [ -71.2972159, 41.4850507 ], [ -71.2916995, 41.4874462 ], [ -71.2859209, 41.488705 ], [ -71.2824385, 41.4882746 ], [ -71.2795157, 41.4836984 ], [ -71.277711, 41.4807821 ], [ -71.2753055, 41.4795005 ], [ -71.2718583, 41.4823452 ], [ -71.2704114, 41.4818453 ], [ -71.2696887, 41.4842338 ], [ -71.2681441, 41.4845927 ], [ -71.2675352, 41.4887192 ], [ -71.2657905, 41.4891486 ], [ -71.254007, 41.4864378 ], [ -71.2477088, 41.4829902 ], [ -71.2453179, 41.4804359 ], [ -71.246555, 41.4777484 ], [ -71.2478249, 41.4739109 ], [ -71.2477863, 41.4718986 ], [ -71.2439882, 41.4749831 ], [ -71.2407923, 41.4752481 ], [ -71.2396071, 41.4799924 ], [ -71.2377525, 41.4798611 ], [ -71.2375989, 41.4822264 ], [ -71.2373544, 41.4859918 ], [ -71.2442282, 41.4858294 ], [ -71.2470264, 41.4880659 ], [ -71.2477286, 41.4908071 ], [ -71.2466219, 41.494198 ], [ -71.2417042, 41.4991145 ], [ -71.2397375, 41.5043207 ], [ -71.2366251, 41.5095441 ], [ -71.2347254, 41.5138024 ], [ -71.2330198, 41.5136762 ], [ -71.2329562, 41.5162858 ], [ -71.2329853, 41.5162982 ], [ -71.2348802, 41.5171051 ], [ -71.2355215, 41.5177071 ], [ -71.235059, 41.5185753 ], [ -71.2339027, 41.5197908 ], [ -71.2329777, 41.52118 ], [ -71.2329777, 41.5222218 ], [ -71.2332089, 41.5229164 ], [ -71.2329777, 41.5243055 ], [ -71.2334401, 41.52691 ], [ -71.2357527, 41.5293407 ], [ -71.238759, 41.5310769 ], [ -71.239684, 41.5338546 ], [ -71.239684, 41.5361116 ], [ -71.2389903, 41.5376739 ], [ -71.2385155, 41.5386244 ], [ -71.2382965, 41.5390627 ], [ -71.2382965, 41.5407986 ], [ -71.2394528, 41.5442703 ], [ -71.2385277, 41.5472211 ], [ -71.2376028, 41.5489568 ], [ -71.2382965, 41.5503454 ], [ -71.2410727, 41.5549449 ], [ -71.2413881, 41.5560101 ], [ -71.2419978, 41.5580688 ], [ -71.2394539, 41.5665718 ], [ -71.2385289, 41.5714302 ], [ -71.2389915, 41.5731653 ], [ -71.2410727, 41.5754208 ], [ -71.241304, 41.5776762 ], [ -71.2419978, 41.5795845 ], [ -71.2436253, 41.5833334 ], [ -71.244896, 41.5843898 ], [ -71.2457626, 41.5859118 ], [ -71.246087, 41.5886855 ], [ -71.2462322, 41.5940226 ], [ -71.2469583, 41.5973992 ], [ -71.2473938, 41.5992507 ], [ -71.2473938, 41.6009932 ], [ -71.2459419, 41.6028447 ], [ -71.2449251, 41.605785 ], [ -71.2449251, 41.609052 ], [ -71.2436179, 41.6171097 ], [ -71.2424607, 41.621103 ], [ -71.241154, 41.6225185 ], [ -71.2389756, 41.6234983 ], [ -71.2359258, 41.6239337 ], [ -71.2325855, 41.6242604 ], [ -71.2298264, 41.6248047 ], [ -71.2261957, 41.6254579 ], [ -71.2238721, 41.6261111 ], [ -71.2216938, 41.627091 ], [ -71.2209676, 41.6285061 ], [ -71.2208225, 41.6301391 ], [ -71.2216938, 41.6311188 ], [ -71.2230008, 41.6311188 ], [ -71.2251793, 41.6306833 ], [ -71.2267767, 41.6304655 ], [ -71.228229, 41.6304655 ], [ -71.2317142, 41.6338402 ], [ -71.2320049, 41.6353641 ], [ -71.2318593, 41.6367791 ], [ -71.2308429, 41.6386295 ], [ -71.2293906, 41.6392826 ], [ -71.2277931, 41.6393914 ], [ -71.2263409, 41.6384118 ], [ -71.2257599, 41.6372145 ], [ -71.2248886, 41.6360172 ], [ -71.223146, 41.6356906 ], [ -71.2221296, 41.6367791 ], [ -71.221984, 41.6390649 ], [ -71.221984, 41.6414594 ], [ -71.2215023, 41.642723 ], [ -71.2211127, 41.6437449 ], [ -71.2209676, 41.6467923 ], [ -71.2214034, 41.6515807 ], [ -71.2216902, 41.6555418 ], [ -71.2213995, 41.6575005 ], [ -71.2206892, 41.6596437 ], [ -71.2208347, 41.6612757 ], [ -71.2221415, 41.6617109 ], [ -71.2238297, 41.6604381 ], [ -71.2256111, 41.6577181 ], [ -71.2257563, 41.6544536 ], [ -71.2269183, 41.6526037 ], [ -71.2317106, 41.6479242 ], [ -71.2369387, 41.6432445 ], [ -71.2396978, 41.6420472 ], [ -71.2420213, 41.6416118 ], [ -71.2460879, 41.6412854 ], [ -71.2533489, 41.6401969 ], [ -71.2571247, 41.6385642 ], [ -71.2589134, 41.6373024 ], [ -71.2595934, 41.6368227 ], [ -71.2617718, 41.634537 ], [ -71.26366, 41.6312713 ], [ -71.2687426, 41.6276788 ], [ -71.2733056, 41.6256351 ], [ -71.2753389, 41.6238932 ], [ -71.2762102, 41.6228045 ], [ -71.2765004, 41.6213893 ], [ -71.2757743, 41.6182317 ], [ -71.2750482, 41.6145298 ], [ -71.2751937, 41.6115898 ], [ -71.2767911, 41.6079963 ], [ -71.2798409, 41.6035314 ], [ -71.2808573, 41.6009177 ], [ -71.2812931, 41.5990661 ], [ -71.2837619, 41.5960165 ], [ -71.2863757, 41.5938381 ], [ -71.2882639, 41.5932936 ], [ -71.2914587, 41.5914418 ], [ -71.2921848, 41.5900259 ], [ -71.29233, 41.5875204 ], [ -71.2921848, 41.5844703 ], [ -71.2914812, 41.5833334 ], [ -71.2871858, 41.5781286 ], [ -71.2871858, 41.5766843 ], [ -71.2878858, 41.5745836 ], [ -71.2898109, 41.57222 ], [ -71.2908184, 41.5715223 ], [ -71.2920861, 41.5706444 ], [ -71.2950612, 41.5692 ], [ -71.2978614, 41.5672303 ], [ -71.3003115, 41.5646039 ], [ -71.3011173, 41.5633946 ], [ -71.3018866, 41.56224 ], [ -71.3032867, 41.5604015 ], [ -71.3052118, 41.5572495 ], [ -71.307487, 41.5523899 ], [ -71.3087121, 41.5504196 ], [ -71.3099371, 41.5489748 ], [ -71.3101121, 41.5470044 ], [ -71.3097621, 41.54464 ], [ -71.3094121, 41.5408303 ], [ -71.3109583, 41.5366012 ], [ -71.3113527, 41.5355226 ], [ -71.3136279, 41.532238 ], [ -71.3141529, 41.5302671 ], [ -71.3139779, 41.5279021 ], [ -71.3131029, 41.5248799 ], [ -71.3131029, 41.5225145 ], [ -71.3141529, 41.5200178 ], [ -71.3151122, 41.5193695 ], [ -71.315903, 41.518835 ], [ -71.3192282, 41.5183094 ], [ -71.3229034, 41.5190979 ], [ -71.3248286, 41.5198864 ], [ -71.3260536, 41.5200178 ], [ -71.3279787, 41.5196235 ], [ -71.3292038, 41.5184408 ], [ -71.3292038, 41.5171266 ], [ -71.3281538, 41.5158124 ], [ -71.327566, 41.5154446 ], [ -71.3225101, 41.5151507 ], [ -71.3223708, 41.5122228 ], [ -71.3263936, 41.5143131 ], [ -71.3292651, 41.5138083 ], [ -71.330265, 41.5119029 ], [ -71.3311919, 41.5090347 ], [ -71.3307187, 41.5075593 ], [ -71.3286326, 41.5058684 ], [ -71.3274243, 41.5050728 ], [ -71.3266737, 41.5067769 ], [ -71.322986, 41.5053046 ], [ -71.3220968, 41.5024886 ], [ -71.3221004, 41.500475 ], [ -71.3219994, 41.4994803 ], [ -71.3218459, 41.497969 ], [ -71.3219984, 41.4964766 ], [ -71.3216793, 41.4942193 ], [ -71.3229433, 41.4913596 ], [ -71.3230289, 41.4911661 ], [ -71.3226402, 41.4888249 ], [ -71.321736, 41.4889595 ], [ -71.3203433, 41.489167 ], [ -71.3187183, 41.4885141 ], [ -71.317384, 41.4895569 ], [ -71.3169683, 41.4879716 ], [ -71.3177335, 41.4865303 ], [ -71.3160775, 41.4861561 ], [ -71.3178798, 41.4850359 ], [ -71.3166863, 41.4841421 ], [ -71.3168362, 41.4824675 ], [ -71.3164645, 41.4806352 ], [ -71.3180657, 41.4793765 ], [ -71.3162418, 41.4776376 ], [ -71.3175307, 41.4775609 ], [ -71.3185707, 41.4774991 ], [ -71.3197555, 41.4766694 ], [ -71.3217119, 41.4769375 ], [ -71.3231501, 41.4761263 ], [ -71.325712, 41.4746899 ], [ -71.3283082, 41.4742743 ], [ -71.3340088, 41.4718702 ], [ -71.3368063, 41.4692375 ], [ -71.3374449, 41.4724556 ], [ -71.3365827, 41.474349 ], [ -71.3351766, 41.4759414 ], [ -71.33451, 41.477746 ], [ -71.3353186, 41.4794297 ], [ -71.3373517, 41.4817851 ], [ -71.3394378, 41.4786401 ], [ -71.3405843, 41.4776238 ], [ -71.3415849, 41.4762588 ], [ -71.3431523, 41.4748917 ], [ -71.3480552, 41.4706156 ], [ -71.352978, 41.4695699 ], [ -71.3574926, 41.4661474 ], [ -71.3583565, 41.4647415 ], [ -71.3614803, 41.4648768 ], [ -71.3629327, 41.4625158 ], [ -71.3632872, 41.4605909 ], [ -71.3625153, 41.4593136 ], [ -71.3612471, 41.4602652 ], [ -71.3588878, 41.4595225 ], [ -71.3593751, 41.4572786 ], [ -71.3573524, 41.4555696 ], [ -71.3575183, 41.4519776 ], [ -71.3566087, 41.4504968 ], [ -71.3556561, 41.4489459 ], [ -71.3514021, 41.4498756 ], [ -71.3514931, 41.4510432 ], [ -71.3478565, 41.4528866 ], [ -71.345473, 41.4523789 ], [ -71.3437939, 41.4543566 ], [ -71.3421983, 41.4528644 ], [ -71.3414187, 41.4512759 ], [ -71.3401479, 41.4535253 ], [ -71.3390976, 41.4517382 ], [ -71.3373131, 41.4515435 ], [ -71.338064, 41.4494478 ], [ -71.3347937, 41.4494671 ], [ -71.3345549, 41.4515995 ], [ -71.3341741, 41.4532568 ], [ -71.331443, 41.4516811 ], [ -71.3294429, 41.4548437 ], [ -71.3261959, 41.4519542 ], [ -71.3236562, 41.4545871 ], [ -71.32531, 41.4585232 ], [ -71.3227176, 41.4596145 ], [ -71.3221551, 41.4574906 ], [ -71.3204234, 41.4596397 ], [ -71.3202669, 41.4562371 ], [ -71.3178143, 41.4557755 ], [ -71.31729, 41.4542107 ], [ -71.3152949, 41.4547822 ], [ -71.3114651, 41.4555262 ], [ -71.3130798, 41.4503916 ], [ -71.3093409, 41.4510645 ], [ -71.3065283, 41.4511577 ], [ -71.3056892, 41.4541447 ], [ -71.3031073, 41.4557898 ], [ -71.3027967, 41.4571589 ], [ -71.3040817, 41.4585517 ], [ -71.2996202, 41.4591958 ], [ -71.3025672, 41.4603732 ], [ -71.3040024, 41.4627988 ], [ -71.303304, 41.4644404 ] ], [ [ -71.3906062, 41.4545485 ], [ -71.3892501, 41.4606142 ], [ -71.3902612, 41.4650768 ], [ -71.3883109, 41.4659276 ], [ -71.3839432, 41.4642768 ], [ -71.3819342, 41.4678131 ], [ -71.3815295, 41.4705975 ], [ -71.3842595, 41.4766969 ], [ -71.3846692, 41.4822907 ], [ -71.3863913, 41.4864397 ], [ -71.3867378, 41.4895951 ], [ -71.3865099, 41.4918652 ], [ -71.3891937, 41.4931945 ], [ -71.3910859, 41.4918573 ], [ -71.3950752, 41.49201 ], [ -71.3984553, 41.4932293 ], [ -71.4001991, 41.4889189 ], [ -71.3981204, 41.4877157 ], [ -71.3977172, 41.4856556 ], [ -71.3965804, 41.479846 ], [ -71.3974383, 41.4737739 ], [ -71.3944859, 41.4671845 ], [ -71.395327, 41.4652916 ], [ -71.3990642, 41.4635218 ], [ -71.4006728, 41.4610634 ], [ -71.4006383, 41.4516766 ], [ -71.3994587, 41.4487084 ], [ -71.3961986, 41.4519769 ], [ -71.3906062, 41.4545485 ] ], [ [ -71.3781506, 41.5058979 ], [ -71.3837356, 41.5001475 ], [ -71.3852423, 41.4962051 ], [ -71.3843216, 41.4932602 ], [ -71.3806993, 41.4915801 ], [ -71.3814443, 41.4887113 ], [ -71.3796225, 41.4869529 ], [ -71.3780325, 41.4825575 ], [ -71.3781491, 41.4793009 ], [ -71.3765529, 41.4783301 ], [ -71.3776265, 41.4765794 ], [ -71.376844, 41.4748364 ], [ -71.3756567, 41.4740706 ], [ -71.3729432, 41.4749776 ], [ -71.3730631, 41.4766803 ], [ -71.3716611, 41.4776977 ], [ -71.3645189, 41.4767025 ], [ -71.3615199, 41.4796045 ], [ -71.3617681, 41.4767595 ], [ -71.3577344, 41.4774154 ], [ -71.3564246, 41.4796903 ], [ -71.354742, 41.4789475 ], [ -71.3531056, 41.4836183 ], [ -71.3550197, 41.4823959 ], [ -71.3600948, 41.4840756 ], [ -71.3580275, 41.485336 ], [ -71.362472, 41.4875949 ], [ -71.3669479, 41.494652 ], [ -71.3664544, 41.4965095 ], [ -71.3662219, 41.4990253 ], [ -71.364963, 41.500135 ], [ -71.3631712, 41.5016396 ], [ -71.3611657, 41.5024035 ], [ -71.3587176, 41.5046273 ], [ -71.3582555, 41.5071193 ], [ -71.3579456, 41.5087905 ], [ -71.3595514, 41.5107507 ], [ -71.3622006, 41.5098425 ], [ -71.364576, 41.5108966 ], [ -71.3660658, 41.5128258 ], [ -71.3645376, 41.5177277 ], [ -71.3657661, 41.5201298 ], [ -71.364456, 41.5261833 ], [ -71.3646914, 41.531041 ], [ -71.3661031, 41.5353685 ], [ -71.3663383, 41.5389892 ], [ -71.36575, 41.5410202 ], [ -71.3648089, 41.5425214 ], [ -71.3630443, 41.5451705 ], [ -71.3617503, 41.5472013 ], [ -71.3620031, 41.5495505 ], [ -71.3617679, 41.5542299 ], [ -71.3617679, 41.5566136 ], [ -71.3618855, 41.5582027 ], [ -71.3628267, 41.55988 ], [ -71.3632972, 41.5627049 ], [ -71.3638854, 41.5657062 ], [ -71.3667087, 41.568266 ], [ -71.3700027, 41.5692369 ], [ -71.3716497, 41.5694134 ], [ -71.3757671, 41.5683542 ], [ -71.3775316, 41.5672068 ], [ -71.3809504, 41.5623847 ], [ -71.3847148, 41.5568231 ], [ -71.3870676, 41.5547042 ], [ -71.3878912, 41.5538213 ], [ -71.3880088, 41.5520556 ], [ -71.3880088, 41.5507313 ], [ -71.3875382, 41.5488771 ], [ -71.3873029, 41.5473761 ], [ -71.3873029, 41.5454335 ], [ -71.3877735, 41.5434909 ], [ -71.3878912, 41.5409301 ], [ -71.385809, 41.538606 ], [ -71.3859091, 41.5384501 ], [ -71.3867234, 41.5371827 ], [ -71.3895168, 41.5329958 ], [ -71.3916563, 41.5264227 ], [ -71.3920178, 41.525312 ], [ -71.3922235, 41.52468 ], [ -71.3924085, 41.5178046 ], [ -71.3910381, 41.5145146 ], [ -71.3781506, 41.5058979 ] ], [ [ -71.3978342, 41.5065697 ], [ -71.4009927, 41.5066492 ], [ -71.4039704, 41.5048185 ], [ -71.4045593, 41.496468 ], [ -71.4005753, 41.5000502 ], [ -71.3960801, 41.5034263 ], [ -71.3978342, 41.5065697 ] ], [ [ -71.3472243, 41.5353013 ], [ -71.3468584, 41.534477 ], [ -71.3453944, 41.5328285 ], [ -71.3451504, 41.5317294 ], [ -71.3450284, 41.5301725 ], [ -71.3458824, 41.5292566 ], [ -71.3469803, 41.529165 ], [ -71.3482003, 41.5299892 ], [ -71.3484442, 41.5317294 ], [ -71.3488103, 41.5327369 ], [ -71.3489322, 41.5332864 ], [ -71.3489322, 41.5350265 ], [ -71.3483223, 41.535576 ], [ -71.3479563, 41.5356676 ], [ -71.3472243, 41.5353013 ] ], [ [ -71.3373221, 41.6496433 ], [ -71.3365008, 41.6485356 ], [ -71.3358436, 41.6473045 ], [ -71.3360078, 41.6458275 ], [ -71.3371579, 41.6457043 ], [ -71.3381435, 41.646566 ], [ -71.3389647, 41.6479199 ], [ -71.3404428, 41.6486586 ], [ -71.3433998, 41.6480432 ], [ -71.3455349, 41.6466891 ], [ -71.346192, 41.6452118 ], [ -71.3453708, 41.642873 ], [ -71.3414288, 41.6394259 ], [ -71.3345298, 41.6368406 ], [ -71.3269737, 41.634255 ], [ -71.3210603, 41.6330238 ], [ -71.3158036, 41.6309307 ], [ -71.3103832, 41.6277292 ], [ -71.3080834, 41.6237889 ], [ -71.3067695, 41.6191094 ], [ -71.3066053, 41.613321 ], [ -71.3077297, 41.606323 ], [ -71.3111791, 41.596961 ], [ -71.3164358, 41.5891993 ], [ -71.3209433, 41.5845475 ], [ -71.3214516, 41.5833334 ], [ -71.3223735, 41.58049 ], [ -71.3234434, 41.5790855 ], [ -71.3257613, 41.5783497 ], [ -71.3274552, 41.5771458 ], [ -71.3287034, 41.576477 ], [ -71.3299515, 41.5762764 ], [ -71.3310213, 41.5765439 ], [ -71.3333393, 41.5780823 ], [ -71.3353898, 41.5804231 ], [ -71.3371728, 41.5824963 ], [ -71.3384264, 41.5833334 ], [ -71.3384903, 41.5837501 ], [ -71.3382566, 41.5845621 ], [ -71.3375675, 41.5859525 ], [ -71.3374566, 41.5874779 ], [ -71.3390992, 41.590558 ], [ -71.3397559, 41.5935149 ], [ -71.3397559, 41.5970876 ], [ -71.3377849, 41.6036164 ], [ -71.335321, 41.6086667 ], [ -71.3325286, 41.6128542 ], [ -71.3305576, 41.6169186 ], [ -71.328915, 41.6223372 ], [ -71.3292731, 41.6264979 ], [ -71.3314087, 41.6296994 ], [ -71.334201, 41.6313001 ], [ -71.3384718, 41.6327775 ], [ -71.3417571, 41.6331469 ], [ -71.3452066, 41.6336394 ], [ -71.3481635, 41.634132 ], [ -71.3506271, 41.6348707 ], [ -71.3529268, 41.636225 ], [ -71.3545694, 41.6385641 ], [ -71.3548982, 41.641765 ], [ -71.3547336, 41.6471815 ], [ -71.3555549, 41.6485356 ], [ -71.3557191, 41.6497665 ], [ -71.3555549, 41.650628 ], [ -71.3548982, 41.6507512 ], [ -71.3540769, 41.6508742 ], [ -71.3532555, 41.6509974 ], [ -71.3519413, 41.6521051 ], [ -71.3512841, 41.6534591 ], [ -71.3501345, 41.6540745 ], [ -71.3484919, 41.6541976 ], [ -71.3471776, 41.6543207 ], [ -71.3468492, 41.6554284 ], [ -71.3471776, 41.6569053 ], [ -71.348656, 41.6584262 ], [ -71.3502987, 41.6594107 ], [ -71.3517771, 41.659903 ], [ -71.3522697, 41.6606414 ], [ -71.3524342, 41.6622414 ], [ -71.3519413, 41.6639642 ], [ -71.3500896, 41.6669848 ], [ -71.34894, 41.6682155 ], [ -71.3481004, 41.6682238 ], [ -71.3472973, 41.6676003 ], [ -71.3472973, 41.6657543 ], [ -71.3443852, 41.6628567 ], [ -71.3419213, 41.6610107 ], [ -71.3415929, 41.6596569 ], [ -71.3412641, 41.6553053 ], [ -71.3404428, 41.6523513 ], [ -71.3388006, 41.650628 ], [ -71.3373221, 41.6496433 ] ], [ [ -71.3673096, 41.6089822 ], [ -71.3665609, 41.6083458 ], [ -71.3662611, 41.6078218 ], [ -71.3661615, 41.6071854 ], [ -71.366311, 41.6061371 ], [ -71.3666608, 41.6056504 ], [ -71.367709, 41.6046395 ], [ -71.3691069, 41.6032918 ], [ -71.370355, 41.602206 ], [ -71.3719028, 41.6013822 ], [ -71.3727515, 41.601195 ], [ -71.3737001, 41.6010827 ], [ -71.3742993, 41.6014571 ], [ -71.3745488, 41.6020936 ], [ -71.3743993, 41.6029548 ], [ -71.37375, 41.6038907 ], [ -71.3727515, 41.6048642 ], [ -71.3720527, 41.606474 ], [ -71.3716034, 41.6081962 ], [ -71.3708543, 41.6090572 ], [ -71.3700556, 41.6093941 ], [ -71.3688574, 41.609469 ], [ -71.3673096, 41.6089822 ] ], [ [ -71.3584539, 41.6619849 ], [ -71.3619819, 41.6633065 ], [ -71.3652748, 41.6633065 ], [ -71.3675091, 41.6626017 ], [ -71.3680968, 41.6612799 ], [ -71.3673913, 41.6597821 ], [ -71.3657451, 41.6575793 ], [ -71.3645688, 41.6545834 ], [ -71.3638633, 41.6537023 ], [ -71.3615115, 41.6531736 ], [ -71.3599828, 41.6533497 ], [ -71.3585713, 41.6543191 ], [ -71.3572781, 41.656522 ], [ -71.3570425, 41.6599584 ], [ -71.3584539, 41.6619849 ] ], [ [ -71.2779226, 41.6383825 ], [ -71.2763767, 41.638587 ], [ -71.2756494, 41.6392003 ], [ -71.2755586, 41.6401544 ], [ -71.2758314, 41.6410402 ], [ -71.2764679, 41.6416535 ], [ -71.2779226, 41.6424714 ], [ -71.2791048, 41.6438794 ], [ -71.2791956, 41.6461963 ], [ -71.2805595, 41.6504208 ], [ -71.2824944, 41.652587 ], [ -71.2848878, 41.6526534 ], [ -71.2848905, 41.6526495 ], [ -71.2858332, 41.6513066 ], [ -71.285924, 41.6490581 ], [ -71.287015, 41.6454468 ], [ -71.2885609, 41.6429937 ], [ -71.2883793, 41.6412218 ], [ -71.2871062, 41.640336 ], [ -71.2852875, 41.6399272 ], [ -71.2831055, 41.6398819 ], [ -71.2808323, 41.6391323 ], [ -71.2793776, 41.6386551 ], [ -71.2779226, 41.6383825 ] ], [ [ -71.2877428, 41.6511704 ], [ -71.2886517, 41.6517836 ], [ -71.289561, 41.6517836 ], [ -71.2905613, 41.6514429 ], [ -71.2905619, 41.6514424 ], [ -71.2912885, 41.6508296 ], [ -71.2924708, 41.6485811 ], [ -71.2926525, 41.6465369 ], [ -71.2922888, 41.645583 ], [ -71.2914706, 41.6453106 ], [ -71.2904704, 41.6455148 ], [ -71.2893794, 41.6462643 ], [ -71.2878335, 41.6478997 ], [ -71.2876516, 41.6492625 ], [ -71.2876516, 41.6503528 ], [ -71.2877428, 41.6511704 ] ], [ [ -71.3005114, 41.5827141 ], [ -71.2997504, 41.5830211 ], [ -71.2996515, 41.5833334 ], [ -71.2997171, 41.583825 ], [ -71.3004012, 41.585221 ], [ -71.3012225, 41.5863706 ], [ -71.3021802, 41.5869455 ], [ -71.3030563, 41.5869865 ], [ -71.3038772, 41.5865554 ], [ -71.3043698, 41.5856727 ], [ -71.3044792, 41.5847487 ], [ -71.3041782, 41.5835991 ], [ -71.304075, 41.5833334 ], [ -71.303809, 41.5830745 ], [ -71.3030614, 41.5828609 ], [ -71.3018865, 41.582674 ], [ -71.3005114, 41.5827141 ] ], [ [ -71.2179865, 41.6247415 ], [ -71.2188724, 41.6248587 ], [ -71.2199666, 41.6253276 ], [ -71.2202795, 41.6260309 ], [ -71.2204881, 41.6273202 ], [ -71.2199666, 41.6286876 ], [ -71.2190806, 41.6293126 ], [ -71.2180904, 41.6293517 ], [ -71.2172568, 41.6288829 ], [ -71.2170482, 41.6277108 ], [ -71.2167876, 41.6268513 ], [ -71.2167876, 41.6260698 ], [ -71.2169962, 41.6253667 ], [ -71.2174131, 41.624976 ], [ -71.2179865, 41.6247415 ] ], [ [ -71.2222747, 41.6143762 ], [ -71.2233959, 41.6144279 ], [ -71.2239364, 41.614767 ], [ -71.2244088, 41.6153938 ], [ -71.2245785, 41.615918 ], [ -71.2246257, 41.6170172 ], [ -71.2245309, 41.6180452 ], [ -71.2240581, 41.6188607 ], [ -71.2230651, 41.6191797 ], [ -71.2218409, 41.6189722 ], [ -71.2213209, 41.6184404 ], [ -71.2209426, 41.6171995 ], [ -71.2209898, 41.6160649 ], [ -71.2212261, 41.6154269 ], [ -71.2216938, 41.6146771 ], [ -71.2222747, 41.6143762 ] ], [ [ -71.2236105, 41.6886009 ], [ -71.224377, 41.6889637 ], [ -71.2252241, 41.6896592 ], [ -71.2256024, 41.6906235 ], [ -71.2257087, 41.6918978 ], [ -71.2256024, 41.6927739 ], [ -71.2245923, 41.693411 ], [ -71.2238323, 41.6931889 ], [ -71.2230344, 41.6930295 ], [ -71.2218644, 41.6920739 ], [ -71.221333, 41.6900828 ], [ -71.2214924, 41.6894058 ], [ -71.2219711, 41.6888084 ], [ -71.2226092, 41.6886092 ], [ -71.2236105, 41.6886009 ] ], [ [ -71.3626455, 41.7054052 ], [ -71.3634385, 41.7055466 ], [ -71.3641187, 41.7054618 ], [ -71.3649118, 41.7049809 ], [ -71.3651387, 41.7044152 ], [ -71.3651387, 41.7037645 ], [ -71.3644585, 41.703114 ], [ -71.3637408, 41.7028594 ], [ -71.3629853, 41.7029442 ], [ -71.3623809, 41.7033403 ], [ -71.3620787, 41.7036797 ], [ -71.3620406, 41.7043021 ], [ -71.3621164, 41.7047547 ], [ -71.3626455, 41.7054052 ] ], [ [ -71.3831027, 41.7555664 ], [ -71.3837229, 41.7557618 ], [ -71.3848004, 41.7556641 ], [ -71.3856166, 41.7549314 ], [ -71.3857145, 41.7542964 ], [ -71.3855187, 41.7533682 ], [ -71.3852902, 41.7525378 ], [ -71.3846374, 41.7520005 ], [ -71.384311, 41.7518539 ], [ -71.3833315, 41.7518051 ], [ -71.3825807, 41.7520249 ], [ -71.3823194, 41.752489 ], [ -71.3821231, 41.7529775 ], [ -71.3821231, 41.7537591 ], [ -71.382156, 41.7544429 ], [ -71.3824824, 41.7551512 ], [ -71.3831027, 41.7555664 ] ], [ [ -71.5098017, 41.3886341 ], [ -71.509887, 41.388089 ], [ -71.5106658, 41.3877154 ], [ -71.5113119, 41.3877155 ], [ -71.5122562, 41.3878278 ], [ -71.5126125, 41.3882175 ], [ -71.5126549, 41.388891 ], [ -71.5121438, 41.3892117 ], [ -71.5114199, 41.3893398 ], [ -71.510994, 41.3892757 ], [ -71.5103126, 41.3892115 ], [ -71.5098442, 41.3890511 ], [ -71.5098017, 41.3886341 ] ], [ [ -71.5063518, 41.3886696 ], [ -71.5070656, 41.3886696 ], [ -71.5073644, 41.3888046 ], [ -71.5076034, 41.3891642 ], [ -71.5085595, 41.3899735 ], [ -71.5092766, 41.3910077 ], [ -71.5093364, 41.3919069 ], [ -71.5090973, 41.3924464 ], [ -71.5080217, 41.3928959 ], [ -71.5070058, 41.3928061 ], [ -71.50599, 41.3926711 ], [ -71.5051533, 41.3927161 ], [ -71.5046155, 41.3928959 ], [ -71.5044362, 41.3936603 ], [ -71.5043765, 41.3945595 ], [ -71.5041973, 41.3952787 ], [ -71.5036594, 41.3955935 ], [ -71.5030021, 41.396088 ], [ -71.5021655, 41.3966275 ], [ -71.5019264, 41.3970771 ], [ -71.5022253, 41.3980661 ], [ -71.5028826, 41.3991451 ], [ -71.5030619, 41.3993698 ], [ -71.5030619, 41.3998643 ], [ -71.502763, 41.400134 ], [ -71.5025838, 41.400179 ], [ -71.5018069, 41.400179 ], [ -71.5007911, 41.4002689 ], [ -71.4994167, 41.4005386 ], [ -71.4987593, 41.4008084 ], [ -71.4981618, 41.4007633 ], [ -71.4980423, 41.4004937 ], [ -71.4979825, 41.3999992 ], [ -71.498102, 41.3994597 ], [ -71.4982215, 41.3991 ], [ -71.4981618, 41.3987405 ], [ -71.4979825, 41.3983808 ], [ -71.497385, 41.3975266 ], [ -71.4970861, 41.3973468 ], [ -71.4969069, 41.3969422 ], [ -71.4969069, 41.3965825 ], [ -71.4970264, 41.3962229 ], [ -71.497385, 41.3959082 ], [ -71.4976837, 41.3957283 ], [ -71.498341, 41.3955935 ], [ -71.4987593, 41.3953687 ], [ -71.4988191, 41.395009 ], [ -71.4986996, 41.3946044 ], [ -71.4986398, 41.3941548 ], [ -71.4988789, 41.3935254 ], [ -71.5014484, 41.3914573 ], [ -71.5044362, 41.3895239 ], [ -71.5052131, 41.3889843 ], [ -71.5063518, 41.3886696 ] ], [ [ -71.5082566, 41.4036618 ], [ -71.5075334, 41.4040895 ], [ -71.5075333, 41.4048674 ], [ -71.5079271, 41.4051956 ], [ -71.508355, 41.4053567 ], [ -71.5087828, 41.4053889 ], [ -71.5093177, 41.4053728 ], [ -71.5097544, 41.4052565 ], [ -71.5100127, 41.4048676 ], [ -71.510152, 41.4044708 ], [ -71.5101092, 41.4042131 ], [ -71.5098063, 41.403973 ], [ -71.5093414, 41.4038175 ], [ -71.5082566, 41.4036618 ] ], [ [ -71.5032607, 41.4049965 ], [ -71.5035064, 41.405126 ], [ -71.5036293, 41.4054404 ], [ -71.5036293, 41.4055513 ], [ -71.5036048, 41.4057362 ], [ -71.5031132, 41.4060507 ], [ -71.5028428, 41.406328 ], [ -71.5026461, 41.4065684 ], [ -71.5025724, 41.4067349 ], [ -71.5025232, 41.4068828 ], [ -71.502474, 41.4071232 ], [ -71.502474, 41.407382 ], [ -71.5023266, 41.407641 ], [ -71.5022283, 41.4076779 ], [ -71.5019579, 41.407641 ], [ -71.5015892, 41.4071602 ], [ -71.5013188, 41.4068458 ], [ -71.5011453, 41.4066211 ], [ -71.5008763, 41.4062725 ], [ -71.5008272, 41.4059766 ], [ -71.5008763, 41.4056993 ], [ -71.5012696, 41.4054589 ], [ -71.5017612, 41.4051075 ], [ -71.5024986, 41.4048301 ], [ -71.5032607, 41.4049965 ] ], [ [ -71.5066008, 41.4062909 ], [ -71.507157, 41.4061137 ], [ -71.507756, 41.4061459 ], [ -71.5081011, 41.4066175 ], [ -71.5081624, 41.407064 ], [ -71.5079271, 41.4073861 ], [ -71.5073281, 41.407676 ], [ -71.5067933, 41.4079498 ], [ -71.5062585, 41.4080465 ], [ -71.5056731, 41.4077062 ], [ -71.5056381, 41.40737 ], [ -71.5056452, 41.40736 ], [ -71.5060231, 41.4068224 ], [ -71.5066008, 41.4062909 ] ], [ [ -71.5049107, 41.4068546 ], [ -71.5049749, 41.4074827 ], [ -71.5049321, 41.4081109 ], [ -71.50444, 41.4083042 ], [ -71.5040336, 41.4083042 ], [ -71.5035201, 41.4080143 ], [ -71.5032206, 41.4073861 ], [ -71.5035201, 41.406919 ], [ -71.504072, 41.406656 ], [ -71.5049107, 41.4068546 ] ], [ [ -71.5010417, 41.4081505 ], [ -71.5006764, 41.4085823 ], [ -71.4995803, 41.4097993 ], [ -71.4991628, 41.4107023 ], [ -71.498954, 41.4116444 ], [ -71.498954, 41.4122332 ], [ -71.499215, 41.4127828 ], [ -71.4998413, 41.413882 ], [ -71.5002066, 41.4157662 ], [ -71.5001544, 41.4167868 ], [ -71.4995803, 41.4174541 ], [ -71.4991105, 41.4179644 ], [ -71.4983277, 41.418514 ], [ -71.4971272, 41.4199663 ], [ -71.4966575, 41.4202803 ], [ -71.4962921, 41.4203196 ], [ -71.495979, 41.4200841 ], [ -71.4957703, 41.4196523 ], [ -71.4957181, 41.4189065 ], [ -71.4956658, 41.4174148 ], [ -71.4955615, 41.4167083 ], [ -71.4948595, 41.4152018 ], [ -71.4938972, 41.4115826 ], [ -71.4944745, 41.4108588 ], [ -71.4948595, 41.4104245 ], [ -71.4965918, 41.4098454 ], [ -71.4971691, 41.4091215 ], [ -71.4973617, 41.4082529 ], [ -71.4973617, 41.4075291 ], [ -71.4971675, 41.405664 ], [ -71.4977464, 41.4042707 ], [ -71.4983946, 41.4040796 ], [ -71.4990731, 41.4042366 ], [ -71.499595, 41.4045507 ], [ -71.4996494, 41.4047295 ], [ -71.4999979, 41.4058735 ], [ -71.5002588, 41.4064231 ], [ -71.5006764, 41.4068549 ], [ -71.5009373, 41.4070905 ], [ -71.5010939, 41.4073653 ], [ -71.5011461, 41.4076401 ], [ -71.5010417, 41.4081505 ] ], [ [ -71.9754237, 41.3119864 ], [ -71.9750698, 41.3131596 ], [ -71.9758476, 41.3139595 ], [ -71.9758474, 41.3155058 ], [ -71.9752814, 41.3166256 ], [ -71.9746447, 41.3176919 ], [ -71.9749275, 41.3181718 ], [ -71.9758469, 41.3183319 ], [ -71.97712, 41.3179054 ], [ -71.9793402, 41.3168929 ], [ -71.9800842, 41.3163948 ], [ -71.980332, 41.3160212 ], [ -71.9805801, 41.3152741 ], [ -71.9809106, 41.3145893 ], [ -71.9809933, 41.3139043 ], [ -71.9809933, 41.3129705 ], [ -71.9807282, 41.3112404 ], [ -71.9796674, 41.3107071 ], [ -71.9778993, 41.3105469 ], [ -71.9764847, 41.3111867 ], [ -71.9754237, 41.3119864 ] ], [ [ -71.9636873, 41.3237198 ], [ -71.9633979, 41.3239864 ], [ -71.9622685, 41.3242295 ], [ -71.9614619, 41.3239254 ], [ -71.9617849, 41.3219186 ], [ -71.9621884, 41.3210673 ], [ -71.9633178, 41.3208849 ], [ -71.9642051, 41.3214932 ], [ -71.964124, 41.3233175 ], [ -71.9636873, 41.3237198 ] ], [ [ -71.9611299, 41.3408857 ], [ -71.9609653, 41.3422166 ], [ -71.9611774, 41.3429628 ], [ -71.9626176, 41.3427757 ], [ -71.9637997, 41.3426137 ], [ -71.9655191, 41.3418848 ], [ -71.9675609, 41.3414799 ], [ -71.9704625, 41.3409939 ], [ -71.9716446, 41.3414799 ], [ -71.9726117, 41.3411559 ], [ -71.9729891, 41.3399259 ], [ -71.9737672, 41.3391797 ], [ -71.9741916, 41.3383802 ], [ -71.9738382, 41.3377405 ], [ -71.9732018, 41.336621 ], [ -71.9731313, 41.3351817 ], [ -71.9742632, 41.3337426 ], [ -71.9768806, 41.3302777 ], [ -71.9768809, 41.3291583 ], [ -71.9763151, 41.3286784 ], [ -71.9756078, 41.3288915 ], [ -71.9746175, 41.3301177 ], [ -71.9743344, 41.3310238 ], [ -71.9736978, 41.3315036 ], [ -71.9727866, 41.3317992 ], [ -71.9717352, 41.3320214 ], [ -71.9710212, 41.3318856 ], [ -71.9712306, 41.3314793 ], [ -71.9720795, 41.3304664 ], [ -71.9733031, 41.3294359 ], [ -71.9737067, 41.3276944 ], [ -71.9743434, 41.3267882 ], [ -71.9751062, 41.325882 ], [ -71.9748634, 41.3253939 ], [ -71.9742159, 41.3252109 ], [ -71.974083, 41.3253445 ], [ -71.9730704, 41.3263616 ], [ -71.9720799, 41.3284406 ], [ -71.9713019, 41.3288138 ], [ -71.9704532, 41.3285471 ], [ -71.970312, 41.3273209 ], [ -71.9702323, 41.3214104 ], [ -71.9691951, 41.3209412 ], [ -71.9684742, 41.3215627 ], [ -71.967908, 41.3233753 ], [ -71.9669093, 41.3249455 ], [ -71.9657376, 41.3256326 ], [ -71.9646313, 41.3255804 ], [ -71.9640094, 41.3261715 ], [ -71.9628068, 41.3275042 ], [ -71.9626651, 41.3289969 ], [ -71.9628057, 41.3334216 ], [ -71.9620975, 41.3388587 ], [ -71.9612486, 41.3399246 ], [ -71.9611299, 41.3408857 ] ], [ [ -71.9558707, 41.3273467 ], [ -71.9561124, 41.3289885 ], [ -71.9553055, 41.3302653 ], [ -71.9543373, 41.3312381 ], [ -71.9535306, 41.3312988 ], [ -71.952724, 41.3311164 ], [ -71.9530468, 41.33063 ], [ -71.9534502, 41.3302043 ], [ -71.9535311, 41.328745 ], [ -71.9542574, 41.3275898 ], [ -71.9550641, 41.3270426 ], [ -71.9558707, 41.3273467 ] ], [ [ -71.9467547, 41.3302036 ], [ -71.9478032, 41.3312982 ], [ -71.9479643, 41.3323319 ], [ -71.9479641, 41.3333048 ], [ -71.9473995, 41.3337303 ], [ -71.9466734, 41.3335479 ], [ -71.9464317, 41.332271 ], [ -71.9455445, 41.3315412 ], [ -71.945464, 41.3305076 ], [ -71.9460287, 41.3300819 ], [ -71.9467547, 41.3302036 ] ], [ [ -71.9358226, 41.3303685 ], [ -71.9359346, 41.3306428 ], [ -71.9359626, 41.3309066 ], [ -71.9356266, 41.3312758 ], [ -71.9351647, 41.3315185 ], [ -71.9347448, 41.3316873 ], [ -71.9344228, 41.3316135 ], [ -71.9340874, 41.3314163 ], [ -71.9340029, 41.3310859 ], [ -71.9341429, 41.3306217 ], [ -71.9342549, 41.3302313 ], [ -71.9342829, 41.3300097 ], [ -71.9343249, 41.3298409 ], [ -71.9344648, 41.3297038 ], [ -71.9347028, 41.3297038 ], [ -71.9349128, 41.3297565 ], [ -71.9352907, 41.3299886 ], [ -71.9358226, 41.3303685 ] ], [ [ -71.8921054, 41.3299719 ], [ -71.8920615, 41.3299649 ], [ -71.8917953, 41.3299168 ], [ -71.8916939, 41.329893 ], [ -71.8915953, 41.3298633 ], [ -71.8915071, 41.3298297 ], [ -71.8914326, 41.3297933 ], [ -71.8913712, 41.3297562 ], [ -71.8913063, 41.3297117 ], [ -71.8909907, 41.3294711 ], [ -71.890898, 41.3294046 ], [ -71.8908009, 41.3293389 ], [ -71.8905612, 41.3291867 ], [ -71.8902084, 41.3289762 ], [ -71.8899011, 41.3287774 ], [ -71.8897057, 41.3286572 ], [ -71.8896109, 41.3286034 ], [ -71.8895403, 41.3285663 ], [ -71.8892827, 41.3284506 ], [ -71.8889522, 41.3282853 ], [ -71.8887211, 41.3281672 ], [ -71.8885397, 41.3280682 ], [ -71.8884522, 41.3280161 ], [ -71.8882911, 41.3279099 ], [ -71.8880659, 41.3277832 ], [ -71.8877043, 41.3275703 ], [ -71.8874232, 41.3274089 ], [ -71.8872734, 41.3273259 ], [ -71.886927, 41.3271413 ], [ -71.8865655, 41.3269436 ], [ -71.886112, 41.326703 ], [ -71.8857138, 41.3264786 ], [ -71.8855045, 41.3263554 ], [ -71.8851335, 41.3261277 ], [ -71.8849399, 41.3260012 ], [ -71.8847791, 41.3258895 ], [ -71.884682, 41.3258154 ], [ -71.884593, 41.3257418 ], [ -71.8845063, 41.325664 ], [ -71.8844323, 41.32559 ], [ -71.8843156, 41.3254608 ], [ -71.8841993, 41.3253254 ], [ -71.884084, 41.3251825 ], [ -71.8840104, 41.3250822 ], [ -71.8839593, 41.3250034 ], [ -71.8838966, 41.3248969 ], [ -71.8838305, 41.3247753 ], [ -71.8837776, 41.3246698 ], [ -71.883684, 41.3244645 ], [ -71.883555, 41.3241381 ], [ -71.8834996, 41.3240105 ], [ -71.8834706, 41.3239585 ], [ -71.8834414, 41.3239143 ], [ -71.8834105, 41.3238749 ], [ -71.8833682, 41.3238285 ], [ -71.8833103, 41.3237726 ], [ -71.8832282, 41.3236999 ], [ -71.8830487, 41.3235542 ], [ -71.882966, 41.3234918 ], [ -71.8828551, 41.3234208 ], [ -71.8826134, 41.3232832 ], [ -71.8821779, 41.323019 ], [ -71.8820332, 41.3229281 ], [ -71.8819879, 41.3228962 ], [ -71.8819542, 41.3228665 ], [ -71.8819459, 41.3228543 ], [ -71.8819527, 41.3228424 ], [ -71.8819472, 41.3228274 ], [ -71.8819312, 41.3228093 ], [ -71.881899, 41.3227825 ], [ -71.8816743, 41.3226274 ], [ -71.8815069, 41.3225249 ], [ -71.8813433, 41.3224337 ], [ -71.8808606, 41.3221791 ], [ -71.8805245, 41.3219981 ], [ -71.8802767, 41.3218708 ], [ -71.8801738, 41.3218256 ], [ -71.8800695, 41.3217886 ], [ -71.8799622, 41.3217597 ], [ -71.87985, 41.3217379 ], [ -71.8797299, 41.3217242 ], [ -71.8795971, 41.3217191 ], [ -71.8794713, 41.3217224 ], [ -71.8793363, 41.321734 ], [ -71.8792073, 41.3217526 ], [ -71.8790713, 41.3217759 ], [ -71.8785427, 41.3218808 ], [ -71.8783256, 41.3219094 ], [ -71.8781951, 41.3219296 ], [ -71.8779969, 41.3219727 ], [ -71.8779648, 41.3219767 ], [ -71.8779376, 41.3219772 ], [ -71.8779197, 41.3219746 ], [ -71.8779046, 41.3219686 ], [ -71.877897, 41.3219618 ], [ -71.8778933, 41.3219542 ], [ -71.8778927, 41.3219426 ], [ -71.8778967, 41.3219293 ], [ -71.8779178, 41.3218971 ], [ -71.8779535, 41.3218622 ], [ -71.8779923, 41.3218326 ], [ -71.8780331, 41.3218058 ], [ -71.8781914, 41.3217159 ], [ -71.8782423, 41.3216843 ], [ -71.8782864, 41.3216507 ], [ -71.8783238, 41.3216137 ], [ -71.8783517, 41.3215773 ], [ -71.8783755, 41.3215352 ], [ -71.8783926, 41.3214917 ], [ -71.8784256, 41.3213764 ], [ -71.8784428, 41.3213438 ], [ -71.878465, 41.3213169 ], [ -71.8784863, 41.3212987 ], [ -71.8785117, 41.3212823 ], [ -71.8785432, 41.3212666 ], [ -71.8785829, 41.321251 ], [ -71.8786386, 41.3212336 ], [ -71.878712, 41.3212141 ], [ -71.8788483, 41.321185 ], [ -71.8789462, 41.3211723 ], [ -71.8790362, 41.3211685 ], [ -71.8791321, 41.3211729 ], [ -71.8792219, 41.3211853 ], [ -71.8793098, 41.3212052 ], [ -71.8794085, 41.3212354 ], [ -71.8795139, 41.3212734 ], [ -71.8797786, 41.3213762 ], [ -71.8799124, 41.3214255 ], [ -71.8800234, 41.3214629 ], [ -71.8801195, 41.3214892 ], [ -71.8802144, 41.3215084 ], [ -71.8803189, 41.3215229 ], [ -71.8806829, 41.321555 ], [ -71.8808171, 41.3215704 ], [ -71.8809327, 41.3215904 ], [ -71.881036, 41.3216164 ], [ -71.8811539, 41.3216565 ], [ -71.881288, 41.3217134 ], [ -71.8814988, 41.3218145 ], [ -71.8815947, 41.3218639 ], [ -71.8816728, 41.3219072 ], [ -71.8817681, 41.3219643 ], [ -71.8818702, 41.3220296 ], [ -71.881982, 41.3221043 ], [ -71.882058, 41.3221593 ], [ -71.8821601, 41.3222419 ], [ -71.8823364, 41.3224009 ], [ -71.8824592, 41.3225053 ], [ -71.8825807, 41.3226014 ], [ -71.8827383, 41.3227182 ], [ -71.8830058, 41.3229081 ], [ -71.8832349, 41.3230638 ], [ -71.8833023, 41.3231062 ], [ -71.883426, 41.323176 ], [ -71.8834739, 41.323206 ], [ -71.8835203, 41.323241 ], [ -71.8835593, 41.323277 ], [ -71.883618, 41.3233452 ], [ -71.8836685, 41.3234237 ], [ -71.8837087, 41.3235097 ], [ -71.8838007, 41.3237509 ], [ -71.8838604, 41.3238792 ], [ -71.8839511, 41.3240393 ], [ -71.8840282, 41.3241609 ], [ -71.8840932, 41.3242543 ], [ -71.8841564, 41.3243321 ], [ -71.8843046, 41.3244943 ], [ -71.8843749, 41.3245783 ], [ -71.8844612, 41.3246935 ], [ -71.8846698, 41.3249853 ], [ -71.8847383, 41.3250718 ], [ -71.8848029, 41.3251462 ], [ -71.8849046, 41.3252517 ], [ -71.8850092, 41.3253483 ], [ -71.8851315, 41.3254482 ], [ -71.8852669, 41.325548 ], [ -71.8853714, 41.3256189 ], [ -71.8854994, 41.3257 ], [ -71.8858354, 41.325901 ], [ -71.8860632, 41.3260409 ], [ -71.8863248, 41.3261925 ], [ -71.8866934, 41.3264277 ], [ -71.8869856, 41.3266052 ], [ -71.8875169, 41.3269065 ], [ -71.8879108, 41.3271229 ], [ -71.8883194, 41.3273655 ], [ -71.8884615, 41.3274451 ], [ -71.8886129, 41.3275264 ], [ -71.8889213, 41.3276858 ], [ -71.8891171, 41.3277834 ], [ -71.8892694, 41.3278538 ], [ -71.8896484, 41.3280186 ], [ -71.890014, 41.3282015 ], [ -71.8901975, 41.3282876 ], [ -71.8903857, 41.3283703 ], [ -71.8905814, 41.3284525 ], [ -71.8911317, 41.3286677 ], [ -71.8914642, 41.3288179 ], [ -71.8918393, 41.3289873 ], [ -71.8918588, 41.3290024 ], [ -71.8919124, 41.3290345 ], [ -71.8920878, 41.329129 ], [ -71.8922899, 41.3292285 ], [ -71.8923472, 41.329255 ], [ -71.8924648, 41.3293093 ], [ -71.8926266, 41.3293801 ], [ -71.892789, 41.329445 ], [ -71.8929326, 41.3294967 ], [ -71.8930789, 41.3295435 ], [ -71.8932387, 41.3295892 ], [ -71.8934121, 41.3296341 ], [ -71.8935788, 41.3296739 ], [ -71.8937803, 41.3297179 ], [ -71.8943353, 41.3298215 ], [ -71.8947416, 41.3299105 ], [ -71.8948666, 41.3299354 ], [ -71.8950455, 41.3299649 ], [ -71.89531, 41.329999 ], [ -71.895371, 41.3300098 ], [ -71.895433, 41.3300237 ], [ -71.8954968, 41.330041 ], [ -71.8955584, 41.3300607 ], [ -71.89563, 41.3300872 ], [ -71.8958674, 41.3301818 ], [ -71.8961233, 41.3302644 ], [ -71.8961948, 41.330293 ], [ -71.896263, 41.3303254 ], [ -71.8963324, 41.3303623 ], [ -71.8964111, 41.3304081 ], [ -71.8966094, 41.3305299 ], [ -71.8966922, 41.3305837 ], [ -71.8967468, 41.3306227 ], [ -71.8967896, 41.3306571 ], [ -71.8968337, 41.3306974 ], [ -71.8968795, 41.3307451 ], [ -71.8969636, 41.3308453 ], [ -71.897259, 41.3312227 ], [ -71.8973364, 41.3313144 ], [ -71.8973991, 41.3313824 ], [ -71.8974617, 41.3314448 ], [ -71.8976736, 41.3316371 ], [ -71.8977145, 41.3316801 ], [ -71.897748, 41.3317216 ], [ -71.897776, 41.3317645 ], [ -71.8977974, 41.3318051 ], [ -71.8978119, 41.3318436 ], [ -71.8978205, 41.3318816 ], [ -71.8978224, 41.3319151 ], [ -71.8978172, 41.3319494 ], [ -71.8978059, 41.331978 ], [ -71.8977882, 41.3320032 ], [ -71.8977574, 41.3320296 ], [ -71.8977162, 41.3320498 ], [ -71.8976651, 41.3320625 ], [ -71.8976049, 41.3320673 ], [ -71.8975377, 41.3320641 ], [ -71.8974717, 41.3320534 ], [ -71.8974062, 41.3320349 ], [ -71.897343, 41.3320086 ], [ -71.8972793, 41.3319729 ], [ -71.8972145, 41.3319272 ], [ -71.8971601, 41.3318826 ], [ -71.8970154, 41.3317562 ], [ -71.8969105, 41.3316739 ], [ -71.8968273, 41.3316155 ], [ -71.8967035, 41.3315369 ], [ -71.8961109, 41.3311837 ], [ -71.8959257, 41.3310784 ], [ -71.895796, 41.3310106 ], [ -71.8956907, 41.3309598 ], [ -71.8955887, 41.330916 ], [ -71.8954843, 41.3308769 ], [ -71.8953575, 41.3308372 ], [ -71.8952323, 41.3308067 ], [ -71.8951058, 41.3307819 ], [ -71.8948471, 41.3307391 ], [ -71.8947667, 41.3307229 ], [ -71.8947036, 41.3307061 ], [ -71.8945888, 41.3306699 ], [ -71.8944794, 41.3306399 ], [ -71.8944071, 41.3306157 ], [ -71.8943018, 41.3305766 ], [ -71.8938711, 41.3304051 ], [ -71.8936566, 41.3303264 ], [ -71.8934799, 41.3302659 ], [ -71.8932131, 41.3301805 ], [ -71.8930763, 41.3301383 ], [ -71.8929592, 41.3301054 ], [ -71.8927887, 41.3300633 ], [ -71.8926279, 41.3300324 ], [ -71.8924731, 41.3300113 ], [ -71.8922699, 41.3299934 ], [ -71.8921671, 41.3299817 ], [ -71.8921054, 41.3299719 ] ], [ [ -71.951798, 41.3260931 ], [ -71.9522876, 41.32613 ], [ -71.952924, 41.3260932 ], [ -71.953022, 41.3251337 ], [ -71.9527284, 41.3247278 ], [ -71.9521409, 41.3247646 ], [ -71.9515534, 41.3250966 ], [ -71.9515044, 41.3258716 ], [ -71.951798, 41.3260931 ] ], [ [ -71.9610263, 41.2953779 ], [ -71.959971, 41.2953778 ], [ -71.9585317, 41.2963183 ], [ -71.9583397, 41.2968971 ], [ -71.9592032, 41.2973313 ], [ -71.9612179, 41.2976209 ], [ -71.9620813, 41.2969698 ], [ -71.9618897, 41.2958122 ], [ -71.9610263, 41.2953779 ] ], [ [ -71.9170658, 41.2944182 ], [ -71.9166233, 41.2951688 ], [ -71.9152408, 41.2953772 ], [ -71.9137476, 41.2958358 ], [ -71.9122546, 41.2957105 ], [ -71.9116464, 41.2952517 ], [ -71.9117019, 41.2942925 ], [ -71.9130291, 41.2935837 ], [ -71.914854, 41.2933753 ], [ -71.916347, 41.2936674 ], [ -71.9170658, 41.2944182 ] ], [ [ -71.9768164, 41.2937171 ], [ -71.9775176, 41.2939155 ], [ -71.9781312, 41.2935851 ], [ -71.9790079, 41.2925274 ], [ -71.979008, 41.2919325 ], [ -71.9783946, 41.2915358 ], [ -71.9769921, 41.2915356 ], [ -71.9767291, 41.2920645 ], [ -71.9768164, 41.2937171 ] ], [ [ -71.994516, 41.2883687 ], [ -71.9934789, 41.2894114 ], [ -71.9923729, 41.2895155 ], [ -71.9914742, 41.2894633 ], [ -71.9913361, 41.2890462 ], [ -71.9920275, 41.288212 ], [ -71.9932027, 41.2875864 ], [ -71.9943087, 41.2875345 ], [ -71.994516, 41.2883687 ] ], [ [ -70.8397742, 41.5967244 ], [ -70.8401573, 41.5985334 ], [ -70.8402181, 41.6019123 ], [ -70.839914, 41.6029625 ], [ -70.8387582, 41.604241 ], [ -70.8368724, 41.6053367 ], [ -70.8355949, 41.6061586 ], [ -70.8341349, 41.6067065 ], [ -70.8323708, 41.6068434 ], [ -70.8312758, 41.6065238 ], [ -70.8302417, 41.6056563 ], [ -70.8287209, 41.6036474 ], [ -70.8279301, 41.6029625 ], [ -70.825436, 41.6019123 ], [ -70.8242193, 41.6013187 ], [ -70.8231852, 41.6005425 ], [ -70.8230635, 41.5998119 ], [ -70.8231244, 41.598853 ], [ -70.8239152, 41.5977115 ], [ -70.824706, 41.5961132 ], [ -70.8244627, 41.5950173 ], [ -70.8236718, 41.593419 ], [ -70.8225769, 41.592597 ], [ -70.8212386, 41.5923687 ], [ -70.8169195, 41.5923687 ], [ -70.8161287, 41.591775 ], [ -70.8160679, 41.5909987 ], [ -70.8169195, 41.589994 ], [ -70.8184403, 41.5889892 ], [ -70.8197786, 41.5884412 ], [ -70.8211169, 41.5867057 ], [ -70.8216036, 41.585701 ], [ -70.8218052, 41.5851381 ], [ -70.8215236, 41.5839487 ], [ -70.8215236, 41.5833334 ], [ -70.8223938, 41.5831587 ], [ -70.824098, 41.5830905 ], [ -70.8271656, 41.583186 ], [ -70.8277473, 41.5833334 ], [ -70.8279415, 41.5834087 ], [ -70.8294944, 41.5842243 ], [ -70.8337699, 41.5882129 ], [ -70.8371765, 41.5926427 ], [ -70.8381498, 41.5943323 ], [ -70.8390408, 41.5957334 ], [ -70.8397742, 41.5967244 ] ], [ [ -70.8463622, 41.5960458 ], [ -70.8473596, 41.5977414 ], [ -70.847741, 41.5987984 ], [ -70.8479757, 41.5994811 ], [ -70.8473303, 41.6000977 ], [ -70.8465382, 41.600494 ], [ -70.8452474, 41.6000536 ], [ -70.84469, 41.5989746 ], [ -70.8428712, 41.5966404 ], [ -70.8417271, 41.595297 ], [ -70.841375, 41.594262 ], [ -70.8414924, 41.5933811 ], [ -70.8421671, 41.5930287 ], [ -70.8428712, 41.5929847 ], [ -70.8439273, 41.5939317 ], [ -70.8448367, 41.5949007 ], [ -70.8463622, 41.5960458 ] ], [ [ -70.8450709, 41.6060199 ], [ -70.8444175, 41.605644 ], [ -70.8440691, 41.605219 ], [ -70.8439167, 41.604794 ], [ -70.8439167, 41.6044018 ], [ -70.8442869, 41.6040258 ], [ -70.84555, 41.6041239 ], [ -70.8465517, 41.6045816 ], [ -70.8470961, 41.6053334 ], [ -70.8467913, 41.606118 ], [ -70.8464428, 41.6062814 ], [ -70.8461162, 41.6062978 ], [ -70.8450709, 41.6060199 ] ], [ [ -70.8199327, 41.5965593 ], [ -70.8198271, 41.59611 ], [ -70.8197567, 41.5956608 ], [ -70.8200031, 41.5952116 ], [ -70.8203551, 41.5949737 ], [ -70.820848, 41.5949209 ], [ -70.821552, 41.5950266 ], [ -70.8221505, 41.5954494 ], [ -70.8226081, 41.5960043 ], [ -70.8227842, 41.59685 ], [ -70.8226786, 41.5972464 ], [ -70.8220449, 41.5974578 ], [ -70.8216576, 41.5974049 ], [ -70.8209888, 41.5973785 ], [ -70.8203903, 41.5970614 ], [ -70.8199327, 41.5965593 ] ], [ [ -70.8038288, 41.6191038 ], [ -70.8047496, 41.6192689 ], [ -70.8053119, 41.6190304 ], [ -70.8056297, 41.6186268 ], [ -70.8056053, 41.6180398 ], [ -70.8050919, 41.6172143 ], [ -70.8039673, 41.6168474 ], [ -70.8032828, 41.616884 ], [ -70.802525, 41.6171592 ], [ -70.8021338, 41.6175628 ], [ -70.8021827, 41.6179848 ], [ -70.8028183, 41.6184434 ], [ -70.8038288, 41.6191038 ] ], [ [ -70.8477332, 41.619004 ], [ -70.8476008, 41.6187184 ], [ -70.847518, 41.6181844 ], [ -70.8480807, 41.6176255 ], [ -70.8486931, 41.6174641 ], [ -70.8493054, 41.6176628 ], [ -70.8501991, 41.6180602 ], [ -70.8506956, 41.6187805 ], [ -70.8506956, 41.6193021 ], [ -70.8504473, 41.6196374 ], [ -70.8502156, 41.6197367 ], [ -70.8493385, 41.619774 ], [ -70.84866, 41.6195629 ], [ -70.8477332, 41.619004 ] ], [ [ -70.8422155, 41.6192832 ], [ -70.8430734, 41.6199091 ], [ -70.8436454, 41.6209463 ], [ -70.8431449, 41.6213755 ], [ -70.8425493, 41.6215084 ], [ -70.8421456, 41.6214832 ], [ -70.8414727, 41.6213822 ], [ -70.8409342, 41.6211299 ], [ -70.8402613, 41.6204992 ], [ -70.8402613, 41.6202721 ], [ -70.840452, 41.6196588 ], [ -70.8409763, 41.6192653 ], [ -70.8422155, 41.6192832 ] ], [ [ -70.8187443, 41.6261445 ], [ -70.8181127, 41.6261292 ], [ -70.8169719, 41.6256095 ], [ -70.8165644, 41.6251356 ], [ -70.8164015, 41.6245853 ], [ -70.8166663, 41.6239739 ], [ -70.8171145, 41.623714 ], [ -70.8183165, 41.6238363 ], [ -70.8188462, 41.6240197 ], [ -70.819437, 41.6245548 ], [ -70.8197833, 41.6251968 ], [ -70.8198648, 41.6256248 ], [ -70.8192536, 41.6260222 ], [ -70.8187443, 41.6261445 ] ], [ [ -70.8583588, 41.625084 ], [ -70.8589502, 41.6248332 ], [ -70.859815, 41.6250495 ], [ -70.8605562, 41.625513 ], [ -70.8607817, 41.6263707 ], [ -70.860748, 41.6269005 ], [ -70.8603778, 41.6271023 ], [ -70.8598394, 41.6271529 ], [ -70.8590428, 41.6270757 ], [ -70.8586053, 41.6268234 ], [ -70.8583697, 41.6265208 ], [ -70.8581678, 41.6261928 ], [ -70.8581067, 41.6256125 ], [ -70.8583588, 41.625084 ] ] ] } },
{ "type": "Feature", "properties": { "RCID": 349, "PRIM": 3, "GRUP": 2, "OBJL": 27, "RVER": 1, "AGEN": 550, "FIDN": 572185378, "FIDS": 48294, "LNAM": "0226221ADB22BCA6", "INFORM": "Most features, including bathymetry, are omitted in this area.  The minimal depiction of detail in this area does not support safe navigation, mariners should use a more appropriate navigational purpose chart.", "SCAMIN": 1499999, "SORDAT": "200303", "SORIND": "US,US,graph,Chart 12300" }, "geometry": { "type": "Polygon", "coordinates": [ [ [ -72.0, 41.0400775 ], [ -71.9988757, 41.0409943 ], [ -71.997277, 41.0420261 ], [ -71.9953022, 41.0443044 ], [ -71.9939857, 41.046725 ], [ -71.9928572, 41.0474726 ], [ -71.9913056, 41.0482201 ], [ -71.9892837, 41.0487893 ], [ -71.9864626, 41.0488961 ], [ -71.9834533, 41.0488249 ], [ -71.9813375, 41.0481486 ], [ -71.9808543, 41.0476608 ], [ -71.9806322, 41.0474367 ], [ -71.9806792, 41.0466536 ], [ -71.9803971, 41.0455501 ], [ -71.9787984, 41.044233 ], [ -71.9773408, 41.0432362 ], [ -71.9745667, 41.0419546 ], [ -71.9725919, 41.0411002 ], [ -71.9707581, 41.0409934 ], [ -71.9682191, 41.0411714 ], [ -71.9654449, 41.0421682 ], [ -71.9635171, 41.0430579 ], [ -71.960884, 41.0446955 ], [ -71.9596615, 41.045977 ], [ -71.9586271, 41.047294 ], [ -71.9577808, 41.0491094 ], [ -71.9574516, 41.0503197 ], [ -71.9576867, 41.0516723 ], [ -71.958298, 41.0527045 ], [ -71.9585331, 41.0538788 ], [ -71.9585331, 41.0561923 ], [ -71.9593794, 41.0589328 ], [ -71.9603198, 41.0607478 ], [ -71.9611191, 41.0620638 ], [ -71.9617774, 41.0630959 ], [ -71.9619655, 41.0640211 ], [ -71.9616834, 41.0647329 ], [ -71.9610251, 41.0659428 ], [ -71.9601317, 41.0677577 ], [ -71.9598496, 41.0686473 ], [ -71.9601317, 41.0696437 ], [ -71.9599436, 41.0705333 ], [ -71.9591913, 41.071067 ], [ -71.9572635, 41.072099 ], [ -71.9565112, 41.0728106 ], [ -71.9554298, 41.0732376 ], [ -71.953549, 41.0732376 ], [ -71.950963, 41.0733088 ], [ -71.9491918, 41.0734398 ], [ -71.9473095, 41.0737647 ], [ -71.9446676, 41.0748643 ], [ -71.9411672, 41.0761388 ], [ -71.939483, 41.0767385 ], [ -71.9387235, 41.0767885 ], [ -71.9381291, 41.0765636 ], [ -71.9381218, 41.0765554 ], [ -71.9377328, 41.0761138 ], [ -71.9374356, 41.075464 ], [ -71.9372919, 41.0746063 ], [ -71.9374714, 41.0742532 ], [ -71.938225, 41.0737916 ], [ -71.9392532, 41.073419 ], [ -71.9399593, 41.0730261 ], [ -71.9402085, 41.0726489 ], [ -71.9402085, 41.0723817 ], [ -71.9399385, 41.0721616 ], [ -71.939627, 41.0722402 ], [ -71.939274, 41.0724288 ], [ -71.9387963, 41.0725703 ], [ -71.9383186, 41.0725388 ], [ -71.938111, 41.0723817 ], [ -71.9380071, 41.0721459 ], [ -71.9381173, 41.071809 ], [ -71.938225, 41.0708313 ], [ -71.938548, 41.0686314 ], [ -71.938548, 41.0677351 ], [ -71.9380097, 41.0673277 ], [ -71.9373278, 41.0674092 ], [ -71.9365742, 41.0680067 ], [ -71.9360718, 41.0691474 ], [ -71.9358565, 41.0699351 ], [ -71.9355694, 41.0703968 ], [ -71.9350311, 41.0708856 ], [ -71.9346004, 41.0710486 ], [ -71.9334161, 41.0710486 ], [ -71.932196, 41.0702881 ], [ -71.9317653, 41.0695005 ], [ -71.9310835, 41.0676537 ], [ -71.930904, 41.0669203 ], [ -71.9308682, 41.0665129 ], [ -71.9310117, 41.0662142 ], [ -71.9316936, 41.0658882 ], [ -71.9327343, 41.0657253 ], [ -71.9337032, 41.0658882 ], [ -71.9346722, 41.0660783 ], [ -71.9350669, 41.0660512 ], [ -71.9354258, 41.0658339 ], [ -71.9354617, 41.0655351 ], [ -71.9352464, 41.0651005 ], [ -71.9350115, 41.0644703 ], [ -71.9318965, 41.0605666 ], [ -71.9294454, 41.0585567 ], [ -71.9279645, 41.0576677 ], [ -71.9264326, 41.0565467 ], [ -71.9261772, 41.0550779 ], [ -71.926024, 41.0527585 ], [ -71.9253602, 41.0519081 ], [ -71.9247474, 41.0519854 ], [ -71.9247474, 41.0526426 ], [ -71.9249517, 41.0548459 ], [ -71.9250027, 41.0557736 ], [ -71.9247985, 41.0558123 ], [ -71.9244921, 41.0555031 ], [ -71.9237772, 41.0546913 ], [ -71.9220517, 41.0525371 ], [ -71.9204817, 41.0514777 ], [ -71.9201957, 41.0512848 ], [ -71.9187835, 41.0504602 ], [ -71.9171292, 41.0500325 ], [ -71.915596, 41.0496965 ], [ -71.9129331, 41.0485358 ], [ -71.9121665, 41.0485053 ], [ -71.9103912, 41.0489024 ], [ -71.9096649, 41.0495744 ], [ -71.908979, 41.0504296 ], [ -71.9083738, 41.0514681 ], [ -71.9081317, 41.0528731 ], [ -71.9078089, 41.0558662 ], [ -71.9078089, 41.0573017 ], [ -71.9082527, 41.0592563 ], [ -71.9086965, 41.0601114 ], [ -71.9092614, 41.0609054 ], [ -71.9097052, 41.0612108 ], [ -71.9106736, 41.0615467 ], [ -71.9120858, 41.0618521 ], [ -71.9134576, 41.0622797 ], [ -71.9144259, 41.0627683 ], [ -71.9152732, 41.064203 ], [ -71.9160802, 41.0676232 ], [ -71.9164433, 41.0689665 ], [ -71.9170082, 41.069852 ], [ -71.9180976, 41.0706459 ], [ -71.9196308, 41.0711345 ], [ -71.9209219, 41.0714398 ], [ -71.9218499, 41.0714398 ], [ -71.9228183, 41.0714093 ], [ -71.9241901, 41.0713177 ], [ -71.9265303, 41.0721116 ], [ -71.9282652, 41.0727517 ], [ -71.9306054, 41.0736982 ], [ -71.9338332, 41.0747364 ], [ -71.9365365, 41.0764157 ], [ -71.9373838, 41.0784307 ], [ -71.9371793, 41.0787881 ], [ -71.9368302, 41.07909 ], [ -71.936082, 41.0792032 ], [ -71.9347853, 41.0790145 ], [ -71.9336315, 41.0789192 ], [ -71.9307205, 41.0793164 ], [ -71.9280522, 41.079675 ], [ -71.9250099, 41.079958 ], [ -71.9217289, 41.0800783 ], [ -71.9180169, 41.0802004 ], [ -71.9148294, 41.08133 ], [ -71.9096649, 41.0838029 ], [ -71.9065985, 41.0853598 ], [ -71.9047021, 41.0862452 ], [ -71.9037338, 41.0866115 ], [ -71.9026847, 41.0863673 ], [ -71.9018778, 41.0858788 ], [ -71.9013532, 41.0849019 ], [ -71.9008287, 41.0832229 ], [ -71.9002639, 41.0820933 ], [ -71.8985692, 41.0800478 ], [ -71.8976412, 41.078796 ], [ -71.8957853, 41.0774221 ], [ -71.8940948, 41.0764334 ], [ -71.8929046, 41.0759831 ], [ -71.891261, 41.0754256 ], [ -71.8911792, 41.075428 ], [ -71.8890224, 41.0754899 ], [ -71.8857069, 41.075833 ], [ -71.8828165, 41.0763477 ], [ -71.880818, 41.0769895 ], [ -71.8795296, 41.0771153 ], [ -71.8787815, 41.077131 ], [ -71.8764125, 41.0772726 ], [ -71.8744382, 41.0765964 ], [ -71.8733368, 41.0756528 ], [ -71.8717575, 41.0755113 ], [ -71.8684117, 41.0759831 ], [ -71.866583, 41.0762347 ], [ -71.8637401, 41.075917 ], [ -71.8615207, 41.0753509 ], [ -71.8603487, 41.0747659 ], [ -71.8588149, 41.0737521 ], [ -71.8587603, 41.0736753 ], [ -71.85731, 41.0729047 ], [ -71.857122, 41.072655 ], [ -71.8568535, 41.0720776 ], [ -71.8566839, 41.0711794 ], [ -71.856693, 41.0710934 ], [ -71.8567742, 41.070329 ], [ -71.8568111, 41.0699818 ], [ -71.8571304, 41.0691816 ], [ -71.8587823, 41.0672792 ], [ -71.8617191, 41.0647966 ], [ -71.8641948, 41.06301 ], [ -71.8644239, 41.0628446 ], [ -71.8661851, 41.0616306 ], [ -71.8664996, 41.0607736 ], [ -71.8667198, 41.0600119 ], [ -71.8669085, 41.0594643 ], [ -71.8685754, 41.0590596 ], [ -71.8706643, 41.0575591 ], [ -71.871689, 41.0568689 ], [ -71.8730099, 41.0552263 ], [ -71.8736389, 41.0541311 ], [ -71.8736389, 41.0533693 ], [ -71.8739534, 41.0525598 ], [ -71.874551, 41.052036 ], [ -71.8752744, 41.0517265 ], [ -71.876438, 41.051298 ], [ -71.8784823, 41.0506313 ], [ -71.8805581, 41.0500599 ], [ -71.8828435, 41.0494879 ], [ -71.8889379, 41.0472022 ], [ -71.8942496, 41.0450011 ], [ -71.8980878, 41.0431279 ], [ -71.9002289, 41.0418975 ], [ -71.9015961, 41.0405694 ], [ -71.9040725, 41.039085 ], [ -71.906162, 41.0390069 ], [ -71.9082257, 41.0392608 ], [ -71.9111665, 41.0394366 ], [ -71.9153285, 41.0398784 ], [ -71.91695, 41.0397937 ], [ -71.9183478, 41.0394127 ], [ -71.9214789, 41.0381842 ], [ -71.9260637, 41.0367448 ], [ -71.9375816, 41.0337812 ], [ -71.9378951, 41.0336798 ], [ -71.945088, 41.0313536 ], [ -71.9479254, 41.0304359 ], [ -71.955194, 41.0281495 ], [ -71.9676065, 41.0241693 ], [ -71.9809136, 41.0186639 ], [ -71.9870081, 41.0163347 ], [ -71.9924875, 41.0142596 ], [ -72.0, 41.011299 ], [ -72.0, 40.9853981 ], [ -71.9985637, 40.986017 ], [ -71.9932017, 40.9878445 ], [ -71.9919526, 40.9884953 ], [ -71.984659, 40.99158 ], [ -71.9825847, 40.992104 ], [ -71.981804, 40.9924984 ], [ -71.9758709, 40.9941153 ], [ -71.9704582, 40.994799 ], [ -71.9572906, 40.9954172 ], [ -71.951982, 40.9951807 ], [ -71.9482346, 40.994471 ], [ -71.9408961, 40.9926967 ], [ -71.9404277, 40.9926968 ], [ -71.9390225, 40.9923419 ], [ -71.9366804, 40.991987 ], [ -71.9338699, 40.9916322 ], [ -71.9321524, 40.9916322 ], [ -71.929342, 40.9921647 ], [ -71.9255347, 40.9936072 ], [ -71.9218991, 40.9958374 ], [ -71.9181005, 40.9990264 ], [ -71.9177102, 40.9997362 ], [ -71.9148117, 41.0034567 ], [ -71.9129942, 41.0062732 ], [ -71.9100559, 41.0108266 ], [ -71.9102354, 41.0120053 ], [ -71.9105286, 41.0139301 ], [ -71.9110751, 41.0153493 ], [ -71.9113875, 41.0167684 ], [ -71.9113875, 41.0174779 ], [ -71.9110753, 41.0178919 ], [ -71.9096701, 41.0181876 ], [ -71.9087332, 41.0180694 ], [ -71.9078745, 41.0175372 ], [ -71.9052981, 41.0143441 ], [ -71.9042051, 41.0132798 ], [ -71.9032682, 41.0128067 ], [ -71.9016287, 41.012245 ], [ -71.9010771, 41.0122992 ], [ -71.8995209, 41.0124521 ], [ -71.8985841, 41.0127477 ], [ -71.8973796, 41.0134152 ], [ -71.8970228, 41.0142261 ], [ -71.8968158, 41.0158731 ], [ -71.8965546, 41.0179514 ], [ -71.8957741, 41.0206123 ], [ -71.8951495, 41.0220313 ], [ -71.8943904, 41.0231814 ], [ -71.8933814, 41.0238859 ], [ -71.8930539, 41.0241146 ], [ -71.8901077, 41.0240445 ], [ -71.8871616, 41.0246057 ], [ -71.8854079, 41.0269906 ], [ -71.883023, 41.0317605 ], [ -71.8816201, 41.0347067 ], [ -71.8808268, 41.0350689 ], [ -71.8794578, 41.0354576 ], [ -71.8780888, 41.0355613 ], [ -71.8776572, 41.0356015 ], [ -71.8773016, 41.0357686 ], [ -71.8769594, 41.0363387 ], [ -71.8751077, 41.0397814 ], [ -71.8735256, 41.042723 ], [ -71.8722766, 41.0444075 ], [ -71.8652975, 41.0489489 ], [ -71.8519015, 41.0579716 ], [ -71.8502622, 41.0593899 ], [ -71.8439503, 41.0660052 ], [ -71.8425337, 41.0664217 ], [ -71.8417443, 41.0664368 ], [ -71.8409723, 41.0666384 ], [ -71.8391963, 41.0664144 ], [ -71.8389426, 41.0660673 ], [ -71.8390206, 41.0653583 ], [ -71.8393328, 41.0646492 ], [ -71.8418511, 41.0617931 ], [ -71.843262, 41.0593901 ], [ -71.8444589, 41.0566717 ], [ -71.845413, 41.0549382 ], [ -71.8487784, 41.0511164 ], [ -71.8513421, 41.0484696 ], [ -71.8533972, 41.0455968 ], [ -71.8544841, 41.0440776 ], [ -71.8576317, 41.0390726 ], [ -71.8571133, 41.0378953 ], [ -71.8531086, 41.0352782 ], [ -71.8500279, 41.0332649 ], [ -71.8476048, 41.0312684 ], [ -71.8445325, 41.0286497 ], [ -71.8420662, 41.0272422 ], [ -71.8381286, 41.0257934 ], [ -71.832695, 41.0251668 ], [ -71.8317582, 41.0252259 ], [ -71.8245446, 41.0247059 ], [ -71.8144269, 41.0242214 ], [ -71.8027167, 41.0241626 ], [ -71.798579, 41.0244288 ], [ -71.7944415, 41.0249512 ], [ -71.7936553, 41.0251497 ], [ -71.7928801, 41.0253454 ], [ -71.792318, 41.0253454 ], [ -71.7890548, 41.0263752 ], [ -71.7863225, 41.0274149 ], [ -71.7824191, 41.0293659 ], [ -71.7816932, 41.0297935 ], [ -71.7769785, 41.0325706 ], [ -71.7764858, 41.0329282 ], [ -71.77088, 41.036616 ], [ -71.7699113, 41.0372851 ], [ -71.7680521, 41.0383736 ], [ -71.7632411, 41.0412326 ], [ -71.7619458, 41.0420039 ], [ -71.7598293, 41.0432642 ], [ -71.7567433, 41.0459198 ], [ -71.7567228, 41.0459442 ], [ -71.7531399, 41.0502005 ], [ -71.7511656, 41.0524786 ], [ -71.7477346, 41.0551773 ], [ -71.7449175, 41.0574034 ], [ -71.7438053, 41.0582822 ], [ -71.7428661, 41.0594283 ], [ -71.7417959, 41.0612558 ], [ -71.7404702, 41.0635195 ], [ -71.7382302, 41.0681161 ], [ -71.7358931, 41.0736025 ], [ -71.7347484, 41.0758764 ], [ -71.7333081, 41.0790812 ], [ -71.7311161, 41.0832548 ], [ -71.7307211, 41.0840068 ], [ -71.7305809, 41.0847712 ], [ -71.7304628, 41.0854149 ], [ -71.7290037, 41.0933691 ], [ -71.7288676, 41.0946031 ], [ -71.7287116, 41.0967293 ], [ -71.7277162, 41.1043769 ], [ -71.727712, 41.1044087 ], [ -71.7277006, 41.1044966 ], [ -71.7276884, 41.1045902 ], [ -71.7265189, 41.1093963 ], [ -71.7260862, 41.1104752 ], [ -71.7243987, 41.1126982 ], [ -71.7233147, 41.1136318 ], [ -71.7222351, 41.1145616 ], [ -71.7191629, 41.1158038 ], [ -71.7140358, 41.1176331 ], [ -71.7126406, 41.118159 ], [ -71.7121622, 41.1184008 ], [ -71.7113035, 41.1191092 ], [ -71.7111474, 41.1198767 ], [ -71.7124747, 41.1223562 ], [ -71.713504, 41.1235238 ], [ -71.7142963, 41.1244224 ], [ -71.7302601, 41.1372816 ], [ -71.7330375, 41.1388562 ], [ -71.7356642, 41.1396002 ], [ -71.7385504, 41.1404178 ], [ -71.7421092, 41.1413144 ], [ -71.7554134, 41.1446665 ], [ -71.7659892, 41.1466649 ], [ -71.7738181, 41.1461267 ], [ -71.7774287, 41.145138 ], [ -71.7783656, 41.1446659 ], [ -71.7792242, 41.1436035 ], [ -71.7793804, 41.1428954 ], [ -71.7793021, 41.1397084 ], [ -71.7796924, 41.1390001 ], [ -71.7803169, 41.1382918 ], [ -71.7812537, 41.1377606 ], [ -71.7825808, 41.1373868 ], [ -71.7857603, 41.1371864 ], [ -71.7881237, 41.1375834 ], [ -71.7892167, 41.1380555 ], [ -71.7901535, 41.1386457 ], [ -71.792435, 41.1405736 ], [ -71.7954625, 41.1436031 ], [ -71.7963213, 41.1442522 ], [ -71.7973361, 41.1447834 ], [ -71.8031133, 41.1464946 ], [ -71.8071729, 41.1471436 ], [ -71.8120717, 41.1477484 ], [ -71.8158244, 41.1479373 ], [ -71.8212252, 41.1476153 ], [ -71.8248944, 41.1471431 ], [ -71.8273145, 41.147084 ], [ -71.8282514, 41.147202 ], [ -71.8319987, 41.1482641 ], [ -71.8329355, 41.1480871 ], [ -71.8333259, 41.147792 ], [ -71.8337942, 41.1470838 ], [ -71.8338723, 41.1467297 ], [ -71.8338723, 41.1460216 ], [ -71.8333864, 41.1438774 ], [ -71.8320765, 41.141501 ], [ -71.8320764, 41.1407692 ], [ -71.8323101, 41.139518 ], [ -71.8325459, 41.1390541 ], [ -71.8337683, 41.1387047 ], [ -71.835261, 41.1376443 ], [ -71.8399338, 41.13755 ], [ -71.8431113, 41.1377856 ], [ -71.8456658, 41.1388689 ], [ -71.8492515, 41.1408867 ], [ -71.8637722, 41.1407092 ], [ -71.8693931, 41.1401779 ], [ -71.8712667, 41.1396466 ], [ -71.8721254, 41.1389974 ], [ -71.8724116, 41.1385252 ], [ -71.8719952, 41.1366365 ], [ -71.8710583, 41.1345117 ], [ -71.8693302, 41.1325522 ], [ -71.8673628, 41.1315605 ], [ -71.8659576, 41.1312065 ], [ -71.8640839, 41.1312065 ], [ -71.8631472, 41.1313246 ], [ -71.8581508, 41.1326626 ], [ -71.8570579, 41.1330365 ], [ -71.8541695, 41.1345712 ], [ -71.8532326, 41.1349254 ], [ -71.8516712, 41.1351615 ], [ -71.8507345, 41.1350435 ], [ -71.8493292, 41.1342762 ], [ -71.8486265, 41.133627 ], [ -71.8480019, 41.1328007 ], [ -71.8480019, 41.1319152 ], [ -71.8483699, 41.1302456 ], [ -71.8510351, 41.1275583 ], [ -71.8545317, 41.1249148 ], [ -71.8551057, 41.1244182 ], [ -71.8558468, 41.1236943 ], [ -71.8578211, 41.1223608 ], [ -71.8593033, 41.1217063 ], [ -71.8618867, 41.121005 ], [ -71.8644371, 41.1206543 ], [ -71.8680142, 41.1205541 ], [ -71.8709534, 41.1206985 ], [ -71.8729832, 41.1206985 ], [ -71.8788124, 41.121433 ], [ -71.8828199, 41.122115 ], [ -71.8879677, 41.1231727 ], [ -71.8908199, 41.1235901 ], [ -71.8935934, 41.1237677 ], [ -71.8969151, 41.1237292 ], [ -71.9012393, 41.1235727 ], [ -71.9027113, 41.1236771 ], [ -71.9039994, 41.1240597 ], [ -71.9052483, 41.1245822 ], [ -71.9079624, 41.1261997 ], [ -71.9097794, 41.1271388 ], [ -71.9120335, 41.1273997 ], [ -71.9151387, 41.1276258 ], [ -71.9179218, 41.1283041 ], [ -71.9212799, 41.1302519 ], [ -71.924914, 41.1333474 ], [ -71.9261101, 41.1342169 ], [ -71.9285712, 41.1353298 ], [ -71.9311013, 41.135695 ], [ -71.9335394, 41.1357993 ], [ -71.9359775, 41.1355211 ], [ -71.9391976, 41.1343734 ], [ -71.9428087, 41.1328779 ], [ -71.9437978, 41.1327387 ], [ -71.9450858, 41.1331213 ], [ -71.9467649, 41.1340778 ], [ -71.949111, 41.1349299 ], [ -71.950169, 41.1350516 ], [ -71.9510661, 41.1348255 ], [ -71.9521241, 41.1340778 ], [ -71.9532282, 41.1321127 ], [ -71.9535042, 41.1287389 ], [ -71.9537112, 41.127678 ], [ -71.9561723, 41.1261127 ], [ -71.9566026, 41.1257448 ], [ -71.957485, 41.124675 ], [ -71.95709, 41.123885 ], [ -71.955225, 41.122395 ], [ -71.95407, 41.12091 ], [ -71.95361, 41.119195 ], [ -71.951675, 41.118615 ], [ -71.946675, 41.11725 ], [ -71.945765, 41.11601 ], [ -71.94578, 41.114295 ], [ -71.94659, 41.112425 ], [ -71.94827, 41.108315 ], [ -71.94826, 41.106215 ], [ -71.947585, 41.10397 ], [ -71.946095, 41.10229 ], [ -71.93862, 41.098615 ], [ -71.935945, 41.09667 ], [ -71.932945, 41.09463 ], [ -71.92812, 41.092595 ], [ -71.92708, 41.091575 ], [ -71.926775, 41.090295 ], [ -71.92748, 41.087705 ], [ -71.92827, 41.085555 ], [ -71.9294989, 41.0841491 ], [ -71.9302835, 41.0840245 ], [ -71.9319481, 41.0839432 ], [ -71.9332041, 41.0840857 ], [ -71.9347652, 41.0846901 ], [ -71.93859, 41.086895 ], [ -71.94172, 41.087955 ], [ -71.9446, 41.088195 ], [ -71.946345, 41.087095 ], [ -71.947515, 41.087305 ], [ -71.94856, 41.08769 ], [ -71.949645, 41.086155 ], [ -71.95067, 41.08596 ], [ -71.951525, 41.086835 ], [ -71.952825, 41.08698 ], [ -71.95651, 41.082905 ], [ -71.959655, 41.08055 ], [ -71.962295, 41.079195 ], [ -71.963995, 41.076695 ], [ -71.965545, 41.07302 ], [ -71.966755, 41.068515 ], [ -71.96758, 41.06709 ], [ -71.96905, 41.06712 ], [ -71.97386, 41.06823 ], [ -71.979705, 41.068805 ], [ -71.98464, 41.06865 ], [ -71.985405, 41.069555 ], [ -71.985075, 41.07088 ], [ -71.98412, 41.071885 ], [ -71.982165, 41.073025 ], [ -71.98204, 41.074045 ], [ -71.98173, 41.075615 ], [ -71.98031, 41.077485 ], [ -71.981055, 41.0779 ], [ -71.98339, 41.07839 ], [ -71.9842, 41.079355 ], [ -71.98355, 41.08082 ], [ -71.98246, 41.08255 ], [ -71.98342, 41.083095 ], [ -71.986825, 41.08352 ], [ -71.989815, 41.084115 ], [ -71.994705, 41.085875 ], [ -71.99861, 41.087125 ], [ -72.0, 41.0868021 ], [ -72.0, 41.0400775 ] ] ] } },
{ "type": "Feature", "properties": { "RCID": 350, "PRIM": 3, "GRUP": 2, "OBJL": 27, "RVER": 1, "AGEN": 550, "FIDN": 529604827, "FIDS": 48294, "LNAM": "02261F9120DBBCA6", "INFORM": "The cables and wind turbines charted in this area are under construction. Mariners are advised to use caution, as construction equipment may be moving in the area. Please refer to USCG LNM for information on Safety Zones.", "SCAMIN": 1499999, "SORDAT": "20241118", "SORIND": "US,US,reprt,L-414-2024" }, "geometry": { "type": "Polygon", "coordinates": [ [ [ -71.2169741, 40.9526649 ], [ -71.1, 40.9546542 ], [ -71.0260858, 40.9559112 ], [ -71.0266123, 40.9737753 ], [ -71.00462, 40.9742745 ], [ -70.9443455, 40.9918917 ], [ -70.929037, 40.9920899 ], [ -70.9284987, 40.9755452 ], [ -70.9166203, 40.9757435 ], [ -70.9171025, 40.9923898 ], [ -70.8298115, 40.9937646 ], [ -70.8299153, 41.0034376 ], [ -70.8509758, 41.003241 ], [ -70.8509114, 41.0358442 ], [ -70.9401905, 41.034797 ], [ -70.9404305, 41.041225 ], [ -70.9407968, 41.0510352 ], [ -70.9527901, 41.0509009 ], [ -70.9524266, 41.041225 ], [ -70.9522089, 41.0354313 ], [ -71.1, 41.0335128 ], [ -71.2823721, 41.0311454 ], [ -71.2806628, 40.9515818 ], [ -71.2291754, 40.9524574 ], [ -71.2169741, 40.9526649 ] ] ] } },
{ "type": "Feature", "properties": { "RCID": 352, "PRIM": 3, "GRUP": 2, "OBJL": 27, "RVER": 3, "AGEN": 550, "FIDN": 1425563552, "FIDS": 48294, "LNAM": "022654F85FA0BCA6", "INFORM": "The cables and wind turbines charted in this area are under construction. Mariners are advised to use caution, as construction equipment may be moving in the area. Please refer to USCG LNM for information on Safety Zones.", "SCAMIN": 1499999, "SORDAT": "20231215", "SORIND": "US,US,reprt,L-301-2023" }, "geometry": { "type": "Polygon", "coordinates": [ [ [ -71.1788171, 41.2303076 ], [ -71.0568947, 41.2325534 ], [ -71.0561833, 41.2068741 ], [ -71.1001482, 41.2061096 ], [ -71.0995452, 41.1651657 ], [ -70.9670154, 41.1672348 ], [ -70.9666827, 41.1582218 ], [ -71.0321955, 41.1571974 ], [ -71.0317182, 41.1159302 ], [ -70.9869721, 41.1163465 ], [ -70.9866128, 41.1012976 ], [ -70.9488761, 41.1010389 ], [ -70.9496637, 41.1139695 ], [ -70.9259348, 41.1316119 ], [ -70.9112233, 41.1350943 ], [ -70.833984, 41.1360464 ], [ -70.8326696, 41.1106803 ], [ -70.9270263, 41.1087757 ], [ -70.942571, 41.0965454 ], [ -70.9415609, 41.0755179 ], [ -71.0638366, 41.0733604 ], [ -71.0652952, 41.1156149 ], [ -71.0689894, 41.1231382 ], [ -71.086503, 41.122935 ], [ -71.0880668, 41.139632 ], [ -71.1124725, 41.1450372 ], [ -71.1223389, 41.1556519 ], [ -71.2646383, 41.1529296 ], [ -71.2650349, 41.1619977 ], [ -71.2210446, 41.1627651 ], [ -71.2218358, 41.1961129 ], [ -71.1998503, 41.1965456 ], [ -71.2002242, 41.2132014 ], [ -71.178368, 41.2136324 ], [ -71.1788171, 41.2303076 ] ] ] } },
{ "type": "Feature", "properties": { "RCID": 353, "PRIM": 3, "GRUP": 2, "OBJL": 27, "RVER": 1, "AGEN": 550, "FIDN": -607291494, "FIDS": 48294, "LNAM": "0226DBCD779ABCA6", "INFORM": "Cables are under construction. Mariners are advised to use caution, as construction equipment and support vessels may be working and moving in the area.", "SCAMIN": 1499999, "SORDAT": "20241118", "SORIND": "US,US,reprt,L-414-2024" }, "geometry": { "type": "Polygon", "coordinates": [ [ [ -71.5993927, 40.8 ], [ -71.587095, 40.8 ], [ -71.5776505, 40.8041644 ], [ -71.5776382, 40.8041698 ], [ -71.5776281, 40.8041742 ], [ -71.5776177, 40.8041786 ], [ -71.5776077, 40.8041829 ], [ -71.5775975, 40.8041872 ], [ -71.5775872, 40.8041916 ], [ -71.5775768, 40.8041958 ], [ -71.5775664, 40.8042001 ], [ -71.5775564, 40.8042042 ], [ -71.5775459, 40.8042084 ], [ -71.5775356, 40.8042125 ], [ -71.5775251, 40.8042167 ], [ -71.5775148, 40.8042207 ], [ -71.5775043, 40.8042248 ], [ -71.577494, 40.8042288 ], [ -71.5774834, 40.8042328 ], [ -71.5774729, 40.8042368 ], [ -71.5774624, 40.8042407 ], [ -71.5774518, 40.8042446 ], [ -71.577441, 40.8042486 ], [ -71.5774309, 40.8042522 ], [ -71.5774203, 40.804256 ], [ -71.5774096, 40.8042598 ], [ -71.5773989, 40.8042636 ], [ -71.5773881, 40.8042673 ], [ -71.5773776, 40.8042709 ], [ -71.5773667, 40.8042746 ], [ -71.5773564, 40.8042781 ], [ -71.5773454, 40.8042818 ], [ -71.5773348, 40.8042853 ], [ -71.5773238, 40.8042888 ], [ -71.5773132, 40.8042923 ], [ -71.5773022, 40.8042958 ], [ -71.5772916, 40.8042991 ], [ -71.5772808, 40.8043025 ], [ -71.5772699, 40.8043058 ], [ -71.577259, 40.8043092 ], [ -71.5772481, 40.8043124 ], [ -71.5772373, 40.8043157 ], [ -71.5772263, 40.8043189 ], [ -71.5772153, 40.8043221 ], [ -71.5772043, 40.8043253 ], [ -71.5771935, 40.8043283 ], [ -71.5771824, 40.8043314 ], [ -71.5771714, 40.8043345 ], [ -71.5771605, 40.8043375 ], [ -71.5771494, 40.8043405 ], [ -71.5771384, 40.8043434 ], [ -71.5771271, 40.8043464 ], [ -71.5771163, 40.8043492 ], [ -71.5771052, 40.804352 ], [ -71.5770938, 40.8043549 ], [ -71.577083, 40.8043576 ], [ -71.5770716, 40.8043605 ], [ -71.5770605, 40.8043632 ], [ -71.5770493, 40.8043658 ], [ -71.5770382, 40.8043685 ], [ -71.5770271, 40.8043711 ], [ -71.5770159, 40.8043736 ], [ -71.5770044, 40.8043763 ], [ -71.5769934, 40.8043787 ], [ -71.5769821, 40.8043812 ], [ -71.5769681, 40.8043843 ], [ -71.5735942, 40.8051119 ], [ -71.5735583, 40.8051197 ], [ -71.5735535, 40.8051207 ], [ -71.5735181, 40.8051285 ], [ -71.5735133, 40.8051295 ], [ -71.5734779, 40.8051374 ], [ -71.5734731, 40.8051384 ], [ -71.5734377, 40.8051463 ], [ -71.5734329, 40.8051474 ], [ -71.5733976, 40.8051554 ], [ -71.5733928, 40.8051565 ], [ -71.5733575, 40.8051646 ], [ -71.5733527, 40.8051657 ], [ -71.5733174, 40.8051738 ], [ -71.5733126, 40.8051749 ], [ -71.5732774, 40.8051831 ], [ -71.5732726, 40.8051843 ], [ -71.5732374, 40.8051926 ], [ -71.5732326, 40.8051937 ], [ -71.5731974, 40.8052021 ], [ -71.5731926, 40.8052032 ], [ -71.5731575, 40.8052117 ], [ -71.5731527, 40.8052128 ], [ -71.5731176, 40.8052213 ], [ -71.5731128, 40.8052225 ], [ -71.5730777, 40.8052311 ], [ -71.5730729, 40.8052323 ], [ -71.5730379, 40.8052409 ], [ -71.5730331, 40.8052421 ], [ -71.5729981, 40.8052509 ], [ -71.5729933, 40.8052521 ], [ -71.5729583, 40.8052609 ], [ -71.5729536, 40.8052621 ], [ -71.5729186, 40.805271 ], [ -71.5729139, 40.8052722 ], [ -71.5728789, 40.8052812 ], [ -71.5728742, 40.8052824 ], [ -71.5728393, 40.8052914 ], [ -71.5728346, 40.8052927 ], [ -71.5727997, 40.8053018 ], [ -71.572795, 40.805303 ], [ -71.5727601, 40.8053122 ], [ -71.5727554, 40.8053135 ], [ -71.5727206, 40.8053228 ], [ -71.5727159, 40.805324 ], [ -71.5726811, 40.8053334 ], [ -71.5726764, 40.8053346 ], [ -71.5726421, 40.805344 ], [ -71.5726373, 40.8053453 ], [ -71.5726023, 40.8053549 ], [ -71.5725976, 40.8053562 ], [ -71.5725626, 40.8053658 ], [ -71.5725582, 40.805367 ], [ -71.5725236, 40.8053767 ], [ -71.5725189, 40.805378 ], [ -71.5724843, 40.8053877 ], [ -71.5724796, 40.805389 ], [ -71.5724451, 40.8053988 ], [ -71.5724404, 40.8054002 ], [ -71.5724059, 40.80541 ], [ -71.5724012, 40.8054114 ], [ -71.5723667, 40.8054213 ], [ -71.572362, 40.8054227 ], [ -71.5723276, 40.8054327 ], [ -71.5723229, 40.8054341 ], [ -71.5722885, 40.8054441 ], [ -71.5722838, 40.8054455 ], [ -71.5722495, 40.8054557 ], [ -71.5722448, 40.8054571 ], [ -71.5722105, 40.8054673 ], [ -71.5722058, 40.8054687 ], [ -71.5721716, 40.805479 ], [ -71.5721669, 40.8054804 ], [ -71.5721327, 40.8054908 ], [ -71.572128, 40.8054922 ], [ -71.5720938, 40.8055027 ], [ -71.5720892, 40.8055041 ], [ -71.572055, 40.8055146 ], [ -71.5720503, 40.8055161 ], [ -71.5720162, 40.8055267 ], [ -71.5720116, 40.8055281 ], [ -71.5719775, 40.8055388 ], [ -71.5719729, 40.8055403 ], [ -71.5719388, 40.805551 ], [ -71.5719342, 40.8055525 ], [ -71.5719002, 40.8055633 ], [ -71.5718956, 40.8055648 ], [ -71.5718616, 40.8055757 ], [ -71.571857, 40.8055772 ], [ -71.5718231, 40.8055881 ], [ -71.5718185, 40.8055896 ], [ -71.5717846, 40.8056007 ], [ -71.57178, 40.8056022 ], [ -71.5717461, 40.8056133 ], [ -71.5717415, 40.8056148 ], [ -71.5717077, 40.805626 ], [ -71.5717031, 40.8056275 ], [ -71.5716694, 40.8056388 ], [ -71.5716648, 40.8056403 ], [ -71.5716311, 40.8056516 ], [ -71.5716265, 40.8056532 ], [ -71.5715928, 40.8056646 ], [ -71.5715882, 40.8056662 ], [ -71.5715546, 40.8056776 ], [ -71.57155, 40.8056792 ], [ -71.5715165, 40.8056907 ], [ -71.5715119, 40.8056923 ], [ -71.5714784, 40.8057039 ], [ -71.5714738, 40.8057055 ], [ -71.5714398, 40.8057174 ], [ -71.5714353, 40.805719 ], [ -71.5714022, 40.8057306 ], [ -71.5713977, 40.8057322 ], [ -71.5713643, 40.805744 ], [ -71.5713598, 40.8057456 ], [ -71.5713264, 40.8057575 ], [ -71.5713219, 40.8057592 ], [ -71.5712886, 40.8057711 ], [ -71.571284, 40.8057728 ], [ -71.5712507, 40.8057848 ], [ -71.5712462, 40.8057865 ], [ -71.571213, 40.8057986 ], [ -71.5712085, 40.8058003 ], [ -71.5711753, 40.8058125 ], [ -71.5711708, 40.8058141 ], [ -71.5711485, 40.8058233 ], [ -71.5711378, 40.8058271 ], [ -71.5711334, 40.8058288 ], [ -71.5711002, 40.8058408 ], [ -71.5710956, 40.8058425 ], [ -71.5710625, 40.8058545 ], [ -71.571058, 40.8058562 ], [ -71.5710252, 40.8058691 ], [ -71.5710207, 40.8058709 ], [ -71.5709879, 40.8058838 ], [ -71.5709834, 40.8058854 ], [ -71.5709501, 40.8058972 ], [ -71.5709456, 40.805899 ], [ -71.5709128, 40.8059117 ], [ -71.5709083, 40.8059134 ], [ -71.5708755, 40.8059261 ], [ -71.570871, 40.8059279 ], [ -71.5708383, 40.8059407 ], [ -71.5708338, 40.8059425 ], [ -71.5708011, 40.8059554 ], [ -71.5707966, 40.8059571 ], [ -71.570764, 40.8059701 ], [ -71.5707595, 40.8059719 ], [ -71.5707269, 40.8059849 ], [ -71.5707225, 40.8059867 ], [ -71.5706899, 40.8059998 ], [ -71.5706854, 40.8060016 ], [ -71.5706529, 40.8060148 ], [ -71.5706485, 40.8060166 ], [ -71.570616, 40.8060298 ], [ -71.5706116, 40.8060316 ], [ -71.5705792, 40.806045 ], [ -71.5705748, 40.8060468 ], [ -71.5705424, 40.8060602 ], [ -71.570538, 40.806062 ], [ -71.5705057, 40.8060755 ], [ -71.5705013, 40.8060773 ], [ -71.570469, 40.8060908 ], [ -71.5704646, 40.8060927 ], [ -71.5704324, 40.8061063 ], [ -71.5704281, 40.8061081 ], [ -71.5703955, 40.8061219 ], [ -71.5600165, 40.8105448 ], [ -71.5599845, 40.8105585 ], [ -71.5599803, 40.8105603 ], [ -71.5599487, 40.8105739 ], [ -71.5599444, 40.8105757 ], [ -71.5599129, 40.8105894 ], [ -71.5599086, 40.8105912 ], [ -71.5598769, 40.8106051 ], [ -71.5598726, 40.8106069 ], [ -71.5598414, 40.8106206 ], [ -71.5598372, 40.8106225 ], [ -71.5598058, 40.8106363 ], [ -71.5598015, 40.8106382 ], [ -71.5597702, 40.8106521 ], [ -71.5597659, 40.810654 ], [ -71.5597347, 40.810668 ], [ -71.5597304, 40.8106699 ], [ -71.5596992, 40.810684 ], [ -71.5596949, 40.8106859 ], [ -71.5596638, 40.8107 ], [ -71.5596595, 40.8107019 ], [ -71.5596284, 40.8107161 ], [ -71.5596242, 40.8107181 ], [ -71.5595931, 40.8107323 ], [ -71.5595889, 40.8107342 ], [ -71.5595579, 40.8107486 ], [ -71.5595537, 40.8107505 ], [ -71.5595227, 40.8107649 ], [ -71.5595185, 40.8107669 ], [ -71.5594876, 40.8107813 ], [ -71.5594834, 40.8107833 ], [ -71.5594525, 40.8107978 ], [ -71.5594483, 40.8107998 ], [ -71.5594175, 40.8108143 ], [ -71.5594133, 40.8108163 ], [ -71.5593826, 40.810831 ], [ -71.5593784, 40.810833 ], [ -71.5593477, 40.8108477 ], [ -71.5593435, 40.8108497 ], [ -71.5593129, 40.8108644 ], [ -71.5593087, 40.8108664 ], [ -71.5592782, 40.8108813 ], [ -71.559274, 40.8108833 ], [ -71.5592435, 40.8108982 ], [ -71.5592393, 40.8109002 ], [ -71.5592088, 40.8109152 ], [ -71.5592047, 40.8109172 ], [ -71.5591743, 40.8109323 ], [ -71.5591701, 40.8109343 ], [ -71.5591398, 40.8109494 ], [ -71.5591356, 40.8109515 ], [ -71.5591053, 40.8109666 ], [ -71.5591012, 40.8109687 ], [ -71.5590709, 40.8109839 ], [ -71.5590668, 40.810986 ], [ -71.5590366, 40.8110013 ], [ -71.5590325, 40.8110033 ], [ -71.5590024, 40.8110187 ], [ -71.5589983, 40.8110208 ], [ -71.5589682, 40.8110362 ], [ -71.5589641, 40.8110383 ], [ -71.5589341, 40.8110538 ], [ -71.55893, 40.8110559 ], [ -71.5589, 40.8110714 ], [ -71.5588959, 40.8110735 ], [ -71.558866, 40.8110891 ], [ -71.5588619, 40.8110913 ], [ -71.5588321, 40.8111069 ], [ -71.5588281, 40.811109 ], [ -71.5587979, 40.811125 ], [ -71.5570125, 40.81207 ], [ -71.556991, 40.8120813 ], [ -71.5569706, 40.812092 ], [ -71.5569505, 40.8121025 ], [ -71.55693, 40.8121131 ], [ -71.5569098, 40.8121235 ], [ -71.5568893, 40.812134 ], [ -71.556869, 40.8121443 ], [ -71.5568485, 40.8121547 ], [ -71.5568282, 40.8121649 ], [ -71.5568076, 40.8121752 ], [ -71.556787, 40.8121855 ], [ -71.5567662, 40.8121957 ], [ -71.5567459, 40.8122057 ], [ -71.5567252, 40.8122158 ], [ -71.5567046, 40.8122259 ], [ -71.5566838, 40.8122359 ], [ -71.556663, 40.8122459 ], [ -71.5566423, 40.8122557 ], [ -71.5566215, 40.8122655 ], [ -71.5566006, 40.8122754 ], [ -71.5565797, 40.8122852 ], [ -71.5565585, 40.812295 ], [ -71.5565378, 40.8123046 ], [ -71.5565167, 40.8123143 ], [ -71.5564956, 40.8123239 ], [ -71.5564745, 40.8123335 ], [ -71.5564533, 40.812343 ], [ -71.5564321, 40.8123525 ], [ -71.5564113, 40.8123617 ], [ -71.5563899, 40.8123712 ], [ -71.5563684, 40.8123807 ], [ -71.5563471, 40.81239 ], [ -71.556326, 40.8123991 ], [ -71.5563044, 40.8124084 ], [ -71.5562833, 40.8124174 ], [ -71.5562618, 40.8124266 ], [ -71.5562401, 40.8124358 ], [ -71.5562186, 40.8124448 ], [ -71.5561973, 40.8124537 ], [ -71.5561755, 40.8124627 ], [ -71.5561521, 40.8124723 ], [ -71.5407728, 40.8187806 ], [ -71.5407407, 40.8187938 ], [ -71.5407365, 40.8187956 ], [ -71.5407048, 40.8188087 ], [ -71.5407005, 40.8188105 ], [ -71.5406689, 40.8188237 ], [ -71.5406646, 40.8188255 ], [ -71.540633, 40.8188387 ], [ -71.5406287, 40.8188405 ], [ -71.5405972, 40.8188538 ], [ -71.5405929, 40.8188557 ], [ -71.5405615, 40.818869 ], [ -71.5405572, 40.8188709 ], [ -71.5405258, 40.8188843 ], [ -71.5405215, 40.8188861 ], [ -71.5404901, 40.8188997 ], [ -71.5404858, 40.8189015 ], [ -71.5404545, 40.8189151 ], [ -71.5404503, 40.8189169 ], [ -71.540419, 40.8189306 ], [ -71.540415, 40.8189323 ], [ -71.5403835, 40.8189462 ], [ -71.5403793, 40.818948 ], [ -71.5403481, 40.8189618 ], [ -71.5403438, 40.8189637 ], [ -71.5403127, 40.8189775 ], [ -71.5403085, 40.8189794 ], [ -71.5402774, 40.8189933 ], [ -71.5402732, 40.8189952 ], [ -71.5402422, 40.8190092 ], [ -71.5402379, 40.8190111 ], [ -71.540207, 40.8190251 ], [ -71.5402028, 40.819027 ], [ -71.5401715, 40.8190413 ], [ -71.5358588, 40.8210139 ], [ -71.5358363, 40.8210242 ], [ -71.5358146, 40.821034 ], [ -71.5357933, 40.8210436 ], [ -71.5357719, 40.8210532 ], [ -71.5357507, 40.8210626 ], [ -71.5357465, 40.8210653 ], [ -71.5357274, 40.8210739 ], [ -71.5357208, 40.8210768 ], [ -71.5356987, 40.8210872 ], [ -71.5356954, 40.8210889 ], [ -71.5356726, 40.8210986 ], [ -71.5356643, 40.8211022 ], [ -71.5356548, 40.8211063 ], [ -71.5356386, 40.8211131 ], [ -71.5356324, 40.8211153 ], [ -71.5356024, 40.821128 ], [ -71.5355796, 40.8211374 ], [ -71.5355565, 40.8211462 ], [ -71.5355349, 40.8211552 ], [ -71.5355128, 40.8211643 ], [ -71.5354911, 40.8211732 ], [ -71.5354693, 40.8211821 ], [ -71.5354453, 40.8211919 ], [ -71.5066674, 40.8328164 ], [ -71.5066349, 40.8328296 ], [ -71.5066306, 40.8328313 ], [ -71.5065986, 40.8328444 ], [ -71.5065942, 40.8328462 ], [ -71.5065623, 40.8328593 ], [ -71.5065579, 40.8328611 ], [ -71.506526, 40.8328743 ], [ -71.5065216, 40.8328761 ], [ -71.5064898, 40.8328894 ], [ -71.5064854, 40.8328912 ], [ -71.5064536, 40.8329045 ], [ -71.5064493, 40.8329063 ], [ -71.5064175, 40.8329197 ], [ -71.5064131, 40.8329216 ], [ -71.5063814, 40.832935 ], [ -71.5063771, 40.8329369 ], [ -71.5063454, 40.8329504 ], [ -71.5063411, 40.8329523 ], [ -71.5063095, 40.8329659 ], [ -71.5063052, 40.8329677 ], [ -71.5062736, 40.8329814 ], [ -71.5062693, 40.8329832 ], [ -71.5062377, 40.832997 ], [ -71.5062333, 40.8329989 ], [ -71.5062018, 40.8330127 ], [ -71.5061977, 40.8330145 ], [ -71.5061662, 40.8330284 ], [ -71.506162, 40.8330303 ], [ -71.5061303, 40.8330444 ], [ -71.5033441, 40.8342853 ], [ -71.5033208, 40.8342957 ], [ -71.5032993, 40.8343052 ], [ -71.5032778, 40.8343146 ], [ -71.503256, 40.8343241 ], [ -71.5032348, 40.8343333 ], [ -71.503213, 40.8343426 ], [ -71.5031912, 40.8343519 ], [ -71.5031694, 40.8343612 ], [ -71.503148, 40.8343702 ], [ -71.503126, 40.8343794 ], [ -71.5031043, 40.8343884 ], [ -71.503081, 40.8343981 ], [ -71.4788283, 40.8443811 ], [ -71.4788045, 40.8443909 ], [ -71.4787822, 40.8443999 ], [ -71.4787601, 40.8444089 ], [ -71.4787379, 40.8444178 ], [ -71.4787157, 40.8444266 ], [ -71.4786937, 40.8444353 ], [ -71.4786709, 40.8444443 ], [ -71.4786489, 40.8444529 ], [ -71.4786266, 40.8444616 ], [ -71.4786041, 40.8444703 ], [ -71.4785815, 40.8444789 ], [ -71.4785595, 40.8444873 ], [ -71.4785367, 40.8444959 ], [ -71.4785145, 40.8445042 ], [ -71.4784918, 40.8445127 ], [ -71.4784692, 40.844521 ], [ -71.4784463, 40.8445294 ], [ -71.4784241, 40.8445375 ], [ -71.4784017, 40.8445456 ], [ -71.4783785, 40.8445539 ], [ -71.4783556, 40.8445621 ], [ -71.4783333, 40.84457 ], [ -71.4783103, 40.844578 ], [ -71.4782873, 40.844586 ], [ -71.4782645, 40.8445939 ], [ -71.478242, 40.8446017 ], [ -71.4782191, 40.8446095 ], [ -71.4781959, 40.8446173 ], [ -71.478173, 40.844625 ], [ -71.47815, 40.8446327 ], [ -71.478127, 40.8446403 ], [ -71.4781041, 40.8446477 ], [ -71.478081, 40.8446553 ], [ -71.4780579, 40.8446627 ], [ -71.4780347, 40.8446701 ], [ -71.4780116, 40.8446775 ], [ -71.4779883, 40.8446848 ], [ -71.4779651, 40.8446921 ], [ -71.4779419, 40.8446993 ], [ -71.4779186, 40.8447065 ], [ -71.4778952, 40.8447136 ], [ -71.4778721, 40.8447206 ], [ -71.4778486, 40.8447277 ], [ -71.4778253, 40.8447346 ], [ -71.4778019, 40.8447415 ], [ -71.4777786, 40.8447484 ], [ -71.4777551, 40.8447552 ], [ -71.4777317, 40.8447619 ], [ -71.4777079, 40.8447687 ], [ -71.4776847, 40.8447753 ], [ -71.4776608, 40.844782 ], [ -71.4776377, 40.8447884 ], [ -71.4776142, 40.8447949 ], [ -71.4775901, 40.8448015 ], [ -71.4775665, 40.8448079 ], [ -71.477543, 40.8448142 ], [ -71.4775193, 40.8448205 ], [ -71.4774935, 40.8448273 ], [ -71.4734999, 40.8458755 ], [ -71.473465, 40.8458847 ], [ -71.4734603, 40.8458859 ], [ -71.4734259, 40.8458951 ], [ -71.4734211, 40.8458964 ], [ -71.4733862, 40.8459057 ], [ -71.4733815, 40.845907 ], [ -71.4733476, 40.8459162 ], [ -71.4733429, 40.8459175 ], [ -71.4733086, 40.8459269 ], [ -71.4733039, 40.8459281 ], [ -71.4732688, 40.8459378 ], [ -71.4732649, 40.8459389 ], [ -71.4732306, 40.8459484 ], [ -71.4732259, 40.8459497 ], [ -71.4731916, 40.8459593 ], [ -71.4731869, 40.8459607 ], [ -71.4731527, 40.8459703 ], [ -71.473148, 40.8459717 ], [ -71.4731138, 40.8459814 ], [ -71.4731092, 40.8459828 ], [ -71.473075, 40.8459926 ], [ -71.4730704, 40.8459939 ], [ -71.4730362, 40.8460038 ], [ -71.4730316, 40.8460052 ], [ -71.4729975, 40.8460152 ], [ -71.4729929, 40.8460165 ], [ -71.4729588, 40.8460266 ], [ -71.4729542, 40.846028 ], [ -71.4729202, 40.8460381 ], [ -71.4729155, 40.8460395 ], [ -71.4728816, 40.8460496 ], [ -71.4728769, 40.846051 ], [ -71.472843, 40.8460613 ], [ -71.4728384, 40.8460627 ], [ -71.4728045, 40.846073 ], [ -71.4727998, 40.8460745 ], [ -71.472766, 40.8460849 ], [ -71.4727614, 40.8460863 ], [ -71.4727275, 40.8460968 ], [ -71.4727229, 40.8460982 ], [ -71.4726891, 40.8461088 ], [ -71.4726845, 40.8461102 ], [ -71.4726508, 40.8461208 ], [ -71.4726462, 40.8461223 ], [ -71.4726125, 40.846133 ], [ -71.4726079, 40.8461344 ], [ -71.4725742, 40.8461452 ], [ -71.4725696, 40.8461467 ], [ -71.472536, 40.8461575 ], [ -71.4725314, 40.846159 ], [ -71.4724978, 40.8461699 ], [ -71.4724933, 40.8461714 ], [ -71.4724597, 40.8461824 ], [ -71.4724552, 40.8461839 ], [ -71.4724216, 40.8461949 ], [ -71.4724171, 40.8461964 ], [ -71.4723836, 40.8462076 ], [ -71.4723791, 40.8462091 ], [ -71.4723456, 40.8462203 ], [ -71.4723411, 40.8462218 ], [ -71.4723077, 40.8462331 ], [ -71.4723031, 40.8462346 ], [ -71.4722698, 40.8462459 ], [ -71.4722653, 40.8462475 ], [ -71.472232, 40.8462589 ], [ -71.4722274, 40.8462605 ], [ -71.4721942, 40.8462719 ], [ -71.4721896, 40.8462735 ], [ -71.4721559, 40.8462852 ], [ -71.4721514, 40.8462868 ], [ -71.4721187, 40.8462983 ], [ -71.4721142, 40.8462998 ], [ -71.4720811, 40.8463115 ], [ -71.4720766, 40.8463131 ], [ -71.4720435, 40.8463249 ], [ -71.472039, 40.8463265 ], [ -71.4720059, 40.8463383 ], [ -71.4720014, 40.8463399 ], [ -71.4719684, 40.8463518 ], [ -71.4719639, 40.8463535 ], [ -71.471931, 40.8463654 ], [ -71.4719265, 40.8463671 ], [ -71.4718936, 40.8463791 ], [ -71.4718891, 40.8463808 ], [ -71.4718562, 40.8463929 ], [ -71.4718518, 40.8463945 ], [ -71.4718189, 40.8464067 ], [ -71.4718145, 40.8464084 ], [ -71.4717817, 40.8464206 ], [ -71.4717772, 40.8464223 ], [ -71.4717445, 40.8464346 ], [ -71.47174, 40.8464363 ], [ -71.4717073, 40.8464487 ], [ -71.4717029, 40.8464504 ], [ -71.4716703, 40.8464629 ], [ -71.4716658, 40.8464646 ], [ -71.4716332, 40.8464771 ], [ -71.4716288, 40.8464788 ], [ -71.4715962, 40.8464914 ], [ -71.4715918, 40.8464931 ], [ -71.4715593, 40.8465058 ], [ -71.4715549, 40.8465075 ], [ -71.4715224, 40.8465202 ], [ -71.471518, 40.846522 ], [ -71.4714856, 40.8465348 ], [ -71.4714812, 40.8465365 ], [ -71.4714488, 40.8465494 ], [ -71.4714444, 40.8465512 ], [ -71.4714121, 40.8465641 ], [ -71.4714077, 40.8465659 ], [ -71.4713754, 40.8465789 ], [ -71.471371, 40.8465807 ], [ -71.4713388, 40.8465938 ], [ -71.4713345, 40.8465955 ], [ -71.4713019, 40.8466088 ], [ -71.4, 40.8758036 ], [ -71.373796, 40.8865329 ], [ -71.3737646, 40.8865458 ], [ -71.3737605, 40.8865475 ], [ -71.3737295, 40.8865602 ], [ -71.3737253, 40.886562 ], [ -71.3736944, 40.8865748 ], [ -71.3736902, 40.8865766 ], [ -71.3736594, 40.8865895 ], [ -71.3736552, 40.8865912 ], [ -71.3736244, 40.8866042 ], [ -71.3736202, 40.886606 ], [ -71.3735894, 40.886619 ], [ -71.3735852, 40.8866208 ], [ -71.3735545, 40.8866338 ], [ -71.3735504, 40.8866356 ], [ -71.3735197, 40.8866488 ], [ -71.3735155, 40.8866506 ], [ -71.3734849, 40.8866638 ], [ -71.3734808, 40.8866656 ], [ -71.3734503, 40.8866788 ], [ -71.3734461, 40.8866806 ], [ -71.3734146, 40.8866944 ], [ -71.3734113, 40.8866958 ], [ -71.3733809, 40.8867092 ], [ -71.3733767, 40.8867111 ], [ -71.3733463, 40.8867245 ], [ -71.3733421, 40.8867264 ], [ -71.3733118, 40.8867399 ], [ -71.3733076, 40.8867417 ], [ -71.3732773, 40.8867553 ], [ -71.3732732, 40.8867572 ], [ -71.3732429, 40.8867708 ], [ -71.3732388, 40.8867727 ], [ -71.3732085, 40.8867864 ], [ -71.3732045, 40.8867882 ], [ -71.3731739, 40.8868022 ], [ -71.3701452, 40.8881882 ], [ -71.3701321, 40.8881942 ], [ -71.370122, 40.8881987 ], [ -71.3701118, 40.8882033 ], [ -71.3701018, 40.8882078 ], [ -71.3700913, 40.8882124 ], [ -71.3700813, 40.8882167 ], [ -71.3700709, 40.8882212 ], [ -71.3700605, 40.8882256 ], [ -71.3700501, 40.88823 ], [ -71.37004, 40.8882343 ], [ -71.3700293, 40.8882387 ], [ -71.3700192, 40.8882429 ], [ -71.3700085, 40.8882472 ], [ -71.369998, 40.8882515 ], [ -71.3699877, 40.8882556 ], [ -71.3699773, 40.8882597 ], [ -71.3699665, 40.8882639 ], [ -71.3699561, 40.888268 ], [ -71.3699457, 40.888272 ], [ -71.369935, 40.888276 ], [ -71.3699244, 40.88828 ], [ -71.3699139, 40.8882839 ], [ -71.3699031, 40.8882879 ], [ -71.3698925, 40.8882918 ], [ -71.369882, 40.8882956 ], [ -71.3698712, 40.8882995 ], [ -71.3698602, 40.8883034 ], [ -71.3698496, 40.8883071 ], [ -71.369839, 40.8883108 ], [ -71.3698282, 40.8883145 ], [ -71.3698172, 40.8883182 ], [ -71.3698066, 40.8883218 ], [ -71.3697957, 40.8883254 ], [ -71.3697848, 40.888329 ], [ -71.3697738, 40.8883326 ], [ -71.3697631, 40.888336 ], [ -71.3697522, 40.8883395 ], [ -71.3697412, 40.8883429 ], [ -71.3697302, 40.8883464 ], [ -71.3697192, 40.8883497 ], [ -71.3697083, 40.8883531 ], [ -71.3696973, 40.8883564 ], [ -71.3696862, 40.8883597 ], [ -71.3696752, 40.8883629 ], [ -71.3696642, 40.8883661 ], [ -71.369653, 40.8883693 ], [ -71.3696418, 40.8883725 ], [ -71.3696311, 40.8883755 ], [ -71.3696199, 40.8883785 ], [ -71.3696086, 40.8883816 ], [ -71.3695976, 40.8883846 ], [ -71.3695863, 40.8883876 ], [ -71.3695751, 40.8883905 ], [ -71.3695639, 40.8883934 ], [ -71.3695529, 40.8883963 ], [ -71.3695415, 40.8883991 ], [ -71.3695301, 40.888402 ], [ -71.369519, 40.8884047 ], [ -71.3695076, 40.8884075 ], [ -71.3694965, 40.8884101 ], [ -71.3694853, 40.8884128 ], [ -71.3694738, 40.8884154 ], [ -71.3694627, 40.888418 ], [ -71.3694512, 40.8884206 ], [ -71.3694398, 40.8884231 ], [ -71.3694283, 40.8884256 ], [ -71.3694172, 40.888428 ], [ -71.3694056, 40.8884305 ], [ -71.3693945, 40.8884328 ], [ -71.3693827, 40.8884353 ], [ -71.3693715, 40.8884375 ], [ -71.3693599, 40.8884398 ], [ -71.3693484, 40.8884421 ], [ -71.3693372, 40.8884443 ], [ -71.3693257, 40.8884465 ], [ -71.3693141, 40.8884486 ], [ -71.3693023, 40.8884508 ], [ -71.3692911, 40.8884528 ], [ -71.3692794, 40.8884549 ], [ -71.3692681, 40.8884569 ], [ -71.3692564, 40.8884588 ], [ -71.3692449, 40.8884608 ], [ -71.3692333, 40.8884627 ], [ -71.3692217, 40.8884646 ], [ -71.3692102, 40.8884664 ], [ -71.3691986, 40.8884682 ], [ -71.369187, 40.8884699 ], [ -71.3691755, 40.8884716 ], [ -71.3691636, 40.8884734 ], [ -71.369152, 40.888475 ], [ -71.3691404, 40.8884766 ], [ -71.3691288, 40.8884782 ], [ -71.3691173, 40.8884809 ], [ -71.3691053, 40.8884822 ], [ -71.369094, 40.8884835 ], [ -71.3690821, 40.8884848 ], [ -71.3690705, 40.8884859 ], [ -71.3690588, 40.8884871 ], [ -71.3690506, 40.8884879 ], [ -71.3690436, 40.8884887 ], [ -71.3690353, 40.8884897 ], [ -71.3690237, 40.888491 ], [ -71.369009, 40.8884927 ], [ -71.3689997, 40.8884938 ], [ -71.3648274, 40.8889255 ], [ -71.3648237, 40.8889259 ], [ -71.3647967, 40.8889287 ], [ -71.3647899, 40.8889294 ], [ -71.3647617, 40.8889325 ], [ -71.3647547, 40.8889332 ], [ -71.3647266, 40.8889364 ], [ -71.3647196, 40.8889372 ], [ -71.3646914, 40.8889404 ], [ -71.3646844, 40.8889412 ], [ -71.3646563, 40.8889445 ], [ -71.3646493, 40.8889453 ], [ -71.3646212, 40.8889487 ], [ -71.3646143, 40.8889496 ], [ -71.364587, 40.8889529 ], [ -71.36458, 40.8889538 ], [ -71.3645512, 40.8889575 ], [ -71.3645441, 40.8889584 ], [ -71.3645161, 40.888962 ], [ -71.3645091, 40.8889629 ], [ -71.3644802, 40.8889668 ], [ -71.3644741, 40.8889676 ], [ -71.3644461, 40.8889714 ], [ -71.3644391, 40.8889724 ], [ -71.3644111, 40.8889763 ], [ -71.3644042, 40.8889772 ], [ -71.3643762, 40.8889812 ], [ -71.3643692, 40.8889822 ], [ -71.3643413, 40.8889863 ], [ -71.3643343, 40.8889873 ], [ -71.3643064, 40.8889915 ], [ -71.3642995, 40.8889925 ], [ -71.3642716, 40.8889968 ], [ -71.3642646, 40.8889978 ], [ -71.3642368, 40.8890021 ], [ -71.3642298, 40.8890032 ], [ -71.364202, 40.8890076 ], [ -71.364195, 40.8890087 ], [ -71.3641672, 40.8890132 ], [ -71.3641603, 40.8890144 ], [ -71.3641325, 40.8890189 ], [ -71.3641256, 40.8890201 ], [ -71.3640978, 40.8890247 ], [ -71.3640909, 40.8890259 ], [ -71.3640631, 40.8890306 ], [ -71.3640562, 40.8890318 ], [ -71.3640285, 40.8890367 ], [ -71.3640216, 40.8890379 ], [ -71.3639939, 40.8890428 ], [ -71.363987, 40.889044 ], [ -71.3639593, 40.889049 ], [ -71.3639524, 40.8890503 ], [ -71.3639248, 40.8890553 ], [ -71.3639179, 40.8890566 ], [ -71.3638903, 40.8890618 ], [ -71.3638834, 40.8890631 ], [ -71.3638558, 40.8890683 ], [ -71.363849, 40.8890696 ], [ -71.3638214, 40.889075 ], [ -71.3638144, 40.8890763 ], [ -71.3637869, 40.8890817 ], [ -71.3637801, 40.8890831 ], [ -71.3637526, 40.8890886 ], [ -71.3637457, 40.88909 ], [ -71.3637183, 40.8890955 ], [ -71.3637114, 40.8890969 ], [ -71.363684, 40.8891026 ], [ -71.3636771, 40.889104 ], [ -71.3636497, 40.8891098 ], [ -71.3636429, 40.8891112 ], [ -71.3636155, 40.889117 ], [ -71.3636086, 40.8891185 ], [ -71.3635813, 40.8891244 ], [ -71.3635745, 40.8891259 ], [ -71.3635472, 40.8891319 ], [ -71.3635403, 40.8891334 ], [ -71.3635131, 40.8891395 ], [ -71.3635063, 40.889141 ], [ -71.363479, 40.8891471 ], [ -71.3634722, 40.8891487 ], [ -71.363445, 40.8891549 ], [ -71.3634382, 40.8891565 ], [ -71.363411, 40.8891628 ], [ -71.3634042, 40.8891644 ], [ -71.3633771, 40.8891708 ], [ -71.3633703, 40.8891724 ], [ -71.3633432, 40.8891789 ], [ -71.3633364, 40.8891805 ], [ -71.3633093, 40.8891871 ], [ -71.3633026, 40.8891888 ], [ -71.3632755, 40.8891954 ], [ -71.3632688, 40.8891971 ], [ -71.3632417, 40.8892038 ], [ -71.363235, 40.8892055 ], [ -71.363208, 40.8892123 ], [ -71.3632013, 40.889214 ], [ -71.3631744, 40.8892209 ], [ -71.3631676, 40.8892226 ], [ -71.3631407, 40.8892296 ], [ -71.363134, 40.8892314 ], [ -71.3631071, 40.8892384 ], [ -71.3631003, 40.8892402 ], [ -71.3630728, 40.8892476 ], [ -71.3630661, 40.8892494 ], [ -71.36304, 40.8892564 ], [ -71.3630334, 40.8892582 ], [ -71.3630067, 40.8892655 ], [ -71.3630001, 40.8892673 ], [ -71.3629733, 40.8892747 ], [ -71.3629666, 40.8892765 ], [ -71.3629399, 40.889284 ], [ -71.3629333, 40.8892859 ], [ -71.3629066, 40.8892934 ], [ -71.3629, 40.8892953 ], [ -71.3628734, 40.8893029 ], [ -71.3628667, 40.8893049 ], [ -71.3628402, 40.8893126 ], [ -71.3628336, 40.8893145 ], [ -71.362807, 40.8893223 ], [ -71.3628004, 40.8893242 ], [ -71.362774, 40.8893321 ], [ -71.3627673, 40.8893341 ], [ -71.3627409, 40.889342 ], [ -71.3627343, 40.889344 ], [ -71.3627079, 40.889352 ], [ -71.3627013, 40.8893541 ], [ -71.362675, 40.8893622 ], [ -71.3626684, 40.8893642 ], [ -71.3626421, 40.8893724 ], [ -71.3626355, 40.8893744 ], [ -71.3626093, 40.8893827 ], [ -71.3626027, 40.8893848 ], [ -71.3625765, 40.8893931 ], [ -71.36257, 40.8893952 ], [ -71.3625438, 40.8894036 ], [ -71.3625372, 40.8894058 ], [ -71.3625111, 40.8894143 ], [ -71.3625046, 40.8894164 ], [ -71.3624785, 40.889425 ], [ -71.362472, 40.8894271 ], [ -71.362446, 40.8894358 ], [ -71.3624395, 40.889438 ], [ -71.3624135, 40.8894467 ], [ -71.362407, 40.8894489 ], [ -71.362381, 40.8894577 ], [ -71.3623745, 40.8894599 ], [ -71.3623487, 40.8894688 ], [ -71.3623422, 40.8894711 ], [ -71.3623164, 40.88948 ], [ -71.3623099, 40.8894823 ], [ -71.362284, 40.8894914 ], [ -71.3622776, 40.8894936 ], [ -71.3622519, 40.8895028 ], [ -71.3622454, 40.889505 ], [ -71.3622197, 40.8895143 ], [ -71.3622133, 40.8895166 ], [ -71.3621877, 40.8895259 ], [ -71.3621812, 40.8895282 ], [ -71.3621556, 40.8895376 ], [ -71.3621492, 40.8895399 ], [ -71.3621237, 40.8895493 ], [ -71.3621173, 40.8895517 ], [ -71.3620918, 40.8895612 ], [ -71.3620854, 40.8895636 ], [ -71.36206, 40.8895732 ], [ -71.3620536, 40.8895756 ], [ -71.3620282, 40.8895853 ], [ -71.3620218, 40.8895877 ], [ -71.3619965, 40.8895975 ], [ -71.3619901, 40.8895999 ], [ -71.3619648, 40.8896098 ], [ -71.3619585, 40.8896122 ], [ -71.3619333, 40.8896221 ], [ -71.361927, 40.8896246 ], [ -71.3619018, 40.8896346 ], [ -71.3618955, 40.8896371 ], [ -71.3618703, 40.8896472 ], [ -71.361864, 40.8896497 ], [ -71.3618389, 40.8896598 ], [ -71.3618327, 40.8896624 ], [ -71.3618076, 40.8896726 ], [ -71.3618014, 40.8896751 ], [ -71.3617764, 40.8896854 ], [ -71.3617701, 40.889688 ], [ -71.3617452, 40.8896984 ], [ -71.361739, 40.889701 ], [ -71.3617141, 40.8897114 ], [ -71.3617079, 40.889714 ], [ -71.3616831, 40.8897245 ], [ -71.3616769, 40.8897272 ], [ -71.3616521, 40.8897377 ], [ -71.3616458, 40.8897404 ], [ -71.3616205, 40.8897513 ], [ -71.3616143, 40.889754 ], [ -71.3615903, 40.8897645 ], [ -71.3615852, 40.8897667 ], [ -71.3615596, 40.889778 ], [ -71.3615535, 40.8897807 ], [ -71.3615289, 40.8897916 ], [ -71.3615228, 40.8897943 ], [ -71.3614983, 40.8898053 ], [ -71.3614922, 40.889808 ], [ -71.3614678, 40.889819 ], [ -71.3614617, 40.8898218 ], [ -71.3614373, 40.8898329 ], [ -71.3614312, 40.8898357 ], [ -71.3614069, 40.8898469 ], [ -71.3614008, 40.8898497 ], [ -71.3613766, 40.8898609 ], [ -71.3613705, 40.8898638 ], [ -71.3613463, 40.8898751 ], [ -71.3613405, 40.8898778 ], [ -71.3613174, 40.8898888 ], [ -71.3613141, 40.8898903 ], [ -71.3396585, 40.9001633 ], [ -71.3396353, 40.9001742 ], [ -71.3396142, 40.9001841 ], [ -71.339593, 40.900194 ], [ -71.3395717, 40.9002039 ], [ -71.3395501, 40.9002139 ], [ -71.3395291, 40.9002235 ], [ -71.3395078, 40.9002332 ], [ -71.3394869, 40.9002437 ], [ -71.3394631, 40.9002545 ], [ -71.3394607, 40.9002555 ], [ -71.3394365, 40.9002664 ], [ -71.3394295, 40.9002701 ], [ -71.3394044, 40.9002812 ], [ -71.3393948, 40.9002855 ], [ -71.3393756, 40.900294 ], [ -71.3393691, 40.9002966 ], [ -71.339346, 40.9003059 ], [ -71.339338, 40.9003094 ], [ -71.3393189, 40.9003174 ], [ -71.3393125, 40.9003193 ], [ -71.2690608, 40.9303654 ], [ -71.2690479, 40.9303708 ], [ -71.2690376, 40.9303752 ], [ -71.2690272, 40.9303795 ], [ -71.2690168, 40.9303838 ], [ -71.2690063, 40.9303881 ], [ -71.2689959, 40.9303923 ], [ -71.2689854, 40.9303965 ], [ -71.2689748, 40.9304008 ], [ -71.2689643, 40.9304049 ], [ -71.268954, 40.9304089 ], [ -71.2689431, 40.9304131 ], [ -71.2689327, 40.9304171 ], [ -71.268922, 40.9304212 ], [ -71.2689115, 40.9304251 ], [ -71.2689007, 40.9304291 ], [ -71.26889, 40.930433 ], [ -71.2688793, 40.9304369 ], [ -71.2688687, 40.9304407 ], [ -71.2688578, 40.9304446 ], [ -71.2688473, 40.9304483 ], [ -71.2688364, 40.9304521 ], [ -71.2688257, 40.9304558 ], [ -71.2688146, 40.9304596 ], [ -71.2688037, 40.9304633 ], [ -71.268793, 40.9304669 ], [ -71.2687824, 40.9304704 ], [ -71.2687713, 40.930474 ], [ -71.2687604, 40.9304775 ], [ -71.2687494, 40.930481 ], [ -71.2687385, 40.9304845 ], [ -71.2687275, 40.9304879 ], [ -71.2687164, 40.9304913 ], [ -71.2687056, 40.9304947 ], [ -71.2686946, 40.930498 ], [ -71.2686835, 40.9305013 ], [ -71.2686725, 40.9305045 ], [ -71.2686614, 40.9305078 ], [ -71.2686502, 40.930511 ], [ -71.268639, 40.9305142 ], [ -71.268628, 40.9305173 ], [ -71.2686167, 40.9305204 ], [ -71.2686059, 40.9305234 ], [ -71.2685945, 40.9305265 ], [ -71.2685834, 40.9305294 ], [ -71.2685723, 40.9305324 ], [ -71.2685607, 40.9305354 ], [ -71.2685496, 40.9305383 ], [ -71.2685385, 40.9305411 ], [ -71.2685271, 40.9305439 ], [ -71.2685159, 40.9305467 ], [ -71.2685048, 40.9305494 ], [ -71.268493, 40.9305522 ], [ -71.2684819, 40.9305549 ], [ -71.2684707, 40.9305575 ], [ -71.2684593, 40.9305601 ], [ -71.2684479, 40.9305627 ], [ -71.2684367, 40.9305652 ], [ -71.2684251, 40.9305678 ], [ -71.2684137, 40.9305703 ], [ -71.2684022, 40.9305727 ], [ -71.268391, 40.9305751 ], [ -71.2683793, 40.9305775 ], [ -71.268368, 40.9305798 ], [ -71.2683566, 40.9305821 ], [ -71.268345, 40.9305844 ], [ -71.2683335, 40.9305866 ], [ -71.268322, 40.9305888 ], [ -71.2683107, 40.930591 ], [ -71.2682991, 40.9305931 ], [ -71.2682874, 40.9305952 ], [ -71.2682759, 40.9305973 ], [ -71.2682643, 40.9305993 ], [ -71.2682528, 40.9306013 ], [ -71.2682412, 40.9306033 ], [ -71.2682299, 40.9306051 ], [ -71.268218, 40.9306071 ], [ -71.2682064, 40.9306089 ], [ -71.268192, 40.9306112 ], [ -71.2652979, 40.9310588 ], [ -71.2652942, 40.9310594 ], [ -71.2652677, 40.9310636 ], [ -71.2652611, 40.9310646 ], [ -71.2652334, 40.931069 ], [ -71.2652265, 40.9310701 ], [ -71.2651989, 40.9310746 ], [ -71.265192, 40.9310757 ], [ -71.2651645, 40.9310803 ], [ -71.2651576, 40.9310815 ], [ -71.26513, 40.9310861 ], [ -71.2651231, 40.9310873 ], [ -71.2650956, 40.931092 ], [ -71.2650887, 40.9310932 ], [ -71.2650612, 40.931098 ], [ -71.2650544, 40.9310992 ], [ -71.2650269, 40.9311041 ], [ -71.26502, 40.9311054 ], [ -71.2649926, 40.9311104 ], [ -71.2649857, 40.9311116 ], [ -71.2649583, 40.9311167 ], [ -71.2649514, 40.931118 ], [ -71.264924, 40.9311231 ], [ -71.2649171, 40.9311244 ], [ -71.2648891, 40.9311298 ], [ -71.2648823, 40.9311311 ], [ -71.2648555, 40.9311363 ], [ -71.2648488, 40.9311376 ], [ -71.2648215, 40.931143 ], [ -71.2648147, 40.9311443 ], [ -71.2647874, 40.9311498 ], [ -71.2647806, 40.9311512 ], [ -71.2647533, 40.9311567 ], [ -71.2647465, 40.9311581 ], [ -71.2647193, 40.9311638 ], [ -71.2647125, 40.9311652 ], [ -71.2646853, 40.9311709 ], [ -71.2646785, 40.9311724 ], [ -71.2646513, 40.9311782 ], [ -71.2646445, 40.9311796 ], [ -71.2646174, 40.9311855 ], [ -71.2646106, 40.931187 ], [ -71.2645835, 40.931193 ], [ -71.2645767, 40.9311945 ], [ -71.2645496, 40.9312005 ], [ -71.2645429, 40.931202 ], [ -71.2645158, 40.9312082 ], [ -71.2645091, 40.9312097 ], [ -71.2644821, 40.9312159 ], [ -71.2644753, 40.9312175 ], [ -71.2644483, 40.9312238 ], [ -71.2644416, 40.9312253 ], [ -71.2644146, 40.9312317 ], [ -71.2644079, 40.9312333 ], [ -71.264381, 40.9312398 ], [ -71.2643743, 40.9312414 ], [ -71.2643474, 40.9312479 ], [ -71.2643407, 40.9312496 ], [ -71.2643138, 40.9312562 ], [ -71.2643071, 40.9312578 ], [ -71.2642803, 40.9312645 ], [ -71.2642736, 40.9312662 ], [ -71.2642468, 40.931273 ], [ -71.2642402, 40.9312747 ], [ -71.2642134, 40.9312816 ], [ -71.2642067, 40.9312833 ], [ -71.26418, 40.9312902 ], [ -71.2641734, 40.931292 ], [ -71.2641467, 40.931299 ], [ -71.2641401, 40.9313007 ], [ -71.2641134, 40.9313078 ], [ -71.2641066, 40.9313096 ], [ -71.2640801, 40.9313168 ], [ -71.2640735, 40.9313186 ], [ -71.264047, 40.9313258 ], [ -71.2640409, 40.9313275 ], [ -71.2640138, 40.931335 ], [ -71.2640072, 40.9313369 ], [ -71.2639807, 40.9313443 ], [ -71.2639741, 40.9313461 ], [ -71.2639477, 40.9313536 ], [ -71.263941, 40.9313555 ], [ -71.2639146, 40.9313631 ], [ -71.2639081, 40.931365 ], [ -71.2638817, 40.9313726 ], [ -71.2638751, 40.9313746 ], [ -71.2638488, 40.9313823 ], [ -71.2638422, 40.9313842 ], [ -71.2638159, 40.931392 ], [ -71.2638094, 40.931394 ], [ -71.2637831, 40.9314019 ], [ -71.2637766, 40.9314039 ], [ -71.2637504, 40.9314118 ], [ -71.2637438, 40.9314138 ], [ -71.2637177, 40.9314219 ], [ -71.2637112, 40.9314239 ], [ -71.263685, 40.931432 ], [ -71.2636785, 40.9314341 ], [ -71.2636524, 40.9314423 ], [ -71.2636459, 40.9314443 ], [ -71.2636199, 40.9314526 ], [ -71.2636134, 40.9314547 ], [ -71.2635874, 40.9314631 ], [ -71.2635809, 40.9314652 ], [ -71.263555, 40.9314736 ], [ -71.2635485, 40.9314757 ], [ -71.2635226, 40.9314842 ], [ -71.2635161, 40.9314864 ], [ -71.2634903, 40.931495 ], [ -71.2634838, 40.9314971 ], [ -71.263458, 40.9315058 ], [ -71.2634516, 40.931508 ], [ -71.2634258, 40.9315167 ], [ -71.2634194, 40.9315189 ], [ -71.2633937, 40.9315278 ], [ -71.2633873, 40.9315299 ], [ -71.2633621, 40.9315387 ], [ -71.2633556, 40.931541 ], [ -71.2633296, 40.9315501 ], [ -71.2633232, 40.9315524 ], [ -71.2632976, 40.9315614 ], [ -71.2632912, 40.9315637 ], [ -71.2632657, 40.9315728 ], [ -71.2632593, 40.9315751 ], [ -71.2632338, 40.9315843 ], [ -71.2632275, 40.9315866 ], [ -71.263202, 40.9315959 ], [ -71.2631957, 40.9315983 ], [ -71.2631703, 40.9316076 ], [ -71.263164, 40.93161 ], [ -71.2631386, 40.9316194 ], [ -71.2631323, 40.9316218 ], [ -71.263107, 40.9316313 ], [ -71.2631007, 40.9316337 ], [ -71.2630755, 40.9316433 ], [ -71.2630692, 40.9316457 ], [ -71.263044, 40.9316553 ], [ -71.2630377, 40.9316578 ], [ -71.2630126, 40.9316675 ], [ -71.2630063, 40.93167 ], [ -71.2629812, 40.9316798 ], [ -71.2629749, 40.9316822 ], [ -71.2629499, 40.9316921 ], [ -71.2629437, 40.9316946 ], [ -71.2629187, 40.9317046 ], [ -71.2629124, 40.9317071 ], [ -71.2628875, 40.9317171 ], [ -71.2628813, 40.9317197 ], [ -71.2628564, 40.9317298 ], [ -71.2628502, 40.9317323 ], [ -71.2628254, 40.9317425 ], [ -71.2628192, 40.9317451 ], [ -71.2627944, 40.9317553 ], [ -71.2627882, 40.9317579 ], [ -71.2627635, 40.9317683 ], [ -71.2627574, 40.9317708 ], [ -71.2627327, 40.9317813 ], [ -71.2627265, 40.9317839 ], [ -71.2627019, 40.9317944 ], [ -71.2626958, 40.931797 ], [ -71.2626707, 40.9318078 ], [ -71.2626645, 40.9318105 ], [ -71.2626405, 40.9318209 ], [ -71.2626349, 40.9318234 ], [ -71.2626101, 40.9318342 ], [ -71.262604, 40.9318369 ], [ -71.2625796, 40.9318477 ], [ -71.2625735, 40.9318504 ], [ -71.2625492, 40.9318613 ], [ -71.2625431, 40.931864 ], [ -71.2625188, 40.9318749 ], [ -71.2625128, 40.9318777 ], [ -71.2624886, 40.9318887 ], [ -71.2624825, 40.9318914 ], [ -71.2624584, 40.9319025 ], [ -71.2624523, 40.9319053 ], [ -71.2624282, 40.9319164 ], [ -71.2624222, 40.9319192 ], [ -71.2623982, 40.9319305 ], [ -71.2623922, 40.9319333 ], [ -71.2623682, 40.9319446 ], [ -71.2623622, 40.9319474 ], [ -71.2623383, 40.9319588 ], [ -71.2623323, 40.9319616 ], [ -71.2623085, 40.931973 ], [ -71.2623025, 40.9319759 ], [ -71.2622787, 40.9319874 ], [ -71.2622728, 40.9319903 ], [ -71.262249, 40.9320019 ], [ -71.2622431, 40.9320048 ], [ -71.2622194, 40.9320164 ], [ -71.2622135, 40.9320194 ], [ -71.2621899, 40.9320311 ], [ -71.2621842, 40.9320339 ], [ -71.2621616, 40.9320452 ], [ -71.2621585, 40.9320468 ], [ -71.2533854, 40.9364575 ], [ -71.253364, 40.9364682 ], [ -71.2533434, 40.9364785 ], [ -71.2533234, 40.9364884 ], [ -71.2533027, 40.9364986 ], [ -71.2532821, 40.9365087 ], [ -71.2532618, 40.9365185 ], [ -71.253241, 40.9365286 ], [ -71.2532208, 40.9365383 ], [ -71.2532001, 40.9365482 ], [ -71.2531797, 40.9365579 ], [ -71.2531589, 40.9365677 ], [ -71.2531379, 40.9365776 ], [ -71.2531179, 40.9365869 ], [ -71.2530969, 40.9365966 ], [ -71.253076, 40.9366062 ], [ -71.2530551, 40.9366158 ], [ -71.2530344, 40.9366252 ], [ -71.2530134, 40.9366347 ], [ -71.2529925, 40.9366441 ], [ -71.2529702, 40.9366541 ], [ -71.2169739, 40.9526646 ], [ -71.2169741, 40.9526649 ], [ -71.2291754, 40.9524574 ], [ -71.2559788, 40.9405355 ], [ -71.2560099, 40.9405216 ], [ -71.2560141, 40.9405197 ], [ -71.2560447, 40.940506 ], [ -71.2560489, 40.9405041 ], [ -71.2560796, 40.9404902 ], [ -71.2560837, 40.9404883 ], [ -71.2561143, 40.9404744 ], [ -71.2561185, 40.9404725 ], [ -71.256149, 40.9404585 ], [ -71.2561532, 40.9404566 ], [ -71.2561837, 40.9404426 ], [ -71.2561878, 40.9404407 ], [ -71.2562182, 40.9404266 ], [ -71.2562224, 40.9404247 ], [ -71.2562528, 40.9404105 ], [ -71.2562569, 40.9404085 ], [ -71.2562872, 40.9403943 ], [ -71.2562914, 40.9403924 ], [ -71.2563217, 40.9403781 ], [ -71.2563258, 40.9403761 ], [ -71.256356, 40.9403618 ], [ -71.2563601, 40.9403598 ], [ -71.2563903, 40.9403454 ], [ -71.2563944, 40.9403434 ], [ -71.2564245, 40.940329 ], [ -71.2564286, 40.940327 ], [ -71.2564587, 40.9403124 ], [ -71.2564628, 40.9403104 ], [ -71.2564928, 40.9402958 ], [ -71.2564969, 40.9402938 ], [ -71.2565269, 40.9402792 ], [ -71.256531, 40.9402772 ], [ -71.2565609, 40.9402625 ], [ -71.256565, 40.9402604 ], [ -71.2565948, 40.9402456 ], [ -71.2565989, 40.9402436 ], [ -71.2566287, 40.9402288 ], [ -71.2566327, 40.9402268 ], [ -71.2566628, 40.9402117 ], [ -71.2654353, 40.9358011 ], [ -71.2654482, 40.9357947 ], [ -71.2654578, 40.9357899 ], [ -71.2654677, 40.9357851 ], [ -71.2654777, 40.9357802 ], [ -71.2654875, 40.9357755 ], [ -71.2654976, 40.9357706 ], [ -71.2655074, 40.935766 ], [ -71.2655174, 40.9357612 ], [ -71.2655276, 40.9357565 ], [ -71.2655373, 40.935752 ], [ -71.2655476, 40.9357472 ], [ -71.2655576, 40.9357427 ], [ -71.2655678, 40.9357381 ], [ -71.2655778, 40.9357336 ], [ -71.2655874, 40.9357284 ], [ -71.265598, 40.935724 ], [ -71.2656082, 40.9357198 ], [ -71.2656184, 40.9357155 ], [ -71.265629, 40.9357112 ], [ -71.265639, 40.9357071 ], [ -71.2656464, 40.9357041 ], [ -71.2656526, 40.9357015 ], [ -71.2656598, 40.9356985 ], [ -71.2656702, 40.9356941 ], [ -71.2656815, 40.9356894 ], [ -71.2656907, 40.9356854 ], [ -71.2657009, 40.935681 ], [ -71.2657113, 40.9356767 ], [ -71.2657223, 40.9356735 ], [ -71.2657328, 40.9356694 ], [ -71.2657433, 40.9356654 ], [ -71.2657536, 40.9356614 ], [ -71.2657641, 40.9356575 ], [ -71.2657747, 40.9356535 ], [ -71.2657855, 40.9356495 ], [ -71.2657958, 40.9356458 ], [ -71.2658066, 40.9356419 ], [ -71.2658172, 40.9356381 ], [ -71.2658278, 40.9356343 ], [ -71.2658387, 40.9356305 ], [ -71.2658491, 40.9356269 ], [ -71.2658599, 40.9356232 ], [ -71.2658706, 40.9356196 ], [ -71.2658815, 40.9356159 ], [ -71.2658921, 40.9356124 ], [ -71.2659031, 40.9356088 ], [ -71.2659138, 40.9356053 ], [ -71.2659244, 40.9356019 ], [ -71.2659354, 40.9355984 ], [ -71.2659462, 40.935595 ], [ -71.2659572, 40.9355916 ], [ -71.2659681, 40.9355882 ], [ -71.2659791, 40.9355849 ], [ -71.26599, 40.9355816 ], [ -71.2660008, 40.9355784 ], [ -71.2660118, 40.9355751 ], [ -71.266023, 40.9355719 ], [ -71.2660337, 40.9355688 ], [ -71.2660448, 40.9355657 ], [ -71.2660559, 40.9355626 ], [ -71.266067, 40.9355595 ], [ -71.2660778, 40.9355565 ], [ -71.2660892, 40.9355535 ], [ -71.2661002, 40.9355505 ], [ -71.2661113, 40.9355476 ], [ -71.2661224, 40.9355447 ], [ -71.2661335, 40.9355419 ], [ -71.2661446, 40.9355391 ], [ -71.2661557, 40.9355363 ], [ -71.2661672, 40.9355335 ], [ -71.2661783, 40.9355308 ], [ -71.2661895, 40.9355281 ], [ -71.2662007, 40.9355254 ], [ -71.2662118, 40.9355228 ], [ -71.266223, 40.9355203 ], [ -71.2662345, 40.9355177 ], [ -71.2662457, 40.9355152 ], [ -71.2662571, 40.9355127 ], [ -71.2662683, 40.9355102 ], [ -71.2662795, 40.9355078 ], [ -71.266291, 40.9355054 ], [ -71.2663025, 40.935503 ], [ -71.2663137, 40.9355008 ], [ -71.2663252, 40.9354984 ], [ -71.2663364, 40.9354962 ], [ -71.266348, 40.935494 ], [ -71.2663592, 40.9354918 ], [ -71.2663705, 40.9354897 ], [ -71.266382, 40.9354876 ], [ -71.2663936, 40.9354855 ], [ -71.2664051, 40.9354834 ], [ -71.2664164, 40.9354815 ], [ -71.2664279, 40.9354795 ], [ -71.2664394, 40.9354775 ], [ -71.2664508, 40.9354757 ], [ -71.2664624, 40.9354738 ], [ -71.2664739, 40.9354719 ], [ -71.2664879, 40.9354698 ], [ -71.2693825, 40.935022 ], [ -71.2693863, 40.9350214 ], [ -71.269413, 40.9350172 ], [ -71.2694197, 40.9350162 ], [ -71.2694476, 40.9350117 ], [ -71.2694545, 40.9350106 ], [ -71.2694824, 40.9350061 ], [ -71.2694893, 40.9350049 ], [ -71.2695172, 40.9350003 ], [ -71.2695241, 40.9349992 ], [ -71.2695519, 40.9349945 ], [ -71.2695589, 40.9349933 ], [ -71.2695866, 40.9349885 ], [ -71.2695936, 40.9349873 ], [ -71.2696213, 40.9349824 ], [ -71.2696282, 40.9349812 ], [ -71.269656, 40.9349763 ], [ -71.2696629, 40.934975 ], [ -71.2696906, 40.93497 ], [ -71.2696975, 40.9349687 ], [ -71.2697252, 40.9349636 ], [ -71.2697321, 40.9349623 ], [ -71.2697597, 40.9349571 ], [ -71.2697666, 40.9349558 ], [ -71.2697947, 40.9349504 ], [ -71.2698017, 40.9349491 ], [ -71.2698288, 40.9349438 ], [ -71.2698356, 40.9349425 ], [ -71.2698631, 40.934937 ], [ -71.26987, 40.9349356 ], [ -71.2698975, 40.9349301 ], [ -71.2699044, 40.9349287 ], [ -71.2699319, 40.9349231 ], [ -71.2699388, 40.9349217 ], [ -71.2699663, 40.934916 ], [ -71.2699731, 40.9349145 ], [ -71.2700005, 40.9349088 ], [ -71.2700074, 40.9349073 ], [ -71.2700348, 40.9349014 ], [ -71.2700417, 40.9349 ], [ -71.270069, 40.934894 ], [ -71.2700759, 40.9348925 ], [ -71.2701032, 40.9348865 ], [ -71.27011, 40.934885 ], [ -71.2701373, 40.9348788 ], [ -71.2701442, 40.9348773 ], [ -71.2701714, 40.9348711 ], [ -71.2701783, 40.9348695 ], [ -71.2702055, 40.9348633 ], [ -71.2702123, 40.9348617 ], [ -71.2702395, 40.9348553 ], [ -71.2702463, 40.9348537 ], [ -71.2702735, 40.9348473 ], [ -71.2702803, 40.9348456 ], [ -71.2703074, 40.9348391 ], [ -71.2703142, 40.9348375 ], [ -71.2703413, 40.9348309 ], [ -71.2703481, 40.9348292 ], [ -71.2703752, 40.9348225 ], [ -71.2703819, 40.9348208 ], [ -71.270409, 40.934814 ], [ -71.2704157, 40.9348123 ], [ -71.2704427, 40.9348055 ], [ -71.2704495, 40.9348038 ], [ -71.2704764, 40.9347968 ], [ -71.2704832, 40.9347951 ], [ -71.2705101, 40.9347881 ], [ -71.2705168, 40.9347863 ], [ -71.2705437, 40.9347792 ], [ -71.2705503, 40.9347774 ], [ -71.2705768, 40.9347703 ], [ -71.2705836, 40.9347685 ], [ -71.2706108, 40.9347612 ], [ -71.2706175, 40.9347593 ], [ -71.2706443, 40.934752 ], [ -71.2706475, 40.9347511 ], [ -71.270651, 40.9347501 ], [ -71.2706777, 40.9347427 ], [ -71.2706844, 40.9347408 ], [ -71.2707111, 40.9347333 ], [ -71.2707177, 40.9347314 ], [ -71.2707444, 40.9347239 ], [ -71.2707511, 40.9347219 ], [ -71.2707777, 40.9347143 ], [ -71.2707843, 40.9347123 ], [ -71.2708109, 40.9347046 ], [ -71.2708175, 40.9347026 ], [ -71.2708441, 40.9346948 ], [ -71.2708507, 40.9346928 ], [ -71.2708772, 40.9346849 ], [ -71.2708838, 40.9346829 ], [ -71.2709103, 40.934675 ], [ -71.2709169, 40.9346729 ], [ -71.2709433, 40.9346649 ], [ -71.2709499, 40.9346629 ], [ -71.2709763, 40.9346547 ], [ -71.2709828, 40.9346526 ], [ -71.2710092, 40.9346444 ], [ -71.2710157, 40.9346423 ], [ -71.271042, 40.934634 ], [ -71.2710486, 40.934632 ], [ -71.2710748, 40.9346236 ], [ -71.2710814, 40.9346215 ], [ -71.2711076, 40.934613 ], [ -71.2711141, 40.9346109 ], [ -71.2711403, 40.9346023 ], [ -71.2711468, 40.9346002 ], [ -71.2711729, 40.9345915 ], [ -71.2711794, 40.9345894 ], [ -71.2712055, 40.9345807 ], [ -71.271212, 40.9345785 ], [ -71.271238, 40.9345697 ], [ -71.2712445, 40.9345675 ], [ -71.2712704, 40.9345586 ], [ -71.2712769, 40.9345564 ], [ -71.2713031, 40.9345473 ], [ -71.2713097, 40.9345451 ], [ -71.2713353, 40.9345361 ], [ -71.2713417, 40.9345339 ], [ -71.2713675, 40.9345248 ], [ -71.2713739, 40.9345225 ], [ -71.2713997, 40.9345133 ], [ -71.2714061, 40.934511 ], [ -71.2714319, 40.9345018 ], [ -71.2714383, 40.9344994 ], [ -71.271464, 40.9344901 ], [ -71.2714704, 40.9344878 ], [ -71.271496, 40.9344784 ], [ -71.2715024, 40.934476 ], [ -71.271528, 40.9344665 ], [ -71.2715344, 40.9344641 ], [ -71.2715599, 40.9344546 ], [ -71.2715663, 40.9344522 ], [ -71.2715917, 40.9344425 ], [ -71.2715981, 40.9344401 ], [ -71.2716235, 40.9344304 ], [ -71.2716299, 40.9344279 ], [ -71.2716553, 40.9344181 ], [ -71.2716616, 40.9344157 ], [ -71.2716869, 40.9344058 ], [ -71.2716932, 40.9344033 ], [ -71.2717185, 40.9343934 ], [ -71.2717248, 40.9343909 ], [ -71.27175, 40.9343808 ], [ -71.2717563, 40.9343783 ], [ -71.2717815, 40.9343682 ], [ -71.2717878, 40.9343657 ], [ -71.2718129, 40.9343555 ], [ -71.2718192, 40.9343529 ], [ -71.2718442, 40.9343427 ], [ -71.2718505, 40.9343401 ], [ -71.2718755, 40.9343298 ], [ -71.2718817, 40.9343272 ], [ -71.2719067, 40.9343168 ], [ -71.2719129, 40.9343141 ], [ -71.2719378, 40.9343037 ], [ -71.2719438, 40.9343011 ], [ -71.2719676, 40.934291 ], [ -71.2719709, 40.9342896 ], [ -71.342232, 40.9042389 ], [ -71.3422642, 40.9042251 ], [ -71.3422771, 40.9042195 ], [ -71.3422826, 40.9042165 ], [ -71.3423099, 40.9042043 ], [ -71.3423207, 40.9041996 ], [ -71.3423353, 40.9041931 ], [ -71.3423525, 40.9041857 ], [ -71.3423699, 40.9041791 ], [ -71.342386, 40.9041708 ], [ -71.3424037, 40.9041628 ], [ -71.3424178, 40.9041567 ], [ -71.3424376, 40.904148 ], [ -71.3424408, 40.9041466 ], [ -71.3424666, 40.9041353 ], [ -71.3424723, 40.9041329 ], [ -71.3424842, 40.9041284 ], [ -71.3425156, 40.9041143 ], [ -71.3425199, 40.9041124 ], [ -71.3425513, 40.9040981 ], [ -71.3425556, 40.9040962 ], [ -71.3425869, 40.9040819 ], [ -71.3425912, 40.90408 ], [ -71.3426225, 40.9040656 ], [ -71.3426268, 40.9040637 ], [ -71.342658, 40.9040493 ], [ -71.3426623, 40.9040473 ], [ -71.3426935, 40.9040328 ], [ -71.3426977, 40.9040309 ], [ -71.3427289, 40.9040163 ], [ -71.3427331, 40.9040143 ], [ -71.3427642, 40.9039997 ], [ -71.3427683, 40.9039978 ], [ -71.3427998, 40.9039829 ], [ -71.364456, 40.8937094 ], [ -71.364469, 40.8937033 ], [ -71.3644791, 40.8936985 ], [ -71.364489, 40.8936939 ], [ -71.3644992, 40.8936892 ], [ -71.3645094, 40.8936846 ], [ -71.3645194, 40.8936801 ], [ -71.3645298, 40.8936755 ], [ -71.36454, 40.8936709 ], [ -71.3645502, 40.8936664 ], [ -71.3645605, 40.8936619 ], [ -71.3645708, 40.8936575 ], [ -71.3645813, 40.893653 ], [ -71.3645913, 40.8936488 ], [ -71.364602, 40.8936443 ], [ -71.3646122, 40.8936401 ], [ -71.3646224, 40.8936358 ], [ -71.3646331, 40.8936315 ], [ -71.3646435, 40.8936273 ], [ -71.364654, 40.8936231 ], [ -71.3646644, 40.893619 ], [ -71.3646749, 40.8936149 ], [ -71.3646857, 40.8936107 ], [ -71.3646962, 40.8936066 ], [ -71.3647065, 40.8936027 ], [ -71.3647175, 40.8935985 ], [ -71.364728, 40.8935946 ], [ -71.3647386, 40.8935907 ], [ -71.3647493, 40.8935868 ], [ -71.3647598, 40.893583 ], [ -71.3647706, 40.8935791 ], [ -71.3647815, 40.8935753 ], [ -71.3647924, 40.8935715 ], [ -71.364803, 40.8935678 ], [ -71.3648136, 40.8935641 ], [ -71.3648246, 40.8935604 ], [ -71.3648354, 40.8935568 ], [ -71.3648463, 40.8935531 ], [ -71.3648569, 40.8935496 ], [ -71.3648679, 40.8935461 ], [ -71.3648789, 40.8935425 ], [ -71.3648898, 40.8935391 ], [ -71.3649008, 40.8935356 ], [ -71.3649115, 40.8935323 ], [ -71.3649225, 40.8935289 ], [ -71.3649338, 40.8935254 ], [ -71.3649445, 40.8935222 ], [ -71.3649556, 40.8935189 ], [ -71.3649668, 40.8935156 ], [ -71.3649778, 40.8935124 ], [ -71.3649886, 40.8935093 ], [ -71.3649999, 40.8935061 ], [ -71.3650113, 40.893503 ], [ -71.365022, 40.8935 ], [ -71.3650334, 40.8934969 ], [ -71.3650445, 40.8934939 ], [ -71.3650558, 40.8934909 ], [ -71.3650669, 40.893488 ], [ -71.3650784, 40.893485 ], [ -71.3650892, 40.8934822 ], [ -71.3651006, 40.8934794 ], [ -71.3651117, 40.8934766 ], [ -71.3651228, 40.8934739 ], [ -71.3651346, 40.893471 ], [ -71.3651456, 40.8934684 ], [ -71.3651568, 40.8934657 ], [ -71.3651682, 40.8934631 ], [ -71.3651797, 40.8934605 ], [ -71.3651911, 40.8934579 ], [ -71.3652023, 40.8934554 ], [ -71.3652138, 40.8934529 ], [ -71.3652252, 40.8934504 ], [ -71.3652365, 40.893448 ], [ -71.365248, 40.8934456 ], [ -71.3652595, 40.8934432 ], [ -71.3652709, 40.8934409 ], [ -71.3652822, 40.8934386 ], [ -71.3652937, 40.8934364 ], [ -71.3653052, 40.8934342 ], [ -71.3653167, 40.893432 ], [ -71.3653282, 40.8934298 ], [ -71.3653398, 40.8934277 ], [ -71.3653511, 40.8934256 ], [ -71.3653629, 40.8934236 ], [ -71.3653744, 40.8934216 ], [ -71.3653859, 40.8934196 ], [ -71.3653972, 40.8934177 ], [ -71.3654091, 40.8934157 ], [ -71.3654206, 40.8934139 ], [ -71.3654322, 40.893412 ], [ -71.3654438, 40.8934103 ], [ -71.3654556, 40.8934085 ], [ -71.3654672, 40.8934067 ], [ -71.3654785, 40.8934051 ], [ -71.3654904, 40.8934034 ], [ -71.365502, 40.8934018 ], [ -71.3655136, 40.8934002 ], [ -71.3655254, 40.8933986 ], [ -71.3655371, 40.8933971 ], [ -71.3655487, 40.8933956 ], [ -71.3655603, 40.8933942 ], [ -71.365572, 40.8933928 ], [ -71.3655839, 40.8933914 ], [ -71.3655954, 40.8933901 ], [ -71.3656072, 40.8933888 ], [ -71.3656188, 40.8933875 ], [ -71.3656338, 40.8933859 ], [ -71.3698154, 40.8929529 ], [ -71.3698192, 40.8929525 ], [ -71.3698461, 40.8929497 ], [ -71.3698529, 40.8929489 ], [ -71.369881, 40.8929459 ], [ -71.3698881, 40.8929451 ], [ -71.3699162, 40.892942 ], [ -71.3699232, 40.8929412 ], [ -71.3699513, 40.892938 ], [ -71.3699583, 40.8929372 ], [ -71.3699864, 40.8929339 ], [ -71.3699934, 40.892933 ], [ -71.3700214, 40.8929297 ], [ -71.3700284, 40.8929288 ], [ -71.3700557, 40.8929254 ], [ -71.3700627, 40.8929246 ], [ -71.3700914, 40.8929209 ], [ -71.3700985, 40.89292 ], [ -71.3701265, 40.8929164 ], [ -71.3701335, 40.8929155 ], [ -71.3701623, 40.8929116 ], [ -71.3701685, 40.8929108 ], [ -71.3701964, 40.892907 ], [ -71.3702034, 40.892906 ], [ -71.3702314, 40.8929021 ], [ -71.3702383, 40.8929011 ], [ -71.3702663, 40.8928972 ], [ -71.3702732, 40.8928962 ], [ -71.3703011, 40.8928921 ], [ -71.3703081, 40.8928911 ], [ -71.370336, 40.8928869 ], [ -71.3703429, 40.8928859 ], [ -71.3703708, 40.8928817 ], [ -71.3703778, 40.8928806 ], [ -71.3704056, 40.8928763 ], [ -71.3704125, 40.8928752 ], [ -71.3704403, 40.8928708 ], [ -71.3704473, 40.8928697 ], [ -71.3704751, 40.8928652 ], [ -71.370482, 40.8928641 ], [ -71.3705098, 40.8928595 ], [ -71.3705167, 40.8928583 ], [ -71.3705445, 40.8928537 ], [ -71.3705514, 40.8928525 ], [ -71.3705791, 40.8928478 ], [ -71.370586, 40.8928466 ], [ -71.3706137, 40.8928418 ], [ -71.3706206, 40.8928406 ], [ -71.3706483, 40.8928357 ], [ -71.3706552, 40.8928344 ], [ -71.3706828, 40.8928294 ], [ -71.3706897, 40.8928282 ], [ -71.3707173, 40.8928231 ], [ -71.3707242, 40.8928218 ], [ -71.3707518, 40.8928167 ], [ -71.3707587, 40.8928154 ], [ -71.3707863, 40.8928101 ], [ -71.3707931, 40.8928088 ], [ -71.3708207, 40.8928035 ], [ -71.3708277, 40.8928021 ], [ -71.3708551, 40.8927968 ], [ -71.3708619, 40.8927954 ], [ -71.3708894, 40.8927899 ], [ -71.3708963, 40.8927885 ], [ -71.3709237, 40.892783 ], [ -71.3709306, 40.8927816 ], [ -71.370958, 40.8927759 ], [ -71.3709648, 40.8927745 ], [ -71.3709922, 40.8927688 ], [ -71.370999, 40.8927673 ], [ -71.3710264, 40.8927615 ], [ -71.3710332, 40.89276 ], [ -71.3710605, 40.8927541 ], [ -71.3710674, 40.8927526 ], [ -71.3710947, 40.8927467 ], [ -71.3711015, 40.8927452 ], [ -71.3711287, 40.8927391 ], [ -71.3711355, 40.8927376 ], [ -71.3711628, 40.8927314 ], [ -71.3711696, 40.8927299 ], [ -71.3711968, 40.8927236 ], [ -71.3712036, 40.8927221 ], [ -71.3712307, 40.8927157 ], [ -71.3712375, 40.8927142 ], [ -71.3712646, 40.8927078 ], [ -71.3712714, 40.8927062 ], [ -71.3712985, 40.8926997 ], [ -71.3713053, 40.892698 ], [ -71.3713323, 40.8926915 ], [ -71.3713391, 40.8926898 ], [ -71.3713661, 40.8926832 ], [ -71.3713729, 40.8926815 ], [ -71.3713998, 40.8926748 ], [ -71.3714066, 40.8926731 ], [ -71.3714335, 40.8926663 ], [ -71.3714403, 40.8926646 ], [ -71.3714672, 40.8926577 ], [ -71.3714739, 40.892656 ], [ -71.3715008, 40.892649 ], [ -71.3715075, 40.8926473 ], [ -71.3715344, 40.8926402 ], [ -71.3715411, 40.8926384 ], [ -71.3715679, 40.8926313 ], [ -71.3715745, 40.8926295 ], [ -71.3716005, 40.8926225 ], [ -71.3716072, 40.8926207 ], [ -71.3716347, 40.8926132 ], [ -71.3716414, 40.8926114 ], [ -71.3716681, 40.892604 ], [ -71.3716748, 40.8926021 ], [ -71.3717014, 40.8925947 ], [ -71.3717081, 40.8925928 ], [ -71.3717347, 40.8925853 ], [ -71.3717414, 40.8925834 ], [ -71.3717679, 40.8925758 ], [ -71.3717746, 40.8925738 ], [ -71.3718011, 40.8925662 ], [ -71.3718077, 40.8925642 ], [ -71.3718342, 40.8925564 ], [ -71.3718408, 40.8925545 ], [ -71.3718673, 40.8925466 ], [ -71.3718739, 40.8925447 ], [ -71.3719003, 40.8925367 ], [ -71.3719069, 40.8925347 ], [ -71.3719333, 40.8925267 ], [ -71.3719399, 40.8925247 ], [ -71.3719662, 40.8925166 ], [ -71.3719728, 40.8925146 ], [ -71.371999, 40.8925064 ], [ -71.3720056, 40.8925043 ], [ -71.3720318, 40.8924961 ], [ -71.3720384, 40.892494 ], [ -71.3720646, 40.8924857 ], [ -71.3720711, 40.8924836 ], [ -71.3720973, 40.8924752 ], [ -71.3721038, 40.8924731 ], [ -71.3721299, 40.8924646 ], [ -71.3721364, 40.8924624 ], [ -71.3721625, 40.8924539 ], [ -71.372169, 40.8924517 ], [ -71.372195, 40.8924431 ], [ -71.3722015, 40.8924409 ], [ -71.3722275, 40.8924322 ], [ -71.372234, 40.89243 ], [ -71.3722599, 40.8924212 ], [ -71.3722664, 40.8924189 ], [ -71.3722923, 40.8924101 ], [ -71.3722987, 40.8924078 ], [ -71.3723246, 40.8923989 ], [ -71.3723311, 40.8923966 ], [ -71.3723568, 40.8923875 ], [ -71.3723632, 40.8923853 ], [ -71.372389, 40.8923762 ], [ -71.3723954, 40.8923739 ], [ -71.3724211, 40.8923647 ], [ -71.3724275, 40.8923624 ], [ -71.3724531, 40.8923531 ], [ -71.3724596, 40.8923508 ], [ -71.3724851, 40.8923414 ], [ -71.3724915, 40.8923391 ], [ -71.3725171, 40.8923296 ], [ -71.3725235, 40.8923273 ], [ -71.3725489, 40.8923178 ], [ -71.3725553, 40.8923154 ], [ -71.3725808, 40.8923058 ], [ -71.3725871, 40.8923034 ], [ -71.3726125, 40.8922937 ], [ -71.3726188, 40.8922913 ], [ -71.3726442, 40.8922816 ], [ -71.3726505, 40.8922791 ], [ -71.3726758, 40.8922693 ], [ -71.3726821, 40.8922668 ], [ -71.3727073, 40.8922569 ], [ -71.3727136, 40.8922545 ], [ -71.3727388, 40.8922445 ], [ -71.3727451, 40.892242 ], [ -71.3727703, 40.8922319 ], [ -71.3727765, 40.8922294 ], [ -71.3728016, 40.8922193 ], [ -71.3728079, 40.8922168 ], [ -71.3728329, 40.8922066 ], [ -71.3728391, 40.892204 ], [ -71.3728641, 40.8921937 ], [ -71.3728704, 40.8921912 ], [ -71.3728953, 40.8921808 ], [ -71.3729015, 40.8921782 ], [ -71.3729264, 40.8921678 ], [ -71.3729326, 40.8921652 ], [ -71.3729574, 40.8921547 ], [ -71.3729636, 40.892152 ], [ -71.3729883, 40.8921415 ], [ -71.3729945, 40.8921388 ], [ -71.3730192, 40.8921282 ], [ -71.3730253, 40.8921255 ], [ -71.3730493, 40.8921151 ], [ -71.3730546, 40.8921127 ], [ -71.3730807, 40.8921013 ], [ -71.3730869, 40.8920986 ], [ -71.3731114, 40.8920877 ], [ -71.3731175, 40.892085 ], [ -71.373142, 40.892074 ], [ -71.3731481, 40.8920713 ], [ -71.3731725, 40.8920603 ], [ -71.3731784, 40.8920576 ], [ -71.3732018, 40.892047 ], [ -71.373205, 40.8920455 ], [ -71.3762345, 40.890659 ], [ -71.3762564, 40.8906491 ], [ -71.3762772, 40.8906396 ], [ -71.3762976, 40.8906304 ], [ -71.3763186, 40.890621 ], [ -71.3763392, 40.8906119 ], [ -71.3763598, 40.8906027 ], [ -71.3763807, 40.8905935 ], [ -71.3764016, 40.8905844 ], [ -71.3764226, 40.8905753 ], [ -71.3764433, 40.8905664 ], [ -71.3764639, 40.8905575 ], [ -71.3764851, 40.8905485 ], [ -71.376507, 40.8905385 ], [ -71.3765269, 40.8905304 ], [ -71.376548, 40.8905218 ], [ -71.376567, 40.8905141 ], [ -71.3765712, 40.8905124 ], [ -71.3765902, 40.8905044 ], [ -71.3766066, 40.8904976 ], [ -71.3766136, 40.8904945 ], [ -71.4, 40.8809188 ], [ -71.4741157, 40.8505717 ], [ -71.4741393, 40.8505621 ], [ -71.4741612, 40.8505532 ], [ -71.4741833, 40.8505443 ], [ -71.4742056, 40.8505353 ], [ -71.4742276, 40.8505266 ], [ -71.4742494, 40.850518 ], [ -71.4742718, 40.8505092 ], [ -71.4742939, 40.8505006 ], [ -71.4743162, 40.8504919 ], [ -71.4743382, 40.8504835 ], [ -71.4743604, 40.850475 ], [ -71.4743829, 40.8504665 ], [ -71.4744053, 40.850458 ], [ -71.4744275, 40.8504497 ], [ -71.4744497, 40.8504415 ], [ -71.4744722, 40.8504332 ], [ -71.4744948, 40.8504249 ], [ -71.4745171, 40.8504168 ], [ -71.4745399, 40.8504086 ], [ -71.474562, 40.8504007 ], [ -71.4745849, 40.8503925 ], [ -71.4746072, 40.8503847 ], [ -71.4746299, 40.8503767 ], [ -71.4746527, 40.8503688 ], [ -71.4746752, 40.8503611 ], [ -71.4746979, 40.8503533 ], [ -71.4747209, 40.8503455 ], [ -71.4747437, 40.8503377 ], [ -71.4747663, 40.8503302 ], [ -71.4747892, 40.8503226 ], [ -71.4748122, 40.850315 ], [ -71.4748347, 40.8503076 ], [ -71.4748577, 40.8503002 ], [ -71.4748807, 40.8502927 ], [ -71.4749038, 40.8502854 ], [ -71.4749265, 40.8502782 ], [ -71.4749495, 40.8502709 ], [ -71.4749726, 40.8502637 ], [ -71.4749957, 40.8502565 ], [ -71.475019, 40.8502494 ], [ -71.4750417, 40.8502424 ], [ -71.4750649, 40.8502354 ], [ -71.4750881, 40.8502285 ], [ -71.4751114, 40.8502216 ], [ -71.4751348, 40.8502147 ], [ -71.4751579, 40.8502079 ], [ -71.4751808, 40.8502012 ], [ -71.4752043, 40.8501945 ], [ -71.475228, 40.8501877 ], [ -71.4752513, 40.8501811 ], [ -71.4752743, 40.8501747 ], [ -71.475298, 40.8501681 ], [ -71.4753216, 40.8501616 ], [ -71.475345, 40.8501552 ], [ -71.475368, 40.850149 ], [ -71.4753915, 40.8501427 ], [ -71.4754151, 40.8501364 ], [ -71.4754408, 40.8501296 ], [ -71.4794346, 40.8490813 ], [ -71.4794698, 40.8490721 ], [ -71.4794744, 40.8490708 ], [ -71.4795092, 40.8490616 ], [ -71.4795139, 40.8490603 ], [ -71.4795491, 40.8490509 ], [ -71.4795538, 40.8490496 ], [ -71.4795881, 40.8490403 ], [ -71.4795928, 40.849039 ], [ -71.4796274, 40.8490296 ], [ -71.4796321, 40.8490283 ], [ -71.4796673, 40.8490186 ], [ -71.4796714, 40.8490174 ], [ -71.479706, 40.8490078 ], [ -71.4797107, 40.8490065 ], [ -71.4797453, 40.8489968 ], [ -71.47975, 40.8489955 ], [ -71.4797845, 40.8489857 ], [ -71.4797892, 40.8489844 ], [ -71.4798236, 40.8489745 ], [ -71.4798283, 40.8489732 ], [ -71.4798627, 40.8489633 ], [ -71.4798674, 40.8489619 ], [ -71.4799018, 40.8489519 ], [ -71.4799065, 40.8489506 ], [ -71.4799409, 40.8489405 ], [ -71.4799455, 40.8489391 ], [ -71.4799799, 40.848929 ], [ -71.4799845, 40.8489276 ], [ -71.4800188, 40.8489174 ], [ -71.4800235, 40.848916 ], [ -71.4800577, 40.8489057 ], [ -71.4800624, 40.8489043 ], [ -71.4800966, 40.848894 ], [ -71.4801012, 40.8488925 ], [ -71.4801354, 40.8488821 ], [ -71.4801401, 40.8488807 ], [ -71.4801742, 40.8488702 ], [ -71.4801788, 40.8488687 ], [ -71.4802129, 40.8488582 ], [ -71.4802176, 40.8488567 ], [ -71.4802516, 40.8488461 ], [ -71.4802562, 40.8488446 ], [ -71.4802902, 40.8488339 ], [ -71.4802949, 40.8488324 ], [ -71.4803288, 40.8488216 ], [ -71.4803335, 40.8488202 ], [ -71.4803674, 40.8488093 ], [ -71.480372, 40.8488078 ], [ -71.4804059, 40.8487969 ], [ -71.4804105, 40.8487954 ], [ -71.4804444, 40.8487844 ], [ -71.480449, 40.8487829 ], [ -71.4804828, 40.8487718 ], [ -71.4804874, 40.8487703 ], [ -71.4805211, 40.8487591 ], [ -71.4805257, 40.8487576 ], [ -71.4805595, 40.8487463 ], [ -71.480564, 40.8487448 ], [ -71.4805977, 40.8487335 ], [ -71.4806023, 40.848732 ], [ -71.4806359, 40.8487206 ], [ -71.4806405, 40.848719 ], [ -71.4806741, 40.8487076 ], [ -71.4806787, 40.848706 ], [ -71.4807122, 40.8486945 ], [ -71.4807168, 40.8486929 ], [ -71.4807503, 40.8486813 ], [ -71.4807549, 40.8486798 ], [ -71.4807886, 40.848668 ], [ -71.4807932, 40.8486664 ], [ -71.4808264, 40.8486548 ], [ -71.4808309, 40.8486532 ], [ -71.4808643, 40.8486414 ], [ -71.4808688, 40.8486397 ], [ -71.4809021, 40.8486279 ], [ -71.4809067, 40.8486262 ], [ -71.48094, 40.8486143 ], [ -71.4809445, 40.8486127 ], [ -71.4809777, 40.8486006 ], [ -71.4809823, 40.848599 ], [ -71.4810155, 40.8485869 ], [ -71.48102, 40.8485853 ], [ -71.4810531, 40.8485731 ], [ -71.4810577, 40.8485714 ], [ -71.4810908, 40.8485592 ], [ -71.4810953, 40.8485575 ], [ -71.4811283, 40.8485452 ], [ -71.4811329, 40.8485435 ], [ -71.4811659, 40.8485312 ], [ -71.4811704, 40.8485295 ], [ -71.4812033, 40.848517 ], [ -71.4812078, 40.8485153 ], [ -71.4812407, 40.8485028 ], [ -71.4812452, 40.8485011 ], [ -71.4812781, 40.8484885 ], [ -71.4812826, 40.8484868 ], [ -71.4813154, 40.8484742 ], [ -71.4813199, 40.8484724 ], [ -71.4813527, 40.8484597 ], [ -71.4813571, 40.848458 ], [ -71.4813899, 40.8484452 ], [ -71.4813943, 40.8484434 ], [ -71.481427, 40.8484305 ], [ -71.4814315, 40.8484288 ], [ -71.4814641, 40.8484158 ], [ -71.4814686, 40.8484141 ], [ -71.4815012, 40.8484011 ], [ -71.4815056, 40.8483993 ], [ -71.4815381, 40.8483862 ], [ -71.4815426, 40.8483844 ], [ -71.4815751, 40.8483713 ], [ -71.4815795, 40.8483695 ], [ -71.4816119, 40.8483563 ], [ -71.4816163, 40.8483545 ], [ -71.4816491, 40.848341 ], [ -71.5059097, 40.8383546 ], [ -71.5059421, 40.8383412 ], [ -71.5059464, 40.8383394 ], [ -71.5059784, 40.8383261 ], [ -71.5059827, 40.8383243 ], [ -71.5060146, 40.8383109 ], [ -71.506019, 40.8383091 ], [ -71.5060509, 40.8382957 ], [ -71.5060552, 40.8382938 ], [ -71.506087, 40.8382803 ], [ -71.5060914, 40.8382785 ], [ -71.5061231, 40.8382649 ], [ -71.5061275, 40.8382631 ], [ -71.5061592, 40.8382494 ], [ -71.5061635, 40.8382476 ], [ -71.5061952, 40.8382339 ], [ -71.5061995, 40.838232 ], [ -71.5062312, 40.8382182 ], [ -71.5062356, 40.8382163 ], [ -71.5062672, 40.8382024 ], [ -71.5062713, 40.8382006 ], [ -71.5063028, 40.8381867 ], [ -71.5063071, 40.8381848 ], [ -71.5063389, 40.8381707 ], [ -71.5091252, 40.8369297 ], [ -71.5091486, 40.8369193 ], [ -71.5091698, 40.8369099 ], [ -71.5091916, 40.8369003 ], [ -71.5092131, 40.836891 ], [ -71.5092347, 40.8368817 ], [ -71.5092557, 40.8368726 ], [ -71.5092777, 40.8368632 ], [ -71.5092993, 40.8368541 ], [ -71.5093207, 40.836845 ], [ -71.5093429, 40.8368357 ], [ -71.5093645, 40.8368268 ], [ -71.5093862, 40.8368178 ], [ -71.5094079, 40.8368089 ], [ -71.5094297, 40.8368 ], [ -71.5094533, 40.8367904 ], [ -71.5382328, 40.825165 ], [ -71.5382653, 40.8251518 ], [ -71.5382696, 40.82515 ], [ -71.5383016, 40.825137 ], [ -71.538306, 40.8251352 ], [ -71.538338, 40.825122 ], [ -71.5383423, 40.8251202 ], [ -71.5383743, 40.825107 ], [ -71.5383786, 40.8251052 ], [ -71.5384106, 40.8250919 ], [ -71.5384149, 40.8250901 ], [ -71.5384468, 40.8250767 ], [ -71.5384511, 40.8250749 ], [ -71.5384829, 40.8250615 ], [ -71.538494, 40.825056 ], [ -71.5385082, 40.8250498 ], [ -71.5385261, 40.8250421 ], [ -71.5385475, 40.8250328 ], [ -71.5385581, 40.8250281 ], [ -71.538579, 40.8250192 ], [ -71.5386036, 40.8250098 ], [ -71.5386308, 40.8249967 ], [ -71.5386934, 40.8249698 ], [ -71.5386983, 40.8249685 ], [ -71.5387029, 40.8249665 ], [ -71.5387343, 40.8249526 ], [ -71.5387386, 40.8249507 ], [ -71.53877, 40.8249368 ], [ -71.5387743, 40.8249349 ], [ -71.5388057, 40.8249208 ], [ -71.5388099, 40.8249189 ], [ -71.5388412, 40.8249048 ], [ -71.5388455, 40.8249029 ], [ -71.5388767, 40.8248887 ], [ -71.5388809, 40.8248868 ], [ -71.5389125, 40.8248724 ], [ -71.5432253, 40.8228997 ], [ -71.5432481, 40.8228893 ], [ -71.5432689, 40.8228799 ], [ -71.5432901, 40.8228703 ], [ -71.5433113, 40.8228608 ], [ -71.5433326, 40.8228514 ], [ -71.5433539, 40.822842 ], [ -71.5433751, 40.8228327 ], [ -71.5433965, 40.8228234 ], [ -71.5434178, 40.8228141 ], [ -71.5434393, 40.8228049 ], [ -71.5434606, 40.8227957 ], [ -71.5434821, 40.8227866 ], [ -71.5435037, 40.8227775 ], [ -71.543525, 40.8227685 ], [ -71.5435466, 40.8227595 ], [ -71.5435681, 40.8227506 ], [ -71.5435918, 40.8227408 ], [ -71.5589717, 40.8164322 ], [ -71.5590038, 40.816419 ], [ -71.559008, 40.8164172 ], [ -71.5590396, 40.8164041 ], [ -71.5590439, 40.8164023 ], [ -71.5590755, 40.8163892 ], [ -71.5590798, 40.8163874 ], [ -71.5591113, 40.8163741 ], [ -71.5591156, 40.8163723 ], [ -71.5591471, 40.816359 ], [ -71.5591514, 40.8163572 ], [ -71.5591828, 40.8163438 ], [ -71.5591871, 40.816342 ], [ -71.5592185, 40.8163286 ], [ -71.5592228, 40.8163267 ], [ -71.5592541, 40.8163132 ], [ -71.5592584, 40.8163114 ], [ -71.5592897, 40.8162978 ], [ -71.5592939, 40.816296 ], [ -71.5593252, 40.8162823 ], [ -71.559329, 40.8162806 ], [ -71.5593606, 40.8162668 ], [ -71.5593649, 40.8162649 ], [ -71.559396, 40.8162511 ], [ -71.5594002, 40.8162492 ], [ -71.5594313, 40.8162354 ], [ -71.5594356, 40.8162335 ], [ -71.5594666, 40.8162196 ], [ -71.5594708, 40.8162177 ], [ -71.5595018, 40.8162038 ], [ -71.559506, 40.8162019 ], [ -71.559537, 40.8161878 ], [ -71.5595412, 40.8161859 ], [ -71.559572, 40.8161718 ], [ -71.5595763, 40.8161699 ], [ -71.5596071, 40.8161558 ], [ -71.5596113, 40.8161538 ], [ -71.5596421, 40.8161396 ], [ -71.5596463, 40.8161377 ], [ -71.559677, 40.8161234 ], [ -71.5596812, 40.8161214 ], [ -71.5597118, 40.8161071 ], [ -71.559716, 40.8161051 ], [ -71.5597466, 40.8160907 ], [ -71.5597508, 40.8160887 ], [ -71.5597814, 40.8160743 ], [ -71.5597856, 40.8160723 ], [ -71.5598161, 40.8160578 ], [ -71.5598202, 40.8160558 ], [ -71.5598507, 40.8160412 ], [ -71.5598548, 40.8160392 ], [ -71.5598852, 40.8160245 ], [ -71.5598894, 40.8160225 ], [ -71.5599197, 40.8160078 ], [ -71.5599239, 40.8160058 ], [ -71.5599542, 40.815991 ], [ -71.5599583, 40.8159889 ], [ -71.5599886, 40.8159741 ], [ -71.5599927, 40.815972 ], [ -71.5600229, 40.8159571 ], [ -71.560027, 40.8159551 ], [ -71.5600571, 40.8159401 ], [ -71.5600612, 40.8159381 ], [ -71.5600913, 40.815923 ], [ -71.5600954, 40.8159209 ], [ -71.5601255, 40.8159058 ], [ -71.5601296, 40.8159038 ], [ -71.5601595, 40.8158886 ], [ -71.5601636, 40.8158865 ], [ -71.5601935, 40.8158713 ], [ -71.5601976, 40.8158692 ], [ -71.5602275, 40.8158539 ], [ -71.5602315, 40.8158518 ], [ -71.5602613, 40.8158365 ], [ -71.5602654, 40.8158344 ], [ -71.5602952, 40.8158189 ], [ -71.5602992, 40.8158168 ], [ -71.5603289, 40.8158013 ], [ -71.560333, 40.8157992 ], [ -71.5603626, 40.8157837 ], [ -71.5603666, 40.8157816 ], [ -71.5603965, 40.8157658 ], [ -71.5621817, 40.8148209 ], [ -71.5622036, 40.8148093 ], [ -71.5622244, 40.8147984 ], [ -71.5622446, 40.8147879 ], [ -71.5622651, 40.8147773 ], [ -71.5622854, 40.8147668 ], [ -71.562306, 40.8147562 ], [ -71.5623266, 40.8147458 ], [ -71.5623468, 40.8147355 ], [ -71.5623676, 40.8147251 ], [ -71.5623884, 40.8147147 ], [ -71.562409, 40.8147045 ], [ -71.5624297, 40.8146942 ], [ -71.5624506, 40.8146839 ], [ -71.5624714, 40.8146738 ], [ -71.5624923, 40.8146637 ], [ -71.5625132, 40.8146536 ], [ -71.5625342, 40.8146435 ], [ -71.562555, 40.8146336 ], [ -71.562576, 40.8146237 ], [ -71.562597, 40.8146138 ], [ -71.5626181, 40.814604 ], [ -71.5626389, 40.8145943 ], [ -71.5626602, 40.8145845 ], [ -71.5626817, 40.8145746 ], [ -71.5627027, 40.814565 ], [ -71.5627236, 40.8145556 ], [ -71.5627454, 40.8145458 ], [ -71.5627667, 40.8145362 ], [ -71.5627879, 40.8145268 ], [ -71.5628091, 40.8145175 ], [ -71.5628307, 40.814508 ], [ -71.5628521, 40.8144986 ], [ -71.5628736, 40.8144893 ], [ -71.5628952, 40.8144801 ], [ -71.5629186, 40.8144701 ], [ -71.5732905, 40.8100501 ], [ -71.5733144, 40.81004 ], [ -71.5733362, 40.8100308 ], [ -71.5733584, 40.8100215 ], [ -71.5733802, 40.8100124 ], [ -71.5734021, 40.8100033 ], [ -71.5734244, 40.8099942 ], [ -71.5734467, 40.8099851 ], [ -71.5734692, 40.809976 ], [ -71.5734907, 40.8099673 ], [ -71.5735135, 40.8099582 ], [ -71.5735355, 40.8099494 ], [ -71.5735577, 40.8099407 ], [ -71.5735802, 40.8099319 ], [ -71.5736027, 40.8099231 ], [ -71.5736249, 40.8099146 ], [ -71.5736474, 40.8099059 ], [ -71.5736696, 40.8098975 ], [ -71.5736922, 40.8098889 ], [ -71.5737148, 40.8098805 ], [ -71.5737375, 40.809872 ], [ -71.5737598, 40.8098637 ], [ -71.5737827, 40.8098553 ], [ -71.573805, 40.8098472 ], [ -71.5738282, 40.8098388 ], [ -71.5738506, 40.8098307 ], [ -71.5738734, 40.8098226 ], [ -71.5738962, 40.8098145 ], [ -71.5739188, 40.8098066 ], [ -71.5739419, 40.8097985 ], [ -71.5739648, 40.8097905 ], [ -71.5739879, 40.8097826 ], [ -71.5740105, 40.8097749 ], [ -71.5740336, 40.8097671 ], [ -71.5740565, 40.8097594 ], [ -71.5740796, 40.8097517 ], [ -71.5741023, 40.8097442 ], [ -71.5741254, 40.8097366 ], [ -71.5741485, 40.8097291 ], [ -71.5741717, 40.8097216 ], [ -71.5741952, 40.809714 ], [ -71.574218, 40.8097068 ], [ -71.5742413, 40.8096994 ], [ -71.5742648, 40.809692 ], [ -71.5742878, 40.8096849 ], [ -71.574311, 40.8096777 ], [ -71.5743343, 40.8096706 ], [ -71.574358, 40.8096634 ], [ -71.5743811, 40.8096565 ], [ -71.5744044, 40.8096495 ], [ -71.5744281, 40.8096425 ], [ -71.5744512, 40.8096358 ], [ -71.5744746, 40.8096289 ], [ -71.5744984, 40.8096221 ], [ -71.5745219, 40.8096153 ], [ -71.574545, 40.8096088 ], [ -71.574569, 40.8096021 ], [ -71.5745925, 40.8095955 ], [ -71.5746161, 40.809589 ], [ -71.5746397, 40.8095825 ], [ -71.5746632, 40.8095762 ], [ -71.5746869, 40.8095698 ], [ -71.5747109, 40.8095634 ], [ -71.5747346, 40.8095571 ], [ -71.5747582, 40.809551 ], [ -71.5747822, 40.8095447 ], [ -71.574806, 40.8095386 ], [ -71.5748298, 40.8095326 ], [ -71.5748534, 40.8095266 ], [ -71.5748777, 40.8095205 ], [ -71.5749015, 40.8095147 ], [ -71.5749253, 40.8095088 ], [ -71.5749495, 40.8095029 ], [ -71.5749733, 40.8094972 ], [ -71.5749971, 40.8094916 ], [ -71.575021, 40.8094859 ], [ -71.575045, 40.8094804 ], [ -71.5750693, 40.8094747 ], [ -71.5750932, 40.8094693 ], [ -71.5751175, 40.8094638 ], [ -71.5751415, 40.8094584 ], [ -71.5751655, 40.8094531 ], [ -71.5751895, 40.8094478 ], [ -71.5752157, 40.8094422 ], [ -71.5785899, 40.8087145 ], [ -71.5785935, 40.8087137 ], [ -71.5786194, 40.8087081 ], [ -71.5786259, 40.8087066 ], [ -71.5786529, 40.8087007 ], [ -71.5786596, 40.8086992 ], [ -71.5786866, 40.8086931 ], [ -71.5786933, 40.8086916 ], [ -71.5787203, 40.8086855 ], [ -71.578727, 40.808684 ], [ -71.5787539, 40.8086778 ], [ -71.5787606, 40.8086762 ], [ -71.5787875, 40.8086699 ], [ -71.5787942, 40.8086684 ], [ -71.5788211, 40.808662 ], [ -71.5788278, 40.8086604 ], [ -71.5788546, 40.808654 ], [ -71.5788613, 40.8086523 ], [ -71.578888, 40.8086458 ], [ -71.5788947, 40.8086442 ], [ -71.5789215, 40.8086376 ], [ -71.5789281, 40.8086359 ], [ -71.5789549, 40.8086292 ], [ -71.5789615, 40.8086275 ], [ -71.5789882, 40.8086208 ], [ -71.5789949, 40.8086191 ], [ -71.5790215, 40.8086122 ], [ -71.5790281, 40.8086105 ], [ -71.5790547, 40.8086036 ], [ -71.5790614, 40.8086019 ], [ -71.5790879, 40.8085949 ], [ -71.5790946, 40.8085931 ], [ -71.5791211, 40.808586 ], [ -71.5791277, 40.8085843 ], [ -71.5791541, 40.8085771 ], [ -71.5791608, 40.8085753 ], [ -71.5791873, 40.808568 ], [ -71.5791933, 40.8085664 ], [ -71.5792203, 40.8085589 ], [ -71.5792269, 40.8085571 ], [ -71.5792533, 40.8085497 ], [ -71.5792599, 40.8085478 ], [ -71.5792862, 40.8085403 ], [ -71.5792928, 40.8085384 ], [ -71.5793191, 40.8085309 ], [ -71.5793256, 40.808529 ], [ -71.5793519, 40.8085213 ], [ -71.5793585, 40.8085194 ], [ -71.5793847, 40.8085117 ], [ -71.5793912, 40.8085098 ], [ -71.5794174, 40.808502 ], [ -71.5794239, 40.8085 ], [ -71.5794501, 40.8084922 ], [ -71.5794566, 40.8084902 ], [ -71.5794827, 40.8084822 ], [ -71.5794892, 40.8084802 ], [ -71.5795153, 40.8084722 ], [ -71.5795218, 40.8084702 ], [ -71.5795478, 40.8084621 ], [ -71.5795543, 40.80846 ], [ -71.5795803, 40.8084519 ], [ -71.5795867, 40.8084498 ], [ -71.5796127, 40.8084415 ], [ -71.5796191, 40.8084395 ], [ -71.579645, 40.8084311 ], [ -71.5796515, 40.808429 ], [ -71.5796773, 40.8084206 ], [ -71.5796838, 40.8084185 ], [ -71.5797096, 40.80841 ], [ -71.579716, 40.8084079 ], [ -71.5797418, 40.8083993 ], [ -71.5797482, 40.8083971 ], [ -71.5797739, 40.8083885 ], [ -71.5797803, 40.8083863 ], [ -71.579806, 40.8083776 ], [ -71.5798124, 40.8083754 ], [ -71.579838, 40.8083666 ], [ -71.5798444, 40.8083644 ], [ -71.57987, 40.8083555 ], [ -71.5798763, 40.8083533 ], [ -71.5799013, 40.8083445 ], [ -71.5799077, 40.8083422 ], [ -71.5799337, 40.808333 ], [ -71.5799401, 40.8083307 ], [ -71.5799655, 40.8083216 ], [ -71.5799719, 40.8083193 ], [ -71.5799973, 40.8083102 ], [ -71.5800036, 40.8083078 ], [ -71.5800289, 40.8082986 ], [ -71.5800353, 40.8082963 ], [ -71.5800605, 40.8082869 ], [ -71.5800669, 40.8082846 ], [ -71.5800921, 40.8082752 ], [ -71.5800984, 40.8082728 ], [ -71.5801227, 40.8082625 ], [ -71.5801296, 40.8082603 ], [ -71.5801547, 40.8082506 ], [ -71.580161, 40.8082483 ], [ -71.5801862, 40.8082389 ], [ -71.5801925, 40.8082365 ], [ -71.5802176, 40.8082271 ], [ -71.5802239, 40.8082247 ], [ -71.5802488, 40.8082146 ], [ -71.580255, 40.8082121 ], [ -71.5802799, 40.8082021 ], [ -71.5802861, 40.8081996 ], [ -71.580298, 40.8081947 ], [ -71.5803108, 40.8081893 ], [ -71.580317, 40.8081867 ], [ -71.5803422, 40.8081777 ], [ -71.5803484, 40.8081752 ], [ -71.5803732, 40.8081651 ], [ -71.5803794, 40.8081625 ], [ -71.5804041, 40.8081524 ], [ -71.5804103, 40.8081498 ], [ -71.580435, 40.8081396 ], [ -71.5804411, 40.808137 ], [ -71.5804658, 40.8081267 ], [ -71.5804719, 40.8081241 ], [ -71.5804965, 40.8081137 ], [ -71.5805026, 40.8081111 ], [ -71.5805271, 40.8081006 ], [ -71.5805332, 40.808098 ], [ -71.5805577, 40.8080875 ], [ -71.5805638, 40.8080848 ], [ -71.5805887, 40.808074 ], [ -71.5805946, 40.8080714 ], [ -71.5806175, 40.8080614 ], [ -71.5806207, 40.80806 ], [ -71.5940295, 40.8021475 ], [ -71.5940522, 40.8021375 ], [ -71.5940725, 40.8021287 ], [ -71.5940929, 40.8021198 ], [ -71.5941133, 40.802111 ], [ -71.5941338, 40.8021022 ], [ -71.5941546, 40.8020933 ], [ -71.5941751, 40.8020847 ], [ -71.5941959, 40.8020759 ], [ -71.5942163, 40.8020674 ], [ -71.5942374, 40.8020586 ], [ -71.5942578, 40.8020501 ], [ -71.5942786, 40.8020416 ], [ -71.5942996, 40.8020331 ], [ -71.5943201, 40.8020247 ], [ -71.594341, 40.8020163 ], [ -71.5943635, 40.8020073 ], [ -71.5993927, 40.8 ] ] ] } }
]
}
