{
"type": "FeatureCollection",
"name": "DEPARE",
"crs": { "type": "name", "properties": { "name": "urn:ogc:def:crs:OGC:1.3:CRS84" } },
"features": [
{ "type": "Feature", "properties": { "RCID": 445, "PRIM": 3, "GRUP": 1, "OBJL": 42, "RVER": 2, "AGEN": 550, "FIDN": -2128175358, "FIDS": 48294, "LNAM": "022681269F02BCA6", "DRVAL1": 0.0, "DRVAL2": 18.2 }, "geometry": { "type": "Polygon", "coordinates": [ [ [ -70.9139027, 41.619849 ], [ -70.9097296, 41.6233318 ], [ -70.9045132, 41.6253167 ], [ -70.9033895, 41.624333 ], [ -70.9025468, 41.6239817 ], [ -70.8999249, 41.6237007 ], [ -70.896273, 41.624052 ], [ -70.8938384, 41.6246141 ], [ -70.8919356, 41.6265567 ], [ -70.890375, 41.6290449 ], [ -70.8886843, 41.6316306 ], [ -70.8876439, 41.6321673 ], [ -70.8864734, 41.6321673 ], [ -70.8848743, 41.6316129 ], [ -70.8821166, 41.6309476 ], [ -70.8799057, 41.6299231 ], [ -70.8765991, 41.6283331 ], [ -70.8740229, 41.6275717 ], [ -70.8715248, 41.6261659 ], [ -70.8705099, 41.6254044 ], [ -70.870209, 41.6248216 ], [ -70.8699651, 41.6237116 ], [ -70.8695729, 41.6215383 ], [ -70.8694948, 41.6186093 ], [ -70.8697289, 41.6167346 ], [ -70.8695727, 41.6157973 ], [ -70.8691763, 41.6146509 ], [ -70.8686561, 41.6134797 ], [ -70.8676209, 41.6111689 ], [ -70.8656648, 41.6082091 ], [ -70.864223, 41.6039627 ], [ -70.8640846, 41.6034091 ], [ -70.8640383, 41.6029246 ], [ -70.8641306, 41.6024403 ], [ -70.8650073, 41.6017828 ], [ -70.8657917, 41.6010215 ], [ -70.8659761, 41.6002948 ], [ -70.86593, 41.599845 ], [ -70.865238, 41.5985646 ], [ -70.8641074, 41.5965786 ], [ -70.861453, 41.5939415 ], [ -70.8608285, 41.5930624 ], [ -70.8605162, 41.5921248 ], [ -70.8605162, 41.5911871 ], [ -70.8594232, 41.5893116 ], [ -70.8576015, 41.5845837 ], [ -70.8566742, 41.5833334 ], [ -70.8561376, 41.583186 ], [ -70.8545833, 41.5830087 ], [ -70.8535335, 41.5830633 ], [ -70.8528605, 41.5833334 ], [ -70.8525467, 41.5845597 ], [ -70.8518853, 41.5862381 ], [ -70.8506059, 41.5907584 ], [ -70.8501167, 41.5932727 ], [ -70.8499661, 41.5951936 ], [ -70.8509034, 41.5973422 ], [ -70.8515557, 41.5991227 ], [ -70.851615, 41.5998349 ], [ -70.8514371, 41.6003691 ], [ -70.8507255, 41.6010812 ], [ -70.8495988, 41.6015264 ], [ -70.8484721, 41.6018379 ], [ -70.8479384, 41.602283 ], [ -70.848057, 41.6030397 ], [ -70.84865, 41.6039744 ], [ -70.8496581, 41.6056212 ], [ -70.849836, 41.6077131 ], [ -70.849836, 41.6094043 ], [ -70.8498953, 41.6102944 ], [ -70.8503104, 41.6110065 ], [ -70.8510813, 41.6118966 ], [ -70.8524452, 41.6131872 ], [ -70.8530975, 41.6138992 ], [ -70.853394, 41.6152343 ], [ -70.853987, 41.6185718 ], [ -70.8546393, 41.6204852 ], [ -70.8555882, 41.6220871 ], [ -70.8566556, 41.6231995 ], [ -70.8574265, 41.6235555 ], [ -70.8587904, 41.623867 ], [ -70.8610438, 41.6240895 ], [ -70.8624077, 41.6250683 ], [ -70.8632379, 41.6264477 ], [ -70.8643647, 41.6294287 ], [ -70.8650763, 41.6312083 ], [ -70.8651356, 41.6323206 ], [ -70.8642461, 41.6330324 ], [ -70.8625856, 41.6337887 ], [ -70.8617554, 41.6337442 ], [ -70.860688, 41.6333883 ], [ -70.8580195, 41.6312528 ], [ -70.8561812, 41.6292952 ], [ -70.8551137, 41.6271151 ], [ -70.8546393, 41.6264032 ], [ -70.8540463, 41.6261807 ], [ -70.8529789, 41.6263142 ], [ -70.8519115, 41.627471 ], [ -70.8513185, 41.627738 ], [ -70.8508441, 41.627738 ], [ -70.8496581, 41.6269816 ], [ -70.8475233, 41.6251573 ], [ -70.8468117, 41.6254243 ], [ -70.8468117, 41.6261362 ], [ -70.8472861, 41.6274265 ], [ -70.84865, 41.6294732 ], [ -70.8487093, 41.6297846 ], [ -70.848057, 41.6304965 ], [ -70.8471675, 41.6307189 ], [ -70.8465151, 41.6307189 ], [ -70.8449733, 41.6301405 ], [ -70.841356, 41.6270261 ], [ -70.8385096, 41.6254243 ], [ -70.8356631, 41.6245789 ], [ -70.8332911, 41.6245344 ], [ -70.829911, 41.6249349 ], [ -70.8277761, 41.6256468 ], [ -70.8246925, 41.6271596 ], [ -70.8220833, 41.6286278 ], [ -70.8214903, 41.6294732 ], [ -70.8215496, 41.630363 ], [ -70.8215496, 41.6312083 ], [ -70.8213124, 41.6318312 ], [ -70.8201263, 41.6322761 ], [ -70.8187624, 41.6324095 ], [ -70.817695, 41.6316977 ], [ -70.8160346, 41.6292062 ], [ -70.8131882, 41.6259137 ], [ -70.8117057, 41.6249349 ], [ -70.8105196, 41.6243119 ], [ -70.808029, 41.6247569 ], [ -70.8042338, 41.6268036 ], [ -70.8014466, 41.6286278 ], [ -70.8005571, 41.6296066 ], [ -70.8002606, 41.630274 ], [ -70.8002013, 41.6312083 ], [ -70.8002013, 41.6326765 ], [ -70.8016838, 41.6363245 ], [ -70.8029885, 41.639394 ], [ -70.8040559, 41.6409954 ], [ -70.8052419, 41.6417961 ], [ -70.8066058, 41.6426413 ], [ -70.8087999, 41.6436199 ], [ -70.8120022, 41.6441092 ], [ -70.8144928, 41.6445095 ], [ -70.8163311, 41.6454436 ], [ -70.8181101, 41.6467336 ], [ -70.8195333, 41.6475342 ], [ -70.8208973, 41.6486017 ], [ -70.8221426, 41.6492244 ], [ -70.8241588, 41.6492244 ], [ -70.8248111, 41.6497581 ], [ -70.8247518, 41.6505587 ], [ -70.8208973, 41.6553175 ], [ -70.8181694, 41.656296 ], [ -70.8158678, 41.6563268 ], [ -70.8148486, 41.6563404 ], [ -70.8118243, 41.6563849 ], [ -70.8087406, 41.6572299 ], [ -70.806843, 41.6572744 ], [ -70.8040559, 41.6560291 ], [ -70.8, 41.6535957 ], [ -70.8, 41.5833334 ], [ -70.8, 41.4681269 ], [ -70.8018287, 41.4671457 ], [ -70.8030713, 41.4641107 ], [ -70.8026527, 41.4624479 ], [ -70.8024018, 41.4610988 ], [ -70.8031439, 41.4600389 ], [ -70.8043557, 41.4595598 ], [ -70.8059231, 41.4594566 ], [ -70.8068527, 41.4592287 ], [ -70.8074843, 41.4586553 ], [ -70.8073001, 41.4554232 ], [ -70.8066551, 41.454834 ], [ -70.8057753, 41.4540304 ], [ -70.8053158, 41.4525505 ], [ -70.8057131, 41.4503329 ], [ -70.8024399, 41.4478849 ], [ -70.8010116, 41.4471465 ], [ -70.8, 41.4466234 ], [ -70.8, 41.3541151 ], [ -70.802092, 41.3551705 ], [ -70.8081698, 41.3571456 ], [ -70.8109206, 41.3571218 ], [ -70.8143941, 41.356511 ], [ -70.8183138, 41.3545156 ], [ -70.8201295, 41.3535913 ], [ -70.8247512, 41.3535146 ], [ -70.8287351, 41.3536055 ], [ -70.8295527, 41.3547311 ], [ -70.8301631, 41.355765 ], [ -70.8318453, 41.3564992 ], [ -70.8330489, 41.3569875 ], [ -70.8360117, 41.3575107 ], [ -70.8393911, 41.3583827 ], [ -70.8413354, 41.3593244 ], [ -70.8427242, 41.3597778 ], [ -70.8447148, 41.3599522 ], [ -70.8563987, 41.3637243 ], [ -70.8678292, 41.3665773 ], [ -70.869083, 41.3673765 ], [ -70.8706583, 41.3680788 ], [ -70.8722335, 41.3682968 ], [ -70.8743874, 41.3679335 ], [ -70.8773772, 41.367207 ], [ -70.8795311, 41.3665531 ], [ -70.8815564, 41.3661414 ], [ -70.8823601, 41.3662624 ], [ -70.883196, 41.3665531 ], [ -70.8836782, 41.3670374 ], [ -70.8837425, 41.3680062 ], [ -70.8838068, 41.3691202 ], [ -70.8833567, 41.3707912 ], [ -70.8822958, 41.3721473 ], [ -70.8811385, 41.3728496 ], [ -70.8796275, 41.3734792 ], [ -70.8790167, 41.3738182 ], [ -70.8790489, 41.3744963 ], [ -70.8795343, 41.3754669 ], [ -70.8820941, 41.3784194 ], [ -70.8849739, 41.3807692 ], [ -70.8906254, 41.3839366 ], [ -70.8931902, 41.3852689 ], [ -70.8942549, 41.3857919 ], [ -70.8962455, 41.3869076 ], [ -70.8980047, 41.3876048 ], [ -70.8997175, 41.3886507 ], [ -70.9000383, 41.3887834 ], [ -70.9020785, 41.3896269 ], [ -70.9094574, 41.3929312 ], [ -70.917237, 41.3956422 ], [ -70.9250597, 41.3979419 ], [ -70.9265063, 41.3981033 ], [ -70.9269885, 41.3979015 ], [ -70.9272832, 41.3972964 ], [ -70.9276315, 41.3961264 ], [ -70.9289978, 41.3932617 ], [ -70.9295872, 41.3912242 ], [ -70.9297747, 41.38959 ], [ -70.9308999, 41.3869067 ], [ -70.9321858, 41.3839811 ], [ -70.9331234, 41.3828109 ], [ -70.9340075, 41.382024 ], [ -70.9356953, 41.3815397 ], [ -70.9369812, 41.3812976 ], [ -70.9378653, 41.3809747 ], [ -70.9384279, 41.3802483 ], [ -70.9394727, 41.378735 ], [ -70.940196, 41.3766566 ], [ -70.9406514, 41.3746588 ], [ -70.9411872, 41.3736499 ], [ -70.9422878, 41.3727022 ], [ -70.9439206, 41.3716772 ], [ -70.9446463, 41.3709256 ], [ -70.9451457, 41.3700158 ], [ -70.9447627, 41.3691502 ], [ -70.9444503, 41.3687973 ], [ -70.9435915, 41.3685032 ], [ -70.9417179, 41.3682093 ], [ -70.9408591, 41.3676211 ], [ -70.9390894, 41.3653863 ], [ -70.9383607, 41.3637395 ], [ -70.9383606, 41.361975 ], [ -70.9391412, 41.3609162 ], [ -70.9394677, 41.3601783 ], [ -70.9417565, 41.3587986 ], [ -70.9430446, 41.3587986 ], [ -70.9449182, 41.3590338 ], [ -70.9478008, 41.3595767 ], [ -70.9534265, 41.3610708 ], [ -70.957212, 41.3620763 ], [ -70.9594446, 41.3626693 ], [ -70.9638424, 41.3646166 ], [ -70.9660027, 41.3653432 ], [ -70.9687032, 41.3654594 ], [ -70.9708249, 41.365721 ], [ -70.9717508, 41.3660407 ], [ -70.9756086, 41.3679588 ], [ -70.9781161, 41.3686562 ], [ -70.9800064, 41.3686562 ], [ -70.9826682, 41.3679878 ], [ -70.983787, 41.3675228 ], [ -70.9846743, 41.3674647 ], [ -70.9854073, 41.3676391 ], [ -70.9860631, 41.3681041 ], [ -70.9866803, 41.3686562 ], [ -70.988262, 41.3693828 ], [ -70.9904609, 41.3702837 ], [ -70.9918883, 41.3710392 ], [ -70.9921198, 41.3721144 ], [ -70.992004, 41.3727538 ], [ -70.9911939, 41.3734512 ], [ -70.9899208, 41.3741195 ], [ -70.9891879, 41.3749332 ], [ -70.9888021, 41.3769963 ], [ -70.9883253, 41.3792636 ], [ -70.9891063, 41.3840264 ], [ -70.9891063, 41.385026 ], [ -70.9899912, 41.3876914 ], [ -70.9913705, 41.3887888 ], [ -70.9919951, 41.3894943 ], [ -70.9921512, 41.3901998 ], [ -70.9920732, 41.3905525 ], [ -70.9914487, 41.3911405 ], [ -70.9860063, 41.393761 ], [ -70.9849691, 41.3946093 ], [ -70.9845008, 41.3953147 ], [ -70.9849607, 41.3976858 ], [ -70.9843448, 41.3988419 ], [ -70.9844229, 41.3991358 ], [ -70.9849141, 41.3993607 ], [ -70.9859061, 41.3997928 ], [ -70.9872633, 41.4003428 ], [ -70.9877854, 41.4006178 ], [ -70.988203, 41.4008928 ], [ -70.9889862, 41.4015213 ], [ -70.9903683, 41.4022849 ], [ -70.9919874, 41.4030216 ], [ -70.9926131, 41.4033063 ], [ -70.9971028, 41.4053881 ], [ -71.0000263, 41.4066843 ], [ -71.0028454, 41.4078234 ], [ -71.0051595, 41.4089578 ], [ -71.0062909, 41.4095124 ], [ -71.0099975, 41.4106907 ], [ -71.0117724, 41.4112799 ], [ -71.0130254, 41.4118297 ], [ -71.0135997, 41.4120261 ], [ -71.017254, 41.4120261 ], [ -71.018246, 41.412301 ], [ -71.0192379, 41.412733 ], [ -71.0200209, 41.4138721 ], [ -71.021065, 41.4148932 ], [ -71.0219525, 41.4152859 ], [ -71.0228868, 41.415259 ], [ -71.0239264, 41.415357 ], [ -71.0267368, 41.4153569 ], [ -71.0309525, 41.4150041 ], [ -71.0328262, 41.4150041 ], [ -71.0332165, 41.414769 ], [ -71.0336848, 41.4140638 ], [ -71.0326699, 41.411948 ], [ -71.0326699, 41.4115954 ], [ -71.0322794, 41.4105375 ], [ -71.0323574, 41.4087743 ], [ -71.0328778, 41.4075987 ], [ -71.0346993, 41.4059529 ], [ -71.0357922, 41.40513 ], [ -71.0376658, 41.4041895 ], [ -71.039071, 41.4038367 ], [ -71.0418815, 41.4034839 ], [ -71.0442236, 41.4036602 ], [ -71.0451604, 41.4038953 ], [ -71.0470341, 41.4046007 ], [ -71.0514581, 41.406932 ], [ -71.0531861, 41.4082329 ], [ -71.057808, 41.4125937 ], [ -71.0582763, 41.413299 ], [ -71.061087, 41.415826 ], [ -71.0657712, 41.4180003 ], [ -71.0663177, 41.4187055 ], [ -71.0663958, 41.4190581 ], [ -71.0661616, 41.4197633 ], [ -71.0655371, 41.4202922 ], [ -71.0619349, 41.4214172 ], [ -71.0601817, 41.4217105 ], [ -71.0580622, 41.4229514 ], [ -71.0560911, 41.4246996 ], [ -71.0557788, 41.4254048 ], [ -71.0556229, 41.4289303 ], [ -71.0560914, 41.4314568 ], [ -71.0567472, 41.4329374 ], [ -71.0595514, 41.4340766 ], [ -71.0604882, 41.4340177 ], [ -71.0610347, 41.4334302 ], [ -71.0611961, 41.4322521 ], [ -71.0622851, 41.4303876 ], [ -71.0620245, 41.4283426 ], [ -71.0621025, 41.4276374 ], [ -71.0624147, 41.4271673 ], [ -71.0636638, 41.4262272 ], [ -71.0648348, 41.4259334 ], [ -71.0653813, 41.4259334 ], [ -71.0707679, 41.4244642 ], [ -71.0717047, 41.4241116 ], [ -71.0752958, 41.4222898 ], [ -71.0771694, 41.4215847 ], [ -71.078965, 41.4216433 ], [ -71.0803702, 41.4227598 ], [ -71.0806045, 41.423465 ], [ -71.0806046, 41.4245226 ], [ -71.0812292, 41.4269906 ], [ -71.0818538, 41.4280482 ], [ -71.0825564, 41.4287532 ], [ -71.0839618, 41.429517 ], [ -71.0848985, 41.429752 ], [ -71.0880213, 41.4300457 ], [ -71.090012, 41.4290468 ], [ -71.0903633, 41.4274603 ], [ -71.0899728, 41.4266377 ], [ -71.0877868, 41.4251688 ], [ -71.0872403, 41.4245812 ], [ -71.0873184, 41.4236998 ], [ -71.0884112, 41.4220544 ], [ -71.0893703, 41.4213325 ], [ -71.0940235, 41.420781 ], [ -71.0984039, 41.4199386 ], [ -71.0987552, 41.4199386 ], [ -71.1021241, 41.4206147 ], [ -71.1051543, 41.4224272 ], [ -71.1063664, 41.4233387 ], [ -71.1086583, 41.4236249 ], [ -71.1107791, 41.4224089 ], [ -71.1123696, 41.4211728 ], [ -71.1138012, 41.4199368 ], [ -71.1149145, 41.4201561 ], [ -71.1159484, 41.420814 ], [ -71.1163224, 41.4217217 ], [ -71.1166545, 41.4228705 ], [ -71.1174516, 41.4234699 ], [ -71.1191704, 41.424639 ], [ -71.121981, 41.4279294 ], [ -71.1222933, 41.4286345 ], [ -71.1222933, 41.4291633 ], [ -71.120732, 41.4300448 ], [ -71.1201075, 41.4306911 ], [ -71.1202636, 41.4313961 ], [ -71.1212005, 41.4320424 ], [ -71.1221373, 41.4323361 ], [ -71.1235425, 41.4325124 ], [ -71.1254831, 41.4320255 ], [ -71.1263956, 41.4309954 ], [ -71.1309615, 41.4275823 ], [ -71.1321715, 41.4269847 ], [ -71.1345025, 41.42595 ], [ -71.1359369, 41.4248254 ], [ -71.137969, 41.423251 ], [ -71.1379093, 41.4216315 ], [ -71.1368932, 41.4207767 ], [ -71.134144, 41.4206418 ], [ -71.1333038, 41.4211592 ], [ -71.1311927, 41.4215831 ], [ -71.1301778, 41.4215243 ], [ -71.1290068, 41.4212697 ], [ -71.1282261, 41.420878 ], [ -71.1276796, 41.4201728 ], [ -71.1277576, 41.4194676 ], [ -71.1283821, 41.4185861 ], [ -71.1291887, 41.4168231 ], [ -71.1278874, 41.4138846 ], [ -71.1267535, 41.4123482 ], [ -71.1247125, 41.4102997 ], [ -71.1240098, 41.4099471 ], [ -71.1199501, 41.4068909 ], [ -71.1192214, 41.406068 ], [ -71.1190132, 41.4051276 ], [ -71.1182324, 41.4033642 ], [ -71.1180762, 41.4026 ], [ -71.1180762, 41.4012481 ], [ -71.1189308, 41.4001642 ], [ -71.1203738, 41.3989736 ], [ -71.1247492, 41.3972227 ], [ -71.1254295, 41.3968771 ], [ -71.126377, 41.3964962 ], [ -71.127288, 41.3959572 ], [ -71.1291615, 41.394311 ], [ -71.1296611, 41.3941857 ], [ -71.1376707, 41.3889315 ], [ -71.1455554, 41.3859621 ], [ -71.1468613, 41.3853064 ], [ -71.1538306, 41.3841392 ], [ -71.1579384, 41.3838226 ], [ -71.1618484, 41.3836125 ], [ -71.1649205, 41.3830521 ], [ -71.1712397, 41.3820219 ], [ -71.1772211, 41.3816627 ], [ -71.1866661, 41.3822096 ], [ -71.1900543, 41.3830601 ], [ -71.1916228, 41.3837684 ], [ -71.1925526, 41.3843145 ], [ -71.1977468, 41.38716 ], [ -71.201921, 41.3905464 ], [ -71.2053459, 41.393862 ], [ -71.2059497, 41.3959079 ], [ -71.2067048, 41.3970451 ], [ -71.2068399, 41.3994232 ], [ -71.2067618, 41.4000698 ], [ -71.2048885, 41.4054777 ], [ -71.2041469, 41.408828 ], [ -71.2039521, 41.4135886 ], [ -71.2053574, 41.4157043 ], [ -71.2068147, 41.4173497 ], [ -71.2088316, 41.4191714 ], [ -71.2098856, 41.4197002 ], [ -71.2135549, 41.4206404 ], [ -71.218239, 41.4225794 ], [ -71.2190978, 41.4232846 ], [ -71.2198786, 41.4244011 ], [ -71.2200348, 41.4268102 ], [ -71.2198788, 41.4277503 ], [ -71.2190341, 41.4287869 ], [ -71.2179295, 41.4296854 ], [ -71.2165063, 41.429948 ], [ -71.2099485, 41.4304182 ], [ -71.2091054, 41.4306885 ], [ -71.208481, 41.4312173 ], [ -71.2083248, 41.4319223 ], [ -71.2093458, 41.4342273 ], [ -71.2113697, 41.4363874 ], [ -71.2120364, 41.4369747 ], [ -71.2120061, 41.4372961 ], [ -71.212007, 41.4376906 ], [ -71.2114858, 41.4403558 ], [ -71.2115901, 41.4452938 ], [ -71.2115379, 41.4472141 ], [ -71.2117464, 41.4479194 ], [ -71.2126324, 41.4496437 ], [ -71.213362, 41.4516813 ], [ -71.2141959, 41.453092 ], [ -71.2153946, 41.4545027 ], [ -71.216144, 41.4550145 ], [ -71.2171864, 41.4556413 ], [ -71.2186977, 41.4563075 ], [ -71.2200528, 41.4566602 ], [ -71.22146, 41.4568168 ], [ -71.2232319, 41.4568168 ], [ -71.2256293, 41.4566209 ], [ -71.2272971, 41.4561116 ], [ -71.2289127, 41.4549752 ], [ -71.2308932, 41.4531728 ], [ -71.2324046, 41.4514095 ], [ -71.233776, 41.4490755 ], [ -71.2338541, 41.4487231 ], [ -71.2348377, 41.4475247 ], [ -71.2358317, 41.4470261 ], [ -71.2402556, 41.4461384 ], [ -71.2415827, 41.4461383 ], [ -71.241973, 41.4462558 ], [ -71.2429099, 41.4468431 ], [ -71.2433783, 41.447548 ], [ -71.2432223, 41.4483116 ], [ -71.2426759, 41.449134 ], [ -71.2419732, 41.4498389 ], [ -71.2414016, 41.4504524 ], [ -71.239711, 41.4526717 ], [ -71.238323, 41.4546317 ], [ -71.236901, 41.4568461 ], [ -71.23619, 41.4583478 ], [ -71.2362239, 41.4591368 ], [ -71.2365624, 41.4598749 ], [ -71.2375443, 41.4605875 ], [ -71.2384245, 41.4606639 ], [ -71.2393386, 41.460613 ], [ -71.2396433, 41.4604348 ], [ -71.2406928, 41.4593404 ], [ -71.2418777, 41.4572024 ], [ -71.2428256, 41.4556752 ], [ -71.2432658, 41.4551153 ], [ -71.243769, 41.4544202 ], [ -71.2442374, 41.4537154 ], [ -71.2447137, 41.4533212 ], [ -71.2450803, 41.4525881 ], [ -71.2466122, 41.4515275 ], [ -71.2517972, 41.4488172 ], [ -71.2559216, 41.4478744 ], [ -71.2592211, 41.4461068 ], [ -71.260046, 41.4449284 ], [ -71.2624028, 41.440804 ], [ -71.2642883, 41.4393899 ], [ -71.2657024, 41.4395078 ], [ -71.2672343, 41.4409219 ], [ -71.2686484, 41.4436322 ], [ -71.2686484, 41.4474031 ], [ -71.2682948, 41.4532951 ], [ -71.2694973, 41.4584604 ], [ -71.2714407, 41.4599994 ], [ -71.2755117, 41.4610612 ], [ -71.2773937, 41.4612151 ], [ -71.2787848, 41.4614459 ], [ -71.2815056, 41.4614459 ], [ -71.2830378, 41.4609381 ], [ -71.2841463, 41.4603039 ], [ -71.2847017, 41.4595536 ], [ -71.2850593, 41.4589553 ], [ -71.285939, 41.456693 ], [ -71.2876369, 41.4525838 ], [ -71.2898668, 41.4500905 ], [ -71.2915033, 41.4493979 ], [ -71.2944901, 41.4494133 ], [ -71.2975791, 41.4493671 ], [ -71.2987361, 41.4492296 ], [ -71.3010777, 41.4479658 ], [ -71.3017801, 41.4469317 ], [ -71.3027575, 41.445369 ], [ -71.3028534, 41.4421511 ], [ -71.302166, 41.4372559 ], [ -71.3026324, 41.435076 ], [ -71.3042281, 41.4340969 ], [ -71.3065848, 41.4334872 ], [ -71.3080331, 41.4334688 ], [ -71.3101267, 41.4335917 ], [ -71.3114945, 41.433672 ], [ -71.3136302, 41.4341338 ], [ -71.3163551, 41.4352423 ], [ -71.3212157, 41.4368864 ], [ -71.3233023, 41.4369973 ], [ -71.3246034, 41.4364061 ], [ -71.325929, 41.4352053 ], [ -71.3270583, 41.4321386 ], [ -71.3278929, 41.4276306 ], [ -71.3287767, 41.4262079 ], [ -71.3307896, 41.4234364 ], [ -71.3327044, 41.4218104 ], [ -71.3368531, 41.4193343 ], [ -71.3431867, 41.4161375 ], [ -71.3472863, 41.4136242 ], [ -71.3487592, 41.4131807 ], [ -71.349913, 41.4131807 ], [ -71.3511159, 41.4136612 ], [ -71.3531534, 41.4170984 ], [ -71.3545036, 41.4203506 ], [ -71.3558537, 41.4227897 ], [ -71.3585295, 41.4258384 ], [ -71.3604443, 41.4280001 ], [ -71.3630219, 41.4305128 ], [ -71.3660659, 41.4331732 ], [ -71.3700919, 41.4357596 ], [ -71.3725468, 41.4366648 ], [ -71.3749525, 41.4366648 ], [ -71.3774565, 41.4365909 ], [ -71.3823662, 41.4357041 ], [ -71.3852138, 41.4354086 ], [ -71.3875459, 41.4356302 ], [ -71.3894362, 41.4360551 ], [ -71.3927731, 41.4365406 ], [ -71.3962914, 41.4376902 ], [ -71.3988838, 41.4381431 ], [ -71.4044853, 41.4381082 ], [ -71.4067536, 41.4384217 ], [ -71.4107348, 41.4395365 ], [ -71.4117216, 41.4398398 ], [ -71.4122985, 41.4400171 ], [ -71.4140216, 41.4405467 ], [ -71.4157345, 41.4405467 ], [ -71.4184658, 41.4398152 ], [ -71.4215674, 41.4384566 ], [ -71.4239284, 41.4369935 ], [ -71.4246154, 41.4363214 ], [ -71.4253172, 41.4356348 ], [ -71.4274929, 41.4297819 ], [ -71.428604, 41.4270991 ], [ -71.4298539, 41.4240678 ], [ -71.4307797, 41.4226043 ], [ -71.4318908, 41.4214196 ], [ -71.4330944, 41.4204439 ], [ -71.4368904, 41.419294 ], [ -71.4395754, 41.4182138 ], [ -71.440455, 41.417935 ], [ -71.4423067, 41.416785 ], [ -71.4442047, 41.4143108 ], [ -71.4470749, 41.4111395 ], [ -71.4481396, 41.4091181 ], [ -71.4493433, 41.4059814 ], [ -71.4499451, 41.4035765 ], [ -71.4512876, 41.4007183 ], [ -71.4525375, 41.3983829 ], [ -71.454586, 41.3956681 ], [ -71.4548521, 41.3953154 ], [ -71.4561946, 41.393433 ], [ -71.458463, 41.3890404 ], [ -71.4601296, 41.3848219 ], [ -71.4610554, 41.3808123 ], [ -71.4625941, 41.3728499 ], [ -71.4643273, 41.3617012 ], [ -71.4644607, 41.3485414 ], [ -71.4638002, 41.3422595 ], [ -71.4635687, 41.3395382 ], [ -71.4629581, 41.338107 ], [ -71.462303, 41.336442 ], [ -71.4611565, 41.333852 ], [ -71.4607471, 41.3318786 ], [ -71.460829, 41.3286099 ], [ -71.4612384, 41.3265129 ], [ -71.4610535, 41.3244984 ], [ -71.4609609, 41.3221602 ], [ -71.4613312, 41.3168205 ], [ -71.4619794, 41.3142028 ], [ -71.463183, 41.3122133 ], [ -71.4656365, 41.3094209 ], [ -71.4679049, 41.307536 ], [ -71.471238, 41.3059652 ], [ -71.4755895, 41.3044293 ], [ -71.4787837, 41.3028933 ], [ -71.4794481, 41.3025641 ], [ -71.480404, 41.3020904 ], [ -71.4813299, 41.3019856 ], [ -71.4820705, 41.3024395 ], [ -71.4839223, 41.303382 ], [ -71.4848645, 41.3044921 ], [ -71.4861443, 41.3060001 ], [ -71.4879035, 41.3093511 ], [ -71.4898015, 41.3115152 ], [ -71.491468, 41.3129114 ], [ -71.493829, 41.3144471 ], [ -71.495944, 41.3159145 ], [ -71.498065, 41.3166181 ], [ -71.5000588, 41.3178654 ], [ -71.5034948, 41.3211913 ], [ -71.5094336, 41.327395 ], [ -71.5157966, 41.3301449 ], [ -71.5224989, 41.3326709 ], [ -71.5284377, 41.3336301 ], [ -71.5318313, 41.3338219 ], [ -71.5367944, 41.3342695 ], [ -71.5381094, 41.3357722 ], [ -71.5402729, 41.3370191 ], [ -71.5427756, 41.3376266 ], [ -71.5467207, 41.3379143 ], [ -71.5526171, 41.3373069 ], [ -71.5551198, 41.3368912 ], [ -71.5601678, 41.3346852 ], [ -71.5648764, 41.3323511 ], [ -71.5692033, 41.331232 ], [ -71.5742512, 41.3308164 ], [ -71.5795961, 41.3305925 ], [ -71.5855349, 41.3302728 ], [ -71.5889709, 41.3296333 ], [ -71.5922797, 41.3287699 ], [ -71.5946128, 41.3266915 ], [ -71.5964793, 41.3244531 ], [ -71.5977519, 41.3239095 ], [ -71.6014424, 41.3241013 ], [ -71.609078, 41.3249328 ], [ -71.6162045, 41.3254764 ], [ -71.6177694, 41.3253771 ], [ -71.6202344, 41.3252206 ], [ -71.6221009, 41.3247409 ], [ -71.6239249, 41.3236217 ], [ -71.6251551, 41.3215431 ], [ -71.6251975, 41.3171618 ], [ -71.6251127, 41.3138996 ], [ -71.625749, 41.3134199 ], [ -71.6268095, 41.3135478 ], [ -71.6280397, 41.3138356 ], [ -71.6301183, 41.3146032 ], [ -71.6330877, 41.3158825 ], [ -71.6358449, 41.316842 ], [ -71.6391113, 41.3181212 ], [ -71.6434805, 41.3196563 ], [ -71.6462802, 41.3203598 ], [ -71.6484861, 41.3203598 ], [ -71.6517524, 41.3195284 ], [ -71.6555702, 41.3188887 ], [ -71.6576912, 41.3192405 ], [ -71.660703, 41.3199761 ], [ -71.6630361, 41.3205517 ], [ -71.6663449, 41.3209674 ], [ -71.6697385, 41.3209355 ], [ -71.6719443, 41.3204877 ], [ -71.6756348, 41.3197522 ], [ -71.6787315, 41.3186329 ], [ -71.6813615, 41.3166181 ], [ -71.683737, 41.3151469 ], [ -71.688785, 41.3146992 ], [ -71.6944269, 41.3144433 ], [ -71.6996869, 41.3146032 ], [ -71.7035047, 41.3152749 ], [ -71.7097829, 41.3161704 ], [ -71.7203454, 41.3180572 ], [ -71.7231451, 41.318537 ], [ -71.7275568, 41.3183771 ], [ -71.7335804, 41.3178654 ], [ -71.7397738, 41.316746 ], [ -71.7440582, 41.315083 ], [ -71.748385, 41.3147951 ], [ -71.7534754, 41.3139636 ], [ -71.7547904, 41.3133559 ], [ -71.7557236, 41.3121405 ], [ -71.7567841, 41.3097417 ], [ -71.7588627, 41.3056795 ], [ -71.7602202, 41.3045599 ], [ -71.7644197, 41.3036323 ], [ -71.7683648, 41.3032484 ], [ -71.7734552, 41.3032804 ], [ -71.7805393, 41.3034403 ], [ -71.7896172, 41.3040481 ], [ -71.8030643, 41.3052636 ], [ -71.8106574, 41.3059674 ], [ -71.8160023, 41.3056795 ], [ -71.8231289, 41.3051677 ], [ -71.8280496, 41.3044 ], [ -71.8332248, 41.3028965 ], [ -71.8430663, 41.2990578 ], [ -71.8473964, 41.297211 ], [ -71.8482415, 41.2968505 ], [ -71.8525781, 41.2954938 ], [ -71.8586888, 41.2931487 ], [ -71.8616201, 41.2922054 ], [ -71.8673543, 41.2901509 ], [ -71.872374, 41.2888444 ], [ -71.8769686, 41.2877687 ], [ -71.8802404, 41.2873523 ], [ -71.8847394, 41.2864562 ], [ -71.8876452, 41.2858314 ], [ -71.8971345, 41.2830693 ], [ -71.9032747, 41.2814407 ], [ -71.9086784, 41.2795384 ], [ -71.915006, 41.2772717 ], [ -71.92197, 41.275565 ], [ -71.9271311, 41.2746849 ], [ -71.9348727, 41.2732715 ], [ -71.9411296, 41.272018 ], [ -71.9473512, 41.2707112 ], [ -71.9513458, 41.2696711 ], [ -71.9537849, 41.2687109 ], [ -71.958133, 41.2660437 ], [ -71.9619861, 41.2637232 ], [ -71.9643742, 41.2619352 ], [ -71.9682338, 41.2601096 ], [ -71.9696391, 41.2592849 ], [ -71.9715127, 41.2583422 ], [ -71.9796207, 41.2553569 ], [ -71.9841095, 41.2539433 ], [ -71.9891558, 41.2523324 ], [ -71.998311, 41.2500075 ], [ -71.9998495, 41.2491608 ], [ -72.0, 41.2491278 ], [ -72.0, 41.2535866 ], [ -71.9987189, 41.2540328 ], [ -71.9952455, 41.2557429 ], [ -71.9920496, 41.2591728 ], [ -71.9889247, 41.262924 ], [ -71.9859787, 41.2650204 ], [ -71.9775984, 41.2683426 ], [ -71.9724899, 41.2707297 ], [ -71.969081, 41.2717477 ], [ -71.9671636, 41.2726585 ], [ -71.9659897, 41.2744459 ], [ -71.9625098, 41.2753031 ], [ -71.9597511, 41.2753708 ], [ -71.9537746, 41.2755173 ], [ -71.9513599, 41.2755173 ], [ -71.9489058, 41.2754647 ], [ -71.9485711, 41.2758254 ], [ -71.9487624, 41.2759336 ], [ -71.9502946, 41.2761602 ], [ -71.9515348, 41.2764459 ], [ -71.9517764, 41.2774033 ], [ -71.9508747, 41.2781059 ], [ -71.9488941, 41.278272 ], [ -71.9476839, 41.2774419 ], [ -71.9465836, 41.2784379 ], [ -71.9454939, 41.2800839 ], [ -71.9442729, 41.280513 ], [ -71.9418523, 41.2803469 ], [ -71.9386615, 41.2796829 ], [ -71.9345905, 41.2804299 ], [ -71.9320598, 41.2812599 ], [ -71.9307394, 41.2816749 ], [ -71.9306294, 41.2833348 ], [ -71.9288789, 41.2840103 ], [ -71.9279694, 41.285756 ], [ -71.9273077, 41.2880004 ], [ -71.9270018, 41.2897103 ], [ -71.9247078, 41.2905049 ], [ -71.9228479, 41.2912529 ], [ -71.9216078, 41.2920944 ], [ -71.921607, 41.2927127 ], [ -71.9222672, 41.2930446 ], [ -71.9246878, 41.2931276 ], [ -71.9267783, 41.2926297 ], [ -71.9294836, 41.2921776 ], [ -71.9348991, 41.2917957 ], [ -71.9381087, 41.2917957 ], [ -71.9404281, 41.2914842 ], [ -71.9412059, 41.2910151 ], [ -71.9415951, 41.289314 ], [ -71.9426063, 41.2883168 ], [ -71.9433348, 41.287298 ], [ -71.9428507, 41.2865065 ], [ -71.9411557, 41.2860193 ], [ -71.9403486, 41.2854713 ], [ -71.9407524, 41.2840101 ], [ -71.9415597, 41.2834013 ], [ -71.9432549, 41.2832797 ], [ -71.9451112, 41.2841932 ], [ -71.9461604, 41.2847412 ], [ -71.9481783, 41.2848023 ], [ -71.9485126, 41.2845503 ], [ -71.9491471, 41.2840718 ], [ -71.9495508, 41.2829759 ], [ -71.9511652, 41.2831587 ], [ -71.9527794, 41.2838286 ], [ -71.9531827, 41.2854117 ], [ -71.9534245, 41.2872382 ], [ -71.9539963, 41.2878341 ], [ -71.95553, 41.2871645 ], [ -71.9584361, 41.2857645 ], [ -71.9602927, 41.2847906 ], [ -71.9630372, 41.2844256 ], [ -71.9653952, 41.2849291 ], [ -71.9671188, 41.285656 ], [ -71.967736, 41.285749 ], [ -71.9688471, 41.285563 ], [ -71.9696232, 41.2850529 ], [ -71.9695428, 41.2834698 ], [ -71.9704308, 41.2823131 ], [ -71.9714802, 41.2817652 ], [ -71.9736596, 41.2817045 ], [ -71.9752741, 41.2812175 ], [ -71.9768886, 41.2801826 ], [ -71.9781802, 41.279513 ], [ -71.9797138, 41.2795132 ], [ -71.9809244, 41.2804266 ], [ -71.9825414, 41.2809259 ], [ -71.9849629, 41.2811087 ], [ -71.9910485, 41.2811613 ], [ -71.9924207, 41.2809518 ], [ -71.9928245, 41.279795 ], [ -71.9929561, 41.2765058 ], [ -71.9938607, 41.2721575 ], [ -71.9964468, 41.2722223 ], [ -71.9981388, 41.2715489 ], [ -71.9988088, 41.2703759 ], [ -71.9982439, 41.2687315 ], [ -71.9982441, 41.2678789 ], [ -71.9996164, 41.2674528 ], [ -72.0, 41.2673949 ], [ -72.0, 41.3169902 ], [ -71.9994824, 41.3168926 ], [ -71.9993425, 41.3181038 ], [ -71.9984341, 41.3201049 ], [ -71.9976055, 41.3213745 ], [ -71.996772, 41.3212959 ], [ -71.9940629, 41.3196856 ], [ -71.9923958, 41.3191751 ], [ -71.9915623, 41.3188215 ], [ -71.9909892, 41.3182324 ], [ -71.9910934, 41.3173683 ], [ -71.9926042, 41.3168184 ], [ -71.9928647, 41.3153259 ], [ -71.9925521, 41.3144618 ], [ -71.9911455, 41.3143831 ], [ -71.9894784, 41.3169755 ], [ -71.9882801, 41.3186251 ], [ -71.9873971, 41.3217363 ], [ -71.9856503, 41.3243164 ], [ -71.9843927, 41.3255799 ], [ -71.9839732, 41.3277388 ], [ -71.9840739, 41.3292996 ], [ -71.9846991, 41.3298887 ], [ -71.9859475, 41.330081 ], [ -71.9834989, 41.3328691 ], [ -71.9811024, 41.3331832 ], [ -71.9780287, 41.3330654 ], [ -71.9773513, 41.3334973 ], [ -71.9779766, 41.3346361 ], [ -71.9788622, 41.3355392 ], [ -71.9794443, 41.337495 ], [ -71.9798278, 41.3400806 ], [ -71.9798905, 41.3415421 ], [ -71.9782444, 41.3430472 ], [ -71.9773833, 41.3427056 ], [ -71.9761228, 41.3423304 ], [ -71.9761109, 41.3423268 ], [ -71.9748297, 41.3428416 ], [ -71.9738045, 41.344322 ], [ -71.9732914, 41.3477332 ], [ -71.9723517, 41.3487629 ], [ -71.9678742, 41.3503283 ], [ -71.9675636, 41.3495477 ], [ -71.9677019, 41.3487662 ], [ -71.9689466, 41.3477761 ], [ -71.9679785, 41.3466819 ], [ -71.9665955, 41.3460566 ], [ -71.9650051, 41.3473072 ], [ -71.9636914, 41.3484536 ], [ -71.9625158, 41.3486098 ], [ -71.9611329, 41.3485056 ], [ -71.960718, 41.3481408 ], [ -71.9605106, 41.3472029 ], [ -71.9604414, 41.3447017 ], [ -71.9596808, 41.34392 ], [ -71.9594158, 41.3425204 ], [ -71.9593194, 41.3408432 ], [ -71.9592387, 41.3394408 ], [ -71.958711, 41.3377576 ], [ -71.9577429, 41.3375491 ], [ -71.9574399, 41.3378296 ], [ -71.9569293, 41.3383025 ], [ -71.9559518, 41.3401769 ], [ -71.9554188, 41.3407794 ], [ -71.9548858, 41.3405116 ], [ -71.9549883, 41.3390052 ], [ -71.9540203, 41.3387967 ], [ -71.9532597, 41.3394221 ], [ -71.9526374, 41.3409333 ], [ -71.9519459, 41.3408291 ], [ -71.9514618, 41.3402038 ], [ -71.9515993, 41.3393731 ], [ -71.9524878, 41.338369 ], [ -71.952488, 41.3368291 ], [ -71.952914, 41.3359824 ], [ -71.9537438, 41.3350443 ], [ -71.9554725, 41.3345752 ], [ -71.9574086, 41.3344189 ], [ -71.9582628, 41.3322769 ], [ -71.9583076, 41.3304579 ], [ -71.9572703, 41.329676 ], [ -71.9563023, 41.3299366 ], [ -71.9557758, 41.3311384 ], [ -71.955265, 41.3324384 ], [ -71.952914, 41.3327511 ], [ -71.9509087, 41.3332201 ], [ -71.9496641, 41.334054 ], [ -71.9478662, 41.3355655 ], [ -71.946345, 41.3360867 ], [ -71.9442404, 41.3366231 ], [ -71.9417277, 41.3368661 ], [ -71.9403827, 41.3373004 ], [ -71.9391018, 41.337976 ], [ -71.9375646, 41.3387964 ], [ -71.9363378, 41.3385478 ], [ -71.9352491, 41.3379202 ], [ -71.9340325, 41.3370995 ], [ -71.9336278, 41.3362007 ], [ -71.9331363, 41.3346378 ], [ -71.9323039, 41.3341067 ], [ -71.9321115, 41.3351686 ], [ -71.931407, 41.3356029 ], [ -71.9305745, 41.3354098 ], [ -71.9305108, 41.3333825 ], [ -71.9301908, 41.3322239 ], [ -71.9287179, 41.3317411 ], [ -71.9276932, 41.3318857 ], [ -71.9262889, 41.3336105 ], [ -71.9254297, 41.3337723 ], [ -71.9244274, 41.3334484 ], [ -71.9244275, 41.3328548 ], [ -71.9258596, 41.3317217 ], [ -71.9261461, 41.3311821 ], [ -71.9260032, 41.3298329 ], [ -71.9255021, 41.3294012 ], [ -71.9244281, 41.3296709 ], [ -71.9239984, 41.3304264 ], [ -71.9232825, 41.3302643 ], [ -71.9227099, 41.329239 ], [ -71.9222806, 41.3278358 ], [ -71.9217078, 41.3277277 ], [ -71.9205949, 41.3283764 ], [ -71.9202042, 41.3285911 ], [ -71.9186288, 41.330048 ], [ -71.9166956, 41.3308574 ], [ -71.9161227, 41.3316128 ], [ -71.9161939, 41.3340951 ], [ -71.9171241, 41.3367394 ], [ -71.9171952, 41.3398151 ], [ -71.9169801, 41.3414337 ], [ -71.9163455, 41.3426 ], [ -71.912638, 41.3423068 ], [ -71.9087776, 41.3403248 ], [ -71.9089497, 41.3377189 ], [ -71.9094848, 41.3363483 ], [ -71.9100391, 41.3356649 ], [ -71.9113358, 41.3353436 ], [ -71.9089719, 41.3348073 ], [ -71.9081461, 41.3334797 ], [ -71.9081223, 41.3318993 ], [ -71.9075317, 41.3301011 ], [ -71.906364, 41.3284358 ], [ -71.90538, 41.3272974 ], [ -71.9040712, 41.3293423 ], [ -71.9043373, 41.3315233 ], [ -71.9026417, 41.3337808 ], [ -71.9006618, 41.3351353 ], [ -71.9001352, 41.3329263 ], [ -71.8989403, 41.3354003 ], [ -71.8978484, 41.3340446 ], [ -71.8982148, 41.3328289 ], [ -71.8943523, 41.3339132 ], [ -71.8917033, 41.3337583 ], [ -71.8892194, 41.3357359 ], [ -71.8875531, 41.3347305 ], [ -71.8859605, 41.3369661 ], [ -71.8864548, 41.3372877 ], [ -71.886332, 41.3380086 ], [ -71.8867607, 41.339194 ], [ -71.8876185, 41.3393019 ], [ -71.8877921, 41.3391856 ], [ -71.888262, 41.3388709 ], [ -71.8884722, 41.3386007 ], [ -71.890929, 41.3401996 ], [ -71.889825, 41.3405323 ], [ -71.8892455, 41.3407288 ], [ -71.8876855, 41.3412577 ], [ -71.885546, 41.3421443 ], [ -71.8847969, 41.3433533 ], [ -71.8844951, 41.3448034 ], [ -71.881215, 41.3469048 ], [ -71.8807891, 41.3413097 ], [ -71.8802459, 41.3384229 ], [ -71.8793438, 41.3372001 ], [ -71.8780804, 41.3360762 ], [ -71.8771076, 41.3356687 ], [ -71.8757019, 41.3368906 ], [ -71.8746207, 41.3378683 ], [ -71.8713775, 41.3381939 ], [ -71.8703158, 41.3383846 ], [ -71.869505, 41.3383031 ], [ -71.8697753, 41.3378957 ], [ -71.8716673, 41.3374885 ], [ -71.8720536, 41.3362649 ], [ -71.87065, 41.3354713 ], [ -71.868857, 41.3347587 ], [ -71.8679381, 41.3349216 ], [ -71.8660461, 41.335288 ], [ -71.8641543, 41.3350027 ], [ -71.8636139, 41.334636 ], [ -71.86356, 41.3338211 ], [ -71.8659925, 41.3332102 ], [ -71.868425, 41.332192 ], [ -71.8693623, 41.3314858 ], [ -71.8697733, 41.3284804 ], [ -71.8676977, 41.3283806 ], [ -71.8672592, 41.3298719 ], [ -71.8655795, 41.3299826 ], [ -71.8654343, 41.3278245 ], [ -71.8638134, 41.3282104 ], [ -71.8624953, 41.329658 ], [ -71.8615875, 41.3231578 ], [ -71.8599524, 41.3223385 ], [ -71.8578094, 41.3237569 ], [ -71.8535394, 41.3266527 ], [ -71.8530142, 41.3300412 ], [ -71.8513379, 41.327608 ], [ -71.8497959, 41.3302072 ], [ -71.8475082, 41.3310346 ], [ -71.8445969, 41.3314338 ], [ -71.8436798, 41.3332407 ], [ -71.8421954, 41.3337922 ], [ -71.8375814, 41.3366973 ], [ -71.8356338, 41.3385712 ], [ -71.8315793, 41.3415853 ], [ -71.8306244, 41.3431463 ], [ -71.8301915, 41.3455088 ], [ -71.8303535, 41.3464049 ], [ -71.8315424, 41.3476678 ], [ -71.8321904, 41.3496769 ], [ -71.8332713, 41.3504509 ], [ -71.8365683, 41.3517546 ], [ -71.8373249, 41.352447 ], [ -71.8382433, 41.3556647 ], [ -71.8390896, 41.3574565 ], [ -71.8390352, 41.3592484 ], [ -71.8381157, 41.3630763 ], [ -71.8377392, 41.3635376 ], [ -71.8370525, 41.3643789 ], [ -71.83662, 41.3650711 ], [ -71.8360794, 41.3653561 ], [ -71.8358093, 41.3649489 ], [ -71.8367286, 41.3627093 ], [ -71.8366209, 41.3602658 ], [ -71.8354861, 41.3581073 ], [ -71.8352343, 41.3554062 ], [ -71.8338292, 41.3542657 ], [ -71.8300997, 41.3532878 ], [ -71.8294514, 41.3514957 ], [ -71.827776, 41.3497034 ], [ -71.827867, 41.3475315 ], [ -71.8280833, 41.3467983 ], [ -71.8287861, 41.3465132 ], [ -71.8286781, 41.3455357 ], [ -71.8260839, 41.343458 ], [ -71.8258678, 41.3427247 ], [ -71.8269313, 41.3403898 ], [ -71.8268236, 41.3383529 ], [ -71.8268777, 41.3376195 ], [ -71.8275264, 41.3374567 ], [ -71.8289857, 41.3381901 ], [ -71.8297425, 41.3381902 ], [ -71.8301212, 41.336357 ], [ -71.8304457, 41.3355015 ], [ -71.8306255, 41.3354702 ], [ -71.8311483, 41.3353793 ], [ -71.8313368, 41.3354702 ], [ -71.8324996, 41.3360313 ], [ -71.8345536, 41.33595 ], [ -71.8349013, 41.3357497 ], [ -71.8369935, 41.3334066 ], [ -71.8387854, 41.333564 ], [ -71.8401772, 41.3323757 ], [ -71.845784, 41.3293572 ], [ -71.8473981, 41.3267312 ], [ -71.8410101, 41.3279843 ], [ -71.8410575, 41.3260644 ], [ -71.8425959, 41.3245475 ], [ -71.844857, 41.3246259 ], [ -71.8488253, 41.3243314 ], [ -71.8488992, 41.3227362 ], [ -71.8520155, 41.3215388 ], [ -71.850039, 41.3197307 ], [ -71.8535132, 41.3188296 ], [ -71.8534091, 41.3204013 ], [ -71.8550546, 41.32031 ], [ -71.8596011, 41.3173958 ], [ -71.8552019, 41.3166615 ], [ -71.8552501, 41.3147394 ], [ -71.8570891, 41.3149223 ], [ -71.857632, 41.3155833 ], [ -71.8595732, 41.3134007 ], [ -71.8573137, 41.3125605 ], [ -71.8582555, 41.3107166 ], [ -71.8610377, 41.3107603 ], [ -71.8620452, 41.3125126 ], [ -71.8718516, 41.3113499 ], [ -71.8785636, 41.3099173 ], [ -71.8826914, 41.3098125 ], [ -71.8843057, 41.3077558 ], [ -71.8866627, 41.3080754 ], [ -71.8863639, 41.3067128 ], [ -71.8840257, 41.3057564 ], [ -71.8762335, 41.3091294 ], [ -71.8657119, 41.3109428 ], [ -71.8579338, 41.3081656 ], [ -71.8547918, 41.3077078 ], [ -71.8502689, 41.309501 ], [ -71.8353868, 41.3154013 ], [ -71.8222222, 41.318872 ], [ -71.7758442, 41.3277613 ], [ -71.763499, 41.328314 ], [ -71.7631893, 41.329956 ], [ -71.7631892, 41.3306276 ], [ -71.7623662, 41.3305627 ], [ -71.762219, 41.3299216 ], [ -71.7625733, 41.3283554 ], [ -71.7525531, 41.3251374 ], [ -71.7462133, 41.3282396 ], [ -71.7324859, 41.331291 ], [ -71.7243931, 41.3321616 ], [ -71.7198869, 41.3321571 ], [ -71.7199936, 41.3330425 ], [ -71.7206342, 41.3341695 ], [ -71.7227697, 41.335699 ], [ -71.7240511, 41.3365845 ], [ -71.7258661, 41.3392408 ], [ -71.7267203, 41.3399652 ], [ -71.7274679, 41.3395629 ], [ -71.7278953, 41.3377117 ], [ -71.7280025, 41.335941 ], [ -71.7289636, 41.3357801 ], [ -71.7328082, 41.335378 ], [ -71.7341966, 41.3347343 ], [ -71.7359056, 41.3330442 ], [ -71.7382551, 41.3325614 ], [ -71.7437015, 41.3323205 ], [ -71.7462647, 41.3314353 ], [ -71.7484007, 41.3308721 ], [ -71.7492548, 41.3317576 ], [ -71.7496817, 41.333448 ], [ -71.7491475, 41.3348163 ], [ -71.7482931, 41.3350577 ], [ -71.7472254, 41.3340112 ], [ -71.7447691, 41.334011 ], [ -71.7418857, 41.3344131 ], [ -71.7408175, 41.3360228 ], [ -71.7394292, 41.3361032 ], [ -71.738041, 41.3355396 ], [ -71.73708, 41.3350565 ], [ -71.7347302, 41.336827 ], [ -71.7324873, 41.3387586 ], [ -71.7316324, 41.3414949 ], [ -71.7303507, 41.3427825 ], [ -71.7234327, 41.3464656 ], [ -71.7192675, 41.3482356 ], [ -71.7178791, 41.3492816 ], [ -71.715743, 41.3501667 ], [ -71.714675, 41.3508103 ], [ -71.7129663, 41.3507297 ], [ -71.7108308, 41.3492005 ], [ -71.7106176, 41.3471081 ], [ -71.7116857, 41.3459011 ], [ -71.7136082, 41.3442918 ], [ -71.7145695, 41.3430042 ], [ -71.7140358, 41.3413945 ], [ -71.714036, 41.3407507 ], [ -71.714997, 41.3409117 ], [ -71.7175599, 41.3418777 ], [ -71.7198026, 41.3410731 ], [ -71.7221522, 41.3401076 ], [ -71.7236474, 41.3397858 ], [ -71.7233273, 41.3380956 ], [ -71.7218325, 41.3360028 ], [ -71.71927, 41.3336683 ], [ -71.7184158, 41.3327828 ], [ -71.7181422, 41.3318199 ], [ -71.7180956, 41.3316558 ], [ -71.7185367, 41.3306867 ], [ -71.7167567, 41.330554 ], [ -71.7145364, 41.3310666 ], [ -71.7124063, 41.331703 ], [ -71.7097505, 41.3329027 ], [ -71.7058289, 41.3339238 ], [ -71.7036404, 41.3358897 ], [ -71.6996074, 41.338189 ], [ -71.6941628, 41.3412941 ], [ -71.6798581, 41.3457229 ], [ -71.6616612, 41.3508489 ], [ -71.6388761, 41.3556134 ], [ -71.6393375, 41.357251 ], [ -71.6394374, 41.3592991 ], [ -71.6393606, 41.3597034 ], [ -71.6393606, 41.3606366 ], [ -71.6394244, 41.362916 ], [ -71.6398978, 41.3637486 ], [ -71.6398973, 41.3669595 ], [ -71.6406339, 41.3671577 ], [ -71.6424229, 41.3669994 ], [ -71.6427914, 41.3662463 ], [ -71.6433706, 41.3639867 ], [ -71.6447387, 41.3634716 ], [ -71.6479486, 41.3631548 ], [ -71.6484222, 41.3627584 ], [ -71.6484228, 41.3595869 ], [ -71.6489491, 41.3590319 ], [ -71.6521588, 41.3586358 ], [ -71.6537106, 41.3578692 ], [ -71.6568155, 41.3556493 ], [ -71.6604462, 41.3554515 ], [ -71.6614985, 41.3550948 ], [ -71.6638962, 41.3531388 ], [ -71.668948, 41.3508 ], [ -71.6756307, 41.3497698 ], [ -71.6817438, 41.347549 ], [ -71.6891108, 41.3457654 ], [ -71.6933731, 41.3449331 ], [ -71.6949516, 41.344735 ], [ -71.6962144, 41.34533 ], [ -71.6975294, 41.3480661 ], [ -71.6975814, 41.3516346 ], [ -71.6948451, 41.352348 ], [ -71.6927926, 41.3539733 ], [ -71.6907324, 41.3565482 ], [ -71.6881009, 41.3594817 ], [ -71.6863119, 41.3596401 ], [ -71.6846807, 41.3596399 ], [ -71.6818921, 41.3585296 ], [ -71.6797874, 41.3581726 ], [ -71.6782615, 41.3583706 ], [ -71.6767354, 41.3590048 ], [ -71.6764682, 41.3610362 ], [ -71.6766783, 41.362622 ], [ -71.6770464, 41.364168 ], [ -71.6768884, 41.3653969 ], [ -71.6758359, 41.3656743 ], [ -71.6748361, 41.3655552 ], [ -71.674626, 41.3637318 ], [ -71.6754683, 41.361393 ], [ -71.6759421, 41.3598866 ], [ -71.675995, 41.3584197 ], [ -71.6749954, 41.3577457 ], [ -71.6717331, 41.3578246 ], [ -71.6659451, 41.3573086 ], [ -71.662788, 41.3569911 ], [ -71.6614199, 41.3571496 ], [ -71.6597884, 41.3592506 ], [ -71.65721, 41.3595676 ], [ -71.6561152, 41.3599203 ], [ -71.6553254, 41.3631314 ], [ -71.6537465, 41.3648754 ], [ -71.6513784, 41.3668968 ], [ -71.6496419, 41.3670948 ], [ -71.6491297, 41.3680442 ], [ -71.6496556, 41.3698279 ], [ -71.6496552, 41.3721269 ], [ -71.6483921, 41.3737122 ], [ -71.64856, 41.3749505 ], [ -71.6490334, 41.3760604 ], [ -71.6486648, 41.3770115 ], [ -71.647665, 41.3774474 ], [ -71.6475597, 41.3783193 ], [ -71.6487697, 41.3793103 ], [ -71.6487695, 41.3801029 ], [ -71.6476118, 41.3806972 ], [ -71.6456649, 41.3808159 ], [ -71.6451914, 41.3805385 ], [ -71.6451405, 41.370947 ], [ -71.6448775, 41.36952 ], [ -71.64372, 41.3693217 ], [ -71.6400367, 41.3696781 ], [ -71.6389315, 41.3707085 ], [ -71.6379318, 41.3705499 ], [ -71.6360904, 41.368766 ], [ -71.6351433, 41.3683299 ], [ -71.6327755, 41.368409 ], [ -71.6310389, 41.368924 ], [ -71.6301292, 41.3686088 ], [ -71.629498, 41.3669042 ], [ -71.6284459, 41.3656753 ], [ -71.6275514, 41.3652392 ], [ -71.6266917, 41.3653863 ], [ -71.6266917, 41.364645 ], [ -71.6275054, 41.3646678 ], [ -71.6320085, 41.3660595 ], [ -71.6350604, 41.3659013 ], [ -71.6368494, 41.3655447 ], [ -71.6379547, 41.3643555 ], [ -71.638481, 41.3637214 ], [ -71.6381302, 41.3596884 ], [ -71.6378213, 41.3584137 ], [ -71.6377925, 41.3576069 ], [ -71.638795, 41.3573759 ], [ -71.6385031, 41.3556914 ], [ -71.6329678, 41.3583029 ], [ -71.6314482, 41.3590198 ], [ -71.619981, 41.3621569 ], [ -71.6018027, 41.3643055 ], [ -71.6016055, 41.3643288 ], [ -71.6011801, 41.3643791 ], [ -71.6004594, 41.3644643 ], [ -71.6001666, 41.3644989 ], [ -71.5996699, 41.3645576 ], [ -71.5953068, 41.3650733 ], [ -71.582778, 41.3689033 ], [ -71.5729957, 41.370462 ], [ -71.548722, 41.3743296 ], [ -71.5455415, 41.3742293 ], [ -71.5375781, 41.3733922 ], [ -71.5364497, 41.3747568 ], [ -71.5344179, 41.3750478 ], [ -71.5331302, 41.3761142 ], [ -71.5217137, 41.3767489 ], [ -71.5147838, 41.3741824 ], [ -71.5144479, 41.3760088 ], [ -71.5146594, 41.3766637 ], [ -71.5156723, 41.3779907 ], [ -71.5164889, 41.3789747 ], [ -71.5165532, 41.3790522 ], [ -71.5169936, 41.3805117 ], [ -71.517434, 41.3833312 ], [ -71.517443, 41.3843167 ], [ -71.5178508, 41.3849309 ], [ -71.5182331, 41.3850653 ], [ -71.5196541, 41.3848092 ], [ -71.520801, 41.3842141 ], [ -71.5216483, 41.3838944 ], [ -71.5226423, 41.3839327 ], [ -71.5238402, 41.3842783 ], [ -71.5243244, 41.3847773 ], [ -71.5248087, 41.3849501 ], [ -71.5255733, 41.3849309 ], [ -71.5263379, 41.3843167 ], [ -71.5275068, 41.3834576 ], [ -71.5288838, 41.3826551 ], [ -71.5293264, 41.3820995 ], [ -71.529155, 41.3815504 ], [ -71.529155, 41.381501 ], [ -71.5288925, 41.3810727 ], [ -71.5285645, 41.3805291 ], [ -71.5281927, 41.3800514 ], [ -71.5280396, 41.3796725 ], [ -71.5281927, 41.3794583 ], [ -71.5285645, 41.3793595 ], [ -71.5291331, 41.3793595 ], [ -71.5298111, 41.3793265 ], [ -71.5308828, 41.3792112 ], [ -71.5319326, 41.3789971 ], [ -71.5340323, 41.3780745 ], [ -71.5346009, 41.3776462 ], [ -71.5351259, 41.3771026 ], [ -71.5356508, 41.3769378 ], [ -71.5360882, 41.3770202 ], [ -71.5364381, 41.3772344 ], [ -71.5365037, 41.3776133 ], [ -71.536635, 41.3779428 ], [ -71.5369412, 41.3783711 ], [ -71.5374442, 41.3786676 ], [ -71.5378835, 41.3787882 ], [ -71.5385972, 41.3782699 ], [ -71.5391579, 41.3774444 ], [ -71.5394382, 41.3762158 ], [ -71.539897, 41.3756974 ], [ -71.5403303, 41.3756206 ], [ -71.5411459, 41.3759662 ], [ -71.5414517, 41.3769261 ], [ -71.5411204, 41.3777323 ], [ -71.5407595, 41.3785426 ], [ -71.5402948, 41.3788926 ], [ -71.5402808, 41.3792627 ], [ -71.540536, 41.3795647 ], [ -71.5409005, 41.3796745 ], [ -71.5417378, 41.3796111 ], [ -71.5421291, 41.3799243 ], [ -71.5420802, 41.3803848 ], [ -71.5417378, 41.3812138 ], [ -71.5411019, 41.3832217 ], [ -71.5407106, 41.3846587 ], [ -71.5403048, 41.3856795 ], [ -71.5402283, 41.3861978 ], [ -71.5399225, 41.3865433 ], [ -71.5392343, 41.3864857 ], [ -71.5383678, 41.3857179 ], [ -71.5378835, 41.3848541 ], [ -71.5375777, 41.3841055 ], [ -71.5371954, 41.3828962 ], [ -71.5368641, 41.3820324 ], [ -71.5364563, 41.3816868 ], [ -71.5359465, 41.3817444 ], [ -71.5356407, 41.3822435 ], [ -71.5356152, 41.3831265 ], [ -71.5358955, 41.3841631 ], [ -71.5358191, 41.384547 ], [ -71.5355897, 41.3848349 ], [ -71.534978, 41.3849501 ], [ -71.5341624, 41.3849117 ], [ -71.5336782, 41.384355 ], [ -71.533041, 41.3835104 ], [ -71.5327998, 41.3828824 ], [ -71.5325111, 41.3828033 ], [ -71.5321699, 41.3829022 ], [ -71.5318025, 41.3831987 ], [ -71.5311295, 41.3839327 ], [ -71.5308491, 41.3846046 ], [ -71.5307727, 41.3851996 ], [ -71.5317921, 41.3865241 ], [ -71.5340095, 41.3899406 ], [ -71.5345192, 41.3906124 ], [ -71.5345192, 41.3913225 ], [ -71.5341369, 41.3920519 ], [ -71.5341369, 41.3926277 ], [ -71.5348761, 41.3932034 ], [ -71.5360994, 41.3934337 ], [ -71.5391616, 41.3932859 ], [ -71.5395747, 41.3928193 ], [ -71.5396676, 41.391265 ], [ -71.5400754, 41.3907275 ], [ -71.5405597, 41.3906124 ], [ -71.5418595, 41.3907275 ], [ -71.5423438, 41.3913993 ], [ -71.5422163, 41.392359 ], [ -71.5415027, 41.3931459 ], [ -71.5406361, 41.3939519 ], [ -71.5403813, 41.3951994 ], [ -71.5401049, 41.3965573 ], [ -71.5396461, 41.3972021 ], [ -71.5388815, 41.397893 ], [ -71.5380557, 41.3981924 ], [ -71.5371688, 41.3984227 ], [ -71.5364653, 41.3983306 ], [ -71.5357007, 41.3976627 ], [ -71.5356701, 41.3969027 ], [ -71.535609, 41.3959125 ], [ -71.5350278, 41.3951755 ], [ -71.5337433, 41.3945076 ], [ -71.5333457, 41.3939318 ], [ -71.5333906, 41.3930537 ], [ -71.5330855, 41.3920942 ], [ -71.5326728, 41.3918509 ], [ -71.5323498, 41.3917969 ], [ -71.531596, 41.3924455 ], [ -71.5312012, 41.3929861 ], [ -71.5307885, 41.3931618 ], [ -71.5304296, 41.3931483 ], [ -71.530286, 41.392878 ], [ -71.5303937, 41.3925266 ], [ -71.5306629, 41.3918644 ], [ -71.5309679, 41.3913104 ], [ -71.5310756, 41.3906482 ], [ -71.5308962, 41.3897833 ], [ -71.5296756, 41.3876902 ], [ -71.5285745, 41.3859166 ], [ -71.528024, 41.3853407 ], [ -71.5275041, 41.3850643 ], [ -71.5267701, 41.3849492 ], [ -71.5253632, 41.3853407 ], [ -71.5245986, 41.3858936 ], [ -71.5230693, 41.3863542 ], [ -71.5219989, 41.3862621 ], [ -71.520592, 41.3859166 ], [ -71.5191545, 41.3858245 ], [ -71.5181147, 41.3859396 ], [ -71.5163408, 41.3866076 ], [ -71.5156645, 41.3871759 ], [ -71.5158041, 41.3945195 ], [ -71.5161906, 41.3952473 ], [ -71.5162548, 41.3964117 ], [ -71.5154816, 41.3968968 ], [ -71.5140641, 41.3965085 ], [ -71.5130977, 41.3967025 ], [ -71.5128399, 41.3971391 ], [ -71.5127344, 41.4024153 ], [ -71.5120899, 41.4035796 ], [ -71.5120897, 41.4047438 ], [ -71.5118207, 41.4070157 ], [ -71.5115853, 41.4073539 ], [ -71.5110505, 41.4074183 ], [ -71.5102208, 41.407266 ], [ -71.5085452, 41.4091091 ], [ -71.5074498, 41.4095941 ], [ -71.5061228, 41.4098025 ], [ -71.5057361, 41.4106271 ], [ -71.5059937, 41.4116942 ], [ -71.510117, 41.4127617 ], [ -71.5106969, 41.4132468 ], [ -71.5105034, 41.4141684 ], [ -71.5088926, 41.4145562 ], [ -71.507475, 41.4147015 ], [ -71.5074104, 41.4156716 ], [ -71.5075557, 41.4158723 ], [ -71.5085699, 41.4172723 ], [ -71.5087908, 41.4188125 ], [ -71.5084041, 41.4193945 ], [ -71.5093059, 41.4208495 ], [ -71.5105052, 41.4228912 ], [ -71.5114358, 41.4250919 ], [ -71.5114526, 41.4256055 ], [ -71.5113136, 41.4260863 ], [ -71.5109207, 41.4266151 ], [ -71.5108096, 41.4267197 ], [ -71.5103092, 41.4267405 ], [ -71.5096976, 41.426636 ], [ -71.5094475, 41.4264479 ], [ -71.5091139, 41.4259462 ], [ -71.5088916, 41.4255072 ], [ -71.5087804, 41.4252356 ], [ -71.5084468, 41.425131 ], [ -71.5081132, 41.425131 ], [ -71.5066122, 41.4254864 ], [ -71.5057783, 41.4254864 ], [ -71.5053335, 41.4253818 ], [ -71.5051112, 41.4251519 ], [ -71.5049444, 41.4250683 ], [ -71.5044996, 41.4250056 ], [ -71.5041661, 41.4250474 ], [ -71.5037213, 41.4252146 ], [ -71.5030264, 41.4252773 ], [ -71.5023315, 41.4251101 ], [ -71.5018589, 41.4248802 ], [ -71.501303, 41.4244412 ], [ -71.501164, 41.4242322 ], [ -71.501025, 41.4239186 ], [ -71.501025, 41.4233543 ], [ -71.500886, 41.4226435 ], [ -71.5008026, 41.4223509 ], [ -71.5006636, 41.4222254 ], [ -71.5000799, 41.4221627 ], [ -71.4998575, 41.4222672 ], [ -71.4994128, 41.4224972 ], [ -71.4989402, 41.4234796 ], [ -71.4989124, 41.4242949 ], [ -71.4989124, 41.4251728 ], [ -71.4989958, 41.4263643 ], [ -71.4993571, 41.4277439 ], [ -71.4998152, 41.4288988 ], [ -71.5009989, 41.4312353 ], [ -71.5021827, 41.4325703 ], [ -71.5024046, 41.4334047 ], [ -71.5023306, 41.4339054 ], [ -71.5021087, 41.434406 ], [ -71.5016648, 41.4353517 ], [ -71.5015908, 41.4362973 ], [ -71.5013689, 41.4365198 ], [ -71.5009989, 41.4364086 ], [ -71.4990753, 41.4340166 ], [ -71.4978176, 41.4319028 ], [ -71.496412, 41.4287875 ], [ -71.4952283, 41.425839 ], [ -71.4944884, 41.4233354 ], [ -71.4938966, 41.4201084 ], [ -71.4936006, 41.4177716 ], [ -71.4927423, 41.4153465 ], [ -71.4919724, 41.412596 ], [ -71.49178, 41.410135 ], [ -71.494056, 41.4069063 ], [ -71.4943459, 41.4059616 ], [ -71.4939594, 41.4033455 ], [ -71.4934763, 41.4026187 ], [ -71.4939594, 41.401892 ], [ -71.4948289, 41.4013833 ], [ -71.4953119, 41.4008018 ], [ -71.4951187, 41.4002931 ], [ -71.4944424, 41.4000024 ], [ -71.493573, 41.4000024 ], [ -71.4921238, 41.3997117 ], [ -71.4921238, 41.3986942 ], [ -71.4922205, 41.3980401 ], [ -71.4916408, 41.3961505 ], [ -71.4923171, 41.3944788 ], [ -71.4938628, 41.3922255 ], [ -71.4946356, 41.3909172 ], [ -71.496761, 41.3890273 ], [ -71.4986931, 41.3872827 ], [ -71.499466, 41.3866285 ], [ -71.4996592, 41.386047 ], [ -71.498983, 41.385102 ], [ -71.4986931, 41.3843024 ], [ -71.498983, 41.3832846 ], [ -71.4992728, 41.3829939 ], [ -71.5000457, 41.3829211 ], [ -71.5004321, 41.3829939 ], [ -71.5009152, 41.3835027 ], [ -71.5013016, 41.3839389 ], [ -71.5019778, 41.3840843 ], [ -71.5029439, 41.3837208 ], [ -71.5033303, 41.3832846 ], [ -71.5040066, 41.3832846 ], [ -71.5042964, 41.3835027 ], [ -71.5042964, 41.3837935 ], [ -71.5047795, 41.3848839 ], [ -71.5050692, 41.3851747 ], [ -71.5060786, 41.3853123 ], [ -71.5080641, 41.3849566 ], [ -71.5095132, 41.3849566 ], [ -71.5104793, 41.3846658 ], [ -71.5121216, 41.38343 ], [ -71.5134741, 41.3818307 ], [ -71.5138606, 41.380304 ], [ -71.5132396, 41.3779677 ], [ -71.5131843, 41.3777596 ], [ -71.5121216, 41.3767417 ], [ -71.5132684, 41.3750756 ], [ -71.5116866, 41.3753304 ], [ -71.502297, 41.3734601 ], [ -71.4977034, 41.3711414 ], [ -71.4917314, 41.3658362 ], [ -71.4898645, 41.3647498 ], [ -71.4886406, 41.3605162 ], [ -71.4872087, 41.3619993 ], [ -71.4811076, 41.3607041 ], [ -71.4804388, 41.3622884 ], [ -71.4821325, 41.3648687 ], [ -71.4834468, 41.3668802 ], [ -71.4841265, 41.3702784 ], [ -71.4827812, 41.3730695 ], [ -71.4820142, 41.3740696 ], [ -71.4813491, 41.3752395 ], [ -71.4793722, 41.3766817 ], [ -71.4789874, 41.378421 ], [ -71.4783261, 41.3801133 ], [ -71.4751827, 41.3833691 ], [ -71.4743895, 41.3869526 ], [ -71.4699039, 41.3909651 ], [ -71.4693982, 41.3919859 ], [ -71.4684834, 41.3938324 ], [ -71.4625966, 41.3958862 ], [ -71.4623118, 41.3980957 ], [ -71.4621208, 41.4015092 ], [ -71.4601911, 41.4025567 ], [ -71.4601828, 41.4025612 ], [ -71.4563789, 41.4046262 ], [ -71.4562298, 41.4073078 ], [ -71.4531344, 41.4087299 ], [ -71.4523235, 41.4146672 ], [ -71.4531394, 41.419468 ], [ -71.4546315, 41.4211834 ], [ -71.4554147, 41.4228609 ], [ -71.4557324, 41.425365 ], [ -71.4553845, 41.4283818 ], [ -71.4550693, 41.4305183 ], [ -71.456913, 41.432071 ], [ -71.4516063, 41.4373615 ], [ -71.4417356, 41.4417487 ], [ -71.4406803, 41.4385057 ], [ -71.4386972, 41.4410367 ], [ -71.4353263, 41.4418277 ], [ -71.434934, 41.4446749 ], [ -71.4322345, 41.4452592 ], [ -71.4311319, 41.4475384 ], [ -71.4322192, 41.4487773 ], [ -71.4305642, 41.4527845 ], [ -71.4287987, 41.4543858 ], [ -71.4268135, 41.453756 ], [ -71.4262199, 41.4580809 ], [ -71.4297143, 41.4614647 ], [ -71.4309915, 41.4655784 ], [ -71.4307389, 41.4705059 ], [ -71.4269966, 41.4726877 ], [ -71.4236996, 41.4728835 ], [ -71.4216258, 41.4715679 ], [ -71.4208944, 41.4688037 ], [ -71.4182458, 41.4724288 ], [ -71.4181727, 41.4821729 ], [ -71.4206829, 41.4836266 ], [ -71.4204871, 41.4861323 ], [ -71.4205298, 41.4903485 ], [ -71.419319, 41.4919118 ], [ -71.4211674, 41.4933096 ], [ -71.4217013, 41.499199 ], [ -71.417377, 41.5100646 ], [ -71.4144873, 41.5128618 ], [ -71.4158659, 41.5138175 ], [ -71.4147325, 41.5172792 ], [ -71.4155343, 41.5211412 ], [ -71.4155166, 41.5231278 ], [ -71.4166851, 41.5273171 ], [ -71.4152425, 41.5299644 ], [ -71.4186657, 41.5323955 ], [ -71.4173739, 41.5349752 ], [ -71.423501, 41.5388423 ], [ -71.4246777, 41.5412092 ], [ -71.4256482, 41.5427596 ], [ -71.4256482, 41.543686 ], [ -71.425428, 41.5448441 ], [ -71.424415, 41.5462999 ], [ -71.4228635, 41.5485326 ], [ -71.4229516, 41.5490289 ], [ -71.423325, 41.5494349 ], [ -71.4239205, 41.5493266 ], [ -71.4251197, 41.5479018 ], [ -71.4255784, 41.5471665 ], [ -71.4262207, 41.5470057 ], [ -71.4271994, 41.5472355 ], [ -71.4294015, 41.5489357 ], [ -71.4298908, 41.5497628 ], [ -71.4301967, 41.5510724 ], [ -71.4293403, 41.5530022 ], [ -71.4279037, 41.555128 ], [ -71.4275979, 41.5562384 ], [ -71.4282096, 41.5571573 ], [ -71.4297388, 41.558459 ], [ -71.4307328, 41.5589568 ], [ -71.4320581, 41.5591673 ], [ -71.4335363, 41.5590716 ], [ -71.4344029, 41.5591291 ], [ -71.4347087, 41.5594162 ], [ -71.4346323, 41.5605839 ], [ -71.4343264, 41.5613113 ], [ -71.4344029, 41.5618473 ], [ -71.4354224, 41.5623642 ], [ -71.4387612, 41.5637424 ], [ -71.4397042, 41.5640104 ], [ -71.4406727, 41.5640295 ], [ -71.4415902, 41.563953 ], [ -71.4424823, 41.5643549 ], [ -71.4431959, 41.5651397 ], [ -71.4434763, 41.5662499 ], [ -71.4431449, 41.5674558 ], [ -71.4423957, 41.5680129 ], [ -71.4408004, 41.5693259 ], [ -71.439347, 41.5700866 ], [ -71.4388185, 41.5704504 ], [ -71.4386431, 41.5708998 ], [ -71.4386566, 41.5709136 ], [ -71.439, 41.5712634 ], [ -71.4398755, 41.5714756 ], [ -71.4411154, 41.5719142 ], [ -71.4418574, 41.5723355 ], [ -71.4430905, 41.572997 ], [ -71.4440594, 41.5730962 ], [ -71.4448081, 41.5731954 ], [ -71.4457771, 41.5733938 ], [ -71.4464817, 41.5737246 ], [ -71.446746, 41.5744191 ], [ -71.4467019, 41.5755766 ], [ -71.4467019, 41.5764033 ], [ -71.4469221, 41.5768002 ], [ -71.4476708, 41.5772301 ], [ -71.4495206, 41.5774946 ], [ -71.4519429, 41.5780568 ], [ -71.4537045, 41.5784867 ], [ -71.4548937, 41.5788505 ], [ -71.4559947, 41.5797764 ], [ -71.4562589, 41.5805701 ], [ -71.4565285, 41.5814253 ], [ -71.4571451, 41.5833334 ], [ -71.4574191, 41.5844022 ], [ -71.4570059, 41.5854168 ], [ -71.4555029, 41.5870703 ], [ -71.4554025, 41.5897006 ], [ -71.455102, 41.5903771 ], [ -71.4544008, 41.5909031 ], [ -71.4535993, 41.5911284 ], [ -71.4525971, 41.5910534 ], [ -71.4514951, 41.5902267 ], [ -71.4514951, 41.5885733 ], [ -71.4517956, 41.5867696 ], [ -71.4520963, 41.5854168 ], [ -71.4517956, 41.5839135 ], [ -71.4517307, 41.5833788 ], [ -71.4510359, 41.5813564 ], [ -71.4505619, 41.5807514 ], [ -71.449614, 41.5802176 ], [ -71.4486186, 41.5797906 ], [ -71.4482395, 41.5792568 ], [ -71.4481921, 41.5786517 ], [ -71.4481447, 41.5781535 ], [ -71.4477655, 41.57794 ], [ -71.4470072, 41.57794 ], [ -71.44568, 41.5784382 ], [ -71.4444951, 41.5790432 ], [ -71.4439738, 41.5795415 ], [ -71.4437368, 41.5798617 ], [ -71.4446847, 41.5807159 ], [ -71.4458696, 41.5811073 ], [ -71.4464384, 41.5814632 ], [ -71.4467702, 41.5819258 ], [ -71.446628, 41.5827443 ], [ -71.4462962, 41.5833846 ], [ -71.4463166, 41.5834606 ], [ -71.4464667, 41.5835673 ], [ -71.4471584, 41.5837006 ], [ -71.4477141, 41.5838735 ], [ -71.4483151, 41.5843611 ], [ -71.4485893, 41.5849658 ], [ -71.4479881, 41.5863186 ], [ -71.4472869, 41.5872205 ], [ -71.4465854, 41.5875212 ], [ -71.4455836, 41.5875963 ], [ -71.4448821, 41.5875212 ], [ -71.44368, 41.5868448 ], [ -71.4429784, 41.5848906 ], [ -71.4427002, 41.5833598 ], [ -71.4415208, 41.5821598 ], [ -71.4400259, 41.5792806 ], [ -71.4393941, 41.5777802 ], [ -71.4389096, 41.5770196 ], [ -71.4379989, 41.5768641 ], [ -71.4379407, 41.5768542 ], [ -71.4371039, 41.5774495 ], [ -71.4356505, 41.5791691 ], [ -71.4349405, 41.5800368 ], [ -71.433876, 41.5809806 ], [ -71.4321472, 41.5833334 ], [ -71.431941, 41.5840833 ], [ -71.4310197, 41.585607 ], [ -71.4290513, 41.5867696 ], [ -71.4244423, 41.5872956 ], [ -71.4207351, 41.5880473 ], [ -71.4167272, 41.5890994 ], [ -71.4108157, 41.5903771 ], [ -71.405906, 41.5914291 ], [ -71.4031772, 41.5929628 ], [ -71.4016143, 41.5954246 ], [ -71.401458, 41.5983551 ], [ -71.4027084, 41.6018719 ], [ -71.4038026, 41.6032784 ], [ -71.4063034, 41.6046848 ], [ -71.408648, 41.6049193 ], [ -71.4119301, 41.6049193 ], [ -71.4145876, 41.6050366 ], [ -71.4163068, 41.6052709 ], [ -71.4181826, 41.6058571 ], [ -71.4191201, 41.6067947 ], [ -71.4192764, 41.6083183 ], [ -71.4189639, 41.6099592 ], [ -71.4183388, 41.6113656 ], [ -71.4172447, 41.6126548 ], [ -71.4163068, 41.613358 ], [ -71.4156814, 41.6134751 ], [ -71.4147438, 41.6135924 ], [ -71.413806, 41.6134751 ], [ -71.4128681, 41.613358 ], [ -71.4113051, 41.6138266 ], [ -71.4100547, 41.6151159 ], [ -71.4097422, 41.6172252 ], [ -71.4103672, 41.6193346 ], [ -71.4111488, 41.6209751 ], [ -71.4120868, 41.6219127 ], [ -71.4127118, 41.6224986 ], [ -71.413806, 41.6224986 ], [ -71.4149002, 41.6216783 ], [ -71.4150564, 41.6206236 ], [ -71.4153689, 41.6200377 ], [ -71.415838, 41.6196862 ], [ -71.4163068, 41.6195689 ], [ -71.4175572, 41.6196862 ], [ -71.4189639, 41.6209751 ], [ -71.4197456, 41.6222642 ], [ -71.4199018, 41.6241389 ], [ -71.4195893, 41.6254279 ], [ -71.4186514, 41.6278884 ], [ -71.4181826, 41.6295288 ], [ -71.4170884, 41.630349 ], [ -71.415838, 41.6304661 ], [ -71.4150564, 41.6299975 ], [ -71.4142747, 41.6285915 ], [ -71.4136497, 41.6265996 ], [ -71.4123993, 41.6257794 ], [ -71.4105235, 41.6254279 ], [ -71.4081789, 41.6253107 ], [ -71.4067722, 41.6254279 ], [ -71.4053655, 41.6262481 ], [ -71.4044276, 41.6271855 ], [ -71.4047405, 41.6283572 ], [ -71.4061472, 41.6298802 ], [ -71.4080226, 41.6317549 ], [ -71.4089605, 41.6336296 ], [ -71.4100801, 41.6378288 ], [ -71.411018, 41.6422803 ], [ -71.411018, 41.6480199 ], [ -71.4105489, 41.6498941 ], [ -71.4105489, 41.6514167 ], [ -71.4107051, 41.6527052 ], [ -71.4119555, 41.6534078 ], [ -71.4138313, 41.6535248 ], [ -71.4155505, 41.6538764 ], [ -71.4166447, 41.6548132 ], [ -71.4178951, 41.6551646 ], [ -71.4213339, 41.6556331 ], [ -71.4278985, 41.6536421 ], [ -71.4313372, 41.6522366 ], [ -71.4338381, 41.651651 ], [ -71.4350885, 41.6512996 ], [ -71.4366518, 41.6511824 ], [ -71.437746, 41.6515337 ], [ -71.4374331, 41.6525879 ], [ -71.4352451, 41.6535248 ], [ -71.4319626, 41.6546962 ], [ -71.4278985, 41.6568043 ], [ -71.4247726, 41.6576241 ], [ -71.4213339, 41.6577411 ], [ -71.4186768, 41.6580925 ], [ -71.4157068, 41.6584439 ], [ -71.4143096, 41.6589091 ], [ -71.4143001, 41.6589122 ], [ -71.4130497, 41.6602005 ], [ -71.4130497, 41.6619571 ], [ -71.4138313, 41.6641822 ], [ -71.4163322, 41.6659386 ], [ -71.4196146, 41.6671096 ], [ -71.4219592, 41.6679293 ], [ -71.4238347, 41.6685148 ], [ -71.4257106, 41.668983 ], [ -71.4266481, 41.6699198 ], [ -71.4275859, 41.6710908 ], [ -71.4291493, 41.671325 ], [ -71.430556, 41.671325 ], [ -71.433213, 41.6706223 ], [ -71.4355576, 41.6696856 ], [ -71.435561, 41.6696846 ], [ -71.4374331, 41.6691002 ], [ -71.4396214, 41.6686318 ], [ -71.441341, 41.6685148 ], [ -71.4433727, 41.6678121 ], [ -71.4446231, 41.6647677 ], [ -71.4457172, 41.6606689 ], [ -71.4471239, 41.6576241 ], [ -71.4505626, 41.6537591 ], [ -71.4522823, 41.6514167 ], [ -71.453376, 41.6498941 ], [ -71.4547831, 41.6487228 ], [ -71.456971, 41.6486056 ], [ -71.4582214, 41.6488399 ], [ -71.4580652, 41.6502454 ], [ -71.4552518, 41.6538764 ], [ -71.4515006, 41.6592635 ], [ -71.449156, 41.662894 ], [ -71.4482181, 41.6658214 ], [ -71.4486873, 41.6694515 ], [ -71.4487142, 41.6716122 ], [ -71.4486496, 41.6726616 ], [ -71.4475233, 41.6732016 ], [ -71.4448028, 41.6731434 ], [ -71.4441773, 41.6741972 ], [ -71.4447972, 41.6760302 ], [ -71.4493122, 41.6791694 ], [ -71.4513443, 41.6843205 ], [ -71.453079, 41.6867343 ], [ -71.4529227, 41.688139 ], [ -71.4526103, 41.690012 ], [ -71.4518286, 41.6914167 ], [ -71.4518286, 41.6925871 ], [ -71.4527665, 41.6936406 ], [ -71.453079, 41.6951622 ], [ -71.4524536, 41.6958643 ], [ -71.4510469, 41.6958643 ], [ -71.4488586, 41.6953963 ], [ -71.4463577, 41.692353 ], [ -71.4451073, 41.689895 ], [ -71.4435444, 41.6889584 ], [ -71.4394806, 41.688139 ], [ -71.435104, 41.688022 ], [ -71.4316652, 41.6879051 ], [ -71.4276356, 41.687117 ], [ -71.4239832, 41.6868239 ], [ -71.4199876, 41.6860416 ], [ -71.4170265, 41.6856914 ], [ -71.4142214, 41.6855746 ], [ -71.4117712, 41.6860114 ], [ -71.4109141, 41.6864784 ], [ -71.4109141, 41.6871787 ], [ -71.4113816, 41.6879373 ], [ -71.4122387, 41.6881124 ], [ -71.4137972, 41.6881708 ], [ -71.4153557, 41.6882875 ], [ -71.4165244, 41.688521 ], [ -71.4172258, 41.6888127 ], [ -71.4172258, 41.6898632 ], [ -71.4160569, 41.6905635 ], [ -71.4145765, 41.6903884 ], [ -71.4120829, 41.6903301 ], [ -71.4107583, 41.6903884 ], [ -71.4092779, 41.6909137 ], [ -71.4093558, 41.6921392 ], [ -71.4113816, 41.6943566 ], [ -71.4166804, 41.6977996 ], [ -71.4185504, 41.698558 ], [ -71.4193297, 41.6994334 ], [ -71.4190958, 41.7003669 ], [ -71.4180829, 41.7009504 ], [ -71.415979, 41.7010087 ], [ -71.4137972, 41.7003669 ], [ -71.4104465, 41.6978578 ], [ -71.4077973, 41.6948235 ], [ -71.4056933, 41.6917891 ], [ -71.4046804, 41.6888127 ], [ -71.404135, 41.6879373 ], [ -71.4028883, 41.6867701 ], [ -71.4010959, 41.6859531 ], [ -71.3992258, 41.6856808 ], [ -71.3983726, 41.6856808 ], [ -71.3971475, 41.6861121 ], [ -71.3968097, 41.6876709 ], [ -71.3972785, 41.6901289 ], [ -71.3975909, 41.6930554 ], [ -71.3980601, 41.694694 ], [ -71.3982163, 41.6959815 ], [ -71.3972785, 41.6969178 ], [ -71.3957155, 41.697152 ], [ -71.3935271, 41.6980882 ], [ -71.3921205, 41.6990245 ], [ -71.3908701, 41.6999609 ], [ -71.3893072, 41.700195 ], [ -71.3874313, 41.7003119 ], [ -71.3872751, 41.6990245 ], [ -71.3889943, 41.6979712 ], [ -71.3922767, 41.694694 ], [ -71.3932147, 41.6938746 ], [ -71.3939959, 41.6893096 ], [ -71.3939959, 41.6863832 ], [ -71.3933709, 41.6849783 ], [ -71.3932147, 41.6825201 ], [ -71.3922767, 41.6749101 ], [ -71.3913389, 41.6735051 ], [ -71.3879001, 41.6713976 ], [ -71.3844617, 41.6697583 ], [ -71.3821171, 41.669407 ], [ -71.3797725, 41.6698755 ], [ -71.3782092, 41.6710464 ], [ -71.3774279, 41.6725684 ], [ -71.3771155, 41.6749101 ], [ -71.3774279, 41.6788908 ], [ -71.3774279, 41.680998 ], [ -71.3771155, 41.6829882 ], [ -71.3746142, 41.6865003 ], [ -71.3721134, 41.6882562 ], [ -71.3699255, 41.6896609 ], [ -71.3688313, 41.6908314 ], [ -71.3682058, 41.6925871 ], [ -71.3685184, 41.6943429 ], [ -71.3693, 41.6963326 ], [ -71.3699255, 41.6979712 ], [ -71.3699255, 41.6998437 ], [ -71.3685184, 41.7034718 ], [ -71.3682058, 41.7063975 ], [ -71.3686751, 41.7087379 ], [ -71.3694563, 41.7108443 ], [ -71.3694563, 41.7127165 ], [ -71.3696126, 41.7138866 ], [ -71.3688313, 41.7148228 ], [ -71.3678934, 41.7152907 ], [ -71.3654758, 41.7167688 ], [ -71.3639129, 41.7173539 ], [ -71.3628187, 41.7179388 ], [ -71.3631312, 41.7188748 ], [ -71.3639129, 41.719226 ], [ -71.3657883, 41.7193429 ], [ -71.3686021, 41.7196938 ], [ -71.3714154, 41.7199279 ], [ -71.3745416, 41.7208638 ], [ -71.3786054, 41.7225018 ], [ -71.3836071, 41.7262456 ], [ -71.3889217, 41.730574 ], [ -71.3922038, 41.7319777 ], [ -71.3950175, 41.7330305 ], [ -71.3951738, 41.7338494 ], [ -71.3945484, 41.7347851 ], [ -71.3936105, 41.7364228 ], [ -71.3925163, 41.7378264 ], [ -71.3914225, 41.7387621 ], [ -71.3903284, 41.7395808 ], [ -71.3887651, 41.7396978 ], [ -71.3879838, 41.7396978 ], [ -71.3851701, 41.7363057 ], [ -71.3834508, 41.7340834 ], [ -71.3828255, 41.7332645 ], [ -71.3815751, 41.7327965 ], [ -71.3803246, 41.7327965 ], [ -71.3801683, 41.7338494 ], [ -71.3807938, 41.7354869 ], [ -71.3826691, 41.7368906 ], [ -71.3836071, 41.7386452 ], [ -71.3836071, 41.7399317 ], [ -71.3831384, 41.7413352 ], [ -71.3825129, 41.7427388 ], [ -71.381888, 41.7440253 ], [ -71.3815751, 41.7450778 ], [ -71.3817316, 41.7462474 ], [ -71.384545, 41.7469492 ], [ -71.3862642, 41.7468321 ], [ -71.3870458, 41.747183 ], [ -71.3873584, 41.7482356 ], [ -71.3872021, 41.7498728 ], [ -71.3868896, 41.7520948 ], [ -71.3875146, 41.7538488 ], [ -71.3887651, 41.7563044 ], [ -71.3900155, 41.7582923 ], [ -71.3904846, 41.7599292 ], [ -71.3917584, 41.7622592 ], [ -71.3919151, 41.7630776 ], [ -71.3916022, 41.7642468 ], [ -71.3908209, 41.765299 ], [ -71.390508, 41.7660007 ], [ -71.3903517, 41.7669359 ], [ -71.390508, 41.7676373 ], [ -71.3912897, 41.7683389 ], [ -71.3922276, 41.769391 ], [ -71.3920713, 41.7713784 ], [ -71.3919151, 41.7730151 ], [ -71.3922276, 41.7743011 ], [ -71.393478, 41.7757039 ], [ -71.394103, 41.7772235 ], [ -71.3942596, 41.7789769 ], [ -71.3945722, 41.7806133 ], [ -71.3951972, 41.7817822 ], [ -71.395255, 41.7823877 ], [ -71.3953534, 41.7834186 ], [ -71.3947284, 41.7842367 ], [ -71.3942596, 41.7855225 ], [ -71.3942596, 41.7871588 ], [ -71.3944159, 41.7880937 ], [ -71.3937905, 41.7890287 ], [ -71.3928526, 41.789613 ], [ -71.3909772, 41.78973 ], [ -71.3891013, 41.7892625 ], [ -71.3884803, 41.7891464 ], [ -71.3884763, 41.7891456 ], [ -71.3876947, 41.78973 ], [ -71.3878509, 41.7913661 ], [ -71.3894142, 41.7937035 ], [ -71.3925401, 41.797443 ], [ -71.3937905, 41.7988453 ], [ -71.3955101, 41.8000138 ], [ -71.3966039, 41.8001307 ], [ -71.3984797, 41.8000138 ], [ -71.3995739, 41.7996631 ], [ -71.400668, 41.7996631 ], [ -71.401606, 41.8002476 ], [ -71.4028564, 41.8017666 ], [ -71.4026997, 41.8039868 ], [ -71.4028564, 41.8055057 ], [ -71.404263, 41.8077257 ], [ -71.4045755, 41.8091277 ], [ -71.4047318, 41.8107633 ], [ -71.4047318, 41.8121653 ], [ -71.4056697, 41.8136842 ], [ -71.4084906, 41.8163165 ], [ -71.4108352, 41.8184192 ], [ -71.4119294, 41.8193537 ], [ -71.412711, 41.8206388 ], [ -71.412711, 41.82169 ], [ -71.4120856, 41.8223909 ], [ -71.4113039, 41.8223909 ], [ -71.4098973, 41.8222742 ], [ -71.4077093, 41.8199378 ], [ -71.4052081, 41.8174847 ], [ -71.4038014, 41.8167837 ], [ -71.4022385, 41.8163165 ], [ -71.4005193, 41.8161996 ], [ -71.398331, 41.8163165 ], [ -71.3962989, 41.8170174 ], [ -71.3936418, 41.8181856 ], [ -71.3928601, 41.8193537 ], [ -71.3922351, 41.8219236 ], [ -71.3916097, 41.8242598 ], [ -71.391141, 41.8255448 ], [ -71.3902031, 41.8267128 ], [ -71.3889526, 41.8271801 ], [ -71.3872334, 41.8272968 ], [ -71.3855139, 41.8264791 ], [ -71.3850451, 41.825428 ], [ -71.3852013, 41.8234423 ], [ -71.3864518, 41.8213396 ], [ -71.3878585, 41.8199378 ], [ -71.3900468, 41.8181856 ], [ -71.3914535, 41.8171342 ], [ -71.3928601, 41.8163165 ], [ -71.3937981, 41.8153818 ], [ -71.3948922, 41.8142135 ], [ -71.3953609, 41.8125781 ], [ -71.3942668, 41.8101245 ], [ -71.3897343, 41.8059183 ], [ -71.3853814, 41.8017668 ], [ -71.3852013, 41.801595 ], [ -71.3833255, 41.7986738 ], [ -71.3814501, 41.7955186 ], [ -71.3801997, 41.7938825 ], [ -71.3791055, 41.7932982 ], [ -71.3765817, 41.7905293 ], [ -71.3748621, 41.7866725 ], [ -71.3729866, 41.7838675 ], [ -71.3726737, 41.7821142 ], [ -71.3725175, 41.7808283 ], [ -71.3725175, 41.7794256 ], [ -71.372205, 41.7780229 ], [ -71.3698604, 41.776971 ], [ -71.3695479, 41.7758021 ], [ -71.3698604, 41.7732303 ], [ -71.370642, 41.7693723 ], [ -71.3711108, 41.7677356 ], [ -71.3711108, 41.7669171 ], [ -71.3709546, 41.7659818 ], [ -71.3701729, 41.7651634 ], [ -71.3687663, 41.7646959 ], [ -71.3676721, 41.7642282 ], [ -71.3659529, 41.7621236 ], [ -71.3647025, 41.7594342 ], [ -71.3642333, 41.7556924 ], [ -71.3640556, 41.7532758 ], [ -71.3640556, 41.7517555 ], [ -71.3632743, 41.7498845 ], [ -71.3621803, 41.7477794 ], [ -71.3615548, 41.7473115 ], [ -71.3603044, 41.7470777 ], [ -71.3596793, 41.7471947 ], [ -71.3592102, 41.7484811 ], [ -71.3592102, 41.7500015 ], [ -71.3596793, 41.7514048 ], [ -71.3599919, 41.752691 ], [ -71.3599919, 41.7537436 ], [ -71.3596793, 41.7542112 ], [ -71.3592102, 41.7544451 ], [ -71.358116, 41.7544451 ], [ -71.3568656, 41.7542112 ], [ -71.3559277, 41.7532758 ], [ -71.3556152, 41.7515217 ], [ -71.355459, 41.7498845 ], [ -71.3551465, 41.7483641 ], [ -71.3540523, 41.746376 ], [ -71.3532706, 41.7455574 ], [ -71.3521765, 41.7450896 ], [ -71.3515514, 41.7447386 ], [ -71.350926, 41.74392 ], [ -71.350301, 41.7415808 ], [ -71.3493632, 41.7405282 ], [ -71.3485815, 41.7400604 ], [ -71.3474877, 41.7394756 ], [ -71.3465498, 41.7387737 ], [ -71.3456118, 41.737604 ], [ -71.3448302, 41.7357326 ], [ -71.3442052, 41.7324572 ], [ -71.343736, 41.7287139 ], [ -71.3426423, 41.7274272 ], [ -71.3413918, 41.7263742 ], [ -71.3390472, 41.7261402 ], [ -71.3354522, 41.7260233 ], [ -71.3329514, 41.7260233 ], [ -71.3293564, 41.7266082 ], [ -71.3266989, 41.7264911 ], [ -71.3231043, 41.7257892 ], [ -71.3202905, 41.7254384 ], [ -71.3171647, 41.7243854 ], [ -71.3148201, 41.7239174 ], [ -71.3126318, 41.7234495 ], [ -71.3109122, 41.7222796 ], [ -71.3096618, 41.7197056 ], [ -71.3096618, 41.7164294 ], [ -71.3101694, 41.7138496 ], [ -71.3092981, 41.7116752 ], [ -71.3078458, 41.7102618 ], [ -71.3069745, 41.7097182 ], [ -71.3053771, 41.7096094 ], [ -71.3033438, 41.7099357 ], [ -71.3023274, 41.7110229 ], [ -71.3020367, 41.7128711 ], [ -71.3021823, 41.7177632 ], [ -71.3023274, 41.71972 ], [ -71.3023274, 41.7218941 ], [ -71.3020367, 41.7223289 ], [ -71.30073, 41.7225464 ], [ -71.2997131, 41.7221115 ], [ -71.2992777, 41.7210245 ], [ -71.2985516, 41.71972 ], [ -71.2975351, 41.7190678 ], [ -71.2963731, 41.7195027 ], [ -71.2959373, 41.7220027 ], [ -71.2952115, 41.7234159 ], [ -71.2941947, 41.7251552 ], [ -71.2934686, 41.7267855 ], [ -71.2931782, 41.7286333 ], [ -71.2931782, 41.7306984 ], [ -71.2934686, 41.73222 ], [ -71.2943399, 41.7329808 ], [ -71.2959373, 41.7337416 ], [ -71.2978254, 41.734611 ], [ -71.2994217, 41.7360683 ], [ -71.2997119, 41.7375898 ], [ -71.3000026, 41.7388938 ], [ -71.3000026, 41.7397632 ], [ -71.2986956, 41.7398718 ], [ -71.2973884, 41.7391112 ], [ -71.2965171, 41.7386765 ], [ -71.2944838, 41.7383505 ], [ -71.2933223, 41.7388938 ], [ -71.292451, 41.7388938 ], [ -71.2914341, 41.7370463 ], [ -71.2892561, 41.7291125 ], [ -71.2882393, 41.7234603 ], [ -71.2880941, 41.7187859 ], [ -71.2891105, 41.7160683 ], [ -71.2918699, 41.7145463 ], [ -71.2928864, 41.7135678 ], [ -71.2934674, 41.7125893 ], [ -71.2939032, 41.7108498 ], [ -71.2956541, 41.7021667 ], [ -71.2966706, 41.6959684 ], [ -71.2975423, 41.6902045 ], [ -71.2997202, 41.6875943 ], [ -71.30277, 41.6845489 ], [ -71.3049484, 41.6834613 ], [ -71.3066914, 41.6826998 ], [ -71.3075627, 41.681721 ], [ -71.307853, 41.6790015 ], [ -71.3081436, 41.6656208 ], [ -71.3082888, 41.6622479 ], [ -71.307853, 41.6609421 ], [ -71.3073898, 41.6575196 ], [ -71.3059375, 41.6550169 ], [ -71.3053565, 41.6540375 ], [ -71.3046304, 41.6532758 ], [ -71.3040497, 41.6530582 ], [ -71.3036139, 41.6530582 ], [ -71.3031781, 41.6531669 ], [ -71.3020165, 41.6544727 ], [ -71.3014355, 41.6566491 ], [ -71.3014355, 41.6596958 ], [ -71.3011452, 41.6611104 ], [ -71.3002739, 41.662416 ], [ -71.2994027, 41.6635041 ], [ -71.2982407, 41.664048 ], [ -71.2965016, 41.6643739 ], [ -71.2964981, 41.6643745 ], [ -71.2953361, 41.6649184 ], [ -71.2938838, 41.6658977 ], [ -71.2933032, 41.6672033 ], [ -71.2930125, 41.669923 ], [ -71.2921412, 41.6738394 ], [ -71.2917054, 41.6766677 ], [ -71.2921412, 41.6797135 ], [ -71.2921412, 41.6813451 ], [ -71.2917054, 41.6825416 ], [ -71.2905438, 41.6838468 ], [ -71.2889556, 41.6844957 ], [ -71.2889464, 41.6844994 ], [ -71.2867679, 41.6843907 ], [ -71.2857515, 41.6837381 ], [ -71.2842992, 41.682324 ], [ -71.2825563, 41.6786257 ], [ -71.2822659, 41.6727515 ], [ -71.2813946, 41.670467 ], [ -71.2781998, 41.6666592 ], [ -71.2742788, 41.6638304 ], [ -71.273262, 41.6627423 ], [ -71.2721004, 41.6612191 ], [ -71.2719549, 41.6594782 ], [ -71.2725358, 41.6557786 ], [ -71.272681, 41.6538199 ], [ -71.2715194, 41.6500111 ], [ -71.2700671, 41.6484876 ], [ -71.2690507, 41.6477257 ], [ -71.2678887, 41.646964 ], [ -71.2668722, 41.6468551 ], [ -71.26542, 41.646964 ], [ -71.2642871, 41.6475582 ], [ -71.2639677, 41.6477257 ], [ -71.2622251, 41.6491405 ], [ -71.2613538, 41.651317 ], [ -71.2604821, 41.6530582 ], [ -71.2590303, 41.6546904 ], [ -71.2581586, 41.6563227 ], [ -71.2575601, 41.661133 ], [ -71.2572698, 41.6634177 ], [ -71.2558176, 41.6657027 ], [ -71.2523324, 41.668749 ], [ -71.250154, 41.6704896 ], [ -71.2491371, 41.6711423 ], [ -71.2478304, 41.6712511 ], [ -71.2468136, 41.6708159 ], [ -71.2460875, 41.6698369 ], [ -71.2455068, 41.6691842 ], [ -71.2443449, 41.668749 ], [ -71.2433284, 41.6686401 ], [ -71.2420213, 41.6692929 ], [ -71.2407142, 41.6714686 ], [ -71.2392619, 41.67582 ], [ -71.2394074, 41.6803888 ], [ -71.240569, 41.6847395 ], [ -71.2473946, 41.6945278 ], [ -71.2508801, 41.69953 ], [ -71.256134, 41.7076594 ], [ -71.2603457, 41.7135305 ], [ -71.2652832, 41.7200531 ], [ -71.2664452, 41.7230968 ], [ -71.2667354, 41.724836 ], [ -71.2670257, 41.7262492 ], [ -71.2670257, 41.7275535 ], [ -71.2664452, 41.7280969 ], [ -71.265138, 41.7275535 ], [ -71.2648473, 41.7269013 ], [ -71.2647022, 41.7264665 ], [ -71.2635406, 41.725597 ], [ -71.2623786, 41.7253795 ], [ -71.2607812, 41.7249448 ], [ -71.2593289, 41.723749 ], [ -71.2593289, 41.7228794 ], [ -71.2591838, 41.7217924 ], [ -71.2587479, 41.7211401 ], [ -71.2580221, 41.7207054 ], [ -71.2554079, 41.7207054 ], [ -71.2541007, 41.7205967 ], [ -71.2513417, 41.7188574 ], [ -71.2469849, 41.7161396 ], [ -71.2461136, 41.7150524 ], [ -71.2449516, 41.7130955 ], [ -71.2449516, 41.7109212 ], [ -71.2453875, 41.7071159 ], [ -71.2461136, 41.7054848 ], [ -71.2466946, 41.7042889 ], [ -71.2469849, 41.7030927 ], [ -71.2469849, 41.7020053 ], [ -71.2465491, 41.7014618 ], [ -71.2456778, 41.7011355 ], [ -71.244371, 41.7011355 ], [ -71.2413213, 41.7014618 ], [ -71.2382716, 41.7024403 ], [ -71.2347861, 41.7049413 ], [ -71.2327528, 41.7073333 ], [ -71.2313005, 41.7107037 ], [ -71.2299993, 41.714925 ], [ -71.2295862, 41.7162654 ], [ -71.2295579, 41.716357 ], [ -71.2297031, 41.7208142 ], [ -71.2294128, 41.7251622 ], [ -71.228977, 41.7264665 ], [ -71.2282509, 41.7271187 ], [ -71.2269441, 41.7273361 ], [ -71.2237492, 41.7273361 ], [ -71.2164879, 41.7250534 ], [ -71.213874, 41.7240752 ], [ -71.2125668, 41.7232056 ], [ -71.2119859, 41.7222272 ], [ -71.2119859, 41.7212489 ], [ -71.2125668, 41.7199445 ], [ -71.2135833, 41.7191835 ], [ -71.2161975, 41.7182051 ], [ -71.2177949, 41.7174441 ], [ -71.2191017, 41.7162484 ], [ -71.2198278, 41.7149438 ], [ -71.2195375, 41.7134217 ], [ -71.2167781, 41.7124432 ], [ -71.2147453, 41.7111386 ], [ -71.2121309, 41.709834 ], [ -71.2106787, 41.7101602 ], [ -71.2090813, 41.7114648 ], [ -71.2024477, 41.718433 ], [ -71.1998334, 41.7245203 ], [ -71.1967837, 41.7350632 ], [ -71.1963482, 41.7375628 ], [ -71.1953314, 41.7387581 ], [ -71.1946053, 41.7394102 ], [ -71.193153, 41.7391928 ], [ -71.1930078, 41.7378888 ], [ -71.1944601, 41.73202 ], [ -71.1957673, 41.7257159 ], [ -71.1963482, 41.7232159 ], [ -71.197655, 41.7212593 ], [ -71.1982359, 41.7197374 ], [ -71.1980908, 41.7174544 ], [ -71.1980908, 41.7128885 ], [ -71.1979457, 41.7115838 ], [ -71.1973647, 41.7108229 ], [ -71.1963482, 41.7107141 ], [ -71.194896, 41.7115838 ], [ -71.1927175, 41.7126711 ], [ -71.1902488, 41.7132147 ], [ -71.1879253, 41.7129973 ], [ -71.1857468, 41.7128885 ], [ -71.1809541, 41.7137582 ], [ -71.1765977, 41.715389 ], [ -71.1722409, 41.7183242 ], [ -71.1691911, 41.7206071 ], [ -71.1657056, 41.7234333 ], [ -71.1628014, 41.7261507 ], [ -71.1598969, 41.7279986 ], [ -71.1578637, 41.7308245 ], [ -71.1542329, 41.7356066 ], [ -71.1535067, 41.736476 ], [ -71.1519093, 41.7374541 ], [ -71.1495858, 41.7398449 ], [ -71.1476981, 41.7421271 ], [ -71.1431961, 41.7476688 ], [ -71.1418889, 41.7489728 ], [ -71.1404367, 41.7495161 ], [ -71.137968, 41.7497334 ], [ -71.1354992, 41.7495161 ], [ -71.132885, 41.7484295 ], [ -71.1321588, 41.7471256 ], [ -71.1325946, 41.7453871 ], [ -71.1343372, 41.7438657 ], [ -71.1400012, 41.7394102 ], [ -71.1443737, 41.7358406 ], [ -71.1447935, 41.7354978 ], [ -71.1465361, 41.7336504 ], [ -71.1476981, 41.7319114 ], [ -71.1487145, 41.7301724 ], [ -71.1506026, 41.7286507 ], [ -71.15554, 41.7261507 ], [ -71.1584446, 41.7239767 ], [ -71.1597518, 41.7226724 ], [ -71.1612036, 41.7200635 ], [ -71.1610585, 41.7176719 ], [ -71.1610585, 41.7151716 ], [ -71.1617846, 41.7129973 ], [ -71.1626559, 41.7106054 ], [ -71.1638179, 41.7089745 ], [ -71.1655604, 41.7079961 ], [ -71.1680291, 41.7070174 ], [ -71.1713696, 41.7059301 ], [ -71.1739835, 41.7045167 ], [ -71.1787762, 41.7010372 ], [ -71.1844397, 41.6967962 ], [ -71.1902865, 41.6913701 ], [ -71.1936265, 41.686476 ], [ -71.1982736, 41.6797323 ], [ -71.1987401, 41.6789957 ], [ -71.2017458, 41.6742497 ], [ -71.2036473, 41.6712473 ], [ -71.2080038, 41.6618907 ], [ -71.2104725, 41.6552533 ], [ -71.2126509, 41.6477445 ], [ -71.2141032, 41.6450237 ], [ -71.2143813, 41.6428225 ], [ -71.2145648, 41.6413702 ], [ -71.2151458, 41.6360368 ], [ -71.2157268, 41.6325536 ], [ -71.2161626, 41.6311384 ], [ -71.216017, 41.6287435 ], [ -71.216017, 41.626022 ], [ -71.2148555, 41.6244978 ], [ -71.2135483, 41.6227559 ], [ -71.2131129, 41.6213404 ], [ -71.2134032, 41.6198162 ], [ -71.2145648, 41.6170943 ], [ -71.2147103, 41.6156787 ], [ -71.2141294, 41.6128477 ], [ -71.2139926, 41.6083986 ], [ -71.2125402, 41.6051316 ], [ -71.2106521, 41.6032804 ], [ -71.2086193, 41.6005576 ], [ -71.2077475, 41.5991418 ], [ -71.2076025, 41.5979437 ], [ -71.2077475, 41.5967457 ], [ -71.2086193, 41.5957654 ], [ -71.210507, 41.5945674 ], [ -71.2125402, 41.5930424 ], [ -71.2141377, 41.5909728 ], [ -71.2151541, 41.5883586 ], [ -71.215009, 41.5854174 ], [ -71.2138975, 41.5833334 ], [ -71.2124339, 41.5828256 ], [ -71.2106071, 41.5818079 ], [ -71.2095333, 41.5790706 ], [ -71.2095333, 41.5767899 ], [ -71.2090991, 41.5745092 ], [ -71.2083753, 41.5715767 ], [ -71.2088095, 41.56897 ], [ -71.2093886, 41.5657114 ], [ -71.2095333, 41.5624527 ], [ -71.2095333, 41.5590851 ], [ -71.2098229, 41.5574556 ], [ -71.2106915, 41.5563692 ], [ -71.2124286, 41.555826 ], [ -71.2141657, 41.5562606 ], [ -71.2159029, 41.5578902 ], [ -71.2166267, 41.5587592 ], [ -71.217061, 41.5595196 ], [ -71.2177848, 41.5602801 ], [ -71.2182191, 41.5607146 ], [ -71.2192324, 41.5608232 ], [ -71.2199562, 41.5608232 ], [ -71.2202458, 41.5593024 ], [ -71.2202458, 41.5581074 ], [ -71.2187982, 41.5565864 ], [ -71.2173505, 41.5556087 ], [ -71.2164819, 41.5550656 ], [ -71.2159029, 41.5547396 ], [ -71.2160477, 41.5538705 ], [ -71.2173505, 41.5519149 ], [ -71.2177848, 41.550937 ], [ -71.2177848, 41.5499592 ], [ -71.2174954, 41.548764 ], [ -71.2169163, 41.547243 ], [ -71.2166267, 41.5458305 ], [ -71.2157581, 41.5450698 ], [ -71.2102572, 41.5433313 ], [ -71.2069276, 41.54181 ], [ -71.2060591, 41.5402888 ], [ -71.2067747, 41.5372942 ], [ -71.2092356, 41.5340341 ], [ -71.2096699, 41.530339 ], [ -71.2095252, 41.5263176 ], [ -71.2086566, 41.5246873 ], [ -71.2076433, 41.5236003 ], [ -71.2069195, 41.5228395 ], [ -71.2066299, 41.5214265 ], [ -71.2066299, 41.5199046 ], [ -71.2064851, 41.5183828 ], [ -71.2061956, 41.5168609 ], [ -71.205327, 41.5158826 ], [ -71.2037346, 41.5153391 ], [ -71.2033004, 41.5145781 ], [ -71.2023585, 41.5123287 ], [ -71.2063083, 41.5000901 ], [ -71.2012629, 41.4979081 ], [ -71.1992021, 41.4955896 ], [ -71.1994258, 41.4939438 ], [ -71.1980711, 41.4899007 ], [ -71.1957886, 41.4899411 ], [ -71.1949353, 41.4875942 ], [ -71.1908546, 41.4856095 ], [ -71.1898989, 41.4829575 ], [ -71.190915, 41.4819944 ], [ -71.1893454, 41.4786223 ], [ -71.1900324, 41.4775303 ], [ -71.1916444, 41.474968 ], [ -71.1915198, 41.4728329 ], [ -71.1920355, 41.4710942 ], [ -71.1934873, 41.4685946 ], [ -71.1931339, 41.4665871 ], [ -71.1919491, 41.4644886 ], [ -71.1949275, 41.4637252 ], [ -71.1963996, 41.4650451 ], [ -71.1965789, 41.4620972 ], [ -71.1948041, 41.4561156 ], [ -71.1934165, 41.4567403 ], [ -71.1908334, 41.4552674 ], [ -71.1916873, 41.4582076 ], [ -71.1898079, 41.4586912 ], [ -71.1873539, 41.4580492 ], [ -71.1879762, 41.4588197 ], [ -71.1868969, 41.4599833 ], [ -71.185315, 41.4606974 ], [ -71.1823634, 41.4603786 ], [ -71.1807299, 41.459427 ], [ -71.1784941, 41.4610369 ], [ -71.1771126, 41.4591683 ], [ -71.1740977, 41.4605028 ], [ -71.1740012, 41.4616807 ], [ -71.1728968, 41.4605203 ], [ -71.1708937, 41.4606839 ], [ -71.1710311, 41.4583541 ], [ -71.1686938, 41.4614129 ], [ -71.1699529, 41.4641677 ], [ -71.1687405, 41.4679335 ], [ -71.1698357, 41.4694439 ], [ -71.1666106, 41.4717602 ], [ -71.1645206, 41.4719185 ], [ -71.1641927, 41.4702232 ], [ -71.1610124, 41.4700149 ], [ -71.1620877, 41.4738937 ], [ -71.1587694, 41.4761468 ], [ -71.1539322, 41.4768328 ], [ -71.1510813, 41.4762476 ], [ -71.1459382, 41.4778239 ], [ -71.146462, 41.4806826 ], [ -71.1447163, 41.4817502 ], [ -71.1428289, 41.4811081 ], [ -71.1400155, 41.4819552 ], [ -71.1383007, 41.4844699 ], [ -71.1399168, 41.4853499 ], [ -71.1408184, 41.4869074 ], [ -71.1412809, 41.4897056 ], [ -71.1399494, 41.4915235 ], [ -71.1384637, 41.4930285 ], [ -71.1299815, 41.4962482 ], [ -71.1204858, 41.4971503 ], [ -71.1189428, 41.4972969 ], [ -71.1158422, 41.4968578 ], [ -71.1133002, 41.5005224 ], [ -71.1097973, 41.4998369 ], [ -71.1081142, 41.5018054 ], [ -71.105501, 41.5004608 ], [ -71.1034581, 41.504037 ], [ -71.1004392, 41.504464 ], [ -71.0986241, 41.5034051 ], [ -71.0931566, 41.5042994 ], [ -71.0906267, 41.504899 ], [ -71.0851041, 41.5061756 ], [ -71.0877072, 41.5073628 ], [ -71.0910418, 41.5072005 ], [ -71.0904333, 41.5080353 ], [ -71.0913946, 41.5080232 ], [ -71.0919403, 41.5080606 ], [ -71.0924682, 41.5081615 ], [ -71.0933349, 41.508387 ], [ -71.094191, 41.5086319 ], [ -71.0950126, 41.5089551 ], [ -71.0954028, 41.5091646 ], [ -71.0957753, 41.509416 ], [ -71.0962315, 41.5098407 ], [ -71.0965558, 41.5102936 ], [ -71.0967155, 41.5106033 ], [ -71.0968015, 41.5107701 ], [ -71.0970218, 41.5112654 ], [ -71.0972446, 41.5117559 ], [ -71.0974348, 41.5122556 ], [ -71.0975211, 41.5127493 ], [ -71.0974323, 41.5132216 ], [ -71.0972387, 41.5135733 ], [ -71.0969957, 41.513917 ], [ -71.0967391, 41.5142604 ], [ -71.0965045, 41.5146114 ], [ -71.0961889, 41.51513 ], [ -71.0952234, 41.5167093 ], [ -71.0946961, 41.5177642 ], [ -71.094507, 41.5182871 ], [ -71.0944368, 41.5185466 ], [ -71.0943851, 41.5188046 ], [ -71.0945949, 41.5195988 ], [ -71.0952655, 41.5203685 ], [ -71.0960603, 41.5211359 ], [ -71.0963991, 41.5215257 ], [ -71.0966427, 41.5219233 ], [ -71.0968693, 41.5226143 ], [ -71.0970303, 41.5233425 ], [ -71.0972394, 41.5240628 ], [ -71.0976103, 41.52473 ], [ -71.0999601, 41.5275365 ], [ -71.1011323, 41.5289529 ], [ -71.1017483, 41.52958 ], [ -71.1021535, 41.5299282 ], [ -71.102544, 41.5302189 ], [ -71.1034578, 41.5307842 ], [ -71.1045435, 41.5312237 ], [ -71.1053192, 41.5317149 ], [ -71.1062506, 41.5323893 ], [ -71.1071236, 41.5330343 ], [ -71.1075918, 41.533373 ], [ -71.108024, 41.5337367 ], [ -71.1088202, 41.5345115 ], [ -71.109592, 41.5353041 ], [ -71.1104191, 41.5360595 ], [ -71.1110037, 41.5365464 ], [ -71.1115898, 41.5370339 ], [ -71.1128398, 41.5379446 ], [ -71.1135107, 41.5402491 ], [ -71.1137114, 41.5437271 ], [ -71.1135569, 41.5457865 ], [ -71.1131871, 41.5461732 ], [ -71.1129571, 41.5462596 ], [ -71.1127177, 41.5462614 ], [ -71.1095131, 41.5454696 ], [ -71.1082996, 41.5442695 ], [ -71.1067331, 41.5429879 ], [ -71.104457, 41.5408171 ], [ -71.1008774, 41.5367372 ], [ -71.0964242, 41.5328344 ], [ -71.0951885, 41.5325185 ], [ -71.0913898, 41.534414 ], [ -71.0896439, 41.5331737 ], [ -71.0891495, 41.5307064 ], [ -71.0882318, 41.5270408 ], [ -71.088055, 41.526297 ], [ -71.0866559, 41.5239889 ], [ -71.084899, 41.5218615 ], [ -71.082063, 41.5210434 ], [ -71.0796106, 41.5208593 ], [ -71.0776698, 41.5206104 ], [ -71.0761607, 41.519759 ], [ -71.0752641, 41.5182155 ], [ -71.0715541, 41.5155733 ], [ -71.0698916, 41.5164803 ], [ -71.0680863, 41.5184831 ], [ -71.0665442, 41.5209527 ], [ -71.0652209, 41.5226991 ], [ -71.0635611, 41.5250418 ], [ -71.0636311, 41.5274492 ], [ -71.0640223, 41.5309677 ], [ -71.064018, 41.5329669 ], [ -71.0620623, 41.5352703 ], [ -71.0611109, 41.5367416 ], [ -71.0617168, 41.5396215 ], [ -71.0618027, 41.540995 ], [ -71.0631382, 41.5452174 ], [ -71.0660048, 41.5498682 ], [ -71.0682983, 41.5546068 ], [ -71.0692839, 41.5572855 ], [ -71.0720786, 41.5598255 ], [ -71.0735395, 41.5614281 ], [ -71.0737897, 41.5634915 ], [ -71.0740143, 41.5648749 ], [ -71.0726464, 41.5698895 ], [ -71.0727115, 41.5741828 ], [ -71.0736883, 41.5783399 ], [ -71.0727571, 41.5810902 ], [ -71.070887, 41.58295 ], [ -71.0705362, 41.5833334 ], [ -71.0713397, 41.5840884 ], [ -71.0717084, 41.5852353 ], [ -71.0718138, 41.5869357 ], [ -71.0721298, 41.5887944 ], [ -71.0716031, 41.5897434 ], [ -71.0707603, 41.590297 ], [ -71.068548, 41.5922742 ], [ -71.068548, 41.5943303 ], [ -71.068232, 41.5955956 ], [ -71.0679159, 41.595991 ], [ -71.0664411, 41.5969004 ], [ -71.0651769, 41.5967818 ], [ -71.0650189, 41.5958724 ], [ -71.0650716, 41.5931441 ], [ -71.0655983, 41.5914042 ], [ -71.0665464, 41.5899411 ], [ -71.0681793, 41.5890316 ], [ -71.0691801, 41.5885175 ], [ -71.0694435, 41.5881221 ], [ -71.0692854, 41.587608 ], [ -71.0688641, 41.5872126 ], [ -71.0682847, 41.5860657 ], [ -71.0684427, 41.5843257 ], [ -71.0680678, 41.5833334 ], [ -71.0689128, 41.5805108 ], [ -71.069243, 41.579957 ], [ -71.0697149, 41.5794523 ], [ -71.0702127, 41.5789501 ], [ -71.0706202, 41.5784035 ], [ -71.0711098, 41.5769187 ], [ -71.071086, 41.5759078 ], [ -71.0709475, 41.5748961 ], [ -71.0708, 41.5738848 ], [ -71.0707487, 41.5728752 ], [ -71.0708183, 41.5721786 ], [ -71.0709452, 41.5714823 ], [ -71.0710732, 41.5707863 ], [ -71.0711461, 41.5700907 ], [ -71.0710928, 41.5696394 ], [ -71.0709515, 41.5691895 ], [ -71.0708021, 41.5687423 ], [ -71.0707244, 41.5682991 ], [ -71.0709076, 41.5675871 ], [ -71.0713282, 41.5668787 ], [ -71.071718, 41.566172 ], [ -71.0718085, 41.5654653 ], [ -71.0715965, 41.5648101 ], [ -71.0713451, 41.5641583 ], [ -71.0707487, 41.5628682 ], [ -71.0701892, 41.5618152 ], [ -71.0698483, 41.5613097 ], [ -71.0693965, 41.5608075 ], [ -71.0673974, 41.559446 ], [ -71.0662855, 41.5589989 ], [ -71.065726, 41.5588354 ], [ -71.0651737, 41.5587125 ], [ -71.0645618, 41.5587532 ], [ -71.0642539, 41.5588817 ], [ -71.0639786, 41.5590816 ], [ -71.0636925, 41.5593994 ], [ -71.0633313, 41.5603754 ], [ -71.0633947, 41.5610265 ], [ -71.063599, 41.5616605 ], [ -71.0636362, 41.561752 ], [ -71.0642443, 41.5633477 ], [ -71.0640952, 41.5635763 ], [ -71.0639203, 41.5636676 ], [ -71.0637428, 41.5637458 ], [ -71.0627866, 41.5636686 ], [ -71.0620746, 41.5627639 ], [ -71.0613214, 41.561854 ], [ -71.0609782, 41.5614983 ], [ -71.0606836, 41.5611622 ], [ -71.060404, 41.5608186 ], [ -71.0601232, 41.5604747 ], [ -71.0598252, 41.5601381 ], [ -71.0591741, 41.5596225 ], [ -71.0583872, 41.5591914 ], [ -71.0576184, 41.5587503 ], [ -71.0570214, 41.5582044 ], [ -71.0564852, 41.5572851 ], [ -71.0560892, 41.5563216 ], [ -71.0557152, 41.5553528 ], [ -71.055245, 41.5544174 ], [ -71.0547971, 41.5537378 ], [ -71.0543216, 41.5530663 ], [ -71.0538499, 41.55239 ], [ -71.0534139, 41.5516961 ], [ -71.0521271, 41.5492876 ], [ -71.0516703, 41.5480466 ], [ -71.0514261, 41.5467777 ], [ -71.0513807, 41.5452612 ], [ -71.0510863, 41.5408653 ], [ -71.0508628, 41.5395234 ], [ -71.0504931, 41.5381975 ], [ -71.050037, 41.5368827 ], [ -71.0495544, 41.5355745 ], [ -71.0490629, 41.5345149 ], [ -71.0484452, 41.5334866 ], [ -71.0478035, 41.5324688 ], [ -71.0472403, 41.5314413 ], [ -71.0469387, 41.5304864 ], [ -71.0469787, 41.5300006 ], [ -71.0470781, 41.5297708 ], [ -71.0472629, 41.5294893 ], [ -71.0473, 41.5294128 ], [ -71.0475555, 41.5276924 ], [ -71.04732, 41.5244884 ], [ -71.0471916, 41.523292 ], [ -71.0482993, 41.5233017 ], [ -71.0491065, 41.5244208 ], [ -71.0492448, 41.5264754 ], [ -71.0502184, 41.5270387 ], [ -71.0519124, 41.5273412 ], [ -71.0527743, 41.5273469 ], [ -71.0528229, 41.5273252 ], [ -71.0529536, 41.5271929 ], [ -71.0531468, 41.5267758 ], [ -71.0531482, 41.5263585 ], [ -71.0528898, 41.5255501 ], [ -71.0523144, 41.5246853 ], [ -71.0516632, 41.5238744 ], [ -71.0510154, 41.5230754 ], [ -71.0504499, 41.5222465 ], [ -71.0500173, 41.5213473 ], [ -71.0496761, 41.5204181 ], [ -71.0493356, 41.5194829 ], [ -71.0489049, 41.5185657 ], [ -71.0480027, 41.5175885 ], [ -71.0475147, 41.517354 ], [ -71.0470063, 41.5171622 ], [ -71.0459525, 41.5168591 ], [ -71.0448892, 41.5165845 ], [ -71.0438646, 41.5162438 ], [ -71.043093, 41.5159589 ], [ -71.0423101, 41.5156746 ], [ -71.0410095, 41.5148887 ], [ -71.036976, 41.5104873 ], [ -71.0358055, 41.5092013 ], [ -71.0354072, 41.5089003 ], [ -71.0349157, 41.5086708 ], [ -71.0344031, 41.5084495 ], [ -71.0339417, 41.5081731 ], [ -71.0330368, 41.5070803 ], [ -71.0329237, 41.5066651 ], [ -71.0329387, 41.5062251 ], [ -71.0329714, 41.5057886 ], [ -71.0329115, 41.5053837 ], [ -71.0325726, 41.5049787 ], [ -71.0315022, 41.5042693 ], [ -71.031203, 41.5038917 ], [ -71.0312426, 41.5034977 ], [ -71.0315453, 41.5030908 ], [ -71.0325105, 41.502489 ], [ -71.0334388, 41.5023969 ], [ -71.0337661, 41.5026342 ], [ -71.0340587, 41.5029723 ], [ -71.0343669, 41.5033251 ], [ -71.0347408, 41.5036066 ], [ -71.0360677, 41.5042665 ], [ -71.0375578, 41.5049425 ], [ -71.038113, 41.5054424 ], [ -71.0382898, 41.5057493 ], [ -71.0384227, 41.5060672 ], [ -71.03856, 41.5068238 ], [ -71.0385413, 41.5075965 ], [ -71.0385406, 41.508362 ], [ -71.0387317, 41.5090973 ], [ -71.0389444, 41.5094911 ], [ -71.0399016, 41.5109935 ], [ -71.0409837, 41.5123618 ], [ -71.0412236, 41.5127382 ], [ -71.0414379, 41.5131316 ], [ -71.0418738, 41.5136443 ], [ -71.0420867, 41.5137695 ], [ -71.0427616, 41.5140517 ], [ -71.043452, 41.5142969 ], [ -71.0448421, 41.5147652 ], [ -71.047058, 41.5155688 ], [ -71.0492741, 41.5163699 ], [ -71.0499924, 41.5163996 ], [ -71.0507212, 41.5161178 ], [ -71.0514573, 41.5157362 ], [ -71.0518272, 41.5155742 ], [ -71.0521978, 41.5154665 ], [ -71.0533868, 41.5152869 ], [ -71.0539939, 41.5152004 ], [ -71.0545933, 41.515091 ], [ -71.0550927, 41.5149168 ], [ -71.0551885, 41.5148293 ], [ -71.0553072, 41.5146638 ], [ -71.0562033, 41.5126274 ], [ -71.056344, 41.5114166 ], [ -71.0571789, 41.5107207 ], [ -71.0578728, 41.5108321 ], [ -71.0577945, 41.5135007 ], [ -71.0582827, 41.5141021 ], [ -71.0591906, 41.5141287 ], [ -71.060466, 41.512812 ], [ -71.061555, 41.5129758 ], [ -71.0627571, 41.5141574 ], [ -71.0642245, 41.5152015 ], [ -71.065254, 41.5157456 ], [ -71.0660165, 41.5158544 ], [ -71.0670889, 41.515737 ], [ -71.0688804, 41.5148332 ], [ -71.0697351, 41.5144381 ], [ -71.0730986, 41.5135717 ], [ -71.0765542, 41.5135717 ], [ -71.0791988, 41.51394 ], [ -71.0835575, 41.514958 ], [ -71.0847881, 41.5149289 ], [ -71.0868978, 41.5136607 ], [ -71.0890459, 41.5121141 ], [ -71.0896676, 41.5116632 ], [ -71.089877, 41.510805 ], [ -71.0895933, 41.5100714 ], [ -71.0883204, 41.5099353 ], [ -71.088041, 41.5099054 ], [ -71.0728627, 41.5086321 ], [ -71.0701786, 41.5082042 ], [ -71.0595312, 41.5063643 ], [ -71.0517948, 41.5038024 ], [ -71.04169, 41.497914 ], [ -71.0395245, 41.4952101 ], [ -71.0407224, 41.4903914 ], [ -71.0398009, 41.4863004 ], [ -71.0382805, 41.4814463 ], [ -71.0368061, 41.4817237 ], [ -71.0354239, 41.4823478 ], [ -71.0346406, 41.485295 ], [ -71.034871, 41.4881033 ], [ -71.0376815, 41.4925755 ], [ -71.0376354, 41.4948982 ], [ -71.0347327, 41.4995086 ], [ -71.0296018, 41.5019663 ], [ -71.0217224, 41.5047911 ], [ -71.0204429, 41.5071123 ], [ -71.0188106, 41.5092696 ], [ -71.0131971, 41.5105849 ], [ -71.0042744, 41.5118576 ], [ -71.0008834, 41.5119589 ], [ -70.9912316, 41.510356 ], [ -70.9847841, 41.5088816 ], [ -70.9823121, 41.5089588 ], [ -70.9810712, 41.5112798 ], [ -70.9813976, 41.5142187 ], [ -70.9829121, 41.5181777 ], [ -70.9829296, 41.5222809 ], [ -70.9800956, 41.5272057 ], [ -70.9792666, 41.5299678 ], [ -70.9793736, 41.5344423 ], [ -70.9797219, 41.5354222 ], [ -70.9812939, 41.5362039 ], [ -70.9837359, 41.5380747 ], [ -70.9853024, 41.5399453 ], [ -70.9860396, 41.5421277 ], [ -70.9880208, 41.5442061 ], [ -70.9899559, 41.54431 ], [ -70.9937922, 41.5443134 ], [ -70.9991028, 41.543307 ], [ -71.0026295, 41.5435949 ], [ -71.0036205, 41.5444552 ], [ -71.0043312, 41.5450721 ], [ -71.0044234, 41.5492286 ], [ -71.0031794, 41.5537659 ], [ -71.0027153, 41.5539275 ], [ -71.0019183, 41.5539827 ], [ -71.0014524, 41.5537801 ], [ -71.001106, 41.5534195 ], [ -71.0006913, 41.5508565 ], [ -71.0009217, 41.5482934 ], [ -70.9996145, 41.5469073 ], [ -70.9969307, 41.546138 ], [ -70.9925361, 41.5461805 ], [ -70.986915, 41.545661 ], [ -70.9840123, 41.5429245 ], [ -70.9814782, 41.5389407 ], [ -70.9802153, 41.5380246 ], [ -70.9774522, 41.53602 ], [ -70.9767695, 41.5352312 ], [ -70.9769281, 41.5324654 ], [ -70.9765906, 41.5315885 ], [ -70.9754239, 41.5308805 ], [ -70.9741351, 41.5305825 ], [ -70.9728015, 41.5307459 ], [ -70.9721036, 41.5311312 ], [ -70.9706472, 41.5329425 ], [ -70.9682756, 41.5326361 ], [ -70.9665635, 41.5317173 ], [ -70.9630432, 41.5302304 ], [ -70.9610381, 41.5289906 ], [ -70.9594519, 41.5271653 ], [ -70.9579444, 41.5239535 ], [ -70.9576115, 41.5179095 ], [ -70.956854, 41.5162787 ], [ -70.9552156, 41.5147212 ], [ -70.9544168, 41.5143537 ], [ -70.9532344, 41.5143747 ], [ -70.9525992, 41.5149126 ], [ -70.9521286, 41.5158302 ], [ -70.9527276, 41.5195035 ], [ -70.9543402, 41.5242507 ], [ -70.954248, 41.5271613 ], [ -70.9527737, 41.528374 ], [ -70.9482123, 41.5296906 ], [ -70.9469222, 41.5337442 ], [ -70.946185, 41.5373472 ], [ -70.9452732, 41.5385039 ], [ -70.9434205, 41.5392179 ], [ -70.9390434, 41.5402225 ], [ -70.9354035, 41.5400493 ], [ -70.9313489, 41.5386636 ], [ -70.9294192, 41.5385436 ], [ -70.9282158, 41.5389407 ], [ -70.9282213, 41.5400955 ], [ -70.9288148, 41.5410885 ], [ -70.9327772, 41.5463191 ], [ -70.9337586, 41.5480153 ], [ -70.9352621, 41.5504664 ], [ -70.9352583, 41.556333 ], [ -70.9360667, 41.558535 ], [ -70.9367655, 41.5637225 ], [ -70.9389052, 41.5661637 ], [ -70.94139, 41.5684761 ], [ -70.9442335, 41.5708306 ], [ -70.9461291, 41.5729081 ], [ -70.9472612, 41.5749657 ], [ -70.9483934, 41.578052 ], [ -70.9492622, 41.5804655 ], [ -70.9495497, 41.5833334 ], [ -70.9494682, 41.5839399 ], [ -70.9496923, 41.5845517 ], [ -70.9500046, 41.5850127 ], [ -70.9467335, 41.5870636 ], [ -70.9460344, 41.5856182 ], [ -70.9456964, 41.5846667 ], [ -70.9451272, 41.5833334 ], [ -70.9432033, 41.5812835 ], [ -70.940148, 41.5804274 ], [ -70.9386647, 41.5774519 ], [ -70.938099, 41.5772211 ], [ -70.9372828, 41.5773794 ], [ -70.9362968, 41.5787812 ], [ -70.9336231, 41.580426 ], [ -70.9328859, 41.5816921 ], [ -70.932362, 41.5824484 ], [ -70.931691, 41.5833334 ], [ -70.9311336, 41.5845039 ], [ -70.9302244, 41.587685 ], [ -70.9288588, 41.5911023 ], [ -70.9275583, 41.5926156 ], [ -70.926973, 41.5946658 ], [ -70.9277534, 41.5979363 ], [ -70.9291839, 41.6021828 ], [ -70.9302894, 41.6061849 ], [ -70.9305495, 41.6079419 ], [ -70.9301593, 41.6104309 ], [ -70.929314, 41.6122853 ], [ -70.9285337, 41.6132613 ], [ -70.9272982, 41.6138957 ], [ -70.9254774, 41.6141885 ], [ -70.9241769, 41.6142373 ], [ -70.922031, 41.6134077 ], [ -70.9200152, 41.6114557 ], [ -70.9183245, 41.6083812 ], [ -70.9166338, 41.6056969 ], [ -70.9150731, 41.603403 ], [ -70.9144229, 41.6012554 ], [ -70.9134475, 41.5987173 ], [ -70.9120169, 41.5957886 ], [ -70.9101961, 41.5941289 ], [ -70.9071399, 41.5931526 ], [ -70.9027831, 41.591981 ], [ -70.9011574, 41.5913952 ], [ -70.900117, 41.5917857 ], [ -70.8994017, 41.5924203 ], [ -70.8992717, 41.5931526 ], [ -70.900117, 41.5943241 ], [ -70.9022629, 41.5962279 ], [ -70.9027831, 41.5972529 ], [ -70.9021328, 41.5988149 ], [ -70.9014175, 41.6007673 ], [ -70.9019378, 41.6040375 ], [ -70.9035634, 41.6076491 ], [ -70.9044088, 41.6099917 ], [ -70.9054492, 41.6113581 ], [ -70.9080503, 41.6141885 ], [ -70.9116918, 41.6176044 ], [ -70.9139027, 41.619849 ] ], [ [ -71.0597906, 41.5160834 ], [ -71.0576871, 41.5156897 ], [ -71.0552195, 41.5162952 ], [ -71.0519938, 41.5172551 ], [ -71.0515117, 41.5198234 ], [ -71.0525071, 41.5220611 ], [ -71.0552446, 41.5225114 ], [ -71.0559029, 41.5222528 ], [ -71.0551381, 41.5209292 ], [ -71.0552413, 41.5195843 ], [ -71.0568922, 41.5194259 ], [ -71.059514, 41.5199205 ], [ -71.0594784, 41.521646 ], [ -71.0612208, 41.5223824 ], [ -71.0624371, 41.5225552 ], [ -71.0629898, 41.52046 ], [ -71.0639089, 41.5189153 ], [ -71.0640403, 41.5187116 ], [ -71.0642841, 41.5182603 ], [ -71.06434, 41.5178691 ], [ -71.062398, 41.517783 ], [ -71.0616547, 41.5176514 ], [ -71.0597906, 41.5160834 ] ], [ [ -71.0560588, 41.5274457 ], [ -71.0575633, 41.5251603 ], [ -71.0594439, 41.5244475 ], [ -71.0604971, 41.5249566 ], [ -71.0601898, 41.5256243 ], [ -71.0595492, 41.5270158 ], [ -71.0586675, 41.5283298 ], [ -71.0577476, 41.5293348 ], [ -71.0565704, 41.5291088 ], [ -71.055758, 41.5284866 ], [ -71.0560588, 41.5274457 ] ], [ [ -71.0553644, 41.5384029 ], [ -71.0548282, 41.5382602 ], [ -71.0538451, 41.5376055 ], [ -71.0533982, 41.5362289 ], [ -71.0543031, 41.5353392 ], [ -71.0559085, 41.5359526 ], [ -71.0570785, 41.5363918 ], [ -71.0573125, 41.5369187 ], [ -71.0572316, 41.537704 ], [ -71.0566619, 41.5382411 ], [ -71.0560698, 41.5385181 ], [ -71.0553644, 41.5384029 ] ], [ [ -71.053067, 41.5430765 ], [ -71.0549295, 41.5445757 ], [ -71.0559663, 41.5444622 ], [ -71.0566471, 41.5435354 ], [ -71.056963, 41.5427323 ], [ -71.0564515, 41.5403343 ], [ -71.0552686, 41.5396381 ], [ -71.0534496, 41.5402112 ], [ -71.0527242, 41.5416799 ], [ -71.053067, 41.5430765 ] ], [ [ -71.0806387, 41.5194715 ], [ -71.0798009, 41.5191189 ], [ -71.0792646, 41.5187746 ], [ -71.0775219, 41.5177587 ], [ -71.0765947, 41.5171794 ], [ -71.0766617, 41.5166756 ], [ -71.077075, 41.5163565 ], [ -71.077656, 41.5163313 ], [ -71.0783709, 41.516516 ], [ -71.0791418, 41.5167763 ], [ -71.0801025, 41.5172549 ], [ -71.0811973, 41.5176747 ], [ -71.0824373, 41.5181449 ], [ -71.0829959, 41.5186319 ], [ -71.0830406, 41.5191441 ], [ -71.0827166, 41.5195387 ], [ -71.0816777, 41.5198073 ], [ -71.0806387, 41.5194715 ] ], [ [ -71.086657, 41.519677 ], [ -71.0871616, 41.5188655 ], [ -71.0887968, 41.5184774 ], [ -71.089746, 41.5185243 ], [ -71.0902829, 41.5203488 ], [ -71.090664, 41.521264 ], [ -71.0916539, 41.52205 ], [ -71.0926096, 41.5222977 ], [ -71.0928737, 41.5228106 ], [ -71.0926408, 41.5232852 ], [ -71.0917802, 41.5234576 ], [ -71.0912406, 41.5233253 ], [ -71.0905951, 41.5229508 ], [ -71.0895879, 41.5222842 ], [ -71.0884959, 41.5208159 ], [ -71.086657, 41.519677 ] ], [ [ -71.095932, 41.5260148 ], [ -71.0952115, 41.5252418 ], [ -71.0948762, 41.5243867 ], [ -71.0946467, 41.524179 ], [ -71.0932391, 41.5240972 ], [ -71.0928328, 41.5247506 ], [ -71.0932579, 41.525205 ], [ -71.0939354, 41.5258784 ], [ -71.0944965, 41.5265323 ], [ -71.0951325, 41.5270528 ], [ -71.0959108, 41.5279126 ], [ -71.096905, 41.5287845 ], [ -71.0978928, 41.5291265 ], [ -71.098553, 41.529163 ], [ -71.098755, 41.5290635 ], [ -71.0987613, 41.5288169 ], [ -71.097445, 41.527089 ], [ -71.095932, 41.5260148 ] ], [ [ -71.100638, 41.5316992 ], [ -71.1002016, 41.5332772 ], [ -71.1021726, 41.5353306 ], [ -71.1037587, 41.5374104 ], [ -71.1051282, 41.5372885 ], [ -71.1059707, 41.536983 ], [ -71.1074, 41.5363722 ], [ -71.1078251, 41.5360529 ], [ -71.1080017, 41.5359642 ], [ -71.1078457, 41.53537 ], [ -71.1074618, 41.5352197 ], [ -71.1057129, 41.5357317 ], [ -71.1045264, 41.5354106 ], [ -71.1044926, 41.5343827 ], [ -71.1036378, 41.5328203 ], [ -71.1026064, 41.5320221 ], [ -71.100638, 41.5316992 ] ], [ [ -71.0357555, 41.4802874 ], [ -71.0355762, 41.4799427 ], [ -71.0356624, 41.4794671 ], [ -71.0359376, 41.4791305 ], [ -71.0362923, 41.4789758 ], [ -71.0367804, 41.4789234 ], [ -71.0371989, 41.4789758 ], [ -71.0372686, 41.4793951 ], [ -71.0372686, 41.4802334 ], [ -71.0371291, 41.4803906 ], [ -71.0365712, 41.4804954 ], [ -71.0357555, 41.4802874 ] ], [ [ -70.8405554, 41.4534474 ], [ -70.8380203, 41.4559686 ], [ -70.8336169, 41.4575996 ], [ -70.8325543, 41.4578528 ], [ -70.8304381, 41.4575318 ], [ -70.8292581, 41.4571178 ], [ -70.8277897, 41.4567078 ], [ -70.8268179, 41.4566234 ], [ -70.8256591, 41.4564827 ], [ -70.8242708, 41.4564064 ], [ -70.8233995, 41.4565072 ], [ -70.8224921, 41.4569134 ], [ -70.821839, 41.4573934 ], [ -70.8210989, 41.4581301 ], [ -70.8208074, 41.4583139 ], [ -70.8200445, 41.4582925 ], [ -70.8193141, 41.4580372 ], [ -70.8177462, 41.4572543 ], [ -70.8169623, 41.4562085 ], [ -70.8163026, 41.4556456 ], [ -70.8145996, 41.4550488 ], [ -70.8132515, 41.4541367 ], [ -70.8115329, 41.4532066 ], [ -70.8112596, 41.4528151 ], [ -70.8108985, 41.4520485 ], [ -70.8101383, 41.4508217 ], [ -70.8094244, 41.4503204 ], [ -70.8082826, 41.4500934 ], [ -70.8079275, 41.4497769 ], [ -70.808021, 41.4492141 ], [ -70.8087035, 41.4480277 ], [ -70.8090302, 41.4474695 ], [ -70.8090861, 41.4468007 ], [ -70.8084026, 41.4452599 ], [ -70.8088526, 41.4442123 ], [ -70.811306, 41.4439082 ], [ -70.8124146, 41.4447213 ], [ -70.8135715, 41.4454786 ], [ -70.815741, 41.4459875 ], [ -70.8206672, 41.4453603 ], [ -70.8221249, 41.445306 ], [ -70.8237148, 41.4449904 ], [ -70.8299641, 41.4418606 ], [ -70.8327446, 41.44176 ], [ -70.8358455, 41.4422347 ], [ -70.8366626, 41.4426363 ], [ -70.8387565, 41.4453715 ], [ -70.8399169, 41.4466337 ], [ -70.8411875, 41.4480798 ], [ -70.8415986, 41.4498927 ], [ -70.8405554, 41.4534474 ] ], [ [ -70.8563114, 41.4499032 ], [ -70.85534, 41.4490911 ], [ -70.8554672, 41.4482443 ], [ -70.8554412, 41.447857 ], [ -70.8549525, 41.4465539 ], [ -70.8549796, 41.4450554 ], [ -70.8554389, 41.4435441 ], [ -70.8557987, 41.4416112 ], [ -70.8553572, 41.4398259 ], [ -70.8530716, 41.4377892 ], [ -70.8494194, 41.4360158 ], [ -70.8489267, 41.4349219 ], [ -70.8486479, 41.4331534 ], [ -70.8494745, 41.4318595 ], [ -70.8522453, 41.4294217 ], [ -70.8571664, 41.4262911 ], [ -70.8615437, 41.4245429 ], [ -70.8653575, 41.4232232 ], [ -70.86712, 41.4227173 ], [ -70.8673722, 41.4226458 ], [ -70.8690675, 41.422371 ], [ -70.870383, 41.4222146 ], [ -70.8732704, 41.4220808 ], [ -70.8755878, 41.4219823 ], [ -70.8805707, 41.4214844 ], [ -70.8841181, 41.4215329 ], [ -70.8868422, 41.4221985 ], [ -70.8893189, 41.4224497 ], [ -70.8938556, 41.422119 ], [ -70.8970533, 41.4218511 ], [ -70.9020061, 41.4215127 ], [ -70.9027395, 41.4216904 ], [ -70.9039036, 41.4229908 ], [ -70.9049143, 41.4239433 ], [ -70.9057881, 41.4246746 ], [ -70.906205, 41.4255465 ], [ -70.9057483, 41.4264304 ], [ -70.9049715, 41.4276905 ], [ -70.9037997, 41.4304079 ], [ -70.9020294, 41.4329403 ], [ -70.9015025, 41.433694 ], [ -70.9009383, 41.4342258 ], [ -70.9002631, 41.4343588 ], [ -70.8997677, 41.4342481 ], [ -70.8986448, 41.433676 ], [ -70.896321, 41.433076 ], [ -70.894039, 41.4330191 ], [ -70.887647, 41.433335 ], [ -70.8840255, 41.4328545 ], [ -70.8804249, 41.4342609 ], [ -70.879901, 41.4352767 ], [ -70.8804997, 41.4373691 ], [ -70.8802661, 41.4377842 ], [ -70.8796867, 41.4380727 ], [ -70.8784626, 41.4383119 ], [ -70.8756359, 41.4385159 ], [ -70.8737764, 41.4388536 ], [ -70.8712908, 41.4404929 ], [ -70.8676558, 41.4423573 ], [ -70.8661514, 41.4426669 ], [ -70.8642171, 41.4429131 ], [ -70.8625538, 41.4435463 ], [ -70.8615103, 41.4443332 ], [ -70.8610197, 41.4458264 ], [ -70.8606626, 41.4464597 ], [ -70.8590454, 41.4476657 ], [ -70.8574442, 41.4495585 ], [ -70.8570975, 41.4498014 ], [ -70.8563114, 41.4499032 ] ], [ [ -70.9508909, 41.4122518 ], [ -70.9508749, 41.4125776 ], [ -70.9505239, 41.4132658 ], [ -70.9501968, 41.4139531 ], [ -70.9497109, 41.415216 ], [ -70.9491876, 41.4156785 ], [ -70.9486964, 41.4157428 ], [ -70.9478794, 41.4155256 ], [ -70.9468221, 41.4153487 ], [ -70.9452363, 41.4153487 ], [ -70.943928, 41.4154533 ], [ -70.9431378, 41.4158233 ], [ -70.9425504, 41.4166477 ], [ -70.9418576, 41.4186003 ], [ -70.9414184, 41.4202964 ], [ -70.9412315, 41.4215421 ], [ -70.9408297, 41.422661 ], [ -70.9392972, 41.4236955 ], [ -70.9380357, 41.4247652 ], [ -70.9372188, 41.4251372 ], [ -70.9365994, 41.4251774 ], [ -70.9349601, 41.4252377 ], [ -70.9333527, 41.425335 ], [ -70.9325024, 41.4256517 ], [ -70.9319791, 41.4261513 ], [ -70.9315773, 41.4269113 ], [ -70.9311848, 41.4279176 ], [ -70.9307791, 41.4290216 ], [ -70.9302612, 41.4298097 ], [ -70.9298336, 41.4301497 ], [ -70.9293561, 41.4305294 ], [ -70.9281881, 41.431592 ], [ -70.9272156, 41.4317665 ], [ -70.9259044, 41.4315403 ], [ -70.9253474, 41.4314442 ], [ -70.923656, 41.4307405 ], [ -70.922458, 41.4298758 ], [ -70.9214932, 41.4287836 ], [ -70.9208164, 41.4277542 ], [ -70.9201211, 41.4265391 ], [ -70.9200276, 41.4257157 ], [ -70.9208407, 41.4254411 ], [ -70.9216722, 41.4257087 ], [ -70.9225432, 41.4274453 ], [ -70.9231486, 41.4283687 ], [ -70.9244928, 41.4285514 ], [ -70.9259162, 41.4277558 ], [ -70.929216, 41.4270234 ], [ -70.9302158, 41.4258059 ], [ -70.9302345, 41.424673 ], [ -70.9281974, 41.424307 ], [ -70.9274966, 41.4238087 ], [ -70.9274499, 41.4231331 ], [ -70.9270387, 41.4225068 ], [ -70.9262258, 41.4223027 ], [ -70.9251987, 41.4225893 ], [ -70.9244877, 41.4233231 ], [ -70.9236374, 41.4240268 ], [ -70.9223198, 41.4242731 ], [ -70.9191988, 41.4242943 ], [ -70.91791, 41.4244119 ], [ -70.9152672, 41.4242854 ], [ -70.9134263, 41.4237717 ], [ -70.9116929, 41.4234023 ], [ -70.9095748, 41.42349 ], [ -70.9086936, 41.4233169 ], [ -70.9084994, 41.4223801 ], [ -70.9089191, 41.4218896 ], [ -70.910985, 41.4216975 ], [ -70.9124249, 41.4218485 ], [ -70.914286, 41.422505 ], [ -70.9158746, 41.4229483 ], [ -70.9179116, 41.423068 ], [ -70.9208645, 41.4229202 ], [ -70.9226773, 41.4225542 ], [ -70.9241147, 41.4217448 ], [ -70.9265089, 41.4194646 ], [ -70.9277622, 41.4172039 ], [ -70.9282567, 41.4165149 ], [ -70.9286381, 41.4161311 ], [ -70.9293909, 41.4153884 ], [ -70.9339186, 41.4133181 ], [ -70.9376136, 41.411986 ], [ -70.9414077, 41.4111256 ], [ -70.9445167, 41.4106243 ], [ -70.9465098, 41.4100205 ], [ -70.9484133, 41.4097902 ], [ -70.9492196, 41.4098425 ], [ -70.9499939, 41.410651 ], [ -70.9505866, 41.4116284 ], [ -70.9508909, 41.4122518 ] ], [ [ -70.9211794, 41.4485214 ], [ -70.9210027, 41.4500084 ], [ -70.9205209, 41.4510022 ], [ -70.9198106, 41.4511488 ], [ -70.9186574, 41.4511187 ], [ -70.9178026, 41.4501549 ], [ -70.9170822, 41.4501902 ], [ -70.9158316, 41.4506393 ], [ -70.915051, 41.4510143 ], [ -70.9149826, 41.4515396 ], [ -70.91517, 41.4520072 ], [ -70.9153573, 41.4523916 ], [ -70.9155375, 41.4524883 ], [ -70.9159108, 41.4524364 ], [ -70.9173398, 41.4522278 ], [ -70.918066, 41.452256 ], [ -70.9193849, 41.4527584 ], [ -70.9200549, 41.4532699 ], [ -70.9207768, 41.4546384 ], [ -70.9220553, 41.4547027 ], [ -70.9234903, 41.4542116 ], [ -70.9251487, 41.4523743 ], [ -70.9254757, 41.4519899 ], [ -70.9258844, 41.4513595 ], [ -70.9258865, 41.4502787 ], [ -70.9252915, 41.4490419 ], [ -70.9236264, 41.4475921 ], [ -70.9223419, 41.445996 ], [ -70.9215625, 41.4459678 ], [ -70.9211073, 41.4462075 ], [ -70.9210859, 41.4470925 ], [ -70.9211794, 41.4485214 ] ], [ [ -71.303304, 41.4644404 ], [ -71.3007601, 41.4672564 ], [ -71.2977814, 41.4669278 ], [ -71.2963031, 41.4689048 ], [ -71.2971525, 41.4713283 ], [ -71.2975392, 41.4726807 ], [ -71.2979496, 41.4743918 ], [ -71.2969971, 41.47593 ], [ -71.2968664, 41.4783493 ], [ -71.2967234, 41.4817295 ], [ -71.2972159, 41.4850507 ], [ -71.2916995, 41.4874462 ], [ -71.2859209, 41.488705 ], [ -71.2824385, 41.4882746 ], [ -71.2795157, 41.4836984 ], [ -71.277711, 41.4807821 ], [ -71.2753055, 41.4795005 ], [ -71.2718583, 41.4823452 ], [ -71.2704114, 41.4818453 ], [ -71.2696887, 41.4842338 ], [ -71.2681441, 41.4845927 ], [ -71.2675352, 41.4887192 ], [ -71.2657905, 41.4891486 ], [ -71.254007, 41.4864378 ], [ -71.2477088, 41.4829902 ], [ -71.2453179, 41.4804359 ], [ -71.246555, 41.4777484 ], [ -71.2478249, 41.4739109 ], [ -71.2477863, 41.4718986 ], [ -71.2439882, 41.4749831 ], [ -71.2407923, 41.4752481 ], [ -71.2396071, 41.4799924 ], [ -71.2377525, 41.4798611 ], [ -71.2375989, 41.4822264 ], [ -71.2373544, 41.4859918 ], [ -71.2442282, 41.4858294 ], [ -71.2470264, 41.4880659 ], [ -71.2477286, 41.4908071 ], [ -71.2466219, 41.494198 ], [ -71.2417042, 41.4991145 ], [ -71.2397375, 41.5043207 ], [ -71.2366251, 41.5095441 ], [ -71.2347254, 41.5138024 ], [ -71.2330198, 41.5136762 ], [ -71.2329562, 41.5162858 ], [ -71.2329853, 41.5162982 ], [ -71.2348802, 41.5171051 ], [ -71.2355215, 41.5177071 ], [ -71.235059, 41.5185753 ], [ -71.2339027, 41.5197908 ], [ -71.2329777, 41.52118 ], [ -71.2329777, 41.5222218 ], [ -71.2332089, 41.5229164 ], [ -71.2329777, 41.5243055 ], [ -71.2334401, 41.52691 ], [ -71.2357527, 41.5293407 ], [ -71.238759, 41.5310769 ], [ -71.239684, 41.5338546 ], [ -71.239684, 41.5361116 ], [ -71.2389903, 41.5376739 ], [ -71.2385155, 41.5386244 ], [ -71.2382965, 41.5390627 ], [ -71.2382965, 41.5407986 ], [ -71.2394528, 41.5442703 ], [ -71.2385277, 41.5472211 ], [ -71.2376028, 41.5489568 ], [ -71.2382965, 41.5503454 ], [ -71.2410727, 41.5549449 ], [ -71.2413881, 41.5560101 ], [ -71.2419978, 41.5580688 ], [ -71.2394539, 41.5665718 ], [ -71.2385289, 41.5714302 ], [ -71.2389915, 41.5731653 ], [ -71.2410727, 41.5754208 ], [ -71.241304, 41.5776762 ], [ -71.2419978, 41.5795845 ], [ -71.2436253, 41.5833334 ], [ -71.244896, 41.5843898 ], [ -71.2457626, 41.5859118 ], [ -71.246087, 41.5886855 ], [ -71.2462322, 41.5940226 ], [ -71.2469583, 41.5973992 ], [ -71.2473938, 41.5992507 ], [ -71.2473938, 41.6009932 ], [ -71.2459419, 41.6028447 ], [ -71.2449251, 41.605785 ], [ -71.2449251, 41.609052 ], [ -71.2436179, 41.6171097 ], [ -71.2424607, 41.621103 ], [ -71.241154, 41.6225185 ], [ -71.2389756, 41.6234983 ], [ -71.2359258, 41.6239337 ], [ -71.2325855, 41.6242604 ], [ -71.2298264, 41.6248047 ], [ -71.2261957, 41.6254579 ], [ -71.2238721, 41.6261111 ], [ -71.2216938, 41.627091 ], [ -71.2209676, 41.6285061 ], [ -71.2208225, 41.6301391 ], [ -71.2216938, 41.6311188 ], [ -71.2230008, 41.6311188 ], [ -71.2251793, 41.6306833 ], [ -71.2267767, 41.6304655 ], [ -71.228229, 41.6304655 ], [ -71.2317142, 41.6338402 ], [ -71.2320049, 41.6353641 ], [ -71.2318593, 41.6367791 ], [ -71.2308429, 41.6386295 ], [ -71.2293906, 41.6392826 ], [ -71.2277931, 41.6393914 ], [ -71.2263409, 41.6384118 ], [ -71.2257599, 41.6372145 ], [ -71.2248886, 41.6360172 ], [ -71.223146, 41.6356906 ], [ -71.2221296, 41.6367791 ], [ -71.221984, 41.6390649 ], [ -71.221984, 41.6414594 ], [ -71.2215023, 41.642723 ], [ -71.2211127, 41.6437449 ], [ -71.2209676, 41.6467923 ], [ -71.2214034, 41.6515807 ], [ -71.2216902, 41.6555418 ], [ -71.2213995, 41.6575005 ], [ -71.2206892, 41.6596437 ], [ -71.2208347, 41.6612757 ], [ -71.2221415, 41.6617109 ], [ -71.2238297, 41.6604381 ], [ -71.2256111, 41.6577181 ], [ -71.2257563, 41.6544536 ], [ -71.2269183, 41.6526037 ], [ -71.2317106, 41.6479242 ], [ -71.2369387, 41.6432445 ], [ -71.2396978, 41.6420472 ], [ -71.2420213, 41.6416118 ], [ -71.2460879, 41.6412854 ], [ -71.2533489, 41.6401969 ], [ -71.2571247, 41.6385642 ], [ -71.2589134, 41.6373024 ], [ -71.2595934, 41.6368227 ], [ -71.2617718, 41.634537 ], [ -71.26366, 41.6312713 ], [ -71.2687426, 41.6276788 ], [ -71.2733056, 41.6256351 ], [ -71.2753389, 41.6238932 ], [ -71.2762102, 41.6228045 ], [ -71.2765004, 41.6213893 ], [ -71.2757743, 41.6182317 ], [ -71.2750482, 41.6145298 ], [ -71.2751937, 41.6115898 ], [ -71.2767911, 41.6079963 ], [ -71.2798409, 41.6035314 ], [ -71.2808573, 41.6009177 ], [ -71.2812931, 41.5990661 ], [ -71.2837619, 41.5960165 ], [ -71.2863757, 41.5938381 ], [ -71.2882639, 41.5932936 ], [ -71.2914587, 41.5914418 ], [ -71.2921848, 41.5900259 ], [ -71.29233, 41.5875204 ], [ -71.2921848, 41.5844703 ], [ -71.2914812, 41.5833334 ], [ -71.2871858, 41.5781286 ], [ -71.2871858, 41.5766843 ], [ -71.2878858, 41.5745836 ], [ -71.2898109, 41.57222 ], [ -71.2908184, 41.5715223 ], [ -71.2920861, 41.5706444 ], [ -71.2950612, 41.5692 ], [ -71.2978614, 41.5672303 ], [ -71.3003115, 41.5646039 ], [ -71.3011173, 41.5633946 ], [ -71.3018866, 41.56224 ], [ -71.3032867, 41.5604015 ], [ -71.3052118, 41.5572495 ], [ -71.307487, 41.5523899 ], [ -71.3087121, 41.5504196 ], [ -71.3099371, 41.5489748 ], [ -71.3101121, 41.5470044 ], [ -71.3097621, 41.54464 ], [ -71.3094121, 41.5408303 ], [ -71.3109583, 41.5366012 ], [ -71.3113527, 41.5355226 ], [ -71.3136279, 41.532238 ], [ -71.3141529, 41.5302671 ], [ -71.3139779, 41.5279021 ], [ -71.3131029, 41.5248799 ], [ -71.3131029, 41.5225145 ], [ -71.3141529, 41.5200178 ], [ -71.3151122, 41.5193695 ], [ -71.315903, 41.518835 ], [ -71.3192282, 41.5183094 ], [ -71.3229034, 41.5190979 ], [ -71.3248286, 41.5198864 ], [ -71.3260536, 41.5200178 ], [ -71.3279787, 41.5196235 ], [ -71.3292038, 41.5184408 ], [ -71.3292038, 41.5171266 ], [ -71.3281538, 41.5158124 ], [ -71.327566, 41.5154446 ], [ -71.3225101, 41.5151507 ], [ -71.3223708, 41.5122228 ], [ -71.3263936, 41.5143131 ], [ -71.3292651, 41.5138083 ], [ -71.330265, 41.5119029 ], [ -71.3311919, 41.5090347 ], [ -71.3307187, 41.5075593 ], [ -71.3286326, 41.5058684 ], [ -71.3274243, 41.5050728 ], [ -71.3266737, 41.5067769 ], [ -71.322986, 41.5053046 ], [ -71.3220968, 41.5024886 ], [ -71.3221004, 41.500475 ], [ -71.3219994, 41.4994803 ], [ -71.3218459, 41.497969 ], [ -71.3219984, 41.4964766 ], [ -71.3216793, 41.4942193 ], [ -71.3229433, 41.4913596 ], [ -71.3230289, 41.4911661 ], [ -71.3226402, 41.4888249 ], [ -71.321736, 41.4889595 ], [ -71.3203433, 41.489167 ], [ -71.3187183, 41.4885141 ], [ -71.317384, 41.4895569 ], [ -71.3169683, 41.4879716 ], [ -71.3177335, 41.4865303 ], [ -71.3160775, 41.4861561 ], [ -71.3178798, 41.4850359 ], [ -71.3166863, 41.4841421 ], [ -71.3168362, 41.4824675 ], [ -71.3164645, 41.4806352 ], [ -71.3180657, 41.4793765 ], [ -71.3162418, 41.4776376 ], [ -71.3175307, 41.4775609 ], [ -71.3185707, 41.4774991 ], [ -71.3197555, 41.4766694 ], [ -71.3217119, 41.4769375 ], [ -71.3231501, 41.4761263 ], [ -71.325712, 41.4746899 ], [ -71.3283082, 41.4742743 ], [ -71.3340088, 41.4718702 ], [ -71.3368063, 41.4692375 ], [ -71.3374449, 41.4724556 ], [ -71.3365827, 41.474349 ], [ -71.3351766, 41.4759414 ], [ -71.33451, 41.477746 ], [ -71.3353186, 41.4794297 ], [ -71.3373517, 41.4817851 ], [ -71.3394378, 41.4786401 ], [ -71.3405843, 41.4776238 ], [ -71.3415849, 41.4762588 ], [ -71.3431523, 41.4748917 ], [ -71.3480552, 41.4706156 ], [ -71.352978, 41.4695699 ], [ -71.3574926, 41.4661474 ], [ -71.3583565, 41.4647415 ], [ -71.3614803, 41.4648768 ], [ -71.3629327, 41.4625158 ], [ -71.3632872, 41.4605909 ], [ -71.3625153, 41.4593136 ], [ -71.3612471, 41.4602652 ], [ -71.3588878, 41.4595225 ], [ -71.3593751, 41.4572786 ], [ -71.3573524, 41.4555696 ], [ -71.3575183, 41.4519776 ], [ -71.3566087, 41.4504968 ], [ -71.3556561, 41.4489459 ], [ -71.3514021, 41.4498756 ], [ -71.3514931, 41.4510432 ], [ -71.3478565, 41.4528866 ], [ -71.345473, 41.4523789 ], [ -71.3437939, 41.4543566 ], [ -71.3421983, 41.4528644 ], [ -71.3414187, 41.4512759 ], [ -71.3401479, 41.4535253 ], [ -71.3390976, 41.4517382 ], [ -71.3373131, 41.4515435 ], [ -71.338064, 41.4494478 ], [ -71.3347937, 41.4494671 ], [ -71.3345549, 41.4515995 ], [ -71.3341741, 41.4532568 ], [ -71.331443, 41.4516811 ], [ -71.3294429, 41.4548437 ], [ -71.3261959, 41.4519542 ], [ -71.3236562, 41.4545871 ], [ -71.32531, 41.4585232 ], [ -71.3227176, 41.4596145 ], [ -71.3221551, 41.4574906 ], [ -71.3204234, 41.4596397 ], [ -71.3202669, 41.4562371 ], [ -71.3178143, 41.4557755 ], [ -71.31729, 41.4542107 ], [ -71.3152949, 41.4547822 ], [ -71.3114651, 41.4555262 ], [ -71.3130798, 41.4503916 ], [ -71.3093409, 41.4510645 ], [ -71.3065283, 41.4511577 ], [ -71.3056892, 41.4541447 ], [ -71.3031073, 41.4557898 ], [ -71.3027967, 41.4571589 ], [ -71.3040817, 41.4585517 ], [ -71.2996202, 41.4591958 ], [ -71.3025672, 41.4603732 ], [ -71.3040024, 41.4627988 ], [ -71.303304, 41.4644404 ] ], [ [ -71.3906062, 41.4545485 ], [ -71.3892501, 41.4606142 ], [ -71.3902612, 41.4650768 ], [ -71.3883109, 41.4659276 ], [ -71.3839432, 41.4642768 ], [ -71.3819342, 41.4678131 ], [ -71.3815295, 41.4705975 ], [ -71.3842595, 41.4766969 ], [ -71.3846692, 41.4822907 ], [ -71.3863913, 41.4864397 ], [ -71.3867378, 41.4895951 ], [ -71.3865099, 41.4918652 ], [ -71.3891937, 41.4931945 ], [ -71.3910859, 41.4918573 ], [ -71.3950752, 41.49201 ], [ -71.3984553, 41.4932293 ], [ -71.4001991, 41.4889189 ], [ -71.3981204, 41.4877157 ], [ -71.3977172, 41.4856556 ], [ -71.3965804, 41.479846 ], [ -71.3974383, 41.4737739 ], [ -71.3944859, 41.4671845 ], [ -71.395327, 41.4652916 ], [ -71.3990642, 41.4635218 ], [ -71.4006728, 41.4610634 ], [ -71.4006383, 41.4516766 ], [ -71.3994587, 41.4487084 ], [ -71.3961986, 41.4519769 ], [ -71.3906062, 41.4545485 ] ], [ [ -71.3781506, 41.5058979 ], [ -71.3837356, 41.5001475 ], [ -71.3852423, 41.4962051 ], [ -71.3843216, 41.4932602 ], [ -71.3806993, 41.4915801 ], [ -71.3814443, 41.4887113 ], [ -71.3796225, 41.4869529 ], [ -71.3780325, 41.4825575 ], [ -71.3781491, 41.4793009 ], [ -71.3765529, 41.4783301 ], [ -71.3776265, 41.4765794 ], [ -71.376844, 41.4748364 ], [ -71.3756567, 41.4740706 ], [ -71.3729432, 41.4749776 ], [ -71.3730631, 41.4766803 ], [ -71.3716611, 41.4776977 ], [ -71.3645189, 41.4767025 ], [ -71.3615199, 41.4796045 ], [ -71.3617681, 41.4767595 ], [ -71.3577344, 41.4774154 ], [ -71.3564246, 41.4796903 ], [ -71.354742, 41.4789475 ], [ -71.3531056, 41.4836183 ], [ -71.3550197, 41.4823959 ], [ -71.3600948, 41.4840756 ], [ -71.3580275, 41.485336 ], [ -71.362472, 41.4875949 ], [ -71.3669479, 41.494652 ], [ -71.3664544, 41.4965095 ], [ -71.3662219, 41.4990253 ], [ -71.364963, 41.500135 ], [ -71.3631712, 41.5016396 ], [ -71.3611657, 41.5024035 ], [ -71.3587176, 41.5046273 ], [ -71.3582555, 41.5071193 ], [ -71.3579456, 41.5087905 ], [ -71.3595514, 41.5107507 ], [ -71.3622006, 41.5098425 ], [ -71.364576, 41.5108966 ], [ -71.3660658, 41.5128258 ], [ -71.3645376, 41.5177277 ], [ -71.3657661, 41.5201298 ], [ -71.364456, 41.5261833 ], [ -71.3646914, 41.531041 ], [ -71.3661031, 41.5353685 ], [ -71.3663383, 41.5389892 ], [ -71.36575, 41.5410202 ], [ -71.3648089, 41.5425214 ], [ -71.3630443, 41.5451705 ], [ -71.3617503, 41.5472013 ], [ -71.3620031, 41.5495505 ], [ -71.3617679, 41.5542299 ], [ -71.3617679, 41.5566136 ], [ -71.3618855, 41.5582027 ], [ -71.3628267, 41.55988 ], [ -71.3632972, 41.5627049 ], [ -71.3638854, 41.5657062 ], [ -71.3667087, 41.568266 ], [ -71.3700027, 41.5692369 ], [ -71.3716497, 41.5694134 ], [ -71.3757671, 41.5683542 ], [ -71.3775316, 41.5672068 ], [ -71.3809504, 41.5623847 ], [ -71.3847148, 41.5568231 ], [ -71.3870676, 41.5547042 ], [ -71.3878912, 41.5538213 ], [ -71.3880088, 41.5520556 ], [ -71.3880088, 41.5507313 ], [ -71.3875382, 41.5488771 ], [ -71.3873029, 41.5473761 ], [ -71.3873029, 41.5454335 ], [ -71.3877735, 41.5434909 ], [ -71.3878912, 41.5409301 ], [ -71.385809, 41.538606 ], [ -71.3859091, 41.5384501 ], [ -71.3867234, 41.5371827 ], [ -71.3895168, 41.5329958 ], [ -71.3916563, 41.5264227 ], [ -71.3920178, 41.525312 ], [ -71.3922235, 41.52468 ], [ -71.3924085, 41.5178046 ], [ -71.3910381, 41.5145146 ], [ -71.3781506, 41.5058979 ] ], [ [ -71.3978342, 41.5065697 ], [ -71.4009927, 41.5066492 ], [ -71.4039704, 41.5048185 ], [ -71.4045593, 41.496468 ], [ -71.4005753, 41.5000502 ], [ -71.3960801, 41.5034263 ], [ -71.3978342, 41.5065697 ] ], [ [ -71.3472243, 41.5353013 ], [ -71.3468584, 41.534477 ], [ -71.3453944, 41.5328285 ], [ -71.3451504, 41.5317294 ], [ -71.3450284, 41.5301725 ], [ -71.3458824, 41.5292566 ], [ -71.3469803, 41.529165 ], [ -71.3482003, 41.5299892 ], [ -71.3484442, 41.5317294 ], [ -71.3488103, 41.5327369 ], [ -71.3489322, 41.5332864 ], [ -71.3489322, 41.5350265 ], [ -71.3483223, 41.535576 ], [ -71.3479563, 41.5356676 ], [ -71.3472243, 41.5353013 ] ], [ [ -71.3373221, 41.6496433 ], [ -71.3365008, 41.6485356 ], [ -71.3358436, 41.6473045 ], [ -71.3360078, 41.6458275 ], [ -71.3371579, 41.6457043 ], [ -71.3381435, 41.646566 ], [ -71.3389647, 41.6479199 ], [ -71.3404428, 41.6486586 ], [ -71.3433998, 41.6480432 ], [ -71.3455349, 41.6466891 ], [ -71.346192, 41.6452118 ], [ -71.3453708, 41.642873 ], [ -71.3414288, 41.6394259 ], [ -71.3345298, 41.6368406 ], [ -71.3269737, 41.634255 ], [ -71.3210603, 41.6330238 ], [ -71.3158036, 41.6309307 ], [ -71.3103832, 41.6277292 ], [ -71.3080834, 41.6237889 ], [ -71.3067695, 41.6191094 ], [ -71.3066053, 41.613321 ], [ -71.3077297, 41.606323 ], [ -71.3111791, 41.596961 ], [ -71.3164358, 41.5891993 ], [ -71.3209433, 41.5845475 ], [ -71.3214516, 41.5833334 ], [ -71.3223735, 41.58049 ], [ -71.3234434, 41.5790855 ], [ -71.3257613, 41.5783497 ], [ -71.3274552, 41.5771458 ], [ -71.3287034, 41.576477 ], [ -71.3299515, 41.5762764 ], [ -71.3310213, 41.5765439 ], [ -71.3333393, 41.5780823 ], [ -71.3353898, 41.5804231 ], [ -71.3371728, 41.5824963 ], [ -71.3384264, 41.5833334 ], [ -71.3384903, 41.5837501 ], [ -71.3382566, 41.5845621 ], [ -71.3375675, 41.5859525 ], [ -71.3374566, 41.5874779 ], [ -71.3390992, 41.590558 ], [ -71.3397559, 41.5935149 ], [ -71.3397559, 41.5970876 ], [ -71.3377849, 41.6036164 ], [ -71.335321, 41.6086667 ], [ -71.3325286, 41.6128542 ], [ -71.3305576, 41.6169186 ], [ -71.328915, 41.6223372 ], [ -71.3292731, 41.6264979 ], [ -71.3314087, 41.6296994 ], [ -71.334201, 41.6313001 ], [ -71.3384718, 41.6327775 ], [ -71.3417571, 41.6331469 ], [ -71.3452066, 41.6336394 ], [ -71.3481635, 41.634132 ], [ -71.3506271, 41.6348707 ], [ -71.3529268, 41.636225 ], [ -71.3545694, 41.6385641 ], [ -71.3548982, 41.641765 ], [ -71.3547336, 41.6471815 ], [ -71.3555549, 41.6485356 ], [ -71.3557191, 41.6497665 ], [ -71.3555549, 41.650628 ], [ -71.3548982, 41.6507512 ], [ -71.3540769, 41.6508742 ], [ -71.3532555, 41.6509974 ], [ -71.3519413, 41.6521051 ], [ -71.3512841, 41.6534591 ], [ -71.3501345, 41.6540745 ], [ -71.3484919, 41.6541976 ], [ -71.3471776, 41.6543207 ], [ -71.3468492, 41.6554284 ], [ -71.3471776, 41.6569053 ], [ -71.348656, 41.6584262 ], [ -71.3502987, 41.6594107 ], [ -71.3517771, 41.659903 ], [ -71.3522697, 41.6606414 ], [ -71.3524342, 41.6622414 ], [ -71.3519413, 41.6639642 ], [ -71.3500896, 41.6669848 ], [ -71.34894, 41.6682155 ], [ -71.3481004, 41.6682238 ], [ -71.3472973, 41.6676003 ], [ -71.3472973, 41.6657543 ], [ -71.3443852, 41.6628567 ], [ -71.3419213, 41.6610107 ], [ -71.3415929, 41.6596569 ], [ -71.3412641, 41.6553053 ], [ -71.3404428, 41.6523513 ], [ -71.3388006, 41.650628 ], [ -71.3373221, 41.6496433 ] ], [ [ -71.3673096, 41.6089822 ], [ -71.3665609, 41.6083458 ], [ -71.3662611, 41.6078218 ], [ -71.3661615, 41.6071854 ], [ -71.366311, 41.6061371 ], [ -71.3666608, 41.6056504 ], [ -71.367709, 41.6046395 ], [ -71.3691069, 41.6032918 ], [ -71.370355, 41.602206 ], [ -71.3719028, 41.6013822 ], [ -71.3727515, 41.601195 ], [ -71.3737001, 41.6010827 ], [ -71.3742993, 41.6014571 ], [ -71.3745488, 41.6020936 ], [ -71.3743993, 41.6029548 ], [ -71.37375, 41.6038907 ], [ -71.3727515, 41.6048642 ], [ -71.3720527, 41.606474 ], [ -71.3716034, 41.6081962 ], [ -71.3708543, 41.6090572 ], [ -71.3700556, 41.6093941 ], [ -71.3688574, 41.609469 ], [ -71.3673096, 41.6089822 ] ], [ [ -71.3584539, 41.6619849 ], [ -71.3619819, 41.6633065 ], [ -71.3652748, 41.6633065 ], [ -71.3675091, 41.6626017 ], [ -71.3680968, 41.6612799 ], [ -71.3673913, 41.6597821 ], [ -71.3657451, 41.6575793 ], [ -71.3645688, 41.6545834 ], [ -71.3638633, 41.6537023 ], [ -71.3615115, 41.6531736 ], [ -71.3599828, 41.6533497 ], [ -71.3585713, 41.6543191 ], [ -71.3572781, 41.656522 ], [ -71.3570425, 41.6599584 ], [ -71.3584539, 41.6619849 ] ], [ [ -71.2779226, 41.6383825 ], [ -71.2763767, 41.638587 ], [ -71.2756494, 41.6392003 ], [ -71.2755586, 41.6401544 ], [ -71.2758314, 41.6410402 ], [ -71.2764679, 41.6416535 ], [ -71.2779226, 41.6424714 ], [ -71.2791048, 41.6438794 ], [ -71.2791956, 41.6461963 ], [ -71.2805595, 41.6504208 ], [ -71.2824944, 41.652587 ], [ -71.2848878, 41.6526534 ], [ -71.2848905, 41.6526495 ], [ -71.2858332, 41.6513066 ], [ -71.285924, 41.6490581 ], [ -71.287015, 41.6454468 ], [ -71.2885609, 41.6429937 ], [ -71.2883793, 41.6412218 ], [ -71.2871062, 41.640336 ], [ -71.2852875, 41.6399272 ], [ -71.2831055, 41.6398819 ], [ -71.2808323, 41.6391323 ], [ -71.2793776, 41.6386551 ], [ -71.2779226, 41.6383825 ] ], [ [ -71.2877428, 41.6511704 ], [ -71.2886517, 41.6517836 ], [ -71.289561, 41.6517836 ], [ -71.2905613, 41.6514429 ], [ -71.2905619, 41.6514424 ], [ -71.2912885, 41.6508296 ], [ -71.2924708, 41.6485811 ], [ -71.2926525, 41.6465369 ], [ -71.2922888, 41.645583 ], [ -71.2914706, 41.6453106 ], [ -71.2904704, 41.6455148 ], [ -71.2893794, 41.6462643 ], [ -71.2878335, 41.6478997 ], [ -71.2876516, 41.6492625 ], [ -71.2876516, 41.6503528 ], [ -71.2877428, 41.6511704 ] ], [ [ -71.3005114, 41.5827141 ], [ -71.2997504, 41.5830211 ], [ -71.2996515, 41.5833334 ], [ -71.2997171, 41.583825 ], [ -71.3004012, 41.585221 ], [ -71.3012225, 41.5863706 ], [ -71.3021802, 41.5869455 ], [ -71.3030563, 41.5869865 ], [ -71.3038772, 41.5865554 ], [ -71.3043698, 41.5856727 ], [ -71.3044792, 41.5847487 ], [ -71.3041782, 41.5835991 ], [ -71.304075, 41.5833334 ], [ -71.303809, 41.5830745 ], [ -71.3030614, 41.5828609 ], [ -71.3018865, 41.582674 ], [ -71.3005114, 41.5827141 ] ], [ [ -71.2179865, 41.6247415 ], [ -71.2188724, 41.6248587 ], [ -71.2199666, 41.6253276 ], [ -71.2202795, 41.6260309 ], [ -71.2204881, 41.6273202 ], [ -71.2199666, 41.6286876 ], [ -71.2190806, 41.6293126 ], [ -71.2180904, 41.6293517 ], [ -71.2172568, 41.6288829 ], [ -71.2170482, 41.6277108 ], [ -71.2167876, 41.6268513 ], [ -71.2167876, 41.6260698 ], [ -71.2169962, 41.6253667 ], [ -71.2174131, 41.624976 ], [ -71.2179865, 41.6247415 ] ], [ [ -71.2222747, 41.6143762 ], [ -71.2233959, 41.6144279 ], [ -71.2239364, 41.614767 ], [ -71.2244088, 41.6153938 ], [ -71.2245785, 41.615918 ], [ -71.2246257, 41.6170172 ], [ -71.2245309, 41.6180452 ], [ -71.2240581, 41.6188607 ], [ -71.2230651, 41.6191797 ], [ -71.2218409, 41.6189722 ], [ -71.2213209, 41.6184404 ], [ -71.2209426, 41.6171995 ], [ -71.2209898, 41.6160649 ], [ -71.2212261, 41.6154269 ], [ -71.2216938, 41.6146771 ], [ -71.2222747, 41.6143762 ] ], [ [ -71.2236105, 41.6886009 ], [ -71.224377, 41.6889637 ], [ -71.2252241, 41.6896592 ], [ -71.2256024, 41.6906235 ], [ -71.2257087, 41.6918978 ], [ -71.2256024, 41.6927739 ], [ -71.2245923, 41.693411 ], [ -71.2238323, 41.6931889 ], [ -71.2230344, 41.6930295 ], [ -71.2218644, 41.6920739 ], [ -71.221333, 41.6900828 ], [ -71.2214924, 41.6894058 ], [ -71.2219711, 41.6888084 ], [ -71.2226092, 41.6886092 ], [ -71.2236105, 41.6886009 ] ], [ [ -71.3626455, 41.7054052 ], [ -71.3634385, 41.7055466 ], [ -71.3641187, 41.7054618 ], [ -71.3649118, 41.7049809 ], [ -71.3651387, 41.7044152 ], [ -71.3651387, 41.7037645 ], [ -71.3644585, 41.703114 ], [ -71.3637408, 41.7028594 ], [ -71.3629853, 41.7029442 ], [ -71.3623809, 41.7033403 ], [ -71.3620787, 41.7036797 ], [ -71.3620406, 41.7043021 ], [ -71.3621164, 41.7047547 ], [ -71.3626455, 41.7054052 ] ], [ [ -71.3831027, 41.7555664 ], [ -71.3837229, 41.7557618 ], [ -71.3848004, 41.7556641 ], [ -71.3856166, 41.7549314 ], [ -71.3857145, 41.7542964 ], [ -71.3855187, 41.7533682 ], [ -71.3852902, 41.7525378 ], [ -71.3846374, 41.7520005 ], [ -71.384311, 41.7518539 ], [ -71.3833315, 41.7518051 ], [ -71.3825807, 41.7520249 ], [ -71.3823194, 41.752489 ], [ -71.3821231, 41.7529775 ], [ -71.3821231, 41.7537591 ], [ -71.382156, 41.7544429 ], [ -71.3824824, 41.7551512 ], [ -71.3831027, 41.7555664 ] ], [ [ -71.5098017, 41.3886341 ], [ -71.509887, 41.388089 ], [ -71.5106658, 41.3877154 ], [ -71.5113119, 41.3877155 ], [ -71.5122562, 41.3878278 ], [ -71.5126125, 41.3882175 ], [ -71.5126549, 41.388891 ], [ -71.5121438, 41.3892117 ], [ -71.5114199, 41.3893398 ], [ -71.510994, 41.3892757 ], [ -71.5103126, 41.3892115 ], [ -71.5098442, 41.3890511 ], [ -71.5098017, 41.3886341 ] ], [ [ -71.5063518, 41.3886696 ], [ -71.5070656, 41.3886696 ], [ -71.5073644, 41.3888046 ], [ -71.5076034, 41.3891642 ], [ -71.5085595, 41.3899735 ], [ -71.5092766, 41.3910077 ], [ -71.5093364, 41.3919069 ], [ -71.5090973, 41.3924464 ], [ -71.5080217, 41.3928959 ], [ -71.5070058, 41.3928061 ], [ -71.50599, 41.3926711 ], [ -71.5051533, 41.3927161 ], [ -71.5046155, 41.3928959 ], [ -71.5044362, 41.3936603 ], [ -71.5043765, 41.3945595 ], [ -71.5041973, 41.3952787 ], [ -71.5036594, 41.3955935 ], [ -71.5030021, 41.396088 ], [ -71.5021655, 41.3966275 ], [ -71.5019264, 41.3970771 ], [ -71.5022253, 41.3980661 ], [ -71.5028826, 41.3991451 ], [ -71.5030619, 41.3993698 ], [ -71.5030619, 41.3998643 ], [ -71.502763, 41.400134 ], [ -71.5025838, 41.400179 ], [ -71.5018069, 41.400179 ], [ -71.5007911, 41.4002689 ], [ -71.4994167, 41.4005386 ], [ -71.4987593, 41.4008084 ], [ -71.4981618, 41.4007633 ], [ -71.4980423, 41.4004937 ], [ -71.4979825, 41.3999992 ], [ -71.498102, 41.3994597 ], [ -71.4982215, 41.3991 ], [ -71.4981618, 41.3987405 ], [ -71.4979825, 41.3983808 ], [ -71.497385, 41.3975266 ], [ -71.4970861, 41.3973468 ], [ -71.4969069, 41.3969422 ], [ -71.4969069, 41.3965825 ], [ -71.4970264, 41.3962229 ], [ -71.497385, 41.3959082 ], [ -71.4976837, 41.3957283 ], [ -71.498341, 41.3955935 ], [ -71.4987593, 41.3953687 ], [ -71.4988191, 41.395009 ], [ -71.4986996, 41.3946044 ], [ -71.4986398, 41.3941548 ], [ -71.4988789, 41.3935254 ], [ -71.5014484, 41.3914573 ], [ -71.5044362, 41.3895239 ], [ -71.5052131, 41.3889843 ], [ -71.5063518, 41.3886696 ] ], [ [ -71.5082566, 41.4036618 ], [ -71.5075334, 41.4040895 ], [ -71.5075333, 41.4048674 ], [ -71.5079271, 41.4051956 ], [ -71.508355, 41.4053567 ], [ -71.5087828, 41.4053889 ], [ -71.5093177, 41.4053728 ], [ -71.5097544, 41.4052565 ], [ -71.5100127, 41.4048676 ], [ -71.510152, 41.4044708 ], [ -71.5101092, 41.4042131 ], [ -71.5098063, 41.403973 ], [ -71.5093414, 41.4038175 ], [ -71.5082566, 41.4036618 ] ], [ [ -71.5032607, 41.4049965 ], [ -71.5035064, 41.405126 ], [ -71.5036293, 41.4054404 ], [ -71.5036293, 41.4055513 ], [ -71.5036048, 41.4057362 ], [ -71.5031132, 41.4060507 ], [ -71.5028428, 41.406328 ], [ -71.5026461, 41.4065684 ], [ -71.5025724, 41.4067349 ], [ -71.5025232, 41.4068828 ], [ -71.502474, 41.4071232 ], [ -71.502474, 41.407382 ], [ -71.5023266, 41.407641 ], [ -71.5022283, 41.4076779 ], [ -71.5019579, 41.407641 ], [ -71.5015892, 41.4071602 ], [ -71.5013188, 41.4068458 ], [ -71.5011453, 41.4066211 ], [ -71.5008763, 41.4062725 ], [ -71.5008272, 41.4059766 ], [ -71.5008763, 41.4056993 ], [ -71.5012696, 41.4054589 ], [ -71.5017612, 41.4051075 ], [ -71.5024986, 41.4048301 ], [ -71.5032607, 41.4049965 ] ], [ [ -71.5066008, 41.4062909 ], [ -71.507157, 41.4061137 ], [ -71.507756, 41.4061459 ], [ -71.5081011, 41.4066175 ], [ -71.5081624, 41.407064 ], [ -71.5079271, 41.4073861 ], [ -71.5073281, 41.407676 ], [ -71.5067933, 41.4079498 ], [ -71.5062585, 41.4080465 ], [ -71.5056731, 41.4077062 ], [ -71.5056381, 41.40737 ], [ -71.5056452, 41.40736 ], [ -71.5060231, 41.4068224 ], [ -71.5066008, 41.4062909 ] ], [ [ -71.5049107, 41.4068546 ], [ -71.5049749, 41.4074827 ], [ -71.5049321, 41.4081109 ], [ -71.50444, 41.4083042 ], [ -71.5040336, 41.4083042 ], [ -71.5035201, 41.4080143 ], [ -71.5032206, 41.4073861 ], [ -71.5035201, 41.406919 ], [ -71.504072, 41.406656 ], [ -71.5049107, 41.4068546 ] ], [ [ -71.5010417, 41.4081505 ], [ -71.5006764, 41.4085823 ], [ -71.4995803, 41.4097993 ], [ -71.4991628, 41.4107023 ], [ -71.498954, 41.4116444 ], [ -71.498954, 41.4122332 ], [ -71.499215, 41.4127828 ], [ -71.4998413, 41.413882 ], [ -71.5002066, 41.4157662 ], [ -71.5001544, 41.4167868 ], [ -71.4995803, 41.4174541 ], [ -71.4991105, 41.4179644 ], [ -71.4983277, 41.418514 ], [ -71.4971272, 41.4199663 ], [ -71.4966575, 41.4202803 ], [ -71.4962921, 41.4203196 ], [ -71.495979, 41.4200841 ], [ -71.4957703, 41.4196523 ], [ -71.4957181, 41.4189065 ], [ -71.4956658, 41.4174148 ], [ -71.4955615, 41.4167083 ], [ -71.4948595, 41.4152018 ], [ -71.4938972, 41.4115826 ], [ -71.4944745, 41.4108588 ], [ -71.4948595, 41.4104245 ], [ -71.4965918, 41.4098454 ], [ -71.4971691, 41.4091215 ], [ -71.4973617, 41.4082529 ], [ -71.4973617, 41.4075291 ], [ -71.4971675, 41.405664 ], [ -71.4977464, 41.4042707 ], [ -71.4983946, 41.4040796 ], [ -71.4990731, 41.4042366 ], [ -71.499595, 41.4045507 ], [ -71.4996494, 41.4047295 ], [ -71.4999979, 41.4058735 ], [ -71.5002588, 41.4064231 ], [ -71.5006764, 41.4068549 ], [ -71.5009373, 41.4070905 ], [ -71.5010939, 41.4073653 ], [ -71.5011461, 41.4076401 ], [ -71.5010417, 41.4081505 ] ], [ [ -71.9754237, 41.3119864 ], [ -71.9750698, 41.3131596 ], [ -71.9758476, 41.3139595 ], [ -71.9758474, 41.3155058 ], [ -71.9752814, 41.3166256 ], [ -71.9746447, 41.3176919 ], [ -71.9749275, 41.3181718 ], [ -71.9758469, 41.3183319 ], [ -71.97712, 41.3179054 ], [ -71.9793402, 41.3168929 ], [ -71.9800842, 41.3163948 ], [ -71.980332, 41.3160212 ], [ -71.9805801, 41.3152741 ], [ -71.9809106, 41.3145893 ], [ -71.9809933, 41.3139043 ], [ -71.9809933, 41.3129705 ], [ -71.9807282, 41.3112404 ], [ -71.9796674, 41.3107071 ], [ -71.9778993, 41.3105469 ], [ -71.9764847, 41.3111867 ], [ -71.9754237, 41.3119864 ] ], [ [ -71.9636873, 41.3237198 ], [ -71.9633979, 41.3239864 ], [ -71.9622685, 41.3242295 ], [ -71.9614619, 41.3239254 ], [ -71.9617849, 41.3219186 ], [ -71.9621884, 41.3210673 ], [ -71.9633178, 41.3208849 ], [ -71.9642051, 41.3214932 ], [ -71.964124, 41.3233175 ], [ -71.9636873, 41.3237198 ] ], [ [ -71.9611299, 41.3408857 ], [ -71.9609653, 41.3422166 ], [ -71.9611774, 41.3429628 ], [ -71.9626176, 41.3427757 ], [ -71.9637997, 41.3426137 ], [ -71.9655191, 41.3418848 ], [ -71.9675609, 41.3414799 ], [ -71.9704625, 41.3409939 ], [ -71.9716446, 41.3414799 ], [ -71.9726117, 41.3411559 ], [ -71.9729891, 41.3399259 ], [ -71.9737672, 41.3391797 ], [ -71.9741916, 41.3383802 ], [ -71.9738382, 41.3377405 ], [ -71.9732018, 41.336621 ], [ -71.9731313, 41.3351817 ], [ -71.9742632, 41.3337426 ], [ -71.9768806, 41.3302777 ], [ -71.9768809, 41.3291583 ], [ -71.9763151, 41.3286784 ], [ -71.9756078, 41.3288915 ], [ -71.9746175, 41.3301177 ], [ -71.9743344, 41.3310238 ], [ -71.9736978, 41.3315036 ], [ -71.9727866, 41.3317992 ], [ -71.9717352, 41.3320214 ], [ -71.9710212, 41.3318856 ], [ -71.9712306, 41.3314793 ], [ -71.9720795, 41.3304664 ], [ -71.9733031, 41.3294359 ], [ -71.9737067, 41.3276944 ], [ -71.9743434, 41.3267882 ], [ -71.9751062, 41.325882 ], [ -71.9748634, 41.3253939 ], [ -71.9742159, 41.3252109 ], [ -71.974083, 41.3253445 ], [ -71.9730704, 41.3263616 ], [ -71.9720799, 41.3284406 ], [ -71.9713019, 41.3288138 ], [ -71.9704532, 41.3285471 ], [ -71.970312, 41.3273209 ], [ -71.9702323, 41.3214104 ], [ -71.9691951, 41.3209412 ], [ -71.9684742, 41.3215627 ], [ -71.967908, 41.3233753 ], [ -71.9669093, 41.3249455 ], [ -71.9657376, 41.3256326 ], [ -71.9646313, 41.3255804 ], [ -71.9640094, 41.3261715 ], [ -71.9628068, 41.3275042 ], [ -71.9626651, 41.3289969 ], [ -71.9628057, 41.3334216 ], [ -71.9620975, 41.3388587 ], [ -71.9612486, 41.3399246 ], [ -71.9611299, 41.3408857 ] ], [ [ -71.9558707, 41.3273467 ], [ -71.9561124, 41.3289885 ], [ -71.9553055, 41.3302653 ], [ -71.9543373, 41.3312381 ], [ -71.9535306, 41.3312988 ], [ -71.952724, 41.3311164 ], [ -71.9530468, 41.33063 ], [ -71.9534502, 41.3302043 ], [ -71.9535311, 41.328745 ], [ -71.9542574, 41.3275898 ], [ -71.9550641, 41.3270426 ], [ -71.9558707, 41.3273467 ] ], [ [ -71.9467547, 41.3302036 ], [ -71.9478032, 41.3312982 ], [ -71.9479643, 41.3323319 ], [ -71.9479641, 41.3333048 ], [ -71.9473995, 41.3337303 ], [ -71.9466734, 41.3335479 ], [ -71.9464317, 41.332271 ], [ -71.9455445, 41.3315412 ], [ -71.945464, 41.3305076 ], [ -71.9460287, 41.3300819 ], [ -71.9467547, 41.3302036 ] ], [ [ -71.9358226, 41.3303685 ], [ -71.9359346, 41.3306428 ], [ -71.9359626, 41.3309066 ], [ -71.9356266, 41.3312758 ], [ -71.9351647, 41.3315185 ], [ -71.9347448, 41.3316873 ], [ -71.9344228, 41.3316135 ], [ -71.9340874, 41.3314163 ], [ -71.9340029, 41.3310859 ], [ -71.9341429, 41.3306217 ], [ -71.9342549, 41.3302313 ], [ -71.9342829, 41.3300097 ], [ -71.9343249, 41.3298409 ], [ -71.9344648, 41.3297038 ], [ -71.9347028, 41.3297038 ], [ -71.9349128, 41.3297565 ], [ -71.9352907, 41.3299886 ], [ -71.9358226, 41.3303685 ] ], [ [ -71.8921054, 41.3299719 ], [ -71.8920615, 41.3299649 ], [ -71.8917953, 41.3299168 ], [ -71.8916939, 41.329893 ], [ -71.8915953, 41.3298633 ], [ -71.8915071, 41.3298297 ], [ -71.8914326, 41.3297933 ], [ -71.8913712, 41.3297562 ], [ -71.8913063, 41.3297117 ], [ -71.8909907, 41.3294711 ], [ -71.890898, 41.3294046 ], [ -71.8908009, 41.3293389 ], [ -71.8905612, 41.3291867 ], [ -71.8902084, 41.3289762 ], [ -71.8899011, 41.3287774 ], [ -71.8897057, 41.3286572 ], [ -71.8896109, 41.3286034 ], [ -71.8895403, 41.3285663 ], [ -71.8892827, 41.3284506 ], [ -71.8889522, 41.3282853 ], [ -71.8887211, 41.3281672 ], [ -71.8885397, 41.3280682 ], [ -71.8884522, 41.3280161 ], [ -71.8882911, 41.3279099 ], [ -71.8880659, 41.3277832 ], [ -71.8877043, 41.3275703 ], [ -71.8874232, 41.3274089 ], [ -71.8872734, 41.3273259 ], [ -71.886927, 41.3271413 ], [ -71.8865655, 41.3269436 ], [ -71.886112, 41.326703 ], [ -71.8857138, 41.3264786 ], [ -71.8855045, 41.3263554 ], [ -71.8851335, 41.3261277 ], [ -71.8849399, 41.3260012 ], [ -71.8847791, 41.3258895 ], [ -71.884682, 41.3258154 ], [ -71.884593, 41.3257418 ], [ -71.8845063, 41.325664 ], [ -71.8844323, 41.32559 ], [ -71.8843156, 41.3254608 ], [ -71.8841993, 41.3253254 ], [ -71.884084, 41.3251825 ], [ -71.8840104, 41.3250822 ], [ -71.8839593, 41.3250034 ], [ -71.8838966, 41.3248969 ], [ -71.8838305, 41.3247753 ], [ -71.8837776, 41.3246698 ], [ -71.883684, 41.3244645 ], [ -71.883555, 41.3241381 ], [ -71.8834996, 41.3240105 ], [ -71.8834706, 41.3239585 ], [ -71.8834414, 41.3239143 ], [ -71.8834105, 41.3238749 ], [ -71.8833682, 41.3238285 ], [ -71.8833103, 41.3237726 ], [ -71.8832282, 41.3236999 ], [ -71.8830487, 41.3235542 ], [ -71.882966, 41.3234918 ], [ -71.8828551, 41.3234208 ], [ -71.8826134, 41.3232832 ], [ -71.8821779, 41.323019 ], [ -71.8820332, 41.3229281 ], [ -71.8819879, 41.3228962 ], [ -71.8819542, 41.3228665 ], [ -71.8819459, 41.3228543 ], [ -71.8819527, 41.3228424 ], [ -71.8819472, 41.3228274 ], [ -71.8819312, 41.3228093 ], [ -71.881899, 41.3227825 ], [ -71.8816743, 41.3226274 ], [ -71.8815069, 41.3225249 ], [ -71.8813433, 41.3224337 ], [ -71.8808606, 41.3221791 ], [ -71.8805245, 41.3219981 ], [ -71.8802767, 41.3218708 ], [ -71.8801738, 41.3218256 ], [ -71.8800695, 41.3217886 ], [ -71.8799622, 41.3217597 ], [ -71.87985, 41.3217379 ], [ -71.8797299, 41.3217242 ], [ -71.8795971, 41.3217191 ], [ -71.8794713, 41.3217224 ], [ -71.8793363, 41.321734 ], [ -71.8792073, 41.3217526 ], [ -71.8790713, 41.3217759 ], [ -71.8785427, 41.3218808 ], [ -71.8783256, 41.3219094 ], [ -71.8781951, 41.3219296 ], [ -71.8779969, 41.3219727 ], [ -71.8779648, 41.3219767 ], [ -71.8779376, 41.3219772 ], [ -71.8779197, 41.3219746 ], [ -71.8779046, 41.3219686 ], [ -71.877897, 41.3219618 ], [ -71.8778933, 41.3219542 ], [ -71.8778927, 41.3219426 ], [ -71.8778967, 41.3219293 ], [ -71.8779178, 41.3218971 ], [ -71.8779535, 41.3218622 ], [ -71.8779923, 41.3218326 ], [ -71.8780331, 41.3218058 ], [ -71.8781914, 41.3217159 ], [ -71.8782423, 41.3216843 ], [ -71.8782864, 41.3216507 ], [ -71.8783238, 41.3216137 ], [ -71.8783517, 41.3215773 ], [ -71.8783755, 41.3215352 ], [ -71.8783926, 41.3214917 ], [ -71.8784256, 41.3213764 ], [ -71.8784428, 41.3213438 ], [ -71.878465, 41.3213169 ], [ -71.8784863, 41.3212987 ], [ -71.8785117, 41.3212823 ], [ -71.8785432, 41.3212666 ], [ -71.8785829, 41.321251 ], [ -71.8786386, 41.3212336 ], [ -71.878712, 41.3212141 ], [ -71.8788483, 41.321185 ], [ -71.8789462, 41.3211723 ], [ -71.8790362, 41.3211685 ], [ -71.8791321, 41.3211729 ], [ -71.8792219, 41.3211853 ], [ -71.8793098, 41.3212052 ], [ -71.8794085, 41.3212354 ], [ -71.8795139, 41.3212734 ], [ -71.8797786, 41.3213762 ], [ -71.8799124, 41.3214255 ], [ -71.8800234, 41.3214629 ], [ -71.8801195, 41.3214892 ], [ -71.8802144, 41.3215084 ], [ -71.8803189, 41.3215229 ], [ -71.8806829, 41.321555 ], [ -71.8808171, 41.3215704 ], [ -71.8809327, 41.3215904 ], [ -71.881036, 41.3216164 ], [ -71.8811539, 41.3216565 ], [ -71.881288, 41.3217134 ], [ -71.8814988, 41.3218145 ], [ -71.8815947, 41.3218639 ], [ -71.8816728, 41.3219072 ], [ -71.8817681, 41.3219643 ], [ -71.8818702, 41.3220296 ], [ -71.881982, 41.3221043 ], [ -71.882058, 41.3221593 ], [ -71.8821601, 41.3222419 ], [ -71.8823364, 41.3224009 ], [ -71.8824592, 41.3225053 ], [ -71.8825807, 41.3226014 ], [ -71.8827383, 41.3227182 ], [ -71.8830058, 41.3229081 ], [ -71.8832349, 41.3230638 ], [ -71.8833023, 41.3231062 ], [ -71.883426, 41.323176 ], [ -71.8834739, 41.323206 ], [ -71.8835203, 41.323241 ], [ -71.8835593, 41.323277 ], [ -71.883618, 41.3233452 ], [ -71.8836685, 41.3234237 ], [ -71.8837087, 41.3235097 ], [ -71.8838007, 41.3237509 ], [ -71.8838604, 41.3238792 ], [ -71.8839511, 41.3240393 ], [ -71.8840282, 41.3241609 ], [ -71.8840932, 41.3242543 ], [ -71.8841564, 41.3243321 ], [ -71.8843046, 41.3244943 ], [ -71.8843749, 41.3245783 ], [ -71.8844612, 41.3246935 ], [ -71.8846698, 41.3249853 ], [ -71.8847383, 41.3250718 ], [ -71.8848029, 41.3251462 ], [ -71.8849046, 41.3252517 ], [ -71.8850092, 41.3253483 ], [ -71.8851315, 41.3254482 ], [ -71.8852669, 41.325548 ], [ -71.8853714, 41.3256189 ], [ -71.8854994, 41.3257 ], [ -71.8858354, 41.325901 ], [ -71.8860632, 41.3260409 ], [ -71.8863248, 41.3261925 ], [ -71.8866934, 41.3264277 ], [ -71.8869856, 41.3266052 ], [ -71.8875169, 41.3269065 ], [ -71.8879108, 41.3271229 ], [ -71.8883194, 41.3273655 ], [ -71.8884615, 41.3274451 ], [ -71.8886129, 41.3275264 ], [ -71.8889213, 41.3276858 ], [ -71.8891171, 41.3277834 ], [ -71.8892694, 41.3278538 ], [ -71.8896484, 41.3280186 ], [ -71.890014, 41.3282015 ], [ -71.8901975, 41.3282876 ], [ -71.8903857, 41.3283703 ], [ -71.8905814, 41.3284525 ], [ -71.8911317, 41.3286677 ], [ -71.8914642, 41.3288179 ], [ -71.8918393, 41.3289873 ], [ -71.8918588, 41.3290024 ], [ -71.8919124, 41.3290345 ], [ -71.8920878, 41.329129 ], [ -71.8922899, 41.3292285 ], [ -71.8923472, 41.329255 ], [ -71.8924648, 41.3293093 ], [ -71.8926266, 41.3293801 ], [ -71.892789, 41.329445 ], [ -71.8929326, 41.3294967 ], [ -71.8930789, 41.3295435 ], [ -71.8932387, 41.3295892 ], [ -71.8934121, 41.3296341 ], [ -71.8935788, 41.3296739 ], [ -71.8937803, 41.3297179 ], [ -71.8943353, 41.3298215 ], [ -71.8947416, 41.3299105 ], [ -71.8948666, 41.3299354 ], [ -71.8950455, 41.3299649 ], [ -71.89531, 41.329999 ], [ -71.895371, 41.3300098 ], [ -71.895433, 41.3300237 ], [ -71.8954968, 41.330041 ], [ -71.8955584, 41.3300607 ], [ -71.89563, 41.3300872 ], [ -71.8958674, 41.3301818 ], [ -71.8961233, 41.3302644 ], [ -71.8961948, 41.330293 ], [ -71.896263, 41.3303254 ], [ -71.8963324, 41.3303623 ], [ -71.8964111, 41.3304081 ], [ -71.8966094, 41.3305299 ], [ -71.8966922, 41.3305837 ], [ -71.8967468, 41.3306227 ], [ -71.8967896, 41.3306571 ], [ -71.8968337, 41.3306974 ], [ -71.8968795, 41.3307451 ], [ -71.8969636, 41.3308453 ], [ -71.897259, 41.3312227 ], [ -71.8973364, 41.3313144 ], [ -71.8973991, 41.3313824 ], [ -71.8974617, 41.3314448 ], [ -71.8976736, 41.3316371 ], [ -71.8977145, 41.3316801 ], [ -71.897748, 41.3317216 ], [ -71.897776, 41.3317645 ], [ -71.8977974, 41.3318051 ], [ -71.8978119, 41.3318436 ], [ -71.8978205, 41.3318816 ], [ -71.8978224, 41.3319151 ], [ -71.8978172, 41.3319494 ], [ -71.8978059, 41.331978 ], [ -71.8977882, 41.3320032 ], [ -71.8977574, 41.3320296 ], [ -71.8977162, 41.3320498 ], [ -71.8976651, 41.3320625 ], [ -71.8976049, 41.3320673 ], [ -71.8975377, 41.3320641 ], [ -71.8974717, 41.3320534 ], [ -71.8974062, 41.3320349 ], [ -71.897343, 41.3320086 ], [ -71.8972793, 41.3319729 ], [ -71.8972145, 41.3319272 ], [ -71.8971601, 41.3318826 ], [ -71.8970154, 41.3317562 ], [ -71.8969105, 41.3316739 ], [ -71.8968273, 41.3316155 ], [ -71.8967035, 41.3315369 ], [ -71.8961109, 41.3311837 ], [ -71.8959257, 41.3310784 ], [ -71.895796, 41.3310106 ], [ -71.8956907, 41.3309598 ], [ -71.8955887, 41.330916 ], [ -71.8954843, 41.3308769 ], [ -71.8953575, 41.3308372 ], [ -71.8952323, 41.3308067 ], [ -71.8951058, 41.3307819 ], [ -71.8948471, 41.3307391 ], [ -71.8947667, 41.3307229 ], [ -71.8947036, 41.3307061 ], [ -71.8945888, 41.3306699 ], [ -71.8944794, 41.3306399 ], [ -71.8944071, 41.3306157 ], [ -71.8943018, 41.3305766 ], [ -71.8938711, 41.3304051 ], [ -71.8936566, 41.3303264 ], [ -71.8934799, 41.3302659 ], [ -71.8932131, 41.3301805 ], [ -71.8930763, 41.3301383 ], [ -71.8929592, 41.3301054 ], [ -71.8927887, 41.3300633 ], [ -71.8926279, 41.3300324 ], [ -71.8924731, 41.3300113 ], [ -71.8922699, 41.3299934 ], [ -71.8921671, 41.3299817 ], [ -71.8921054, 41.3299719 ] ], [ [ -71.951798, 41.3260931 ], [ -71.9522876, 41.32613 ], [ -71.952924, 41.3260932 ], [ -71.953022, 41.3251337 ], [ -71.9527284, 41.3247278 ], [ -71.9521409, 41.3247646 ], [ -71.9515534, 41.3250966 ], [ -71.9515044, 41.3258716 ], [ -71.951798, 41.3260931 ] ], [ [ -71.9610263, 41.2953779 ], [ -71.959971, 41.2953778 ], [ -71.9585317, 41.2963183 ], [ -71.9583397, 41.2968971 ], [ -71.9592032, 41.2973313 ], [ -71.9612179, 41.2976209 ], [ -71.9620813, 41.2969698 ], [ -71.9618897, 41.2958122 ], [ -71.9610263, 41.2953779 ] ], [ [ -71.9170658, 41.2944182 ], [ -71.9166233, 41.2951688 ], [ -71.9152408, 41.2953772 ], [ -71.9137476, 41.2958358 ], [ -71.9122546, 41.2957105 ], [ -71.9116464, 41.2952517 ], [ -71.9117019, 41.2942925 ], [ -71.9130291, 41.2935837 ], [ -71.914854, 41.2933753 ], [ -71.916347, 41.2936674 ], [ -71.9170658, 41.2944182 ] ], [ [ -71.9768164, 41.2937171 ], [ -71.9775176, 41.2939155 ], [ -71.9781312, 41.2935851 ], [ -71.9790079, 41.2925274 ], [ -71.979008, 41.2919325 ], [ -71.9783946, 41.2915358 ], [ -71.9769921, 41.2915356 ], [ -71.9767291, 41.2920645 ], [ -71.9768164, 41.2937171 ] ], [ [ -71.994516, 41.2883687 ], [ -71.9934789, 41.2894114 ], [ -71.9923729, 41.2895155 ], [ -71.9914742, 41.2894633 ], [ -71.9913361, 41.2890462 ], [ -71.9920275, 41.288212 ], [ -71.9932027, 41.2875864 ], [ -71.9943087, 41.2875345 ], [ -71.994516, 41.2883687 ] ], [ [ -70.8397742, 41.5967244 ], [ -70.8401573, 41.5985334 ], [ -70.8402181, 41.6019123 ], [ -70.839914, 41.6029625 ], [ -70.8387582, 41.604241 ], [ -70.8368724, 41.6053367 ], [ -70.8355949, 41.6061586 ], [ -70.8341349, 41.6067065 ], [ -70.8323708, 41.6068434 ], [ -70.8312758, 41.6065238 ], [ -70.8302417, 41.6056563 ], [ -70.8287209, 41.6036474 ], [ -70.8279301, 41.6029625 ], [ -70.825436, 41.6019123 ], [ -70.8242193, 41.6013187 ], [ -70.8231852, 41.6005425 ], [ -70.8230635, 41.5998119 ], [ -70.8231244, 41.598853 ], [ -70.8239152, 41.5977115 ], [ -70.824706, 41.5961132 ], [ -70.8244627, 41.5950173 ], [ -70.8236718, 41.593419 ], [ -70.8225769, 41.592597 ], [ -70.8212386, 41.5923687 ], [ -70.8169195, 41.5923687 ], [ -70.8161287, 41.591775 ], [ -70.8160679, 41.5909987 ], [ -70.8169195, 41.589994 ], [ -70.8184403, 41.5889892 ], [ -70.8197786, 41.5884412 ], [ -70.8211169, 41.5867057 ], [ -70.8216036, 41.585701 ], [ -70.8218052, 41.5851381 ], [ -70.8215236, 41.5839487 ], [ -70.8215236, 41.5833334 ], [ -70.8223938, 41.5831587 ], [ -70.824098, 41.5830905 ], [ -70.8271656, 41.583186 ], [ -70.8277473, 41.5833334 ], [ -70.8279415, 41.5834087 ], [ -70.8294944, 41.5842243 ], [ -70.8337699, 41.5882129 ], [ -70.8371765, 41.5926427 ], [ -70.8381498, 41.5943323 ], [ -70.8390408, 41.5957334 ], [ -70.8397742, 41.5967244 ] ], [ [ -70.8463622, 41.5960458 ], [ -70.8473596, 41.5977414 ], [ -70.847741, 41.5987984 ], [ -70.8479757, 41.5994811 ], [ -70.8473303, 41.6000977 ], [ -70.8465382, 41.600494 ], [ -70.8452474, 41.6000536 ], [ -70.84469, 41.5989746 ], [ -70.8428712, 41.5966404 ], [ -70.8417271, 41.595297 ], [ -70.841375, 41.594262 ], [ -70.8414924, 41.5933811 ], [ -70.8421671, 41.5930287 ], [ -70.8428712, 41.5929847 ], [ -70.8439273, 41.5939317 ], [ -70.8448367, 41.5949007 ], [ -70.8463622, 41.5960458 ] ], [ [ -70.8450709, 41.6060199 ], [ -70.8444175, 41.605644 ], [ -70.8440691, 41.605219 ], [ -70.8439167, 41.604794 ], [ -70.8439167, 41.6044018 ], [ -70.8442869, 41.6040258 ], [ -70.84555, 41.6041239 ], [ -70.8465517, 41.6045816 ], [ -70.8470961, 41.6053334 ], [ -70.8467913, 41.606118 ], [ -70.8464428, 41.6062814 ], [ -70.8461162, 41.6062978 ], [ -70.8450709, 41.6060199 ] ], [ [ -70.8199327, 41.5965593 ], [ -70.8198271, 41.59611 ], [ -70.8197567, 41.5956608 ], [ -70.8200031, 41.5952116 ], [ -70.8203551, 41.5949737 ], [ -70.820848, 41.5949209 ], [ -70.821552, 41.5950266 ], [ -70.8221505, 41.5954494 ], [ -70.8226081, 41.5960043 ], [ -70.8227842, 41.59685 ], [ -70.8226786, 41.5972464 ], [ -70.8220449, 41.5974578 ], [ -70.8216576, 41.5974049 ], [ -70.8209888, 41.5973785 ], [ -70.8203903, 41.5970614 ], [ -70.8199327, 41.5965593 ] ], [ [ -70.8038288, 41.6191038 ], [ -70.8047496, 41.6192689 ], [ -70.8053119, 41.6190304 ], [ -70.8056297, 41.6186268 ], [ -70.8056053, 41.6180398 ], [ -70.8050919, 41.6172143 ], [ -70.8039673, 41.6168474 ], [ -70.8032828, 41.616884 ], [ -70.802525, 41.6171592 ], [ -70.8021338, 41.6175628 ], [ -70.8021827, 41.6179848 ], [ -70.8028183, 41.6184434 ], [ -70.8038288, 41.6191038 ] ], [ [ -70.8477332, 41.619004 ], [ -70.8476008, 41.6187184 ], [ -70.847518, 41.6181844 ], [ -70.8480807, 41.6176255 ], [ -70.8486931, 41.6174641 ], [ -70.8493054, 41.6176628 ], [ -70.8501991, 41.6180602 ], [ -70.8506956, 41.6187805 ], [ -70.8506956, 41.6193021 ], [ -70.8504473, 41.6196374 ], [ -70.8502156, 41.6197367 ], [ -70.8493385, 41.619774 ], [ -70.84866, 41.6195629 ], [ -70.8477332, 41.619004 ] ], [ [ -70.8422155, 41.6192832 ], [ -70.8430734, 41.6199091 ], [ -70.8436454, 41.6209463 ], [ -70.8431449, 41.6213755 ], [ -70.8425493, 41.6215084 ], [ -70.8421456, 41.6214832 ], [ -70.8414727, 41.6213822 ], [ -70.8409342, 41.6211299 ], [ -70.8402613, 41.6204992 ], [ -70.8402613, 41.6202721 ], [ -70.840452, 41.6196588 ], [ -70.8409763, 41.6192653 ], [ -70.8422155, 41.6192832 ] ], [ [ -70.8187443, 41.6261445 ], [ -70.8181127, 41.6261292 ], [ -70.8169719, 41.6256095 ], [ -70.8165644, 41.6251356 ], [ -70.8164015, 41.6245853 ], [ -70.8166663, 41.6239739 ], [ -70.8171145, 41.623714 ], [ -70.8183165, 41.6238363 ], [ -70.8188462, 41.6240197 ], [ -70.819437, 41.6245548 ], [ -70.8197833, 41.6251968 ], [ -70.8198648, 41.6256248 ], [ -70.8192536, 41.6260222 ], [ -70.8187443, 41.6261445 ] ], [ [ -70.8583588, 41.625084 ], [ -70.8589502, 41.6248332 ], [ -70.859815, 41.6250495 ], [ -70.8605562, 41.625513 ], [ -70.8607817, 41.6263707 ], [ -70.860748, 41.6269005 ], [ -70.8603778, 41.6271023 ], [ -70.8598394, 41.6271529 ], [ -70.8590428, 41.6270757 ], [ -70.8586053, 41.6268234 ], [ -70.8583697, 41.6265208 ], [ -70.8581678, 41.6261928 ], [ -70.8581067, 41.6256125 ], [ -70.8583588, 41.625084 ] ] ] } },
{ "type": "Feature", "properties": { "RCID": 446, "PRIM": 3, "GRUP": 1, "OBJL": 42, "RVER": 1, "AGEN": 550, "FIDN": -911780801, "FIDS": 48294, "LNAM": "0226C9A7543FBCA6", "DRVAL1": 18.2, "DRVAL2": 27.4 }, "geometry": { "type": "Polygon", "coordinates": [ [ [ -71.822403, 41.1974039 ], [ -71.8279026, 41.1976137 ], [ -71.8305136, 41.1975298 ], [ -71.8317912, 41.1969843 ], [ -71.8327912, 41.1956416 ], [ -71.8331245, 41.1944247 ], [ -71.83318, 41.1933338 ], [ -71.8328467, 41.1925365 ], [ -71.8316246, 41.1909419 ], [ -71.8295136, 41.1894312 ], [ -71.826923, 41.1887305 ], [ -71.8229317, 41.188947 ], [ -71.8198225, 41.1900131 ], [ -71.8180804, 41.1918287 ], [ -71.8172866, 41.1941607 ], [ -71.8172645, 41.19531 ], [ -71.8175512, 41.195843 ], [ -71.8187922, 41.1966906 ], [ -71.8201809, 41.197278 ], [ -71.822403, 41.1974039 ] ] ] } },
{ "type": "Feature", "properties": { "RCID": 447, "PRIM": 3, "GRUP": 1, "OBJL": 42, "RVER": 1, "AGEN": 550, "FIDN": -373404871, "FIDS": 48294, "LNAM": "0226E9BE4B39BCA6", "DRVAL1": 18.2, "DRVAL2": 27.4 }, "geometry": { "type": "Polygon", "coordinates": [ [ [ -71.2000523, 41.3232751 ], [ -71.2000472, 41.3232806 ], [ -71.1999472, 41.3267444 ], [ -71.2010472, 41.3287806 ], [ -71.2023944, 41.3299083 ], [ -71.2040944, 41.330325 ], [ -71.2106889, 41.330325 ], [ -71.2131889, 41.3290806 ], [ -71.2147889, 41.3279139 ], [ -71.2154583, 41.3272861 ], [ -71.2153861, 41.3230528 ], [ -71.2147889, 41.321925 ], [ -71.2134389, 41.3209833 ], [ -71.2112889, 41.3201528 ], [ -71.2059944, 41.3202278 ], [ -71.2037444, 41.3204167 ], [ -71.2019812, 41.3214153 ], [ -71.2015472, 41.3216611 ], [ -71.2000523, 41.3232751 ] ] ] } },
{ "type": "Feature", "properties": { "RCID": 448, "PRIM": 3, "GRUP": 1, "OBJL": 42, "RVER": 1, "AGEN": 550, "FIDN": 1034061805, "FIDS": 48294, "LNAM": "02263DA287EDBCA6", "DRVAL1": 10.9, "DRVAL2": 18.2 }, "geometry": { "type": "Polygon", "coordinates": [ [ [ -72.0, 41.1553136 ], [ -72.0, 41.1623146 ], [ -72.0, 41.1635396 ], [ -71.9983112, 41.1638906 ], [ -71.997602, 41.1638933 ], [ -71.9965314, 41.1638417 ], [ -71.9947312, 41.1635789 ], [ -71.9933605, 41.1631924 ], [ -71.9914179, 41.1621319 ], [ -71.9904163, 41.1601728 ], [ -71.9902126, 41.159174 ], [ -71.9913377, 41.1562209 ], [ -71.9940176, 41.1548603 ], [ -71.996452, 41.154582 ], [ -71.999807, 41.1552159 ], [ -72.0, 41.1553136 ] ] ] } },
{ "type": "Feature", "properties": { "RCID": 449, "PRIM": 3, "GRUP": 1, "OBJL": 42, "RVER": 1, "AGEN": 550, "FIDN": 1649017308, "FIDS": 48294, "LNAM": "0226624A01DCBCA6", "DRVAL1": 18.2, "DRVAL2": 27.4 }, "geometry": { "type": "Polygon", "coordinates": [ [ [ -71.6833567, 41.3065238 ], [ -71.6817457, 41.3061049 ], [ -71.6807458, 41.3051415 ], [ -71.6800236, 41.3038848 ], [ -71.6795236, 41.3021673 ], [ -71.6796347, 41.3010362 ], [ -71.6804124, 41.2999051 ], [ -71.6824679, 41.2984807 ], [ -71.6854676, 41.2975172 ], [ -71.6882452, 41.2973077 ], [ -71.6902451, 41.2979361 ], [ -71.6923561, 41.2992767 ], [ -71.6930782, 41.3001984 ], [ -71.6935226, 41.3009105 ], [ -71.6940226, 41.3020835 ], [ -71.6939671, 41.3029213 ], [ -71.6931893, 41.3039686 ], [ -71.6907451, 41.3055604 ], [ -71.689023, 41.3064401 ], [ -71.6860787, 41.3069846 ], [ -71.6833567, 41.3065238 ] ] ] } },
{ "type": "Feature", "properties": { "RCID": 450, "PRIM": 3, "GRUP": 1, "OBJL": 42, "RVER": 1, "AGEN": 550, "FIDN": 711831175, "FIDS": 48294, "LNAM": "02262A6DAE87BCA6", "DRVAL1": 18.2, "DRVAL2": 27.4 }, "geometry": { "type": "Polygon", "coordinates": [ [ [ -72.0, 40.9276744 ], [ -71.9979905, 40.9282257 ], [ -71.9948678, 40.92941 ], [ -71.9898716, 40.9322522 ], [ -71.9865929, 40.9355678 ], [ -71.985422, 40.9374032 ], [ -71.9845634, 40.9392977 ], [ -71.9839389, 40.9401856 ], [ -71.9830021, 40.9410145 ], [ -71.981753, 40.9414881 ], [ -71.9800875, 40.9418039 ], [ -71.9780057, 40.9416066 ], [ -71.9736339, 40.9416068 ], [ -71.9717603, 40.941962 ], [ -71.9705112, 40.9424357 ], [ -71.9694183, 40.9433828 ], [ -71.9687157, 40.9442708 ], [ -71.9678571, 40.9461651 ], [ -71.9666861, 40.9480594 ], [ -71.9655152, 40.9489473 ], [ -71.9642661, 40.9494208 ], [ -71.963017, 40.9496577 ], [ -71.9612682, 40.9496577 ], [ -71.9567715, 40.9489476 ], [ -71.9517751, 40.9484742 ], [ -71.950526, 40.9484742 ], [ -71.9492769, 40.948711 ], [ -71.948184, 40.9491845 ], [ -71.9469349, 40.9501317 ], [ -71.9436741, 40.9528644 ], [ -71.9417456, 40.9543479 ], [ -71.9381996, 40.956978 ], [ -71.9340019, 40.9593174 ], [ -71.9299768, 40.9607559 ], [ -71.9246674, 40.9618747 ], [ -71.9185913, 40.9629354 ], [ -71.9105219, 40.9642431 ], [ -71.8994431, 40.9664369 ], [ -71.8898594, 40.9681659 ], [ -71.8834958, 40.9690811 ], [ -71.8748513, 40.9706792 ], [ -71.8635042, 40.9728584 ], [ -71.854645, 40.9747429 ], [ -71.8496998, 40.9758614 ], [ -71.8444863, 40.9771834 ], [ -71.8409595, 40.978941 ], [ -71.8353817, 40.9830954 ], [ -71.8314716, 40.985826 ], [ -71.8286658, 40.9873042 ], [ -71.8266913, 40.9878085 ], [ -71.8253048, 40.9880439 ], [ -71.8228645, 40.9879851 ], [ -71.8208346, 40.987548 ], [ -71.8184357, 40.9868599 ], [ -71.816908, 40.9864217 ], [ -71.8108949, 40.9846423 ], [ -71.8067164, 40.9840613 ], [ -71.8037838, 40.9836982 ], [ -71.8027296, 40.983887 ], [ -71.8008511, 40.9850345 ], [ -71.7990686, 40.9875037 ], [ -71.7972477, 40.9916865 ], [ -71.7965576, 40.9935164 ], [ -71.7955418, 40.9956802 ], [ -71.7946409, 40.9965951 ], [ -71.7908266, 40.9983813 ], [ -71.7884498, 40.9991074 ], [ -71.7839838, 40.9995576 ], [ -71.7798628, 41.0002691 ], [ -71.7743809, 41.0040155 ], [ -71.7687265, 41.0079505 ], [ -71.766254, 41.0097363 ], [ -71.75768, 41.0157929 ], [ -71.7543257, 41.0180432 ], [ -71.7503645, 41.0208014 ], [ -71.7468664, 41.0238015 ], [ -71.7443121, 41.0268953 ], [ -71.741736, 41.0310931 ], [ -71.7387919, 41.0379029 ], [ -71.7368828, 41.0420477 ], [ -71.7350621, 41.0452485 ], [ -71.734088, 41.0473411 ], [ -71.7328957, 41.0501745 ], [ -71.731074, 41.0582728 ], [ -71.7307585, 41.0615106 ], [ -71.7305455, 41.0644524 ], [ -71.7304101, 41.0696169 ], [ -71.7303302, 41.0749959 ], [ -71.7302504, 41.0782232 ], [ -71.7299215, 41.0804877 ], [ -71.7281667, 41.0862295 ], [ -71.7276394, 41.0919482 ], [ -71.7290037, 41.0933691 ], [ -71.7304628, 41.0854149 ], [ -71.7305809, 41.0847712 ], [ -71.7307211, 41.0840068 ], [ -71.7311161, 41.0832548 ], [ -71.7333081, 41.0790812 ], [ -71.7347484, 41.0758764 ], [ -71.7358931, 41.0736025 ], [ -71.7382302, 41.0681161 ], [ -71.7404702, 41.0635195 ], [ -71.7417959, 41.0612558 ], [ -71.7428661, 41.0594283 ], [ -71.7438053, 41.0582822 ], [ -71.7449175, 41.0574034 ], [ -71.7477346, 41.0551773 ], [ -71.7511656, 41.0524786 ], [ -71.7531399, 41.0502005 ], [ -71.7567228, 41.0459442 ], [ -71.7567433, 41.0459198 ], [ -71.7598293, 41.0432642 ], [ -71.7619458, 41.0420039 ], [ -71.7632411, 41.0412326 ], [ -71.7680521, 41.0383736 ], [ -71.7699113, 41.0372851 ], [ -71.77088, 41.036616 ], [ -71.7764858, 41.0329282 ], [ -71.7769785, 41.0325706 ], [ -71.7816932, 41.0297935 ], [ -71.7824191, 41.0293659 ], [ -71.7863225, 41.0274149 ], [ -71.7890548, 41.0263752 ], [ -71.792318, 41.0253454 ], [ -71.7928801, 41.0253454 ], [ -71.7936553, 41.0251497 ], [ -71.7944415, 41.0249512 ], [ -71.798579, 41.0244288 ], [ -71.8027167, 41.0241626 ], [ -71.8144269, 41.0242214 ], [ -71.8245446, 41.0247059 ], [ -71.8317582, 41.0252259 ], [ -71.832695, 41.0251668 ], [ -71.8381286, 41.0257934 ], [ -71.8420662, 41.0272422 ], [ -71.8445325, 41.0286497 ], [ -71.8476048, 41.0312684 ], [ -71.8500279, 41.0332649 ], [ -71.8531086, 41.0352782 ], [ -71.8571133, 41.0378953 ], [ -71.8576317, 41.0390726 ], [ -71.8544841, 41.0440776 ], [ -71.8533972, 41.0455968 ], [ -71.8513421, 41.0484696 ], [ -71.8487784, 41.0511164 ], [ -71.845413, 41.0549382 ], [ -71.8444589, 41.0566717 ], [ -71.843262, 41.0593901 ], [ -71.8418511, 41.0617931 ], [ -71.8393328, 41.0646492 ], [ -71.8390206, 41.0653583 ], [ -71.8389426, 41.0660673 ], [ -71.8391963, 41.0664144 ], [ -71.8409723, 41.0666384 ], [ -71.8417443, 41.0664368 ], [ -71.8425337, 41.0664217 ], [ -71.8439503, 41.0660052 ], [ -71.8502622, 41.0593899 ], [ -71.8519015, 41.0579716 ], [ -71.8652975, 41.0489489 ], [ -71.8722766, 41.0444075 ], [ -71.8735256, 41.042723 ], [ -71.8751077, 41.0397814 ], [ -71.8769594, 41.0363387 ], [ -71.8773016, 41.0357686 ], [ -71.8776572, 41.0356015 ], [ -71.8780888, 41.0355613 ], [ -71.8794578, 41.0354576 ], [ -71.8808268, 41.0350689 ], [ -71.8816201, 41.0347067 ], [ -71.883023, 41.0317605 ], [ -71.8854079, 41.0269906 ], [ -71.8871616, 41.0246057 ], [ -71.8901077, 41.0240445 ], [ -71.8930539, 41.0241146 ], [ -71.8933814, 41.0238859 ], [ -71.8943904, 41.0231814 ], [ -71.8951495, 41.0220313 ], [ -71.8957741, 41.0206123 ], [ -71.8965546, 41.0179514 ], [ -71.8968158, 41.0158731 ], [ -71.8970228, 41.0142261 ], [ -71.8973796, 41.0134152 ], [ -71.8985841, 41.0127477 ], [ -71.8995209, 41.0124521 ], [ -71.9010771, 41.0122992 ], [ -71.9016287, 41.012245 ], [ -71.9032682, 41.0128067 ], [ -71.9042051, 41.0132798 ], [ -71.9052981, 41.0143441 ], [ -71.9078745, 41.0175372 ], [ -71.9087332, 41.0180694 ], [ -71.9096701, 41.0181876 ], [ -71.9110753, 41.0178919 ], [ -71.9113875, 41.0174779 ], [ -71.9113875, 41.0167684 ], [ -71.9110751, 41.0153493 ], [ -71.9105286, 41.0139301 ], [ -71.9102354, 41.0120053 ], [ -71.9100559, 41.0108266 ], [ -71.9129942, 41.0062732 ], [ -71.9148117, 41.0034567 ], [ -71.9177102, 40.9997362 ], [ -71.9181005, 40.9990264 ], [ -71.9218991, 40.9958374 ], [ -71.9255347, 40.9936072 ], [ -71.929342, 40.9921647 ], [ -71.9321524, 40.9916322 ], [ -71.9338699, 40.9916322 ], [ -71.9366804, 40.991987 ], [ -71.9390225, 40.9923419 ], [ -71.9404277, 40.9926968 ], [ -71.9408961, 40.9926967 ], [ -71.9482346, 40.994471 ], [ -71.951982, 40.9951807 ], [ -71.9572906, 40.9954172 ], [ -71.9704582, 40.994799 ], [ -71.9758709, 40.9941153 ], [ -71.981804, 40.9924984 ], [ -71.9825847, 40.992104 ], [ -71.984659, 40.99158 ], [ -71.9919526, 40.9884953 ], [ -71.9932017, 40.9878445 ], [ -71.9985637, 40.986017 ], [ -72.0, 40.9853981 ], [ -72.0, 40.9558938 ], [ -72.0, 40.9554974 ], [ -72.0, 40.9276744 ] ], [ [ -71.8821898, 41.0136944 ], [ -71.8822679, 41.014404 ], [ -71.882424, 41.0146405 ], [ -71.8821898, 41.0153501 ], [ -71.881097, 41.0171832 ], [ -71.8796919, 41.0187797 ], [ -71.8772418, 41.0204036 ], [ -71.8754763, 41.0208494 ], [ -71.874071, 41.0208494 ], [ -71.8705579, 41.0205539 ], [ -71.8689184, 41.0200809 ], [ -71.8680597, 41.0195488 ], [ -71.8663086, 41.0177581 ], [ -71.8655613, 41.0165332 ], [ -71.8647694, 41.0138047 ], [ -71.8650927, 41.0122756 ], [ -71.8656392, 41.011566 ], [ -71.8664198, 41.0109155 ], [ -71.8701493, 41.009476 ], [ -71.874734, 41.0085497 ], [ -71.8765686, 41.0087862 ], [ -71.8775054, 41.0090819 ], [ -71.8787936, 41.0097915 ], [ -71.8805502, 41.0114473 ], [ -71.8821898, 41.0136944 ] ] ] } },
{ "type": "Feature", "properties": { "RCID": 451, "PRIM": 3, "GRUP": 1, "OBJL": 42, "RVER": 1, "AGEN": 550, "FIDN": 1796652084, "FIDS": 48294, "LNAM": "02266B16BC34BCA6", "DRVAL1": 36.5, "DRVAL2": 54.8 }, "geometry": { "type": "Polygon", "coordinates": [ [ [ -71.3828709, 41.2398349 ], [ -71.3833109, 41.240428 ], [ -71.3838666, 41.2407688 ], [ -71.3845967, 41.2412165 ], [ -71.3874897, 41.2415502 ], [ -71.3907041, 41.2413075 ], [ -71.3918291, 41.2407919 ], [ -71.3928738, 41.2394575 ], [ -71.393979, 41.2360973 ], [ -71.3943203, 41.2350596 ], [ -71.3951641, 41.2289931 ], [ -71.3960481, 41.2278101 ], [ -71.3978963, 41.2264753 ], [ -71.4004277, 41.2260506 ], [ -71.4068164, 41.2255349 ], [ -71.4090425, 41.2251147 ], [ -71.4113165, 41.2246855 ], [ -71.414531, 41.2234417 ], [ -71.4146353, 41.223374 ], [ -71.4179865, 41.2211968 ], [ -71.4209598, 41.2176775 ], [ -71.4213444, 41.2169722 ], [ -71.4226474, 41.2145828 ], [ -71.4240626, 41.21134 ], [ -71.4249778, 41.2092427 ], [ -71.4278708, 41.2055407 ], [ -71.4311656, 41.2018992 ], [ -71.4331344, 41.2003818 ], [ -71.4334337, 41.2002123 ], [ -71.4338446, 41.1998735 ], [ -71.4338318, 41.1994205 ], [ -71.4331649, 41.1977337 ], [ -71.4329896, 41.1972904 ], [ -71.432058, 41.1954686 ], [ -71.4299014, 41.1928082 ], [ -71.4278086, 41.1905044 ], [ -71.4263283, 41.188615 ], [ -71.4256136, 41.1874485 ], [ -71.425167, 41.1866869 ], [ -71.4249118, 41.185559 ], [ -71.4252053, 41.1848167 ], [ -71.4270429, 41.1836116 ], [ -71.4276682, 41.1826765 ], [ -71.4279133, 41.1821279 ], [ -71.4283573, 41.1811339 ], [ -71.4284977, 41.1799288 ], [ -71.4279489, 41.1787139 ], [ -71.4258944, 41.1762553 ], [ -71.4251798, 41.1753779 ], [ -71.4233802, 41.1735419 ], [ -71.4218247, 41.1718295 ], [ -71.4205681, 41.1699291 ], [ -71.4186717, 41.1670631 ], [ -71.4181943, 41.1661084 ], [ -71.4176981, 41.1649974 ], [ -71.4171652, 41.1635254 ], [ -71.4167977, 41.1609841 ], [ -71.4172387, 41.1577066 ], [ -71.4174409, 41.1559288 ], [ -71.4167058, 41.1540539 ], [ -71.4159892, 41.1522761 ], [ -71.4158103, 41.1506167 ], [ -71.4151921, 41.1487285 ], [ -71.4139374, 41.1468759 ], [ -71.4127943, 41.1447732 ], [ -71.4126038, 41.139473 ], [ -71.4126038, 41.1351807 ], [ -71.4118036, 41.1313203 ], [ -71.410851, 41.1252698 ], [ -71.4110034, 41.1233105 ], [ -71.410851, 41.1220139 ], [ -71.4103556, 41.1212647 ], [ -71.4092125, 41.1212359 ], [ -71.408298, 41.1215241 ], [ -71.4068698, 41.1228514 ], [ -71.4064287, 41.1236017 ], [ -71.4068918, 41.1254859 ], [ -71.4078621, 41.1294209 ], [ -71.4085236, 41.1341725 ], [ -71.4089205, 41.1391572 ], [ -71.4088103, 41.142808 ], [ -71.4081928, 41.1444083 ], [ -71.40612, 41.1473253 ], [ -71.4047308, 41.1492922 ], [ -71.4035621, 41.1507256 ], [ -71.4011364, 41.1532757 ], [ -71.400078, 41.1547757 ], [ -71.3999016, 41.1576589 ], [ -71.4001662, 41.1599588 ], [ -71.401401, 41.1627418 ], [ -71.4019303, 41.1641083 ], [ -71.4032093, 41.1666412 ], [ -71.4030108, 41.1702071 ], [ -71.4024595, 41.1721899 ], [ -71.4012908, 41.1745892 ], [ -71.4004493, 41.1753269 ], [ -71.3996069, 41.1759486 ], [ -71.397196, 41.1768399 ], [ -71.3938354, 41.1775596 ], [ -71.3911098, 41.1785193 ], [ -71.3893105, 41.1795389 ], [ -71.3879609, 41.1811182 ], [ -71.3871935, 41.1829974 ], [ -71.3871406, 41.1848166 ], [ -71.3879345, 41.1855363 ], [ -71.3904483, 41.1864558 ], [ -71.3964551, 41.1883149 ], [ -71.3982544, 41.1887946 ], [ -71.3998402, 41.1893975 ], [ -71.4022501, 41.1903138 ], [ -71.4034938, 41.1910734 ], [ -71.4039437, 41.1923127 ], [ -71.4045523, 41.1948511 ], [ -71.4049227, 41.19659 ], [ -71.4052138, 41.2000077 ], [ -71.4056637, 41.2003275 ], [ -71.4064046, 41.2003475 ], [ -71.4075424, 41.2000677 ], [ -71.4094212, 41.2002076 ], [ -71.4115646, 41.201007 ], [ -71.412967, 41.2027258 ], [ -71.4130274, 41.2037902 ], [ -71.4130464, 41.2041247 ], [ -71.4120409, 41.2070424 ], [ -71.4112105, 41.2087596 ], [ -71.4105607, 41.2102607 ], [ -71.4102269, 41.2110317 ], [ -71.4083754, 41.21326 ], [ -71.4061767, 41.2150513 ], [ -71.4060734, 41.2151004 ], [ -71.4021265, 41.2169737 ], [ -71.390381, 41.2211677 ], [ -71.3888767, 41.2220414 ], [ -71.3882981, 41.2228277 ], [ -71.3882402, 41.2239198 ], [ -71.3892238, 41.2275892 ], [ -71.3905835, 41.2316624 ], [ -71.3912666, 41.2329971 ], [ -71.3915077, 41.234271 ], [ -71.3907041, 41.2357572 ], [ -71.3896996, 41.2369401 ], [ -71.3879718, 41.2377287 ], [ -71.3854003, 41.237668 ], [ -71.3834716, 41.2376377 ], [ -71.381985, 41.2380017 ], [ -71.3821859, 41.2389116 ], [ -71.3828709, 41.2398349 ] ] ] } },
{ "type": "Feature", "properties": { "RCID": 452, "PRIM": 3, "GRUP": 1, "OBJL": 42, "RVER": 1, "AGEN": 550, "FIDN": -774244174, "FIDS": 48294, "LNAM": "0226D1D9F8B2BCA6", "DRVAL1": 18.2, "DRVAL2": 27.4 }, "geometry": { "type": "Polygon", "coordinates": [ [ [ -70.8, 41.2085354 ], [ -70.8, 41.2362382 ], [ -70.8005343, 41.2359396 ], [ -70.8073872, 41.2329891 ], [ -70.8113184, 41.2322422 ], [ -70.816905, 41.2311807 ], [ -70.8293734, 41.2266122 ], [ -70.8354648, 41.2213773 ], [ -70.8428455, 41.2092163 ], [ -70.8458372, 41.2042869 ], [ -70.8535261, 41.1952411 ], [ -70.8607627, 41.1889091 ], [ -70.8684516, 41.1863462 ], [ -70.8741385, 41.1848718 ], [ -70.8765927, 41.1842355 ], [ -70.8928751, 41.187703 ], [ -70.8965537, 41.1905769 ], [ -70.8976995, 41.1914721 ], [ -70.8982281, 41.1934691 ], [ -70.8990564, 41.196598 ], [ -70.8984533, 41.2002163 ], [ -70.8902207, 41.2063577 ], [ -70.8835278, 41.2124281 ], [ -70.8818548, 41.2136573 ], [ -70.8780811, 41.2164298 ], [ -70.8761405, 41.2178555 ], [ -70.8713161, 41.2220769 ], [ -70.870713, 41.2259967 ], [ -70.8719191, 41.2312734 ], [ -70.8734267, 41.2350425 ], [ -70.8771337, 41.2424958 ], [ -70.8777786, 41.2446608 ], [ -70.8792157, 41.2494854 ], [ -70.8793163, 41.2556444 ], [ -70.8793513, 41.2577861 ], [ -70.8793644, 41.2585928 ], [ -70.8763214, 41.2608522 ], [ -70.8746055, 41.2621263 ], [ -70.8658312, 41.2642083 ], [ -70.8626844, 41.2662071 ], [ -70.8585917, 41.2680155 ], [ -70.8510726, 41.2702046 ], [ -70.8492642, 41.2724889 ], [ -70.852881, 41.2838151 ], [ -70.8555905, 41.2877901 ], [ -70.8565422, 41.2914783 ], [ -70.852973, 41.2952854 ], [ -70.8473813, 41.2983787 ], [ -70.844288, 41.2976649 ], [ -70.8405999, 41.2956423 ], [ -70.835603, 41.2955234 ], [ -70.8320338, 41.2989736 ], [ -70.8321528, 41.3027807 ], [ -70.8333425, 41.3087294 ], [ -70.8351664, 41.3106617 ], [ -70.8395849, 41.3134473 ], [ -70.8447433, 41.3166992 ], [ -70.8456776, 41.3175019 ], [ -70.8531904, 41.3239566 ], [ -70.8584661, 41.3295888 ], [ -70.8619944, 41.3333555 ], [ -70.8638556, 41.3371721 ], [ -70.8644314, 41.3417216 ], [ -70.8643337, 41.3479563 ], [ -70.8642049, 41.3495507 ], [ -70.8651556, 41.3517798 ], [ -70.8656722, 41.3524083 ], [ -70.8652383, 41.3538059 ], [ -70.8651827, 41.3553546 ], [ -70.8654049, 41.3565266 ], [ -70.8665755, 41.35764 ], [ -70.8676042, 41.3581487 ], [ -70.8693402, 41.3586573 ], [ -70.8701117, 41.359166 ], [ -70.8704011, 41.3596746 ], [ -70.8700796, 41.3604982 ], [ -70.8690187, 41.3612732 ], [ -70.8680864, 41.3624358 ], [ -70.8676364, 41.3644218 ], [ -70.8678292, 41.3665773 ], [ -70.869083, 41.3673765 ], [ -70.8706583, 41.3680788 ], [ -70.8722335, 41.3682968 ], [ -70.8743874, 41.3679335 ], [ -70.8773772, 41.367207 ], [ -70.8795311, 41.3665531 ], [ -70.8815564, 41.3661414 ], [ -70.8823601, 41.3662624 ], [ -70.883196, 41.3665531 ], [ -70.8836782, 41.3670374 ], [ -70.8837425, 41.3680062 ], [ -70.8838068, 41.3691202 ], [ -70.8833567, 41.3707912 ], [ -70.8822958, 41.3721473 ], [ -70.8811385, 41.3728496 ], [ -70.8796275, 41.3734792 ], [ -70.8790167, 41.3738182 ], [ -70.8790489, 41.3744963 ], [ -70.8795343, 41.3754669 ], [ -70.8820941, 41.3784194 ], [ -70.8849739, 41.3807692 ], [ -70.8906254, 41.3839366 ], [ -70.8931902, 41.3852689 ], [ -70.8957599, 41.3851326 ], [ -70.8986486, 41.3840866 ], [ -70.9015373, 41.3835009 ], [ -70.9040371, 41.3829988 ], [ -70.9075924, 41.3815763 ], [ -70.9120822, 41.3789519 ], [ -70.9131751, 41.378011 ], [ -70.9137996, 41.3770701 ], [ -70.9139556, 41.3761293 ], [ -70.9137214, 41.3751884 ], [ -70.9128626, 41.3733066 ], [ -70.9107546, 41.3704838 ], [ -70.9096615, 41.3686019 ], [ -70.9095053, 41.3667199 ], [ -70.9100516, 41.3638968 ], [ -70.9098954, 41.3620146 ], [ -70.9093488, 41.3601325 ], [ -70.9078654, 41.3582503 ], [ -70.9047425, 41.3554269 ], [ -70.9039618, 41.3544857 ], [ -70.9002532, 41.3471912 ], [ -70.8968178, 41.3415432 ], [ -70.8941244, 41.3384837 ], [ -70.8906003, 41.3356289 ], [ -70.8900429, 41.3349018 ], [ -70.8891559, 41.3337447 ], [ -70.8884893, 41.3325304 ], [ -70.8888782, 41.3312324 ], [ -70.8907669, 41.3294737 ], [ -70.8916002, 41.3277569 ], [ -70.8916557, 41.3271288 ], [ -70.8910447, 41.32604 ], [ -70.889767, 41.3254119 ], [ -70.8885448, 41.3255794 ], [ -70.8869338, 41.3265006 ], [ -70.8861561, 41.3277569 ], [ -70.8850451, 41.3289712 ], [ -70.8836007, 41.3296831 ], [ -70.8818786, 41.3303531 ], [ -70.8802676, 41.331358 ], [ -70.8784344, 41.3323211 ], [ -70.8771012, 41.3332423 ], [ -70.8758791, 41.3334516 ], [ -70.8746569, 41.3328235 ], [ -70.873657, 41.3315255 ], [ -70.8732797, 41.3301875 ], [ -70.8728418, 41.3258661 ], [ -70.8728222, 41.325673 ], [ -70.8721083, 41.3245968 ], [ -70.8696882, 41.3236553 ], [ -70.8647699, 41.3233023 ], [ -70.8635207, 41.3229492 ], [ -70.8621935, 41.3224195 ], [ -70.8599295, 41.3208306 ], [ -70.8586803, 41.3189472 ], [ -70.8585241, 41.3180055 ], [ -70.8589922, 41.3132967 ], [ -70.8585853, 41.3120695 ], [ -70.8553393, 41.3080489 ], [ -70.8549324, 41.3067627 ], [ -70.8546981, 41.304879 ], [ -70.854776, 41.3039959 ], [ -70.8557908, 41.3020531 ], [ -70.8581328, 41.3004046 ], [ -70.86188, 41.2995214 ], [ -70.8643782, 41.2986971 ], [ -70.8654711, 41.2978727 ], [ -70.8670324, 41.2960476 ], [ -70.8689059, 41.2932213 ], [ -70.8700248, 41.292024 ], [ -70.8708574, 41.2895116 ], [ -70.8708574, 41.2885695 ], [ -70.8703107, 41.2856841 ], [ -70.8704668, 41.2837997 ], [ -70.8711694, 41.2829163 ], [ -70.8724184, 41.2822096 ], [ -70.8736675, 41.2825629 ], [ -70.8743233, 41.2832554 ], [ -70.8747722, 41.2840764 ], [ -70.8752531, 41.2849972 ], [ -70.8766587, 41.2870061 ], [ -70.8776575, 41.2873409 ], [ -70.8791741, 41.2877036 ], [ -70.883206, 41.2880663 ], [ -70.8860542, 41.2879268 ], [ -70.8875338, 41.2871177 ], [ -70.8889025, 41.2858063 ], [ -70.8895313, 41.28363 ], [ -70.8884956, 41.2817047 ], [ -70.8866091, 41.2803375 ], [ -70.8840198, 41.2797515 ], [ -70.8815414, 41.2791376 ], [ -70.8785452, 41.2795283 ], [ -70.8769916, 41.2798073 ], [ -70.8754629, 41.2794416 ], [ -70.8730427, 41.2783227 ], [ -70.8721059, 41.2774982 ], [ -70.8708567, 41.2756136 ], [ -70.8710127, 41.27367 ], [ -70.8723398, 41.2717851 ], [ -70.8731985, 41.2710587 ], [ -70.8778941, 41.26293 ], [ -70.8785075, 41.2619675 ], [ -70.8793188, 41.2613503 ], [ -70.8798347, 41.2611599 ], [ -70.8819282, 41.2607981 ], [ -70.8834181, 41.2606042 ], [ -70.8847282, 41.2600421 ], [ -70.8863979, 41.2588985 ], [ -70.8873483, 41.257057 ], [ -70.8866034, 41.2551379 ], [ -70.8861667, 41.2535677 ], [ -70.8868089, 41.2512026 ], [ -70.8887611, 41.2486824 ], [ -70.8909446, 41.247112 ], [ -70.8940014, 41.2454641 ], [ -70.8957224, 41.2439518 ], [ -70.8970068, 41.2413344 ], [ -70.8972123, 41.2396281 ], [ -70.8965701, 41.238678 ], [ -70.8948491, 41.2377085 ], [ -70.8918693, 41.2377085 ], [ -70.8894804, 41.2368553 ], [ -70.8875733, 41.2364396 ], [ -70.8854032, 41.2373533 ], [ -70.8833473, 41.2383242 ], [ -70.8816912, 41.2382099 ], [ -70.8804349, 41.237182 ], [ -70.8800351, 41.2353546 ], [ -70.881006, 41.2335843 ], [ -70.8840326, 41.231814 ], [ -70.8854603, 41.2307289 ], [ -70.8869225, 41.2306924 ], [ -70.887451, 41.2309798 ], [ -70.8889923, 41.2314258 ], [ -70.8903024, 41.2311737 ], [ -70.891073, 41.2306307 ], [ -70.8916381, 41.2293314 ], [ -70.8915718, 41.227897 ], [ -70.8917938, 41.2270034 ], [ -70.8927954, 41.2241891 ], [ -70.8934444, 41.2231335 ], [ -70.8938547, 41.2217327 ], [ -70.8937834, 41.2212613 ], [ -70.8931055, 41.2207495 ], [ -70.891221, 41.2206971 ], [ -70.8892936, 41.2201974 ], [ -70.8880087, 41.2188411 ], [ -70.8881515, 41.2168424 ], [ -70.8904893, 41.2147702 ], [ -70.8917945, 41.2131362 ], [ -70.8932327, 41.2118089 ], [ -70.8955764, 41.2117687 ], [ -70.898506, 41.2115273 ], [ -70.8996779, 41.210401 ], [ -70.9001466, 41.2087531 ], [ -70.9003932, 41.2069374 ], [ -70.9012564, 41.2054009 ], [ -70.902551, 41.2042602 ], [ -70.9041847, 41.2037946 ], [ -70.9067432, 41.2032359 ], [ -70.9079146, 41.2022814 ], [ -70.9092092, 41.1997437 ], [ -70.9092709, 41.197951 ], [ -70.9093942, 41.1966471 ], [ -70.9090243, 41.1948776 ], [ -70.910134, 41.1932245 ], [ -70.9146961, 41.1882415 ], [ -70.9163298, 41.1858197 ], [ -70.9167614, 41.1841896 ], [ -70.9165148, 41.1825827 ], [ -70.9138638, 41.1805334 ], [ -70.9112128, 41.1794388 ], [ -70.9074522, 41.1779715 ], [ -70.9007632, 41.1762714 ], [ -70.8989753, 41.1759919 ], [ -70.8957813, 41.1747261 ], [ -70.8922978, 41.1716994 ], [ -70.8902134, 41.1676286 ], [ -70.8887, 41.1647895 ], [ -70.8846454, 41.1610204 ], [ -70.8817901, 41.1578795 ], [ -70.8790489, 41.1563947 ], [ -70.8764791, 41.1557665 ], [ -70.8720248, 41.1567374 ], [ -70.8699118, 41.1597069 ], [ -70.8672278, 41.1614773 ], [ -70.8630875, 41.1627365 ], [ -70.8533793, 41.1655347 ], [ -70.8456984, 41.1693009 ], [ -70.8356476, 41.1824927 ], [ -70.8346342, 41.1839473 ], [ -70.8344181, 41.1840901 ], [ -70.8329159, 41.1860933 ], [ -70.8291088, 41.1892341 ], [ -70.8183536, 41.1938027 ], [ -70.8082647, 41.1967532 ], [ -70.8, 41.198721 ], [ -70.8, 41.199065 ], [ -70.8, 41.1994269 ], [ -70.8, 41.2085354 ] ], [ [ -70.8783638, 41.3506608 ], [ -70.8794965, 41.3510357 ], [ -70.8805895, 41.3510356 ], [ -70.8819947, 41.3508002 ], [ -70.8829314, 41.3508002 ], [ -70.8883963, 41.351506 ], [ -70.8908945, 41.3515059 ], [ -70.8933926, 41.3508784 ], [ -70.8965153, 41.3504469 ], [ -70.8974522, 41.3501527 ], [ -70.899638, 41.3486819 ], [ -70.8995599, 41.3479171 ], [ -70.8992476, 41.3472112 ], [ -70.8981112, 41.3458973 ], [ -70.8957344, 41.3439755 ], [ -70.8947975, 41.3435636 ], [ -70.8924554, 41.3429166 ], [ -70.8910502, 41.3426812 ], [ -70.8876932, 41.3427402 ], [ -70.8866783, 41.3429167 ], [ -70.8851951, 41.3434463 ], [ -70.8842583, 41.3439169 ], [ -70.8827082, 41.3450012 ], [ -70.8781295, 41.348837 ], [ -70.8777392, 41.349543 ], [ -70.8778953, 41.350249 ], [ -70.8783638, 41.3506608 ] ], [ [ -70.904682, 41.3789981 ], [ -70.9024673, 41.3788054 ], [ -70.9007438, 41.3782588 ], [ -70.8992925, 41.3773022 ], [ -70.8987067, 41.3758489 ], [ -70.8983382, 41.3749148 ], [ -70.8979217, 41.373033 ], [ -70.8979217, 41.3717392 ], [ -70.898312, 41.3706806 ], [ -70.8989365, 41.3699749 ], [ -70.8994049, 41.3696808 ], [ -70.9004978, 41.3693279 ], [ -70.9024495, 41.369269 ], [ -70.9050258, 41.3694846 ], [ -70.9090074, 41.3704451 ], [ -70.9098661, 41.3712095 ], [ -70.910725, 41.3727974 ], [ -70.9111414, 41.3746792 ], [ -70.9107251, 41.3756201 ], [ -70.9085393, 41.37809 ], [ -70.9076026, 41.3786192 ], [ -70.9066657, 41.3789132 ], [ -70.9057289, 41.3790308 ], [ -70.904682, 41.3789981 ] ] ] } },
{ "type": "Feature", "properties": { "RCID": 453, "PRIM": 3, "GRUP": 1, "OBJL": 42, "RVER": 1, "AGEN": 550, "FIDN": -116314906, "FIDS": 48294, "LNAM": "0226F9112CE6BCA6", "DRVAL1": 27.4, "DRVAL2": 36.5 }, "geometry": { "type": "Polygon", "coordinates": [ [ [ -71.3854157, 41.0538239 ], [ -71.3845948, 41.053481 ], [ -71.384057, 41.0525168 ], [ -71.3839438, 41.0505025 ], [ -71.3845099, 41.048381 ], [ -71.3852459, 41.0470309 ], [ -71.3867745, 41.0464094 ], [ -71.3889824, 41.046088 ], [ -71.3902562, 41.0459594 ], [ -71.3910193, 41.0458802 ], [ -71.3930342, 41.0458926 ], [ -71.3948985, 41.0461308 ], [ -71.3967101, 41.0466023 ], [ -71.3978424, 41.0473095 ], [ -71.3980689, 41.048531 ], [ -71.3983236, 41.0502239 ], [ -71.397531, 41.0522168 ], [ -71.3968234, 41.0533096 ], [ -71.3960308, 41.053781 ], [ -71.3906525, 41.0538453 ], [ -71.3870858, 41.0538667 ], [ -71.3854157, 41.0538239 ] ] ] } },
{ "type": "Feature", "properties": { "RCID": 454, "PRIM": 3, "GRUP": 1, "OBJL": 42, "RVER": 1, "AGEN": 550, "FIDN": 440061767, "FIDS": 48294, "LNAM": "02261A3ACF47BCA6", "DRVAL1": 18.2, "DRVAL2": 27.4 }, "geometry": { "type": "Polygon", "coordinates": [ [ [ -70.9513372, 41.1753942 ], [ -70.9543844, 41.1762948 ], [ -70.9575648, 41.1778395 ], [ -70.9591812, 41.1790003 ], [ -70.9606931, 41.1806143 ], [ -70.9625664, 41.1814337 ], [ -70.9649985, 41.181682 ], [ -70.9668243, 41.1816282 ], [ -70.9683855, 41.1814833 ], [ -70.9701109, 41.1807177 ], [ -70.9714804, 41.1799521 ], [ -70.9717542, 41.1790003 ], [ -70.9711517, 41.1770137 ], [ -70.9690428, 41.1719644 ], [ -70.9674543, 41.1694809 ], [ -70.9651076, 41.1671378 ], [ -70.9626131, 41.1653812 ], [ -70.9595912, 41.1647046 ], [ -70.9570203, 41.1644791 ], [ -70.9553966, 41.1642085 ], [ -70.9548553, 41.1623592 ], [ -70.952762, 41.1607746 ], [ -70.9503333, 41.1602366 ], [ -70.9486583, 41.160648 ], [ -70.9457895, 41.1629456 ], [ -70.9438952, 41.1638477 ], [ -70.9419106, 41.1648399 ], [ -70.9414145, 41.1666441 ], [ -70.9422714, 41.1684031 ], [ -70.9433992, 41.1692274 ], [ -70.9461954, 41.172282 ], [ -70.947729, 41.1738155 ], [ -70.949037, 41.1746274 ], [ -70.9513372, 41.1753942 ] ] ] } },
{ "type": "Feature", "properties": { "RCID": 455, "PRIM": 3, "GRUP": 1, "OBJL": 42, "RVER": 1, "AGEN": 550, "FIDN": -1862738229, "FIDS": 48294, "LNAM": "022690F8DECBBCA6", "DRVAL1": 10.9, "DRVAL2": 18.2 }, "geometry": { "type": "Polygon", "coordinates": [ [ [ -71.0991834, 41.3968398 ], [ -71.0982465, 41.3963108 ], [ -71.0975907, 41.3956524 ], [ -71.0969974, 41.3945472 ], [ -71.0967805, 41.3937045 ], [ -71.0971533, 41.3903143 ], [ -71.0976997, 41.3897263 ], [ -71.100432, 41.3889424 ], [ -71.1026179, 41.3886679 ], [ -71.1040232, 41.3890795 ], [ -71.10496, 41.3896085 ], [ -71.1054805, 41.3901965 ], [ -71.1062093, 41.3918426 ], [ -71.1060533, 41.393959 ], [ -71.1054287, 41.3953699 ], [ -71.1046704, 41.3962266 ], [ -71.1024622, 41.3967809 ], [ -71.1005886, 41.3970161 ], [ -71.0991834, 41.3968398 ] ] ] } },
{ "type": "Feature", "properties": { "RCID": 456, "PRIM": 3, "GRUP": 1, "OBJL": 42, "RVER": 1, "AGEN": 550, "FIDN": 166505181, "FIDS": 48294, "LNAM": "022609ECAADDBCA6", "DRVAL1": 10.9, "DRVAL2": 18.2 }, "geometry": { "type": "Polygon", "coordinates": [ [ [ -71.4923388, 41.0827835 ], [ -71.4900202, 41.082888 ], [ -71.4876387, 41.0830082 ], [ -71.4860245, 41.0830082 ], [ -71.4853101, 41.082828 ], [ -71.4843575, 41.0806255 ], [ -71.4840135, 41.0778623 ], [ -71.4843839, 41.0763405 ], [ -71.4856805, 41.0751391 ], [ -71.4878239, 41.0744182 ], [ -71.4900467, 41.074218 ], [ -71.4919519, 41.0745384 ], [ -71.494254, 41.0756998 ], [ -71.4953919, 41.0769813 ], [ -71.4960799, 41.0795042 ], [ -71.4957888, 41.0809459 ], [ -71.4952802, 41.0821194 ], [ -71.4948391, 41.0823419 ], [ -71.4940953, 41.0826077 ], [ -71.4923388, 41.0827835 ] ] ] } },
{ "type": "Feature", "properties": { "RCID": 457, "PRIM": 3, "GRUP": 1, "OBJL": 42, "RVER": 1, "AGEN": 550, "FIDN": 830640043, "FIDS": 48294, "LNAM": "022631828FABBCA6", "DRVAL1": 10.9, "DRVAL2": 18.2 }, "geometry": { "type": "Polygon", "coordinates": [ [ [ -71.5198073, 41.0757805 ], [ -71.5216596, 41.0761009 ], [ -71.5235119, 41.0768418 ], [ -71.5261051, 41.0785238 ], [ -71.5268461, 41.0801256 ], [ -71.5266608, 41.0828487 ], [ -71.5257876, 41.0848909 ], [ -71.5244381, 41.0862924 ], [ -71.522771, 41.0874536 ], [ -71.5218132, 41.0875832 ], [ -71.5203248, 41.08775 ], [ -71.5183769, 41.0873607 ], [ -71.5167966, 41.0866794 ], [ -71.5153265, 41.0850249 ], [ -71.5143342, 41.0830645 ], [ -71.5143893, 41.0805478 ], [ -71.5148671, 41.0781979 ], [ -71.5154919, 41.0772106 ], [ -71.5167782, 41.0763345 ], [ -71.5181564, 41.0759313 ], [ -71.5192038, 41.0757366 ], [ -71.5198073, 41.0757805 ] ] ] } },
{ "type": "Feature", "properties": { "RCID": 458, "PRIM": 3, "GRUP": 1, "OBJL": 42, "RVER": 1, "AGEN": 550, "FIDN": -1560253864, "FIDS": 48294, "LNAM": "0226A3006A58BCA6", "DRVAL1": 10.9, "DRVAL2": 18.2 }, "geometry": { "type": "Polygon", "coordinates": [ [ [ -71.6479297, 41.1256493 ], [ -71.6467413, 41.1266086 ], [ -71.6433844, 41.1279073 ], [ -71.6424475, 41.1281435 ], [ -71.6387784, 41.1284978 ], [ -71.6369047, 41.1277895 ], [ -71.6356556, 41.1271598 ], [ -71.6314918, 41.1245363 ], [ -71.6302686, 41.1240116 ], [ -71.6289795, 41.1235548 ], [ -71.6226626, 41.1229578 ], [ -71.6140564, 41.1241761 ], [ -71.6096586, 41.1249567 ], [ -71.6056608, 41.1262369 ], [ -71.601795, 41.1280234 ], [ -71.6004985, 41.1287717 ], [ -71.5890955, 41.1352907 ], [ -71.5876841, 41.1355249 ], [ -71.5859629, 41.1354469 ], [ -71.584345, 41.1350825 ], [ -71.5827615, 41.1343798 ], [ -71.5793351, 41.1320018 ], [ -71.577, 41.1276497 ], [ -71.5740302, 41.1244734 ], [ -71.572359, 41.1231526 ], [ -71.5702078, 41.1220765 ], [ -71.5678248, 41.1213757 ], [ -71.565806, 41.1212255 ], [ -71.5631582, 41.1211505 ], [ -71.5611063, 41.121676 ], [ -71.5574326, 41.1228273 ], [ -71.5530969, 41.1238283 ], [ -71.5483973, 41.1249796 ], [ -71.54522, 41.1259556 ], [ -71.5423737, 41.1278575 ], [ -71.5398253, 41.1301848 ], [ -71.5392296, 41.1316612 ], [ -71.5393289, 41.1337881 ], [ -71.5399246, 41.1359401 ], [ -71.5406527, 41.1384422 ], [ -71.5405534, 41.1395181 ], [ -71.5396267, 41.1420451 ], [ -71.538336, 41.1465485 ], [ -71.5382367, 41.148725 ], [ -71.5368252, 41.1582859 ], [ -71.5369483, 41.1681917 ], [ -71.5373159, 41.170767 ], [ -71.5377131, 41.1715473 ], [ -71.5394209, 41.1731378 ], [ -71.5410095, 41.1743381 ], [ -71.5414861, 41.1747582 ], [ -71.542201, 41.1762286 ], [ -71.5439882, 41.1793193 ], [ -71.5457621, 41.1826099 ], [ -71.5466674, 41.1850038 ], [ -71.5474169, 41.1869855 ], [ -71.5479134, 41.1897607 ], [ -71.5481887, 41.1938817 ], [ -71.5477122, 41.1984535 ], [ -71.5470449, 41.1993894 ], [ -71.5457582, 41.2002173 ], [ -71.5438518, 41.2003973 ], [ -71.5420408, 41.1997854 ], [ -71.5395625, 41.1989214 ], [ -71.5378587, 41.1987555 ], [ -71.5368327, 41.1989054 ], [ -71.5359722, 41.1992304 ], [ -71.5351117, 41.2002803 ], [ -71.5343174, 41.2014052 ], [ -71.5340195, 41.20278 ], [ -71.5340857, 41.2052545 ], [ -71.5344498, 41.2072041 ], [ -71.5364025, 41.2111781 ], [ -71.539679, 41.2156767 ], [ -71.541731, 41.2183507 ], [ -71.5444118, 41.2203249 ], [ -71.5478207, 41.2237983 ], [ -71.5522225, 41.2287208 ], [ -71.5558962, 41.2320938 ], [ -71.5595037, 41.2351169 ], [ -71.5638725, 41.2390892 ], [ -71.5650639, 41.2405132 ], [ -71.5658251, 41.2419371 ], [ -71.5664826, 41.2434629 ], [ -71.5664871, 41.2449348 ], [ -71.5668842, 41.250605 ], [ -71.5675462, 41.2520037 ], [ -71.5682412, 41.252803 ], [ -71.5682743, 41.2534524 ], [ -71.5680426, 41.2543266 ], [ -71.5668511, 41.2561498 ], [ -71.564733, 41.2587472 ], [ -71.5634422, 41.2604205 ], [ -71.5619529, 41.2620688 ], [ -71.5611586, 41.2632675 ], [ -71.5615226, 41.2640416 ], [ -71.5623169, 41.2649906 ], [ -71.5632105, 41.2652653 ], [ -71.5638725, 41.2651654 ], [ -71.5658913, 41.2634922 ], [ -71.5687376, 41.2603705 ], [ -71.5699622, 41.2584725 ], [ -71.5717123, 41.2565924 ], [ -71.573138, 41.2552092 ], [ -71.5740476, 41.2543266 ], [ -71.5762479, 41.2530018 ], [ -71.578163, 41.2511593 ], [ -71.5808946, 41.2464076 ], [ -71.5816492, 41.244609 ], [ -71.5831033, 41.2402151 ], [ -71.5844759, 41.2346202 ], [ -71.5846818, 41.2318744 ], [ -71.584924, 41.2301286 ], [ -71.5853486, 41.2281066 ], [ -71.5859039, 41.2267504 ], [ -71.5875642, 41.223429 ], [ -71.5945643, 41.2139461 ], [ -71.5978585, 41.2101111 ], [ -71.599986, 41.2068459 ], [ -71.6012213, 41.2038916 ], [ -71.6027311, 41.200056 ], [ -71.6051331, 41.1958055 ], [ -71.6072606, 41.1937319 ], [ -71.6100744, 41.191451 ], [ -71.6150843, 41.1879775 ], [ -71.6185843, 41.1848668 ], [ -71.6205059, 41.183104 ], [ -71.6219472, 41.1810819 ], [ -71.622908, 41.1791635 ], [ -71.624006, 41.1755338 ], [ -71.6257904, 41.1725262 ], [ -71.6322549, 41.1586649 ], [ -71.6340956, 41.1558821 ], [ -71.6353447, 41.1544659 ], [ -71.6365912, 41.1533133 ], [ -71.6377827, 41.1520375 ], [ -71.6390072, 41.1508618 ], [ -71.6401245, 41.1500079 ], [ -71.6410587, 41.1494617 ], [ -71.6423143, 41.1490432 ], [ -71.6428061, 41.1490289 ], [ -71.6456093, 41.1486055 ], [ -71.6487489, 41.1469117 ], [ -71.6504742, 41.1446186 ], [ -71.6542076, 41.1427885 ], [ -71.6559677, 41.1414407 ], [ -71.6571681, 41.1391452 ], [ -71.6584417, 41.1357099 ], [ -71.6594428, 41.1341095 ], [ -71.6614948, 41.1323078 ], [ -71.662433, 41.1318671 ], [ -71.6653471, 41.1304981 ], [ -71.6662872, 41.1300565 ], [ -71.667088, 41.1296803 ], [ -71.6675594, 41.1296251 ], [ -71.6692251, 41.1292053 ], [ -71.6760504, 41.1286316 ], [ -71.6787471, 41.1279046 ], [ -71.6809123, 41.1265321 ], [ -71.6838037, 41.1234097 ], [ -71.6895513, 41.1179718 ], [ -71.6909685, 41.1166023 ], [ -71.6947215, 41.1151732 ], [ -71.6972411, 41.1144388 ], [ -71.6988945, 41.1140419 ], [ -71.7035923, 41.1128311 ], [ -71.7051799, 41.1123854 ], [ -71.7075125, 41.111734 ], [ -71.7088763, 41.1112183 ], [ -71.7096658, 41.1107569 ], [ -71.7102041, 41.1101326 ], [ -71.7106347, 41.1092369 ], [ -71.7106428, 41.1091959 ], [ -71.71085, 41.1081512 ], [ -71.71085, 41.1068754 ], [ -71.7105988, 41.1057897 ], [ -71.7100246, 41.1048396 ], [ -71.7093069, 41.1044324 ], [ -71.708625, 41.1043239 ], [ -71.7074767, 41.1045139 ], [ -71.7062206, 41.1053554 ], [ -71.7050004, 41.1065768 ], [ -71.7036009, 41.1078797 ], [ -71.7030082, 41.1082725 ], [ -71.7000604, 41.1085126 ], [ -71.6904913, 41.1060429 ], [ -71.6870446, 41.1049795 ], [ -71.6850134, 41.1043085 ], [ -71.6857545, 41.1012398 ], [ -71.6854729, 41.099127 ], [ -71.6852943, 41.0985534 ], [ -71.6839343, 41.097863 ], [ -71.6822932, 41.09675 ], [ -71.6792375, 41.0957653 ], [ -71.6767959, 41.0958532 ], [ -71.676057, 41.0961325 ], [ -71.6714383, 41.1013002 ], [ -71.6668811, 41.1058157 ], [ -71.661893, 41.1105171 ], [ -71.6573851, 41.1145377 ], [ -71.6567388, 41.1150411 ], [ -71.6541183, 41.1182843 ], [ -71.6518935, 41.1216496 ], [ -71.6494475, 41.1244243 ], [ -71.6479297, 41.1256493 ] ], [ [ -71.6249575, 41.1306179 ], [ -71.6249313, 41.13061 ], [ -71.6227334, 41.1287833 ], [ -71.6209392, 41.1275972 ], [ -71.6188085, 41.1269194 ], [ -71.6162294, 41.1280208 ], [ -71.6153323, 41.1287833 ], [ -71.6130894, 41.1321721 ], [ -71.6134259, 41.1359844 ], [ -71.6134991, 41.1361108 ], [ -71.6120402, 41.1366457 ], [ -71.6116003, 41.1368069 ], [ -71.6109103, 41.1371025 ], [ -71.6098932, 41.1374269 ], [ -71.6089454, 41.1376097 ], [ -71.6072446, 41.137714 ], [ -71.599637, 41.1378009 ], [ -71.5922593, 41.1386523 ], [ -71.5836864, 41.1406678 ], [ -71.5811353, 41.1415192 ], [ -71.5746998, 41.1428744 ], [ -71.57031, 41.1433956 ], [ -71.5649548, 41.1434651 ], [ -71.5575541, 41.1433783 ], [ -71.5516703, 41.1434999 ], [ -71.5500844, 41.1437779 ], [ -71.5486699, 41.1441623 ], [ -71.5466165, 41.14506 ], [ -71.5430862, 41.1472908 ], [ -71.540797, 41.1491462 ], [ -71.5405764, 41.1497717 ], [ -71.5402454, 41.1525443 ], [ -71.5401627, 41.1562965 ], [ -71.5401413, 41.1564335 ], [ -71.539749, 41.1589437 ], [ -71.5396347, 41.1617694 ], [ -71.5389595, 41.1668416 ], [ -71.5387609, 41.1702929 ], [ -71.5391581, 41.1716134 ], [ -71.5406276, 41.1729338 ], [ -71.5453537, 41.1766848 ], [ -71.5505168, 41.1803156 ], [ -71.5519465, 41.1819059 ], [ -71.5538132, 41.1843063 ], [ -71.5548161, 41.1861816 ], [ -71.5554018, 41.1872766 ], [ -71.5569904, 41.1916568 ], [ -71.5575323, 41.193117 ], [ -71.5576117, 41.1945569 ], [ -71.5574926, 41.1956969 ], [ -71.5564203, 41.1974668 ], [ -71.5543948, 41.1995066 ], [ -71.5534813, 41.2004365 ], [ -71.5496686, 41.2017863 ], [ -71.5461736, 41.2028962 ], [ -71.5442673, 41.204186 ], [ -71.542917, 41.2055057 ], [ -71.5414078, 41.2076053 ], [ -71.5410503, 41.2096748 ], [ -71.5415666, 41.2119541 ], [ -71.5448233, 41.2150431 ], [ -71.5499466, 41.220591 ], [ -71.5535607, 41.2252688 ], [ -71.5559834, 41.2278775 ], [ -71.5583663, 41.2295865 ], [ -71.561623, 41.2314155 ], [ -71.5667861, 41.2340239 ], [ -71.5705193, 41.2360925 ], [ -71.5718377, 41.2374391 ], [ -71.5721411, 41.2381886 ], [ -71.5722838, 41.239056 ], [ -71.5718592, 41.2402147 ], [ -71.5704547, 41.2424582 ], [ -71.5694382, 41.2441841 ], [ -71.5688314, 41.246807 ], [ -71.5685832, 41.2500542 ], [ -71.5688038, 41.2513031 ], [ -71.5698243, 41.2526352 ], [ -71.570762, 41.2532596 ], [ -71.5718377, 41.2533429 ], [ -71.5740441, 41.2527184 ], [ -71.5757817, 41.2516361 ], [ -71.5769545, 41.250577 ], [ -71.5775165, 41.2501528 ], [ -71.5789961, 41.2482383 ], [ -71.5800247, 41.246377 ], [ -71.5803187, 41.2453663 ], [ -71.5804236, 41.2435707 ], [ -71.5812985, 41.2413729 ], [ -71.5816613, 41.2384841 ], [ -71.582801, 41.2328411 ], [ -71.5830366, 41.2299968 ], [ -71.5837587, 41.2271416 ], [ -71.5841728, 41.2250242 ], [ -71.5845647, 41.2231501 ], [ -71.5846947, 41.2217641 ], [ -71.5851245, 41.2207366 ], [ -71.5855304, 41.219727 ], [ -71.5860318, 41.2186273 ], [ -71.5864855, 41.2172751 ], [ -71.5868197, 41.2155082 ], [ -71.5885759, 41.2108814 ], [ -71.5954409, 41.208047 ], [ -71.5971472, 41.2065627 ], [ -71.5983355, 41.2043641 ], [ -71.598989, 41.200909 ], [ -71.5996892, 41.1980767 ], [ -71.6002055, 41.1954069 ], [ -71.6009601, 41.1937869 ], [ -71.6025488, 41.1920469 ], [ -71.6048125, 41.1910569 ], [ -71.6075926, 41.1903969 ], [ -71.6093798, 41.1897369 ], [ -71.6114053, 41.1881168 ], [ -71.6145032, 41.1852965 ], [ -71.6174818, 41.181756 ], [ -71.6202619, 41.1774351 ], [ -71.6226449, 41.1723637 ], [ -71.6236353, 41.1701938 ], [ -71.6257262, 41.1647754 ], [ -71.6276944, 41.1614285 ], [ -71.6298801, 41.1583604 ], [ -71.630973, 41.1565902 ], [ -71.6330121, 41.1513434 ], [ -71.633223, 41.151097 ], [ -71.6357403, 41.1481561 ], [ -71.6358264, 41.1477144 ], [ -71.635845, 41.1460927 ], [ -71.635405, 41.1450481 ], [ -71.6351808, 41.1419987 ], [ -71.6359138, 41.1401144 ], [ -71.6374726, 41.1360972 ], [ -71.6359682, 41.1353838 ], [ -71.6310967, 41.1331159 ], [ -71.6268925, 41.1312006 ], [ -71.6249575, 41.1306179 ] ] ] } },
{ "type": "Feature", "properties": { "RCID": 459, "PRIM": 3, "GRUP": 1, "OBJL": 42, "RVER": 1, "AGEN": 550, "FIDN": 1730930684, "FIDS": 48294, "LNAM": "0226672BE7FCBCA6", "DRVAL1": 10.9, "DRVAL2": 18.2 }, "geometry": { "type": "Polygon", "coordinates": [ [ [ -71.433929, 41.1710505 ], [ -71.4315619, 41.1697694 ], [ -71.4302928, 41.1687297 ], [ -71.4280066, 41.167266 ], [ -71.4273747, 41.1667827 ], [ -71.426765, 41.1663163 ], [ -71.4257203, 41.1654423 ], [ -71.4245137, 41.1646984 ], [ -71.4227355, 41.1626827 ], [ -71.4229577, 41.1606909 ], [ -71.4240056, 41.159443 ], [ -71.4251815, 41.1587199 ], [ -71.4268979, 41.1579516 ], [ -71.4289281, 41.1573296 ], [ -71.4341957, 41.1572466 ], [ -71.4374879, 41.1574955 ], [ -71.4435171, 41.1585568 ], [ -71.44948, 41.1596732 ], [ -71.4531634, 41.1604171 ], [ -71.4573232, 41.1609451 ], [ -71.4592284, 41.161449 ], [ -71.4602057, 41.1619459 ], [ -71.4609748, 41.1623369 ], [ -71.4618957, 41.1634408 ], [ -71.4619275, 41.1653845 ], [ -71.4611019, 41.168024 ], [ -71.4595142, 41.1717191 ], [ -71.4592715, 41.1727868 ], [ -71.4586251, 41.17563 ], [ -71.457683, 41.1770255 ], [ -71.4561483, 41.178285 ], [ -71.454984, 41.1786649 ], [ -71.4535021, 41.1786649 ], [ -71.4514646, 41.178385 ], [ -71.4496214, 41.1775976 ], [ -71.4464105, 41.1762258 ], [ -71.4376252, 41.1725669 ], [ -71.4354819, 41.1716471 ], [ -71.433929, 41.1710505 ] ] ] } },
{ "type": "Feature", "properties": { "RCID": 460, "PRIM": 3, "GRUP": 1, "OBJL": 42, "RVER": 1, "AGEN": 550, "FIDN": 640302392, "FIDS": 48294, "LNAM": "0226262A3D38BCA6", "DRVAL1": 18.2, "DRVAL2": 27.4 }, "geometry": { "type": "Polygon", "coordinates": [ [ [ -70.9854925, 41.3351748 ], [ -70.9844816, 41.3345887 ], [ -70.9832374, 41.3332113 ], [ -70.9829263, 41.3318046 ], [ -70.9829263, 41.3302513 ], [ -70.983354, 41.3289618 ], [ -70.9852204, 41.3277894 ], [ -70.9880198, 41.326617 ], [ -70.9891474, 41.3266464 ], [ -70.9908971, 41.326705 ], [ -70.9931522, 41.3274963 ], [ -70.995174, 41.3285514 ], [ -70.9966127, 41.3304565 ], [ -70.9968459, 41.332508 ], [ -70.9962238, 41.333944 ], [ -70.9938132, 41.3351162 ], [ -70.9912859, 41.33538 ], [ -70.9877088, 41.33538 ], [ -70.9854925, 41.3351748 ] ] ] } },
{ "type": "Feature", "properties": { "RCID": 461, "PRIM": 3, "GRUP": 1, "OBJL": 42, "RVER": 1, "AGEN": 550, "FIDN": -1684142807, "FIDS": 48294, "LNAM": "02269B9E0529BCA6", "DRVAL1": 27.4, "DRVAL2": 36.5 }, "geometry": { "type": "Polygon", "coordinates": [ [ [ -71.3296673, 41.0562264 ], [ -71.3325546, 41.0563069 ], [ -71.3344221, 41.0567087 ], [ -71.3355033, 41.0572592 ], [ -71.3359357, 41.0594614 ], [ -71.3357785, 41.0619015 ], [ -71.3352674, 41.063181 ], [ -71.3345597, 41.0638357 ], [ -71.3332033, 41.0642076 ], [ -71.3248489, 41.0641332 ], [ -71.323178, 41.0641035 ], [ -71.3224114, 41.0633298 ], [ -71.3220969, 41.0619759 ], [ -71.3221558, 41.059997 ], [ -71.3228832, 41.05778 ], [ -71.3236498, 41.0569616 ], [ -71.3256156, 41.0564706 ], [ -71.3274634, 41.0562623 ], [ -71.3296673, 41.0562264 ] ] ] } },
{ "type": "Feature", "properties": { "RCID": 462, "PRIM": 3, "GRUP": 1, "OBJL": 42, "RVER": 1, "AGEN": 550, "FIDN": 1294586049, "FIDS": 48294, "LNAM": "02264D29D0C1BCA6", "DRVAL1": 27.4, "DRVAL2": 36.5 }, "geometry": { "type": "Polygon", "coordinates": [ [ [ -71.8498231, 41.2730305 ], [ -71.851053, 41.2734281 ], [ -71.8517922, 41.2738519 ], [ -71.852151, 41.2740577 ], [ -71.8526781, 41.2747204 ], [ -71.8528538, 41.2752175 ], [ -71.852766, 41.2758471 ], [ -71.8524146, 41.2762447 ], [ -71.8517557, 41.2766423 ], [ -71.8509212, 41.2769074 ], [ -71.8501306, 41.2769737 ], [ -71.84934, 41.2769737 ], [ -71.8485933, 41.2768743 ], [ -71.8479344, 41.2764104 ], [ -71.847583, 41.2758471 ], [ -71.8474952, 41.2751512 ], [ -71.8474952, 41.2744553 ], [ -71.8479344, 41.2739914 ], [ -71.8486372, 41.2732956 ], [ -71.8498231, 41.2730305 ] ] ] } },
{ "type": "Feature", "properties": { "RCID": 463, "PRIM": 3, "GRUP": 1, "OBJL": 42, "RVER": 1, "AGEN": 550, "FIDN": -792965850, "FIDS": 48294, "LNAM": "0226D0BC4D26BCA6", "DRVAL1": 10.9, "DRVAL2": 18.2 }, "geometry": { "type": "Polygon", "coordinates": [ [ [ -72.0, 41.1112283 ], [ -72.0, 41.1203578 ], [ -71.9993306, 41.1204545 ], [ -71.9983855, 41.1205909 ], [ -71.9952711, 41.1202768 ], [ -71.9932562, 41.1196506 ], [ -71.992097, 41.1186905 ], [ -71.9910205, 41.1169997 ], [ -71.9906617, 41.1147454 ], [ -71.9912965, 41.113472 ], [ -71.9926214, 41.1120108 ], [ -71.9952435, 41.1108835 ], [ -71.9982796, 41.1107791 ], [ -72.0, 41.1112283 ] ] ] } },
{ "type": "Feature", "properties": { "RCID": 464, "PRIM": 3, "GRUP": 1, "OBJL": 42, "RVER": 1, "AGEN": 550, "FIDN": 503330829, "FIDS": 48294, "LNAM": "02261E00380DBCA6", "DRVAL1": 5.4, "DRVAL2": 9.1 }, "geometry": { "type": "Polygon", "coordinates": [ [ [ -71.9657271, 41.1747749 ], [ -71.9650287, 41.1758752 ], [ -71.963523, 41.1767483 ], [ -71.9621251, 41.1774052 ], [ -71.9592952, 41.1779719 ], [ -71.9566528, 41.1782166 ], [ -71.9543735, 41.1779743 ], [ -71.9510152, 41.1761047 ], [ -71.9489296, 41.1732467 ], [ -71.9498198, 41.1700872 ], [ -71.9515246, 41.168258 ], [ -71.9544227, 41.1667894 ], [ -71.9565195, 41.1666219 ], [ -71.9592983, 41.1668538 ], [ -71.9619748, 41.167601 ], [ -71.9640716, 41.1685156 ], [ -71.9658446, 41.1703449 ], [ -71.9662196, 41.1718005 ], [ -71.9662599, 41.1735673 ], [ -71.9657271, 41.1747749 ] ], [ [ -71.9552654, 41.1772929 ], [ -71.9542019, 41.1769176 ], [ -71.953232, 41.1762105 ], [ -71.9528058, 41.1748065 ], [ -71.9518, 41.171715 ], [ -71.9519875, 41.1698085 ], [ -71.9526012, 41.1690614 ], [ -71.9541014, 41.1681467 ], [ -71.9557209, 41.1678633 ], [ -71.9584315, 41.1680823 ], [ -71.9615341, 41.1686234 ], [ -71.963256, 41.1696024 ], [ -71.9641083, 41.1705943 ], [ -71.9642277, 41.1724363 ], [ -71.9639549, 41.1740851 ], [ -71.9627275, 41.1759657 ], [ -71.9615, 41.1766355 ], [ -71.9593298, 41.1771109 ], [ -71.9578689, 41.1773053 ], [ -71.9552654, 41.1772929 ] ] ] } },
{ "type": "Feature", "properties": { "RCID": 465, "PRIM": 3, "GRUP": 1, "OBJL": 42, "RVER": 1, "AGEN": 550, "FIDN": 1855940142, "FIDS": 48294, "LNAM": "02266E9F662EBCA6", "DRVAL1": 36.5, "DRVAL2": 109.7 }, "geometry": { "type": "Polygon", "coordinates": [ [ [ -72.0, 41.2147877 ], [ -71.999364, 41.2147226 ], [ -71.9981611, 41.2141665 ], [ -71.9962709, 41.2116269 ], [ -71.9947243, 41.2090315 ], [ -71.9928832, 41.2068995 ], [ -71.9907474, 41.2050456 ], [ -71.9878507, 41.2026725 ], [ -71.9825237, 41.1995576 ], [ -71.9781786, 41.1975922 ], [ -71.9739562, 41.1960161 ], [ -71.966518, 41.1934016 ], [ -71.9595708, 41.1908241 ], [ -71.9575823, 41.1902677 ], [ -71.9558639, 41.1899525 ], [ -71.9523535, 41.189934 ], [ -71.9499968, 41.1897856 ], [ -71.9463145, 41.1898783 ], [ -71.943786, 41.1896372 ], [ -71.9410857, 41.1891551 ], [ -71.9381153, 41.1880053 ], [ -71.9354641, 41.1866887 ], [ -71.9308489, 41.18476 ], [ -71.9273139, 41.1832578 ], [ -71.9176664, 41.1798452 ], [ -71.911431, 41.1777308 ], [ -71.9030109, 41.1750043 ], [ -71.8930932, 41.1721478 ], [ -71.8875698, 41.1705525 ], [ -71.878806, 41.1683265 ], [ -71.8720551, 41.1667312 ], [ -71.864936, 41.1657666 ], [ -71.861892, 41.1653584 ], [ -71.859743, 41.1651525 ], [ -71.8567596, 41.1644905 ], [ -71.8538892, 41.1633222 ], [ -71.8494541, 41.1613162 ], [ -71.8446386, 41.1592833 ], [ -71.836834, 41.155739 ], [ -71.831078, 41.1539522 ], [ -71.8210696, 41.1516453 ], [ -71.8150712, 41.1510326 ], [ -71.8105644, 41.1505722 ], [ -71.8070863, 41.1506259 ], [ -71.8068508, 41.1507431 ], [ -71.8041761, 41.1520745 ], [ -71.8032576, 41.1529168 ], [ -71.8025757, 41.1536792 ], [ -71.8025047, 41.1543557 ], [ -71.8027178, 41.1552254 ], [ -71.8039111, 41.1564387 ], [ -71.8061557, 41.1585753 ], [ -71.8086134, 41.1602073 ], [ -71.8109148, 41.1610876 ], [ -71.8130657, 41.1615493 ], [ -71.8164752, 41.1623738 ], [ -71.8197824, 41.1637266 ], [ -71.8263608, 41.1666587 ], [ -71.8303867, 41.1682355 ], [ -71.8359208, 41.1704555 ], [ -71.8451683, 41.1739172 ], [ -71.8565368, 41.1780198 ], [ -71.8665919, 41.1815271 ], [ -71.8877292, 41.1889399 ], [ -71.9011339, 41.1936503 ], [ -71.9072282, 41.1954446 ], [ -71.9167531, 41.1973174 ], [ -71.9233058, 41.1985199 ], [ -71.9365832, 41.2005384 ], [ -71.9477891, 41.202087 ], [ -71.9554954, 41.2026209 ], [ -71.9628128, 41.2032617 ], [ -71.967479, 41.2051038 ], [ -71.9710494, 41.2077468 ], [ -71.9726048, 41.2093218 ], [ -71.9722866, 41.2101494 ], [ -71.9702363, 41.2109502 ], [ -71.9667013, 41.2115375 ], [ -71.963237, 41.2119379 ], [ -71.9597727, 41.2139133 ], [ -71.9553187, 41.2167427 ], [ -71.9504757, 41.2204529 ], [ -71.9500515, 41.2213337 ], [ -71.9503343, 41.2223479 ], [ -71.951006, 41.2231753 ], [ -71.9530818, 41.2246278 ], [ -71.958462, 41.2274851 ], [ -71.9621762, 41.2299512 ], [ -71.9638848, 41.2313745 ], [ -71.9645034, 41.2323085 ], [ -71.964474, 41.2330868 ], [ -71.9638553, 41.2333537 ], [ -71.961263, 41.2335538 ], [ -71.9546644, 41.2329979 ], [ -71.9492146, 41.2320639 ], [ -71.9419678, 41.2304627 ], [ -71.9341614, 41.2274604 ], [ -71.9263549, 41.2245913 ], [ -71.9215827, 41.2229232 ], [ -71.9176058, 41.2219001 ], [ -71.9143949, 41.2212996 ], [ -71.9110956, 41.2208992 ], [ -71.9070598, 41.2210327 ], [ -71.9001371, 41.2226563 ], [ -71.8986936, 41.2229455 ], [ -71.8907399, 41.2229232 ], [ -71.8870576, 41.2223894 ], [ -71.8764232, 41.2195647 ], [ -71.8681748, 41.2173626 ], [ -71.8643747, 41.2163839 ], [ -71.8619002, 41.2157166 ], [ -71.8586598, 41.2155386 ], [ -71.8564505, 41.2157611 ], [ -71.8521495, 41.2172736 ], [ -71.8476424, 41.2187194 ], [ -71.8464052, 41.2187417 ], [ -71.8444609, 41.2185637 ], [ -71.8414562, 41.2170734 ], [ -71.8386282, 41.2152717 ], [ -71.8372731, 41.2146933 ], [ -71.8352994, 41.2141372 ], [ -71.8338498, 41.2138248 ], [ -71.8309333, 41.2136697 ], [ -71.8280168, 41.214197 ], [ -71.8235394, 41.2150965 ], [ -71.8204176, 41.2150965 ], [ -71.818528, 41.214259 ], [ -71.8177065, 41.2130493 ], [ -71.817419, 41.2116224 ], [ -71.8171725, 41.2087996 ], [ -71.8160634, 41.2068453 ], [ -71.8134756, 41.2018196 ], [ -71.8124076, 41.2003304 ], [ -71.8072318, 41.1954904 ], [ -71.7987289, 41.1882606 ], [ -71.7932656, 41.1845369 ], [ -71.7875148, 41.1812163 ], [ -71.7841465, 41.1794784 ], [ -71.7782725, 41.1775542 ], [ -71.7764651, 41.1770576 ], [ -71.774822, 41.1771818 ], [ -71.7744972, 41.1772499 ], [ -71.7733432, 41.1774921 ], [ -71.7722342, 41.1781129 ], [ -71.7718645, 41.1788267 ], [ -71.7716591, 41.1807508 ], [ -71.7721109, 41.1820853 ], [ -71.7729735, 41.1832645 ], [ -71.7760954, 41.1857781 ], [ -71.7815176, 41.1900604 ], [ -71.7836536, 41.1921393 ], [ -71.7855021, 41.1946216 ], [ -71.7867344, 41.1965763 ], [ -71.7893633, 41.2010129 ], [ -71.7919922, 41.2051701 ], [ -71.7955659, 41.2095751 ], [ -71.7965995, 41.2101091 ], [ -71.7986878, 41.2111882 ], [ -71.8055888, 41.2146002 ], [ -71.8115039, 41.2187875 ], [ -71.8152419, 41.2224783 ], [ -71.8165601, 41.22535 ], [ -71.8186139, 41.2296606 ], [ -71.8215304, 41.2349322 ], [ -71.8232556, 41.2372578 ], [ -71.8252274, 41.2386531 ], [ -71.8279384, 41.2396763 ], [ -71.8324354, 41.2400818 ], [ -71.8397783, 41.2391276 ], [ -71.843767, 41.2385487 ], [ -71.8504659, 41.2384073 ], [ -71.8549409, 41.2386218 ], [ -71.8574803, 41.2386873 ], [ -71.8613529, 41.2382455 ], [ -71.8651236, 41.2376451 ], [ -71.870161, 41.2359551 ], [ -71.8739316, 41.2339537 ], [ -71.8783798, 41.2328196 ], [ -71.8818264, 41.2327529 ], [ -71.8869227, 41.2331532 ], [ -71.8918423, 41.2339537 ], [ -71.895554, 41.2349767 ], [ -71.8968207, 41.2362442 ], [ -71.8975572, 41.2380231 ], [ -71.8973509, 41.2400021 ], [ -71.8964967, 41.2412918 ], [ -71.8945819, 41.2422034 ], [ -71.8928438, 41.2426481 ], [ -71.8874235, 41.2427371 ], [ -71.8823272, 41.2425814 ], [ -71.878262, 41.2435153 ], [ -71.8762588, 41.2450939 ], [ -71.8757875, 41.2462723 ], [ -71.8766418, 41.2474951 ], [ -71.8778201, 41.24834 ], [ -71.8806481, 41.2491181 ], [ -71.8836234, 41.249963 ], [ -71.8906345, 41.2508522 ], [ -71.8956424, 41.2512524 ], [ -71.8981758, 41.251408 ], [ -71.9036256, 41.251697 ], [ -71.9076024, 41.2518971 ], [ -71.9084862, 41.2521417 ], [ -71.9097146, 41.2531258 ], [ -71.9096294, 41.2543909 ], [ -71.9092735, 41.2555883 ], [ -71.9085513, 41.256973 ], [ -71.9082672, 41.2584738 ], [ -71.9087408, 41.2597603 ], [ -71.9094629, 41.2603409 ], [ -71.9108693, 41.2608162 ], [ -71.9130713, 41.2609662 ], [ -71.915941, 41.2606018 ], [ -71.9189454, 41.2600601 ], [ -71.9219283, 41.2599493 ], [ -71.924933, 41.2601938 ], [ -71.9274959, 41.2604161 ], [ -71.9297053, 41.2601716 ], [ -71.9320795, 41.2595634 ], [ -71.9342611, 41.2586329 ], [ -71.9388966, 41.2565886 ], [ -71.9469564, 41.2526938 ], [ -71.9578442, 41.2483185 ], [ -71.9651654, 41.2458483 ], [ -71.9721822, 41.2435013 ], [ -71.9764339, 41.2424282 ], [ -71.9799798, 41.2424539 ], [ -71.9818209, 41.2428013 ], [ -71.986005, 41.2444186 ], [ -71.9896553, 41.246012 ], [ -71.9913825, 41.2465862 ], [ -71.9928076, 41.2466896 ], [ -71.9940202, 41.2465655 ], [ -71.9946094, 41.246369 ], [ -71.9959385, 41.2459088 ], [ -71.9974938, 41.2448534 ], [ -71.9990849, 41.2430734 ], [ -72.0, 41.2409518 ], [ -72.0, 41.2147877 ] ], [ [ -71.9786343, 41.2208786 ], [ -71.9799281, 41.221674 ], [ -71.98113, 41.2229284 ], [ -71.9823975, 41.2249563 ], [ -71.9824793, 41.226439 ], [ -71.9817224, 41.2273812 ], [ -71.9798813, 41.2281997 ], [ -71.9772628, 41.2286322 ], [ -71.9750329, 41.2286322 ], [ -71.9711052, 41.2278754 ], [ -71.9691004, 41.2271649 ], [ -71.9673206, 41.226022 ], [ -71.9666864, 41.225188 ], [ -71.9662773, 41.2237053 ], [ -71.9664819, 41.2222688 ], [ -71.9680366, 41.2198747 ], [ -71.968814, 41.2193341 ], [ -71.9700005, 41.2187471 ], [ -71.9710029, 41.2186545 ], [ -71.9736828, 41.2187471 ], [ -71.9751966, 41.2190252 ], [ -71.9765345, 41.219432 ], [ -71.9786343, 41.2208786 ] ] ] } },
{ "type": "Feature", "properties": { "RCID": 466, "PRIM": 3, "GRUP": 1, "OBJL": 42, "RVER": 1, "AGEN": 550, "FIDN": 414492646, "FIDS": 48294, "LNAM": "022618B4A7E6BCA6", "DRVAL1": 18.2, "DRVAL2": 27.4 }, "geometry": { "type": "Polygon", "coordinates": [ [ [ -71.5397415, 41.2544863 ], [ -71.5402344, 41.2538539 ], [ -71.5412696, 41.2521055 ], [ -71.5418611, 41.2511383 ], [ -71.5429126, 41.2499196 ], [ -71.544539, 41.2482134 ], [ -71.5463727, 41.2469634 ], [ -71.5483432, 41.2461388 ], [ -71.5502544, 41.2448901 ], [ -71.5504826, 41.2444595 ], [ -71.5503114, 41.2439858 ], [ -71.5498034, 41.2434364 ], [ -71.5473782, 41.2421417 ], [ -71.5434151, 41.2412934 ], [ -71.5401618, 41.2410255 ], [ -71.536731, 41.2409809 ], [ -71.5331957, 41.2415756 ], [ -71.5304915, 41.2423507 ], [ -71.5277141, 41.244107 ], [ -71.5264325, 41.245558 ], [ -71.5259396, 41.2470089 ], [ -71.5261368, 41.2492039 ], [ -71.5275169, 41.2514731 ], [ -71.5302773, 41.2532959 ], [ -71.5333335, 41.2547095 ], [ -71.5353052, 41.2550443 ], [ -71.5372769, 41.2551559 ], [ -71.5388049, 41.2551187 ], [ -71.5397415, 41.2544863 ] ] ] } },
{ "type": "Feature", "properties": { "RCID": 467, "PRIM": 3, "GRUP": 1, "OBJL": 42, "RVER": 1, "AGEN": 550, "FIDN": -1935429210, "FIDS": 48294, "LNAM": "02268CA3B1A6BCA6", "DRVAL1": 0.0, "DRVAL2": 18.2 }, "geometry": { "type": "Polygon", "coordinates": [ [ [ -72.0, 41.0400775 ], [ -71.9988757, 41.0409943 ], [ -71.997277, 41.0420261 ], [ -71.9953022, 41.0443044 ], [ -71.9939857, 41.046725 ], [ -71.9928572, 41.0474726 ], [ -71.9913056, 41.0482201 ], [ -71.9892837, 41.0487893 ], [ -71.9864626, 41.0488961 ], [ -71.9834533, 41.0488249 ], [ -71.9813375, 41.0481486 ], [ -71.9808543, 41.0476608 ], [ -71.9806322, 41.0474367 ], [ -71.9806792, 41.0466536 ], [ -71.9803971, 41.0455501 ], [ -71.9787984, 41.044233 ], [ -71.9773408, 41.0432362 ], [ -71.9745667, 41.0419546 ], [ -71.9725919, 41.0411002 ], [ -71.9707581, 41.0409934 ], [ -71.9682191, 41.0411714 ], [ -71.9654449, 41.0421682 ], [ -71.9635171, 41.0430579 ], [ -71.960884, 41.0446955 ], [ -71.9596615, 41.045977 ], [ -71.9586271, 41.047294 ], [ -71.9577808, 41.0491094 ], [ -71.9574516, 41.0503197 ], [ -71.9576867, 41.0516723 ], [ -71.958298, 41.0527045 ], [ -71.9585331, 41.0538788 ], [ -71.9585331, 41.0561923 ], [ -71.9593794, 41.0589328 ], [ -71.9603198, 41.0607478 ], [ -71.9611191, 41.0620638 ], [ -71.9617774, 41.0630959 ], [ -71.9619655, 41.0640211 ], [ -71.9616834, 41.0647329 ], [ -71.9610251, 41.0659428 ], [ -71.9601317, 41.0677577 ], [ -71.9598496, 41.0686473 ], [ -71.9601317, 41.0696437 ], [ -71.9599436, 41.0705333 ], [ -71.9591913, 41.071067 ], [ -71.9572635, 41.072099 ], [ -71.9565112, 41.0728106 ], [ -71.9554298, 41.0732376 ], [ -71.953549, 41.0732376 ], [ -71.950963, 41.0733088 ], [ -71.9491918, 41.0734398 ], [ -71.9473095, 41.0737647 ], [ -71.9446676, 41.0748643 ], [ -71.9411672, 41.0761388 ], [ -71.939483, 41.0767385 ], [ -71.9387235, 41.0767885 ], [ -71.9381291, 41.0765636 ], [ -71.9381218, 41.0765554 ], [ -71.9377328, 41.0761138 ], [ -71.9374356, 41.075464 ], [ -71.9372919, 41.0746063 ], [ -71.9374714, 41.0742532 ], [ -71.938225, 41.0737916 ], [ -71.9392532, 41.073419 ], [ -71.9399593, 41.0730261 ], [ -71.9402085, 41.0726489 ], [ -71.9402085, 41.0723817 ], [ -71.9399385, 41.0721616 ], [ -71.939627, 41.0722402 ], [ -71.939274, 41.0724288 ], [ -71.9387963, 41.0725703 ], [ -71.9383186, 41.0725388 ], [ -71.938111, 41.0723817 ], [ -71.9380071, 41.0721459 ], [ -71.9381173, 41.071809 ], [ -71.938225, 41.0708313 ], [ -71.938548, 41.0686314 ], [ -71.938548, 41.0677351 ], [ -71.9380097, 41.0673277 ], [ -71.9373278, 41.0674092 ], [ -71.9365742, 41.0680067 ], [ -71.9360718, 41.0691474 ], [ -71.9358565, 41.0699351 ], [ -71.9355694, 41.0703968 ], [ -71.9350311, 41.0708856 ], [ -71.9346004, 41.0710486 ], [ -71.9334161, 41.0710486 ], [ -71.932196, 41.0702881 ], [ -71.9317653, 41.0695005 ], [ -71.9310835, 41.0676537 ], [ -71.930904, 41.0669203 ], [ -71.9308682, 41.0665129 ], [ -71.9310117, 41.0662142 ], [ -71.9316936, 41.0658882 ], [ -71.9327343, 41.0657253 ], [ -71.9337032, 41.0658882 ], [ -71.9346722, 41.0660783 ], [ -71.9350669, 41.0660512 ], [ -71.9354258, 41.0658339 ], [ -71.9354617, 41.0655351 ], [ -71.9352464, 41.0651005 ], [ -71.9350115, 41.0644703 ], [ -71.9318965, 41.0605666 ], [ -71.9294454, 41.0585567 ], [ -71.9279645, 41.0576677 ], [ -71.9264326, 41.0565467 ], [ -71.9261772, 41.0550779 ], [ -71.926024, 41.0527585 ], [ -71.9253602, 41.0519081 ], [ -71.9247474, 41.0519854 ], [ -71.9247474, 41.0526426 ], [ -71.9249517, 41.0548459 ], [ -71.9250027, 41.0557736 ], [ -71.9247985, 41.0558123 ], [ -71.9244921, 41.0555031 ], [ -71.9237772, 41.0546913 ], [ -71.9220517, 41.0525371 ], [ -71.9204817, 41.0514777 ], [ -71.9201957, 41.0512848 ], [ -71.9187835, 41.0504602 ], [ -71.9171292, 41.0500325 ], [ -71.915596, 41.0496965 ], [ -71.9129331, 41.0485358 ], [ -71.9121665, 41.0485053 ], [ -71.9103912, 41.0489024 ], [ -71.9096649, 41.0495744 ], [ -71.908979, 41.0504296 ], [ -71.9083738, 41.0514681 ], [ -71.9081317, 41.0528731 ], [ -71.9078089, 41.0558662 ], [ -71.9078089, 41.0573017 ], [ -71.9082527, 41.0592563 ], [ -71.9086965, 41.0601114 ], [ -71.9092614, 41.0609054 ], [ -71.9097052, 41.0612108 ], [ -71.9106736, 41.0615467 ], [ -71.9120858, 41.0618521 ], [ -71.9134576, 41.0622797 ], [ -71.9144259, 41.0627683 ], [ -71.9152732, 41.064203 ], [ -71.9160802, 41.0676232 ], [ -71.9164433, 41.0689665 ], [ -71.9170082, 41.069852 ], [ -71.9180976, 41.0706459 ], [ -71.9196308, 41.0711345 ], [ -71.9209219, 41.0714398 ], [ -71.9218499, 41.0714398 ], [ -71.9228183, 41.0714093 ], [ -71.9241901, 41.0713177 ], [ -71.9265303, 41.0721116 ], [ -71.9282652, 41.0727517 ], [ -71.9306054, 41.0736982 ], [ -71.9338332, 41.0747364 ], [ -71.9365365, 41.0764157 ], [ -71.9373838, 41.0784307 ], [ -71.9371793, 41.0787881 ], [ -71.9368302, 41.07909 ], [ -71.936082, 41.0792032 ], [ -71.9347853, 41.0790145 ], [ -71.9336315, 41.0789192 ], [ -71.9307205, 41.0793164 ], [ -71.9280522, 41.079675 ], [ -71.9250099, 41.079958 ], [ -71.9217289, 41.0800783 ], [ -71.9180169, 41.0802004 ], [ -71.9148294, 41.08133 ], [ -71.9096649, 41.0838029 ], [ -71.9065985, 41.0853598 ], [ -71.9047021, 41.0862452 ], [ -71.9037338, 41.0866115 ], [ -71.9026847, 41.0863673 ], [ -71.9018778, 41.0858788 ], [ -71.9013532, 41.0849019 ], [ -71.9008287, 41.0832229 ], [ -71.9002639, 41.0820933 ], [ -71.8985692, 41.0800478 ], [ -71.8976412, 41.078796 ], [ -71.8957853, 41.0774221 ], [ -71.8940948, 41.0764334 ], [ -71.8929046, 41.0759831 ], [ -71.891261, 41.0754256 ], [ -71.8911792, 41.075428 ], [ -71.8890224, 41.0754899 ], [ -71.8857069, 41.075833 ], [ -71.8828165, 41.0763477 ], [ -71.880818, 41.0769895 ], [ -71.8795296, 41.0771153 ], [ -71.8787815, 41.077131 ], [ -71.8764125, 41.0772726 ], [ -71.8744382, 41.0765964 ], [ -71.8733368, 41.0756528 ], [ -71.8717575, 41.0755113 ], [ -71.8684117, 41.0759831 ], [ -71.866583, 41.0762347 ], [ -71.8637401, 41.075917 ], [ -71.8615207, 41.0753509 ], [ -71.8603487, 41.0747659 ], [ -71.8588149, 41.0737521 ], [ -71.8587603, 41.0736753 ], [ -71.85731, 41.0729047 ], [ -71.857122, 41.072655 ], [ -71.8568535, 41.0720776 ], [ -71.8566839, 41.0711794 ], [ -71.856693, 41.0710934 ], [ -71.8567742, 41.070329 ], [ -71.8568111, 41.0699818 ], [ -71.8571304, 41.0691816 ], [ -71.8587823, 41.0672792 ], [ -71.8617191, 41.0647966 ], [ -71.8641948, 41.06301 ], [ -71.8644239, 41.0628446 ], [ -71.8661851, 41.0616306 ], [ -71.8664996, 41.0607736 ], [ -71.8667198, 41.0600119 ], [ -71.8669085, 41.0594643 ], [ -71.8685754, 41.0590596 ], [ -71.8706643, 41.0575591 ], [ -71.871689, 41.0568689 ], [ -71.8730099, 41.0552263 ], [ -71.8736389, 41.0541311 ], [ -71.8736389, 41.0533693 ], [ -71.8739534, 41.0525598 ], [ -71.874551, 41.052036 ], [ -71.8752744, 41.0517265 ], [ -71.876438, 41.051298 ], [ -71.8784823, 41.0506313 ], [ -71.8805581, 41.0500599 ], [ -71.8828435, 41.0494879 ], [ -71.8889379, 41.0472022 ], [ -71.8942496, 41.0450011 ], [ -71.8980878, 41.0431279 ], [ -71.9002289, 41.0418975 ], [ -71.9015961, 41.0405694 ], [ -71.9040725, 41.039085 ], [ -71.906162, 41.0390069 ], [ -71.9082257, 41.0392608 ], [ -71.9111665, 41.0394366 ], [ -71.9153285, 41.0398784 ], [ -71.91695, 41.0397937 ], [ -71.9183478, 41.0394127 ], [ -71.9214789, 41.0381842 ], [ -71.9260637, 41.0367448 ], [ -71.9375816, 41.0337812 ], [ -71.9378951, 41.0336798 ], [ -71.945088, 41.0313536 ], [ -71.9479254, 41.0304359 ], [ -71.955194, 41.0281495 ], [ -71.9676065, 41.0241693 ], [ -71.9809136, 41.0186639 ], [ -71.9870081, 41.0163347 ], [ -71.9924875, 41.0142596 ], [ -72.0, 41.011299 ], [ -72.0, 40.9853981 ], [ -71.9985637, 40.986017 ], [ -71.9932017, 40.9878445 ], [ -71.9919526, 40.9884953 ], [ -71.984659, 40.99158 ], [ -71.9825847, 40.992104 ], [ -71.981804, 40.9924984 ], [ -71.9758709, 40.9941153 ], [ -71.9704582, 40.994799 ], [ -71.9572906, 40.9954172 ], [ -71.951982, 40.9951807 ], [ -71.9482346, 40.994471 ], [ -71.9408961, 40.9926967 ], [ -71.9404277, 40.9926968 ], [ -71.9390225, 40.9923419 ], [ -71.9366804, 40.991987 ], [ -71.9338699, 40.9916322 ], [ -71.9321524, 40.9916322 ], [ -71.929342, 40.9921647 ], [ -71.9255347, 40.9936072 ], [ -71.9218991, 40.9958374 ], [ -71.9181005, 40.9990264 ], [ -71.9177102, 40.9997362 ], [ -71.9148117, 41.0034567 ], [ -71.9129942, 41.0062732 ], [ -71.9100559, 41.0108266 ], [ -71.9102354, 41.0120053 ], [ -71.9105286, 41.0139301 ], [ -71.9110751, 41.0153493 ], [ -71.9113875, 41.0167684 ], [ -71.9113875, 41.0174779 ], [ -71.9110753, 41.0178919 ], [ -71.9096701, 41.0181876 ], [ -71.9087332, 41.0180694 ], [ -71.9078745, 41.0175372 ], [ -71.9052981, 41.0143441 ], [ -71.9042051, 41.0132798 ], [ -71.9032682, 41.0128067 ], [ -71.9016287, 41.012245 ], [ -71.9010771, 41.0122992 ], [ -71.8995209, 41.0124521 ], [ -71.8985841, 41.0127477 ], [ -71.8973796, 41.0134152 ], [ -71.8970228, 41.0142261 ], [ -71.8968158, 41.0158731 ], [ -71.8965546, 41.0179514 ], [ -71.8957741, 41.0206123 ], [ -71.8951495, 41.0220313 ], [ -71.8943904, 41.0231814 ], [ -71.8933814, 41.0238859 ], [ -71.8930539, 41.0241146 ], [ -71.8901077, 41.0240445 ], [ -71.8871616, 41.0246057 ], [ -71.8854079, 41.0269906 ], [ -71.883023, 41.0317605 ], [ -71.8816201, 41.0347067 ], [ -71.8808268, 41.0350689 ], [ -71.8794578, 41.0354576 ], [ -71.8780888, 41.0355613 ], [ -71.8776572, 41.0356015 ], [ -71.8773016, 41.0357686 ], [ -71.8769594, 41.0363387 ], [ -71.8751077, 41.0397814 ], [ -71.8735256, 41.042723 ], [ -71.8722766, 41.0444075 ], [ -71.8652975, 41.0489489 ], [ -71.8519015, 41.0579716 ], [ -71.8502622, 41.0593899 ], [ -71.8439503, 41.0660052 ], [ -71.8425337, 41.0664217 ], [ -71.8417443, 41.0664368 ], [ -71.8409723, 41.0666384 ], [ -71.8391963, 41.0664144 ], [ -71.8389426, 41.0660673 ], [ -71.8390206, 41.0653583 ], [ -71.8393328, 41.0646492 ], [ -71.8418511, 41.0617931 ], [ -71.843262, 41.0593901 ], [ -71.8444589, 41.0566717 ], [ -71.845413, 41.0549382 ], [ -71.8487784, 41.0511164 ], [ -71.8513421, 41.0484696 ], [ -71.8533972, 41.0455968 ], [ -71.8544841, 41.0440776 ], [ -71.8576317, 41.0390726 ], [ -71.8571133, 41.0378953 ], [ -71.8531086, 41.0352782 ], [ -71.8500279, 41.0332649 ], [ -71.8476048, 41.0312684 ], [ -71.8445325, 41.0286497 ], [ -71.8420662, 41.0272422 ], [ -71.8381286, 41.0257934 ], [ -71.832695, 41.0251668 ], [ -71.8317582, 41.0252259 ], [ -71.8245446, 41.0247059 ], [ -71.8144269, 41.0242214 ], [ -71.8027167, 41.0241626 ], [ -71.798579, 41.0244288 ], [ -71.7944415, 41.0249512 ], [ -71.7936553, 41.0251497 ], [ -71.7928801, 41.0253454 ], [ -71.792318, 41.0253454 ], [ -71.7890548, 41.0263752 ], [ -71.7863225, 41.0274149 ], [ -71.7824191, 41.0293659 ], [ -71.7816932, 41.0297935 ], [ -71.7769785, 41.0325706 ], [ -71.7764858, 41.0329282 ], [ -71.77088, 41.036616 ], [ -71.7699113, 41.0372851 ], [ -71.7680521, 41.0383736 ], [ -71.7632411, 41.0412326 ], [ -71.7619458, 41.0420039 ], [ -71.7598293, 41.0432642 ], [ -71.7567433, 41.0459198 ], [ -71.7567228, 41.0459442 ], [ -71.7531399, 41.0502005 ], [ -71.7511656, 41.0524786 ], [ -71.7477346, 41.0551773 ], [ -71.7449175, 41.0574034 ], [ -71.7438053, 41.0582822 ], [ -71.7428661, 41.0594283 ], [ -71.7417959, 41.0612558 ], [ -71.7404702, 41.0635195 ], [ -71.7382302, 41.0681161 ], [ -71.7358931, 41.0736025 ], [ -71.7347484, 41.0758764 ], [ -71.7333081, 41.0790812 ], [ -71.7311161, 41.0832548 ], [ -71.7307211, 41.0840068 ], [ -71.7305809, 41.0847712 ], [ -71.7304628, 41.0854149 ], [ -71.7290037, 41.0933691 ], [ -71.7288676, 41.0946031 ], [ -71.7287116, 41.0967293 ], [ -71.7277162, 41.1043769 ], [ -71.727712, 41.1044087 ], [ -71.7277006, 41.1044966 ], [ -71.7276884, 41.1045902 ], [ -71.7265189, 41.1093963 ], [ -71.7260862, 41.1104752 ], [ -71.7243987, 41.1126982 ], [ -71.7233147, 41.1136318 ], [ -71.7222351, 41.1145616 ], [ -71.7191629, 41.1158038 ], [ -71.7140358, 41.1176331 ], [ -71.7126406, 41.118159 ], [ -71.7121622, 41.1184008 ], [ -71.7113035, 41.1191092 ], [ -71.7111474, 41.1198767 ], [ -71.7124747, 41.1223562 ], [ -71.713504, 41.1235238 ], [ -71.7142963, 41.1244224 ], [ -71.7302601, 41.1372816 ], [ -71.7330375, 41.1388562 ], [ -71.7356642, 41.1396002 ], [ -71.7385504, 41.1404178 ], [ -71.7421092, 41.1413144 ], [ -71.7554134, 41.1446665 ], [ -71.7659892, 41.1466649 ], [ -71.7738181, 41.1461267 ], [ -71.7774287, 41.145138 ], [ -71.7783656, 41.1446659 ], [ -71.7792242, 41.1436035 ], [ -71.7793804, 41.1428954 ], [ -71.7793021, 41.1397084 ], [ -71.7796924, 41.1390001 ], [ -71.7803169, 41.1382918 ], [ -71.7812537, 41.1377606 ], [ -71.7825808, 41.1373868 ], [ -71.7857603, 41.1371864 ], [ -71.7881237, 41.1375834 ], [ -71.7892167, 41.1380555 ], [ -71.7901535, 41.1386457 ], [ -71.792435, 41.1405736 ], [ -71.7954625, 41.1436031 ], [ -71.7963213, 41.1442522 ], [ -71.7973361, 41.1447834 ], [ -71.8031133, 41.1464946 ], [ -71.8071729, 41.1471436 ], [ -71.8120717, 41.1477484 ], [ -71.8158244, 41.1479373 ], [ -71.8212252, 41.1476153 ], [ -71.8248944, 41.1471431 ], [ -71.8273145, 41.147084 ], [ -71.8282514, 41.147202 ], [ -71.8319987, 41.1482641 ], [ -71.8329355, 41.1480871 ], [ -71.8333259, 41.147792 ], [ -71.8337942, 41.1470838 ], [ -71.8338723, 41.1467297 ], [ -71.8338723, 41.1460216 ], [ -71.8333864, 41.1438774 ], [ -71.8320765, 41.141501 ], [ -71.8320764, 41.1407692 ], [ -71.8323101, 41.139518 ], [ -71.8325459, 41.1390541 ], [ -71.8337683, 41.1387047 ], [ -71.835261, 41.1376443 ], [ -71.8399338, 41.13755 ], [ -71.8431113, 41.1377856 ], [ -71.8456658, 41.1388689 ], [ -71.8492515, 41.1408867 ], [ -71.8637722, 41.1407092 ], [ -71.8693931, 41.1401779 ], [ -71.8712667, 41.1396466 ], [ -71.8721254, 41.1389974 ], [ -71.8724116, 41.1385252 ], [ -71.8719952, 41.1366365 ], [ -71.8710583, 41.1345117 ], [ -71.8693302, 41.1325522 ], [ -71.8673628, 41.1315605 ], [ -71.8659576, 41.1312065 ], [ -71.8640839, 41.1312065 ], [ -71.8631472, 41.1313246 ], [ -71.8581508, 41.1326626 ], [ -71.8570579, 41.1330365 ], [ -71.8541695, 41.1345712 ], [ -71.8532326, 41.1349254 ], [ -71.8516712, 41.1351615 ], [ -71.8507345, 41.1350435 ], [ -71.8493292, 41.1342762 ], [ -71.8486265, 41.133627 ], [ -71.8480019, 41.1328007 ], [ -71.8480019, 41.1319152 ], [ -71.8483699, 41.1302456 ], [ -71.8510351, 41.1275583 ], [ -71.8545317, 41.1249148 ], [ -71.8551057, 41.1244182 ], [ -71.8558468, 41.1236943 ], [ -71.8578211, 41.1223608 ], [ -71.8593033, 41.1217063 ], [ -71.8618867, 41.121005 ], [ -71.8644371, 41.1206543 ], [ -71.8680142, 41.1205541 ], [ -71.8709534, 41.1206985 ], [ -71.8729832, 41.1206985 ], [ -71.8788124, 41.121433 ], [ -71.8828199, 41.122115 ], [ -71.8879677, 41.1231727 ], [ -71.8908199, 41.1235901 ], [ -71.8935934, 41.1237677 ], [ -71.8969151, 41.1237292 ], [ -71.9012393, 41.1235727 ], [ -71.9027113, 41.1236771 ], [ -71.9039994, 41.1240597 ], [ -71.9052483, 41.1245822 ], [ -71.9079624, 41.1261997 ], [ -71.9097794, 41.1271388 ], [ -71.9120335, 41.1273997 ], [ -71.9151387, 41.1276258 ], [ -71.9179218, 41.1283041 ], [ -71.9212799, 41.1302519 ], [ -71.924914, 41.1333474 ], [ -71.9261101, 41.1342169 ], [ -71.9285712, 41.1353298 ], [ -71.9311013, 41.135695 ], [ -71.9335394, 41.1357993 ], [ -71.9359775, 41.1355211 ], [ -71.9391976, 41.1343734 ], [ -71.9428087, 41.1328779 ], [ -71.9437978, 41.1327387 ], [ -71.9450858, 41.1331213 ], [ -71.9467649, 41.1340778 ], [ -71.949111, 41.1349299 ], [ -71.950169, 41.1350516 ], [ -71.9510661, 41.1348255 ], [ -71.9521241, 41.1340778 ], [ -71.9532282, 41.1321127 ], [ -71.9535042, 41.1287389 ], [ -71.9537112, 41.127678 ], [ -71.9561723, 41.1261127 ], [ -71.9566026, 41.1257448 ], [ -71.957485, 41.124675 ], [ -71.95709, 41.123885 ], [ -71.955225, 41.122395 ], [ -71.95407, 41.12091 ], [ -71.95361, 41.119195 ], [ -71.951675, 41.118615 ], [ -71.946675, 41.11725 ], [ -71.945765, 41.11601 ], [ -71.94578, 41.114295 ], [ -71.94659, 41.112425 ], [ -71.94827, 41.108315 ], [ -71.94826, 41.106215 ], [ -71.947585, 41.10397 ], [ -71.946095, 41.10229 ], [ -71.93862, 41.098615 ], [ -71.935945, 41.09667 ], [ -71.932945, 41.09463 ], [ -71.92812, 41.092595 ], [ -71.92708, 41.091575 ], [ -71.926775, 41.090295 ], [ -71.92748, 41.087705 ], [ -71.92827, 41.085555 ], [ -71.9294989, 41.0841491 ], [ -71.9302835, 41.0840245 ], [ -71.9319481, 41.0839432 ], [ -71.9332041, 41.0840857 ], [ -71.9347652, 41.0846901 ], [ -71.93859, 41.086895 ], [ -71.94172, 41.087955 ], [ -71.9446, 41.088195 ], [ -71.946345, 41.087095 ], [ -71.947515, 41.087305 ], [ -71.94856, 41.08769 ], [ -71.949645, 41.086155 ], [ -71.95067, 41.08596 ], [ -71.951525, 41.086835 ], [ -71.952825, 41.08698 ], [ -71.95651, 41.082905 ], [ -71.959655, 41.08055 ], [ -71.962295, 41.079195 ], [ -71.963995, 41.076695 ], [ -71.965545, 41.07302 ], [ -71.966755, 41.068515 ], [ -71.96758, 41.06709 ], [ -71.96905, 41.06712 ], [ -71.97386, 41.06823 ], [ -71.979705, 41.068805 ], [ -71.98464, 41.06865 ], [ -71.985405, 41.069555 ], [ -71.985075, 41.07088 ], [ -71.98412, 41.071885 ], [ -71.982165, 41.073025 ], [ -71.98204, 41.074045 ], [ -71.98173, 41.075615 ], [ -71.98031, 41.077485 ], [ -71.981055, 41.0779 ], [ -71.98339, 41.07839 ], [ -71.9842, 41.079355 ], [ -71.98355, 41.08082 ], [ -71.98246, 41.08255 ], [ -71.98342, 41.083095 ], [ -71.986825, 41.08352 ], [ -71.989815, 41.084115 ], [ -71.994705, 41.085875 ], [ -71.99861, 41.087125 ], [ -72.0, 41.0868021 ], [ -72.0, 41.0400775 ] ] ] } },
{ "type": "Feature", "properties": { "RCID": 468, "PRIM": 3, "GRUP": 1, "OBJL": 42, "RVER": 1, "AGEN": 550, "FIDN": -656821235, "FIDS": 48294, "LNAM": "0226D8D9B40DBCA6", "DRVAL1": 45.7, "DRVAL2": 54.8 }, "geometry": { "type": "Polygon", "coordinates": [ [ [ -71.8221249, 40.8 ], [ -71.767163, 40.8 ], [ -71.7674722, 40.8003916 ], [ -71.7677846, 40.8016374 ], [ -71.7674723, 40.8028239 ], [ -71.7663794, 40.8038918 ], [ -71.7649743, 40.8050783 ], [ -71.7634129, 40.8055529 ], [ -71.7618515, 40.8059089 ], [ -71.7586507, 40.8062055 ], [ -71.7539667, 40.8070362 ], [ -71.7507659, 40.8073329 ], [ -71.7492046, 40.8075702 ], [ -71.7476432, 40.8079262 ], [ -71.7460819, 40.8085194 ], [ -71.7445205, 40.8094686 ], [ -71.7443644, 40.8106549 ], [ -71.7446768, 40.8118413 ], [ -71.7456137, 40.8130276 ], [ -71.7474874, 40.814024 ], [ -71.7517065, 40.814665 ], [ -71.7532645, 40.8161116 ], [ -71.7531084, 40.8172979 ], [ -71.7520156, 40.8184841 ], [ -71.7504542, 40.8190773 ], [ -71.7488929, 40.8194332 ], [ -71.747852, 40.8193541 ], [ -71.7405953, 40.8179761 ], [ -71.7393685, 40.8178914 ], [ -71.737651, 40.81801 ], [ -71.7360897, 40.8184846 ], [ -71.7345283, 40.8194336 ], [ -71.7332793, 40.820857 ], [ -71.7328109, 40.8221618 ], [ -71.732811, 40.823348 ], [ -71.7332795, 40.8246526 ], [ -71.7345286, 40.82572 ], [ -71.7358542, 40.8262235 ], [ -71.73609, 40.8263131 ], [ -71.7376514, 40.8263131 ], [ -71.7392128, 40.8259572 ], [ -71.7438967, 40.823822 ], [ -71.7457703, 40.8231103 ], [ -71.7473317, 40.8227544 ], [ -71.7490492, 40.8225171 ], [ -71.7506106, 40.8225171 ], [ -71.7523281, 40.8229916 ], [ -71.7531089, 40.8242962 ], [ -71.7526405, 40.8254823 ], [ -71.7513914, 40.8265498 ], [ -71.7498301, 40.8272022 ], [ -71.7467074, 40.827736 ], [ -71.7457707, 40.8288035 ], [ -71.7457707, 40.8299894 ], [ -71.7454585, 40.8311755 ], [ -71.7446778, 40.8323614 ], [ -71.7431165, 40.8331917 ], [ -71.7415552, 40.8334289 ], [ -71.7399939, 40.8339033 ], [ -71.7384669, 40.8347152 ], [ -71.7384325, 40.8347335 ], [ -71.7373396, 40.8358009 ], [ -71.7371055, 40.8369867 ], [ -71.7370274, 40.8381726 ], [ -71.7371838, 40.8405443 ], [ -71.7370276, 40.8417301 ], [ -71.7367155, 40.8429158 ], [ -71.7355445, 40.8452873 ], [ -71.7353104, 40.846473 ], [ -71.7354666, 40.8488444 ], [ -71.7359351, 40.8500301 ], [ -71.7364817, 40.8524012 ], [ -71.7371063, 40.8535868 ], [ -71.7378872, 40.8559579 ], [ -71.7385898, 40.8571434 ], [ -71.7409321, 40.8630705 ], [ -71.7410884, 40.8642559 ], [ -71.7410884, 40.8654413 ], [ -71.7406981, 40.8666267 ], [ -71.7392931, 40.8689973 ], [ -71.7389027, 40.8701827 ], [ -71.7387466, 40.8713679 ], [ -71.7387467, 40.8725532 ], [ -71.7393713, 40.8737384 ], [ -71.7401521, 40.8749235 ], [ -71.7420357, 40.8784975 ], [ -71.7420415, 40.8785085 ], [ -71.74222, 40.878847 ], [ -71.7423382, 40.8790714 ], [ -71.7435875, 40.8832192 ], [ -71.7437437, 40.8844042 ], [ -71.7437438, 40.8855892 ], [ -71.7432755, 40.8873667 ], [ -71.7419224, 40.8899341 ], [ -71.7417143, 40.8915139 ], [ -71.7415584, 40.8950685 ], [ -71.7422768, 40.8983859 ], [ -71.7425737, 40.9045464 ], [ -71.7425738, 40.9069156 ], [ -71.7418715, 40.9128384 ], [ -71.7408569, 40.9175763 ], [ -71.7407399, 40.9190568 ], [ -71.7410134, 40.9246824 ], [ -71.7411696, 40.9258667 ], [ -71.7417942, 40.9282351 ], [ -71.7421848, 40.9317877 ], [ -71.7422629, 40.934156 ], [ -71.7419508, 40.9365242 ], [ -71.7416386, 40.9377083 ], [ -71.739127, 40.9421179 ], [ -71.7364042, 40.9470783 ], [ -71.7308329, 40.9537457 ], [ -71.7287027, 40.9546981 ], [ -71.7247153, 40.9559404 ], [ -71.7218751, 40.9573069 ], [ -71.720728, 40.9589218 ], [ -71.7178331, 40.9640561 ], [ -71.7157575, 40.9676995 ], [ -71.7133542, 40.9693142 ], [ -71.7119887, 40.9701422 ], [ -71.7102954, 40.9703906 ], [ -71.7088207, 40.9699766 ], [ -71.7081652, 40.968776 ], [ -71.7086022, 40.9652982 ], [ -71.709203, 40.9619859 ], [ -71.711934, 40.9532074 ], [ -71.7118257, 40.9515031 ], [ -71.710909, 40.9502569 ], [ -71.7075584, 40.9484116 ], [ -71.7044291, 40.9465422 ], [ -71.7031331, 40.9453198 ], [ -71.7021532, 40.9428511 ], [ -71.7022143, 40.9414983 ], [ -71.7023704, 40.9403143 ], [ -71.7026826, 40.9391303 ], [ -71.7036973, 40.9367621 ], [ -71.7039315, 40.935578 ], [ -71.7039314, 40.9343939 ], [ -71.7036191, 40.9332098 ], [ -71.7031506, 40.9320257 ], [ -71.7012769, 40.9296574 ], [ -71.7005741, 40.9284732 ], [ -71.7000276, 40.927289 ], [ -71.6998714, 40.9261047 ], [ -71.6999493, 40.9237362 ], [ -71.7001835, 40.9225519 ], [ -71.7006518, 40.9213675 ], [ -71.7014325, 40.9201832 ], [ -71.7019008, 40.9189987 ], [ -71.702135, 40.9178143 ], [ -71.702291, 40.9154455 ], [ -71.7022128, 40.9130766 ], [ -71.7019005, 40.911892 ], [ -71.7015491, 40.9110036 ], [ -71.6994801, 40.9078646 ], [ -71.6975747, 40.9057996 ], [ -71.6960241, 40.9047021 ], [ -71.6956757, 40.9044555 ], [ -71.6956652, 40.9044481 ], [ -71.6935466, 40.9029485 ], [ -71.6889405, 40.8999869 ], [ -71.6858177, 40.8980914 ], [ -71.6830852, 40.8961366 ], [ -71.6800404, 40.8941817 ], [ -71.6769175, 40.8924638 ], [ -71.6737948, 40.8908643 ], [ -71.6706719, 40.889087 ], [ -71.6660657, 40.8867172 ], [ -71.664063, 40.8852753 ], [ -71.663021, 40.8845251 ], [ -71.6618499, 40.8833401 ], [ -71.6598981, 40.88097 ], [ -71.6591954, 40.879785 ], [ -71.6577119, 40.8762296 ], [ -71.6566187, 40.8726741 ], [ -71.6564626, 40.8714888 ], [ -71.6564624, 40.8679331 ], [ -71.65615, 40.8667477 ], [ -71.6555254, 40.8654439 ], [ -71.6538079, 40.8647327 ], [ -71.6522465, 40.8643771 ], [ -71.6475624, 40.8644365 ], [ -71.6444397, 40.8651478 ], [ -71.6428784, 40.8656813 ], [ -71.641317, 40.8659776 ], [ -71.6366329, 40.8672817 ], [ -71.6303876, 40.8688821 ], [ -71.6272649, 40.8694155 ], [ -71.6257816, 40.8698304 ], [ -71.6226589, 40.8704824 ], [ -71.6164135, 40.8722012 ], [ -71.6132908, 40.8729124 ], [ -71.6031491, 40.8749221 ], [ -71.6008781, 40.8754609 ], [ -71.600612, 40.875535 ], [ -71.596194, 40.8767648 ], [ -71.5931494, 40.87795 ], [ -71.5885435, 40.8801426 ], [ -71.5869821, 40.8807352 ], [ -71.5854989, 40.8815648 ], [ -71.5827666, 40.883461 ], [ -71.5786085, 40.8860805 ], [ -71.5768336, 40.8877271 ], [ -71.5755846, 40.8889713 ], [ -71.5737111, 40.8914005 ], [ -71.5721499, 40.8937702 ], [ -71.5716815, 40.8950736 ], [ -71.5715254, 40.8962584 ], [ -71.5719939, 40.8974431 ], [ -71.5730869, 40.8985094 ], [ -71.5746483, 40.8989832 ], [ -71.5761316, 40.8992794 ], [ -71.5814143, 40.9000098 ], [ -71.5824552, 40.9004047 ], [ -71.5833921, 40.9019448 ], [ -71.5833922, 40.9032479 ], [ -71.5827676, 40.9044326 ], [ -71.5810502, 40.9053804 ], [ -71.5794889, 40.9059136 ], [ -71.5763662, 40.9065652 ], [ -71.5732435, 40.9068615 ], [ -71.5669979, 40.9065655 ], [ -71.5638752, 40.9065656 ], [ -71.5607525, 40.9069802 ], [ -71.5560684, 40.9078096 ], [ -71.5529458, 40.9086982 ], [ -71.5499012, 40.9102974 ], [ -71.5484179, 40.9113043 ], [ -71.5452953, 40.9131996 ], [ -71.5422507, 40.9146803 ], [ -71.5407674, 40.9152134 ], [ -71.539128, 40.9155688 ], [ -71.5360053, 40.915865 ], [ -71.5313212, 40.9157466 ], [ -71.5281984, 40.9154507 ], [ -71.5188301, 40.9137335 ], [ -71.5157074, 40.9133781 ], [ -71.514224, 40.9134374 ], [ -71.5126627, 40.9133191 ], [ -71.5079006, 40.9133784 ], [ -71.5047778, 40.9136746 ], [ -71.5032164, 40.9139116 ], [ -71.4997447, 40.9148104 ], [ -71.4981421, 40.9156884 ], [ -71.4965808, 40.916636 ], [ -71.4951756, 40.917702 ], [ -71.4937704, 40.9188865 ], [ -71.4925995, 40.9200708 ], [ -71.4915846, 40.9212553 ], [ -71.4903356, 40.9222028 ], [ -71.4887742, 40.9230318 ], [ -71.4858077, 40.9242163 ], [ -71.4814183, 40.9263238 ], [ -71.4800938, 40.9265741 ], [ -71.4784694, 40.9268811 ], [ -71.4698039, 40.9279471 ], [ -71.4683206, 40.9282433 ], [ -71.4666812, 40.9283025 ], [ -71.4635585, 40.9290132 ], [ -71.4620752, 40.9300197 ], [ -71.4609824, 40.9310855 ], [ -71.4608867, 40.9316951 ], [ -71.4610829, 40.9322635 ], [ -71.461763, 40.9325065 ], [ -71.4634806, 40.9327433 ], [ -71.465042, 40.9328024 ], [ -71.4666033, 40.93298 ], [ -71.4681647, 40.9338089 ], [ -71.4689455, 40.934993 ], [ -71.4686333, 40.9361771 ], [ -71.4669158, 40.9368875 ], [ -71.463715, 40.9369469 ], [ -71.4605142, 40.9366509 ], [ -71.4495846, 40.9349936 ], [ -71.4480232, 40.9349936 ], [ -71.4464618, 40.9353489 ], [ -71.4452128, 40.936533 ], [ -71.4447444, 40.937717 ], [ -71.4450567, 40.938901 ], [ -71.4463059, 40.9402035 ], [ -71.4492727, 40.942453 ], [ -71.4503657, 40.9436369 ], [ -71.4509903, 40.9448208 ], [ -71.4509903, 40.9460047 ], [ -71.4503658, 40.9471294 ], [ -71.448827, 40.9489359 ], [ -71.4465406, 40.9496156 ], [ -71.4448343, 40.9499455 ], [ -71.4371724, 40.9497935 ], [ -71.4345482, 40.9497842 ], [ -71.43326, 40.9498373 ], [ -71.4315575, 40.9499075 ], [ -71.4285068, 40.9499121 ], [ -71.4261648, 40.949557 ], [ -71.4246034, 40.949202 ], [ -71.423042, 40.94861 ], [ -71.4216367, 40.9475446 ], [ -71.4205437, 40.9464792 ], [ -71.4196068, 40.9452361 ], [ -71.4187479, 40.9428683 ], [ -71.4189821, 40.9416251 ], [ -71.4196065, 40.9403226 ], [ -71.4202311, 40.9391386 ], [ -71.4230413, 40.9355863 ], [ -71.4231974, 40.9344022 ], [ -71.4219483, 40.9332182 ], [ -71.4203869, 40.9327445 ], [ -71.4188254, 40.9324486 ], [ -71.4156246, 40.9325671 ], [ -71.4139852, 40.9328631 ], [ -71.4108625, 40.9335738 ], [ -71.4061785, 40.9349356 ], [ -71.4030558, 40.9357054 ], [ -71.3984498, 40.9371856 ], [ -71.3968104, 40.9378369 ], [ -71.3936877, 40.9388434 ], [ -71.3905651, 40.9396131 ], [ -71.3837874, 40.940965 ], [ -71.3788855, 40.9418685 ], [ -71.3776603, 40.9420943 ], [ -71.3735463, 40.9423368 ], [ -71.3707358, 40.9434025 ], [ -71.3676913, 40.9443497 ], [ -71.3646466, 40.9451193 ], [ -71.361524, 40.9457706 ], [ -71.3599626, 40.945889 ], [ -71.3537171, 40.9468955 ], [ -71.3521558, 40.9470731 ], [ -71.3505944, 40.9470731 ], [ -71.3459103, 40.9467182 ], [ -71.3443489, 40.9464814 ], [ -71.3427875, 40.9461263 ], [ -71.3412262, 40.9459487 ], [ -71.3381034, 40.9451793 ], [ -71.3366201, 40.9445874 ], [ -71.3335753, 40.9441731 ], [ -71.332014, 40.9441139 ], [ -71.3304526, 40.9442323 ], [ -71.3290474, 40.9444692 ], [ -71.3274079, 40.9445285 ], [ -71.3243633, 40.9450613 ], [ -71.322802, 40.9454165 ], [ -71.3181179, 40.9461863 ], [ -71.3149952, 40.9461271 ], [ -71.3118724, 40.945772 ], [ -71.310311, 40.9454169 ], [ -71.3073443, 40.9437595 ], [ -71.3060952, 40.9425756 ], [ -71.3053144, 40.9413916 ], [ -71.3053144, 40.9400893 ], [ -71.3067195, 40.9375435 ], [ -71.308593, 40.9351753 ], [ -71.3121058, 40.9314452 ], [ -71.3157749, 40.9280109 ], [ -71.3171801, 40.9268858 ], [ -71.3200685, 40.9249318 ], [ -71.3213176, 40.9238066 ], [ -71.3226447, 40.9227999 ], [ -71.3237376, 40.921734 ], [ -71.3243254, 40.9210171 ], [ -71.3245182, 40.9205496 ], [ -71.3243547, 40.9201504 ], [ -71.3240322, 40.9198059 ], [ -71.323269, 40.9194837 ], [ -71.3224883, 40.9193653 ], [ -71.3167894, 40.9194247 ], [ -71.3121053, 40.9193656 ], [ -71.3105439, 40.9195433 ], [ -71.3042984, 40.9198988 ], [ -71.2996144, 40.9203727 ], [ -71.2964916, 40.9203728 ], [ -71.2933689, 40.9202544 ], [ -71.2886847, 40.9191294 ], [ -71.2840006, 40.9182412 ], [ -71.276662, 40.9163464 ], [ -71.2747103, 40.9160504 ], [ -71.2731489, 40.9159319 ], [ -71.2715095, 40.915932 ], [ -71.2692967, 40.9164233 ], [ -71.2681949, 40.9171622 ], [ -71.2659668, 40.9186563 ], [ -71.2644836, 40.9195446 ], [ -71.2617512, 40.9216766 ], [ -71.260268, 40.9223873 ], [ -71.2571453, 40.9231571 ], [ -71.255662, 40.9232756 ], [ -71.2541006, 40.9232757 ], [ -71.2525393, 40.9231573 ], [ -71.2508217, 40.9229204 ], [ -71.2500897, 40.922704 ], [ -71.2495871, 40.9222596 ], [ -71.2494164, 40.9217362 ], [ -71.2493525, 40.9211548 ], [ -71.2500409, 40.920078 ], [ -71.2516022, 40.9191305 ], [ -71.2531635, 40.9184199 ], [ -71.2541003, 40.9172354 ], [ -71.2545687, 40.916051 ], [ -71.2548809, 40.9148665 ], [ -71.2545685, 40.913682 ], [ -71.2530071, 40.9127345 ], [ -71.2512896, 40.9124976 ], [ -71.2480888, 40.9127938 ], [ -71.2465275, 40.9132085 ], [ -71.2398397, 40.914551 ], [ -71.2387988, 40.9146301 ], [ -71.2372374, 40.9146301 ], [ -71.235676, 40.9145117 ], [ -71.2341147, 40.914038 ], [ -71.2327094, 40.9130904 ], [ -71.2317725, 40.9119059 ], [ -71.2319286, 40.9107214 ], [ -71.2328653, 40.9094184 ], [ -71.2344266, 40.9087076 ], [ -71.235988, 40.9082337 ], [ -71.2377055, 40.9079967 ], [ -71.2393449, 40.9080559 ], [ -71.2425458, 40.9087073 ], [ -71.2441072, 40.9089442 ], [ -71.2456685, 40.9090626 ], [ -71.2487912, 40.9088256 ], [ -71.2519139, 40.9079963 ], [ -71.2534753, 40.9074039 ], [ -71.2548804, 40.9064562 ], [ -71.2561295, 40.9052716 ], [ -71.2569882, 40.9040869 ], [ -71.2570661, 40.9017176 ], [ -71.2576906, 40.9005328 ], [ -71.2585493, 40.899348 ], [ -71.2608131, 40.8970377 ], [ -71.2609693, 40.8959121 ], [ -71.2600323, 40.893424 ], [ -71.2598761, 40.8922392 ], [ -71.259876, 40.8910543 ], [ -71.2605004, 40.8874994 ], [ -71.2607344, 40.884537 ], [ -71.2605001, 40.8827595 ], [ -71.2602815, 40.8819299 ], [ -71.2579236, 40.8778414 ], [ -71.2575333, 40.8767155 ], [ -71.2575332, 40.8755304 ], [ -71.2572208, 40.8743452 ], [ -71.2567523, 40.87316 ], [ -71.2567523, 40.8719155 ], [ -71.2579232, 40.869545 ], [ -71.2583135, 40.868419 ], [ -71.2582801, 40.8680551 ], [ -71.25804, 40.8676149 ], [ -71.2573766, 40.8673522 ], [ -71.255503, 40.8673523 ], [ -71.2539416, 40.8677079 ], [ -71.2522242, 40.8683006 ], [ -71.2475402, 40.8712639 ], [ -71.2459788, 40.8718566 ], [ -71.2444175, 40.8720937 ], [ -71.2428562, 40.8722123 ], [ -71.2412948, 40.8717382 ], [ -71.2397333, 40.87079 ], [ -71.2381719, 40.8696048 ], [ -71.237235, 40.8685381 ], [ -71.2366105, 40.8673528 ], [ -71.2355174, 40.866286 ], [ -71.233956, 40.8659305 ], [ -71.2323166, 40.8659305 ], [ -71.2291939, 40.8667603 ], [ -71.2259932, 40.8684199 ], [ -71.2244318, 40.8690126 ], [ -71.2228705, 40.8693682 ], [ -71.2213091, 40.8695461 ], [ -71.2181864, 40.8695462 ], [ -71.2150636, 40.8691907 ], [ -71.2135023, 40.8691314 ], [ -71.2119409, 40.8693093 ], [ -71.2103795, 40.8696057 ], [ -71.2088182, 40.8697242 ], [ -71.2072568, 40.8693687 ], [ -71.2056954, 40.8688946 ], [ -71.204134, 40.8686576 ], [ -71.2025726, 40.8685392 ], [ -71.19945, 40.8690726 ], [ -71.1978886, 40.869606 ], [ -71.1963273, 40.8698431 ], [ -71.1932045, 40.8699025 ], [ -71.1900818, 40.869547 ], [ -71.1885204, 40.8691322 ], [ -71.1877396, 40.8680654 ], [ -71.1888325, 40.866406 ], [ -71.1932042, 40.863561 ], [ -71.1944533, 40.862494 ], [ -71.1974197, 40.8605973 ], [ -71.1988249, 40.8594118 ], [ -71.1997617, 40.8582263 ], [ -71.20023, 40.8570408 ], [ -71.1999275, 40.8566374 ], [ -71.1994591, 40.8564597 ], [ -71.1988248, 40.856448 ], [ -71.1971073, 40.8568037 ], [ -71.1954765, 40.8574229 ], [ -71.1892225, 40.8608346 ], [ -71.1846167, 40.8631463 ], [ -71.181572, 40.8639761 ], [ -71.1810415, 40.8640265 ], [ -71.1784493, 40.8642726 ], [ -71.176966, 40.8642727 ], [ -71.1753266, 40.8640356 ], [ -71.1722037, 40.8633245 ], [ -71.1677538, 40.8614279 ], [ -71.1661924, 40.8610724 ], [ -71.164631, 40.8608353 ], [ -71.1629916, 40.8608353 ], [ -71.1609396, 40.8609237 ], [ -71.1591129, 40.8612206 ], [ -71.158834, 40.8613118 ], [ -71.1572747, 40.8618216 ], [ -71.1551848, 40.8623569 ], [ -71.1509692, 40.863977 ], [ -71.1432406, 40.8665258 ], [ -71.1416792, 40.8671185 ], [ -71.1369171, 40.8681854 ], [ -71.1337944, 40.869193 ], [ -71.1256079, 40.8726689 ], [ -71.1183882, 40.8752405 ], [ -71.1076382, 40.8796874 ], [ -71.103051, 40.8815024 ], [ -71.0983442, 40.8837409 ], [ -71.0892183, 40.88786 ], [ -71.0848466, 40.890704 ], [ -71.0832853, 40.8915335 ], [ -71.081724, 40.8922444 ], [ -71.0806831, 40.8925604 ], [ -71.0738393, 40.8953845 ], [ -71.0722779, 40.8961547 ], [ -71.0705266, 40.8968533 ], [ -71.0661887, 40.8985837 ], [ -71.0615046, 40.9001832 ], [ -71.0568987, 40.9020788 ], [ -71.0553374, 40.9025528 ], [ -71.053776, 40.9031452 ], [ -71.0523709, 40.903856 ], [ -71.0509656, 40.9048038 ], [ -71.0493262, 40.905337 ], [ -71.0462036, 40.9066994 ], [ -71.0379097, 40.9099489 ], [ -71.0326843, 40.9118235 ], [ -71.0283763, 40.9136678 ], [ -71.0246268, 40.9154214 ], [ -71.0218146, 40.917689 ], [ -71.0202191, 40.9194122 ], [ -71.0184242, 40.9215586 ], [ -71.017028, 40.9228888 ], [ -71.0154325, 40.9237655 ], [ -71.0144752, 40.9239771 ], [ -71.0131988, 40.9240073 ], [ -71.0118824, 40.9237051 ], [ -71.0086115, 40.9217703 ], [ -71.0046825, 40.9187773 ], [ -71.0020898, 40.9161168 ], [ -71.0001752, 40.9137585 ], [ -70.9985398, 40.9125793 ], [ -70.9969442, 40.9116723 ], [ -70.995229, 40.9110071 ], [ -70.9939126, 40.9107954 ], [ -70.9923171, 40.9107652 ], [ -70.9908013, 40.9108559 ], [ -70.9900435, 40.9110373 ], [ -70.988787, 40.9116723 ], [ -70.9882285, 40.9123374 ], [ -70.9877499, 40.9132748 ], [ -70.9875105, 40.9142422 ], [ -70.9875105, 40.9149679 ], [ -70.9877499, 40.915633 ], [ -70.9892258, 40.91654 ], [ -70.9907016, 40.9173866 ], [ -70.990941, 40.9176587 ], [ -70.9910607, 40.9178703 ], [ -70.9910607, 40.9181727 ], [ -70.9907415, 40.9184448 ], [ -70.9901831, 40.9187168 ], [ -70.9885476, 40.9189285 ], [ -70.9858751, 40.9188983 ], [ -70.9825003, 40.9183094 ], [ -70.9793776, 40.9180134 ], [ -70.9762549, 40.9174212 ], [ -70.9730909, 40.917054 ], [ -70.9714555, 40.9172354 ], [ -70.9698001, 40.9175983 ], [ -70.9676063, 40.9188075 ], [ -70.9674068, 40.9192611 ], [ -70.9674467, 40.9198959 ], [ -70.9675265, 40.9206517 ], [ -70.9679653, 40.9212866 ], [ -70.9689226, 40.9218307 ], [ -70.9707973, 40.9225563 ], [ -70.9723131, 40.9228888 ], [ -70.973031, 40.923312 ], [ -70.9732704, 40.9237655 ], [ -70.9734698, 40.9245212 ], [ -70.9732704, 40.9249142 ], [ -70.9728316, 40.925398 ], [ -70.9717147, 40.9257606 ], [ -70.9699317, 40.9260672 ], [ -70.9668091, 40.9264817 ], [ -70.9636863, 40.9270147 ], [ -70.9605636, 40.9273701 ], [ -70.9543182, 40.9284361 ], [ -70.9527568, 40.9288506 ], [ -70.9480728, 40.930331 ], [ -70.9461211, 40.9308343 ], [ -70.9387047, 40.9318115 ], [ -70.9338645, 40.9327589 ], [ -70.9331353, 40.9326437 ], [ -70.9327086, 40.9323595 ], [ -70.9324592, 40.9319301 ], [ -70.9325535, 40.931468 ], [ -70.9332398, 40.9307459 ], [ -70.934645, 40.9298577 ], [ -70.9377677, 40.9283181 ], [ -70.9390167, 40.9271931 ], [ -70.9397973, 40.9260088 ], [ -70.9394849, 40.9236403 ], [ -70.9391796, 40.9231566 ], [ -70.9385332, 40.9228282 ], [ -70.9335516, 40.9205612 ], [ -70.93272, 40.920015 ], [ -70.9319569, 40.9192744 ], [ -70.931647, 40.9186116 ], [ -70.9318339, 40.9178371 ], [ -70.9333172, 40.9168303 ], [ -70.9363618, 40.9152312 ], [ -70.9393282, 40.9135137 ], [ -70.9408896, 40.9128622 ], [ -70.9440123, 40.911796 ], [ -70.9455737, 40.9114406 ], [ -70.947135, 40.9112036 ], [ -70.9486964, 40.9112628 ], [ -70.9533493, 40.9118668 ], [ -70.9554103, 40.9114403 ], [ -70.9568155, 40.9104926 ], [ -70.9571276, 40.9093081 ], [ -70.9569715, 40.9078866 ], [ -70.9544731, 40.9043328 ], [ -70.9498929, 40.9008578 ], [ -70.942372, 40.896277 ], [ -70.938937, 40.8943814 ], [ -70.9357361, 40.8933744 ], [ -70.9341747, 40.8929597 ], [ -70.9324572, 40.8927228 ], [ -70.9293345, 40.8927821 ], [ -70.9230891, 40.8941449 ], [ -70.9215277, 40.8942634 ], [ -70.9199663, 40.8942635 ], [ -70.919045, 40.8942879 ], [ -70.9181126, 40.89455 ], [ -70.9173787, 40.895 ], [ -70.9172818, 40.896068 ], [ -70.9177503, 40.8972528 ], [ -70.9188736, 40.8981734 ], [ -70.9204349, 40.8985288 ], [ -70.9219963, 40.8985287 ], [ -70.9235577, 40.8984102 ], [ -70.9251191, 40.8979954 ], [ -70.9282418, 40.8968698 ], [ -70.929803, 40.8965143 ], [ -70.9316767, 40.8962773 ], [ -70.933238, 40.8962773 ], [ -70.9347994, 40.8967511 ], [ -70.9363609, 40.8979359 ], [ -70.9368293, 40.8992391 ], [ -70.9369856, 40.9005423 ], [ -70.9366734, 40.901727 ], [ -70.9358928, 40.9029117 ], [ -70.934956, 40.9040964 ], [ -70.9338631, 40.9052811 ], [ -70.932614, 40.9064066 ], [ -70.9280862, 40.9091905 ], [ -70.9263687, 40.9100197 ], [ -70.9230899, 40.9112044 ], [ -70.9215286, 40.9113228 ], [ -70.9199672, 40.9113229 ], [ -70.9184058, 40.911086 ], [ -70.9152831, 40.9101385 ], [ -70.9136436, 40.9092501 ], [ -70.9105207, 40.9078287 ], [ -70.9058366, 40.9063481 ], [ -70.9042752, 40.9059335 ], [ -70.9011524, 40.9054006 ], [ -70.8980297, 40.9051637 ], [ -70.8949069, 40.9052231 ], [ -70.8902229, 40.9056971 ], [ -70.8887396, 40.9059932 ], [ -70.8808547, 40.9064673 ], [ -70.877732, 40.9064674 ], [ -70.872085, 40.9061912 ], [ -70.8699251, 40.9062899 ], [ -70.8668023, 40.9062901 ], [ -70.8651629, 40.9064678 ], [ -70.8643523, 40.9064512 ], [ -70.8634454, 40.9061125 ], [ -70.8629924, 40.9057639 ], [ -70.8628601, 40.9051338 ], [ -70.8631331, 40.9045725 ], [ -70.8646944, 40.9038616 ], [ -70.8661777, 40.9036246 ], [ -70.8692223, 40.9029729 ], [ -70.8707836, 40.9027952 ], [ -70.872345, 40.9027952 ], [ -70.8739064, 40.9029136 ], [ -70.8785905, 40.9026765 ], [ -70.8817132, 40.9027356 ], [ -70.8843632, 40.902663 ], [ -70.8855599, 40.9023 ], [ -70.8859787, 40.9018767 ], [ -70.8861782, 40.9013022 ], [ -70.8859388, 40.9003647 ], [ -70.8856197, 40.8991852 ], [ -70.8857394, 40.8982175 ], [ -70.885899, 40.8970683 ], [ -70.8866569, 40.8957981 ], [ -70.8878535, 40.8947698 ], [ -70.8896758, 40.8937904 ], [ -70.8912371, 40.893198 ], [ -70.8927985, 40.892724 ], [ -70.8943598, 40.8924869 ], [ -70.8959211, 40.8926054 ], [ -70.9021667, 40.8935531 ], [ -70.903728, 40.8936123 ], [ -70.9068508, 40.8934937 ], [ -70.9084122, 40.893316 ], [ -70.9130962, 40.8924272 ], [ -70.9162189, 40.8915976 ], [ -70.9177802, 40.8910644 ], [ -70.9209029, 40.8895832 ], [ -70.9254307, 40.8870947 ], [ -70.9283192, 40.8850801 ], [ -70.9308953, 40.8828877 ], [ -70.9323786, 40.8818211 ], [ -70.9350328, 40.8794509 ], [ -70.9372186, 40.8771991 ], [ -70.9397947, 40.8750065 ], [ -70.9429174, 40.8732878 ], [ -70.9460401, 40.8718654 ], [ -70.9476014, 40.8712728 ], [ -70.94885, 40.8705433 ], [ -70.9490065, 40.8698504 ], [ -70.94885, 40.8693218 ], [ -70.9471328, 40.8687837 ], [ -70.94401, 40.868606 ], [ -70.9408874, 40.8690209 ], [ -70.939326, 40.8694358 ], [ -70.9377647, 40.8699693 ], [ -70.934642, 40.8713917 ], [ -70.9315194, 40.8732289 ], [ -70.9273819, 40.8763698 ], [ -70.9239627, 40.8799016 ], [ -70.9232445, 40.8809919 ], [ -70.9193413, 40.8843101 ], [ -70.91778, 40.8853766 ], [ -70.9128618, 40.8876283 ], [ -70.9067725, 40.8897613 ], [ -70.9036498, 40.8904132 ], [ -70.9005271, 40.8905909 ], [ -70.8974044, 40.890591 ], [ -70.8895976, 40.890769 ], [ -70.8864748, 40.8909468 ], [ -70.8817907, 40.89071 ], [ -70.878668, 40.8908286 ], [ -70.8771846, 40.8910656 ], [ -70.8732813, 40.8913619 ], [ -70.8708612, 40.891836 ], [ -70.8677385, 40.8927247 ], [ -70.8661771, 40.893258 ], [ -70.8646158, 40.8939097 ], [ -70.8604047, 40.8953246 ], [ -70.8582923, 40.8958056 ], [ -70.857276, 40.8957689 ], [ -70.8564187, 40.8954502 ], [ -70.8561412, 40.8950066 ], [ -70.8561063, 40.8940284 ], [ -70.8568869, 40.8928435 ], [ -70.8582922, 40.8916586 ], [ -70.8596973, 40.8908291 ], [ -70.8612587, 40.8901181 ], [ -70.8643814, 40.8894663 ], [ -70.8690654, 40.8889923 ], [ -70.8721882, 40.8884589 ], [ -70.8799949, 40.887807 ], [ -70.8831177, 40.8872736 ], [ -70.8894412, 40.8856738 ], [ -70.8924857, 40.8844887 ], [ -70.894047, 40.8831258 ], [ -70.8951399, 40.8818222 ], [ -70.8957644, 40.8806372 ], [ -70.8957644, 40.8793335 ], [ -70.8951398, 40.8780299 ], [ -70.8935783, 40.8769634 ], [ -70.8920169, 40.8763709 ], [ -70.8903775, 40.8761931 ], [ -70.8872547, 40.8760154 ], [ -70.884132, 40.8760155 ], [ -70.8810093, 40.8764304 ], [ -70.8764033, 40.8775564 ], [ -70.8747639, 40.8777343 ], [ -70.8716412, 40.8786232 ], [ -70.8698456, 40.8793343 ], [ -70.8682843, 40.8796898 ], [ -70.8665668, 40.8796899 ], [ -70.8648493, 40.8793345 ], [ -70.8634439, 40.8782679 ], [ -70.8631316, 40.8769642 ], [ -70.8637561, 40.8757791 ], [ -70.8638341, 40.8745939 ], [ -70.862663, 40.8722235 ], [ -70.8618822, 40.8711568 ], [ -70.8615699, 40.869616 ], [ -70.8618821, 40.8683122 ], [ -70.8637556, 40.8658229 ], [ -70.8651608, 40.8647561 ], [ -70.8667221, 40.8640448 ], [ -70.8682054, 40.8638669 ], [ -70.8713282, 40.8646373 ], [ -70.874451, 40.8659411 ], [ -70.8805838, 40.8679955 ], [ -70.8824922, 40.86843 ], [ -70.8871763, 40.8692597 ], [ -70.893578, 40.8702077 ], [ -70.8950612, 40.8702669 ], [ -70.898184, 40.8706816 ], [ -70.9013068, 40.8707408 ], [ -70.9060689, 40.871037 ], [ -70.9076303, 40.8709184 ], [ -70.9091917, 40.8710369 ], [ -70.9123144, 40.8705035 ], [ -70.9154371, 40.8697329 ], [ -70.9169984, 40.8694958 ], [ -70.9201212, 40.8688438 ], [ -70.9279279, 40.8666507 ], [ -70.9310506, 40.8659394 ], [ -70.9341733, 40.8654652 ], [ -70.9357347, 40.8651095 ], [ -70.9404187, 40.8643982 ], [ -70.9435414, 40.8639833 ], [ -70.9466642, 40.863746 ], [ -70.9497868, 40.8633903 ], [ -70.9526095, 40.8629055 ], [ -70.9526141, 40.8629047 ], [ -70.9563446, 40.862264 ], [ -70.9575937, 40.8617898 ], [ -70.9582181, 40.8604858 ], [ -70.9572813, 40.8593004 ], [ -70.9560321, 40.8582335 ], [ -70.9546268, 40.8573444 ], [ -70.951504, 40.8557441 ], [ -70.9484592, 40.8538473 ], [ -70.9455706, 40.8516541 ], [ -70.9443214, 40.8504684 ], [ -70.9415108, 40.8482751 ], [ -70.9404178, 40.8470894 ], [ -70.9396371, 40.8459037 ], [ -70.9369827, 40.8435324 ], [ -70.9361994, 40.8425412 ], [ -70.9355572, 40.8416096 ], [ -70.9353172, 40.8407536 ], [ -70.9354613, 40.8401707 ], [ -70.9357973, 40.8397518 ], [ -70.9362293, 40.8395332 ], [ -70.9370694, 40.8394967 ], [ -70.9381736, 40.8397153 ], [ -70.9400699, 40.8410814 ], [ -70.9419661, 40.8421196 ], [ -70.9427823, 40.842156 ], [ -70.9434544, 40.8420467 ], [ -70.9437904, 40.8416643 ], [ -70.9439104, 40.8412635 ], [ -70.9439584, 40.8408081 ], [ -70.9433585, 40.8396907 ], [ -70.9423691, 40.838789 ], [ -70.9395586, 40.8367732 ], [ -70.936349, 40.8349486 ], [ -70.9350236, 40.8336633 ], [ -70.934913, 40.8335561 ], [ -70.9338359, 40.8327084 ], [ -70.9335567, 40.8321939 ], [ -70.933477, 40.8315884 ], [ -70.9335966, 40.8310737 ], [ -70.9341715, 40.8303693 ], [ -70.9357328, 40.8295391 ], [ -70.9372941, 40.8288274 ], [ -70.9385432, 40.8275227 ], [ -70.9385431, 40.8260995 ], [ -70.9379185, 40.8249134 ], [ -70.9365132, 40.823846 ], [ -70.9347176, 40.8230158 ], [ -70.9315948, 40.8222448 ], [ -70.9285501, 40.8216519 ], [ -70.9254274, 40.8211775 ], [ -70.9144978, 40.8202882 ], [ -70.911375, 40.8199324 ], [ -70.9051294, 40.8185092 ], [ -70.903568, 40.818272 ], [ -70.9020066, 40.8181534 ], [ -70.9004453, 40.8183907 ], [ -70.898884, 40.8187466 ], [ -70.8973227, 40.8193398 ], [ -70.8957613, 40.8199923 ], [ -70.8926387, 40.8217122 ], [ -70.8899064, 40.823966 ], [ -70.887018, 40.826101 ], [ -70.8856909, 40.8272871 ], [ -70.8828805, 40.829422 ], [ -70.8815534, 40.8303709 ], [ -70.8799921, 40.8310825 ], [ -70.8784307, 40.8315569 ], [ -70.8760887, 40.8320314 ], [ -70.8706239, 40.8318537 ], [ -70.8675011, 40.8314387 ], [ -70.8643784, 40.8312609 ], [ -70.8602421, 40.8315932 ], [ -70.8583674, 40.8319565 ], [ -70.8564927, 40.832683 ], [ -70.8553359, 40.8334096 ], [ -70.8551602, 40.8336496 ], [ -70.854937, 40.8339545 ], [ -70.8547375, 40.8343783 ], [ -70.8546977, 40.8346507 ], [ -70.8547774, 40.8349837 ], [ -70.8550167, 40.8352259 ], [ -70.8555752, 40.8353469 ], [ -70.8568915, 40.8353469 ], [ -70.8581281, 40.8351956 ], [ -70.8597634, 40.8346204 ], [ -70.8618376, 40.8341058 ], [ -70.8641113, 40.8340453 ], [ -70.8657069, 40.8341058 ], [ -70.8668636, 40.8342572 ], [ -70.8682996, 40.8349534 ], [ -70.8688182, 40.835468 ], [ -70.868858, 40.8360129 ], [ -70.8686985, 40.8364367 ], [ -70.8684592, 40.8367999 ], [ -70.8667988, 40.8373683 ], [ -70.8636761, 40.8384949 ], [ -70.8589921, 40.8396808 ], [ -70.8575088, 40.8403331 ], [ -70.8558694, 40.8407482 ], [ -70.8527467, 40.8419934 ], [ -70.8512634, 40.8428235 ], [ -70.8468137, 40.8448393 ], [ -70.8410925, 40.8479224 ], [ -70.8384741, 40.849469 ], [ -70.8384425, 40.8494877 ], [ -70.8368017, 40.8504568 ], [ -70.8345573, 40.8514202 ], [ -70.8315908, 40.8531394 ], [ -70.8285462, 40.85474 ], [ -70.8254235, 40.8559849 ], [ -70.8210298, 40.8571766 ], [ -70.810758, 40.8593217 ], [ -70.8094196, 40.8594233 ], [ -70.8077022, 40.8593048 ], [ -70.8059847, 40.8590678 ], [ -70.8052296, 40.8586781 ], [ -70.8050477, 40.8578823 ], [ -70.8051768, 40.857415 ], [ -70.8061406, 40.8569339 ], [ -70.807702, 40.8563411 ], [ -70.812308, 40.854859 ], [ -70.8154306, 40.8541476 ], [ -70.8170701, 40.8539697 ], [ -70.8217541, 40.852784 ], [ -70.8233155, 40.8523097 ], [ -70.8248768, 40.8515983 ], [ -70.8264381, 40.8502941 ], [ -70.8273376, 40.8490418 ], [ -70.8273749, 40.8489899 ], [ -70.8273748, 40.847567 ], [ -70.8264379, 40.8464999 ], [ -70.8248765, 40.8457886 ], [ -70.8233151, 40.8452551 ], [ -70.8186309, 40.8444845 ], [ -70.8170696, 40.8440103 ], [ -70.8160546, 40.8427652 ], [ -70.8157422, 40.8403936 ], [ -70.8148834, 40.8392671 ], [ -70.8120227, 40.8382599 ], [ -70.8111052, 40.8377756 ], [ -70.8106664, 40.8373215 ], [ -70.810467, 40.8365648 ], [ -70.8105867, 40.835808 ], [ -70.811564, 40.835142 ], [ -70.8129202, 40.8348393 ], [ -70.8153534, 40.834688 ], [ -70.8187039, 40.8345971 ], [ -70.8230023, 40.8341676 ], [ -70.8250375, 40.8336445 ], [ -70.8274962, 40.8330125 ], [ -70.8304967, 40.8316176 ], [ -70.8320581, 40.8308467 ], [ -70.8334632, 40.8298979 ], [ -70.8347123, 40.8287119 ], [ -70.8364297, 40.8262211 ], [ -70.8365857, 40.8249757 ], [ -70.8365075, 40.8225442 ], [ -70.8356486, 40.820172 ], [ -70.8348679, 40.8191044 ], [ -70.8337749, 40.8179182 ], [ -70.8323696, 40.816732 ], [ -70.8290126, 40.8153086 ], [ -70.8273731, 40.8149528 ], [ -70.8258117, 40.8147156 ], [ -70.822689, 40.814775 ], [ -70.8211277, 40.814953 ], [ -70.8195663, 40.815309 ], [ -70.818005, 40.8155462 ], [ -70.8148822, 40.816258 ], [ -70.8133209, 40.8168512 ], [ -70.8070756, 40.8187494 ], [ -70.8039529, 40.8198763 ], [ -70.8023915, 40.8201729 ], [ -70.8003097, 40.8208056 ], [ -70.8, 40.8208336 ], [ -70.8, 40.8336402 ], [ -70.8, 40.8487154 ], [ -70.8, 41.041225 ], [ -70.8, 41.0488713 ], [ -70.8, 41.0492312 ], [ -70.8, 41.0544132 ], [ -70.8010522, 41.0540231 ], [ -70.8023012, 41.0537867 ], [ -70.8047994, 41.0539049 ], [ -70.8060485, 41.0542594 ], [ -70.8072196, 41.0549685 ], [ -70.8097178, 41.0560913 ], [ -70.811045, 41.0563867 ], [ -70.812216, 41.0562685 ], [ -70.814558, 41.0551455 ], [ -70.8154948, 41.0542591 ], [ -70.8168219, 41.052368 ], [ -70.8183832, 41.0505358 ], [ -70.819398, 41.0495901 ], [ -70.8195494, 41.0494673 ], [ -70.8199519, 41.0491408 ], [ -70.8199892, 41.0491106 ], [ -70.8215838, 41.047817 ], [ -70.8229109, 41.0471668 ], [ -70.8295464, 41.0420244 ], [ -70.8302617, 41.041225 ], [ -70.8311859, 41.040192 ], [ -70.8330593, 41.0364088 ], [ -70.8338399, 41.0354629 ], [ -70.8356354, 41.0336894 ], [ -70.836338, 41.0327436 ], [ -70.8385238, 41.0310291 ], [ -70.8409438, 41.030024 ], [ -70.843442, 41.0294327 ], [ -70.8459402, 41.0292553 ], [ -70.8470971, 41.0293144 ], [ -70.8593123, 41.0314338 ], [ -70.8610075, 41.0320334 ], [ -70.8647549, 41.0327427 ], [ -70.8685022, 41.0327426 ], [ -70.8716248, 41.0321513 ], [ -70.8734204, 41.0320921 ], [ -70.8759186, 41.0317965 ], [ -70.8784167, 41.0307323 ], [ -70.8796658, 41.0299637 ], [ -70.8810709, 41.0280718 ], [ -70.8814612, 41.0271258 ], [ -70.8818514, 41.025234 ], [ -70.8818514, 41.023342 ], [ -70.8823978, 41.022455 ], [ -70.8836468, 41.0218638 ], [ -70.8848959, 41.0216272 ], [ -70.8891429, 41.0212251 ], [ -70.8936396, 41.0215087 ], [ -70.9011342, 41.0215085 ], [ -70.9060524, 41.0213309 ], [ -70.9117514, 41.0206212 ], [ -70.9157329, 41.0194904 ], [ -70.9256473, 41.0148557 ], [ -70.9306435, 41.0118692 ], [ -70.9331416, 41.0106273 ], [ -70.9343907, 41.0101542 ], [ -70.9356398, 41.0098585 ], [ -70.938138, 41.0098584 ], [ -70.9406362, 41.0105679 ], [ -70.9418853, 41.0111592 ], [ -70.9443055, 41.0126376 ], [ -70.9461793, 41.0144116 ], [ -70.9495363, 41.0170133 ], [ -70.9520346, 41.0184915 ], [ -70.9545328, 41.0193192 ], [ -70.9570311, 41.0196739 ], [ -70.9595292, 41.0196147 ], [ -70.9620274, 41.0192007 ], [ -70.9670237, 41.0179588 ], [ -70.9752676, 41.0153332 ], [ -70.9782654, 41.0147654 ], [ -70.9820127, 41.0144105 ], [ -70.9845108, 41.0143513 ], [ -70.987009, 41.0141147 ], [ -70.9945035, 41.0140258 ], [ -71.014489, 41.0129904 ], [ -71.0185486, 41.0129902 ], [ -71.0294782, 41.0138177 ], [ -71.0400957, 41.0157097 ], [ -71.0444676, 41.0171878 ], [ -71.0468877, 41.018193 ], [ -71.0493859, 41.0189616 ], [ -71.0518841, 41.0194937 ], [ -71.0534612, 41.0200612 ], [ -71.0594568, 41.0209125 ], [ -71.0667433, 41.0216022 ], [ -71.074368, 41.0216807 ], [ -71.0806915, 41.0216215 ], [ -71.0868589, 41.0209118 ], [ -71.089357, 41.0204386 ], [ -71.0944314, 41.018842 ], [ -71.0990113, 41.0168906 ], [ -71.1030968, 41.0155896 ], [ -71.1087957, 41.0141111 ], [ -71.1130895, 41.0134013 ], [ -71.1180858, 41.0122185 ], [ -71.120584, 41.0117453 ], [ -71.1243312, 41.0113904 ], [ -71.1268294, 41.0113903 ], [ -71.1293276, 41.0115677 ], [ -71.1322161, 41.0114493 ], [ -71.1430676, 41.0100889 ], [ -71.1484543, 41.0096451 ], [ -71.1546373, 41.0098402 ], [ -71.1580567, 41.0104433 ], [ -71.1605549, 41.0111528 ], [ -71.1648488, 41.0128676 ], [ -71.1679716, 41.0146415 ], [ -71.1704699, 41.0158241 ], [ -71.1752322, 41.0186622 ], [ -71.1859519, 41.0242017 ], [ -71.187177, 41.025284 ], [ -71.188348, 41.0259344 ], [ -71.1907682, 41.0269394 ], [ -71.1932665, 41.027767 ], [ -71.1957647, 41.0284172 ], [ -71.2045084, 41.0301315 ], [ -71.2070067, 41.0307226 ], [ -71.2084342, 41.0312631 ], [ -71.2145013, 41.0322003 ], [ -71.2175165, 41.0328933 ], [ -71.2232451, 41.03421 ], [ -71.2257433, 41.0349193 ], [ -71.2307398, 41.0368108 ], [ -71.233238, 41.0376383 ], [ -71.2369853, 41.0384066 ], [ -71.2407326, 41.0387021 ], [ -71.2432308, 41.0386429 ], [ -71.245729, 41.0383473 ], [ -71.2494763, 41.0376969 ], [ -71.2507253, 41.0373422 ], [ -71.2519744, 41.036751 ], [ -71.253643, 41.0357683 ], [ -71.2554873, 41.034682 ], [ -71.2558334, 41.0345264 ], [ -71.2579855, 41.0335587 ], [ -71.261436, 41.0310047 ], [ -71.2648601, 41.0272328 ], [ -71.2684462, 41.0237444 ], [ -71.2705539, 41.0220888 ], [ -71.2711719, 41.0213399 ], [ -71.2752378, 41.0174176 ], [ -71.2777359, 41.0157618 ], [ -71.2839812, 41.0126867 ], [ -71.2864793, 41.0117404 ], [ -71.2902266, 41.0107941 ], [ -71.2927248, 41.0106758 ], [ -71.2989702, 41.0107348 ], [ -71.3039666, 41.0112077 ], [ -71.3077139, 41.0113259 ], [ -71.3102121, 41.0115623 ], [ -71.3127103, 41.0120353 ], [ -71.3209545, 41.0148735 ], [ -71.3252016, 41.0168839 ], [ -71.3289489, 41.0190125 ], [ -71.3316814, 41.0217914 ], [ -71.3326184, 41.0236834 ], [ -71.3326965, 41.0246294 ], [ -71.3319159, 41.0265213 ], [ -71.330823, 41.02729 ], [ -71.3283248, 41.0282359 ], [ -71.3272319, 41.0291819 ], [ -71.3269197, 41.0302461 ], [ -71.3272321, 41.0321379 ], [ -71.3275238, 41.033661 ], [ -71.3280971, 41.0352115 ], [ -71.3289162, 41.0354389 ], [ -71.3301038, 41.0353562 ], [ -71.3315921, 41.0351882 ], [ -71.3315929, 41.0351881 ], [ -71.3322773, 41.0351109 ], [ -71.3323017, 41.0351081 ], [ -71.3342128, 41.0347567 ], [ -71.338704, 41.0334956 ], [ -71.3419802, 41.0332992 ], [ -71.3437903, 41.0334174 ], [ -71.345939, 41.0335576 ], [ -71.347386, 41.0334336 ], [ -71.3480003, 41.0331028 ], [ -71.3481698, 41.0327515 ], [ -71.3487844, 41.0314774 ], [ -71.3490912, 41.0306001 ], [ -71.3499981, 41.0300115 ], [ -71.3539313, 41.0287082 ], [ -71.3637677, 41.0250424 ], [ -71.3700131, 41.0232684 ], [ -71.3712622, 41.0227954 ], [ -71.3786786, 41.0209622 ], [ -71.3811767, 41.019957 ], [ -71.3823477, 41.0192474 ], [ -71.3834406, 41.0182422 ], [ -71.3848458, 41.01635 ], [ -71.3866412, 41.0143985 ], [ -71.3874219, 41.0133341 ], [ -71.3887404, 41.0105137 ], [ -71.3887489, 41.0104956 ], [ -71.3892953, 41.0086032 ], [ -71.3898992, 41.0074161 ], [ -71.3921835, 41.0029255 ], [ -71.3934324, 40.9991402 ], [ -71.3939787, 40.9953547 ], [ -71.3935102, 40.9934618 ], [ -71.3931198, 40.9925154 ], [ -71.3923391, 40.9916872 ], [ -71.3919068, 40.9915235 ], [ -71.3914275, 40.991342 ], [ -71.3913892, 40.9913275 ], [ -71.3910899, 40.9912141 ], [ -71.3898409, 40.9910958 ], [ -71.3872646, 40.9914508 ], [ -71.3869279, 40.9915784 ], [ -71.3847665, 40.9923973 ], [ -71.3823464, 40.9935805 ], [ -71.3799263, 40.994941 ], [ -71.3775843, 40.9965973 ], [ -71.375945, 40.9984309 ], [ -71.3753206, 40.9993773 ], [ -71.3736031, 41.0012108 ], [ -71.3736016, 41.0019082 ], [ -71.3736215, 41.0019341 ], [ -71.373644, 41.0019633 ], [ -71.3738871, 41.0022783 ], [ -71.3739005, 41.0022956 ], [ -71.3743639, 41.0027003 ], [ -71.3748373, 41.0028278 ], [ -71.3760829, 41.0030624 ], [ -71.3773356, 41.0031425 ], [ -71.3785996, 41.0032808 ], [ -71.3795807, 41.0035942 ], [ -71.3800132, 41.0040018 ], [ -71.3802086, 41.0043636 ], [ -71.3801637, 41.0047823 ], [ -71.380005, 41.0051733 ], [ -71.3787559, 41.0060013 ], [ -71.3774288, 41.0066519 ], [ -71.3749306, 41.0073617 ], [ -71.3736816, 41.0075391 ], [ -71.3711833, 41.0076575 ], [ -71.366265, 41.0073027 ], [ -71.3662048, 41.0072878 ], [ -71.3656829, 41.0071589 ], [ -71.3656418, 41.0071487 ], [ -71.3588484, 41.0054696 ], [ -71.3545547, 41.0047009 ], [ -71.3489336, 41.0029268 ], [ -71.343375, 41.0005582 ], [ -71.341595, 40.9993783 ], [ -71.334998, 40.995519 ], [ -71.3282449, 40.9928722 ], [ -71.3257467, 40.9915709 ], [ -71.3234046, 40.9898555 ], [ -71.3216089, 40.9888499 ], [ -71.317237, 40.9871936 ], [ -71.3112889, 40.9858792 ], [ -71.3074002, 40.9844726 ], [ -71.304902, 40.9833486 ], [ -71.303809, 40.9824612 ], [ -71.3030282, 40.9813963 ], [ -71.3027159, 40.9804497 ], [ -71.3027159, 40.9795031 ], [ -71.3039648, 40.9757164 ], [ -71.3072434, 40.9709235 ], [ -71.3095073, 40.9692666 ], [ -71.3120055, 40.9686156 ], [ -71.318329, 40.9680236 ], [ -71.3208272, 40.9680235 ], [ -71.3283217, 40.9676683 ], [ -71.3307418, 40.9676682 ], [ -71.3439354, 40.9671944 ], [ -71.3519765, 40.9672533 ], [ -71.3557237, 40.9670757 ], [ -71.3595491, 40.9670756 ], [ -71.3670437, 40.9674304 ], [ -71.3717277, 40.9679037 ], [ -71.3723318, 40.9680132 ], [ -71.3768348, 40.9685379 ], [ -71.3809913, 40.9694561 ], [ -71.3831475, 40.9697722 ], [ -71.3836757, 40.9698496 ], [ -71.3858796, 40.9699762 ], [ -71.3934309, 40.9697375 ], [ -71.3965536, 40.9693232 ], [ -71.4081077, 40.9684056 ], [ -71.4093568, 40.9685239 ], [ -71.4184127, 40.9676656 ], [ -71.4227845, 40.9676655 ], [ -71.4277809, 40.9681387 ], [ -71.4302791, 40.9686712 ], [ -71.4327774, 40.9698547 ], [ -71.4340265, 40.9706239 ], [ -71.4349492, 40.9714911 ], [ -71.4352556, 40.971779 ], [ -71.4359783, 40.9724582 ], [ -71.4368371, 40.973464 ], [ -71.4373056, 40.9743515 ], [ -71.4376549, 40.975075 ], [ -71.4384767, 40.9767774 ], [ -71.4390234, 40.9791441 ], [ -71.4402726, 40.9819248 ], [ -71.4413656, 40.9838179 ], [ -71.4424587, 40.9866575 ], [ -71.4429272, 40.9885505 ], [ -71.4429275, 40.9932829 ], [ -71.4426153, 40.9951757 ], [ -71.4427716, 40.9976008 ], [ -71.4425661, 40.9985352 ], [ -71.441835, 41.0018594 ], [ -71.4405861, 41.0065318 ], [ -71.4404301, 41.0084242 ], [ -71.4407425, 41.0113219 ], [ -71.4417575, 41.0141012 ], [ -71.4421382, 41.0149539 ], [ -71.4421421, 41.0149627 ], [ -71.4429658, 41.0156905 ], [ -71.4457389, 41.0174166 ], [ -71.4479354, 41.0188723 ], [ -71.4509557, 41.0205567 ], [ -71.4548545, 41.0228025 ], [ -71.4576002, 41.0238838 ], [ -71.461197, 41.0256097 ], [ -71.4623381, 41.027134 ], [ -71.463287, 41.0284634 ], [ -71.4642834, 41.0320203 ], [ -71.4654221, 41.0342478 ], [ -71.466183, 41.0344502 ], [ -71.4671775, 41.0347148 ], [ -71.4684111, 41.0345711 ], [ -71.4719221, 41.0337089 ], [ -71.4794658, 41.0320922 ], [ -71.4860133, 41.0307629 ], [ -71.4936045, 41.0291102 ], [ -71.508787, 41.026128 ], [ -71.5171373, 41.0248345 ], [ -71.5219767, 41.0245111 ], [ -71.5288563, 41.023541 ], [ -71.5328417, 41.0222115 ], [ -71.5376337, 41.0189415 ], [ -71.5437066, 41.0148808 ], [ -71.5494001, 41.0127964 ], [ -71.5527212, 41.0134074 ], [ -71.5559001, 41.0146292 ], [ -71.5599803, 41.0152402 ], [ -71.5627796, 41.0149886 ], [ -71.5658635, 41.0137308 ], [ -71.5677139, 41.0112152 ], [ -71.5685679, 41.0062914 ], [ -71.5702759, 41.0029488 ], [ -71.5731227, 40.9993184 ], [ -71.5805241, 40.9902955 ], [ -71.5842723, 40.984759 ], [ -71.5885898, 40.9768128 ], [ -71.5920058, 40.9710953 ], [ -71.5944256, 40.9682184 ], [ -71.5972658, 40.9662633 ], [ -71.5999215, 40.9642871 ], [ -71.6024197, 40.9629851 ], [ -71.6063342, 40.9613448 ], [ -71.6149104, 40.9586645 ], [ -71.6174085, 40.9577175 ], [ -71.6196725, 40.956001 ], [ -71.6209215, 40.9553499 ], [ -71.6277132, 40.9500819 ], [ -71.6282135, 40.9497485 ], [ -71.6302893, 40.9483653 ], [ -71.6312915, 40.9479853 ], [ -71.6320599, 40.947694 ], [ -71.6320812, 40.9476859 ], [ -71.6349734, 40.9465893 ], [ -71.6374715, 40.9461157 ], [ -71.6418434, 40.9461156 ], [ -71.6465275, 40.9470033 ], [ -71.6470985, 40.9471837 ], [ -71.6471091, 40.947187 ], [ -71.6475604, 40.9473296 ], [ -71.6521485, 40.9487789 ], [ -71.6537099, 40.9490749 ], [ -71.654959, 40.9490748 ], [ -71.6587063, 40.9487196 ], [ -71.6599553, 40.9484828 ], [ -71.6680744, 40.946174 ], [ -71.669948, 40.9459963 ], [ -71.6724462, 40.9459962 ], [ -71.6749444, 40.9461738 ], [ -71.6761935, 40.9464106 ], [ -71.6786917, 40.9472392 ], [ -71.6799409, 40.9478903 ], [ -71.6805332, 40.9483394 ], [ -71.682283, 40.949666 ], [ -71.6832979, 40.950613 ], [ -71.6857962, 40.9520927 ], [ -71.6876754, 40.9530293 ], [ -71.6901663, 40.954588 ], [ -71.6929339, 40.9576753 ], [ -71.6947922, 40.9603429 ], [ -71.6960969, 40.9634 ], [ -71.6976784, 40.9662172 ], [ -71.7005647, 40.9693639 ], [ -71.7033718, 40.9724505 ], [ -71.7063767, 40.9757467 ], [ -71.7080768, 40.9775746 ], [ -71.7097374, 40.9808107 ], [ -71.7112003, 40.9849154 ], [ -71.7121492, 40.9879114 ], [ -71.7128609, 40.9885106 ], [ -71.7141656, 40.9894094 ], [ -71.7166565, 40.9901284 ], [ -71.720808, 40.9901883 ], [ -71.7254339, 40.9894693 ], [ -71.7273317, 40.9888701 ], [ -71.7314831, 40.9859641 ], [ -71.7352392, 40.9826683 ], [ -71.7430281, 40.9723906 ], [ -71.7467842, 40.9681951 ], [ -71.7505007, 40.9627706 ], [ -71.7546522, 40.9564164 ], [ -71.7579338, 40.9506312 ], [ -71.7584478, 40.9475735 ], [ -71.759713, 40.9463744 ], [ -71.7613736, 40.9446955 ], [ -71.7652638, 40.9414651 ], [ -71.7658408, 40.9398898 ], [ -71.7666517, 40.9377477 ], [ -71.7677578, 40.9299156 ], [ -71.7681961, 40.9268114 ], [ -71.7687815, 40.925035 ], [ -71.7697963, 40.9231401 ], [ -71.7725285, 40.9193501 ], [ -71.774626, 40.9158483 ], [ -71.7767439, 40.9128355 ], [ -71.7804908, 40.9062019 ], [ -71.7809365, 40.9052181 ], [ -71.7813495, 40.9043064 ], [ -71.7824423, 40.9024109 ], [ -71.7839254, 40.897672 ], [ -71.7848621, 40.8957762 ], [ -71.7860331, 40.8938805 ], [ -71.789754, 40.8895753 ], [ -71.7912634, 40.8883706 ], [ -71.7937615, 40.8873041 ], [ -71.7962597, 40.8864745 ], [ -71.8008396, 40.8857041 ], [ -71.802505, 40.8847561 ], [ -71.8034418, 40.8839266 ], [ -71.8043785, 40.8810824 ], [ -71.8050028, 40.87729 ], [ -71.8050027, 40.8748177 ], [ -71.8050025, 40.8716011 ], [ -71.8034406, 40.8611702 ], [ -71.8034405, 40.859392 ], [ -71.8040318, 40.85535 ], [ -71.8040915, 40.8549417 ], [ -71.8046892, 40.850856 ], [ -71.8051575, 40.848959 ], [ -71.8054696, 40.8461134 ], [ -71.8060941, 40.8442162 ], [ -71.8071869, 40.842319 ], [ -71.807343, 40.8413703 ], [ -71.8067965, 40.840481 ], [ -71.8043764, 40.8393545 ], [ -71.8032834, 40.8386431 ], [ -71.8025806, 40.8376944 ], [ -71.801878, 40.8358564 ], [ -71.8021901, 40.8330101 ], [ -71.8028926, 40.8311719 ], [ -71.8040635, 40.8293336 ], [ -71.805859, 40.8275545 ], [ -71.8113235, 40.8230472 ], [ -71.813041, 40.8211493 ], [ -71.8144461, 40.8192514 ], [ -71.8150706, 40.8173535 ], [ -71.8148362, 40.8154555 ], [ -71.8144459, 40.8145065 ], [ -71.8141335, 40.8126084 ], [ -71.8140554, 40.8107103 ], [ -71.8142114, 40.8098206 ], [ -71.8151481, 40.8069139 ], [ -71.8163971, 40.8050156 ], [ -71.8214713, 40.8003881 ], [ -71.8221249, 40.8 ] ] ] } },
{ "type": "Feature", "properties": { "RCID": 469, "PRIM": 3, "GRUP": 1, "OBJL": 42, "RVER": 1, "AGEN": 550, "FIDN": 303375547, "FIDS": 48294, "LNAM": "0226121524BBBCA6", "DRVAL1": 0.0, "DRVAL2": 5.4 }, "geometry": { "type": "Polygon", "coordinates": [ [ [ -71.5447761, 41.1538445 ], [ -71.5460482, 41.1524411 ], [ -71.5478017, 41.1512977 ], [ -71.5514463, 41.1495045 ], [ -71.5539232, 41.149125 ], [ -71.557092, 41.1487973 ], [ -71.5630627, 41.1479652 ], [ -71.5750118, 41.1468716 ], [ -71.58504, 41.1459872 ], [ -71.5919643, 41.1454097 ], [ -71.5930626, 41.1452653 ], [ -71.6007031, 41.1456082 ], [ -71.6062535, 41.1460537 ], [ -71.6114954, 41.1464745 ], [ -71.6147904, 41.1471604 ], [ -71.6163662, 41.1483516 ], [ -71.6172326, 41.1495097 ], [ -71.6177913, 41.1507766 ], [ -71.6180368, 41.1530858 ], [ -71.6183669, 41.1559235 ], [ -71.6185731, 41.1607568 ], [ -71.6183256, 41.1654961 ], [ -71.617305, 41.1692265 ], [ -71.6161876, 41.1731236 ], [ -71.6136949, 41.1787738 ], [ -71.6122909, 41.1818477 ], [ -71.6099415, 41.1854842 ], [ -71.6073341, 41.1881032 ], [ -71.6060735, 41.1889473 ], [ -71.6044976, 41.1894235 ], [ -71.6021195, 41.1899213 ], [ -71.6011167, 41.1904408 ], [ -71.6003144, 41.1915229 ], [ -71.597793, 41.1970417 ], [ -71.5954436, 41.2018243 ], [ -71.59467, 41.2030362 ], [ -71.5938104, 41.2035339 ], [ -71.5922918, 41.2038801 ], [ -71.5899137, 41.2043994 ], [ -71.5879654, 41.2054381 ], [ -71.5863609, 41.207061 ], [ -71.5850715, 41.2086622 ], [ -71.5848013, 41.2097175 ], [ -71.5847296, 41.2155232 ], [ -71.5850639, 41.2169655 ], [ -71.585231, 41.2183898 ], [ -71.5851355, 41.2196338 ], [ -71.5845864, 41.2205893 ], [ -71.5837507, 41.2215988 ], [ -71.5825807, 41.2229509 ], [ -71.5819599, 41.2243209 ], [ -71.5819132, 41.225662 ], [ -71.5818538, 41.2308436 ], [ -71.5816656, 41.2328759 ], [ -71.5802793, 41.2378093 ], [ -71.5790874, 41.2410823 ], [ -71.5783087, 41.2432208 ], [ -71.5772199, 41.2467025 ], [ -71.5765609, 41.2493407 ], [ -71.5759306, 41.2502489 ], [ -71.5746412, 41.2514382 ], [ -71.5734092, 41.2520436 ], [ -71.5723777, 41.2521301 ], [ -71.5716328, 41.2519571 ], [ -71.570458, 41.250876 ], [ -71.5693406, 41.2492974 ], [ -71.5691687, 41.2479351 ], [ -71.5694552, 41.2466376 ], [ -71.570544, 41.2452536 ], [ -71.5719797, 41.2440057 ], [ -71.572788, 41.2432291 ], [ -71.5738904, 41.2418285 ], [ -71.5752683, 41.2395265 ], [ -71.5755255, 41.2382506 ], [ -71.5754098, 41.2368513 ], [ -71.5751003, 41.235865 ], [ -71.573725, 41.2342818 ], [ -71.5715589, 41.2328543 ], [ -71.5692209, 41.2317122 ], [ -71.5652326, 41.230648 ], [ -71.5622069, 41.2299212 ], [ -71.5601783, 41.2293762 ], [ -71.5582186, 41.2279485 ], [ -71.5557351, 41.2250179 ], [ -71.5533168, 41.2221944 ], [ -71.5498154, 41.2183362 ], [ -71.5490055, 41.2172226 ], [ -71.5475697, 41.2155029 ], [ -71.5474152, 41.2140791 ], [ -71.5483124, 41.2097078 ], [ -71.5496492, 41.2066418 ], [ -71.5516759, 41.2044485 ], [ -71.5529939, 41.2033233 ], [ -71.556776, 41.20064 ], [ -71.5607873, 41.197805 ], [ -71.5621912, 41.1962036 ], [ -71.5629362, 41.1948834 ], [ -71.5635378, 41.1933035 ], [ -71.5636525, 41.1911176 ], [ -71.5632227, 41.1879792 ], [ -71.5620479, 41.1855117 ], [ -71.5615861, 41.1846394 ], [ -71.5607873, 41.1831307 ], [ -71.5600996, 41.1823947 ], [ -71.5562316, 41.1801001 ], [ -71.5531658, 41.177957 ], [ -71.552077, 41.176788 ], [ -71.5509023, 41.1749696 ], [ -71.5492118, 41.1721335 ], [ -71.5484382, 41.1714407 ], [ -71.5477506, 41.1708778 ], [ -71.5439972, 41.1692324 ], [ -71.543023, 41.1685612 ], [ -71.5427936, 41.167685 ], [ -71.5425924, 41.1656223 ], [ -71.5427074, 41.1598466 ], [ -71.5430522, 41.1578271 ], [ -71.5447761, 41.1538445 ] ], [ [ -71.5884403, 41.1979101 ], [ -71.582778, 41.2018149 ], [ -71.5800832, 41.2039375 ], [ -71.5769305, 41.2113799 ], [ -71.5764184, 41.2217574 ], [ -71.5782069, 41.2322802 ], [ -71.5735117, 41.2270658 ], [ -71.5701284, 41.2251533 ], [ -71.5660808, 41.2249514 ], [ -71.5634812, 41.2258675 ], [ -71.5632143, 41.2243522 ], [ -71.5600626, 41.2216286 ], [ -71.558472, 41.2188719 ], [ -71.5558525, 41.2165976 ], [ -71.5544273, 41.2128731 ], [ -71.5557504, 41.21028 ], [ -71.5554234, 41.2083437 ], [ -71.5574255, 41.2062035 ], [ -71.5573716, 41.2036783 ], [ -71.5605646, 41.2015351 ], [ -71.5637685, 41.1966213 ], [ -71.56638, 41.1878482 ], [ -71.5654662, 41.183974 ], [ -71.565436, 41.1838459 ], [ -71.5642428, 41.1787878 ], [ -71.5581284, 41.1739142 ], [ -71.5555874, 41.1734334 ], [ -71.5546026, 41.1744065 ], [ -71.5518723, 41.1675373 ], [ -71.5446437, 41.1650583 ], [ -71.5454606, 41.1630229 ], [ -71.5438012, 41.1606761 ], [ -71.5455685, 41.1592312 ], [ -71.5444325, 41.1572658 ], [ -71.5463009, 41.1564346 ], [ -71.5469098, 41.1532778 ], [ -71.5651226, 41.1490965 ], [ -71.5705945, 41.1492702 ], [ -71.5767883, 41.147749 ], [ -71.5805901, 41.1489991 ], [ -71.5926108, 41.146713 ], [ -71.601557, 41.1476474 ], [ -71.6073427, 41.1513386 ], [ -71.6117337, 41.15414 ], [ -71.6128307, 41.1599442 ], [ -71.6109534, 41.1632349 ], [ -71.6102608, 41.1699354 ], [ -71.6080895, 41.1729596 ], [ -71.6059426, 41.1810835 ], [ -71.6047365, 41.1825417 ], [ -71.5989439, 41.1846505 ], [ -71.5950137, 41.1885439 ], [ -71.5932584, 41.1936672 ], [ -71.5931988, 41.1993864 ], [ -71.5907811, 41.1968476 ], [ -71.5884403, 41.1979101 ] ] ] } },
{ "type": "Feature", "properties": { "RCID": 470, "PRIM": 3, "GRUP": 1, "OBJL": 42, "RVER": 1, "AGEN": 550, "FIDN": 272956710, "FIDS": 48294, "LNAM": "02261044FD26BCA6", "DRVAL1": 36.5, "DRVAL2": 45.7 }, "geometry": { "type": "Polygon", "coordinates": [ [ [ -71.0208446, 41.0890997 ], [ -71.0225344, 41.086734 ], [ -71.0260339, 41.0841404 ], [ -71.0310961, 41.0823405 ], [ -71.0374047, 41.083467 ], [ -71.0431501, 41.0853822 ], [ -71.0467288, 41.0868934 ], [ -71.05039, 41.0881771 ], [ -71.0529797, 41.0902715 ], [ -71.0534016, 41.0920288 ], [ -71.0528383, 41.0959716 ], [ -71.0509232, 41.0985627 ], [ -71.0484448, 41.0994639 ], [ -71.0436007, 41.0994639 ], [ -71.0372921, 41.1001399 ], [ -71.0327982, 41.10081 ], [ -71.0310961, 41.1004778 ], [ -71.0280544, 41.099126 ], [ -71.0241115, 41.0932679 ], [ -71.0214078, 41.0911275 ], [ -71.0208446, 41.0890997 ] ] ] } },
{ "type": "Feature", "properties": { "RCID": 471, "PRIM": 3, "GRUP": 1, "OBJL": 42, "RVER": 1, "AGEN": 550, "FIDN": 438579904, "FIDS": 48294, "LNAM": "02261A2432C0BCA6", "DRVAL1": 5.4, "DRVAL2": 10.9 }, "geometry": { "type": "Polygon", "coordinates": [ [ [ -70.8335089, 41.276658 ], [ -70.8317838, 41.2775503 ], [ -70.8302966, 41.278978 ], [ -70.8292854, 41.2801677 ], [ -70.8292854, 41.2821903 ], [ -70.8313079, 41.2845697 ], [ -70.8333899, 41.2864733 ], [ -70.837567, 41.2905734 ], [ -70.8392553, 41.2912931 ], [ -70.8409802, 41.2912931 ], [ -70.8424116, 41.2912654 ], [ -70.8439163, 41.2907118 ], [ -70.8444668, 41.2900751 ], [ -70.8448338, 41.2891893 ], [ -70.8442185, 41.286434 ], [ -70.841532, 41.2810854 ], [ -70.8396822, 41.2776966 ], [ -70.8385812, 41.2761351 ], [ -70.838049, 41.2758139 ], [ -70.8373761, 41.2756754 ], [ -70.8335089, 41.276658 ] ] ] } },
{ "type": "Feature", "properties": { "RCID": 472, "PRIM": 3, "GRUP": 1, "OBJL": 42, "RVER": 1, "AGEN": 550, "FIDN": -1880298479, "FIDS": 48294, "LNAM": "02268FECEC11BCA6", "DRVAL1": 18.2, "DRVAL2": 27.4 }, "geometry": { "type": "Polygon", "coordinates": [ [ [ -71.605741, 41.2336606 ], [ -71.6031012, 41.2333586 ], [ -71.6009413, 41.2325736 ], [ -71.5999147, 41.2316879 ], [ -71.5994481, 41.2303291 ], [ -71.5994481, 41.22892 ], [ -71.600248, 41.2259003 ], [ -71.6015146, 41.2241388 ], [ -71.6035145, 41.2231322 ], [ -71.6056477, 41.2229309 ], [ -71.6090474, 41.2231825 ], [ -71.6118472, 41.2242898 ], [ -71.6141137, 41.225548 ], [ -71.6154203, 41.2264741 ], [ -71.6154203, 41.228467 ], [ -71.6152603, 41.2302788 ], [ -71.6137404, 41.2317281 ], [ -71.6116606, 41.2331171 ], [ -71.6097407, 41.2337209 ], [ -71.605741, 41.2336606 ] ] ] } },
{ "type": "Feature", "properties": { "RCID": 473, "PRIM": 3, "GRUP": 1, "OBJL": 42, "RVER": 1, "AGEN": 550, "FIDN": 1963558294, "FIDS": 48294, "LNAM": "022675098596BCA6", "DRVAL1": 10.9, "DRVAL2": 18.2 }, "geometry": { "type": "Polygon", "coordinates": [ [ [ -71.4671144, 41.2982155 ], [ -71.4670459, 41.2995079 ], [ -71.4661084, 41.3017046 ], [ -71.4646016, 41.3040528 ], [ -71.462827, 41.3058708 ], [ -71.4610189, 41.306603 ], [ -71.4597465, 41.3068049 ], [ -71.4579719, 41.3066534 ], [ -71.4566655, 41.3064418 ], [ -71.4545975, 41.3062857 ], [ -71.4519338, 41.3059988 ], [ -71.4502462, 41.3059624 ], [ -71.4485104, 41.3062533 ], [ -71.445521, 41.3077803 ], [ -71.4420012, 41.3104706 ], [ -71.4403137, 41.3124338 ], [ -71.4391082, 41.3148694 ], [ -71.4384332, 41.3158873 ], [ -71.4375171, 41.3163962 ], [ -71.4357331, 41.3159964 ], [ -71.4344795, 41.3142151 ], [ -71.4335152, 41.3126155 ], [ -71.4332741, 41.3050899 ], [ -71.4338641, 41.3030358 ], [ -71.4351755, 41.300132 ], [ -71.4371566, 41.2974175 ], [ -71.4394167, 41.2952711 ], [ -71.4416989, 41.2941797 ], [ -71.4437749, 41.2939019 ], [ -71.4462191, 41.2937504 ], [ -71.4510408, 41.2941545 ], [ -71.4559747, 41.2945608 ], [ -71.4568669, 41.2946343 ], [ -71.4597465, 41.294811 ], [ -71.4624921, 41.2944575 ], [ -71.4645346, 41.2944322 ], [ -71.4667445, 41.2956444 ], [ -71.4670794, 41.2966292 ], [ -71.4671463, 41.297614 ], [ -71.4671144, 41.2982155 ] ] ] } },
{ "type": "Feature", "properties": { "RCID": 474, "PRIM": 3, "GRUP": 1, "OBJL": 42, "RVER": 1, "AGEN": 550, "FIDN": 1034090275, "FIDS": 48294, "LNAM": "02263DA2F723BCA6", "DRVAL1": 36.5, "DRVAL2": 109.7 }, "geometry": { "type": "Polygon", "coordinates": [ [ [ -71.5379952, 41.2991803 ], [ -71.5373091, 41.2991698 ], [ -71.5316307, 41.2992233 ], [ -71.5239295, 41.2993304 ], [ -71.5197062, 41.2991698 ], [ -71.5195599, 41.2991304 ], [ -71.5182157, 41.2987683 ], [ -71.515341, 41.2977781 ], [ -71.510337, 41.2952354 ], [ -71.5054394, 41.2926659 ], [ -71.5013581, 41.2902301 ], [ -71.4987674, 41.2884366 ], [ -71.4964961, 41.2868573 ], [ -71.4953249, 41.284796 ], [ -71.4939408, 41.2822796 ], [ -71.4926277, 41.2810214 ], [ -71.4914708, 41.2803468 ], [ -71.4889155, 41.2797364 ], [ -71.4864019, 41.2789923 ], [ -71.4855511, 41.2787405 ], [ -71.4815905, 41.2779694 ], [ -71.4786945, 41.2770056 ], [ -71.4786882, 41.2770036 ], [ -71.4746913, 41.2757205 ], [ -71.471838, 41.2746924 ], [ -71.4698363, 41.2744353 ], [ -71.4678438, 41.2747906 ], [ -71.467494, 41.274853 ], [ -71.4649814, 41.2751422 ], [ -71.4620003, 41.2756883 ], [ -71.4492029, 41.2758186 ], [ -71.4417927, 41.2756644 ], [ -71.4343825, 41.2757415 ], [ -71.4330913, 41.2757739 ], [ -71.4202804, 41.2760949 ], [ -71.419007, 41.2762252 ], [ -71.4168667, 41.2764441 ], [ -71.4147837, 41.2762259 ], [ -71.4105165, 41.2755105 ], [ -71.4090556, 41.2752656 ], [ -71.4028068, 41.2743489 ], [ -71.3990459, 41.2744799 ], [ -71.3949379, 41.275091 ], [ -71.3906563, 41.2766624 ], [ -71.387474, 41.2770989 ], [ -71.3850439, 41.2769679 ], [ -71.3815145, 41.2754402 ], [ -71.3782743, 41.2736942 ], [ -71.3750921, 41.2725156 ], [ -71.3717941, 41.2717299 ], [ -71.3676264, 41.2713498 ], [ -71.3665289, 41.2712497 ], [ -71.3632309, 41.2715989 ], [ -71.3601065, 41.2726902 ], [ -71.3550148, 41.2755711 ], [ -71.3513697, 41.2775353 ], [ -71.3478402, 41.2786702 ], [ -71.3458498, 41.2787984 ], [ -71.3430958, 41.2789757 ], [ -71.3356319, 41.2791503 ], [ -71.333025, 41.2788957 ], [ -71.3319803, 41.2785623 ], [ -71.3306945, 41.2771377 ], [ -71.3293284, 41.2751371 ], [ -71.3270381, 41.2708629 ], [ -71.326556, 41.2688621 ], [ -71.326556, 41.2649513 ], [ -71.3266363, 41.2643146 ], [ -71.3262747, 41.2634051 ], [ -71.3255113, 41.2632232 ], [ -71.3238237, 41.2632535 ], [ -71.323221, 41.2635264 ], [ -71.3227389, 41.2642237 ], [ -71.3224576, 41.2656789 ], [ -71.3225781, 41.2669522 ], [ -71.322337, 41.2678314 ], [ -71.3216138, 41.2685893 ], [ -71.3191226, 41.26962 ], [ -71.3147028, 41.271166 ], [ -71.3115286, 41.2717723 ], [ -71.3101223, 41.272318 ], [ -71.309399, 41.2728939 ], [ -71.3088767, 41.2735002 ], [ -71.3088365, 41.2751977 ], [ -71.3091981, 41.2807749 ], [ -71.3096803, 41.2817145 ], [ -71.310725, 41.2827147 ], [ -71.31185, 41.2834724 ], [ -71.3121715, 41.2841089 ], [ -71.3116491, 41.284806 ], [ -71.3095196, 41.2862305 ], [ -71.3080329, 41.286776 ], [ -71.306265, 41.2866851 ], [ -71.3044568, 41.286776 ], [ -71.3032916, 41.2872003 ], [ -71.3030104, 41.2878064 ], [ -71.3030505, 41.2885035 ], [ -71.3031309, 41.2921098 ], [ -71.3027693, 41.2928977 ], [ -71.301805, 41.2936856 ], [ -71.2970637, 41.2960796 ], [ -71.292684, 41.2986855 ], [ -71.2882642, 41.3018368 ], [ -71.2851302, 41.3047152 ], [ -71.2839248, 41.3057757 ], [ -71.2825184, 41.306321 ], [ -71.2814336, 41.3061695 ], [ -71.2801076, 41.3056545 ], [ -71.2792237, 41.3049576 ], [ -71.2789424, 41.3035942 ], [ -71.2792237, 41.3017762 ], [ -71.281755, 41.2981098 ], [ -71.2831613, 41.2955341 ], [ -71.2838444, 41.2942614 ], [ -71.2859338, 41.2927765 ], [ -71.2884249, 41.2916855 ], [ -71.2897107, 41.2906855 ], [ -71.2907554, 41.2891399 ], [ -71.291559, 41.2873518 ], [ -71.2918001, 41.284018 ], [ -71.2923224, 41.2820479 ], [ -71.2928046, 41.2808052 ], [ -71.2940904, 41.2797444 ], [ -71.2966217, 41.2786532 ], [ -71.2994745, 41.2774105 ], [ -71.3019255, 41.2762586 ], [ -71.3043363, 41.2745914 ], [ -71.3057828, 41.273197 ], [ -71.3065864, 41.2714692 ], [ -71.3077114, 41.2682558 ], [ -71.308274, 41.2673463 ], [ -71.3090776, 41.2665581 ], [ -71.3108053, 41.2656789 ], [ -71.313176, 41.2650726 ], [ -71.3147028, 41.2640418 ], [ -71.3154662, 41.2630413 ], [ -71.315627, 41.2616466 ], [ -71.3162297, 41.2599488 ], [ -71.3170734, 41.2593424 ], [ -71.3205289, 41.2583418 ], [ -71.3216942, 41.2576141 ], [ -71.3227389, 41.2567045 ], [ -71.3237434, 41.2554916 ], [ -71.3239041, 41.2544304 ], [ -71.3229398, 41.2531265 ], [ -71.3216942, 41.2519742 ], [ -71.3201673, 41.2500032 ], [ -71.3175154, 41.2478198 ], [ -71.3143866, 41.2455816 ], [ -71.3124111, 41.2439894 ], [ -71.311641, 41.2432818 ], [ -71.3114066, 41.2426753 ], [ -71.3114169, 41.2405453 ], [ -71.3110003, 41.2391827 ], [ -71.3098894, 41.2379773 ], [ -71.3094143, 41.2369708 ], [ -71.3098973, 41.235454 ], [ -71.3109337, 41.2333233 ], [ -71.3126537, 41.2314422 ], [ -71.3139106, 41.2307431 ], [ -71.3158732, 41.2300439 ], [ -71.318806, 41.2305433 ], [ -71.3215183, 41.2305433 ], [ -71.3222901, 41.2300106 ], [ -71.3250024, 41.2277465 ], [ -71.3286188, 41.2259485 ], [ -71.3294788, 41.2258819 ], [ -71.3309342, 41.2264147 ], [ -71.3331173, 41.2273303 ], [ -71.3343677, 41.2275851 ], [ -71.3354887, 41.2278237 ], [ -71.336094, 41.2281138 ], [ -71.3364154, 41.2289025 ], [ -71.3358529, 41.2299945 ], [ -71.334527, 41.2317841 ], [ -71.3338439, 41.2339377 ], [ -71.3338841, 41.2367282 ], [ -71.333201, 41.238366 ], [ -71.3314733, 41.2411259 ], [ -71.3293437, 41.2444317 ], [ -71.3284601, 41.2457059 ], [ -71.3286336, 41.2469286 ], [ -71.3288072, 41.2500727 ], [ -71.3291544, 41.2522997 ], [ -71.3297908, 41.253435 ], [ -71.3311216, 41.2545702 ], [ -71.3317581, 41.2556618 ], [ -71.3325681, 41.2581506 ], [ -71.3329731, 41.259897 ], [ -71.3340146, 41.2609885 ], [ -71.3355012, 41.2619041 ], [ -71.3393585, 41.2628137 ], [ -71.3458276, 41.2639961 ], [ -71.3459115, 41.2640004 ], [ -71.3481982, 41.2641173 ], [ -71.3524171, 41.2636323 ], [ -71.3560333, 41.2633594 ], [ -71.3572387, 41.2629046 ], [ -71.3588861, 41.2620254 ], [ -71.3596094, 41.2606307 ], [ -71.3602121, 41.2585993 ], [ -71.3606541, 41.2561737 ], [ -71.3604933, 41.2543847 ], [ -71.3609755, 41.253475 ], [ -71.3626631, 41.2525653 ], [ -71.364873, 41.2518072 ], [ -71.3675651, 41.2516556 ], [ -71.3677026, 41.2516556 ], [ -71.3696544, 41.2516556 ], [ -71.3721054, 41.2519285 ], [ -71.372909, 41.2516253 ], [ -71.374235, 41.2507762 ], [ -71.3757217, 41.2502911 ], [ -71.3772083, 41.2503517 ], [ -71.3782932, 41.2509885 ], [ -71.3789762, 41.2518072 ], [ -71.3788557, 41.2532931 ], [ -71.3779316, 41.2546576 ], [ -71.3762842, 41.2557188 ], [ -71.3737528, 41.2562646 ], [ -71.3716233, 41.2567194 ], [ -71.370996, 41.2570757 ], [ -71.3708286, 41.2575179 ], [ -71.3710797, 41.257939 ], [ -71.3721121, 41.2584864 ], [ -71.3745676, 41.259455 ], [ -71.3757395, 41.2599603 ], [ -71.3762139, 41.2603393 ], [ -71.3765208, 41.2613289 ], [ -71.3771068, 41.2620448 ], [ -71.3787251, 41.2629501 ], [ -71.3818503, 41.2642765 ], [ -71.3863799, 41.2658019 ], [ -71.3913221, 41.2677724 ], [ -71.3924382, 41.2681724 ], [ -71.3935543, 41.2685093 ], [ -71.3949495, 41.2686566 ], [ -71.3976003, 41.2680251 ], [ -71.4028285, 41.2671657 ], [ -71.408628, 41.2662402 ], [ -71.4097249, 41.2662254 ], [ -71.4104457, 41.2662157 ], [ -71.4140282, 41.2661674 ], [ -71.4232857, 41.2664585 ], [ -71.4310485, 41.2669314 ], [ -71.4330449, 41.2673966 ], [ -71.4343272, 41.2676954 ], [ -71.4357255, 41.26795 ], [ -71.4374613, 41.2678045 ], [ -71.4398239, 41.266895 ], [ -71.4427651, 41.2651852 ], [ -71.444983, 41.2631115 ], [ -71.4466706, 41.2604919 ], [ -71.4471045, 41.2582361 ], [ -71.4479242, 41.2561986 ], [ -71.4483058, 41.2559106 ], [ -71.4493707, 41.255107 ], [ -71.4513482, 41.2537826 ], [ -71.453228, 41.2525235 ], [ -71.4569407, 41.24994 ], [ -71.4580496, 41.2487027 ], [ -71.4586765, 41.2477566 ], [ -71.4585318, 41.2467376 ], [ -71.45723, 41.2454276 ], [ -71.4520367, 41.2429946 ], [ -71.4516369, 41.2428073 ], [ -71.4485993, 41.2416063 ], [ -71.4428133, 41.2408785 ], [ -71.4416561, 41.2404053 ], [ -71.4407882, 41.2387312 ], [ -71.4409329, 41.2371661 ], [ -71.4422829, 41.2327257 ], [ -71.4446275, 41.2296584 ], [ -71.4457514, 41.2279615 ], [ -71.4466724, 41.2261743 ], [ -71.4480526, 41.2250206 ], [ -71.4501721, 41.2243135 ], [ -71.4556436, 41.2233087 ], [ -71.4560955, 41.2232711 ], [ -71.4623474, 41.2227504 ], [ -71.4662415, 41.2224527 ], [ -71.4681639, 41.2220061 ], [ -71.4700863, 41.2213362 ], [ -71.4722552, 41.2202196 ], [ -71.4735368, 41.2188425 ], [ -71.4738325, 41.2174282 ], [ -71.4747198, 41.2156788 ], [ -71.4758042, 41.2145622 ], [ -71.478086, 41.2133673 ], [ -71.4788604, 41.2129617 ], [ -71.4815715, 41.2121428 ], [ -71.483346, 41.2119939 ], [ -71.4850219, 41.2124778 ], [ -71.4870922, 41.2132594 ], [ -71.4883738, 41.2134083 ], [ -71.489754, 41.2129989 ], [ -71.4934017, 41.2108772 ], [ -71.4967536, 41.2077131 ], [ -71.5022743, 41.201645 ], [ -71.5040981, 41.1996719 ], [ -71.5047882, 41.1984433 ], [ -71.5048375, 41.1968423 ], [ -71.5041967, 41.1956509 ], [ -71.5023236, 41.1936403 ], [ -71.5001054, 41.1924861 ], [ -71.4980845, 41.1922626 ], [ -71.495472, 41.1925605 ], [ -71.4935003, 41.1927467 ], [ -71.4912821, 41.1928956 ], [ -71.4883738, 41.1922999 ], [ -71.4858599, 41.1909222 ], [ -71.485367, 41.1900285 ], [ -71.4848248, 41.1871241 ], [ -71.4856627, 41.1830279 ], [ -71.4864155, 41.1813691 ], [ -71.4868458, 41.180421 ], [ -71.488226, 41.1794528 ], [ -71.4900991, 41.1790431 ], [ -71.4934017, 41.1792293 ], [ -71.4935632, 41.1792768 ], [ -71.4980845, 41.1806072 ], [ -71.5011899, 41.1826555 ], [ -71.5020771, 41.1829161 ], [ -71.5039503, 41.1827299 ], [ -71.5062177, 41.1819851 ], [ -71.5104569, 41.1800859 ], [ -71.5140059, 41.1778886 ], [ -71.5179986, 41.175654 ], [ -71.5209069, 41.1744249 ], [ -71.5226321, 41.1733448 ], [ -71.5226911, 41.1733276 ], [ -71.5239137, 41.1729724 ], [ -71.5249982, 41.1733821 ], [ -71.526822, 41.1749836 ], [ -71.5279064, 41.1768085 ], [ -71.5279155, 41.1769204 ], [ -71.5281036, 41.1792293 ], [ -71.5276107, 41.1832513 ], [ -71.5262798, 41.1889487 ], [ -71.5255404, 41.1950179 ], [ -71.5254418, 41.2050328 ], [ -71.5256883, 41.2089787 ], [ -71.5263291, 41.2121428 ], [ -71.5258361, 41.2136689 ], [ -71.5246038, 41.2152694 ], [ -71.5237166, 41.2163488 ], [ -71.5233222, 41.2175026 ], [ -71.5233715, 41.2194008 ], [ -71.524456, 41.221485 ], [ -71.5283501, 41.2249834 ], [ -71.5317512, 41.2283699 ], [ -71.5378142, 41.2351053 ], [ -71.5388494, 41.2358495 ], [ -71.5412154, 41.2363704 ], [ -71.5450109, 41.2368541 ], [ -71.5475741, 41.2378587 ], [ -71.5495951, 41.2386029 ], [ -71.5501866, 41.2390866 ], [ -71.5500881, 41.2397563 ], [ -71.5492008, 41.2403888 ], [ -71.547377, 41.2406493 ], [ -71.5455039, 41.2406865 ], [ -71.5438772, 41.2402028 ], [ -71.540476, 41.2383052 ], [ -71.5382086, 41.2376727 ], [ -71.5335751, 41.2369285 ], [ -71.5303218, 41.2363704 ], [ -71.5284979, 41.2354402 ], [ -71.5231743, 41.2309748 ], [ -71.5088302, 41.2204057 ], [ -71.5045418, 41.2185076 ], [ -71.4983802, 41.2167955 ], [ -71.4949297, 41.2162744 ], [ -71.49143, 41.216386 ], [ -71.488226, 41.2170188 ], [ -71.4838882, 41.2184703 ], [ -71.4832826, 41.2186144 ], [ -71.4802899, 41.2193264 ], [ -71.4766915, 41.2202196 ], [ -71.4735861, 41.2208896 ], [ -71.47122, 41.2218572 ], [ -71.4704314, 41.2224527 ], [ -71.4704806, 41.2237553 ], [ -71.4710722, 41.2254672 ], [ -71.4749663, 41.2315702 ], [ -71.4778745, 41.2355146 ], [ -71.4800434, 41.2374494 ], [ -71.4826066, 41.2381936 ], [ -71.4865993, 41.2389006 ], [ -71.4975915, 41.2401284 ], [ -71.5033652, 41.2410725 ], [ -71.5065034, 41.2414993 ], [ -71.5072726, 41.2416602 ], [ -71.5100704, 41.2422455 ], [ -71.5143884, 41.2432277 ], [ -71.5167545, 41.244262 ], [ -71.5183318, 41.2454153 ], [ -71.5193177, 41.2466058 ], [ -71.5198599, 41.2481311 ], [ -71.5202543, 41.2517025 ], [ -71.5216344, 41.254604 ], [ -71.5227682, 41.2562035 ], [ -71.5247399, 41.2579146 ], [ -71.5279932, 41.2594025 ], [ -71.5346477, 41.2601836 ], [ -71.5517029, 41.2601836 ], [ -71.5549069, 41.2602208 ], [ -71.5557188, 41.2604646 ], [ -71.556335, 41.2611104 ], [ -71.5568827, 41.2632284 ], [ -71.5573277, 41.2657595 ], [ -71.5580808, 41.2671284 ], [ -71.5601004, 41.2683681 ], [ -71.5672889, 41.2714931 ], [ -71.579612, 41.2758575 ], [ -71.5842332, 41.2778459 ], [ -71.5872455, 41.2800666 ], [ -71.588649, 41.2818742 ], [ -71.5892651, 41.2832427 ], [ -71.5892309, 41.2853083 ], [ -71.5887517, 41.2868317 ], [ -71.587759, 41.2880194 ], [ -71.5866636, 41.2886907 ], [ -71.5850547, 41.2891554 ], [ -71.5839251, 41.2895943 ], [ -71.5833774, 41.2901365 ], [ -71.5837197, 41.290782 ], [ -71.5854997, 41.2915307 ], [ -71.5931332, 41.2927699 ], [ -71.5970972, 41.2929799 ], [ -71.6012902, 41.2932222 ], [ -71.6029876, 41.2932222 ], [ -71.6051941, 41.2932222 ], [ -71.6092756, 41.2922854 ], [ -71.615309, 41.2904116 ], [ -71.6216973, 41.287824 ], [ -71.6278669, 41.2847636 ], [ -71.6352598, 41.2802628 ], [ -71.6371852, 41.278613 ], [ -71.6376702, 41.2778598 ], [ -71.6377843, 41.2772357 ], [ -71.6374705, 41.2761813 ], [ -71.6351884, 41.2743521 ], [ -71.6314801, 41.2718772 ], [ -71.6260031, 41.2700909 ], [ -71.6221236, 41.2694237 ], [ -71.6199271, 41.2693161 ], [ -71.6158194, 41.2694022 ], [ -71.613416, 41.2699477 ], [ -71.6129261, 41.2700588 ], [ -71.6123108, 41.2701985 ], [ -71.6093726, 41.2709087 ], [ -71.6081175, 41.2712315 ], [ -71.60652, 41.27121 ], [ -71.6051793, 41.2709948 ], [ -71.6028117, 41.2700693 ], [ -71.598761, 41.2674867 ], [ -71.5971921, 41.2665397 ], [ -71.5911446, 41.2638923 ], [ -71.5892191, 41.2632716 ], [ -71.5852683, 41.2619982 ], [ -71.583243, 41.2616322 ], [ -71.5817311, 41.2619336 ], [ -71.580476, 41.2630098 ], [ -71.5789927, 41.2641506 ], [ -71.5769103, 41.2645165 ], [ -71.5742859, 41.264581 ], [ -71.5726029, 41.2639784 ], [ -71.5714333, 41.2630528 ], [ -71.5714619, 41.261869 ], [ -71.5720867, 41.2605085 ], [ -71.5786591, 41.253813 ], [ -71.582356, 41.250682 ], [ -71.5830785, 41.2501192 ], [ -71.5836294, 41.24969 ], [ -71.5851493, 41.2494729 ], [ -71.5874907, 41.2495969 ], [ -71.591393, 41.25093 ], [ -71.597417, 41.2524365 ], [ -71.598335, 41.252666 ], [ -71.6040447, 41.253255 ], [ -71.6080292, 41.253286 ], [ -71.614314, 41.251674 ], [ -71.618586, 41.250279 ], [ -71.6209274, 41.2491629 ], [ -71.6213382, 41.2487909 ], [ -71.6213793, 41.2481709 ], [ -71.6204756, 41.2473338 ], [ -71.6172305, 41.2460007 ], [ -71.6143962, 41.2455357 ], [ -71.612712, 41.2446366 ], [ -71.6120137, 41.2437064 ], [ -71.6117672, 41.2425903 ], [ -71.6120137, 41.2415361 ], [ -71.6134103, 41.240637 ], [ -71.6168197, 41.2391177 ], [ -71.623885, 41.2378464 ], [ -71.6257745, 41.2380325 ], [ -71.6277873, 41.2384665 ], [ -71.635099, 41.2419702 ], [ -71.6392067, 41.2433654 ], [ -71.6421643, 41.2444815 ], [ -71.6442181, 41.2453496 ], [ -71.6453683, 41.2465898 ], [ -71.6465184, 41.2488839 ], [ -71.6465595, 41.250651 ], [ -71.6466325, 41.251643 ], [ -71.6462332, 41.252418 ], [ -71.6453774, 41.2533652 ], [ -71.6436088, 41.2550443 ], [ -71.6419543, 41.2561852 ], [ -71.6411556, 41.2570248 ], [ -71.6408133, 41.2579289 ], [ -71.6408989, 41.259737 ], [ -71.6411271, 41.2606626 ], [ -71.6424107, 41.2620832 ], [ -71.6463188, 41.2651611 ], [ -71.6490572, 41.266388 ], [ -71.6515104, 41.266883 ], [ -71.6583852, 41.2674641 ], [ -71.6605696, 41.2674696 ], [ -71.6668573, 41.2674856 ], [ -71.6783849, 41.2661946 ], [ -71.6956333, 41.2645879 ], [ -71.7044587, 41.2646325 ], [ -71.7070613, 41.2641416 ], [ -71.710847, 41.2632043 ], [ -71.7141003, 41.2626687 ], [ -71.7164663, 41.2628919 ], [ -71.7189507, 41.2638738 ], [ -71.7217308, 41.2655251 ], [ -71.7231898, 41.2659962 ], [ -71.7238881, 41.2659962 ], [ -71.7246275, 41.2653764 ], [ -71.7297621, 41.2598283 ], [ -71.7329382, 41.2564312 ], [ -71.7358958, 41.2549135 ], [ -71.7389125, 41.2538422 ], [ -71.7455965, 41.2522798 ], [ -71.7505652, 41.2509406 ], [ -71.7537002, 41.250271 ], [ -71.7560071, 41.2504049 ], [ -71.7581366, 41.2514317 ], [ -71.7626912, 41.2549135 ], [ -71.7647615, 41.2579489 ], [ -71.7659149, 41.2607534 ], [ -71.7680838, 41.2660721 ], [ -71.7701541, 41.2687871 ], [ -71.7719286, 41.2695681 ], [ -71.7754777, 41.2697168 ], [ -71.7808505, 41.2686011 ], [ -71.7877515, 41.266816 ], [ -71.791619, 41.2659955 ], [ -71.7933442, 41.2660575 ], [ -71.7957267, 41.2663364 ], [ -71.7996701, 41.2675761 ], [ -71.8089946, 41.2728757 ], [ -71.810802, 41.2736814 ], [ -71.8128287, 41.2736281 ], [ -71.8143346, 41.2735884 ], [ -71.8246039, 41.27176 ], [ -71.8348732, 41.2697456 ], [ -71.8452657, 41.2689398 ], [ -71.8661776, 41.2674014 ], [ -71.8735405, 41.266434 ], [ -71.8787016, 41.2657139 ], [ -71.8845697, 41.2651538 ], [ -71.8877158, 41.264727 ], [ -71.8926118, 41.2642019 ], [ -71.8965498, 41.2636359 ], [ -71.9021563, 41.2620174 ], [ -71.9040677, 41.2619146 ], [ -71.9056462, 41.2620015 ], [ -71.9063395, 41.2625988 ], [ -71.9064864, 41.2632245 ], [ -71.9065617, 41.264791 ], [ -71.9062349, 41.2657986 ], [ -71.9058269, 41.2667196 ], [ -71.9036175, 41.2689422 ], [ -71.9011422, 41.271103 ], [ -71.8994819, 41.2720105 ], [ -71.896271, 41.2730995 ], [ -71.8881699, 41.2751219 ], [ -71.8804519, 41.2772776 ], [ -71.8741814, 41.2796616 ], [ -71.8676522, 41.2820407 ], [ -71.8641073, 41.2831221 ], [ -71.8604052, 41.2837505 ], [ -71.8586493, 41.2836733 ], [ -71.8577458, 41.2831847 ], [ -71.8559899, 41.2819373 ], [ -71.8532687, 41.2804996 ], [ -71.8509404, 41.2801779 ], [ -71.8495776, 41.2804349 ], [ -71.8481723, 41.2811095 ], [ -71.8468095, 41.2822339 ], [ -71.8429766, 41.2849002 ], [ -71.841699, 41.2853821 ], [ -71.8406769, 41.2855748 ], [ -71.837832, 41.2854065 ], [ -71.8299498, 41.2853085 ], [ -71.8266707, 41.2852677 ], [ -71.8191889, 41.2849902 ], [ -71.8062492, 41.2845738 ], [ -71.7961304, 41.2836487 ], [ -71.785889, 41.2817058 ], [ -71.7805023, 41.2800184 ], [ -71.7788414, 41.2790868 ], [ -71.7778619, 41.2780266 ], [ -71.7757953, 41.2756517 ], [ -71.773825, 41.274394 ], [ -71.7705411, 41.2731743 ], [ -71.7635693, 41.271726 ], [ -71.7542374, 41.2703812 ], [ -71.7503431, 41.270143 ], [ -71.7488696, 41.2705665 ], [ -71.7476066, 41.2719429 ], [ -71.7462734, 41.273928 ], [ -71.7447648, 41.2749338 ], [ -71.7428826, 41.2756278 ], [ -71.7393906, 41.2768901 ], [ -71.7350256, 41.2780426 ], [ -71.7295694, 41.2787012 ], [ -71.7260047, 41.278756 ], [ -71.7241212, 41.2780874 ], [ -71.7237857, 41.2779684 ], [ -71.7235312, 41.277878 ], [ -71.7221489, 41.2766706 ], [ -71.7194572, 41.2742008 ], [ -71.717202, 41.2725543 ], [ -71.7132735, 41.2709626 ], [ -71.7083265, 41.2690964 ], [ -71.7033068, 41.2681633 ], [ -71.6974868, 41.2684926 ], [ -71.6910121, 41.2697002 ], [ -71.6837371, 41.2719505 ], [ -71.6781354, 41.2746948 ], [ -71.6753709, 41.276945 ], [ -71.6721699, 41.2807317 ], [ -71.6704239, 41.2826524 ], [ -71.6684597, 41.2842438 ], [ -71.6667864, 41.2849572 ], [ -71.6640219, 41.2856706 ], [ -71.646562, 41.2887983 ], [ -71.6433648, 41.2893863 ], [ -71.6402968, 41.2899506 ], [ -71.6285526, 41.2920003 ], [ -71.6202672, 41.2948199 ], [ -71.6169329, 41.2956962 ], [ -71.6143058, 41.2957343 ], [ -71.6108704, 41.2953914 ], [ -71.6091527, 41.2951628 ], [ -71.6070626, 41.295321 ], [ -71.6042151, 41.2958925 ], [ -71.6032901, 41.2960782 ], [ -71.5988401, 41.297085 ], [ -71.5945609, 41.2982008 ], [ -71.5859583, 41.300192 ], [ -71.5819976, 41.300738 ], [ -71.5788888, 41.2999672 ], [ -71.5776111, 41.2992606 ], [ -71.5771853, 41.2984256 ], [ -71.5776537, 41.2969161 ], [ -71.5791357, 41.2940703 ], [ -71.5815489, 41.2890917 ], [ -71.5826491, 41.2878068 ], [ -71.5847785, 41.2863345 ], [ -71.5860561, 41.285585 ], [ -71.5862691, 41.2850764 ], [ -71.5862691, 41.2844071 ], [ -71.5858457, 41.2838006 ], [ -71.5846192, 41.2826442 ], [ -71.5824115, 41.2816264 ], [ -71.5798971, 41.2810713 ], [ -71.5770761, 41.2811638 ], [ -71.574991, 41.2817652 ], [ -71.5730286, 41.2828755 ], [ -71.5714955, 41.2851884 ], [ -71.5684905, 41.2902303 ], [ -71.5656082, 41.2959193 ], [ -71.5635865, 41.299244 ], [ -71.5630965, 41.3013435 ], [ -71.5632458, 41.3032905 ], [ -71.5635003, 41.3052984 ], [ -71.5642456, 41.309473 ], [ -71.5642101, 41.3108645 ], [ -71.5636068, 41.31148 ], [ -71.5622582, 41.3122292 ], [ -71.5605192, 41.3124433 ], [ -71.5602024, 41.3123871 ], [ -71.5587092, 41.3121222 ], [ -71.5545925, 41.310918 ], [ -71.551008, 41.3089913 ], [ -71.5490561, 41.3075463 ], [ -71.5479559, 41.3056998 ], [ -71.5480269, 41.3046026 ], [ -71.5485592, 41.3031842 ], [ -71.5481689, 41.3020602 ], [ -71.5473171, 41.3012841 ], [ -71.5455781, 41.3003474 ], [ -71.5434487, 41.2996783 ], [ -71.5408225, 41.2992233 ], [ -71.5379952, 41.2991803 ] ], [ [ -71.4678377, 41.2457431 ], [ -71.4684131, 41.2455156 ], [ -71.4690882, 41.244897 ], [ -71.4688471, 41.2441691 ], [ -71.4675935, 41.2432957 ], [ -71.4662299, 41.2418968 ], [ -71.4623417, 41.2381234 ], [ -71.4586619, 41.2348215 ], [ -71.4563012, 41.2335636 ], [ -71.4551054, 41.2332141 ], [ -71.4538036, 41.2330321 ], [ -71.4506213, 41.2331049 ], [ -71.4488855, 41.2335053 ], [ -71.4471498, 41.2341605 ], [ -71.4461854, 41.2356528 ], [ -71.4456551, 41.2371814 ], [ -71.4457515, 41.2383825 ], [ -71.446523, 41.2396563 ], [ -71.4477284, 41.2404206 ], [ -71.4491748, 41.2407482 ], [ -71.4513928, 41.2407846 ], [ -71.4535143, 41.2407846 ], [ -71.4558287, 41.2409665 ], [ -71.4573716, 41.2416944 ], [ -71.4626909, 41.2444029 ], [ -71.4634469, 41.2447878 ], [ -71.4656648, 41.245552 ], [ -71.4674006, 41.2459159 ], [ -71.4678377, 41.2457431 ] ], [ [ -71.7542021, 41.258052 ], [ -71.7550366, 41.2588143 ], [ -71.7557833, 41.2596429 ], [ -71.7558711, 41.2602064 ], [ -71.7556515, 41.2611675 ], [ -71.7549048, 41.2618636 ], [ -71.7538507, 41.262195 ], [ -71.7526208, 41.2623276 ], [ -71.751347, 41.2622944 ], [ -71.7506003, 41.2621287 ], [ -71.7499415, 41.2616647 ], [ -71.7493266, 41.2609024 ], [ -71.7491948, 41.2600407 ], [ -71.749678, 41.2587812 ], [ -71.7504686, 41.2579526 ], [ -71.7525769, 41.2574554 ], [ -71.7542021, 41.258052 ] ], [ [ -71.8498231, 41.2730305 ], [ -71.851053, 41.2734281 ], [ -71.8517922, 41.2738519 ], [ -71.852151, 41.2740577 ], [ -71.8526781, 41.2747204 ], [ -71.8528538, 41.2752175 ], [ -71.852766, 41.2758471 ], [ -71.8524146, 41.2762447 ], [ -71.8517557, 41.2766423 ], [ -71.8509212, 41.2769074 ], [ -71.8501306, 41.2769737 ], [ -71.84934, 41.2769737 ], [ -71.8485933, 41.2768743 ], [ -71.8479344, 41.2764104 ], [ -71.847583, 41.2758471 ], [ -71.8474952, 41.2751512 ], [ -71.8474952, 41.2744553 ], [ -71.8479344, 41.2739914 ], [ -71.8486372, 41.2732956 ], [ -71.8498231, 41.2730305 ] ] ] } },
{ "type": "Feature", "properties": { "RCID": 475, "PRIM": 3, "GRUP": 1, "OBJL": 42, "RVER": 1, "AGEN": 550, "FIDN": -330484978, "FIDS": 48294, "LNAM": "0226EC4D330EBCA6", "DRVAL1": 18.2, "DRVAL2": 27.4 }, "geometry": { "type": "Polygon", "coordinates": [ [ [ -70.9316328, 41.2562031 ], [ -70.9357137, 41.2571952 ], [ -70.9372201, 41.2571952 ], [ -70.9386716, 41.2568232 ], [ -70.9397398, 41.2562031 ], [ -70.9420678, 41.2549217 ], [ -70.9436289, 41.2539296 ], [ -70.9447519, 41.2531648 ], [ -70.9459022, 41.2522761 ], [ -70.946176, 41.251656 ], [ -70.9459022, 41.2506638 ], [ -70.9451353, 41.249465 ], [ -70.943492, 41.2481214 ], [ -70.9402054, 41.2469225 ], [ -70.9375761, 41.2468191 ], [ -70.935385, 41.2473566 ], [ -70.9314137, 41.2486382 ], [ -70.927059, 41.2504571 ], [ -70.924238, 41.2521107 ], [ -70.9236628, 41.2530615 ], [ -70.9245119, 41.2544256 ], [ -70.9255526, 41.2548597 ], [ -70.9284284, 41.2554177 ], [ -70.9316328, 41.2562031 ] ] ] } },
{ "type": "Feature", "properties": { "RCID": 476, "PRIM": 3, "GRUP": 1, "OBJL": 42, "RVER": 1, "AGEN": 550, "FIDN": 426084952, "FIDS": 48294, "LNAM": "022619658A58BCA6", "DRVAL1": 45.7, "DRVAL2": 54.8 }, "geometry": { "type": "Polygon", "coordinates": [ [ [ -71.717828, 40.9435106 ], [ -71.7162666, 40.9424451 ], [ -71.7154859, 40.9410243 ], [ -71.7153297, 40.9398403 ], [ -71.7152515, 40.9385378 ], [ -71.7157979, 40.9361697 ], [ -71.7177495, 40.9338015 ], [ -71.7183739, 40.9326173 ], [ -71.7201694, 40.930249 ], [ -71.7214185, 40.9290647 ], [ -71.7231359, 40.9282357 ], [ -71.7250095, 40.927762 ], [ -71.726727, 40.9278803 ], [ -71.7281323, 40.9290053 ], [ -71.7295377, 40.9315513 ], [ -71.730645, 40.9345116 ], [ -71.7310993, 40.9364061 ], [ -71.7307871, 40.9375902 ], [ -71.7300065, 40.9387742 ], [ -71.7289136, 40.9398991 ], [ -71.7260252, 40.9420303 ], [ -71.7245419, 40.9429184 ], [ -71.7229805, 40.9435104 ], [ -71.7214192, 40.9438656 ], [ -71.7193894, 40.9438657 ], [ -71.717828, 40.9435106 ] ] ] } },
{ "type": "Feature", "properties": { "RCID": 477, "PRIM": 3, "GRUP": 1, "OBJL": 42, "RVER": 1, "AGEN": 550, "FIDN": -1745033617, "FIDS": 48294, "LNAM": "022697FCE66FBCA6", "DRVAL1": 27.4, "DRVAL2": 36.5 }, "geometry": { "type": "Polygon", "coordinates": [ [ [ -71.7542021, 41.258052 ], [ -71.7550366, 41.2588143 ], [ -71.7557833, 41.2596429 ], [ -71.7558711, 41.2602064 ], [ -71.7556515, 41.2611675 ], [ -71.7549048, 41.2618636 ], [ -71.7538507, 41.262195 ], [ -71.7526208, 41.2623276 ], [ -71.751347, 41.2622944 ], [ -71.7506003, 41.2621287 ], [ -71.7499415, 41.2616647 ], [ -71.7493266, 41.2609024 ], [ -71.7491948, 41.2600407 ], [ -71.749678, 41.2587812 ], [ -71.7504686, 41.2579526 ], [ -71.7525769, 41.2574554 ], [ -71.7542021, 41.258052 ] ] ] } },
{ "type": "Feature", "properties": { "RCID": 478, "PRIM": 3, "GRUP": 1, "OBJL": 42, "RVER": 1, "AGEN": 550, "FIDN": 1539532094, "FIDS": 48294, "LNAM": "02265BC3653EBCA6", "DRVAL1": 10.9, "DRVAL2": 18.2 }, "geometry": { "type": "Polygon", "coordinates": [ [ [ -70.9072295, 41.2234344 ], [ -70.9087131, 41.2235205 ], [ -70.9098542, 41.2239686 ], [ -70.9111552, 41.2250025 ], [ -70.9116116, 41.2257607 ], [ -70.9117258, 41.2277595 ], [ -70.9113606, 41.2294481 ], [ -70.9102194, 41.2304647 ], [ -70.9086902, 41.2307576 ], [ -70.9046733, 41.2311022 ], [ -70.9022311, 41.2310161 ], [ -70.9010671, 41.2303441 ], [ -70.9002227, 41.2290346 ], [ -70.9001086, 41.2280007 ], [ -70.9001086, 41.2255022 ], [ -70.9008389, 41.2242443 ], [ -70.902117, 41.2235722 ], [ -70.9056547, 41.2234344 ], [ -70.9072295, 41.2234344 ] ] ] } },
{ "type": "Feature", "properties": { "RCID": 479, "PRIM": 3, "GRUP": 1, "OBJL": 42, "RVER": 1, "AGEN": 550, "FIDN": 488404426, "FIDS": 48294, "LNAM": "02261D1C75CABCA6", "DRVAL1": 10.9, "DRVAL2": 18.2 }, "geometry": { "type": "Polygon", "coordinates": [ [ [ -71.0540953, 41.3712134 ], [ -71.0575976, 41.370114 ], [ -71.0585864, 41.3696173 ], [ -71.0602648, 41.3683528 ], [ -71.0637532, 41.3641071 ], [ -71.0646698, 41.3628051 ], [ -71.0714978, 41.3556366 ], [ -71.0744486, 41.3534568 ], [ -71.0795402, 41.3504922 ], [ -71.0828961, 41.3495766 ], [ -71.0860784, 41.348879 ], [ -71.088682, 41.3474402 ], [ -71.0901864, 41.3456089 ], [ -71.0910102, 41.3442559 ], [ -71.0916467, 41.3426861 ], [ -71.0926303, 41.3408983 ], [ -71.0932667, 41.3394593 ], [ -71.0944818, 41.3378895 ], [ -71.0976641, 41.3355346 ], [ -71.100853, 41.3330926 ], [ -71.1045028, 41.3307999 ], [ -71.1069867, 41.3285528 ], [ -71.1074551, 41.3278467 ], [ -71.1082668, 41.3260105 ], [ -71.1080794, 41.3239625 ], [ -71.1077671, 41.3232562 ], [ -71.107767, 41.3229032 ], [ -71.1069863, 41.3218438 ], [ -71.1058933, 41.3207845 ], [ -71.10441, 41.3196663 ], [ -71.1032389, 41.319372 ], [ -71.1000269, 41.3188339 ], [ -71.097618, 41.3191367 ], [ -71.0942611, 41.3200785 ], [ -71.0933243, 41.3205494 ], [ -71.0919972, 41.3219031 ], [ -71.0908994, 41.3235406 ], [ -71.0889965, 41.3261682 ], [ -71.0866707, 41.3297111 ], [ -71.0854021, 41.331184 ], [ -71.0800634, 41.3368363 ], [ -71.0780549, 41.3391051 ], [ -71.0767863, 41.3406176 ], [ -71.0743019, 41.343324 ], [ -71.0718568, 41.3452646 ], [ -71.0671728, 41.3476573 ], [ -71.0657676, 41.3485005 ], [ -71.0648308, 41.3489124 ], [ -71.0601468, 41.3502067 ], [ -71.0582732, 41.3509127 ], [ -71.0563995, 41.351854 ], [ -71.0512473, 41.3560308 ], [ -71.0484027, 41.3582695 ], [ -71.0420597, 41.3628054 ], [ -71.0406303, 41.3638541 ], [ -71.0392252, 41.36456 ], [ -71.0371954, 41.3660892 ], [ -71.036571, 41.3667949 ], [ -71.0363368, 41.3675008 ], [ -71.0364149, 41.3682064 ], [ -71.0368053, 41.3689122 ], [ -71.0386634, 41.3707471 ], [ -71.0401624, 41.3714998 ], [ -71.042036, 41.3719702 ], [ -71.0437535, 41.3719702 ], [ -71.0503559, 41.371589 ], [ -71.0540953, 41.3712134 ] ] ] } },
{ "type": "Feature", "properties": { "RCID": 480, "PRIM": 3, "GRUP": 1, "OBJL": 42, "RVER": 1, "AGEN": 550, "FIDN": -1702872722, "FIDS": 48294, "LNAM": "02269A80396EBCA6", "DRVAL1": 18.2, "DRVAL2": 27.4 }, "geometry": { "type": "Polygon", "coordinates": [ [ [ -71.5724035, 41.3008633 ], [ -71.5733258, 41.3016582 ], [ -71.5735015, 41.3021219 ], [ -71.5735455, 41.3028506 ], [ -71.5731941, 41.3033143 ], [ -71.5722278, 41.3038112 ], [ -71.5716128, 41.3039436 ], [ -71.570383, 41.3039105 ], [ -71.5695045, 41.3036455 ], [ -71.5688896, 41.3029831 ], [ -71.5685821, 41.3022213 ], [ -71.56867, 41.3014264 ], [ -71.5691971, 41.3008964 ], [ -71.5709101, 41.3004327 ], [ -71.5724035, 41.3008633 ] ] ] } },
{ "type": "Feature", "properties": { "RCID": 481, "PRIM": 3, "GRUP": 1, "OBJL": 42, "RVER": 1, "AGEN": 550, "FIDN": -258554067, "FIDS": 48294, "LNAM": "0226F096C72DBCA6", "DRVAL1": 18.2, "DRVAL2": 27.4 }, "geometry": { "type": "Polygon", "coordinates": [ [ [ -71.3852747, 41.1353259 ], [ -71.3867521, 41.1357593 ], [ -71.3903685, 41.13831 ], [ -71.3938967, 41.1407439 ], [ -71.3952639, 41.1422109 ], [ -71.3957711, 41.1443946 ], [ -71.3953742, 41.1462948 ], [ -71.3938747, 41.1473116 ], [ -71.3921988, 41.147945 ], [ -71.3908757, 41.1481117 ], [ -71.3893762, 41.1482784 ], [ -71.3872814, 41.1481117 ], [ -71.3851645, 41.1476116 ], [ -71.3837973, 41.1468616 ], [ -71.3831578, 41.1454614 ], [ -71.3822096, 41.1428776 ], [ -71.3817024, 41.1418275 ], [ -71.3821434, 41.1399437 ], [ -71.3827168, 41.1380599 ], [ -71.3837752, 41.1358427 ], [ -71.3844147, 41.1353592 ], [ -71.3852747, 41.1353259 ] ] ] } },
{ "type": "Feature", "properties": { "RCID": 482, "PRIM": 3, "GRUP": 1, "OBJL": 42, "RVER": 1, "AGEN": 550, "FIDN": 2062462544, "FIDS": 48294, "LNAM": "02267AEEAE50BCA6", "DRVAL1": 27.4, "DRVAL2": 36.5 }, "geometry": { "type": "Polygon", "coordinates": [ [ [ -70.8, 41.0803211 ], [ -70.8, 41.198721 ], [ -70.8082647, 41.1967532 ], [ -70.8183536, 41.1938027 ], [ -70.8291088, 41.1892341 ], [ -70.8329159, 41.1860933 ], [ -70.8344181, 41.1840901 ], [ -70.8346342, 41.1839473 ], [ -70.8356476, 41.1824927 ], [ -70.8456984, 41.1693009 ], [ -70.8533793, 41.1655347 ], [ -70.8630875, 41.1627365 ], [ -70.8672278, 41.1614773 ], [ -70.8699118, 41.1597069 ], [ -70.8720248, 41.1567374 ], [ -70.8764791, 41.1557665 ], [ -70.8790489, 41.1563947 ], [ -70.8817901, 41.1578795 ], [ -70.8846454, 41.1610204 ], [ -70.8887, 41.1647895 ], [ -70.8902134, 41.1676286 ], [ -70.8922978, 41.1716994 ], [ -70.8957813, 41.1747261 ], [ -70.8989753, 41.1759919 ], [ -70.9007632, 41.1762714 ], [ -70.9074522, 41.1779715 ], [ -70.9112128, 41.1794388 ], [ -70.9138638, 41.1805334 ], [ -70.9165148, 41.1825827 ], [ -70.9167614, 41.1841896 ], [ -70.9163298, 41.1858197 ], [ -70.9146961, 41.1882415 ], [ -70.910134, 41.1932245 ], [ -70.9090243, 41.1948776 ], [ -70.9093942, 41.1966471 ], [ -70.9092709, 41.197951 ], [ -70.9092092, 41.1997437 ], [ -70.9079146, 41.2022814 ], [ -70.9067432, 41.2032359 ], [ -70.9041847, 41.2037946 ], [ -70.902551, 41.2042602 ], [ -70.9012564, 41.2054009 ], [ -70.9003932, 41.2069374 ], [ -70.9001466, 41.2087531 ], [ -70.8996779, 41.210401 ], [ -70.898506, 41.2115273 ], [ -70.8955764, 41.2117687 ], [ -70.8932327, 41.2118089 ], [ -70.8917945, 41.2131362 ], [ -70.8904893, 41.2147702 ], [ -70.8881515, 41.2168424 ], [ -70.8880087, 41.2188411 ], [ -70.8892936, 41.2201974 ], [ -70.891221, 41.2206971 ], [ -70.8931055, 41.2207495 ], [ -70.8937834, 41.2212613 ], [ -70.8938547, 41.2217327 ], [ -70.8934444, 41.2231335 ], [ -70.8927954, 41.2241891 ], [ -70.8917938, 41.2270034 ], [ -70.8915718, 41.227897 ], [ -70.8916381, 41.2293314 ], [ -70.891073, 41.2306307 ], [ -70.8903024, 41.2311737 ], [ -70.8889923, 41.2314258 ], [ -70.887451, 41.2309798 ], [ -70.8869225, 41.2306924 ], [ -70.8854603, 41.2307289 ], [ -70.8840326, 41.231814 ], [ -70.881006, 41.2335843 ], [ -70.8800351, 41.2353546 ], [ -70.8804349, 41.237182 ], [ -70.8816912, 41.2382099 ], [ -70.8833473, 41.2383242 ], [ -70.8854032, 41.2373533 ], [ -70.8875733, 41.2364396 ], [ -70.8894804, 41.2368553 ], [ -70.8918693, 41.2377085 ], [ -70.8948491, 41.2377085 ], [ -70.8965701, 41.238678 ], [ -70.8972123, 41.2396281 ], [ -70.8970068, 41.2413344 ], [ -70.8957224, 41.2439518 ], [ -70.8940014, 41.2454641 ], [ -70.8909446, 41.247112 ], [ -70.8887611, 41.2486824 ], [ -70.8868089, 41.2512026 ], [ -70.8861667, 41.2535677 ], [ -70.8866034, 41.2551379 ], [ -70.8873483, 41.257057 ], [ -70.8863979, 41.2588985 ], [ -70.8847282, 41.2600421 ], [ -70.8834181, 41.2606042 ], [ -70.8819282, 41.2607981 ], [ -70.8798347, 41.2611599 ], [ -70.8793188, 41.2613503 ], [ -70.8785075, 41.2619675 ], [ -70.8778941, 41.26293 ], [ -70.8731985, 41.2710587 ], [ -70.8723398, 41.2717851 ], [ -70.8710127, 41.27367 ], [ -70.8708567, 41.2756136 ], [ -70.8721059, 41.2774982 ], [ -70.8730427, 41.2783227 ], [ -70.8754629, 41.2794416 ], [ -70.8769916, 41.2798073 ], [ -70.8785452, 41.2795283 ], [ -70.8815414, 41.2791376 ], [ -70.8840198, 41.2797515 ], [ -70.8866091, 41.2803375 ], [ -70.8884956, 41.2817047 ], [ -70.8895313, 41.28363 ], [ -70.8889025, 41.2858063 ], [ -70.8875338, 41.2871177 ], [ -70.8860542, 41.2879268 ], [ -70.883206, 41.2880663 ], [ -70.8791741, 41.2877036 ], [ -70.8776575, 41.2873409 ], [ -70.8766587, 41.2870061 ], [ -70.8752531, 41.2849972 ], [ -70.8747722, 41.2840764 ], [ -70.8743233, 41.2832554 ], [ -70.8736675, 41.2825629 ], [ -70.8724184, 41.2822096 ], [ -70.8711694, 41.2829163 ], [ -70.8704668, 41.2837997 ], [ -70.8703107, 41.2856841 ], [ -70.8708574, 41.2885695 ], [ -70.8708574, 41.2895116 ], [ -70.8700248, 41.292024 ], [ -70.8689059, 41.2932213 ], [ -70.8670324, 41.2960476 ], [ -70.8654711, 41.2978727 ], [ -70.8643782, 41.2986971 ], [ -70.86188, 41.2995214 ], [ -70.8581328, 41.3004046 ], [ -70.8557908, 41.3020531 ], [ -70.854776, 41.3039959 ], [ -70.8546981, 41.304879 ], [ -70.8549324, 41.3067627 ], [ -70.8553393, 41.3080489 ], [ -70.8585853, 41.3120695 ], [ -70.8589922, 41.3132967 ], [ -70.8585241, 41.3180055 ], [ -70.8586803, 41.3189472 ], [ -70.8599295, 41.3208306 ], [ -70.8621935, 41.3224195 ], [ -70.8635207, 41.3229492 ], [ -70.8647699, 41.3233023 ], [ -70.8696882, 41.3236553 ], [ -70.8721083, 41.3245968 ], [ -70.8728222, 41.325673 ], [ -70.8728418, 41.3258661 ], [ -70.8732797, 41.3301875 ], [ -70.873657, 41.3315255 ], [ -70.8746569, 41.3328235 ], [ -70.8758791, 41.3334516 ], [ -70.8771012, 41.3332423 ], [ -70.8784344, 41.3323211 ], [ -70.8802676, 41.331358 ], [ -70.8818786, 41.3303531 ], [ -70.8836007, 41.3296831 ], [ -70.8850451, 41.3289712 ], [ -70.8861561, 41.3277569 ], [ -70.8869338, 41.3265006 ], [ -70.8885448, 41.3255794 ], [ -70.889767, 41.3254119 ], [ -70.8910447, 41.32604 ], [ -70.8916557, 41.3271288 ], [ -70.8916002, 41.3277569 ], [ -70.8907669, 41.3294737 ], [ -70.8888782, 41.3312324 ], [ -70.8884893, 41.3325304 ], [ -70.8891559, 41.3337447 ], [ -70.8900429, 41.3349018 ], [ -70.8906003, 41.3356289 ], [ -70.8941244, 41.3384837 ], [ -70.8968178, 41.3415432 ], [ -70.9002532, 41.3471912 ], [ -70.9039618, 41.3544857 ], [ -70.9047425, 41.3554269 ], [ -70.9078654, 41.3582503 ], [ -70.9093488, 41.3601325 ], [ -70.9098954, 41.3620146 ], [ -70.9100516, 41.3638968 ], [ -70.9095053, 41.3667199 ], [ -70.9096615, 41.3686019 ], [ -70.9107546, 41.3704838 ], [ -70.9128626, 41.3733066 ], [ -70.9137214, 41.3751884 ], [ -70.9139556, 41.3761293 ], [ -70.9137996, 41.3770701 ], [ -70.9131751, 41.378011 ], [ -70.9120822, 41.3789519 ], [ -70.9075924, 41.3815763 ], [ -70.9040371, 41.3829988 ], [ -70.9015373, 41.3835009 ], [ -70.8986486, 41.3840866 ], [ -70.8957599, 41.3851326 ], [ -70.8931902, 41.3852689 ], [ -70.8942549, 41.3857919 ], [ -70.8962455, 41.3869076 ], [ -70.8980047, 41.3876048 ], [ -70.8997175, 41.3886507 ], [ -70.9000383, 41.3887834 ], [ -70.9026251, 41.3875553 ], [ -70.9040979, 41.3870882 ], [ -70.9052452, 41.3869365 ], [ -70.9072451, 41.3869715 ], [ -70.908718, 41.3869014 ], [ -70.9105629, 41.3865278 ], [ -70.9126516, 41.3860097 ], [ -70.9136439, 41.385655 ], [ -70.9185622, 41.3840674 ], [ -70.9210602, 41.3826561 ], [ -70.9283203, 41.3770697 ], [ -70.9314429, 41.3742469 ], [ -70.9329261, 41.3723651 ], [ -70.935346, 41.3686011 ], [ -70.9369072, 41.3654644 ], [ -70.9378439, 41.3617002 ], [ -70.9387806, 41.3601317 ], [ -70.9410445, 41.3583669 ], [ -70.9435427, 41.3578374 ], [ -70.9473679, 41.3567197 ], [ -70.9483048, 41.3557785 ], [ -70.9490853, 41.3538961 ], [ -70.9492414, 41.3529549 ], [ -70.9492413, 41.3506018 ], [ -70.9503341, 41.3473073 ], [ -70.9505682, 41.3468367 ], [ -70.9530403, 41.3438558 ], [ -70.9576201, 41.3404039 ], [ -70.9617836, 41.3378541 ], [ -70.963371, 41.3370695 ], [ -70.9658691, 41.3362457 ], [ -70.9671182, 41.3360103 ], [ -70.9708655, 41.3355394 ], [ -70.9718315, 41.3355394 ], [ -70.9733636, 41.3355394 ], [ -70.9746908, 41.3358924 ], [ -70.9753154, 41.3362454 ], [ -70.9818734, 41.3411877 ], [ -70.9835388, 41.3418153 ], [ -70.9864535, 41.3420897 ], [ -70.988119, 41.3427172 ], [ -70.989212, 41.3435409 ], [ -70.9900708, 41.3444822 ], [ -70.9911638, 41.3463649 ], [ -70.9939746, 41.3520124 ], [ -70.9967071, 41.3567183 ], [ -70.9981906, 41.3586005 ], [ -71.0002204, 41.3604827 ], [ -71.0009751, 41.3609925 ], [ -71.0051389, 41.3627765 ], [ -71.0088863, 41.3647762 ], [ -71.0106038, 41.3665993 ], [ -71.0109943, 41.3675403 ], [ -71.0112285, 41.3694223 ], [ -71.0110725, 41.3703633 ], [ -71.010448, 41.3714219 ], [ -71.0095113, 41.3724805 ], [ -71.0078459, 41.3738919 ], [ -71.0044369, 41.3758914 ], [ -71.002095, 41.3777144 ], [ -70.9992067, 41.3824186 ], [ -70.9957721, 41.3890039 ], [ -70.9934302, 41.3927666 ], [ -70.9925715, 41.3946478 ], [ -70.9921793, 41.4016015 ], [ -70.9919874, 41.4030216 ], [ -70.9926131, 41.4033063 ], [ -70.9971028, 41.4053881 ], [ -71.0000263, 41.4066843 ], [ -71.0028454, 41.4078234 ], [ -71.0051595, 41.4089578 ], [ -71.0075178, 41.4028914 ], [ -71.0077804, 41.3973072 ], [ -71.0094853, 41.3917423 ], [ -71.0127908, 41.3849465 ], [ -71.0141958, 41.3825946 ], [ -71.0207528, 41.3670695 ], [ -71.021065, 41.3653051 ], [ -71.0220016, 41.3624819 ], [ -71.0223139, 41.3605997 ], [ -71.0228602, 41.3587763 ], [ -71.0229381, 41.3550705 ], [ -71.022834, 41.354443 ], [ -71.0211422, 41.3503644 ], [ -71.0195808, 41.3484819 ], [ -71.0185659, 41.3476583 ], [ -71.0171564, 41.346713 ], [ -71.0156697, 41.3458349 ], [ -71.0132187, 41.344654 ], [ -71.0108481, 41.3437759 ], [ -71.0079551, 41.3429886 ], [ -71.0063077, 41.3422921 ], [ -71.0052228, 41.341626 ], [ -71.0040978, 41.3406267 ], [ -71.00237, 41.3391428 ], [ -71.000521, 41.3373175 ], [ -70.999637, 41.3358033 ], [ -70.9998379, 41.3341377 ], [ -71.0012442, 41.3323509 ], [ -71.0035345, 41.3305943 ], [ -71.0096419, 41.3290799 ], [ -71.0137001, 41.3288982 ], [ -71.0186423, 41.329716 ], [ -71.031299, 41.3332594 ], [ -71.0394154, 41.3353188 ], [ -71.0412637, 41.3361062 ], [ -71.0428709, 41.3374992 ], [ -71.0450808, 41.3392253 ], [ -71.0472506, 41.3402852 ], [ -71.0516704, 41.3409817 ], [ -71.0540009, 41.3406486 ], [ -71.0552866, 41.3401641 ], [ -71.0562911, 41.338438 ], [ -71.0571349, 41.3358942 ], [ -71.0583805, 41.3335623 ], [ -71.0601886, 41.3313514 ], [ -71.0628405, 41.3291405 ], [ -71.0644477, 41.3278079 ], [ -71.067863, 41.3262026 ], [ -71.0721623, 41.3243852 ], [ -71.0745731, 41.3230525 ], [ -71.0769036, 41.3214471 ], [ -71.0802787, 41.3183574 ], [ -71.082569, 41.3151463 ], [ -71.0840557, 41.3127228 ], [ -71.0854218, 41.3114807 ], [ -71.0877924, 41.3100568 ], [ -71.0900827, 41.3090267 ], [ -71.0932168, 41.308239 ], [ -71.0980384, 41.3075725 ], [ -71.1036234, 41.3070574 ], [ -71.1064361, 41.3064818 ], [ -71.107762, 41.3059061 ], [ -71.1081638, 41.3051486 ], [ -71.1086861, 41.3038761 ], [ -71.108887, 41.3017551 ], [ -71.108887, 41.3002098 ], [ -71.1097308, 41.2990281 ], [ -71.1111773, 41.2979372 ], [ -71.113347, 41.2977251 ], [ -71.1145926, 41.297816 ], [ -71.1166418, 41.2980887 ], [ -71.121584, 41.2992402 ], [ -71.1238341, 41.2995735 ], [ -71.1264056, 41.2993917 ], [ -71.1292182, 41.298816 ], [ -71.136531, 41.297513 ], [ -71.1421965, 41.2963312 ], [ -71.1481029, 41.2943918 ], [ -71.1481632, 41.2943777 ], [ -71.1520004, 41.2934827 ], [ -71.1553756, 41.2928766 ], [ -71.1566212, 41.2929372 ], [ -71.1586302, 41.2933009 ], [ -71.1607999, 41.2938161 ], [ -71.1626482, 41.2937858 ], [ -71.163934, 41.2933918 ], [ -71.1652599, 41.2923615 ], [ -71.1685949, 41.289331 ], [ -71.1716486, 41.2863912 ], [ -71.1745415, 41.2849668 ], [ -71.1788006, 41.2843606 ], [ -71.1819749, 41.2840575 ], [ -71.1856313, 41.2840575 ], [ -71.18678, 41.2843835 ], [ -71.1900109, 41.2853002 ], [ -71.1931852, 41.2875126 ], [ -71.1955558, 41.291119 ], [ -71.1959576, 41.2930585 ], [ -71.1956763, 41.294513 ], [ -71.1950225, 41.2954471 ], [ -71.1926618, 41.2980652 ], [ -71.1885293, 41.3009012 ], [ -71.1788459, 41.30584 ], [ -71.1778815, 41.3066277 ], [ -71.1778815, 41.3075063 ], [ -71.1785244, 41.3083243 ], [ -71.1801316, 41.3099907 ], [ -71.1818192, 41.3125052 ], [ -71.1818996, 41.313414 ], [ -71.1814978, 41.3137776 ], [ -71.180212, 41.3139896 ], [ -71.1786851, 41.3138684 ], [ -71.1772788, 41.3133837 ], [ -71.1720956, 41.3138381 ], [ -71.1695642, 41.3148984 ], [ -71.1682383, 41.315474 ], [ -71.167274, 41.3166252 ], [ -71.1665909, 41.3175642 ], [ -71.1650239, 41.3188365 ], [ -71.1634572, 41.3196142 ], [ -71.1601939, 41.3208181 ], [ -71.1569306, 41.3225977 ], [ -71.1526258, 41.3240632 ], [ -71.1466547, 41.3255288 ], [ -71.1436418, 41.3263037 ], [ -71.1407531, 41.3270466 ], [ -71.1385313, 41.3280933 ], [ -71.1342265, 41.3310765 ], [ -71.1310327, 41.3347921 ], [ -71.129644, 41.3366237 ], [ -71.1290323, 41.3392417 ], [ -71.1296755, 41.3398756 ], [ -71.1300472, 41.3402419 ], [ -71.1312963, 41.3407715 ], [ -71.1337945, 41.3413597 ], [ -71.1350437, 41.3415362 ], [ -71.1362927, 41.3414773 ], [ -71.1387909, 41.3410654 ], [ -71.1441619, 41.3390412 ], [ -71.146696, 41.3373502 ], [ -71.1529099, 41.3343835 ], [ -71.1567599, 41.332864 ], [ -71.1584238, 41.3329974 ], [ -71.1599889, 41.334525 ], [ -71.1609381, 41.3354116 ], [ -71.1621778, 41.3365694 ], [ -71.1634028, 41.3396694 ], [ -71.1629639, 41.3427028 ], [ -71.1598644, 41.3450238 ], [ -71.156617, 41.3461107 ], [ -71.1530281, 41.3480245 ], [ -71.1502722, 41.3506194 ], [ -71.1473833, 41.3533889 ], [ -71.1450222, 41.3555 ], [ -71.1430083, 41.3563556 ], [ -71.139273, 41.356563 ], [ -71.1370556, 41.3566861 ], [ -71.1337306, 41.3573444 ], [ -71.1310167, 41.3593889 ], [ -71.1286528, 41.3620944 ], [ -71.1266389, 41.3657194 ], [ -71.1267224, 41.368816 ], [ -71.1267278, 41.3690167 ], [ -71.1275167, 41.3705972 ], [ -71.1288278, 41.3711917 ], [ -71.1392444, 41.3706639 ], [ -71.1475583, 41.3693444 ], [ -71.1516722, 41.3661806 ], [ -71.1575361, 41.3636083 ], [ -71.1585599, 41.3632808 ], [ -71.1639278, 41.3615639 ], [ -71.1704028, 41.3591889 ], [ -71.1774056, 41.3549028 ], [ -71.1781381, 41.35436 ], [ -71.1831863, 41.3505557 ], [ -71.1849297, 41.3483594 ], [ -71.1856322, 41.3464768 ], [ -71.1868032, 41.3447118 ], [ -71.1879741, 41.3441234 ], [ -71.1892232, 41.3437703 ], [ -71.1907846, 41.3436232 ], [ -71.196874, 41.3438143 ], [ -71.1979669, 41.3441231 ], [ -71.2000748, 41.3457704 ], [ -71.2016697, 41.3466276 ], [ -71.2042907, 41.3490059 ], [ -71.2067889, 41.350006 ], [ -71.2092871, 41.3505942 ], [ -71.2104583, 41.3510648 ], [ -71.2113951, 41.3518884 ], [ -71.2120196, 41.3528296 ], [ -71.2128784, 41.3534766 ], [ -71.2152986, 41.3547707 ], [ -71.2177969, 41.3550647 ], [ -71.2190459, 41.3553588 ], [ -71.2227933, 41.3567705 ], [ -71.2252135, 41.3581838 ], [ -71.2265407, 41.3584778 ], [ -71.2276336, 41.3583585 ], [ -71.231138, 41.3570382 ], [ -71.2318236, 41.3570313 ], [ -71.2324738, 41.357182 ], [ -71.2328495, 41.3575129 ], [ -71.2330984, 41.3581231 ], [ -71.2332546, 41.3590642 ], [ -71.2331766, 41.3609465 ], [ -71.2337232, 41.3628286 ], [ -71.2348162, 41.363652 ], [ -71.2385636, 41.3656516 ], [ -71.2410618, 41.3673571 ], [ -71.2445278, 41.3690765 ], [ -71.2479544, 41.3707764 ], [ -71.2521478, 41.3723557 ], [ -71.253397, 41.3729437 ], [ -71.2539621, 41.3733694 ], [ -71.25449, 41.373767 ], [ -71.2552707, 41.374708 ], [ -71.2563638, 41.3765897 ], [ -71.2576911, 41.380353 ], [ -71.2588622, 41.3822346 ], [ -71.2598314, 41.3834024 ], [ -71.263, 41.3855271 ], [ -71.2647957, 41.3872321 ], [ -71.2679186, 41.3910536 ], [ -71.2688556, 41.3938755 ], [ -71.2688557, 41.3966973 ], [ -71.2715102, 41.3994013 ], [ -71.2760383, 41.4028105 ], [ -71.277834, 41.4046327 ], [ -71.2793955, 41.4065135 ], [ -71.2840017, 41.4097461 ], [ -71.2864218, 41.4108627 ], [ -71.2914183, 41.4123906 ], [ -71.2938385, 41.4133897 ], [ -71.2973162, 41.4156656 ], [ -71.2982105, 41.4165632 ], [ -71.3001624, 41.4195014 ], [ -71.3003966, 41.4202066 ], [ -71.3014863, 41.4218415 ], [ -71.3001023, 41.428412 ], [ -71.3028953, 41.4296082 ], [ -71.3053935, 41.4301369 ], [ -71.3091407, 41.4301956 ], [ -71.3097408, 41.4301391 ], [ -71.3103899, 41.430078 ], [ -71.311639, 41.4296079 ], [ -71.3160106, 41.4271399 ], [ -71.3178062, 41.4263761 ], [ -71.3203044, 41.4260235 ], [ -71.3215534, 41.4257296 ], [ -71.3238174, 41.424378 ], [ -71.3273563, 41.4217728 ], [ -71.3286573, 41.4202058 ], [ -71.3291257, 41.4192655 ], [ -71.3302707, 41.4176983 ], [ -71.3341442, 41.4147822 ], [ -71.3388059, 41.4127418 ], [ -71.3412259, 41.411155 ], [ -71.342514, 41.4099403 ], [ -71.3458318, 41.4076284 ], [ -71.3476273, 41.4057474 ], [ -71.3483298, 41.4048069 ], [ -71.3492666, 41.4039253 ], [ -71.3515305, 41.4022205 ], [ -71.3541847, 41.3993989 ], [ -71.354819, 41.3984436 ], [ -71.3554337, 41.3975178 ], [ -71.3564485, 41.3956366 ], [ -71.3566825, 41.3927559 ], [ -71.3569947, 41.3908746 ], [ -71.3579314, 41.3880525 ], [ -71.3589462, 41.3862299 ], [ -71.3609759, 41.3845247 ], [ -71.3622249, 41.3839955 ], [ -71.3659721, 41.3830546 ], [ -71.3684704, 41.3829957 ], [ -71.3687985, 41.383042 ], [ -71.3697194, 41.3831721 ], [ -71.3702004, 41.3831721 ], [ -71.3709685, 41.3831721 ], [ -71.3734667, 41.3835248 ], [ -71.375965, 41.3842303 ], [ -71.3772141, 41.3849358 ], [ -71.3776826, 41.3858765 ], [ -71.3776826, 41.3868173 ], [ -71.3773704, 41.387758 ], [ -71.3764336, 41.3887575 ], [ -71.3741697, 41.3901686 ], [ -71.3720619, 41.3916972 ], [ -71.3701884, 41.3935785 ], [ -71.3700635, 41.3938338 ], [ -71.3685492, 41.3969296 ], [ -71.368315, 41.3982816 ], [ -71.3683151, 41.4001627 ], [ -71.3687837, 41.403043 ], [ -71.3694082, 41.4038658 ], [ -71.369909, 41.4058762 ], [ -71.370111, 41.4066872 ], [ -71.371204, 41.4090382 ], [ -71.3715754, 41.4112739 ], [ -71.371985, 41.41374 ], [ -71.3733665, 41.4188145 ], [ -71.3742331, 41.4205205 ], [ -71.3754331, 41.4208718 ], [ -71.3782995, 41.4211226 ], [ -71.3816993, 41.4205707 ], [ -71.3852324, 41.4196173 ], [ -71.3873656, 41.418965 ], [ -71.390032, 41.4188145 ], [ -71.3936984, 41.4191657 ], [ -71.3984981, 41.4195671 ], [ -71.4039644, 41.4196173 ], [ -71.4077641, 41.419517 ], [ -71.409964, 41.4190654 ], [ -71.4121718, 41.4179935 ], [ -71.4160116, 41.4149586 ], [ -71.4213872, 41.4107673 ], [ -71.4240563, 41.4070383 ], [ -71.4255655, 41.4047655 ], [ -71.427491, 41.4023946 ], [ -71.4285058, 41.4005136 ], [ -71.4302233, 41.3986325 ], [ -71.4334238, 41.3939883 ], [ -71.4342044, 41.3930476 ], [ -71.4350631, 41.3911662 ], [ -71.4356094, 41.3883442 ], [ -71.435297, 41.385522 ], [ -71.4342039, 41.3817591 ], [ -71.4332669, 41.3798774 ], [ -71.4323398, 41.3770847 ], [ -71.4320957, 41.3763493 ], [ -71.4316529, 41.3670182 ], [ -71.432017, 41.3638815 ], [ -71.4326415, 41.3619993 ], [ -71.4327009, 41.3618919 ], [ -71.4342027, 41.3591759 ], [ -71.4367007, 41.3554112 ], [ -71.4398232, 41.3516463 ], [ -71.4407599, 41.3488225 ], [ -71.4407598, 41.3463124 ], [ -71.4398227, 41.3425471 ], [ -71.4391981, 41.3412919 ], [ -71.4363562, 41.3372439 ], [ -71.433733, 41.3349374 ], [ -71.4328259, 41.3343026 ], [ -71.43264, 41.3341725 ], [ -71.4302979, 41.3329368 ], [ -71.428112, 41.331407 ], [ -71.4240521, 41.3266993 ], [ -71.4231933, 41.324816 ], [ -71.4225684, 41.3189306 ], [ -71.4219177, 41.3169687 ], [ -71.4217095, 41.3144573 ], [ -71.4207724, 41.3088065 ], [ -71.42046, 41.3078646 ], [ -71.4194841, 41.3066873 ], [ -71.4170248, 41.304156 ], [ -71.4149168, 41.3025077 ], [ -71.414058, 41.3016246 ], [ -71.4135115, 41.3006237 ], [ -71.4133553, 41.2987397 ], [ -71.4132109, 41.2961961 ], [ -71.4121116, 41.2923124 ], [ -71.4126323, 41.2906978 ], [ -71.4134423, 41.2897377 ], [ -71.4172611, 41.2871193 ], [ -71.4243778, 41.283366 ], [ -71.4261203, 41.2825798 ], [ -71.4305688, 41.2805727 ], [ -71.4330728, 41.2798613 ], [ -71.4350239, 41.2793069 ], [ -71.4406942, 41.2789577 ], [ -71.4462487, 41.2796124 ], [ -71.4567213, 41.2815329 ], [ -71.4689875, 41.2855045 ], [ -71.4788236, 41.2884285 ], [ -71.483284, 41.2902308 ], [ -71.4842087, 41.2906044 ], [ -71.4869239, 41.2917015 ], [ -71.4927677, 41.2944943 ], [ -71.5005209, 41.2996433 ], [ -71.5053589, 41.3033573 ], [ -71.5069433, 41.3045736 ], [ -71.5126714, 41.3076713 ], [ -71.5196146, 41.3103762 ], [ -71.5255741, 41.3126883 ], [ -71.5325751, 41.3159601 ], [ -71.5359226, 41.3169069 ], [ -71.5436765, 41.3178369 ], [ -71.5523468, 41.3178369 ], [ -71.5590082, 41.3174118 ], [ -71.5664097, 41.3163755 ], [ -71.5704629, 41.3153923 ], [ -71.5756087, 41.3138245 ], [ -71.5782526, 41.3127193 ], [ -71.5898603, 41.3066601 ], [ -71.5947712, 41.30403 ], [ -71.6049558, 41.2988959 ], [ -71.6055233, 41.2987382 ], [ -71.6065462, 41.298454 ], [ -71.6091412, 41.2981383 ], [ -71.6157301, 41.298175 ], [ -71.6199037, 41.2976505 ], [ -71.6200695, 41.2976296 ], [ -71.6237822, 41.2963933 ], [ -71.6239647, 41.2963361 ], [ -71.6303878, 41.2943205 ], [ -71.6340523, 41.2938478 ], [ -71.6367042, 41.2938478 ], [ -71.6395007, 41.2941387 ], [ -71.6399303, 41.294272 ], [ -71.6441873, 41.2955933 ], [ -71.6524612, 41.2986914 ], [ -71.6602144, 41.3017893 ], [ -71.6767311, 41.3085541 ], [ -71.6780972, 41.3089176 ], [ -71.6811509, 41.3097659 ], [ -71.6841644, 41.3101598 ], [ -71.6845446, 41.3101385 ], [ -71.6879413, 41.3099477 ], [ -71.6924415, 41.3092812 ], [ -71.6982677, 41.3082814 ], [ -71.7040536, 41.3072513 ], [ -71.7067055, 41.3070392 ], [ -71.7100868, 41.3072821 ], [ -71.7109244, 41.3073422 ], [ -71.7198043, 41.3081299 ], [ -71.7233401, 41.3080087 ], [ -71.7260322, 41.3070998 ], [ -71.7297288, 41.3056455 ], [ -71.7329432, 41.3042821 ], [ -71.7371219, 41.3019793 ], [ -71.7437919, 41.2974645 ], [ -71.7496582, 41.2931615 ], [ -71.756087, 41.2893734 ], [ -71.7611899, 41.2870398 ], [ -71.7657704, 41.2854941 ], [ -71.7716367, 41.2841606 ], [ -71.7769405, 41.2835241 ], [ -71.7806773, 41.2836453 ], [ -71.7860213, 41.2844333 ], [ -71.791767, 41.2854638 ], [ -71.7981155, 41.2872519 ], [ -71.8063123, 41.290131 ], [ -71.8121289, 41.2923556 ], [ -71.8205754, 41.2959479 ], [ -71.8247669, 41.2971213 ], [ -71.8281646, 41.2975284 ], [ -71.831848, 41.2970734 ], [ -71.8418187, 41.294487 ], [ -71.8429497, 41.2941773 ], [ -71.8521387, 41.2916611 ], [ -71.8605852, 41.289338 ], [ -71.8699208, 41.2864399 ], [ -71.8753189, 41.2843322 ], [ -71.8822412, 41.2820327 ], [ -71.8892906, 41.2791823 ], [ -71.8966892, 41.2764994 ], [ -71.9041513, 41.2733373 ], [ -71.9057708, 41.2721874 ], [ -71.9114229, 41.2676834 ], [ -71.915678, 41.2630114 ], [ -71.9182183, 41.2621249 ], [ -71.9226003, 41.2623165 ], [ -71.9280619, 41.2631791 ], [ -71.9319041, 41.2640177 ], [ -71.9349207, 41.2637302 ], [ -71.9376516, 41.2628676 ], [ -71.9413668, 41.2610466 ], [ -71.9452725, 41.2597048 ], [ -71.9496862, 41.2582672 ], [ -71.9554337, 41.2563742 ], [ -71.961975, 41.2540258 ], [ -71.9715963, 41.2508866 ], [ -71.9745494, 41.2507907 ], [ -71.9834087, 41.2503114 ], [ -71.9893149, 41.249928 ], [ -71.9936839, 41.2491161 ], [ -71.9975557, 41.2479812 ], [ -72.0, 41.247081 ], [ -72.0, 41.2409518 ], [ -71.9990849, 41.2430734 ], [ -71.9974938, 41.2448534 ], [ -71.9959385, 41.2459088 ], [ -71.9946094, 41.246369 ], [ -71.9940202, 41.2465655 ], [ -71.9928076, 41.2466896 ], [ -71.9913825, 41.2465862 ], [ -71.9896553, 41.246012 ], [ -71.986005, 41.2444186 ], [ -71.9818209, 41.2428013 ], [ -71.9799798, 41.2424539 ], [ -71.9764339, 41.2424282 ], [ -71.9721822, 41.2435013 ], [ -71.9651654, 41.2458483 ], [ -71.9578442, 41.2483185 ], [ -71.9469564, 41.2526938 ], [ -71.9388966, 41.2565886 ], [ -71.9342611, 41.2586329 ], [ -71.9320795, 41.2595634 ], [ -71.9297053, 41.2601716 ], [ -71.9274959, 41.2604161 ], [ -71.924933, 41.2601938 ], [ -71.9219283, 41.2599493 ], [ -71.9189454, 41.2600601 ], [ -71.915941, 41.2606018 ], [ -71.9130713, 41.2609662 ], [ -71.9108693, 41.2608162 ], [ -71.9094629, 41.2603409 ], [ -71.9087408, 41.2597603 ], [ -71.9082672, 41.2584738 ], [ -71.9085513, 41.256973 ], [ -71.9092735, 41.2555883 ], [ -71.9096294, 41.2543909 ], [ -71.9097146, 41.2531258 ], [ -71.9084862, 41.2521417 ], [ -71.9076024, 41.2518971 ], [ -71.9036256, 41.251697 ], [ -71.8981758, 41.251408 ], [ -71.8956424, 41.2512524 ], [ -71.8906345, 41.2508522 ], [ -71.8836234, 41.249963 ], [ -71.8806481, 41.2491181 ], [ -71.8778201, 41.24834 ], [ -71.8766418, 41.2474951 ], [ -71.8757875, 41.2462723 ], [ -71.8762588, 41.2450939 ], [ -71.878262, 41.2435153 ], [ -71.8823272, 41.2425814 ], [ -71.8874235, 41.2427371 ], [ -71.8928438, 41.2426481 ], [ -71.8945819, 41.2422034 ], [ -71.8964967, 41.2412918 ], [ -71.8973509, 41.2400021 ], [ -71.8975572, 41.2380231 ], [ -71.8968207, 41.2362442 ], [ -71.895554, 41.2349767 ], [ -71.8918423, 41.2339537 ], [ -71.8869227, 41.2331532 ], [ -71.8818264, 41.2327529 ], [ -71.8783798, 41.2328196 ], [ -71.8739316, 41.2339537 ], [ -71.870161, 41.2359551 ], [ -71.8651236, 41.2376451 ], [ -71.8613529, 41.2382455 ], [ -71.8574803, 41.2386873 ], [ -71.8549409, 41.2386218 ], [ -71.8504659, 41.2384073 ], [ -71.843767, 41.2385487 ], [ -71.8397783, 41.2391276 ], [ -71.8324354, 41.2400818 ], [ -71.8279384, 41.2396763 ], [ -71.8252274, 41.2386531 ], [ -71.8232556, 41.2372578 ], [ -71.8215304, 41.2349322 ], [ -71.8186139, 41.2296606 ], [ -71.8165601, 41.22535 ], [ -71.8152419, 41.2224783 ], [ -71.8115039, 41.2187875 ], [ -71.8055888, 41.2146002 ], [ -71.7986878, 41.2111882 ], [ -71.7965995, 41.2101091 ], [ -71.7955659, 41.2095751 ], [ -71.7919922, 41.2051701 ], [ -71.7893633, 41.2010129 ], [ -71.7867344, 41.1965763 ], [ -71.7855021, 41.1946216 ], [ -71.7836536, 41.1921393 ], [ -71.7815176, 41.1900604 ], [ -71.7760954, 41.1857781 ], [ -71.7729735, 41.1832645 ], [ -71.7721109, 41.1820853 ], [ -71.7716591, 41.1807508 ], [ -71.7718645, 41.1788267 ], [ -71.7722342, 41.1781129 ], [ -71.7733432, 41.1774921 ], [ -71.7744972, 41.1772499 ], [ -71.774822, 41.1771818 ], [ -71.7764651, 41.1770576 ], [ -71.7782725, 41.1775542 ], [ -71.7841465, 41.1794784 ], [ -71.7875148, 41.1812163 ], [ -71.7932656, 41.1845369 ], [ -71.7987289, 41.1882606 ], [ -71.8072318, 41.1954904 ], [ -71.8124076, 41.2003304 ], [ -71.8134756, 41.2018196 ], [ -71.8160634, 41.2068453 ], [ -71.8171725, 41.2087996 ], [ -71.817419, 41.2116224 ], [ -71.8177065, 41.2130493 ], [ -71.818528, 41.214259 ], [ -71.8204176, 41.2150965 ], [ -71.8235394, 41.2150965 ], [ -71.8280168, 41.214197 ], [ -71.8309333, 41.2136697 ], [ -71.8338498, 41.2138248 ], [ -71.8352994, 41.2141372 ], [ -71.8372731, 41.2146933 ], [ -71.8386282, 41.2152717 ], [ -71.8414562, 41.2170734 ], [ -71.8444609, 41.2185637 ], [ -71.8464052, 41.2187417 ], [ -71.8476424, 41.2187194 ], [ -71.8521495, 41.2172736 ], [ -71.8564505, 41.2157611 ], [ -71.8586598, 41.2155386 ], [ -71.8619002, 41.2157166 ], [ -71.8643747, 41.2163839 ], [ -71.8681748, 41.2173626 ], [ -71.8764232, 41.2195647 ], [ -71.8870576, 41.2223894 ], [ -71.8907399, 41.2229232 ], [ -71.8986936, 41.2229455 ], [ -71.9001371, 41.2226563 ], [ -71.9070598, 41.2210327 ], [ -71.9110956, 41.2208992 ], [ -71.9143949, 41.2212996 ], [ -71.9176058, 41.2219001 ], [ -71.9215827, 41.2229232 ], [ -71.9263549, 41.2245913 ], [ -71.9341614, 41.2274604 ], [ -71.9419678, 41.2304627 ], [ -71.9492146, 41.2320639 ], [ -71.9546644, 41.2329979 ], [ -71.961263, 41.2335538 ], [ -71.9638553, 41.2333537 ], [ -71.964474, 41.2330868 ], [ -71.9645034, 41.2323085 ], [ -71.9638848, 41.2313745 ], [ -71.9621762, 41.2299512 ], [ -71.958462, 41.2274851 ], [ -71.9530818, 41.2246278 ], [ -71.951006, 41.2231753 ], [ -71.9503343, 41.2223479 ], [ -71.9500515, 41.2213337 ], [ -71.9504757, 41.2204529 ], [ -71.9553187, 41.2167427 ], [ -71.9597727, 41.2139133 ], [ -71.963237, 41.2119379 ], [ -71.9667013, 41.2115375 ], [ -71.9702363, 41.2109502 ], [ -71.9722866, 41.2101494 ], [ -71.9726048, 41.2093218 ], [ -71.9710494, 41.2077468 ], [ -71.967479, 41.2051038 ], [ -71.9628128, 41.2032617 ], [ -71.9554954, 41.2026209 ], [ -71.9477891, 41.202087 ], [ -71.9365832, 41.2005384 ], [ -71.9233058, 41.1985199 ], [ -71.9167531, 41.1973174 ], [ -71.9072282, 41.1954446 ], [ -71.9011339, 41.1936503 ], [ -71.8877292, 41.1889399 ], [ -71.8665919, 41.1815271 ], [ -71.8565368, 41.1780198 ], [ -71.8451683, 41.1739172 ], [ -71.8359208, 41.1704555 ], [ -71.8303867, 41.1682355 ], [ -71.8263608, 41.1666587 ], [ -71.8197824, 41.1637266 ], [ -71.8164752, 41.1623738 ], [ -71.8130657, 41.1615493 ], [ -71.8109148, 41.1610876 ], [ -71.8086134, 41.1602073 ], [ -71.8061557, 41.1585753 ], [ -71.8039111, 41.1564387 ], [ -71.8027178, 41.1552254 ], [ -71.8025047, 41.1543557 ], [ -71.8025757, 41.1536792 ], [ -71.8032576, 41.1529168 ], [ -71.8041761, 41.1520745 ], [ -71.8068508, 41.1507431 ], [ -71.8070863, 41.1506259 ], [ -71.8105644, 41.1505722 ], [ -71.8150712, 41.1510326 ], [ -71.8210696, 41.1516453 ], [ -71.831078, 41.1539522 ], [ -71.836834, 41.155739 ], [ -71.8446386, 41.1592833 ], [ -71.8494541, 41.1613162 ], [ -71.8538892, 41.1633222 ], [ -71.8567596, 41.1644905 ], [ -71.859743, 41.1651525 ], [ -71.861892, 41.1653584 ], [ -71.864936, 41.1657666 ], [ -71.8720551, 41.1667312 ], [ -71.878806, 41.1683265 ], [ -71.8875698, 41.1705525 ], [ -71.8930932, 41.1721478 ], [ -71.9030109, 41.1750043 ], [ -71.911431, 41.1777308 ], [ -71.9176664, 41.1798452 ], [ -71.9273139, 41.1832578 ], [ -71.9308489, 41.18476 ], [ -71.9354641, 41.1866887 ], [ -71.9381153, 41.1880053 ], [ -71.9410857, 41.1891551 ], [ -71.943786, 41.1896372 ], [ -71.9463145, 41.1898783 ], [ -71.9499968, 41.1897856 ], [ -71.9523535, 41.189934 ], [ -71.9558639, 41.1899525 ], [ -71.9575823, 41.1902677 ], [ -71.9595708, 41.1908241 ], [ -71.966518, 41.1934016 ], [ -71.9739562, 41.1960161 ], [ -71.9781786, 41.1975922 ], [ -71.9825237, 41.1995576 ], [ -71.9878507, 41.2026725 ], [ -71.9907474, 41.2050456 ], [ -71.9928832, 41.2068995 ], [ -71.9947243, 41.2090315 ], [ -71.9962709, 41.2116269 ], [ -71.9981611, 41.2141665 ], [ -71.999364, 41.2147226 ], [ -72.0, 41.2147877 ], [ -72.0, 41.2008619 ], [ -71.9979742, 41.2004652 ], [ -71.9918633, 41.1985681 ], [ -71.9847146, 41.1956077 ], [ -71.9816509, 41.1938356 ], [ -71.9788908, 41.192397 ], [ -71.9772899, 41.1916882 ], [ -71.9748058, 41.1912086 ], [ -71.973619, 41.1909167 ], [ -71.972791, 41.1892904 ], [ -71.9727082, 41.1878518 ], [ -71.973895, 41.1862046 ], [ -71.9758547, 41.1839317 ], [ -71.9758823, 41.1828891 ], [ -71.9759099, 41.1819925 ], [ -71.9752199, 41.1810958 ], [ -71.9744746, 41.1803243 ], [ -71.9735362, 41.1799906 ], [ -71.9724322, 41.1799698 ], [ -71.9694788, 41.1816171 ], [ -71.96843, 41.1824721 ], [ -71.9675192, 41.1829308 ], [ -71.9668567, 41.1827849 ], [ -71.9660287, 41.1820759 ], [ -71.9647591, 41.1801783 ], [ -71.9640966, 41.1791982 ], [ -71.9633514, 41.1790314 ], [ -71.9621645, 41.179365 ], [ -71.9613917, 41.1801366 ], [ -71.9605913, 41.1832645 ], [ -71.9605361, 41.1857041 ], [ -71.9595976, 41.1878726 ], [ -71.9583832, 41.1888734 ], [ -71.9570031, 41.1894155 ], [ -71.9559543, 41.1894572 ], [ -71.9547399, 41.188936 ], [ -71.953553, 41.187122 ], [ -71.953139, 41.1858918 ], [ -71.9527526, 41.185016 ], [ -71.9522834, 41.1846615 ], [ -71.9513173, 41.1844947 ], [ -71.9502961, 41.1845364 ], [ -71.949468, 41.1857458 ], [ -71.948226, 41.1878101 ], [ -71.9475084, 41.1885815 ], [ -71.9465423, 41.1886858 ], [ -71.9456039, 41.1884981 ], [ -71.9448587, 41.1866216 ], [ -71.9445275, 41.1845781 ], [ -71.9434234, 41.1820342 ], [ -71.9419882, 41.1804911 ], [ -71.9407461, 41.1801991 ], [ -71.9383724, 41.180366 ], [ -71.9361643, 41.180929 ], [ -71.934039, 41.1804077 ], [ -71.9305337, 41.1790939 ], [ -71.9293193, 41.1776342 ], [ -71.9290708, 41.1766749 ], [ -71.9292917, 41.1755279 ], [ -71.9299817, 41.1740472 ], [ -71.9298437, 41.1720451 ], [ -71.9295953, 41.1705643 ], [ -71.9281931, 41.16968 ], [ -71.9254109, 41.1684036 ], [ -71.9214695, 41.1667767 ], [ -71.9178262, 41.1651749 ], [ -71.9145803, 41.1634979 ], [ -71.9119637, 41.1619961 ], [ -71.9110032, 41.1608697 ], [ -71.9108707, 41.1598434 ], [ -71.9115331, 41.1588421 ], [ -71.9151433, 41.1581412 ], [ -71.9265371, 41.1581913 ], [ -71.9301142, 41.1580661 ], [ -71.933062, 41.1572901 ], [ -71.9358773, 41.1558382 ], [ -71.9424022, 41.1516325 ], [ -71.9438513, 41.1508058 ], [ -71.9452122, 41.150603 ], [ -71.9483557, 41.1513563 ], [ -71.9507899, 41.1518924 ], [ -71.9537609, 41.1526747 ], [ -71.9566168, 41.1532107 ], [ -71.9582844, 41.1532252 ], [ -71.9598178, 41.152863 ], [ -71.9615045, 41.151704 ], [ -71.9619645, 41.1507913 ], [ -71.9620987, 41.1489368 ], [ -71.9619454, 41.1478212 ], [ -71.9609103, 41.1461116 ], [ -71.9597411, 41.1450684 ], [ -71.9585719, 41.1446192 ], [ -71.9565976, 41.144228 ], [ -71.9548534, 41.144228 ], [ -71.9532625, 41.1445467 ], [ -71.9521125, 41.1458653 ], [ -71.9511733, 41.146865 ], [ -71.9503682, 41.1471113 ], [ -71.9490648, 41.1471113 ], [ -71.9473781, 41.1465173 ], [ -71.9456914, 41.1450973 ], [ -71.9446755, 41.1447351 ], [ -71.9414745, 41.1448945 ], [ -71.9376219, 41.1454451 ], [ -71.9341334, 41.1464448 ], [ -71.9328133, 41.1478575 ], [ -71.9319591, 41.1492326 ], [ -71.9313602, 41.1510436 ], [ -71.9309054, 41.1517898 ], [ -71.9304395, 41.1519071 ], [ -71.9297518, 41.1518736 ], [ -71.927977, 41.1509597 ], [ -71.9248734, 41.1489559 ], [ -71.9221713, 41.1473662 ], [ -71.9209734, 41.1470442 ], [ -71.9178853, 41.1468933 ], [ -71.9142437, 41.1469639 ], [ -71.9128128, 41.1465433 ], [ -71.910522, 41.1448357 ], [ -71.9088659, 41.1428327 ], [ -71.9070442, 41.1398072 ], [ -71.9051949, 41.1358217 ], [ -71.9044773, 41.1345905 ], [ -71.9016068, 41.1334428 ], [ -71.8981015, 41.1322116 ], [ -71.8970526, 41.1316064 ], [ -71.8950101, 41.1301455 ], [ -71.8929125, 41.1292899 ], [ -71.8904008, 41.1292273 ], [ -71.885681, 41.1281838 ], [ -71.8791395, 41.1265351 ], [ -71.8768486, 41.1262638 ], [ -71.8757446, 41.1262638 ], [ -71.8749718, 41.1265351 ], [ -71.8738401, 41.1274742 ], [ -71.8726809, 41.1299786 ], [ -71.8726809, 41.1326707 ], [ -71.8732053, 41.1341106 ], [ -71.8748338, 41.1357382 ], [ -71.8766278, 41.1364894 ], [ -71.8813752, 41.1377206 ], [ -71.8854602, 41.1387222 ], [ -71.8866194, 41.1391186 ], [ -71.887337, 41.1401202 ], [ -71.887337, 41.1409131 ], [ -71.887061, 41.1415808 ], [ -71.8856534, 41.1426032 ], [ -71.8837765, 41.14325 ], [ -71.8816236, 41.1436256 ], [ -71.8792775, 41.1439594 ], [ -71.8780907, 41.1441889 ], [ -71.8767106, 41.1448566 ], [ -71.8756618, 41.1462962 ], [ -71.8748614, 41.1487999 ], [ -71.8740885, 41.1510948 ], [ -71.8724601, 41.1560598 ], [ -71.8704728, 41.1601484 ], [ -71.8691479, 41.1614 ], [ -71.8682647, 41.1621509 ], [ -71.8662498, 41.1624221 ], [ -71.8626617, 41.1622969 ], [ -71.8575831, 41.1613582 ], [ -71.8557062, 41.1608993 ], [ -71.8532221, 41.1587508 ], [ -71.8504344, 41.156185 ], [ -71.8474525, 41.1534153 ], [ -71.8458253, 41.1521154 ], [ -71.8427074, 41.1496246 ], [ -71.8418202, 41.1492455 ], [ -71.8402771, 41.1486623 ], [ -71.8385025, 41.1486332 ], [ -71.8331788, 41.1496538 ], [ -71.8292439, 41.1499454 ], [ -71.8245374, 41.1496538 ], [ -71.8174391, 41.1492164 ], [ -71.8086435, 41.1484582 ], [ -71.7850413, 41.1471838 ], [ -71.7647649, 41.1474778 ], [ -71.7504326, 41.1460081 ], [ -71.7426311, 41.1454794 ], [ -71.7423776, 41.1454622 ], [ -71.7402918, 41.1452711 ], [ -71.736878, 41.1449582 ], [ -71.7348781, 41.1450422 ], [ -71.7340448, 41.1456721 ], [ -71.7332115, 41.1467639 ], [ -71.7329338, 41.1478137 ], [ -71.7337671, 41.1490734 ], [ -71.7356558, 41.1502911 ], [ -71.7378345, 41.1513056 ], [ -71.7418776, 41.1531883 ], [ -71.7459329, 41.1554136 ], [ -71.7533768, 41.1587725 ], [ -71.7623206, 41.1622151 ], [ -71.7654871, 41.1630127 ], [ -71.7689313, 41.1635165 ], [ -71.7748753, 41.1641882 ], [ -71.7826525, 41.1655315 ], [ -71.7871522, 41.1664551 ], [ -71.7904298, 41.1684281 ], [ -71.7926518, 41.170359 ], [ -71.793374, 41.1714084 ], [ -71.7930963, 41.1722899 ], [ -71.791763, 41.173717 ], [ -71.7902076, 41.1740109 ], [ -71.7880411, 41.1734232 ], [ -71.7859856, 41.1723739 ], [ -71.7823192, 41.1705689 ], [ -71.7800972, 41.1701491 ], [ -71.7778751, 41.1698973 ], [ -71.7732088, 41.1707368 ], [ -71.7653204, 41.1726677 ], [ -71.7585431, 41.1740109 ], [ -71.7544878, 41.1747244 ], [ -71.7475994, 41.1748503 ], [ -71.7452107, 41.175354 ], [ -71.7367668, 41.1779983 ], [ -71.7306562, 41.1797611 ], [ -71.7263158, 41.1805999 ], [ -71.7258787, 41.1806844 ], [ -71.7214346, 41.1809362 ], [ -71.715435, 41.1803906 ], [ -71.7088381, 41.1801065 ], [ -71.7068059, 41.1797485 ], [ -71.7057258, 41.1791073 ], [ -71.7052243, 41.1783786 ], [ -71.7049542, 41.1773002 ], [ -71.7061887, 41.173919 ], [ -71.7084262, 41.1690219 ], [ -71.7105094, 41.1664857 ], [ -71.7121682, 41.1645033 ], [ -71.7142128, 41.1620544 ], [ -71.716296, 41.1591098 ], [ -71.7173762, 41.1566024 ], [ -71.7182635, 41.1544739 ], [ -71.7184564, 41.1523745 ], [ -71.7181092, 41.1468342 ], [ -71.7164503, 41.1358104 ], [ -71.7150615, 41.1314354 ], [ -71.7133192, 41.1271757 ], [ -71.712284, 41.1244639 ], [ -71.7120624, 41.1231561 ], [ -71.7124747, 41.1223562 ], [ -71.7111474, 41.1198767 ], [ -71.7113035, 41.1191092 ], [ -71.7121622, 41.1184008 ], [ -71.7126406, 41.118159 ], [ -71.7140358, 41.1176331 ], [ -71.7191629, 41.1158038 ], [ -71.7222351, 41.1145616 ], [ -71.7233147, 41.1136318 ], [ -71.7243987, 41.1126982 ], [ -71.7260862, 41.1104752 ], [ -71.7265189, 41.1093963 ], [ -71.7276884, 41.1045902 ], [ -71.7277006, 41.1044966 ], [ -71.727712, 41.1044087 ], [ -71.7277162, 41.1043769 ], [ -71.7287116, 41.0967293 ], [ -71.7288676, 41.0946031 ], [ -71.7290037, 41.0933691 ], [ -71.7276394, 41.0919482 ], [ -71.7281667, 41.0862295 ], [ -71.7299215, 41.0804877 ], [ -71.7302504, 41.0782232 ], [ -71.7303302, 41.0749959 ], [ -71.7304101, 41.0696169 ], [ -71.7305455, 41.0644524 ], [ -71.7307585, 41.0615106 ], [ -71.731074, 41.0582728 ], [ -71.7328957, 41.0501745 ], [ -71.734088, 41.0473411 ], [ -71.7350621, 41.0452485 ], [ -71.7368828, 41.0420477 ], [ -71.7387919, 41.0379029 ], [ -71.741736, 41.0310931 ], [ -71.7443121, 41.0268953 ], [ -71.7468664, 41.0238015 ], [ -71.7503645, 41.0208014 ], [ -71.7543257, 41.0180432 ], [ -71.75768, 41.0157929 ], [ -71.766254, 41.0097363 ], [ -71.7687265, 41.0079505 ], [ -71.7743809, 41.0040155 ], [ -71.7798628, 41.0002691 ], [ -71.7839838, 40.9995576 ], [ -71.7884498, 40.9991074 ], [ -71.7908266, 40.9983813 ], [ -71.7946409, 40.9965951 ], [ -71.7955418, 40.9956802 ], [ -71.7965576, 40.9935164 ], [ -71.7972477, 40.9916865 ], [ -71.7990686, 40.9875037 ], [ -71.8008511, 40.9850345 ], [ -71.8027296, 40.983887 ], [ -71.8037838, 40.9836982 ], [ -71.8067164, 40.9840613 ], [ -71.8108949, 40.9846423 ], [ -71.816908, 40.9864217 ], [ -71.8184357, 40.9868599 ], [ -71.8208346, 40.987548 ], [ -71.8228645, 40.9879851 ], [ -71.8253048, 40.9880439 ], [ -71.8266913, 40.9878085 ], [ -71.8286658, 40.9873042 ], [ -71.8314716, 40.985826 ], [ -71.8353817, 40.9830954 ], [ -71.8409595, 40.978941 ], [ -71.8444863, 40.9771834 ], [ -71.8496998, 40.9758614 ], [ -71.854645, 40.9747429 ], [ -71.8635042, 40.9728584 ], [ -71.8748513, 40.9706792 ], [ -71.8834958, 40.9690811 ], [ -71.8898594, 40.9681659 ], [ -71.8994431, 40.9664369 ], [ -71.9105219, 40.9642431 ], [ -71.9185913, 40.9629354 ], [ -71.9246674, 40.9618747 ], [ -71.9299768, 40.9607559 ], [ -71.9340019, 40.9593174 ], [ -71.9381996, 40.956978 ], [ -71.9417456, 40.9543479 ], [ -71.9436741, 40.9528644 ], [ -71.9469349, 40.9501317 ], [ -71.948184, 40.9491845 ], [ -71.9492769, 40.948711 ], [ -71.950526, 40.9484742 ], [ -71.9517751, 40.9484742 ], [ -71.9567715, 40.9489476 ], [ -71.9612682, 40.9496577 ], [ -71.963017, 40.9496577 ], [ -71.9642661, 40.9494208 ], [ -71.9655152, 40.9489473 ], [ -71.9666861, 40.9480594 ], [ -71.9678571, 40.9461651 ], [ -71.9687157, 40.9442708 ], [ -71.9694183, 40.9433828 ], [ -71.9705112, 40.9424357 ], [ -71.9717603, 40.941962 ], [ -71.9736339, 40.9416068 ], [ -71.9780057, 40.9416066 ], [ -71.9800875, 40.9418039 ], [ -71.981753, 40.9414881 ], [ -71.9830021, 40.9410145 ], [ -71.9839389, 40.9401856 ], [ -71.9845634, 40.9392977 ], [ -71.985422, 40.9374032 ], [ -71.9865929, 40.9355678 ], [ -71.9898716, 40.9322522 ], [ -71.9948678, 40.92941 ], [ -71.9979905, 40.9282257 ], [ -72.0, 40.9276744 ], [ -72.0, 40.9222165 ], [ -72.0, 40.8744382 ], [ -71.9952906, 40.8741881 ], [ -71.993137, 40.873703 ], [ -71.9743421, 40.8694692 ], [ -71.9654339, 40.8674896 ], [ -71.9619696, 40.8668297 ], [ -71.9532263, 40.8651801 ], [ -71.9486072, 40.8641902 ], [ -71.9438232, 40.8633654 ], [ -71.9400289, 40.8628705 ], [ -71.935769, 40.8622394 ], [ -71.9322895, 40.8617396 ], [ -71.929092, 40.8603831 ], [ -71.9255184, 40.8584553 ], [ -71.9234495, 40.8573842 ], [ -71.9205342, 40.8567416 ], [ -71.9167725, 40.856813 ], [ -71.9132929, 40.8579555 ], [ -71.9099074, 40.8597405 ], [ -71.9050172, 40.8610971 ], [ -71.9000329, 40.8620966 ], [ -71.8949928, 40.8633654 ], [ -71.8916935, 40.8643552 ], [ -71.8887241, 40.865675 ], [ -71.8855897, 40.8678195 ], [ -71.8813005, 40.8716138 ], [ -71.8793209, 40.8744182 ], [ -71.8758566, 40.8785424 ], [ -71.8715241, 40.8864986 ], [ -71.8690911, 40.8926915 ], [ -71.8668794, 40.8951245 ], [ -71.8653311, 40.8984421 ], [ -71.8628982, 40.9006539 ], [ -71.8598017, 40.903308 ], [ -71.8549359, 40.9077315 ], [ -71.8509547, 40.9139244 ], [ -71.8458676, 40.9210021 ], [ -71.8443194, 40.9238773 ], [ -71.8423288, 40.9254256 ], [ -71.8390112, 40.9291856 ], [ -71.8365783, 40.9320609 ], [ -71.8363571, 40.9349361 ], [ -71.8358664, 40.9378799 ], [ -71.8356935, 40.9389173 ], [ -71.8341453, 40.9413502 ], [ -71.8312265, 40.943798 ], [ -71.8292958, 40.9463833 ], [ -71.8270368, 40.9477075 ], [ -71.8224411, 40.9488759 ], [ -71.8173, 40.9523812 ], [ -71.8098222, 40.9584569 ], [ -71.8065808, 40.96105 ], [ -71.8032011, 40.9637538 ], [ -71.8009399, 40.9654892 ], [ -71.7980866, 40.9677035 ], [ -71.7968977, 40.9683471 ], [ -71.7943501, 40.9689136 ], [ -71.7915647, 40.9686303 ], [ -71.784839, 40.9679094 ], [ -71.7821895, 40.9683729 ], [ -71.7796419, 40.969171 ], [ -71.7755997, 40.9714624 ], [ -71.7709121, 40.975144 ], [ -71.7677191, 40.9783877 ], [ -71.7660207, 40.9816312 ], [ -71.7646959, 40.9850548 ], [ -71.7632013, 40.9864447 ], [ -71.7592271, 40.9890444 ], [ -71.7552868, 40.99046 ], [ -71.7516522, 40.9915925 ], [ -71.7491385, 40.9929308 ], [ -71.7470665, 40.9949383 ], [ -71.7447227, 40.9979494 ], [ -71.7413938, 41.0023243 ], [ -71.7367147, 41.0082913 ], [ -71.7342379, 41.0106321 ], [ -71.7316363, 41.0121157 ], [ -71.7249514, 41.0155119 ], [ -71.7188371, 41.0192167 ], [ -71.7148424, 41.0233535 ], [ -71.7132935, 41.0248352 ], [ -71.7109293, 41.0273665 ], [ -71.7108886, 41.028879 ], [ -71.7115407, 41.0299903 ], [ -71.713375, 41.0320583 ], [ -71.7152501, 41.0341572 ], [ -71.71578, 41.035577 ], [ -71.7153723, 41.037614 ], [ -71.7138234, 41.0454838 ], [ -71.713375, 41.0481994 ], [ -71.7137011, 41.0513777 ], [ -71.7141087, 41.0564998 ], [ -71.7150463, 41.058999 ], [ -71.7160653, 41.0618375 ], [ -71.7177365, 41.0643981 ], [ -71.7208344, 41.0694884 ], [ -71.7226687, 41.0755652 ], [ -71.7229024, 41.0771538 ], [ -71.7232341, 41.0788071 ], [ -71.723989, 41.0829838 ], [ -71.7248014, 41.087321 ], [ -71.7255746, 41.0897686 ], [ -71.7264934, 41.092841 ], [ -71.7270447, 41.0979846 ], [ -71.7271461, 41.0997992 ], [ -71.7210812, 41.10076 ], [ -71.7177788, 41.094947 ], [ -71.7163816, 41.0926408 ], [ -71.7135873, 41.0902866 ], [ -71.7116185, 41.0886529 ], [ -71.7081303, 41.084658 ], [ -71.7055391, 41.081746 ], [ -71.7021097, 41.0772769 ], [ -71.6988998, 41.0731693 ], [ -71.6947322, 41.0684132 ], [ -71.689484, 41.0640073 ], [ -71.6859778, 41.061704 ], [ -71.6824055, 41.0595509 ], [ -71.677444, 41.0570472 ], [ -71.6744009, 41.0556118 ], [ -71.6661758, 41.0515889 ], [ -71.661104, 41.0497693 ], [ -71.6582374, 41.049569 ], [ -71.6566276, 41.049569 ], [ -71.6554148, 41.0498862 ], [ -71.6543563, 41.0504537 ], [ -71.653783, 41.0518059 ], [ -71.654202, 41.0540093 ], [ -71.655922, 41.0564297 ], [ -71.6582153, 41.0589667 ], [ -71.6612363, 41.0617541 ], [ -71.6630886, 41.0642576 ], [ -71.664125, 41.0658765 ], [ -71.6643235, 41.0688137 ], [ -71.6640809, 41.0701154 ], [ -71.6636399, 41.0711167 ], [ -71.6625815, 41.0716007 ], [ -71.6599794, 41.0725519 ], [ -71.657201, 41.0735364 ], [ -71.6561425, 41.0741706 ], [ -71.6560014, 41.0751451 ], [ -71.655922, 41.0766068 ], [ -71.6575361, 41.0792299 ], [ -71.6608967, 41.081993 ], [ -71.6625638, 41.083755 ], [ -71.6633047, 41.0848962 ], [ -71.6630401, 41.0859173 ], [ -71.6621669, 41.0867381 ], [ -71.6607115, 41.0871986 ], [ -71.6572451, 41.0871986 ], [ -71.6497565, 41.0858772 ], [ -71.6427177, 41.0845358 ], [ -71.6368697, 41.0839152 ], [ -71.6314187, 41.0843556 ], [ -71.6241418, 41.0860374 ], [ -71.6201725, 41.0866781 ], [ -71.6143245, 41.0863578 ], [ -71.6083707, 41.0854568 ], [ -71.6011997, 41.0841554 ], [ -71.5940021, 41.0826137 ], [ -71.5880748, 41.0812522 ], [ -71.5793689, 41.0791098 ], [ -71.5741825, 41.0776881 ], [ -71.5706102, 41.0765267 ], [ -71.5661117, 41.0752452 ], [ -71.5627776, 41.0741839 ], [ -71.5593641, 41.0728222 ], [ -71.5580675, 41.0719211 ], [ -71.5551038, 41.0691375 ], [ -71.5527487, 41.0664539 ], [ -71.5504995, 41.0645513 ], [ -71.5476681, 41.062889 ], [ -71.5453924, 41.0617675 ], [ -71.5416613, 41.0602052 ], [ -71.5390152, 41.0593239 ], [ -71.5343315, 41.0587431 ], [ -71.5270546, 41.0585228 ], [ -71.52335, 41.0582423 ], [ -71.5213125, 41.0577416 ], [ -71.5164171, 41.0554582 ], [ -71.5147236, 41.0548773 ], [ -71.5122891, 41.0552579 ], [ -71.5060971, 41.0572609 ], [ -71.5039273, 41.0574211 ], [ -71.5004608, 41.0568603 ], [ -71.4972325, 41.0569805 ], [ -71.4957143, 41.0572856 ], [ -71.4942424, 41.0575814 ], [ -71.4906436, 41.0590435 ], [ -71.4872036, 41.0607059 ], [ -71.4826522, 41.0619477 ], [ -71.475984, 41.0632495 ], [ -71.4697655, 41.0642309 ], [ -71.4621446, 41.0655127 ], [ -71.4490462, 41.067235 ], [ -71.4414517, 41.0689172 ], [ -71.4329047, 41.0715606 ], [ -71.4304173, 41.0723416 ], [ -71.4292795, 41.0727221 ], [ -71.4281945, 41.0727421 ], [ -71.427189, 41.0723216 ], [ -71.4264216, 41.0709799 ], [ -71.4257601, 41.0674553 ], [ -71.4257865, 41.0639105 ], [ -71.4252308, 41.0615071 ], [ -71.4245164, 41.0603855 ], [ -71.4236961, 41.0597646 ], [ -71.4222936, 41.0594641 ], [ -71.4177158, 41.0595643 ], [ -71.413773, 41.0601251 ], [ -71.4119736, 41.0606659 ], [ -71.4108887, 41.0615672 ], [ -71.4094863, 41.0645313 ], [ -71.408613, 41.0677757 ], [ -71.4085337, 41.0739636 ], [ -71.4082426, 41.0789896 ], [ -71.407634, 41.084716 ], [ -71.4067607, 41.0910024 ], [ -71.4054906, 41.0966877 ], [ -71.4036647, 41.1028529 ], [ -71.403162, 41.1050546 ], [ -71.4026327, 41.1060553 ], [ -71.4023681, 41.1063155 ], [ -71.4017331, 41.1063556 ], [ -71.3999337, 41.1054349 ], [ -71.3976844, 41.1021523 ], [ -71.3957792, 41.0999906 ], [ -71.3945355, 41.0989497 ], [ -71.3926303, 41.0982291 ], [ -71.3901165, 41.0975485 ], [ -71.3872851, 41.0975485 ], [ -71.3827073, 41.0977086 ], [ -71.3743454, 41.0989897 ], [ -71.3703233, 41.0999906 ], [ -71.3647928, 41.1022924 ], [ -71.3609295, 41.1045342 ], [ -71.358495, 41.1061354 ], [ -71.3551344, 41.1085171 ], [ -71.3507418, 41.1115792 ], [ -71.3471695, 41.1136605 ], [ -71.3451584, 41.1148012 ], [ -71.3404218, 41.1166824 ], [ -71.3378286, 41.1182432 ], [ -71.3368231, 41.1187835 ], [ -71.3362938, 41.119684 ], [ -71.3362144, 41.1212849 ], [ -71.3366643, 41.1228456 ], [ -71.3389135, 41.1255069 ], [ -71.3401307, 41.1272476 ], [ -71.3407658, 41.1295686 ], [ -71.340951, 41.1314692 ], [ -71.3417978, 41.13383 ], [ -71.3433855, 41.1360307 ], [ -71.344735, 41.137331 ], [ -71.3474341, 41.1407719 ], [ -71.3500803, 41.1443325 ], [ -71.3510858, 41.1474329 ], [ -71.3520649, 41.1520932 ], [ -71.3522501, 41.1567732 ], [ -71.3524004, 41.1612049 ], [ -71.3521874, 41.1630291 ], [ -71.3518288, 41.1661002 ], [ -71.3498474, 41.1699586 ], [ -71.3477897, 41.1723484 ], [ -71.3427981, 41.1764943 ], [ -71.3382255, 41.1802945 ], [ -71.334758, 41.1839794 ], [ -71.3326241, 41.1857929 ], [ -71.3305284, 41.1866277 ], [ -71.3275181, 41.1870883 ], [ -71.3152104, 41.1893047 ], [ -71.3117048, 41.1897077 ], [ -71.307056, 41.1901682 ], [ -71.3037028, 41.1908878 ], [ -71.30195, 41.1918665 ], [ -71.3012641, 41.1932481 ], [ -71.3008831, 41.1980546 ], [ -71.3006926, 41.1999253 ], [ -71.3001125, 41.2010965 ], [ -71.2978633, 41.2028153 ], [ -71.2964873, 41.2040343 ], [ -71.2960639, 41.2045739 ], [ -71.2960904, 41.2075715 ], [ -71.2965931, 41.2091502 ], [ -71.2973605, 41.2109487 ], [ -71.2989218, 41.2127271 ], [ -71.3010124, 41.2149894 ], [ -71.3014885, 41.2155046 ], [ -71.3019913, 41.2167234 ], [ -71.3016473, 41.2185216 ], [ -71.3010916, 41.22018 ], [ -71.298763, 41.223996 ], [ -71.2966461, 41.2274722 ], [ -71.295323, 41.2297296 ], [ -71.2945821, 41.2312279 ], [ -71.2942116, 41.2322267 ], [ -71.2942514, 41.2322997 ], [ -71.2953759, 41.2343641 ], [ -71.2964079, 41.2361019 ], [ -71.2983661, 41.2372405 ], [ -71.2994774, 41.2395974 ], [ -71.3004036, 41.2422938 ], [ -71.3005624, 41.2433524 ], [ -71.3001125, 41.2442711 ], [ -71.2995039, 41.2445707 ], [ -71.2958258, 41.2453296 ], [ -71.2939735, 41.2460486 ], [ -71.2926768, 41.2460486 ], [ -71.2917507, 41.2459887 ], [ -71.2909833, 41.2455294 ], [ -71.2912744, 41.2444708 ], [ -71.2933119, 41.2424736 ], [ -71.2938412, 41.2412352 ], [ -71.2938941, 41.239877 ], [ -71.2933119, 41.2385987 ], [ -71.2928885, 41.23762 ], [ -71.2924652, 41.2376 ], [ -71.2906393, 41.2379196 ], [ -71.2872522, 41.239897 ], [ -71.2842092, 41.2407958 ], [ -71.2826744, 41.2411154 ], [ -71.281272, 41.2416547 ], [ -71.2805046, 41.2419942 ], [ -71.2799489, 41.2427931 ], [ -71.2801341, 41.2440714 ], [ -71.2799211, 41.2450037 ], [ -71.2793392, 41.2455007 ], [ -71.2786041, 41.245859 ], [ -71.2773513, 41.2461809 ], [ -71.275503, 41.2463326 ], [ -71.2730118, 41.2464539 ], [ -71.2712841, 41.2468178 ], [ -71.2709626, 41.247212 ], [ -71.2713243, 41.2476972 ], [ -71.2723689, 41.2479398 ], [ -71.2759852, 41.2479095 ], [ -71.2778471, 41.2482677 ], [ -71.2780344, 41.2483037 ], [ -71.2798826, 41.2486676 ], [ -71.2808068, 41.2492438 ], [ -71.2811282, 41.2501535 ], [ -71.2816104, 41.2507903 ], [ -71.2825747, 41.2510329 ], [ -71.2840614, 41.2508206 ], [ -71.2855882, 41.2502748 ], [ -71.2880794, 41.2496986 ], [ -71.2906911, 41.2488192 ], [ -71.2916956, 41.2487586 ], [ -71.2925796, 41.2490315 ], [ -71.2934234, 41.2499412 ], [ -71.2939666, 41.2530112 ], [ -71.2937352, 41.2550634 ], [ -71.2926358, 41.2564606 ], [ -71.2902636, 41.2570719 ], [ -71.2875442, 41.2568099 ], [ -71.2819318, 41.2551944 ], [ -71.2786917, 41.2545831 ], [ -71.2751912, 41.2547869 ], [ -71.2741304, 41.2546777 ], [ -71.2717678, 41.2541683 ], [ -71.271745, 41.2541511 ], [ -71.2706589, 41.2533314 ], [ -71.2700015, 41.2527758 ], [ -71.2692481, 41.2524389 ], [ -71.266123, 41.2521862 ], [ -71.2650069, 41.2519756 ], [ -71.2635838, 41.2513649 ], [ -71.2617143, 41.2497435 ], [ -71.2607857, 41.2489641 ], [ -71.2570021, 41.2474731 ], [ -71.2555288, 41.2464117 ], [ -71.2546582, 41.245603 ], [ -71.2534531, 41.2450904 ], [ -71.2532577, 41.2450073 ], [ -71.2528166, 41.2448196 ], [ -71.2502049, 41.2439604 ], [ -71.2449145, 41.2422671 ], [ -71.2432068, 41.2419385 ], [ -71.2415662, 41.2421407 ], [ -71.2400929, 41.2433033 ], [ -71.2399255, 41.2439856 ], [ -71.2403607, 41.2450471 ], [ -71.2425372, 41.2468414 ], [ -71.2438765, 41.2484587 ], [ -71.2452497, 41.2497066 ], [ -71.2455172, 41.2499497 ], [ -71.2471392, 41.2512545 ], [ -71.2485642, 41.2524008 ], [ -71.2494954, 41.2536436 ], [ -71.2495926, 41.2550155 ], [ -71.2491908, 41.2564305 ], [ -71.2489353, 41.2569163 ], [ -71.2483537, 41.2580224 ], [ -71.247818, 41.2594373 ], [ -71.2480189, 41.2614333 ], [ -71.2491238, 41.2634798 ], [ -71.2504632, 41.264642 ], [ -71.2526731, 41.2655768 ], [ -71.2583318, 41.26588 ], [ -71.2594659, 41.2659903 ], [ -71.2600269, 41.2660449 ], [ -71.2617081, 41.2662084 ], [ -71.2632706, 41.266461 ], [ -71.2644426, 41.267261 ], [ -71.266619, 41.26924 ], [ -71.2696817, 41.2729002 ], [ -71.2701068, 41.2734082 ], [ -71.2712835, 41.2743509 ], [ -71.2731318, 41.2755331 ], [ -71.2745782, 41.2768971 ], [ -71.2753015, 41.2780792 ], [ -71.2754622, 41.2792614 ], [ -71.275864, 41.2804435 ], [ -71.2768685, 41.2814134 ], [ -71.2779936, 41.2821105 ], [ -71.2805651, 41.2825651 ], [ -71.2828849, 41.2828898 ], [ -71.2844626, 41.2831107 ], [ -71.2854671, 41.2836259 ], [ -71.285668, 41.284323 ], [ -71.2851456, 41.2849292 ], [ -71.2831366, 41.285899 ], [ -71.2814491, 41.2868385 ], [ -71.2802035, 41.2870507 ], [ -71.2785963, 41.2865658 ], [ -71.2751408, 41.2853535 ], [ -71.2726496, 41.2838078 ], [ -71.2719735, 41.2827578 ], [ -71.2719665, 41.282747 ], [ -71.2709218, 41.2809587 ], [ -71.2697566, 41.2796554 ], [ -71.2680289, 41.2791098 ], [ -71.265377, 41.2792917 ], [ -71.2597116, 41.2806362 ], [ -71.2582249, 41.280989 ], [ -71.2537247, 41.2820196 ], [ -71.2520773, 41.2821711 ], [ -71.2501888, 41.2813527 ], [ -71.2463078, 41.2792647 ], [ -71.2459165, 41.2790542 ], [ -71.2450056, 41.2785642 ], [ -71.2420323, 41.2775033 ], [ -71.2396616, 41.2773215 ], [ -71.2368088, 41.2778368 ], [ -71.2327908, 41.2782308 ], [ -71.2284513, 41.2792917 ], [ -71.2255182, 41.279716 ], [ -71.2243931, 41.279716 ], [ -71.2229065, 41.2790492 ], [ -71.2217412, 41.2787461 ], [ -71.2206162, 41.2787764 ], [ -71.2198126, 41.2795645 ], [ -71.2194912, 41.2806556 ], [ -71.2184465, 41.281868 ], [ -71.2167589, 41.2824742 ], [ -71.2157544, 41.2828985 ], [ -71.2151517, 41.2838684 ], [ -71.2146293, 41.2843533 ], [ -71.2137454, 41.2846261 ], [ -71.2130104, 41.2845741 ], [ -71.2124596, 41.2845352 ], [ -71.2086419, 41.2846409 ], [ -71.20808, 41.2846564 ], [ -71.2067138, 41.2845655 ], [ -71.2058299, 41.2838987 ], [ -71.2054281, 41.282656 ], [ -71.2058299, 41.2806859 ], [ -71.2073969, 41.2772002 ], [ -71.212098, 41.2725018 ], [ -71.2135043, 41.2713802 ], [ -71.2148303, 41.2682274 ], [ -71.2156339, 41.2654989 ], [ -71.2159553, 41.264165 ], [ -71.2159167, 41.263699 ], [ -71.2158749, 41.2631948 ], [ -71.2149106, 41.2620124 ], [ -71.2133034, 41.2613757 ], [ -71.2124322, 41.2612783 ], [ -71.21075, 41.2610903 ], [ -71.2089639, 41.2608906 ], [ -71.2039738, 41.260878 ], [ -71.1990556, 41.2613494 ], [ -71.1928102, 41.2625277 ], [ -71.1898124, 41.2633762 ], [ -71.1856881, 41.2651353 ], [ -71.1840667, 41.2658269 ], [ -71.1815685, 41.2670639 ], [ -71.1780515, 41.2691132 ], [ -71.1722234, 41.2733981 ], [ -71.1697026, 41.2752514 ], [ -71.1672826, 41.2767238 ], [ -71.1655142, 41.2774743 ], [ -71.1647844, 41.2777841 ], [ -71.1622863, 41.2783731 ], [ -71.1573679, 41.2784322 ], [ -71.1472971, 41.2779023 ], [ -71.1447989, 41.278138 ], [ -71.1383818, 41.2792572 ], [ -71.1311371, 41.2809652 ], [ -71.1248917, 41.2818488 ], [ -71.1211444, 41.2822023 ], [ -71.1157317, 41.2832232 ], [ -71.1099027, 41.2860303 ], [ -71.1074827, 41.2873259 ], [ -71.1061346, 41.2878074 ], [ -71.1054016, 41.2878365 ], [ -71.1040514, 41.2874291 ], [ -71.1022769, 41.2862361 ], [ -71.0988049, 41.2826569 ], [ -71.097146, 41.2810855 ], [ -71.0958344, 41.2805908 ], [ -71.0938669, 41.2801833 ], [ -71.0915137, 41.2801833 ], [ -71.0890062, 41.2804453 ], [ -71.0876174, 41.2812601 ], [ -71.08592, 41.2833844 ], [ -71.083181, 41.2877492 ], [ -71.0820622, 41.2887967 ], [ -71.0808663, 41.2893786 ], [ -71.0763913, 41.289786 ], [ -71.0671713, 41.2908335 ], [ -71.0647795, 41.2915027 ], [ -71.0627734, 41.2927829 ], [ -71.0610374, 41.2947904 ], [ -71.0587228, 41.2979326 ], [ -71.0565239, 41.2999691 ], [ -71.0544793, 41.3010164 ], [ -71.0523575, 41.3019182 ], [ -71.0493484, 41.3024128 ], [ -71.0480451, 41.3024358 ], [ -71.0328372, 41.3027037 ], [ -71.0267806, 41.3025 ], [ -71.0266833, 41.3024828 ], [ -71.0236558, 41.3019473 ], [ -71.0201838, 41.3010164 ], [ -71.0182163, 41.3001436 ], [ -71.0175219, 41.2992999 ], [ -71.0172133, 41.297438 ], [ -71.0175219, 41.2935685 ], [ -71.0175594, 41.2933303 ], [ -71.0179849, 41.2906298 ], [ -71.0175991, 41.2887385 ], [ -71.0174497, 41.2884193 ], [ -71.0171362, 41.2877492 ], [ -71.0165423, 41.2874719 ], [ -71.0155159, 41.2869926 ], [ -71.0131241, 41.2864689 ], [ -71.0116659, 41.2861178 ], [ -71.011311, 41.2860324 ], [ -71.0096135, 41.2849557 ], [ -71.009112, 41.2833553 ], [ -71.0090697, 41.283118 ], [ -71.0087648, 41.2814056 ], [ -71.0084994, 41.2802485 ], [ -71.0082302, 41.2794364 ], [ -71.0080758, 41.2791042 ], [ -71.0076004, 41.2780812 ], [ -71.0065734, 41.2767844 ], [ -71.0064744, 41.2766594 ], [ -71.0048589, 41.2761977 ], [ -71.0025335, 41.2760685 ], [ -70.9997431, 41.2761423 ], [ -70.9994938, 41.2760776 ], [ -70.9982499, 41.2757545 ], [ -70.9973198, 41.2746466 ], [ -70.9968547, 41.2725968 ], [ -70.997123, 41.2710242 ], [ -70.9971729, 41.2707316 ], [ -70.9973932, 41.2686632 ], [ -70.9968302, 41.2657637 ], [ -70.9949454, 41.2641938 ], [ -70.9939174, 41.2636212 ], [ -70.9924487, 41.2633627 ], [ -70.9909066, 41.2634181 ], [ -70.9886057, 41.2636951 ], [ -70.9869902, 41.2645078 ], [ -70.985546, 41.2656344 ], [ -70.9852523, 41.2670195 ], [ -70.9856195, 41.2687186 ], [ -70.9864028, 41.270196 ], [ -70.9879938, 41.2716365 ], [ -70.990001, 41.2734093 ], [ -70.9917389, 41.2745727 ], [ -70.9923508, 41.2757176 ], [ -70.9922039, 41.276844 ], [ -70.9912248, 41.2790599 ], [ -70.9900642, 41.2812711 ], [ -70.9893156, 41.2826974 ], [ -70.9882141, 41.2839899 ], [ -70.986781, 41.2849461 ], [ -70.985032, 41.2861131 ], [ -70.9817765, 41.2884025 ], [ -70.9785944, 41.2905995 ], [ -70.9764159, 41.2921687 ], [ -70.9749472, 41.2927964 ], [ -70.9732583, 41.2929072 ], [ -70.9687544, 41.2928887 ], [ -70.9653765, 41.292501 ], [ -70.9610439, 41.2920949 ], [ -70.9538965, 41.2912826 ], [ -70.9493707, 41.2905875 ], [ -70.9484869, 41.2904518 ], [ -70.945623, 41.2893072 ], [ -70.9448642, 41.2884948 ], [ -70.9449377, 41.2876825 ], [ -70.9459168, 41.2869809 ], [ -70.9474833, 41.2862424 ], [ -70.9485409, 41.2854447 ], [ -70.9486093, 41.2853931 ], [ -70.9490499, 41.2848207 ], [ -70.9490022, 41.2847488 ], [ -70.9485848, 41.2841191 ], [ -70.9480219, 41.2837868 ], [ -70.9467245, 41.2837683 ], [ -70.9449622, 41.283916 ], [ -70.944081, 41.2838791 ], [ -70.943469, 41.2834913 ], [ -70.9432487, 41.2827528 ], [ -70.9432487, 41.281885 ], [ -70.9435914, 41.281368 ], [ -70.9442523, 41.2810356 ], [ -70.9463819, 41.2804263 ], [ -70.9481932, 41.2798354 ], [ -70.9499066, 41.2789491 ], [ -70.9512039, 41.2783397 ], [ -70.9527705, 41.2770656 ], [ -70.9530887, 41.2759577 ], [ -70.9529663, 41.2740187 ], [ -70.9535048, 41.2730954 ], [ -70.9541657, 41.2721905 ], [ -70.9572744, 41.2693834 ], [ -70.9584493, 41.2675182 ], [ -70.9591347, 41.2656713 ], [ -70.9586696, 41.2636951 ], [ -70.957715, 41.261331 ], [ -70.9568583, 41.2590222 ], [ -70.957201, 41.2575445 ], [ -70.9578619, 41.2561222 ], [ -70.9596487, 41.2530558 ], [ -70.9620965, 41.2502664 ], [ -70.9625759, 41.2495283 ], [ -70.9627084, 41.2493243 ], [ -70.9625616, 41.2487147 ], [ -70.9622691, 41.2486577 ], [ -70.9618028, 41.2485669 ], [ -70.9607257, 41.2487516 ], [ -70.9591592, 41.2491211 ], [ -70.9569317, 41.2496753 ], [ -70.9557813, 41.2496753 ], [ -70.9550225, 41.2493428 ], [ -70.9549245, 41.2482343 ], [ -70.9553162, 41.2471998 ], [ -70.9559036, 41.24526 ], [ -70.9558792, 41.2439113 ], [ -70.9556986, 41.2435099 ], [ -70.9554386, 41.2429321 ], [ -70.9540678, 41.2416573 ], [ -70.9535236, 41.2413077 ], [ -70.9488051, 41.2382762 ], [ -70.948389, 41.2375186 ], [ -70.9487562, 41.2371121 ], [ -70.9497353, 41.2370752 ], [ -70.9509102, 41.2374447 ], [ -70.9534804, 41.2386457 ], [ -70.9557382, 41.2391279 ], [ -70.958699, 41.2396706 ], [ -70.9610676, 41.2396706 ], [ -70.9627172, 41.2392556 ], [ -70.9658895, 41.237276 ], [ -70.9674545, 41.2364459 ], [ -70.9704153, 41.2359031 ], [ -70.9724879, 41.2352007 ], [ -70.9748143, 41.233253 ], [ -70.9771829, 41.2302195 ], [ -70.9789594, 41.2276011 ], [ -70.9796785, 41.2268985 ], [ -70.9823855, 41.2269624 ], [ -70.9842043, 41.2278246 ], [ -70.9861076, 41.2297406 ], [ -70.9872586, 41.2323473 ], [ -70.9874189, 41.2327102 ], [ -70.9893645, 41.2351049 ], [ -70.9898423, 41.2353823 ], [ -70.9926637, 41.2370206 ], [ -70.9967666, 41.2382339 ], [ -70.9998543, 41.2384574 ], [ -71.002519, 41.2391917 ], [ -71.0063535, 41.2407184 ], [ -71.0063681, 41.2407242 ], [ -71.0076793, 41.24082 ], [ -71.007943, 41.2406494 ], [ -71.0082714, 41.2404369 ], [ -71.0094981, 41.2387128 ], [ -71.0107247, 41.237723 ], [ -71.011909, 41.2371803 ], [ -71.0156735, 41.2367971 ], [ -71.0175346, 41.2362543 ], [ -71.0191419, 41.234626 ], [ -71.0204108, 41.2327102 ], [ -71.0215528, 41.2318161 ], [ -71.0243021, 41.2300279 ], [ -71.0255079, 41.2292999 ], [ -71.0271472, 41.2275317 ], [ -71.0282401, 41.2267065 ], [ -71.0294892, 41.226117 ], [ -71.0307383, 41.2258812 ], [ -71.0341544, 41.2259604 ], [ -71.036896, 41.2263452 ], [ -71.0399565, 41.22673 ], [ -71.0430807, 41.2269705 ], [ -71.0463962, 41.2268743 ], [ -71.0495204, 41.2265857 ], [ -71.0525974, 41.2260574 ], [ -71.0550956, 41.225409 ], [ -71.0563446, 41.2254089 ], [ -71.0600919, 41.22423 ], [ -71.0625901, 41.2236405 ], [ -71.0657128, 41.2231688 ], [ -71.0675864, 41.2231688 ], [ -71.0700846, 41.2234045 ], [ -71.0723131, 41.2241405 ], [ -71.0725828, 41.2242296 ], [ -71.075081, 41.2247011 ], [ -71.0763301, 41.2247011 ], [ -71.0775792, 41.2244653 ], [ -71.0788283, 41.2239936 ], [ -71.0799212, 41.2231684 ], [ -71.0810921, 41.2217537 ], [ -71.0831998, 41.2175095 ], [ -71.0851514, 41.2146797 ], [ -71.0862442, 41.2127932 ], [ -71.0871029, 41.2109067 ], [ -71.0892093, 41.2083613 ], [ -71.0894448, 41.2080767 ], [ -71.0895408, 41.2078833 ], [ -71.0895511, 41.2078626 ], [ -71.0903815, 41.20619 ], [ -71.0931917, 41.2024164 ], [ -71.0935448, 41.2019897 ], [ -71.09474, 41.2005452 ], [ -71.0963143, 41.1986426 ], [ -71.0977974, 41.1958121 ], [ -71.098578, 41.1939251 ], [ -71.0987341, 41.192038 ], [ -71.0985779, 41.1910944 ], [ -71.0979934, 41.1896816 ], [ -71.0977971, 41.1892072 ], [ -71.0965479, 41.18732 ], [ -71.0927224, 41.1835455 ], [ -71.0910048, 41.1816582 ], [ -71.0906924, 41.1807145 ], [ -71.0910046, 41.1797708 ], [ -71.0919415, 41.1789449 ], [ -71.0931906, 41.178473 ], [ -71.0944396, 41.178355 ], [ -71.0956887, 41.1784729 ], [ -71.0993593, 41.1791662 ], [ -71.1006852, 41.1794166 ], [ -71.1023645, 41.1794166 ], [ -71.1044325, 41.1794165 ], [ -71.1056035, 41.1792395 ], [ -71.1081016, 41.1783547 ], [ -71.1105997, 41.1771159 ], [ -71.1116926, 41.176172 ], [ -71.1132539, 41.1742844 ], [ -71.1156499, 41.1718476 ], [ -71.1170791, 41.1709218 ], [ -71.1178636, 41.1708239 ], [ -71.1182186, 41.1709695 ], [ -71.1184686, 41.1713158 ], [ -71.1184844, 41.1718656 ], [ -71.1183283, 41.1737533 ], [ -71.1187968, 41.1746971 ], [ -71.1197336, 41.1755229 ], [ -71.1209828, 41.1762308 ], [ -71.1222318, 41.1765847 ], [ -71.1247301, 41.1770565 ], [ -71.1297265, 41.1786489 ], [ -71.1322248, 41.1791207 ], [ -71.134723, 41.1791206 ], [ -71.1381495, 41.1785323 ], [ -71.1461083, 41.1752343 ], [ -71.1493214, 41.1730446 ], [ -71.1495532, 41.1727332 ], [ -71.150024, 41.1721007 ], [ -71.151351, 41.1692691 ], [ -71.1517413, 41.1673812 ], [ -71.1516631, 41.1645494 ], [ -71.1511165, 41.1626616 ], [ -71.15057, 41.1617176 ], [ -71.1491647, 41.1598886 ], [ -71.1487701, 41.1594684 ], [ -71.147447, 41.1580596 ], [ -71.1410607, 41.1524471 ], [ -71.1410165, 41.1524003 ], [ -71.1397672, 41.1510784 ], [ -71.1381565, 41.1500349 ], [ -71.1369074, 41.1494448 ], [ -71.1356582, 41.1490908 ], [ -71.1318329, 41.1486779 ], [ -71.1294127, 41.1482648 ], [ -71.1282417, 41.1479108 ], [ -71.1257434, 41.1469076 ], [ -71.1247285, 41.1460225 ], [ -71.1244942, 41.1450783 ], [ -71.1248845, 41.1431897 ], [ -71.125948, 41.1415816 ], [ -71.126758, 41.1403568 ], [ -71.1276948, 41.1394124 ], [ -71.1299586, 41.1376417 ], [ -71.13487, 41.1332447 ], [ -71.1350837, 41.1330534 ], [ -71.1354231, 41.1321524 ], [ -71.1359695, 41.1302635 ], [ -71.1356572, 41.129378 ], [ -71.1350326, 41.1284336 ], [ -71.1338616, 41.1281384 ], [ -71.1314415, 41.1281385 ], [ -71.1303485, 41.1277254 ], [ -71.1294116, 41.127017 ], [ -71.1288651, 41.1260725 ], [ -71.1287869, 41.1241834 ], [ -71.1292553, 41.1232389 ], [ -71.130009, 41.1223269 ], [ -71.1333772, 41.1200981 ], [ -71.1339392, 41.1191062 ], [ -71.1334707, 41.1182796 ], [ -71.1320775, 41.1176212 ], [ -71.1238526, 41.1162608 ], [ -71.1228533, 41.1159774 ], [ -71.1183242, 41.114225 ], [ -71.1161393, 41.1133797 ], [ -71.1140346, 41.1126049 ], [ -71.1123555, 41.1123081 ], [ -71.1115897, 41.112367 ], [ -71.1109923, 41.1124129 ], [ -71.1095815, 41.1129666 ], [ -71.1083325, 41.1136752 ], [ -71.1070834, 41.1141476 ], [ -71.1063766, 41.1141284 ], [ -71.1059904, 41.1139114 ], [ -71.1056728, 41.1135827 ], [ -71.1055219, 41.1130849 ], [ -71.1056781, 41.1121401 ], [ -71.1061464, 41.1111954 ], [ -71.1069271, 41.1102506 ], [ -71.1070487, 41.1100054 ], [ -71.1073954, 41.1093059 ], [ -71.1073954, 41.1083611 ], [ -71.1067708, 41.1074164 ], [ -71.1055217, 41.1068258 ], [ -71.1030235, 41.1063535 ], [ -71.10209, 41.1063094 ], [ -71.1005252, 41.1062355 ], [ -71.0964956, 41.1062252 ], [ -71.0927657, 41.1059745 ], [ -71.0916741, 41.1054451 ], [ -71.0914693, 41.1045823 ], [ -71.0916433, 41.1038035 ], [ -71.0929524, 41.1027517 ], [ -71.0954506, 41.101984 ], [ -71.1006811, 41.100035 ], [ -71.1016179, 41.0998578 ], [ -71.1030247, 41.0997912 ], [ -71.104116, 41.0997396 ], [ -71.1078633, 41.0998576 ], [ -71.1103616, 41.1001528 ], [ -71.1141089, 41.1008614 ], [ -71.1166071, 41.1010975 ], [ -71.1191052, 41.1009202 ], [ -71.1203543, 41.1006249 ], [ -71.1206673, 41.1005287 ], [ -71.1228524, 41.0998571 ], [ -71.1253506, 41.0987941 ], [ -71.1265997, 41.0985578 ], [ -71.1278488, 41.0984397 ], [ -71.1290859, 41.0986912 ], [ -71.1301398, 41.0998964 ], [ -71.1305033, 41.1013924 ], [ -71.1305034, 41.1037545 ], [ -71.1312222, 41.1045058 ], [ -71.1313348, 41.1046236 ], [ -71.1316447, 41.1046865 ], [ -71.1326894, 41.1048983 ], [ -71.1339384, 41.1048982 ], [ -71.1351875, 41.1048173 ], [ -71.1376857, 41.1050534 ], [ -71.1389349, 41.1054667 ], [ -71.1408867, 41.1072382 ], [ -71.1415894, 41.108242 ], [ -71.1424793, 41.108915 ], [ -71.1426824, 41.1090686 ], [ -71.143463, 41.1100133 ], [ -71.146742, 41.1124341 ], [ -71.1491622, 41.113792 ], [ -71.1504114, 41.1142054 ], [ -71.1529096, 41.1147957 ], [ -71.1551297, 41.1156876 ], [ -71.1554078, 41.1157993 ], [ -71.157828, 41.1170391 ], [ -71.158921, 41.1179247 ], [ -71.159962, 41.1191841 ], [ -71.1616341, 41.1220741 ], [ -71.1618566, 41.1224587 ], [ -71.1629028, 41.1235921 ], [ -71.1647729, 41.125278 ], [ -71.1649327, 41.1254221 ], [ -71.1673529, 41.127311 ], [ -71.1704238, 41.130833 ], [ -71.1735208, 41.1367551 ], [ -71.1753947, 41.1414767 ], [ -71.1765658, 41.1433652 ], [ -71.1766439, 41.1443095 ], [ -71.1772406, 41.1461134 ], [ -71.1772674, 41.1461946 ], [ -71.1772685, 41.1461979 ], [ -71.1772698, 41.1461988 ], [ -71.1784396, 41.1469651 ], [ -71.1812501, 41.1468175 ], [ -71.1844117, 41.1453236 ], [ -71.185778, 41.1451944 ], [ -71.1870271, 41.1452534 ], [ -71.1895253, 41.1457255 ], [ -71.1924138, 41.1455114 ], [ -71.2057635, 41.145607 ], [ -71.2082617, 41.1454299 ], [ -71.2083756, 41.1454084 ], [ -71.2120089, 41.1447215 ], [ -71.214507, 41.1440133 ], [ -71.2170052, 41.1425968 ], [ -71.2213405, 41.1394322 ], [ -71.221533, 41.1392916 ], [ -71.2252021, 41.1372848 ], [ -71.2277002, 41.1362814 ], [ -71.2301984, 41.1359271 ], [ -71.2329347, 41.1361598 ], [ -71.2426894, 41.1369892 ], [ -71.249013, 41.1378743 ], [ -71.2514331, 41.1380514 ], [ -71.2551804, 41.1381693 ], [ -71.2576786, 41.1379331 ], [ -71.2580366, 41.1377978 ], [ -71.2589277, 41.1374609 ], [ -71.2613477, 41.1360443 ], [ -71.2646265, 41.1333291 ], [ -71.2661096, 41.1315582 ], [ -71.2672806, 41.1297283 ], [ -71.2682173, 41.1268949 ], [ -71.2687896, 41.1234316 ], [ -71.2684251, 41.1190235 ], [ -71.2670457, 41.1155009 ], [ -71.2655622, 41.1135525 ], [ -71.2651607, 41.1127427 ], [ -71.2630639, 41.1103641 ], [ -71.2600971, 41.1081204 ], [ -71.2518997, 41.1028651 ], [ -71.2508066, 41.1009754 ], [ -71.2506765, 41.0997747 ], [ -71.2517432, 41.0962508 ], [ -71.2518993, 41.0943609 ], [ -71.2516649, 41.0924709 ], [ -71.2511965, 41.0915259 ], [ -71.249635, 41.0896359 ], [ -71.2451069, 41.0866827 ], [ -71.2426868, 41.0852652 ], [ -71.2403446, 41.0835522 ], [ -71.236441, 41.0798898 ], [ -71.2352699, 41.0779995 ], [ -71.2354259, 41.0770542 ], [ -71.2360505, 41.076109 ], [ -71.2371434, 41.0752819 ], [ -71.2421397, 41.0733912 ], [ -71.2433106, 41.0727413 ], [ -71.2455746, 41.071146 ], [ -71.2457306, 41.0702007 ], [ -71.2454183, 41.0692554 ], [ -71.2443253, 41.0685464 ], [ -71.2430762, 41.0681328 ], [ -71.240578, 41.0682511 ], [ -71.2380798, 41.0686056 ], [ -71.2355817, 41.0691375 ], [ -71.2330835, 41.0693148 ], [ -71.2280872, 41.0692559 ], [ -71.2232221, 41.0678753 ], [ -71.2195775, 41.0660065 ], [ -71.2165663, 41.0642702 ], [ -71.214659, 41.0631704 ], [ -71.2121608, 41.0620477 ], [ -71.2071643, 41.0610434 ], [ -71.2052482, 41.0609754 ], [ -71.202168, 41.0608662 ], [ -71.1989652, 41.0605865 ], [ -71.1948845, 41.0599595 ], [ -71.1920154, 41.0595255 ], [ -71.1890187, 41.0588504 ], [ -71.1857032, 41.0580788 ], [ -71.1836629, 41.0574519 ], [ -71.1814951, 41.0566803 ], [ -71.1762489, 41.0544848 ], [ -71.1705498, 41.0517887 ], [ -71.1678954, 41.0500305 ], [ -71.165319, 41.0488116 ], [ -71.1628989, 41.0479251 ], [ -71.1604007, 41.0475115 ], [ -71.1579025, 41.0475707 ], [ -71.1554043, 41.0483982 ], [ -71.1528281, 41.0499349 ], [ -71.147754, 41.0544856 ], [ -71.14549, 41.0561995 ], [ -71.142992, 41.0576179 ], [ -71.1405719, 41.0586816 ], [ -71.1393228, 41.0589772 ], [ -71.1368247, 41.0592727 ], [ -71.1343264, 41.0589772 ], [ -71.1318282, 41.0582682 ], [ -71.1294861, 41.0567909 ], [ -71.128315, 41.0564955 ], [ -71.1269878, 41.0564364 ], [ -71.1244897, 41.056732 ], [ -71.11975, 41.0587245 ], [ -71.1169953, 41.0588597 ], [ -71.114497, 41.0585051 ], [ -71.1119988, 41.0571461 ], [ -71.1104373, 41.0553141 ], [ -71.1091101, 41.0534231 ], [ -71.1080171, 41.0525957 ], [ -71.1041916, 41.0512366 ], [ -71.1016934, 41.0507638 ], [ -71.1004443, 41.0507638 ], [ -71.0979461, 41.0505275 ], [ -71.0967751, 41.0502321 ], [ -71.0924031, 41.0477499 ], [ -71.0893114, 41.0447475 ], [ -71.0878749, 41.0442037 ], [ -71.0866259, 41.0442038 ], [ -71.0828786, 41.0452678 ], [ -71.0816296, 41.0452678 ], [ -71.0803024, 41.0455043 ], [ -71.0778042, 41.0455043 ], [ -71.075306, 41.0450907 ], [ -71.0716367, 41.0437314 ], [ -71.0703096, 41.0434359 ], [ -71.0678113, 41.0430813 ], [ -71.0653131, 41.0425494 ], [ -71.064064, 41.0424904 ], [ -71.0615658, 41.0426086 ], [ -71.0529004, 41.0445595 ], [ -71.0504021, 41.0447368 ], [ -71.047904, 41.0445004 ], [ -71.0441567, 41.0445005 ], [ -71.0416585, 41.0449735 ], [ -71.041034, 41.0452691 ], [ -71.0349447, 41.046806 ], [ -71.0319001, 41.047929 ], [ -71.0294019, 41.0486383 ], [ -71.0219075, 41.0504706 ], [ -71.0169111, 41.0520074 ], [ -71.014413, 41.0525985 ], [ -71.0094947, 41.0535442 ], [ -71.0027497, 41.0543954 ], [ -70.999424, 41.0546083 ], [ -70.9949221, 41.05516 ], [ -70.9920076, 41.0563814 ], [ -70.9895094, 41.0570906 ], [ -70.983186, 41.058509 ], [ -70.9781897, 41.0598682 ], [ -70.9755221, 41.0609306 ], [ -70.9748975, 41.0617579 ], [ -70.9751565, 41.062666 ], [ -70.9765504, 41.0635911 ], [ -70.9773832, 41.0639061 ], [ -70.982796, 41.0651862 ], [ -70.9852942, 41.0660134 ], [ -70.9857626, 41.0668997 ], [ -70.9851381, 41.0678451 ], [ -70.9838891, 41.0685541 ], [ -70.9825619, 41.0689677 ], [ -70.9800637, 41.0686723 ], [ -70.9763164, 41.0676089 ], [ -70.9738962, 41.0666045 ], [ -70.9731271, 41.0664142 ], [ -70.9677288, 41.0657185 ], [ -70.9652306, 41.0657186 ], [ -70.9627324, 41.0660731 ], [ -70.9553941, 41.0677868 ], [ -70.9528959, 41.0684959 ], [ -70.9503978, 41.0694413 ], [ -70.9466505, 41.0702686 ], [ -70.9441524, 41.0710958 ], [ -70.9423379, 41.0719443 ], [ -70.942323, 41.0719513 ], [ -70.9418492, 41.0721728 ], [ -70.9400669, 41.0730062 ], [ -70.934158, 41.0774262 ], [ -70.9284137, 41.0802613 ], [ -70.923746, 41.0854754 ], [ -70.9187811, 41.0892322 ], [ -70.9180005, 41.0901773 ], [ -70.9107403, 41.0948434 ], [ -70.9082422, 41.0963201 ], [ -70.9008259, 41.0999818 ], [ -70.8994988, 41.1003953 ], [ -70.8972348, 41.1018716 ], [ -70.8953687, 41.1032833 ], [ -70.8921772, 41.1040689 ], [ -70.8920589, 41.104098 ], [ -70.8920185, 41.1040834 ], [ -70.885356, 41.1077954 ], [ -70.8749815, 41.1174084 ], [ -70.8729578, 41.1187432 ], [ -70.8705082, 41.1203589 ], [ -70.8676067, 41.120642 ], [ -70.8666058, 41.1207396 ], [ -70.8598482, 41.1191216 ], [ -70.85547, 41.119312 ], [ -70.8500448, 41.1222625 ], [ -70.8420498, 41.1238805 ], [ -70.8358632, 41.1251178 ], [ -70.8321512, 41.1240709 ], [ -70.8298169, 41.1211731 ], [ -70.8293911, 41.1206445 ], [ -70.8290344, 41.11849 ], [ -70.8283473, 41.1143398 ], [ -70.8270116, 41.1062725 ], [ -70.8272396, 41.1017126 ], [ -70.8272971, 41.1005618 ], [ -70.8290978, 41.0986944 ], [ -70.829867, 41.0978968 ], [ -70.8308633, 41.097591 ], [ -70.83948, 41.0949463 ], [ -70.8742885, 41.085453 ], [ -70.8782176, 41.0843815 ], [ -70.8803288, 41.0839496 ], [ -70.8865933, 41.0826683 ], [ -70.892542, 41.0824541 ], [ -70.894969, 41.0813833 ], [ -70.8955316, 41.0793889 ], [ -70.8957542, 41.0785994 ], [ -70.8963253, 41.0743877 ], [ -70.8956829, 41.0701047 ], [ -70.8946835, 41.0682011 ], [ -70.892304, 41.0666783 ], [ -70.8915337, 41.066018 ], [ -70.8903053, 41.0649651 ], [ -70.8903053, 41.0634422 ], [ -70.8915426, 41.0618242 ], [ -70.8947814, 41.0586718 ], [ -70.8951012, 41.0583605 ], [ -70.8968964, 41.0566132 ], [ -70.8976194, 41.0562132 ], [ -70.9033997, 41.0530155 ], [ -70.9058979, 41.0520107 ], [ -70.9078904, 41.0506482 ], [ -70.908318, 41.0503558 ], [ -70.9092547, 41.0494101 ], [ -70.9090985, 41.0484646 ], [ -70.9080055, 41.0478736 ], [ -70.9066783, 41.0473417 ], [ -70.9041802, 41.046928 ], [ -70.8958256, 41.0466908 ], [ -70.8855218, 41.0478742 ], [ -70.8830304, 41.0481354 ], [ -70.8804474, 41.0484062 ], [ -70.8725497, 41.0502499 ], [ -70.8725495, 41.0502499 ], [ -70.8710792, 41.0505931 ], [ -70.8627987, 41.052116 ], [ -70.8613017, 41.0526217 ], [ -70.8605039, 41.0528912 ], [ -70.8557555, 41.0544954 ], [ -70.85492, 41.0548994 ], [ -70.8497841, 41.0573828 ], [ -70.8416481, 41.0606996 ], [ -70.8402769, 41.0612842 ], [ -70.8280644, 41.0664907 ], [ -70.8243953, 41.0677316 ], [ -70.8133099, 41.0729903 ], [ -70.802381, 41.0787014 ], [ -70.8, 41.0803211 ] ], [ [ -70.9513372, 41.1753942 ], [ -70.9543844, 41.1762948 ], [ -70.9575648, 41.1778395 ], [ -70.9591812, 41.1790003 ], [ -70.9606931, 41.1806143 ], [ -70.9625664, 41.1814337 ], [ -70.9649985, 41.181682 ], [ -70.9668243, 41.1816282 ], [ -70.9683855, 41.1814833 ], [ -70.9701109, 41.1807177 ], [ -70.9714804, 41.1799521 ], [ -70.9717542, 41.1790003 ], [ -70.9711517, 41.1770137 ], [ -70.9690428, 41.1719644 ], [ -70.9674543, 41.1694809 ], [ -70.9651076, 41.1671378 ], [ -70.9626131, 41.1653812 ], [ -70.9595912, 41.1647046 ], [ -70.9570203, 41.1644791 ], [ -70.9553966, 41.1642085 ], [ -70.9548553, 41.1623592 ], [ -70.952762, 41.1607746 ], [ -70.9503333, 41.1602366 ], [ -70.9486583, 41.160648 ], [ -70.9457895, 41.1629456 ], [ -70.9438952, 41.1638477 ], [ -70.9419106, 41.1648399 ], [ -70.9414145, 41.1666441 ], [ -70.9422714, 41.1684031 ], [ -70.9433992, 41.1692274 ], [ -70.9461954, 41.172282 ], [ -70.947729, 41.1738155 ], [ -70.949037, 41.1746274 ], [ -70.9513372, 41.1753942 ] ], [ [ -70.9338344, 41.1758677 ], [ -70.9307532, 41.175678 ], [ -70.9284936, 41.1757642 ], [ -70.9260059, 41.1762816 ], [ -70.923267, 41.1773852 ], [ -70.9225595, 41.177868 ], [ -70.9221943, 41.1789372 ], [ -70.9224454, 41.1811271 ], [ -70.923404, 41.1829204 ], [ -70.9237235, 41.1843688 ], [ -70.9237691, 41.1859206 ], [ -70.9223084, 41.1883862 ], [ -70.9215553, 41.1896793 ], [ -70.92224, 41.1917309 ], [ -70.9235637, 41.1948341 ], [ -70.9249788, 41.1962478 ], [ -70.9262113, 41.1977476 ], [ -70.9270329, 41.19792 ], [ -70.9303423, 41.1978683 ], [ -70.933104, 41.1978683 ], [ -70.9338344, 41.1976097 ], [ -70.9349299, 41.1968339 ], [ -70.9353864, 41.1959892 ], [ -70.9352951, 41.1953169 ], [ -70.9347017, 41.1941273 ], [ -70.9329214, 41.1928515 ], [ -70.9308901, 41.1916964 ], [ -70.9286077, 41.1905413 ], [ -70.9273068, 41.1894896 ], [ -70.9270329, 41.1883 ], [ -70.9269644, 41.1871448 ], [ -70.9268503, 41.1863861 ], [ -70.927284, 41.1852654 ], [ -70.9281056, 41.1842653 ], [ -70.9289501, 41.1832135 ], [ -70.9301141, 41.1827997 ], [ -70.9325791, 41.1829549 ], [ -70.9337659, 41.1828859 ], [ -70.9352266, 41.1822307 ], [ -70.936345, 41.1812823 ], [ -70.9365894, 41.1807505 ], [ -70.9374886, 41.1789626 ], [ -70.9374413, 41.1773536 ], [ -70.9358322, 41.1763523 ], [ -70.9338344, 41.1758677 ] ], [ [ -70.899245, 41.230433 ], [ -70.90083, 41.2318928 ], [ -70.9020504, 41.2325748 ], [ -70.9032867, 41.2330175 ], [ -70.9043011, 41.2330295 ], [ -70.9066001, 41.2326489 ], [ -70.9108727, 41.2311354 ], [ -70.9125488, 41.2293738 ], [ -70.9138306, 41.2272895 ], [ -70.9149507, 41.2246325 ], [ -70.9153934, 41.2233962 ], [ -70.915842, 41.2221432 ], [ -70.9158663, 41.2210447 ], [ -70.9159576, 41.220252 ], [ -70.9157522, 41.2188734 ], [ -70.9152691, 41.2177245 ], [ -70.9143181, 41.2161734 ], [ -70.9131009, 41.2151394 ], [ -70.9091638, 41.2136457 ], [ -70.9038193, 41.2124249 ], [ -70.9024499, 41.2122525 ], [ -70.9017651, 41.2124823 ], [ -70.9009663, 41.2134877 ], [ -70.9004908, 41.214967 ], [ -70.9001675, 41.2181697 ], [ -70.9002695, 41.220943 ], [ -70.9002816, 41.2212716 ], [ -70.8994067, 41.2240575 ], [ -70.8988963, 41.2260296 ], [ -70.898516, 41.2278604 ], [ -70.8987062, 41.2292604 ], [ -70.899245, 41.230433 ] ], [ [ -70.9316328, 41.2562031 ], [ -70.9357137, 41.2571952 ], [ -70.9372201, 41.2571952 ], [ -70.9386716, 41.2568232 ], [ -70.9397398, 41.2562031 ], [ -70.9420678, 41.2549217 ], [ -70.9436289, 41.2539296 ], [ -70.9447519, 41.2531648 ], [ -70.9459022, 41.2522761 ], [ -70.946176, 41.251656 ], [ -70.9459022, 41.2506638 ], [ -70.9451353, 41.249465 ], [ -70.943492, 41.2481214 ], [ -70.9402054, 41.2469225 ], [ -70.9375761, 41.2468191 ], [ -70.935385, 41.2473566 ], [ -70.9314137, 41.2486382 ], [ -70.927059, 41.2504571 ], [ -70.924238, 41.2521107 ], [ -70.9236628, 41.2530615 ], [ -70.9245119, 41.2544256 ], [ -70.9255526, 41.2548597 ], [ -70.9284284, 41.2554177 ], [ -70.9316328, 41.2562031 ] ], [ [ -70.9951724, 41.3021087 ], [ -70.9963514, 41.3030185 ], [ -70.9991975, 41.304074 ], [ -71.0015304, 41.3044258 ], [ -71.005403, 41.3045314 ], [ -71.0085291, 41.3046017 ], [ -71.010722, 41.3040388 ], [ -71.0120424, 41.3030009 ], [ -71.0136101, 41.3015231 ], [ -71.0144499, 41.2993698 ], [ -71.0144718, 41.2968931 ], [ -71.0134682, 41.2940872 ], [ -71.0113968, 41.291108 ], [ -71.0106286, 41.2901856 ], [ -71.0085711, 41.2877151 ], [ -71.0066114, 41.2856035 ], [ -71.0042039, 41.2838297 ], [ -71.0027435, 41.2832772 ], [ -71.001857, 41.2833476 ], [ -71.0008772, 41.2839107 ], [ -70.9991042, 41.2857056 ], [ -70.9972379, 41.2877468 ], [ -70.9957915, 41.2896119 ], [ -70.9937852, 41.2925679 ], [ -70.9924192, 41.294901 ], [ -70.9921988, 41.2952775 ], [ -70.9914989, 41.2979518 ], [ -70.9917322, 41.2993944 ], [ -70.9925721, 41.3002389 ], [ -70.9943451, 41.3014703 ], [ -70.9951724, 41.3021087 ] ], [ [ -70.9854925, 41.3351748 ], [ -70.9844816, 41.3345887 ], [ -70.9832374, 41.3332113 ], [ -70.9829263, 41.3318046 ], [ -70.9829263, 41.3302513 ], [ -70.983354, 41.3289618 ], [ -70.9852204, 41.3277894 ], [ -70.9880198, 41.326617 ], [ -70.9891474, 41.3266464 ], [ -70.9908971, 41.326705 ], [ -70.9931522, 41.3274963 ], [ -70.995174, 41.3285514 ], [ -70.9966127, 41.3304565 ], [ -70.9968459, 41.332508 ], [ -70.9962238, 41.333944 ], [ -70.9938132, 41.3351162 ], [ -70.9912859, 41.33538 ], [ -70.9877088, 41.33538 ], [ -70.9854925, 41.3351748 ] ], [ [ -71.5379952, 41.2991803 ], [ -71.5373091, 41.2991698 ], [ -71.5316307, 41.2992233 ], [ -71.5239295, 41.2993304 ], [ -71.5197062, 41.2991698 ], [ -71.5195599, 41.2991304 ], [ -71.5182157, 41.2987683 ], [ -71.515341, 41.2977781 ], [ -71.510337, 41.2952354 ], [ -71.5054394, 41.2926659 ], [ -71.5013581, 41.2902301 ], [ -71.4987674, 41.2884366 ], [ -71.4964961, 41.2868573 ], [ -71.4953249, 41.284796 ], [ -71.4939408, 41.2822796 ], [ -71.4926277, 41.2810214 ], [ -71.4914708, 41.2803468 ], [ -71.4889155, 41.2797364 ], [ -71.4864019, 41.2789923 ], [ -71.4855511, 41.2787405 ], [ -71.4815905, 41.2779694 ], [ -71.4786945, 41.2770056 ], [ -71.4786882, 41.2770036 ], [ -71.4746913, 41.2757205 ], [ -71.471838, 41.2746924 ], [ -71.4698363, 41.2744353 ], [ -71.4678438, 41.2747906 ], [ -71.467494, 41.274853 ], [ -71.4649814, 41.2751422 ], [ -71.4620003, 41.2756883 ], [ -71.4492029, 41.2758186 ], [ -71.4417927, 41.2756644 ], [ -71.4343825, 41.2757415 ], [ -71.4330913, 41.2757739 ], [ -71.4202804, 41.2760949 ], [ -71.419007, 41.2762252 ], [ -71.4168667, 41.2764441 ], [ -71.4147837, 41.2762259 ], [ -71.4105165, 41.2755105 ], [ -71.4090556, 41.2752656 ], [ -71.4028068, 41.2743489 ], [ -71.3990459, 41.2744799 ], [ -71.3949379, 41.275091 ], [ -71.3906563, 41.2766624 ], [ -71.387474, 41.2770989 ], [ -71.3850439, 41.2769679 ], [ -71.3815145, 41.2754402 ], [ -71.3782743, 41.2736942 ], [ -71.3750921, 41.2725156 ], [ -71.3717941, 41.2717299 ], [ -71.3676264, 41.2713498 ], [ -71.3665289, 41.2712497 ], [ -71.3632309, 41.2715989 ], [ -71.3601065, 41.2726902 ], [ -71.3550148, 41.2755711 ], [ -71.3513697, 41.2775353 ], [ -71.3478402, 41.2786702 ], [ -71.3458498, 41.2787984 ], [ -71.3430958, 41.2789757 ], [ -71.3356319, 41.2791503 ], [ -71.333025, 41.2788957 ], [ -71.3319803, 41.2785623 ], [ -71.3306945, 41.2771377 ], [ -71.3293284, 41.2751371 ], [ -71.3270381, 41.2708629 ], [ -71.326556, 41.2688621 ], [ -71.326556, 41.2649513 ], [ -71.3266363, 41.2643146 ], [ -71.3262747, 41.2634051 ], [ -71.3255113, 41.2632232 ], [ -71.3238237, 41.2632535 ], [ -71.323221, 41.2635264 ], [ -71.3227389, 41.2642237 ], [ -71.3224576, 41.2656789 ], [ -71.3225781, 41.2669522 ], [ -71.322337, 41.2678314 ], [ -71.3216138, 41.2685893 ], [ -71.3191226, 41.26962 ], [ -71.3147028, 41.271166 ], [ -71.3115286, 41.2717723 ], [ -71.3101223, 41.272318 ], [ -71.309399, 41.2728939 ], [ -71.3088767, 41.2735002 ], [ -71.3088365, 41.2751977 ], [ -71.3091981, 41.2807749 ], [ -71.3096803, 41.2817145 ], [ -71.310725, 41.2827147 ], [ -71.31185, 41.2834724 ], [ -71.3121715, 41.2841089 ], [ -71.3116491, 41.284806 ], [ -71.3095196, 41.2862305 ], [ -71.3080329, 41.286776 ], [ -71.306265, 41.2866851 ], [ -71.3044568, 41.286776 ], [ -71.3032916, 41.2872003 ], [ -71.3030104, 41.2878064 ], [ -71.3030505, 41.2885035 ], [ -71.3031309, 41.2921098 ], [ -71.3027693, 41.2928977 ], [ -71.301805, 41.2936856 ], [ -71.2970637, 41.2960796 ], [ -71.292684, 41.2986855 ], [ -71.2882642, 41.3018368 ], [ -71.2851302, 41.3047152 ], [ -71.2839248, 41.3057757 ], [ -71.2825184, 41.306321 ], [ -71.2814336, 41.3061695 ], [ -71.2801076, 41.3056545 ], [ -71.2792237, 41.3049576 ], [ -71.2789424, 41.3035942 ], [ -71.2792237, 41.3017762 ], [ -71.281755, 41.2981098 ], [ -71.2831613, 41.2955341 ], [ -71.2838444, 41.2942614 ], [ -71.2859338, 41.2927765 ], [ -71.2884249, 41.2916855 ], [ -71.2897107, 41.2906855 ], [ -71.2907554, 41.2891399 ], [ -71.291559, 41.2873518 ], [ -71.2918001, 41.284018 ], [ -71.2923224, 41.2820479 ], [ -71.2928046, 41.2808052 ], [ -71.2940904, 41.2797444 ], [ -71.2966217, 41.2786532 ], [ -71.2994745, 41.2774105 ], [ -71.3019255, 41.2762586 ], [ -71.3043363, 41.2745914 ], [ -71.3057828, 41.273197 ], [ -71.3065864, 41.2714692 ], [ -71.3077114, 41.2682558 ], [ -71.308274, 41.2673463 ], [ -71.3090776, 41.2665581 ], [ -71.3108053, 41.2656789 ], [ -71.313176, 41.2650726 ], [ -71.3147028, 41.2640418 ], [ -71.3154662, 41.2630413 ], [ -71.315627, 41.2616466 ], [ -71.3162297, 41.2599488 ], [ -71.3170734, 41.2593424 ], [ -71.3205289, 41.2583418 ], [ -71.3216942, 41.2576141 ], [ -71.3227389, 41.2567045 ], [ -71.3237434, 41.2554916 ], [ -71.3239041, 41.2544304 ], [ -71.3229398, 41.2531265 ], [ -71.3216942, 41.2519742 ], [ -71.3201673, 41.2500032 ], [ -71.3175154, 41.2478198 ], [ -71.3143866, 41.2455816 ], [ -71.3124111, 41.2439894 ], [ -71.311641, 41.2432818 ], [ -71.3114066, 41.2426753 ], [ -71.3114169, 41.2405453 ], [ -71.3110003, 41.2391827 ], [ -71.3098894, 41.2379773 ], [ -71.3094143, 41.2369708 ], [ -71.3098973, 41.235454 ], [ -71.3109337, 41.2333233 ], [ -71.3126537, 41.2314422 ], [ -71.3139106, 41.2307431 ], [ -71.3158732, 41.2300439 ], [ -71.318806, 41.2305433 ], [ -71.3215183, 41.2305433 ], [ -71.3222901, 41.2300106 ], [ -71.3250024, 41.2277465 ], [ -71.3286188, 41.2259485 ], [ -71.3294788, 41.2258819 ], [ -71.3309342, 41.2264147 ], [ -71.3331173, 41.2273303 ], [ -71.3343677, 41.2275851 ], [ -71.3354887, 41.2278237 ], [ -71.336094, 41.2281138 ], [ -71.3364154, 41.2289025 ], [ -71.3358529, 41.2299945 ], [ -71.334527, 41.2317841 ], [ -71.3338439, 41.2339377 ], [ -71.3338841, 41.2367282 ], [ -71.333201, 41.238366 ], [ -71.3314733, 41.2411259 ], [ -71.3293437, 41.2444317 ], [ -71.3284601, 41.2457059 ], [ -71.3286336, 41.2469286 ], [ -71.3288072, 41.2500727 ], [ -71.3291544, 41.2522997 ], [ -71.3297908, 41.253435 ], [ -71.3311216, 41.2545702 ], [ -71.3317581, 41.2556618 ], [ -71.3325681, 41.2581506 ], [ -71.3329731, 41.259897 ], [ -71.3340146, 41.2609885 ], [ -71.3355012, 41.2619041 ], [ -71.3393585, 41.2628137 ], [ -71.3458276, 41.2639961 ], [ -71.3459115, 41.2640004 ], [ -71.3481982, 41.2641173 ], [ -71.3524171, 41.2636323 ], [ -71.3560333, 41.2633594 ], [ -71.3572387, 41.2629046 ], [ -71.3588861, 41.2620254 ], [ -71.3596094, 41.2606307 ], [ -71.3602121, 41.2585993 ], [ -71.3606541, 41.2561737 ], [ -71.3604933, 41.2543847 ], [ -71.3609755, 41.253475 ], [ -71.3626631, 41.2525653 ], [ -71.364873, 41.2518072 ], [ -71.3675651, 41.2516556 ], [ -71.3677026, 41.2516556 ], [ -71.3696544, 41.2516556 ], [ -71.3721054, 41.2519285 ], [ -71.372909, 41.2516253 ], [ -71.374235, 41.2507762 ], [ -71.3757217, 41.2502911 ], [ -71.3772083, 41.2503517 ], [ -71.3782932, 41.2509885 ], [ -71.3789762, 41.2518072 ], [ -71.3788557, 41.2532931 ], [ -71.3779316, 41.2546576 ], [ -71.3762842, 41.2557188 ], [ -71.3737528, 41.2562646 ], [ -71.3716233, 41.2567194 ], [ -71.370996, 41.2570757 ], [ -71.3708286, 41.2575179 ], [ -71.3710797, 41.257939 ], [ -71.3721121, 41.2584864 ], [ -71.3745676, 41.259455 ], [ -71.3757395, 41.2599603 ], [ -71.3762139, 41.2603393 ], [ -71.3765208, 41.2613289 ], [ -71.3771068, 41.2620448 ], [ -71.3787251, 41.2629501 ], [ -71.3818503, 41.2642765 ], [ -71.3863799, 41.2658019 ], [ -71.3913221, 41.2677724 ], [ -71.3924382, 41.2681724 ], [ -71.3935543, 41.2685093 ], [ -71.3949495, 41.2686566 ], [ -71.3976003, 41.2680251 ], [ -71.4028285, 41.2671657 ], [ -71.408628, 41.2662402 ], [ -71.4097249, 41.2662254 ], [ -71.4104457, 41.2662157 ], [ -71.4140282, 41.2661674 ], [ -71.4232857, 41.2664585 ], [ -71.4310485, 41.2669314 ], [ -71.4330449, 41.2673966 ], [ -71.4343272, 41.2676954 ], [ -71.4357255, 41.26795 ], [ -71.4374613, 41.2678045 ], [ -71.4398239, 41.266895 ], [ -71.4427651, 41.2651852 ], [ -71.444983, 41.2631115 ], [ -71.4466706, 41.2604919 ], [ -71.4471045, 41.2582361 ], [ -71.4479242, 41.2561986 ], [ -71.4483058, 41.2559106 ], [ -71.4493707, 41.255107 ], [ -71.4513482, 41.2537826 ], [ -71.453228, 41.2525235 ], [ -71.4569407, 41.24994 ], [ -71.4580496, 41.2487027 ], [ -71.4586765, 41.2477566 ], [ -71.4585318, 41.2467376 ], [ -71.45723, 41.2454276 ], [ -71.4520367, 41.2429946 ], [ -71.4516369, 41.2428073 ], [ -71.4485993, 41.2416063 ], [ -71.4428133, 41.2408785 ], [ -71.4416561, 41.2404053 ], [ -71.4407882, 41.2387312 ], [ -71.4409329, 41.2371661 ], [ -71.4422829, 41.2327257 ], [ -71.4446275, 41.2296584 ], [ -71.4457514, 41.2279615 ], [ -71.4466724, 41.2261743 ], [ -71.4480526, 41.2250206 ], [ -71.4501721, 41.2243135 ], [ -71.4556436, 41.2233087 ], [ -71.4560955, 41.2232711 ], [ -71.4623474, 41.2227504 ], [ -71.4662415, 41.2224527 ], [ -71.4681639, 41.2220061 ], [ -71.4700863, 41.2213362 ], [ -71.4722552, 41.2202196 ], [ -71.4735368, 41.2188425 ], [ -71.4738325, 41.2174282 ], [ -71.4747198, 41.2156788 ], [ -71.4758042, 41.2145622 ], [ -71.478086, 41.2133673 ], [ -71.4788604, 41.2129617 ], [ -71.4815715, 41.2121428 ], [ -71.483346, 41.2119939 ], [ -71.4850219, 41.2124778 ], [ -71.4870922, 41.2132594 ], [ -71.4883738, 41.2134083 ], [ -71.489754, 41.2129989 ], [ -71.4934017, 41.2108772 ], [ -71.4967536, 41.2077131 ], [ -71.5022743, 41.201645 ], [ -71.5040981, 41.1996719 ], [ -71.5047882, 41.1984433 ], [ -71.5048375, 41.1968423 ], [ -71.5041967, 41.1956509 ], [ -71.5023236, 41.1936403 ], [ -71.5001054, 41.1924861 ], [ -71.4980845, 41.1922626 ], [ -71.495472, 41.1925605 ], [ -71.4935003, 41.1927467 ], [ -71.4912821, 41.1928956 ], [ -71.4883738, 41.1922999 ], [ -71.4858599, 41.1909222 ], [ -71.485367, 41.1900285 ], [ -71.4848248, 41.1871241 ], [ -71.4856627, 41.1830279 ], [ -71.4864155, 41.1813691 ], [ -71.4868458, 41.180421 ], [ -71.488226, 41.1794528 ], [ -71.4900991, 41.1790431 ], [ -71.4934017, 41.1792293 ], [ -71.4935632, 41.1792768 ], [ -71.4980845, 41.1806072 ], [ -71.5011899, 41.1826555 ], [ -71.5020771, 41.1829161 ], [ -71.5039503, 41.1827299 ], [ -71.5062177, 41.1819851 ], [ -71.5104569, 41.1800859 ], [ -71.5140059, 41.1778886 ], [ -71.5179986, 41.175654 ], [ -71.5209069, 41.1744249 ], [ -71.5226321, 41.1733448 ], [ -71.5226911, 41.1733276 ], [ -71.5239137, 41.1729724 ], [ -71.5249982, 41.1733821 ], [ -71.526822, 41.1749836 ], [ -71.5279064, 41.1768085 ], [ -71.5279155, 41.1769204 ], [ -71.5281036, 41.1792293 ], [ -71.5276107, 41.1832513 ], [ -71.5262798, 41.1889487 ], [ -71.5255404, 41.1950179 ], [ -71.5254418, 41.2050328 ], [ -71.5256883, 41.2089787 ], [ -71.5263291, 41.2121428 ], [ -71.5258361, 41.2136689 ], [ -71.5246038, 41.2152694 ], [ -71.5237166, 41.2163488 ], [ -71.5233222, 41.2175026 ], [ -71.5233715, 41.2194008 ], [ -71.524456, 41.221485 ], [ -71.5283501, 41.2249834 ], [ -71.5317512, 41.2283699 ], [ -71.5378142, 41.2351053 ], [ -71.5388494, 41.2358495 ], [ -71.5412154, 41.2363704 ], [ -71.5450109, 41.2368541 ], [ -71.5475741, 41.2378587 ], [ -71.5495951, 41.2386029 ], [ -71.5501866, 41.2390866 ], [ -71.5500881, 41.2397563 ], [ -71.5492008, 41.2403888 ], [ -71.547377, 41.2406493 ], [ -71.5455039, 41.2406865 ], [ -71.5438772, 41.2402028 ], [ -71.540476, 41.2383052 ], [ -71.5382086, 41.2376727 ], [ -71.5335751, 41.2369285 ], [ -71.5303218, 41.2363704 ], [ -71.5284979, 41.2354402 ], [ -71.5231743, 41.2309748 ], [ -71.5088302, 41.2204057 ], [ -71.5045418, 41.2185076 ], [ -71.4983802, 41.2167955 ], [ -71.4949297, 41.2162744 ], [ -71.49143, 41.216386 ], [ -71.488226, 41.2170188 ], [ -71.4838882, 41.2184703 ], [ -71.4832826, 41.2186144 ], [ -71.4802899, 41.2193264 ], [ -71.4766915, 41.2202196 ], [ -71.4735861, 41.2208896 ], [ -71.47122, 41.2218572 ], [ -71.4704314, 41.2224527 ], [ -71.4704806, 41.2237553 ], [ -71.4710722, 41.2254672 ], [ -71.4749663, 41.2315702 ], [ -71.4778745, 41.2355146 ], [ -71.4800434, 41.2374494 ], [ -71.4826066, 41.2381936 ], [ -71.4865993, 41.2389006 ], [ -71.4975915, 41.2401284 ], [ -71.5033652, 41.2410725 ], [ -71.5065034, 41.2414993 ], [ -71.5072726, 41.2416602 ], [ -71.5100704, 41.2422455 ], [ -71.5143884, 41.2432277 ], [ -71.5167545, 41.244262 ], [ -71.5183318, 41.2454153 ], [ -71.5193177, 41.2466058 ], [ -71.5198599, 41.2481311 ], [ -71.5202543, 41.2517025 ], [ -71.5216344, 41.254604 ], [ -71.5227682, 41.2562035 ], [ -71.5247399, 41.2579146 ], [ -71.5279932, 41.2594025 ], [ -71.5346477, 41.2601836 ], [ -71.5517029, 41.2601836 ], [ -71.5549069, 41.2602208 ], [ -71.5557188, 41.2604646 ], [ -71.556335, 41.2611104 ], [ -71.5568827, 41.2632284 ], [ -71.5573277, 41.2657595 ], [ -71.5580808, 41.2671284 ], [ -71.5601004, 41.2683681 ], [ -71.5672889, 41.2714931 ], [ -71.579612, 41.2758575 ], [ -71.5842332, 41.2778459 ], [ -71.5872455, 41.2800666 ], [ -71.588649, 41.2818742 ], [ -71.5892651, 41.2832427 ], [ -71.5892309, 41.2853083 ], [ -71.5887517, 41.2868317 ], [ -71.587759, 41.2880194 ], [ -71.5866636, 41.2886907 ], [ -71.5850547, 41.2891554 ], [ -71.5839251, 41.2895943 ], [ -71.5833774, 41.2901365 ], [ -71.5837197, 41.290782 ], [ -71.5854997, 41.2915307 ], [ -71.5931332, 41.2927699 ], [ -71.5970972, 41.2929799 ], [ -71.6012902, 41.2932222 ], [ -71.6029876, 41.2932222 ], [ -71.6051941, 41.2932222 ], [ -71.6092756, 41.2922854 ], [ -71.615309, 41.2904116 ], [ -71.6216973, 41.287824 ], [ -71.6278669, 41.2847636 ], [ -71.6352598, 41.2802628 ], [ -71.6371852, 41.278613 ], [ -71.6376702, 41.2778598 ], [ -71.6377843, 41.2772357 ], [ -71.6374705, 41.2761813 ], [ -71.6351884, 41.2743521 ], [ -71.6314801, 41.2718772 ], [ -71.6260031, 41.2700909 ], [ -71.6221236, 41.2694237 ], [ -71.6199271, 41.2693161 ], [ -71.6158194, 41.2694022 ], [ -71.613416, 41.2699477 ], [ -71.6129261, 41.2700588 ], [ -71.6123108, 41.2701985 ], [ -71.6093726, 41.2709087 ], [ -71.6081175, 41.2712315 ], [ -71.60652, 41.27121 ], [ -71.6051793, 41.2709948 ], [ -71.6028117, 41.2700693 ], [ -71.598761, 41.2674867 ], [ -71.5971921, 41.2665397 ], [ -71.5911446, 41.2638923 ], [ -71.5892191, 41.2632716 ], [ -71.5852683, 41.2619982 ], [ -71.583243, 41.2616322 ], [ -71.5817311, 41.2619336 ], [ -71.580476, 41.2630098 ], [ -71.5789927, 41.2641506 ], [ -71.5769103, 41.2645165 ], [ -71.5742859, 41.264581 ], [ -71.5726029, 41.2639784 ], [ -71.5714333, 41.2630528 ], [ -71.5714619, 41.261869 ], [ -71.5720867, 41.2605085 ], [ -71.5786591, 41.253813 ], [ -71.582356, 41.250682 ], [ -71.5830785, 41.2501192 ], [ -71.5836294, 41.24969 ], [ -71.5851493, 41.2494729 ], [ -71.5874907, 41.2495969 ], [ -71.591393, 41.25093 ], [ -71.597417, 41.2524365 ], [ -71.598335, 41.252666 ], [ -71.6040447, 41.253255 ], [ -71.6080292, 41.253286 ], [ -71.614314, 41.251674 ], [ -71.618586, 41.250279 ], [ -71.6209274, 41.2491629 ], [ -71.6213382, 41.2487909 ], [ -71.6213793, 41.2481709 ], [ -71.6204756, 41.2473338 ], [ -71.6172305, 41.2460007 ], [ -71.6143962, 41.2455357 ], [ -71.612712, 41.2446366 ], [ -71.6120137, 41.2437064 ], [ -71.6117672, 41.2425903 ], [ -71.6120137, 41.2415361 ], [ -71.6134103, 41.240637 ], [ -71.6168197, 41.2391177 ], [ -71.623885, 41.2378464 ], [ -71.6257745, 41.2380325 ], [ -71.6277873, 41.2384665 ], [ -71.635099, 41.2419702 ], [ -71.6392067, 41.2433654 ], [ -71.6421643, 41.2444815 ], [ -71.6442181, 41.2453496 ], [ -71.6453683, 41.2465898 ], [ -71.6465184, 41.2488839 ], [ -71.6465595, 41.250651 ], [ -71.6466325, 41.251643 ], [ -71.6462332, 41.252418 ], [ -71.6453774, 41.2533652 ], [ -71.6436088, 41.2550443 ], [ -71.6419543, 41.2561852 ], [ -71.6411556, 41.2570248 ], [ -71.6408133, 41.2579289 ], [ -71.6408989, 41.259737 ], [ -71.6411271, 41.2606626 ], [ -71.6424107, 41.2620832 ], [ -71.6463188, 41.2651611 ], [ -71.6490572, 41.266388 ], [ -71.6515104, 41.266883 ], [ -71.6583852, 41.2674641 ], [ -71.6605696, 41.2674696 ], [ -71.6668573, 41.2674856 ], [ -71.6783849, 41.2661946 ], [ -71.6956333, 41.2645879 ], [ -71.7044587, 41.2646325 ], [ -71.7070613, 41.2641416 ], [ -71.710847, 41.2632043 ], [ -71.7141003, 41.2626687 ], [ -71.7164663, 41.2628919 ], [ -71.7189507, 41.2638738 ], [ -71.7217308, 41.2655251 ], [ -71.7231898, 41.2659962 ], [ -71.7238881, 41.2659962 ], [ -71.7246275, 41.2653764 ], [ -71.7297621, 41.2598283 ], [ -71.7329382, 41.2564312 ], [ -71.7358958, 41.2549135 ], [ -71.7389125, 41.2538422 ], [ -71.7455965, 41.2522798 ], [ -71.7505652, 41.2509406 ], [ -71.7537002, 41.250271 ], [ -71.7560071, 41.2504049 ], [ -71.7581366, 41.2514317 ], [ -71.7626912, 41.2549135 ], [ -71.7647615, 41.2579489 ], [ -71.7659149, 41.2607534 ], [ -71.7680838, 41.2660721 ], [ -71.7701541, 41.2687871 ], [ -71.7719286, 41.2695681 ], [ -71.7754777, 41.2697168 ], [ -71.7808505, 41.2686011 ], [ -71.7877515, 41.266816 ], [ -71.791619, 41.2659955 ], [ -71.7933442, 41.2660575 ], [ -71.7957267, 41.2663364 ], [ -71.7996701, 41.2675761 ], [ -71.8089946, 41.2728757 ], [ -71.810802, 41.2736814 ], [ -71.8128287, 41.2736281 ], [ -71.8143346, 41.2735884 ], [ -71.8246039, 41.27176 ], [ -71.8348732, 41.2697456 ], [ -71.8452657, 41.2689398 ], [ -71.8661776, 41.2674014 ], [ -71.8735405, 41.266434 ], [ -71.8787016, 41.2657139 ], [ -71.8845697, 41.2651538 ], [ -71.8877158, 41.264727 ], [ -71.8926118, 41.2642019 ], [ -71.8965498, 41.2636359 ], [ -71.9021563, 41.2620174 ], [ -71.9040677, 41.2619146 ], [ -71.9056462, 41.2620015 ], [ -71.9063395, 41.2625988 ], [ -71.9064864, 41.2632245 ], [ -71.9065617, 41.264791 ], [ -71.9062349, 41.2657986 ], [ -71.9058269, 41.2667196 ], [ -71.9036175, 41.2689422 ], [ -71.9011422, 41.271103 ], [ -71.8994819, 41.2720105 ], [ -71.896271, 41.2730995 ], [ -71.8881699, 41.2751219 ], [ -71.8804519, 41.2772776 ], [ -71.8741814, 41.2796616 ], [ -71.8676522, 41.2820407 ], [ -71.8641073, 41.2831221 ], [ -71.8604052, 41.2837505 ], [ -71.8586493, 41.2836733 ], [ -71.8577458, 41.2831847 ], [ -71.8559899, 41.2819373 ], [ -71.8532687, 41.2804996 ], [ -71.8509404, 41.2801779 ], [ -71.8495776, 41.2804349 ], [ -71.8481723, 41.2811095 ], [ -71.8468095, 41.2822339 ], [ -71.8429766, 41.2849002 ], [ -71.841699, 41.2853821 ], [ -71.8406769, 41.2855748 ], [ -71.837832, 41.2854065 ], [ -71.8299498, 41.2853085 ], [ -71.8266707, 41.2852677 ], [ -71.8191889, 41.2849902 ], [ -71.8062492, 41.2845738 ], [ -71.7961304, 41.2836487 ], [ -71.785889, 41.2817058 ], [ -71.7805023, 41.2800184 ], [ -71.7788414, 41.2790868 ], [ -71.7778619, 41.2780266 ], [ -71.7757953, 41.2756517 ], [ -71.773825, 41.274394 ], [ -71.7705411, 41.2731743 ], [ -71.7635693, 41.271726 ], [ -71.7542374, 41.2703812 ], [ -71.7503431, 41.270143 ], [ -71.7488696, 41.2705665 ], [ -71.7476066, 41.2719429 ], [ -71.7462734, 41.273928 ], [ -71.7447648, 41.2749338 ], [ -71.7428826, 41.2756278 ], [ -71.7393906, 41.2768901 ], [ -71.7350256, 41.2780426 ], [ -71.7295694, 41.2787012 ], [ -71.7260047, 41.278756 ], [ -71.7241212, 41.2780874 ], [ -71.7237857, 41.2779684 ], [ -71.7235312, 41.277878 ], [ -71.7221489, 41.2766706 ], [ -71.7194572, 41.2742008 ], [ -71.717202, 41.2725543 ], [ -71.7132735, 41.2709626 ], [ -71.7083265, 41.2690964 ], [ -71.7033068, 41.2681633 ], [ -71.6974868, 41.2684926 ], [ -71.6910121, 41.2697002 ], [ -71.6837371, 41.2719505 ], [ -71.6781354, 41.2746948 ], [ -71.6753709, 41.276945 ], [ -71.6721699, 41.2807317 ], [ -71.6704239, 41.2826524 ], [ -71.6684597, 41.2842438 ], [ -71.6667864, 41.2849572 ], [ -71.6640219, 41.2856706 ], [ -71.646562, 41.2887983 ], [ -71.6433648, 41.2893863 ], [ -71.6402968, 41.2899506 ], [ -71.6285526, 41.2920003 ], [ -71.6202672, 41.2948199 ], [ -71.6169329, 41.2956962 ], [ -71.6143058, 41.2957343 ], [ -71.6108704, 41.2953914 ], [ -71.6091527, 41.2951628 ], [ -71.6070626, 41.295321 ], [ -71.6042151, 41.2958925 ], [ -71.6032901, 41.2960782 ], [ -71.5988401, 41.297085 ], [ -71.5945609, 41.2982008 ], [ -71.5859583, 41.300192 ], [ -71.5819976, 41.300738 ], [ -71.5788888, 41.2999672 ], [ -71.5776111, 41.2992606 ], [ -71.5771853, 41.2984256 ], [ -71.5776537, 41.2969161 ], [ -71.5791357, 41.2940703 ], [ -71.5815489, 41.2890917 ], [ -71.5826491, 41.2878068 ], [ -71.5847785, 41.2863345 ], [ -71.5860561, 41.285585 ], [ -71.5862691, 41.2850764 ], [ -71.5862691, 41.2844071 ], [ -71.5858457, 41.2838006 ], [ -71.5846192, 41.2826442 ], [ -71.5824115, 41.2816264 ], [ -71.5798971, 41.2810713 ], [ -71.5770761, 41.2811638 ], [ -71.574991, 41.2817652 ], [ -71.5730286, 41.2828755 ], [ -71.5714955, 41.2851884 ], [ -71.5684905, 41.2902303 ], [ -71.5656082, 41.2959193 ], [ -71.5635865, 41.299244 ], [ -71.5630965, 41.3013435 ], [ -71.5632458, 41.3032905 ], [ -71.5635003, 41.3052984 ], [ -71.5642456, 41.309473 ], [ -71.5642101, 41.3108645 ], [ -71.5636068, 41.31148 ], [ -71.5622582, 41.3122292 ], [ -71.5605192, 41.3124433 ], [ -71.5602024, 41.3123871 ], [ -71.5587092, 41.3121222 ], [ -71.5545925, 41.310918 ], [ -71.551008, 41.3089913 ], [ -71.5490561, 41.3075463 ], [ -71.5479559, 41.3056998 ], [ -71.5480269, 41.3046026 ], [ -71.5485592, 41.3031842 ], [ -71.5481689, 41.3020602 ], [ -71.5473171, 41.3012841 ], [ -71.5455781, 41.3003474 ], [ -71.5434487, 41.2996783 ], [ -71.5408225, 41.2992233 ], [ -71.5379952, 41.2991803 ] ], [ [ -71.2634783, 41.2584534 ], [ -71.2639227, 41.2596691 ], [ -71.2638672, 41.2613458 ], [ -71.2632006, 41.2623099 ], [ -71.2618118, 41.2633579 ], [ -71.2599786, 41.2641962 ], [ -71.2579178, 41.2645473 ], [ -71.2565344, 41.264783 ], [ -71.2542567, 41.2645734 ], [ -71.2525346, 41.2638189 ], [ -71.2509236, 41.2629387 ], [ -71.2500904, 41.2618908 ], [ -71.2499237, 41.2607171 ], [ -71.2503348, 41.2581965 ], [ -71.2503681, 41.2579923 ], [ -71.2510347, 41.2571958 ], [ -71.2520902, 41.2564413 ], [ -71.2544789, 41.2558125 ], [ -71.2572565, 41.2557286 ], [ -71.2598675, 41.2557286 ], [ -71.2613118, 41.2561478 ], [ -71.262645, 41.2568605 ], [ -71.2634783, 41.2584534 ] ], [ [ -71.3828709, 41.2398349 ], [ -71.3833109, 41.240428 ], [ -71.3838666, 41.2407688 ], [ -71.3845967, 41.2412165 ], [ -71.3874897, 41.2415502 ], [ -71.3907041, 41.2413075 ], [ -71.3918291, 41.2407919 ], [ -71.3928738, 41.2394575 ], [ -71.393979, 41.2360973 ], [ -71.3943203, 41.2350596 ], [ -71.3951641, 41.2289931 ], [ -71.3960481, 41.2278101 ], [ -71.3978963, 41.2264753 ], [ -71.4004277, 41.2260506 ], [ -71.4068164, 41.2255349 ], [ -71.4090425, 41.2251147 ], [ -71.4113165, 41.2246855 ], [ -71.414531, 41.2234417 ], [ -71.4146353, 41.223374 ], [ -71.4179865, 41.2211968 ], [ -71.4209598, 41.2176775 ], [ -71.4213444, 41.2169722 ], [ -71.4226474, 41.2145828 ], [ -71.4240626, 41.21134 ], [ -71.4249778, 41.2092427 ], [ -71.4278708, 41.2055407 ], [ -71.4311656, 41.2018992 ], [ -71.4331344, 41.2003818 ], [ -71.4334337, 41.2002123 ], [ -71.4338446, 41.1998735 ], [ -71.4338318, 41.1994205 ], [ -71.4331649, 41.1977337 ], [ -71.4329896, 41.1972904 ], [ -71.432058, 41.1954686 ], [ -71.4299014, 41.1928082 ], [ -71.4278086, 41.1905044 ], [ -71.4263283, 41.188615 ], [ -71.4256136, 41.1874485 ], [ -71.425167, 41.1866869 ], [ -71.4249118, 41.185559 ], [ -71.4252053, 41.1848167 ], [ -71.4270429, 41.1836116 ], [ -71.4276682, 41.1826765 ], [ -71.4279133, 41.1821279 ], [ -71.4283573, 41.1811339 ], [ -71.4284977, 41.1799288 ], [ -71.4279489, 41.1787139 ], [ -71.4258944, 41.1762553 ], [ -71.4251798, 41.1753779 ], [ -71.4233802, 41.1735419 ], [ -71.4218247, 41.1718295 ], [ -71.4205681, 41.1699291 ], [ -71.4186717, 41.1670631 ], [ -71.4181943, 41.1661084 ], [ -71.4176981, 41.1649974 ], [ -71.4171652, 41.1635254 ], [ -71.4167977, 41.1609841 ], [ -71.4172387, 41.1577066 ], [ -71.4174409, 41.1559288 ], [ -71.4167058, 41.1540539 ], [ -71.4159892, 41.1522761 ], [ -71.4158103, 41.1506167 ], [ -71.4151921, 41.1487285 ], [ -71.4139374, 41.1468759 ], [ -71.4127943, 41.1447732 ], [ -71.4126038, 41.139473 ], [ -71.4126038, 41.1351807 ], [ -71.4118036, 41.1313203 ], [ -71.410851, 41.1252698 ], [ -71.4110034, 41.1233105 ], [ -71.410851, 41.1220139 ], [ -71.4103556, 41.1212647 ], [ -71.4092125, 41.1212359 ], [ -71.408298, 41.1215241 ], [ -71.4068698, 41.1228514 ], [ -71.4064287, 41.1236017 ], [ -71.4068918, 41.1254859 ], [ -71.4078621, 41.1294209 ], [ -71.4085236, 41.1341725 ], [ -71.4089205, 41.1391572 ], [ -71.4088103, 41.142808 ], [ -71.4081928, 41.1444083 ], [ -71.40612, 41.1473253 ], [ -71.4047308, 41.1492922 ], [ -71.4035621, 41.1507256 ], [ -71.4011364, 41.1532757 ], [ -71.400078, 41.1547757 ], [ -71.3999016, 41.1576589 ], [ -71.4001662, 41.1599588 ], [ -71.401401, 41.1627418 ], [ -71.4019303, 41.1641083 ], [ -71.4032093, 41.1666412 ], [ -71.4030108, 41.1702071 ], [ -71.4024595, 41.1721899 ], [ -71.4012908, 41.1745892 ], [ -71.4004493, 41.1753269 ], [ -71.3996069, 41.1759486 ], [ -71.397196, 41.1768399 ], [ -71.3938354, 41.1775596 ], [ -71.3911098, 41.1785193 ], [ -71.3893105, 41.1795389 ], [ -71.3879609, 41.1811182 ], [ -71.3871935, 41.1829974 ], [ -71.3871406, 41.1848166 ], [ -71.3879345, 41.1855363 ], [ -71.3904483, 41.1864558 ], [ -71.3964551, 41.1883149 ], [ -71.3982544, 41.1887946 ], [ -71.3998402, 41.1893975 ], [ -71.4022501, 41.1903138 ], [ -71.4034938, 41.1910734 ], [ -71.4039437, 41.1923127 ], [ -71.4045523, 41.1948511 ], [ -71.4049227, 41.19659 ], [ -71.4052138, 41.2000077 ], [ -71.4056637, 41.2003275 ], [ -71.4064046, 41.2003475 ], [ -71.4075424, 41.2000677 ], [ -71.4094212, 41.2002076 ], [ -71.4115646, 41.201007 ], [ -71.412967, 41.2027258 ], [ -71.4130274, 41.2037902 ], [ -71.4130464, 41.2041247 ], [ -71.4120409, 41.2070424 ], [ -71.4112105, 41.2087596 ], [ -71.4105607, 41.2102607 ], [ -71.4102269, 41.2110317 ], [ -71.4083754, 41.21326 ], [ -71.4061767, 41.2150513 ], [ -71.4060734, 41.2151004 ], [ -71.4021265, 41.2169737 ], [ -71.390381, 41.2211677 ], [ -71.3888767, 41.2220414 ], [ -71.3882981, 41.2228277 ], [ -71.3882402, 41.2239198 ], [ -71.3892238, 41.2275892 ], [ -71.3905835, 41.2316624 ], [ -71.3912666, 41.2329971 ], [ -71.3915077, 41.234271 ], [ -71.3907041, 41.2357572 ], [ -71.3896996, 41.2369401 ], [ -71.3879718, 41.2377287 ], [ -71.3854003, 41.237668 ], [ -71.3834716, 41.2376377 ], [ -71.381985, 41.2380017 ], [ -71.3821859, 41.2389116 ], [ -71.3828709, 41.2398349 ] ], [ [ -71.3852747, 41.1353259 ], [ -71.3867521, 41.1357593 ], [ -71.3903685, 41.13831 ], [ -71.3938967, 41.1407439 ], [ -71.3952639, 41.1422109 ], [ -71.3957711, 41.1443946 ], [ -71.3953742, 41.1462948 ], [ -71.3938747, 41.1473116 ], [ -71.3921988, 41.147945 ], [ -71.3908757, 41.1481117 ], [ -71.3893762, 41.1482784 ], [ -71.3872814, 41.1481117 ], [ -71.3851645, 41.1476116 ], [ -71.3837973, 41.1468616 ], [ -71.3831578, 41.1454614 ], [ -71.3822096, 41.1428776 ], [ -71.3817024, 41.1418275 ], [ -71.3821434, 41.1399437 ], [ -71.3827168, 41.1380599 ], [ -71.3837752, 41.1358427 ], [ -71.3844147, 41.1353592 ], [ -71.3852747, 41.1353259 ] ], [ [ -71.4428532, 41.1947765 ], [ -71.4448378, 41.195676 ], [ -71.448785, 41.1954761 ], [ -71.4505358, 41.1949131 ], [ -71.4533672, 41.1938538 ], [ -71.456966, 41.1918749 ], [ -71.4582361, 41.1907356 ], [ -71.4587598, 41.189868 ], [ -71.4597444, 41.1882369 ], [ -71.4620466, 41.1845388 ], [ -71.4643487, 41.1818599 ], [ -71.4665673, 41.1801468 ], [ -71.4707584, 41.1773642 ], [ -71.4754133, 41.1748046 ], [ -71.4779115, 41.1735658 ], [ -71.4791605, 41.1732708 ], [ -71.4804544, 41.1728708 ], [ -71.4819097, 41.1725909 ], [ -71.483471, 41.1725909 ], [ -71.4862494, 41.1730108 ], [ -71.4903509, 41.1746103 ], [ -71.4932088, 41.1758699 ], [ -71.4982629, 41.1774493 ], [ -71.4991827, 41.1776761 ], [ -71.5032906, 41.1786889 ], [ -71.5059368, 41.1786889 ], [ -71.507498, 41.178509 ], [ -71.5088475, 41.1778692 ], [ -71.5103294, 41.1764297 ], [ -71.5107263, 41.1751701 ], [ -71.5104357, 41.1744706 ], [ -71.5100118, 41.1734506 ], [ -71.5083712, 41.1713712 ], [ -71.5079605, 41.1698732 ], [ -71.508494, 41.1682895 ], [ -71.5098658, 41.1653525 ], [ -71.5115693, 41.1612987 ], [ -71.5120618, 41.1603372 ], [ -71.5129411, 41.1586206 ], [ -71.5141223, 41.1564895 ], [ -71.5145026, 41.1557017 ], [ -71.5151422, 41.1541901 ], [ -71.515865, 41.1528446 ], [ -71.5166366, 41.1503797 ], [ -71.5172452, 41.1489196 ], [ -71.5183566, 41.1447591 ], [ -71.5186212, 41.1415185 ], [ -71.518436, 41.1400382 ], [ -71.5173775, 41.1395581 ], [ -71.51534, 41.139078 ], [ -71.512879, 41.1388379 ], [ -71.5110797, 41.1387579 ], [ -71.5065283, 41.1383778 ], [ -71.5047289, 41.1378377 ], [ -71.5042261, 41.1370175 ], [ -71.5046548, 41.1356693 ], [ -71.5055566, 41.1346603 ], [ -71.5082469, 41.1309091 ], [ -71.5118633, 41.1259071 ], [ -71.5129658, 41.1249233 ], [ -71.513914, 41.1243897 ], [ -71.5146417, 41.1239895 ], [ -71.515691, 41.1239106 ], [ -71.5190748, 41.1238025 ], [ -71.5338014, 41.1240908 ], [ -71.5427612, 41.1240188 ], [ -71.5431823, 41.1241482 ], [ -71.5442863, 41.1244873 ], [ -71.544518, 41.1250468 ], [ -71.5445842, 41.1257476 ], [ -71.5440546, 41.1263232 ], [ -71.5421351, 41.1274243 ], [ -71.5396528, 41.1293512 ], [ -71.5383903, 41.1305818 ], [ -71.5369058, 41.1320287 ], [ -71.5358136, 41.1337053 ], [ -71.5350193, 41.1354318 ], [ -71.5348208, 41.1372084 ], [ -71.5348137, 41.1412962 ], [ -71.5345564, 41.1426365 ], [ -71.5340798, 41.1441136 ], [ -71.5325547, 41.147464 ], [ -71.530553, 41.15049 ], [ -71.5303147, 41.1524353 ], [ -71.5303843, 41.1555925 ], [ -71.53041, 41.1567578 ], [ -71.5304467, 41.1569278 ], [ -71.5318398, 41.1633851 ], [ -71.5328541, 41.1670951 ], [ -71.5330391, 41.1676543 ], [ -71.5342839, 41.1714167 ], [ -71.5353705, 41.1753922 ], [ -71.5366859, 41.1804478 ], [ -71.5368242, 41.1808483 ], [ -71.5380585, 41.1844228 ], [ -71.5384016, 41.1878792 ], [ -71.5381728, 41.1906873 ], [ -71.5369718, 41.1934522 ], [ -71.5346, 41.1961389 ], [ -71.5325745, 41.1979688 ], [ -71.5319788, 41.1993486 ], [ -71.5313831, 41.203998 ], [ -71.5305887, 41.2107165 ], [ -71.530549, 41.2149452 ], [ -71.5313433, 41.2179441 ], [ -71.5324554, 41.2197134 ], [ -71.5344014, 41.2215426 ], [ -71.5363078, 41.2230719 ], [ -71.5414708, 41.2257406 ], [ -71.5433772, 41.2271199 ], [ -71.5446878, 41.2290688 ], [ -71.5459984, 41.2303881 ], [ -71.5472296, 41.2316773 ], [ -71.5498906, 41.2339259 ], [ -71.5562451, 41.2384529 ], [ -71.5600975, 41.2416606 ], [ -71.5616067, 41.2430995 ], [ -71.5622818, 41.2441487 ], [ -71.5624407, 41.2455275 ], [ -71.5622421, 41.2482852 ], [ -71.5623216, 41.2498439 ], [ -71.562957, 41.2515524 ], [ -71.5635527, 41.2528712 ], [ -71.5635527, 41.2543398 ], [ -71.5630364, 41.2549692 ], [ -71.5620435, 41.2555686 ], [ -71.5602563, 41.2563179 ], [ -71.5582308, 41.2568274 ], [ -71.5566025, 41.2575467 ], [ -71.5560898, 41.2584522 ], [ -71.5560384, 41.2597397 ], [ -71.5562291, 41.260423 ], [ -71.5572538, 41.2621188 ], [ -71.5585445, 41.2638669 ], [ -71.5598353, 41.2652653 ], [ -71.5611922, 41.266439 ], [ -71.562483, 41.2669135 ], [ -71.5632111, 41.2671132 ], [ -71.5638399, 41.2669884 ], [ -71.5648328, 41.2660145 ], [ -71.5688375, 41.2616942 ], [ -71.570393, 41.260021 ], [ -71.5703935, 41.2600206 ], [ -71.577608, 41.2531527 ], [ -71.581712, 41.2488316 ], [ -71.5821336, 41.2485134 ], [ -71.584128, 41.2470082 ], [ -71.5857498, 41.2457592 ], [ -71.5875701, 41.2450348 ], [ -71.5893573, 41.24476 ], [ -71.591343, 41.2446851 ], [ -71.5923028, 41.2444352 ], [ -71.5929979, 41.2438107 ], [ -71.5934281, 41.2427616 ], [ -71.5949505, 41.2368409 ], [ -71.5954801, 41.2333931 ], [ -71.595447, 41.2269718 ], [ -71.5955463, 41.2190755 ], [ -71.5956787, 41.2173512 ], [ -71.5962082, 41.2160266 ], [ -71.5973004, 41.2137274 ], [ -71.5993524, 41.211903 ], [ -71.6010734, 41.2105534 ], [ -71.6021987, 41.2095286 ], [ -71.6034232, 41.207929 ], [ -71.6043168, 41.2066043 ], [ -71.6051111, 41.2060794 ], [ -71.6072293, 41.2056295 ], [ -71.6134183, 41.2055545 ], [ -71.6145767, 41.2055295 ], [ -71.615702, 41.2048297 ], [ -71.6165625, 41.2040798 ], [ -71.6169596, 41.20278 ], [ -71.6165625, 41.2015802 ], [ -71.6152055, 41.1995055 ], [ -71.613981, 41.1982056 ], [ -71.6132528, 41.1969557 ], [ -71.6130212, 41.1958557 ], [ -71.6132528, 41.1946058 ], [ -71.6142788, 41.1919558 ], [ -71.6154703, 41.1904058 ], [ -71.6178863, 41.1886307 ], [ -71.6204857, 41.1870093 ], [ -71.6224535, 41.1853056 ], [ -71.6241401, 41.1832331 ], [ -71.6264921, 41.1787266 ], [ -71.6291134, 41.1732891 ], [ -71.6316869, 41.1710925 ], [ -71.6343082, 41.1692198 ], [ -71.6368341, 41.1678873 ], [ -71.6385498, 41.1673471 ], [ -71.6410757, 41.1672391 ], [ -71.6444118, 41.1678873 ], [ -71.6485105, 41.1692558 ], [ -71.6535623, 41.1712365 ], [ -71.6588048, 41.1732891 ], [ -71.6616167, 41.1739013 ], [ -71.6651434, 41.1737573 ], [ -71.6662925, 41.1736579 ], [ -71.6713867, 41.1732171 ], [ -71.6754854, 41.1719207 ], [ -71.6792027, 41.1704802 ], [ -71.6832061, 41.1679953 ], [ -71.6859226, 41.1648981 ], [ -71.6874001, 41.1626291 ], [ -71.687829, 41.1606841 ], [ -71.6874954, 41.1556775 ], [ -71.6867805, 41.1518232 ], [ -71.6857797, 41.1499139 ], [ -71.683492, 41.1474643 ], [ -71.679584, 41.1442219 ], [ -71.6767245, 41.1425287 ], [ -71.6733884, 41.1412316 ], [ -71.6680506, 41.1395383 ], [ -71.66338, 41.138025 ], [ -71.661283, 41.1364036 ], [ -71.6609018, 41.1357551 ], [ -71.6613307, 41.1349984 ], [ -71.6624269, 41.1347822 ], [ -71.6648575, 41.1350705 ], [ -71.6681459, 41.1357551 ], [ -71.6708625, 41.1363676 ], [ -71.6751041, 41.1364036 ], [ -71.6763432, 41.1360073 ], [ -71.6775823, 41.1350705 ], [ -71.6785355, 41.1336292 ], [ -71.6790121, 41.1319716 ], [ -71.6800129, 41.1304222 ], [ -71.6811091, 41.129233 ], [ -71.6829678, 41.128224 ], [ -71.6866639, 41.1262922 ], [ -71.687913, 41.1254657 ], [ -71.6891621, 41.1248754 ], [ -71.6941584, 41.1229861 ], [ -71.6952197, 41.1224772 ], [ -71.7057789, 41.1165538 ], [ -71.714309, 41.1111858 ], [ -71.7167848, 41.1085628 ], [ -71.717413, 41.1071606 ], [ -71.7177035, 41.1065123 ], [ -71.7178698, 41.1061411 ], [ -71.7179491, 41.1037793 ], [ -71.7173405, 41.1018778 ], [ -71.7158058, 41.0995158 ], [ -71.713583, 41.0968735 ], [ -71.7099842, 41.0939909 ], [ -71.7087935, 41.0928699 ], [ -71.7064913, 41.091969 ], [ -71.7040569, 41.0915286 ], [ -71.7003258, 41.0916287 ], [ -71.69678, 41.091929 ], [ -71.6923344, 41.0928499 ], [ -71.6884181, 41.094111 ], [ -71.6858778, 41.0949318 ], [ -71.68474, 41.0950919 ], [ -71.6817234, 41.0949318 ], [ -71.6777012, 41.0942912 ], [ -71.67614, 41.0942111 ], [ -71.6739702, 41.0945514 ], [ -71.668572, 41.0968735 ], [ -71.6650526, 41.098515 ], [ -71.6621419, 41.0995158 ], [ -71.6584902, 41.0999762 ], [ -71.6531185, 41.1002764 ], [ -71.6489641, 41.1011772 ], [ -71.6436189, 41.1026384 ], [ -71.6397026, 41.1030787 ], [ -71.6347807, 41.1030787 ], [ -71.6309438, 41.1033589 ], [ -71.6280066, 41.1035991 ], [ -71.6258897, 41.1046399 ], [ -71.6241432, 41.1058208 ], [ -71.6217617, 41.1069016 ], [ -71.6197241, 41.107422 ], [ -71.6175278, 41.1076822 ], [ -71.6154109, 41.1076822 ], [ -71.6132675, 41.107422 ], [ -71.61123, 41.1068816 ], [ -71.610312, 41.1065748 ], [ -71.6078138, 41.1053348 ], [ -71.6051479, 41.1036161 ], [ -71.6029733, 41.1020871 ], [ -71.5984452, 41.0993116 ], [ -71.5947759, 41.09754 ], [ -71.5890467, 41.094042 ], [ -71.5839241, 41.0915751 ], [ -71.5802369, 41.0900305 ], [ -71.5770836, 41.0889627 ], [ -71.5721882, 41.0871776 ], [ -71.5696303, 41.0855926 ], [ -71.5671605, 41.0850086 ], [ -71.5610744, 41.082873 ], [ -71.5568846, 41.0812378 ], [ -71.5522539, 41.0800031 ], [ -71.5504016, 41.079052 ], [ -71.5478216, 41.077033 ], [ -71.546624, 41.0754548 ], [ -71.5462666, 41.0738984 ], [ -71.5464711, 41.0722537 ], [ -71.5463123, 41.070972 ], [ -71.5445923, 41.0692498 ], [ -71.5425548, 41.0683887 ], [ -71.5406495, 41.0679681 ], [ -71.5376329, 41.0680883 ], [ -71.5351191, 41.0687291 ], [ -71.5319173, 41.06941 ], [ -71.5289007, 41.0696904 ], [ -71.5267308, 41.0694501 ], [ -71.5236613, 41.0685289 ], [ -71.5208828, 41.0671871 ], [ -71.5197185, 41.0658052 ], [ -71.5187394, 41.0637224 ], [ -71.5176545, 41.0616795 ], [ -71.5162256, 41.0605779 ], [ -71.5145585, 41.0600772 ], [ -71.5133413, 41.0601373 ], [ -71.5121505, 41.0606781 ], [ -71.5108277, 41.0613942 ], [ -71.5085829, 41.0627662 ], [ -71.5063116, 41.0639678 ], [ -71.505693, 41.0640933 ], [ -71.504345, 41.0643666 ], [ -71.5013555, 41.0642249 ], [ -71.4949588, 41.0641877 ], [ -71.4882769, 41.0656014 ], [ -71.482631, 41.0667814 ], [ -71.4779243, 41.0678475 ], [ -71.4756971, 41.0681646 ], [ -71.4741315, 41.0685317 ], [ -71.4721028, 41.0703507 ], [ -71.4686628, 41.0714021 ], [ -71.465311, 41.0722865 ], [ -71.4582987, 41.0737717 ], [ -71.4558951, 41.0742223 ], [ -71.4535356, 41.0741889 ], [ -71.4508454, 41.0738385 ], [ -71.4486182, 41.0736883 ], [ -71.4464131, 41.0736549 ], [ -71.4442962, 41.0738051 ], [ -71.4431275, 41.0742723 ], [ -71.4427305, 41.074823 ], [ -71.4435905, 41.0770257 ], [ -71.4454428, 41.0802461 ], [ -71.4475157, 41.084067 ], [ -71.449809, 41.0886384 ], [ -71.4530726, 41.0947109 ], [ -71.4550131, 41.0983642 ], [ -71.4548587, 41.0996986 ], [ -71.4538664, 41.1011832 ], [ -71.450669, 41.1036852 ], [ -71.4481331, 41.1066541 ], [ -71.4466557, 41.1077382 ], [ -71.4454428, 41.1082052 ], [ -71.4430834, 41.1082219 ], [ -71.4397095, 41.1076382 ], [ -71.4346157, 41.1063039 ], [ -71.4321901, 41.1060203 ], [ -71.4281767, 41.1057368 ], [ -71.4254424, 41.106037 ], [ -71.4236121, 41.1064706 ], [ -71.4217378, 41.1074047 ], [ -71.4200178, 41.1091726 ], [ -71.418805, 41.1129751 ], [ -71.4177244, 41.1176946 ], [ -71.416688, 41.12163 ], [ -71.4161809, 41.1251484 ], [ -71.4157398, 41.1285998 ], [ -71.415828, 41.1320011 ], [ -71.4166219, 41.1337517 ], [ -71.4195106, 41.1355856 ], [ -71.4212967, 41.1365858 ], [ -71.4242075, 41.1379362 ], [ -71.4261916, 41.1389656 ], [ -71.4268516, 41.1398107 ], [ -71.4272378, 41.1406298 ], [ -71.4270155, 41.1422141 ], [ -71.4263169, 41.1436303 ], [ -71.4261876, 41.1439724 ], [ -71.4238766, 41.1470636 ], [ -71.4215903, 41.1499151 ], [ -71.4204893, 41.1516291 ], [ -71.4200851, 41.1532125 ], [ -71.4200667, 41.1552958 ], [ -71.4202438, 41.1566716 ], [ -71.4201285, 41.1580646 ], [ -71.4200709, 41.1590658 ], [ -71.4203014, 41.1614163 ], [ -71.4204743, 41.1627657 ], [ -71.4213801, 41.1641689 ], [ -71.4224852, 41.1657814 ], [ -71.4241046, 41.1679938 ], [ -71.4262775, 41.1697096 ], [ -71.429916, 41.1717257 ], [ -71.4337088, 41.1737418 ], [ -71.4370826, 41.1757079 ], [ -71.4390335, 41.1772831 ], [ -71.4398831, 41.1789901 ], [ -71.4398879, 41.179027 ], [ -71.440258, 41.1818722 ], [ -71.4403241, 41.1846543 ], [ -71.4402008, 41.1862513 ], [ -71.4405289, 41.1897735 ], [ -71.4410009, 41.1919782 ], [ -71.4417096, 41.1934616 ], [ -71.4428393, 41.1947606 ], [ -71.4428532, 41.1947765 ] ], [ [ -71.688885, 41.1362505 ], [ -71.688885, 41.1345705 ], [ -71.6897183, 41.1333945 ], [ -71.6930514, 41.1322605 ], [ -71.699051, 41.1303704 ], [ -71.7029951, 41.1292783 ], [ -71.7052728, 41.1286063 ], [ -71.7071615, 41.1288163 ], [ -71.7101058, 41.1298244 ], [ -71.7119945, 41.1313784 ], [ -71.7140499, 41.1343605 ], [ -71.7152499, 41.1368804 ], [ -71.7154498, 41.1385939 ], [ -71.7149165, 41.1397026 ], [ -71.71345, 41.1410129 ], [ -71.7117834, 41.1416177 ], [ -71.7090503, 41.1412649 ], [ -71.7067838, 41.1412145 ], [ -71.7044395, 41.1414161 ], [ -71.7031063, 41.141668 ], [ -71.7007175, 41.1430959 ], [ -71.699051, 41.1437258 ], [ -71.6968289, 41.1442717 ], [ -71.6948846, 41.1441457 ], [ -71.6933292, 41.1440197 ], [ -71.6919404, 41.1430959 ], [ -71.6905516, 41.14171 ], [ -71.689385, 41.1391063 ], [ -71.688885, 41.1362505 ] ], [ [ -71.7020363, 41.1980431 ], [ -71.7006608, 41.1981621 ], [ -71.6983848, 41.1978708 ], [ -71.6957615, 41.1971132 ], [ -71.6927139, 41.1952191 ], [ -71.6904764, 41.1938787 ], [ -71.6892033, 41.1936456 ], [ -71.6881617, 41.1937039 ], [ -71.6867343, 41.1943741 ], [ -71.6843425, 41.1956271 ], [ -71.6793274, 41.1982787 ], [ -71.6737723, 41.2006388 ], [ -71.6715734, 41.201105 ], [ -71.6691044, 41.2014255 ], [ -71.6680628, 41.2008428 ], [ -71.6676451, 41.2000542 ], [ -71.6675696, 41.1991227 ], [ -71.6679472, 41.1982291 ], [ -71.6689887, 41.1971132 ], [ -71.6713033, 41.195394 ], [ -71.6740037, 41.1932959 ], [ -71.674891, 41.1924509 ], [ -71.6766131, 41.1897384 ], [ -71.6788907, 41.1857517 ], [ -71.6805549, 41.183388 ], [ -71.6816683, 41.1818067 ], [ -71.6837793, 41.1772739 ], [ -71.6847792, 41.1745457 ], [ -71.6865569, 41.1719852 ], [ -71.6890012, 41.1688789 ], [ -71.6910566, 41.1637995 ], [ -71.692112, 41.1599791 ], [ -71.6924454, 41.1570822 ], [ -71.6921676, 41.1550669 ], [ -71.6909731, 41.1508345 ], [ -71.6898157, 41.1480887 ], [ -71.6883691, 41.1461446 ], [ -71.686826, 41.1444192 ], [ -71.6865366, 41.1436901 ], [ -71.6867295, 41.1430097 ], [ -71.6874689, 41.142791 ], [ -71.6883691, 41.1429368 ], [ -71.6897514, 41.14352 ], [ -71.6919696, 41.1446865 ], [ -71.6926769, 41.1454156 ], [ -71.6933311, 41.1469758 ], [ -71.694797, 41.1497752 ], [ -71.696533, 41.1531868 ], [ -71.699002, 41.1574146 ], [ -71.7010466, 41.1617295 ], [ -71.7025511, 41.1656944 ], [ -71.7030912, 41.1686387 ], [ -71.7034384, 41.1730696 ], [ -71.7032455, 41.1767423 ], [ -71.7037085, 41.1787825 ], [ -71.7047115, 41.1808228 ], [ -71.7064089, 41.18228 ], [ -71.7084149, 41.183067 ], [ -71.7111154, 41.1839121 ], [ -71.7135843, 41.1848739 ], [ -71.7145102, 41.1856608 ], [ -71.7152046, 41.1872637 ], [ -71.715166, 41.189391 ], [ -71.7149345, 41.1910812 ], [ -71.7135457, 41.1936456 ], [ -71.7123113, 41.1956562 ], [ -71.7110382, 41.1965595 ], [ -71.7090322, 41.197084 ], [ -71.7043643, 41.1978416 ], [ -71.7020363, 41.1980431 ] ], [ [ -71.6482509, 41.1989749 ], [ -71.6462493, 41.1984133 ], [ -71.6441332, 41.1984997 ], [ -71.6421887, 41.1991909 ], [ -71.6407018, 41.200314 ], [ -71.6400155, 41.2015234 ], [ -71.6399583, 41.2059723 ], [ -71.6402443, 41.2078294 ], [ -71.6411021, 41.2094706 ], [ -71.6424175, 41.2100321 ], [ -71.6439044, 41.2098593 ], [ -71.6456202, 41.2093411 ], [ -71.6474322, 41.208785 ], [ -71.6493839, 41.2080183 ], [ -71.6514136, 41.2061312 ], [ -71.6518038, 41.2052466 ], [ -71.6517967, 41.2037263 ], [ -71.6514536, 41.2025169 ], [ -71.6508668, 41.2014722 ], [ -71.6496807, 41.2000116 ], [ -71.6482509, 41.1989749 ] ], [ [ -71.7630281, 41.2089936 ], [ -71.7651612, 41.2080371 ], [ -71.7666945, 41.207735 ], [ -71.7684487, 41.2079177 ], [ -71.769336, 41.2081508 ], [ -71.7702276, 41.2085405 ], [ -71.7742273, 41.2111582 ], [ -71.7748939, 41.2124671 ], [ -71.7751605, 41.2139772 ], [ -71.7744273, 41.2152357 ], [ -71.7733607, 41.2159404 ], [ -71.7709608, 41.2162424 ], [ -71.7664278, 41.2168464 ], [ -71.7630947, 41.2164437 ], [ -71.7609615, 41.215739 ], [ -71.759495, 41.214833 ], [ -71.7593616, 41.2135242 ], [ -71.7597616, 41.2123664 ], [ -71.7610282, 41.2106045 ], [ -71.7630281, 41.2089936 ] ], [ [ -71.605741, 41.2336606 ], [ -71.6031012, 41.2333586 ], [ -71.6009413, 41.2325736 ], [ -71.5999147, 41.2316879 ], [ -71.5994481, 41.2303291 ], [ -71.5994481, 41.22892 ], [ -71.600248, 41.2259003 ], [ -71.6015146, 41.2241388 ], [ -71.6035145, 41.2231322 ], [ -71.6056477, 41.2229309 ], [ -71.6090474, 41.2231825 ], [ -71.6118472, 41.2242898 ], [ -71.6141137, 41.225548 ], [ -71.6154203, 41.2264741 ], [ -71.6154203, 41.228467 ], [ -71.6152603, 41.2302788 ], [ -71.6137404, 41.2317281 ], [ -71.6116606, 41.2331171 ], [ -71.6097407, 41.2337209 ], [ -71.605741, 41.2336606 ] ], [ [ -71.5397415, 41.2544863 ], [ -71.5402344, 41.2538539 ], [ -71.5412696, 41.2521055 ], [ -71.5418611, 41.2511383 ], [ -71.5429126, 41.2499196 ], [ -71.544539, 41.2482134 ], [ -71.5463727, 41.2469634 ], [ -71.5483432, 41.2461388 ], [ -71.5502544, 41.2448901 ], [ -71.5504826, 41.2444595 ], [ -71.5503114, 41.2439858 ], [ -71.5498034, 41.2434364 ], [ -71.5473782, 41.2421417 ], [ -71.5434151, 41.2412934 ], [ -71.5401618, 41.2410255 ], [ -71.536731, 41.2409809 ], [ -71.5331957, 41.2415756 ], [ -71.5304915, 41.2423507 ], [ -71.5277141, 41.244107 ], [ -71.5264325, 41.245558 ], [ -71.5259396, 41.2470089 ], [ -71.5261368, 41.2492039 ], [ -71.5275169, 41.2514731 ], [ -71.5302773, 41.2532959 ], [ -71.5333335, 41.2547095 ], [ -71.5353052, 41.2550443 ], [ -71.5372769, 41.2551559 ], [ -71.5388049, 41.2551187 ], [ -71.5397415, 41.2544863 ] ], [ [ -71.5551855, 41.2541392 ], [ -71.5545267, 41.2539071 ], [ -71.5538239, 41.2534431 ], [ -71.5534286, 41.252747 ], [ -71.5534286, 41.2514542 ], [ -71.5535604, 41.2507581 ], [ -71.5543949, 41.2501282 ], [ -71.5551416, 41.2499956 ], [ -71.5568546, 41.2500951 ], [ -71.5584798, 41.2507249 ], [ -71.5590947, 41.2511559 ], [ -71.5595778, 41.2517857 ], [ -71.5597096, 41.2525149 ], [ -71.5594461, 41.2530121 ], [ -71.558919, 41.2534431 ], [ -71.5583041, 41.253874 ], [ -71.557206, 41.254106 ], [ -71.5563275, 41.2542054 ], [ -71.5558883, 41.2542054 ], [ -71.5551855, 41.2541392 ] ], [ [ -71.6162979, 41.275419 ], [ -71.6160151, 41.2751281 ], [ -71.6158866, 41.2748178 ], [ -71.6158352, 41.2730918 ], [ -71.6160151, 41.2725876 ], [ -71.6166321, 41.2722773 ], [ -71.6174546, 41.272064 ], [ -71.6183029, 41.2723743 ], [ -71.6189199, 41.272704 ], [ -71.6195111, 41.2732664 ], [ -71.6196653, 41.2739645 ], [ -71.6196396, 41.2745463 ], [ -71.6193826, 41.2750505 ], [ -71.6188942, 41.2754578 ], [ -71.6180202, 41.2755935 ], [ -71.6171976, 41.2755935 ], [ -71.6162979, 41.275419 ] ], [ [ -71.8742546, 41.2648248 ], [ -71.8731194, 41.264368 ], [ -71.8720094, 41.2635495 ], [ -71.8715301, 41.2618935 ], [ -71.8719085, 41.2605991 ], [ -71.8724383, 41.2597616 ], [ -71.8741285, 41.2583148 ], [ -71.8752889, 41.2580864 ], [ -71.8760961, 41.257896 ], [ -71.8792494, 41.2578009 ], [ -71.8833109, 41.257896 ], [ -71.8843451, 41.2586004 ], [ -71.8853037, 41.2596283 ], [ -71.8852281, 41.2611702 ], [ -71.884446, 41.2635305 ], [ -71.8823523, 41.2642538 ], [ -71.8803089, 41.2646155 ], [ -71.8767268, 41.2648629 ], [ -71.8742546, 41.2648248 ] ], [ [ -71.5724035, 41.3008633 ], [ -71.5733258, 41.3016582 ], [ -71.5735015, 41.3021219 ], [ -71.5735455, 41.3028506 ], [ -71.5731941, 41.3033143 ], [ -71.5722278, 41.3038112 ], [ -71.5716128, 41.3039436 ], [ -71.570383, 41.3039105 ], [ -71.5695045, 41.3036455 ], [ -71.5688896, 41.3029831 ], [ -71.5685821, 41.3022213 ], [ -71.56867, 41.3014264 ], [ -71.5691971, 41.3008964 ], [ -71.5709101, 41.3004327 ], [ -71.5724035, 41.3008633 ] ], [ [ -71.2000523, 41.3232751 ], [ -71.2000472, 41.3232806 ], [ -71.1999472, 41.3267444 ], [ -71.2010472, 41.3287806 ], [ -71.2023944, 41.3299083 ], [ -71.2040944, 41.330325 ], [ -71.2106889, 41.330325 ], [ -71.2131889, 41.3290806 ], [ -71.2147889, 41.3279139 ], [ -71.2154583, 41.3272861 ], [ -71.2153861, 41.3230528 ], [ -71.2147889, 41.321925 ], [ -71.2134389, 41.3209833 ], [ -71.2112889, 41.3201528 ], [ -71.2059944, 41.3202278 ], [ -71.2037444, 41.3204167 ], [ -71.2019812, 41.3214153 ], [ -71.2015472, 41.3216611 ], [ -71.2000523, 41.3232751 ] ], [ [ -71.3137278, 41.3298556 ], [ -71.3200391, 41.3292618 ], [ -71.3213814, 41.3298239 ], [ -71.3227535, 41.3307232 ], [ -71.3237974, 41.3321397 ], [ -71.3244536, 41.3336235 ], [ -71.3246028, 41.3352422 ], [ -71.3245729, 41.3361189 ], [ -71.324036, 41.3371756 ], [ -71.3220376, 41.3383445 ], [ -71.3196056, 41.3389917 ], [ -71.3152694, 41.3391556 ], [ -71.3123734, 41.3382097 ], [ -71.3103828, 41.3373389 ], [ -71.3101363, 41.3367259 ], [ -71.3099872, 41.3352422 ], [ -71.3101065, 41.3328591 ], [ -71.3103828, 41.3319361 ], [ -71.3112139, 41.3310722 ], [ -71.3125822, 41.3303635 ], [ -71.3137278, 41.3298556 ] ], [ [ -71.2144392, 41.3427695 ], [ -71.2134244, 41.3438874 ], [ -71.2126438, 41.3458877 ], [ -71.2126439, 41.346829 ], [ -71.2128782, 41.3477703 ], [ -71.2143615, 41.3496528 ], [ -71.2164695, 41.3513587 ], [ -71.2176405, 41.3518881 ], [ -71.2188897, 41.3522411 ], [ -71.2226369, 41.352241 ], [ -71.2238861, 41.351888 ], [ -71.224979, 41.3512996 ], [ -71.2260719, 41.350476 ], [ -71.2268525, 41.3495347 ], [ -71.2271647, 41.3478875 ], [ -71.2271646, 41.3468286 ], [ -71.2267742, 41.3458873 ], [ -71.2255251, 41.3440046 ], [ -71.2246662, 41.343181 ], [ -71.2232609, 41.3422396 ], [ -71.2220119, 41.341769 ], [ -71.2206066, 41.341416 ], [ -71.2192795, 41.3412395 ], [ -71.2167812, 41.3415338 ], [ -71.2144392, 41.3427695 ] ], [ [ -71.2453523, 41.3448975 ], [ -71.245599, 41.3449012 ], [ -71.2481602, 41.3454054 ], [ -71.2491373, 41.3460102 ], [ -71.2498388, 41.3472012 ], [ -71.2504808, 41.3486779 ], [ -71.2506006, 41.349779 ], [ -71.2504569, 41.3507898 ], [ -71.2503371, 41.3519811 ], [ -71.2491873, 41.3529558 ], [ -71.2481812, 41.353407 ], [ -71.2470554, 41.353768 ], [ -71.2455995, 41.3540785 ], [ -71.2445278, 41.3542805 ], [ -71.2443504, 41.3543139 ], [ -71.2418753, 41.3541792 ], [ -71.2405279, 41.3539082 ], [ -71.2392703, 41.3534208 ], [ -71.2381205, 41.3526221 ], [ -71.2371679, 41.3512552 ], [ -71.2368556, 41.3503139 ], [ -71.2366994, 41.349255 ], [ -71.2368555, 41.3483137 ], [ -71.2371677, 41.3473724 ], [ -71.2379484, 41.3464311 ], [ -71.2390413, 41.3457251 ], [ -71.2404464, 41.3450779 ], [ -71.2425071, 41.344748 ], [ -71.2441472, 41.3448795 ], [ -71.2453523, 41.3448975 ] ], [ [ -71.3084679, 41.3965343 ], [ -71.3084067, 41.3965397 ], [ -71.3069234, 41.3961282 ], [ -71.3049716, 41.3953641 ], [ -71.3040347, 41.394835 ], [ -71.3028143, 41.3939316 ], [ -71.3023145, 41.3924266 ], [ -71.3025513, 41.3911314 ], [ -71.3030977, 41.3897203 ], [ -71.3037222, 41.3890736 ], [ -71.30583, 41.3881328 ], [ -71.3068449, 41.3880152 ], [ -71.3097074, 41.3882046 ], [ -71.3119975, 41.3887793 ], [ -71.3134131, 41.3894456 ], [ -71.3138712, 41.3896612 ], [ -71.3150422, 41.3906019 ], [ -71.3153545, 41.3913073 ], [ -71.3154327, 41.3930123 ], [ -71.3144291, 41.394524 ], [ -71.3127785, 41.3955599 ], [ -71.3106707, 41.3960694 ], [ -71.3097338, 41.3964221 ], [ -71.3084679, 41.3965343 ] ], [ [ -71.6833567, 41.3065238 ], [ -71.6817457, 41.3061049 ], [ -71.6807458, 41.3051415 ], [ -71.6800236, 41.3038848 ], [ -71.6795236, 41.3021673 ], [ -71.6796347, 41.3010362 ], [ -71.6804124, 41.2999051 ], [ -71.6824679, 41.2984807 ], [ -71.6854676, 41.2975172 ], [ -71.6882452, 41.2973077 ], [ -71.6902451, 41.2979361 ], [ -71.6923561, 41.2992767 ], [ -71.6930782, 41.3001984 ], [ -71.6935226, 41.3009105 ], [ -71.6940226, 41.3020835 ], [ -71.6939671, 41.3029213 ], [ -71.6931893, 41.3039686 ], [ -71.6907451, 41.3055604 ], [ -71.689023, 41.3064401 ], [ -71.6860787, 41.3069846 ], [ -71.6833567, 41.3065238 ] ], [ [ -71.822403, 41.1974039 ], [ -71.8279026, 41.1976137 ], [ -71.8305136, 41.1975298 ], [ -71.8317912, 41.1969843 ], [ -71.8327912, 41.1956416 ], [ -71.8331245, 41.1944247 ], [ -71.83318, 41.1933338 ], [ -71.8328467, 41.1925365 ], [ -71.8316246, 41.1909419 ], [ -71.8295136, 41.1894312 ], [ -71.826923, 41.1887305 ], [ -71.8229317, 41.188947 ], [ -71.8198225, 41.1900131 ], [ -71.8180804, 41.1918287 ], [ -71.8172866, 41.1941607 ], [ -71.8172645, 41.19531 ], [ -71.8175512, 41.195843 ], [ -71.8187922, 41.1966906 ], [ -71.8201809, 41.197278 ], [ -71.822403, 41.1974039 ] ], [ [ -71.8814219, 41.2081569 ], [ -71.884809, 41.2082368 ], [ -71.8884606, 41.2079371 ], [ -71.8902865, 41.2076373 ], [ -71.891636, 41.2073376 ], [ -71.8940253, 41.2060721 ], [ -71.8954465, 41.2049595 ], [ -71.8959757, 41.2040002 ], [ -71.8961345, 41.2022016 ], [ -71.8947585, 41.2011423 ], [ -71.8902071, 41.1996434 ], [ -71.885788, 41.1991238 ], [ -71.8821099, 41.1993436 ], [ -71.8770557, 41.2004828 ], [ -71.8750182, 41.2011223 ], [ -71.8717899, 41.2033607 ], [ -71.8707579, 41.2041801 ], [ -71.8706256, 41.2052992 ], [ -71.8726896, 41.2064583 ], [ -71.8763678, 41.2075974 ], [ -71.8795961, 41.2079371 ], [ -71.8814219, 41.2081569 ] ], [ [ -71.9260431, 41.2127274 ], [ -71.9276969, 41.2117144 ], [ -71.9281563, 41.2113953 ], [ -71.9296631, 41.2113814 ], [ -71.9312619, 41.2117006 ], [ -71.9323277, 41.212214 ], [ -71.9333722, 41.2127801 ], [ -71.9344571, 41.2138991 ], [ -71.9350392, 41.2152978 ], [ -71.9356743, 41.2180152 ], [ -71.9354626, 41.2195737 ], [ -71.9342983, 41.221252 ], [ -71.9319234, 41.2223431 ], [ -71.9301042, 41.2224818 ], [ -71.927605, 41.2224263 ], [ -71.9253631, 41.2217326 ], [ -71.9242238, 41.221136 ], [ -71.9229375, 41.2191935 ], [ -71.9225884, 41.217251 ], [ -71.9232683, 41.215905 ], [ -71.9247751, 41.2138653 ], [ -71.9260431, 41.2127274 ] ], [ [ -71.9031151, 41.1530495 ], [ -71.9025627, 41.1532969 ], [ -71.9013762, 41.1536989 ], [ -71.8990441, 41.1539154 ], [ -71.8973461, 41.1538072 ], [ -71.8949322, 41.1532196 ], [ -71.8939298, 41.1527248 ], [ -71.8923546, 41.1510549 ], [ -71.8920068, 41.1494003 ], [ -71.8921909, 41.1476375 ], [ -71.8930297, 41.1463695 ], [ -71.8947072, 41.1451788 ], [ -71.8964869, 41.1445448 ], [ -71.8989213, 41.1444675 ], [ -71.9016626, 41.145086 ], [ -71.9035242, 41.1462303 ], [ -71.9046493, 41.147854 ], [ -71.9048539, 41.1502044 ], [ -71.9047925, 41.1510085 ], [ -71.9044243, 41.1517352 ], [ -71.9031151, 41.1530495 ] ], [ [ -71.961143, 40.9426727 ], [ -71.9597379, 40.944567 ], [ -71.958645, 40.9455143 ], [ -71.9572397, 40.9462246 ], [ -71.9559126, 40.946639 ], [ -71.9533364, 40.9471126 ], [ -71.9506821, 40.947172 ], [ -71.949433, 40.9469352 ], [ -71.9469348, 40.9461065 ], [ -71.9436558, 40.9437388 ], [ -71.942875, 40.9427325 ], [ -71.9430311, 40.9408381 ], [ -71.9441239, 40.9390029 ], [ -71.9450607, 40.9380556 ], [ -71.9474808, 40.9366347 ], [ -71.9499789, 40.9359241 ], [ -71.952477, 40.9356872 ], [ -71.9550533, 40.935628 ], [ -71.9575515, 40.9359831 ], [ -71.9600498, 40.9366935 ], [ -71.9611428, 40.9376999 ], [ -71.9615331, 40.9387655 ], [ -71.9616113, 40.9407783 ], [ -71.961143, 40.9426727 ] ], [ [ -71.1083994, 41.1327172 ], [ -71.1101581, 41.133781 ], [ -71.1115141, 41.135556 ], [ -71.1115562, 41.1377469 ], [ -71.1114144, 41.1397075 ], [ -71.1106373, 41.1407699 ], [ -71.1091264, 41.141573 ], [ -71.1055873, 41.1418679 ], [ -71.1031436, 41.1417415 ], [ -71.1011634, 41.1415309 ], [ -71.0994221, 41.1406962 ], [ -71.098453, 41.140022 ], [ -71.0974418, 41.1379575 ], [ -71.0976946, 41.1357245 ], [ -71.0993544, 41.133705 ], [ -71.1016156, 41.1327552 ], [ -71.1053341, 41.1324893 ], [ -71.1083994, 41.1327172 ] ], [ [ -71.0016816, 41.1022887 ], [ -71.002471, 41.1009236 ], [ -71.0026271, 41.0999788 ], [ -71.0023147, 41.098089 ], [ -71.0011436, 41.0961992 ], [ -71.0001287, 41.0953133 ], [ -70.9977866, 41.0937778 ], [ -70.9969538, 41.0934431 ], [ -70.9902919, 41.0912383 ], [ -70.9877937, 41.0907659 ], [ -70.9843586, 41.0905593 ], [ -70.9830718, 41.0908027 ], [ -70.9788939, 41.091593 ], [ -70.9763957, 41.0915931 ], [ -70.9738975, 41.0912388 ], [ -70.9701502, 41.0900576 ], [ -70.9691653, 41.0895326 ], [ -70.961288, 41.0834782 ], [ -70.958985, 41.0823504 ], [ -70.9559413, 41.081434 ], [ -70.9535414, 41.0811434 ], [ -70.9518817, 41.0816113 ], [ -70.9492274, 41.0827928 ], [ -70.9473584, 41.0840253 ], [ -70.9469229, 41.0843722 ], [ -70.9453406, 41.0857457 ], [ -70.942762, 41.0888913 ], [ -70.9393235, 41.0935266 ], [ -70.9380643, 41.096201 ], [ -70.937596, 41.09815 ], [ -70.937595, 41.0992436 ], [ -70.9380635, 41.1001885 ], [ -70.9388443, 41.1011334 ], [ -70.9400164, 41.1019885 ], [ -70.9424365, 41.1030514 ], [ -70.9449347, 41.1037009 ], [ -70.948682, 41.1038779 ], [ -70.9511803, 41.1043503 ], [ -70.9549276, 41.105295 ], [ -70.9574259, 41.1060036 ], [ -70.9607574, 41.1071625 ], [ -70.9666036, 41.1098538 ], [ -70.972181, 41.1109632 ], [ -70.9811328, 41.1108251 ], [ -70.985921, 41.1102542 ], [ -70.9884192, 41.1094865 ], [ -70.9980213, 41.1052937 ], [ -71.0002853, 41.1037583 ], [ -71.0013782, 41.1028134 ], [ -71.0016816, 41.1022887 ] ], [ [ -71.0208446, 41.0890997 ], [ -71.0225344, 41.086734 ], [ -71.0260339, 41.0841404 ], [ -71.0310961, 41.0823405 ], [ -71.0374047, 41.083467 ], [ -71.0431501, 41.0853822 ], [ -71.0467288, 41.0868934 ], [ -71.05039, 41.0881771 ], [ -71.0529797, 41.0902715 ], [ -71.0534016, 41.0920288 ], [ -71.0528383, 41.0959716 ], [ -71.0509232, 41.0985627 ], [ -71.0484448, 41.0994639 ], [ -71.0436007, 41.0994639 ], [ -71.0372921, 41.1001399 ], [ -71.0327982, 41.10081 ], [ -71.0310961, 41.1004778 ], [ -71.0280544, 41.099126 ], [ -71.0241115, 41.0932679 ], [ -71.0214078, 41.0911275 ], [ -71.0208446, 41.0890997 ] ] ] } },
{ "type": "Feature", "properties": { "RCID": 483, "PRIM": 3, "GRUP": 1, "OBJL": 42, "RVER": 1, "AGEN": 550, "FIDN": 2110993097, "FIDS": 48294, "LNAM": "02267DD332C9BCA6", "DRVAL1": 18.2, "DRVAL2": 27.4 }, "geometry": { "type": "Polygon", "coordinates": [ [ [ -70.9338344, 41.1758677 ], [ -70.9307532, 41.175678 ], [ -70.9284936, 41.1757642 ], [ -70.9260059, 41.1762816 ], [ -70.923267, 41.1773852 ], [ -70.9225595, 41.177868 ], [ -70.9221943, 41.1789372 ], [ -70.9224454, 41.1811271 ], [ -70.923404, 41.1829204 ], [ -70.9237235, 41.1843688 ], [ -70.9237691, 41.1859206 ], [ -70.9223084, 41.1883862 ], [ -70.9215553, 41.1896793 ], [ -70.92224, 41.1917309 ], [ -70.9235637, 41.1948341 ], [ -70.9249788, 41.1962478 ], [ -70.9262113, 41.1977476 ], [ -70.9270329, 41.19792 ], [ -70.9303423, 41.1978683 ], [ -70.933104, 41.1978683 ], [ -70.9338344, 41.1976097 ], [ -70.9349299, 41.1968339 ], [ -70.9353864, 41.1959892 ], [ -70.9352951, 41.1953169 ], [ -70.9347017, 41.1941273 ], [ -70.9329214, 41.1928515 ], [ -70.9308901, 41.1916964 ], [ -70.9286077, 41.1905413 ], [ -70.9273068, 41.1894896 ], [ -70.9270329, 41.1883 ], [ -70.9269644, 41.1871448 ], [ -70.9268503, 41.1863861 ], [ -70.927284, 41.1852654 ], [ -70.9281056, 41.1842653 ], [ -70.9289501, 41.1832135 ], [ -70.9301141, 41.1827997 ], [ -70.9325791, 41.1829549 ], [ -70.9337659, 41.1828859 ], [ -70.9352266, 41.1822307 ], [ -70.936345, 41.1812823 ], [ -70.9365894, 41.1807505 ], [ -70.9374886, 41.1789626 ], [ -70.9374413, 41.1773536 ], [ -70.9358322, 41.1763523 ], [ -70.9338344, 41.1758677 ] ] ] } },
{ "type": "Feature", "properties": { "RCID": 484, "PRIM": 3, "GRUP": 1, "OBJL": 42, "RVER": 1, "AGEN": 550, "FIDN": -2146120507, "FIDS": 48294, "LNAM": "02268014CCC5BCA6", "DRVAL1": 0.0, "DRVAL2": 5.4 }, "geometry": { "type": "Polygon", "coordinates": [ [ [ -71.9552654, 41.1772929 ], [ -71.9542019, 41.1769176 ], [ -71.953232, 41.1762105 ], [ -71.9528058, 41.1748065 ], [ -71.9518, 41.171715 ], [ -71.9519875, 41.1698085 ], [ -71.9526012, 41.1690614 ], [ -71.9541014, 41.1681467 ], [ -71.9557209, 41.1678633 ], [ -71.9584315, 41.1680823 ], [ -71.9615341, 41.1686234 ], [ -71.963256, 41.1696024 ], [ -71.9641083, 41.1705943 ], [ -71.9642277, 41.1724363 ], [ -71.9639549, 41.1740851 ], [ -71.9627275, 41.1759657 ], [ -71.9615, 41.1766355 ], [ -71.9593298, 41.1771109 ], [ -71.9578689, 41.1773053 ], [ -71.9552654, 41.1772929 ] ] ] } },
{ "type": "Feature", "properties": { "RCID": 485, "PRIM": 3, "GRUP": 1, "OBJL": 42, "RVER": 1, "AGEN": 550, "FIDN": 1232994231, "FIDS": 48294, "LNAM": "0226497DFFB7BCA6", "DRVAL1": 27.4, "DRVAL2": 36.5 }, "geometry": { "type": "Polygon", "coordinates": [ [ [ -71.2441016, 41.2286804 ], [ -71.2463633, 41.2275253 ], [ -71.2480287, 41.2270537 ], [ -71.2526087, 41.2264052 ], [ -71.2588542, 41.2257567 ], [ -71.2670044, 41.2237052 ], [ -71.2681973, 41.223487 ], [ -71.2690029, 41.2233397 ], [ -71.27025, 41.2232013 ], [ -71.2720041, 41.2226626 ], [ -71.272728, 41.2223138 ], [ -71.2742284, 41.2215908 ], [ -71.2766635, 41.2192401 ], [ -71.2794378, 41.2158419 ], [ -71.2799618, 41.2148875 ], [ -71.2803317, 41.210558 ], [ -71.28064, 41.2088354 ], [ -71.2812873, 41.2084862 ], [ -71.2823662, 41.2084629 ], [ -71.2836916, 41.2085095 ], [ -71.2850479, 41.2089052 ], [ -71.2865275, 41.2097665 ], [ -71.2871749, 41.2104882 ], [ -71.2870207, 41.212653 ], [ -71.2868974, 41.2137237 ], [ -71.2855723, 41.2189877 ], [ -71.2854795, 41.2193565 ], [ -71.2849246, 41.2227312 ], [ -71.284339, 41.2249887 ], [ -71.2823292, 41.2268691 ], [ -71.2781029, 41.2287268 ], [ -71.2728626, 41.2308794 ], [ -71.2634943, 41.2352872 ], [ -71.2582302, 41.2378975 ], [ -71.2557321, 41.2388405 ], [ -71.254483, 41.2391941 ], [ -71.2507357, 41.2396067 ], [ -71.248706, 41.2396657 ], [ -71.2449587, 41.2400194 ], [ -71.2435534, 41.2399016 ], [ -71.2410552, 41.2393123 ], [ -71.2398061, 41.2386052 ], [ -71.2388692, 41.2375445 ], [ -71.2385569, 41.2363659 ], [ -71.2385568, 41.2353051 ], [ -71.238869, 41.2343621 ], [ -71.2396609, 41.2329957 ], [ -71.239962, 41.2324762 ], [ -71.2406645, 41.2315332 ], [ -71.2419598, 41.2302814 ], [ -71.2426161, 41.2296471 ], [ -71.243709, 41.2288809 ], [ -71.2441016, 41.2286804 ] ] ] } },
{ "type": "Feature", "properties": { "RCID": 486, "PRIM": 3, "GRUP": 1, "OBJL": 42, "RVER": 1, "AGEN": 550, "FIDN": 1486537964, "FIDS": 48294, "LNAM": "0226589AC4ECBCA6", "DRVAL1": 10.9, "DRVAL2": 18.2 }, "geometry": { "type": "Polygon", "coordinates": [ [ [ -71.0578075, 41.4046591 ], [ -71.0563243, 41.4050314 ], [ -71.0535919, 41.4052601 ], [ -71.0508594, 41.4048356 ], [ -71.0485954, 41.4040716 ], [ -71.0467217, 41.4031312 ], [ -71.0429743, 41.4003097 ], [ -71.0424277, 41.3996044 ], [ -71.0420374, 41.3994868 ], [ -71.0396173, 41.3994281 ], [ -71.0368068, 41.3990755 ], [ -71.03587, 41.3984877 ], [ -71.0350634, 41.3977115 ], [ -71.0334526, 41.3962302 ], [ -71.0322006, 41.3946667 ], [ -71.0317544, 41.3934405 ], [ -71.0321224, 41.3924327 ], [ -71.033561, 41.3900642 ], [ -71.0355572, 41.3890226 ], [ -71.036494, 41.3889051 ], [ -71.0397729, 41.3888461 ], [ -71.0435142, 41.3891672 ], [ -71.0459404, 41.3900806 ], [ -71.0472286, 41.390889 ], [ -71.0482045, 41.3920207 ], [ -71.0484387, 41.3927261 ], [ -71.0484387, 41.3938432 ], [ -71.0482826, 41.3941959 ], [ -71.0473458, 41.3951953 ], [ -71.0464871, 41.3959008 ], [ -71.0465652, 41.3961947 ], [ -71.0475021, 41.3961359 ], [ -71.0503124, 41.3953128 ], [ -71.0545906, 41.3944308 ], [ -71.0553868, 41.3944308 ], [ -71.0581974, 41.394901 ], [ -71.0593684, 41.3953713 ], [ -71.0605182, 41.396066 ], [ -71.0621898, 41.3978281 ], [ -71.0630044, 41.3998725 ], [ -71.0626476, 41.4014848 ], [ -71.0621792, 41.4021314 ], [ -71.0615547, 41.4028368 ], [ -71.060696, 41.4034246 ], [ -71.0578075, 41.4046591 ] ] ] } },
{ "type": "Feature", "properties": { "RCID": 487, "PRIM": 3, "GRUP": 1, "OBJL": 42, "RVER": 1, "AGEN": 550, "FIDN": -2067176545, "FIDS": 48294, "LNAM": "022684C9639FBCA6", "DRVAL1": 18.2, "DRVAL2": 27.4 }, "geometry": { "type": "Polygon", "coordinates": [ [ [ -71.3084679, 41.3965343 ], [ -71.3084067, 41.3965397 ], [ -71.3069234, 41.3961282 ], [ -71.3049716, 41.3953641 ], [ -71.3040347, 41.394835 ], [ -71.3028143, 41.3939316 ], [ -71.3023145, 41.3924266 ], [ -71.3025513, 41.3911314 ], [ -71.3030977, 41.3897203 ], [ -71.3037222, 41.3890736 ], [ -71.30583, 41.3881328 ], [ -71.3068449, 41.3880152 ], [ -71.3097074, 41.3882046 ], [ -71.3119975, 41.3887793 ], [ -71.3134131, 41.3894456 ], [ -71.3138712, 41.3896612 ], [ -71.3150422, 41.3906019 ], [ -71.3153545, 41.3913073 ], [ -71.3154327, 41.3930123 ], [ -71.3144291, 41.394524 ], [ -71.3127785, 41.3955599 ], [ -71.3106707, 41.3960694 ], [ -71.3097338, 41.3964221 ], [ -71.3084679, 41.3965343 ] ] ] } },
{ "type": "Feature", "properties": { "RCID": 488, "PRIM": 3, "GRUP": 1, "OBJL": 42, "RVER": 1, "AGEN": 550, "FIDN": 527745241, "FIDS": 48294, "LNAM": "02261F74C0D9BCA6", "DRVAL1": 18.2, "DRVAL2": 27.4 }, "geometry": { "type": "Polygon", "coordinates": [ [ [ -71.2144392, 41.3427695 ], [ -71.2134244, 41.3438874 ], [ -71.2126438, 41.3458877 ], [ -71.2126439, 41.346829 ], [ -71.2128782, 41.3477703 ], [ -71.2143615, 41.3496528 ], [ -71.2164695, 41.3513587 ], [ -71.2176405, 41.3518881 ], [ -71.2188897, 41.3522411 ], [ -71.2226369, 41.352241 ], [ -71.2238861, 41.351888 ], [ -71.224979, 41.3512996 ], [ -71.2260719, 41.350476 ], [ -71.2268525, 41.3495347 ], [ -71.2271647, 41.3478875 ], [ -71.2271646, 41.3468286 ], [ -71.2267742, 41.3458873 ], [ -71.2255251, 41.3440046 ], [ -71.2246662, 41.343181 ], [ -71.2232609, 41.3422396 ], [ -71.2220119, 41.341769 ], [ -71.2206066, 41.341416 ], [ -71.2192795, 41.3412395 ], [ -71.2167812, 41.3415338 ], [ -71.2144392, 41.3427695 ] ] ] } },
{ "type": "Feature", "properties": { "RCID": 489, "PRIM": 3, "GRUP": 1, "OBJL": 42, "RVER": 1, "AGEN": 550, "FIDN": -1437675455, "FIDS": 48294, "LNAM": "0226AA4ED041BCA6", "DRVAL1": 10.9, "DRVAL2": 18.2 }, "geometry": { "type": "Polygon", "coordinates": [ [ [ -71.0724841, 41.4040117 ], [ -71.0712352, 41.4033655 ], [ -71.0705325, 41.4023663 ], [ -71.0702202, 41.401661 ], [ -71.0701421, 41.3997211 ], [ -71.0711568, 41.3973697 ], [ -71.0720937, 41.396723 ], [ -71.0737331, 41.3963702 ], [ -71.0770119, 41.396429 ], [ -71.0784171, 41.3967816 ], [ -71.079354, 41.3972519 ], [ -71.0799786, 41.3979573 ], [ -71.0806032, 41.3993681 ], [ -71.0802129, 41.4007201 ], [ -71.079042, 41.4025424 ], [ -71.0782614, 41.403189 ], [ -71.0773245, 41.4036593 ], [ -71.0763878, 41.4039532 ], [ -71.0749826, 41.4041884 ], [ -71.0724841, 41.4040117 ] ] ] } },
{ "type": "Feature", "properties": { "RCID": 490, "PRIM": 3, "GRUP": 1, "OBJL": 42, "RVER": 1, "AGEN": 550, "FIDN": 310940902, "FIDS": 48294, "LNAM": "0226128894E6BCA6", "DRVAL1": 10.9, "DRVAL2": 18.2 }, "geometry": { "type": "Polygon", "coordinates": [ [ [ -71.5992748, 41.1090752 ], [ -71.6014607, 41.1106694 ], [ -71.601773, 41.1110827 ], [ -71.6020853, 41.1119684 ], [ -71.6020854, 41.1127359 ], [ -71.601461, 41.1158652 ], [ -71.6009145, 41.1165737 ], [ -71.6001339, 41.1172233 ], [ -71.5991971, 41.1176366 ], [ -71.5977138, 41.1180499 ], [ -71.5967771, 41.118168 ], [ -71.5949034, 41.118109 ], [ -71.593264, 41.1178434 ], [ -71.5916245, 41.1168102 ], [ -71.5899068, 41.1148619 ], [ -71.5901298, 41.112458 ], [ -71.5912338, 41.1099612 ], [ -71.5920144, 41.1093116 ], [ -71.5931073, 41.1089573 ], [ -71.5983379, 41.10878 ], [ -71.5992748, 41.1090752 ] ] ] } },
{ "type": "Feature", "properties": { "RCID": 491, "PRIM": 3, "GRUP": 1, "OBJL": 42, "RVER": 1, "AGEN": 550, "FIDN": -576657139, "FIDS": 48294, "LNAM": "0226DDA0E90DBCA6", "DRVAL1": 10.9, "DRVAL2": 18.2 }, "geometry": { "type": "Polygon", "coordinates": [ [ [ -70.904682, 41.3789981 ], [ -70.9024673, 41.3788054 ], [ -70.9007438, 41.3782588 ], [ -70.8992925, 41.3773022 ], [ -70.8987067, 41.3758489 ], [ -70.8983382, 41.3749148 ], [ -70.8979217, 41.373033 ], [ -70.8979217, 41.3717392 ], [ -70.898312, 41.3706806 ], [ -70.8989365, 41.3699749 ], [ -70.8994049, 41.3696808 ], [ -70.9004978, 41.3693279 ], [ -70.9024495, 41.369269 ], [ -70.9050258, 41.3694846 ], [ -70.9090074, 41.3704451 ], [ -70.9098661, 41.3712095 ], [ -70.910725, 41.3727974 ], [ -70.9111414, 41.3746792 ], [ -70.9107251, 41.3756201 ], [ -70.9085393, 41.37809 ], [ -70.9076026, 41.3786192 ], [ -70.9066657, 41.3789132 ], [ -70.9057289, 41.3790308 ], [ -70.904682, 41.3789981 ] ] ] } },
{ "type": "Feature", "properties": { "RCID": 492, "PRIM": 3, "GRUP": 1, "OBJL": 42, "RVER": 1, "AGEN": 550, "FIDN": -1196658306, "FIDS": 48294, "LNAM": "0226B8AC717EBCA6", "DRVAL1": 10.9, "DRVAL2": 18.2 }, "geometry": { "type": "Polygon", "coordinates": [ [ [ -71.2356476, 41.4095911 ], [ -71.2370529, 41.410649 ], [ -71.2387279, 41.4125403 ], [ -71.2390829, 41.4144103 ], [ -71.239083, 41.4157033 ], [ -71.2383023, 41.4174663 ], [ -71.2365458, 41.4183479 ], [ -71.2337827, 41.41918 ], [ -71.2304956, 41.4193863 ], [ -71.2284658, 41.4188771 ], [ -71.2268653, 41.4177899 ], [ -71.2261356, 41.4165083 ], [ -71.2255857, 41.4146458 ], [ -71.2258112, 41.4131178 ], [ -71.2262795, 41.4113546 ], [ -71.2268259, 41.4106493 ], [ -71.2279318, 41.4096648 ], [ -71.2313798, 41.4088859 ], [ -71.2324517, 41.4087476 ], [ -71.2333367, 41.4087213 ], [ -71.2356476, 41.4095911 ] ] ] } },
{ "type": "Feature", "properties": { "RCID": 493, "PRIM": 3, "GRUP": 1, "OBJL": 42, "RVER": 1, "AGEN": 550, "FIDN": 1724320826, "FIDS": 48294, "LNAM": "022666C70C3ABCA6", "DRVAL1": 45.7, "DRVAL2": 64.0 }, "geometry": { "type": "Polygon", "coordinates": [ [ [ -71.3001908, 41.0817866 ], [ -71.2996234, 41.0805038 ], [ -71.2980866, 41.0803379 ], [ -71.2976434, 41.0802901 ], [ -71.2976351, 41.0802927 ], [ -71.2975881, 41.0803072 ], [ -71.2942776, 41.0813337 ], [ -71.2932268, 41.0817809 ], [ -71.2925745, 41.0823675 ], [ -71.2922002, 41.0846036 ], [ -71.2918259, 41.0888371 ], [ -71.2918062, 41.0911177 ], [ -71.2916379, 41.0924182 ], [ -71.2914141, 41.0941473 ], [ -71.2912545, 41.0953806 ], [ -71.2909451, 41.0968525 ], [ -71.291186, 41.0985229 ], [ -71.291971, 41.1000667 ], [ -71.2919946, 41.1026241 ], [ -71.2920251, 41.1048928 ], [ -71.2920419, 41.1061471 ], [ -71.2931058, 41.109813 ], [ -71.2940752, 41.1148554 ], [ -71.293886, 41.1188605 ], [ -71.2931768, 41.1225078 ], [ -71.2915218, 41.1264945 ], [ -71.2891811, 41.1296408 ], [ -71.2882118, 41.1308921 ], [ -71.2875734, 41.1314642 ], [ -71.286797, 41.1319205 ], [ -71.2850195, 41.1332966 ], [ -71.2828404, 41.1347692 ], [ -71.2811849, 41.1361449 ], [ -71.2795825, 41.1369022 ], [ -71.2790571, 41.1371505 ], [ -71.2782104, 41.1375507 ], [ -71.2735764, 41.1390879 ], [ -71.2722855, 41.1396626 ], [ -71.2649109, 41.1444947 ], [ -71.2636902, 41.1449561 ], [ -71.2613482, 41.1464315 ], [ -71.2590062, 41.1476709 ], [ -71.2568204, 41.1492053 ], [ -71.2540882, 41.1515658 ], [ -71.2528391, 41.152982 ], [ -71.2522928, 41.1548702 ], [ -71.2520197, 41.1574665 ], [ -71.2525271, 41.1586465 ], [ -71.2536202, 41.1605345 ], [ -71.2570554, 41.1652543 ], [ -71.2576801, 41.1671422 ], [ -71.257446, 41.16903 ], [ -71.2571338, 41.1699738 ], [ -71.2559629, 41.1718616 ], [ -71.2544016, 41.1737493 ], [ -71.2515132, 41.1763448 ], [ -71.2479222, 41.1790583 ], [ -71.2455022, 41.1805329 ], [ -71.2393349, 41.1837772 ], [ -71.2344167, 41.1866082 ], [ -71.2319966, 41.1882007 ], [ -71.2287179, 41.1907367 ], [ -71.2276611, 41.1918012 ], [ -71.2187256, 41.1982852 ], [ -71.2116996, 41.2029436 ], [ -71.2095139, 41.2047714 ], [ -71.2083428, 41.2055379 ], [ -71.2048299, 41.2083092 ], [ -71.2029564, 41.2100779 ], [ -71.2009721, 41.2115764 ], [ -71.2006925, 41.2117876 ], [ -71.1963208, 41.216504 ], [ -71.1943693, 41.2183315 ], [ -71.1937272, 41.2191127 ], [ -71.1933175, 41.2199276 ], [ -71.1931468, 41.2206414 ], [ -71.193303, 41.2225276 ], [ -71.1939275, 41.2234707 ], [ -71.1951767, 41.2242959 ], [ -71.1965555, 41.2245796 ], [ -71.1975547, 41.2245796 ], [ -71.2057154, 41.2226539 ], [ -71.2096708, 41.2211605 ], [ -71.2159563, 41.2184521 ], [ -71.2174552, 41.2180276 ], [ -71.2237228, 41.2148526 ], [ -71.2260648, 41.2131428 ], [ -71.2304364, 41.2096054 ], [ -71.2315359, 41.2082768 ], [ -71.2366365, 41.2043927 ], [ -71.2367597, 41.2042989 ], [ -71.2391798, 41.2028248 ], [ -71.2430173, 41.2007796 ], [ -71.2437076, 41.2001713 ], [ -71.2452689, 41.1994342 ], [ -71.2458149, 41.1992452 ], [ -71.2518265, 41.1971638 ], [ -71.2573693, 41.1954536 ], [ -71.2610092, 41.1938363 ], [ -71.2738286, 41.1875638 ], [ -71.2756369, 41.1865481 ], [ -71.2778227, 41.1847786 ], [ -71.2788317, 41.1842347 ], [ -71.2800995, 41.1830247 ], [ -71.2801138, 41.1830111 ], [ -71.2805198, 41.1826235 ], [ -71.2846767, 41.1786562 ], [ -71.2893763, 41.1754 ], [ -71.2945784, 41.171251 ], [ -71.297765, 41.1681638 ], [ -71.3012785, 41.1647678 ], [ -71.3120233, 41.1544553 ], [ -71.3130941, 41.153189 ], [ -71.3169072, 41.1487886 ], [ -71.3213671, 41.1443364 ], [ -71.3240908, 41.1407847 ], [ -71.3255618, 41.1373001 ], [ -71.3256228, 41.1371556 ], [ -71.3270868, 41.1333977 ], [ -71.3273932, 41.1282751 ], [ -71.3283124, 41.1261127 ], [ -71.3315808, 41.1212728 ], [ -71.3351896, 41.1160978 ], [ -71.3386282, 41.1129309 ], [ -71.3424072, 41.109635 ], [ -71.3465948, 41.1068539 ], [ -71.3567744, 41.099566 ], [ -71.364026, 41.0935909 ], [ -71.368405, 41.0894093 ], [ -71.3706925, 41.0862045 ], [ -71.3739552, 41.0814174 ], [ -71.3756574, 41.0774888 ], [ -71.377076, 41.0716276 ], [ -71.3791471, 41.0663456 ], [ -71.3812466, 41.0609773 ], [ -71.3831191, 41.056532 ], [ -71.3832042, 41.0537616 ], [ -71.3829205, 41.0494232 ], [ -71.3836581, 41.0475545 ], [ -71.3856725, 41.0439246 ], [ -71.3859489, 41.041225 ], [ -71.3859562, 41.0411536 ], [ -71.3854455, 41.0393922 ], [ -71.3847079, 41.0387907 ], [ -71.3835163, 41.0385544 ], [ -71.3826084, 41.0388122 ], [ -71.3805089, 41.039607 ], [ -71.3785229, 41.0411107 ], [ -71.3784913, 41.041225 ], [ -71.3782676, 41.0420343 ], [ -71.3779555, 41.0450415 ], [ -71.3777285, 41.0459651 ], [ -71.3772462, 41.0466739 ], [ -71.3752603, 41.0477479 ], [ -71.3718557, 41.0501964 ], [ -71.371345, 41.0510769 ], [ -71.3707492, 41.0557159 ], [ -71.3699548, 41.0600109 ], [ -71.3691037, 41.0623301 ], [ -71.3672028, 41.0663671 ], [ -71.3639402, 41.0712196 ], [ -71.3614151, 41.0745905 ], [ -71.3588617, 41.0771453 ], [ -71.3569608, 41.078047 ], [ -71.3546628, 41.0795498 ], [ -71.3525066, 41.0818468 ], [ -71.3511731, 41.083693 ], [ -71.3498964, 41.084938 ], [ -71.3482044, 41.0872683 ], [ -71.3456037, 41.0892668 ], [ -71.3362144, 41.0961031 ], [ -71.3284423, 41.1023016 ], [ -71.3258416, 41.1051034 ], [ -71.3234445, 41.1078826 ], [ -71.3212609, 41.1100185 ], [ -71.3195068, 41.1109395 ], [ -71.3164968, 41.1116432 ], [ -71.3127479, 41.1123261 ], [ -71.3103672, 41.1126469 ], [ -71.3086843, 41.1126676 ], [ -71.3078223, 41.1125434 ], [ -71.3065909, 41.1122433 ], [ -71.305168, 41.1116328 ], [ -71.3038408, 41.1107946 ], [ -71.3022948, 41.109439 ], [ -71.3018022, 41.1086836 ], [ -71.3015422, 41.1067588 ], [ -71.3013172, 41.1048123 ], [ -71.3011372, 41.1031523 ], [ -71.3007287, 41.1016586 ], [ -71.2993328, 41.0954004 ], [ -71.299435, 41.0921809 ], [ -71.3000011, 41.0881349 ], [ -71.2999775, 41.0843426 ], [ -71.3003791, 41.0820146 ], [ -71.3001908, 41.0817866 ] ] ] } },
{ "type": "Feature", "properties": { "RCID": 494, "PRIM": 3, "GRUP": 1, "OBJL": 42, "RVER": 1, "AGEN": 550, "FIDN": -1309405197, "FIDS": 48294, "LNAM": "0226B1F40FF3BCA6", "DRVAL1": 27.4, "DRVAL2": 36.5 }, "geometry": { "type": "Polygon", "coordinates": [ [ [ -71.6180582, 41.0310769 ], [ -71.619431, 41.0306264 ], [ -71.6211471, 41.0304531 ], [ -71.6238927, 41.0302799 ], [ -71.6254029, 41.0303838 ], [ -71.6271647, 41.0308516 ], [ -71.6279655, 41.0310595 ], [ -71.6282269, 41.0311614 ], [ -71.6296766, 41.0318351 ], [ -71.6307309, 41.0332322 ], [ -71.6314228, 41.0352032 ], [ -71.6312383, 41.0372988 ], [ -71.6304871, 41.0394841 ], [ -71.6288661, 41.0417592 ], [ -71.627245, 41.042777 ], [ -71.6259062, 41.0431175 ], [ -71.6247164, 41.0433427 ], [ -71.6220394, 41.0433427 ], [ -71.6197056, 41.0430655 ], [ -71.6168913, 41.0420435 ], [ -71.6157701, 41.0412293 ], [ -71.6146719, 41.0396875 ], [ -71.6143058, 41.0381976 ], [ -71.6143058, 41.0355296 ], [ -71.6151066, 41.0333466 ], [ -71.6164794, 41.0318912 ], [ -71.6180582, 41.0310769 ] ] ] } },
{ "type": "Feature", "properties": { "RCID": 495, "PRIM": 3, "GRUP": 1, "OBJL": 42, "RVER": 1, "AGEN": 550, "FIDN": 1685928110, "FIDS": 48294, "LNAM": "0226647D38AEBCA6", "DRVAL1": 9.1, "DRVAL2": 18.2 }, "geometry": { "type": "Polygon", "coordinates": [ [ [ -71.9627243, 41.1627039 ], [ -71.9642013, 41.1643612 ], [ -71.9655701, 41.1658284 ], [ -71.9668793, 41.1671269 ], [ -71.9690069, 41.1688583 ], [ -71.9699888, 41.1699095 ], [ -71.9704593, 41.1710688 ], [ -71.9699275, 41.1726146 ], [ -71.9687205, 41.1745622 ], [ -71.9666134, 41.1765252 ], [ -71.9639949, 41.1779936 ], [ -71.9615809, 41.1789982 ], [ -71.9596375, 41.1794774 ], [ -71.9571008, 41.1797556 ], [ -71.9553415, 41.1795546 ], [ -71.9526076, 41.1788814 ], [ -71.9466571, 41.1759879 ], [ -71.9446834, 41.1728941 ], [ -71.9428864, 41.1704233 ], [ -71.9414429, 41.1668394 ], [ -71.941384, 41.1642794 ], [ -71.942091, 41.1631218 ], [ -71.9446239, 41.1614084 ], [ -71.9482243, 41.1604808 ], [ -71.9518452, 41.159414 ], [ -71.9550161, 41.1579607 ], [ -71.9592712, 41.1557343 ], [ -71.9614396, 41.1547756 ], [ -71.9625648, 41.154853 ], [ -71.9637308, 41.1556879 ], [ -71.96414, 41.1563682 ], [ -71.96414, 41.1574041 ], [ -71.9625852, 41.1587028 ], [ -71.9613373, 41.1598314 ], [ -71.9613373, 41.1604189 ], [ -71.9617465, 41.1611147 ], [ -71.9627243, 41.1627039 ] ], [ [ -71.9657271, 41.1747749 ], [ -71.9650287, 41.1758752 ], [ -71.963523, 41.1767483 ], [ -71.9621251, 41.1774052 ], [ -71.9592952, 41.1779719 ], [ -71.9566528, 41.1782166 ], [ -71.9543735, 41.1779743 ], [ -71.9510152, 41.1761047 ], [ -71.9489296, 41.1732467 ], [ -71.9498198, 41.1700872 ], [ -71.9515246, 41.168258 ], [ -71.9544227, 41.1667894 ], [ -71.9565195, 41.1666219 ], [ -71.9592983, 41.1668538 ], [ -71.9619748, 41.167601 ], [ -71.9640716, 41.1685156 ], [ -71.9658446, 41.1703449 ], [ -71.9662196, 41.1718005 ], [ -71.9662599, 41.1735673 ], [ -71.9657271, 41.1747749 ] ] ] } },
{ "type": "Feature", "properties": { "RCID": 496, "PRIM": 3, "GRUP": 1, "OBJL": 42, "RVER": 1, "AGEN": 550, "FIDN": -2131655767, "FIDS": 48294, "LNAM": "022680F183A9BCA6", "DRVAL1": 18.2, "DRVAL2": 27.4 }, "geometry": { "type": "Polygon", "coordinates": [ [ [ -70.9919874, 41.4030216 ], [ -70.9921793, 41.4016015 ], [ -70.9925715, 41.3946478 ], [ -70.9934302, 41.3927666 ], [ -70.9957721, 41.3890039 ], [ -70.9992067, 41.3824186 ], [ -71.002095, 41.3777144 ], [ -71.0044369, 41.3758914 ], [ -71.0078459, 41.3738919 ], [ -71.0095113, 41.3724805 ], [ -71.010448, 41.3714219 ], [ -71.0110725, 41.3703633 ], [ -71.0112285, 41.3694223 ], [ -71.0109943, 41.3675403 ], [ -71.0106038, 41.3665993 ], [ -71.0088863, 41.3647762 ], [ -71.0051389, 41.3627765 ], [ -71.0009751, 41.3609925 ], [ -71.0002204, 41.3604827 ], [ -70.9981906, 41.3586005 ], [ -70.9967071, 41.3567183 ], [ -70.9939746, 41.3520124 ], [ -70.9911638, 41.3463649 ], [ -70.9900708, 41.3444822 ], [ -70.989212, 41.3435409 ], [ -70.988119, 41.3427172 ], [ -70.9864535, 41.3420897 ], [ -70.9835388, 41.3418153 ], [ -70.9818734, 41.3411877 ], [ -70.9753154, 41.3362454 ], [ -70.9746908, 41.3358924 ], [ -70.9733636, 41.3355394 ], [ -70.9718315, 41.3355394 ], [ -70.9708655, 41.3355394 ], [ -70.9671182, 41.3360103 ], [ -70.9658691, 41.3362457 ], [ -70.963371, 41.3370695 ], [ -70.9617836, 41.3378541 ], [ -70.9576201, 41.3404039 ], [ -70.9530403, 41.3438558 ], [ -70.9505682, 41.3468367 ], [ -70.9503341, 41.3473073 ], [ -70.9492413, 41.3506018 ], [ -70.9492414, 41.3529549 ], [ -70.9490853, 41.3538961 ], [ -70.9483048, 41.3557785 ], [ -70.9473679, 41.3567197 ], [ -70.9435427, 41.3578374 ], [ -70.9410445, 41.3583669 ], [ -70.9387806, 41.3601317 ], [ -70.9378439, 41.3617002 ], [ -70.9369072, 41.3654644 ], [ -70.935346, 41.3686011 ], [ -70.9329261, 41.3723651 ], [ -70.9314429, 41.3742469 ], [ -70.9283203, 41.3770697 ], [ -70.9210602, 41.3826561 ], [ -70.9185622, 41.3840674 ], [ -70.9136439, 41.385655 ], [ -70.9126516, 41.3860097 ], [ -70.9105629, 41.3865278 ], [ -70.908718, 41.3869014 ], [ -70.9072451, 41.3869715 ], [ -70.9052452, 41.3869365 ], [ -70.9040979, 41.3870882 ], [ -70.9026251, 41.3875553 ], [ -70.9000383, 41.3887834 ], [ -70.9020785, 41.3896269 ], [ -70.9094574, 41.3929312 ], [ -70.917237, 41.3956422 ], [ -70.9250597, 41.3979419 ], [ -70.9265063, 41.3981033 ], [ -70.9269885, 41.3979015 ], [ -70.9272832, 41.3972964 ], [ -70.9276315, 41.3961264 ], [ -70.9289978, 41.3932617 ], [ -70.9295872, 41.3912242 ], [ -70.9297747, 41.38959 ], [ -70.9308999, 41.3869067 ], [ -70.9321858, 41.3839811 ], [ -70.9331234, 41.3828109 ], [ -70.9340075, 41.382024 ], [ -70.9356953, 41.3815397 ], [ -70.9369812, 41.3812976 ], [ -70.9378653, 41.3809747 ], [ -70.9384279, 41.3802483 ], [ -70.9394727, 41.378735 ], [ -70.940196, 41.3766566 ], [ -70.9406514, 41.3746588 ], [ -70.9411872, 41.3736499 ], [ -70.9422878, 41.3727022 ], [ -70.9439206, 41.3716772 ], [ -70.9446463, 41.3709256 ], [ -70.9451457, 41.3700158 ], [ -70.9447627, 41.3691502 ], [ -70.9444503, 41.3687973 ], [ -70.9435915, 41.3685032 ], [ -70.9417179, 41.3682093 ], [ -70.9408591, 41.3676211 ], [ -70.9390894, 41.3653863 ], [ -70.9383607, 41.3637395 ], [ -70.9383606, 41.361975 ], [ -70.9391412, 41.3609162 ], [ -70.9394677, 41.3601783 ], [ -70.9417565, 41.3587986 ], [ -70.9430446, 41.3587986 ], [ -70.9449182, 41.3590338 ], [ -70.9478008, 41.3595767 ], [ -70.9534265, 41.3610708 ], [ -70.957212, 41.3620763 ], [ -70.9594446, 41.3626693 ], [ -70.9638424, 41.3646166 ], [ -70.9660027, 41.3653432 ], [ -70.9687032, 41.3654594 ], [ -70.9708249, 41.365721 ], [ -70.9717508, 41.3660407 ], [ -70.9756086, 41.3679588 ], [ -70.9781161, 41.3686562 ], [ -70.9800064, 41.3686562 ], [ -70.9826682, 41.3679878 ], [ -70.983787, 41.3675228 ], [ -70.9846743, 41.3674647 ], [ -70.9854073, 41.3676391 ], [ -70.9860631, 41.3681041 ], [ -70.9866803, 41.3686562 ], [ -70.988262, 41.3693828 ], [ -70.9904609, 41.3702837 ], [ -70.9918883, 41.3710392 ], [ -70.9921198, 41.3721144 ], [ -70.992004, 41.3727538 ], [ -70.9911939, 41.3734512 ], [ -70.9899208, 41.3741195 ], [ -70.9891879, 41.3749332 ], [ -70.9888021, 41.3769963 ], [ -70.9883253, 41.3792636 ], [ -70.9891063, 41.3840264 ], [ -70.9891063, 41.385026 ], [ -70.9899912, 41.3876914 ], [ -70.9913705, 41.3887888 ], [ -70.9919951, 41.3894943 ], [ -70.9921512, 41.3901998 ], [ -70.9920732, 41.3905525 ], [ -70.9914487, 41.3911405 ], [ -70.9860063, 41.393761 ], [ -70.9849691, 41.3946093 ], [ -70.9845008, 41.3953147 ], [ -70.9849607, 41.3976858 ], [ -70.9843448, 41.3988419 ], [ -70.9844229, 41.3991358 ], [ -70.9849141, 41.3993607 ], [ -70.9859061, 41.3997928 ], [ -70.9872633, 41.4003428 ], [ -70.9877854, 41.4006178 ], [ -70.988203, 41.4008928 ], [ -70.9889862, 41.4015213 ], [ -70.9903683, 41.4022849 ], [ -70.9919874, 41.4030216 ] ] ] } },
{ "type": "Feature", "properties": { "RCID": 497, "PRIM": 3, "GRUP": 1, "OBJL": 42, "RVER": 1, "AGEN": 550, "FIDN": -1473205914, "FIDS": 48294, "LNAM": "0226A830A966BCA6", "DRVAL1": 18.2, "DRVAL2": 27.4 }, "geometry": { "type": "Polygon", "coordinates": [ [ [ -71.9260431, 41.2127274 ], [ -71.9276969, 41.2117144 ], [ -71.9281563, 41.2113953 ], [ -71.9296631, 41.2113814 ], [ -71.9312619, 41.2117006 ], [ -71.9323277, 41.212214 ], [ -71.9333722, 41.2127801 ], [ -71.9344571, 41.2138991 ], [ -71.9350392, 41.2152978 ], [ -71.9356743, 41.2180152 ], [ -71.9354626, 41.2195737 ], [ -71.9342983, 41.221252 ], [ -71.9319234, 41.2223431 ], [ -71.9301042, 41.2224818 ], [ -71.927605, 41.2224263 ], [ -71.9253631, 41.2217326 ], [ -71.9242238, 41.221136 ], [ -71.9229375, 41.2191935 ], [ -71.9225884, 41.217251 ], [ -71.9232683, 41.215905 ], [ -71.9247751, 41.2138653 ], [ -71.9260431, 41.2127274 ] ] ] } },
{ "type": "Feature", "properties": { "RCID": 498, "PRIM": 3, "GRUP": 1, "OBJL": 42, "RVER": 1, "AGEN": 550, "FIDN": -633461291, "FIDS": 48294, "LNAM": "0226DA3E25D5BCA6", "DRVAL1": 10.9, "DRVAL2": 18.2 }, "geometry": { "type": "Polygon", "coordinates": [ [ [ -71.0795887, 41.4067157 ], [ -71.0805255, 41.4071271 ], [ -71.0809159, 41.4074209 ], [ -71.0820089, 41.4088315 ], [ -71.0823212, 41.4095369 ], [ -71.0823214, 41.4120641 ], [ -71.0813847, 41.4145325 ], [ -71.0802918, 41.4157079 ], [ -71.0789907, 41.4161259 ], [ -71.0742025, 41.4163545 ], [ -71.0731095, 41.4161783 ], [ -71.0711578, 41.4154731 ], [ -71.0702209, 41.4148854 ], [ -71.0698305, 41.4141803 ], [ -71.0698305, 41.4130048 ], [ -71.070834, 41.4092266 ], [ -71.0714697, 41.4084205 ], [ -71.0723507, 41.4076311 ], [ -71.0768251, 41.4065081 ], [ -71.0795887, 41.4067157 ] ] ] } },
{ "type": "Feature", "properties": { "RCID": 499, "PRIM": 3, "GRUP": 1, "OBJL": 42, "RVER": 1, "AGEN": 550, "FIDN": -585857257, "FIDS": 48294, "LNAM": "0226DD148717BCA6", "DRVAL1": 18.2, "DRVAL2": 27.4 }, "geometry": { "type": "Polygon", "coordinates": [ [ [ -71.9031151, 41.1530495 ], [ -71.9025627, 41.1532969 ], [ -71.9013762, 41.1536989 ], [ -71.8990441, 41.1539154 ], [ -71.8973461, 41.1538072 ], [ -71.8949322, 41.1532196 ], [ -71.8939298, 41.1527248 ], [ -71.8923546, 41.1510549 ], [ -71.8920068, 41.1494003 ], [ -71.8921909, 41.1476375 ], [ -71.8930297, 41.1463695 ], [ -71.8947072, 41.1451788 ], [ -71.8964869, 41.1445448 ], [ -71.8989213, 41.1444675 ], [ -71.9016626, 41.145086 ], [ -71.9035242, 41.1462303 ], [ -71.9046493, 41.147854 ], [ -71.9048539, 41.1502044 ], [ -71.9047925, 41.1510085 ], [ -71.9044243, 41.1517352 ], [ -71.9031151, 41.1530495 ] ] ] } },
{ "type": "Feature", "properties": { "RCID": 500, "PRIM": 3, "GRUP": 1, "OBJL": 42, "RVER": 1, "AGEN": 550, "FIDN": -1781894448, "FIDS": 48294, "LNAM": "022695CA72D0BCA6", "DRVAL1": 18.2, "DRVAL2": 27.4 }, "geometry": { "type": "Polygon", "coordinates": [ [ [ -71.6162979, 41.275419 ], [ -71.6160151, 41.2751281 ], [ -71.6158866, 41.2748178 ], [ -71.6158352, 41.2730918 ], [ -71.6160151, 41.2725876 ], [ -71.6166321, 41.2722773 ], [ -71.6174546, 41.272064 ], [ -71.6183029, 41.2723743 ], [ -71.6189199, 41.272704 ], [ -71.6195111, 41.2732664 ], [ -71.6196653, 41.2739645 ], [ -71.6196396, 41.2745463 ], [ -71.6193826, 41.2750505 ], [ -71.6188942, 41.2754578 ], [ -71.6180202, 41.2755935 ], [ -71.6171976, 41.2755935 ], [ -71.6162979, 41.275419 ] ] ] } },
{ "type": "Feature", "properties": { "RCID": 501, "PRIM": 3, "GRUP": 1, "OBJL": 42, "RVER": 1, "AGEN": 550, "FIDN": 1241509642, "FIDS": 48294, "LNAM": "022649FFEF0ABCA6", "DRVAL1": 18.2, "DRVAL2": 27.4 }, "geometry": { "type": "Polygon", "coordinates": [ [ [ -70.9951724, 41.3021087 ], [ -70.9963514, 41.3030185 ], [ -70.9991975, 41.304074 ], [ -71.0015304, 41.3044258 ], [ -71.005403, 41.3045314 ], [ -71.0085291, 41.3046017 ], [ -71.010722, 41.3040388 ], [ -71.0120424, 41.3030009 ], [ -71.0136101, 41.3015231 ], [ -71.0144499, 41.2993698 ], [ -71.0144718, 41.2968931 ], [ -71.0134682, 41.2940872 ], [ -71.0113968, 41.291108 ], [ -71.0106286, 41.2901856 ], [ -71.0085711, 41.2877151 ], [ -71.0066114, 41.2856035 ], [ -71.0042039, 41.2838297 ], [ -71.0027435, 41.2832772 ], [ -71.001857, 41.2833476 ], [ -71.0008772, 41.2839107 ], [ -70.9991042, 41.2857056 ], [ -70.9972379, 41.2877468 ], [ -70.9957915, 41.2896119 ], [ -70.9937852, 41.2925679 ], [ -70.9924192, 41.294901 ], [ -70.9921988, 41.2952775 ], [ -70.9914989, 41.2979518 ], [ -70.9917322, 41.2993944 ], [ -70.9925721, 41.3002389 ], [ -70.9943451, 41.3014703 ], [ -70.9951724, 41.3021087 ] ] ] } },
{ "type": "Feature", "properties": { "RCID": 502, "PRIM": 3, "GRUP": 1, "OBJL": 42, "RVER": 1, "AGEN": 550, "FIDN": 128230281, "FIDS": 48294, "LNAM": "022607A4A389BCA6", "DRVAL1": 10.9, "DRVAL2": 18.2 }, "geometry": { "type": "Polygon", "coordinates": [ [ [ -71.8821898, 41.0136944 ], [ -71.8822679, 41.014404 ], [ -71.882424, 41.0146405 ], [ -71.8821898, 41.0153501 ], [ -71.881097, 41.0171832 ], [ -71.8796919, 41.0187797 ], [ -71.8772418, 41.0204036 ], [ -71.8754763, 41.0208494 ], [ -71.874071, 41.0208494 ], [ -71.8705579, 41.0205539 ], [ -71.8689184, 41.0200809 ], [ -71.8680597, 41.0195488 ], [ -71.8663086, 41.0177581 ], [ -71.8655613, 41.0165332 ], [ -71.8647694, 41.0138047 ], [ -71.8650927, 41.0122756 ], [ -71.8656392, 41.011566 ], [ -71.8664198, 41.0109155 ], [ -71.8701493, 41.009476 ], [ -71.874734, 41.0085497 ], [ -71.8765686, 41.0087862 ], [ -71.8775054, 41.0090819 ], [ -71.8787936, 41.0097915 ], [ -71.8805502, 41.0114473 ], [ -71.8821898, 41.0136944 ] ] ] } },
{ "type": "Feature", "properties": { "RCID": 503, "PRIM": 3, "GRUP": 1, "OBJL": 42, "RVER": 1, "AGEN": 550, "FIDN": -766661163, "FIDS": 48294, "LNAM": "0226D24DADD5BCA6", "DRVAL1": 27.4, "DRVAL2": 36.5 }, "geometry": { "type": "Polygon", "coordinates": [ [ [ -71.4678377, 41.2457431 ], [ -71.4684131, 41.2455156 ], [ -71.4690882, 41.244897 ], [ -71.4688471, 41.2441691 ], [ -71.4675935, 41.2432957 ], [ -71.4662299, 41.2418968 ], [ -71.4623417, 41.2381234 ], [ -71.4586619, 41.2348215 ], [ -71.4563012, 41.2335636 ], [ -71.4551054, 41.2332141 ], [ -71.4538036, 41.2330321 ], [ -71.4506213, 41.2331049 ], [ -71.4488855, 41.2335053 ], [ -71.4471498, 41.2341605 ], [ -71.4461854, 41.2356528 ], [ -71.4456551, 41.2371814 ], [ -71.4457515, 41.2383825 ], [ -71.446523, 41.2396563 ], [ -71.4477284, 41.2404206 ], [ -71.4491748, 41.2407482 ], [ -71.4513928, 41.2407846 ], [ -71.4535143, 41.2407846 ], [ -71.4558287, 41.2409665 ], [ -71.4573716, 41.2416944 ], [ -71.4626909, 41.2444029 ], [ -71.4634469, 41.2447878 ], [ -71.4656648, 41.245552 ], [ -71.4674006, 41.2459159 ], [ -71.4678377, 41.2457431 ] ] ] } },
{ "type": "Feature", "properties": { "RCID": 504, "PRIM": 3, "GRUP": 1, "OBJL": 42, "RVER": 1, "AGEN": 550, "FIDN": -833567174, "FIDS": 48294, "LNAM": "0226CE50C63ABCA6", "DRVAL1": 18.2, "DRVAL2": 27.4 }, "geometry": { "type": "Polygon", "coordinates": [ [ [ -72.0, 41.0868021 ], [ -71.99861, 41.087125 ], [ -71.994705, 41.085875 ], [ -71.989815, 41.084115 ], [ -71.986825, 41.08352 ], [ -71.98342, 41.083095 ], [ -71.98246, 41.08255 ], [ -71.98355, 41.08082 ], [ -71.9842, 41.079355 ], [ -71.98339, 41.07839 ], [ -71.981055, 41.0779 ], [ -71.98031, 41.077485 ], [ -71.98173, 41.075615 ], [ -71.98204, 41.074045 ], [ -71.982165, 41.073025 ], [ -71.98412, 41.071885 ], [ -71.985075, 41.07088 ], [ -71.985405, 41.069555 ], [ -71.98464, 41.06865 ], [ -71.979705, 41.068805 ], [ -71.97386, 41.06823 ], [ -71.96905, 41.06712 ], [ -71.96758, 41.06709 ], [ -71.966755, 41.068515 ], [ -71.965545, 41.07302 ], [ -71.963995, 41.076695 ], [ -71.962295, 41.079195 ], [ -71.959655, 41.08055 ], [ -71.95651, 41.082905 ], [ -71.952825, 41.08698 ], [ -71.951525, 41.086835 ], [ -71.95067, 41.08596 ], [ -71.949645, 41.086155 ], [ -71.94856, 41.08769 ], [ -71.947515, 41.087305 ], [ -71.946345, 41.087095 ], [ -71.9446, 41.088195 ], [ -71.94172, 41.087955 ], [ -71.93859, 41.086895 ], [ -71.9347652, 41.0846901 ], [ -71.9332041, 41.0840857 ], [ -71.9319481, 41.0839432 ], [ -71.9302835, 41.0840245 ], [ -71.9294989, 41.0841491 ], [ -71.92827, 41.085555 ], [ -71.92748, 41.087705 ], [ -71.926775, 41.090295 ], [ -71.92708, 41.091575 ], [ -71.92812, 41.092595 ], [ -71.932945, 41.09463 ], [ -71.935945, 41.09667 ], [ -71.93862, 41.098615 ], [ -71.946095, 41.10229 ], [ -71.947585, 41.10397 ], [ -71.94826, 41.106215 ], [ -71.94827, 41.108315 ], [ -71.94659, 41.112425 ], [ -71.94578, 41.114295 ], [ -71.945765, 41.11601 ], [ -71.946675, 41.11725 ], [ -71.951675, 41.118615 ], [ -71.95361, 41.119195 ], [ -71.95407, 41.12091 ], [ -71.955225, 41.122395 ], [ -71.95709, 41.123885 ], [ -71.957485, 41.124675 ], [ -71.9566026, 41.1257448 ], [ -71.9561723, 41.1261127 ], [ -71.9537112, 41.127678 ], [ -71.9535042, 41.1287389 ], [ -71.9532282, 41.1321127 ], [ -71.9521241, 41.1340778 ], [ -71.9510661, 41.1348255 ], [ -71.950169, 41.1350516 ], [ -71.949111, 41.1349299 ], [ -71.9467649, 41.1340778 ], [ -71.9450858, 41.1331213 ], [ -71.9437978, 41.1327387 ], [ -71.9428087, 41.1328779 ], [ -71.9391976, 41.1343734 ], [ -71.9359775, 41.1355211 ], [ -71.9335394, 41.1357993 ], [ -71.9311013, 41.135695 ], [ -71.9285712, 41.1353298 ], [ -71.9261101, 41.1342169 ], [ -71.924914, 41.1333474 ], [ -71.9212799, 41.1302519 ], [ -71.9179218, 41.1283041 ], [ -71.9151387, 41.1276258 ], [ -71.9120335, 41.1273997 ], [ -71.9097794, 41.1271388 ], [ -71.9079624, 41.1261997 ], [ -71.9052483, 41.1245822 ], [ -71.9039994, 41.1240597 ], [ -71.9027113, 41.1236771 ], [ -71.9012393, 41.1235727 ], [ -71.8969151, 41.1237292 ], [ -71.8935934, 41.1237677 ], [ -71.8908199, 41.1235901 ], [ -71.8879677, 41.1231727 ], [ -71.8828199, 41.122115 ], [ -71.8788124, 41.121433 ], [ -71.8729832, 41.1206985 ], [ -71.8709534, 41.1206985 ], [ -71.8680142, 41.1205541 ], [ -71.8644371, 41.1206543 ], [ -71.8618867, 41.121005 ], [ -71.8593033, 41.1217063 ], [ -71.8578211, 41.1223608 ], [ -71.8558468, 41.1236943 ], [ -71.8551057, 41.1244182 ], [ -71.8545317, 41.1249148 ], [ -71.8510351, 41.1275583 ], [ -71.8483699, 41.1302456 ], [ -71.8480019, 41.1319152 ], [ -71.8480019, 41.1328007 ], [ -71.8486265, 41.133627 ], [ -71.8493292, 41.1342762 ], [ -71.8507345, 41.1350435 ], [ -71.8516712, 41.1351615 ], [ -71.8532326, 41.1349254 ], [ -71.8541695, 41.1345712 ], [ -71.8570579, 41.1330365 ], [ -71.8581508, 41.1326626 ], [ -71.8631472, 41.1313246 ], [ -71.8640839, 41.1312065 ], [ -71.8659576, 41.1312065 ], [ -71.8673628, 41.1315605 ], [ -71.8693302, 41.1325522 ], [ -71.8710583, 41.1345117 ], [ -71.8719952, 41.1366365 ], [ -71.8724116, 41.1385252 ], [ -71.8721254, 41.1389974 ], [ -71.8712667, 41.1396466 ], [ -71.8693931, 41.1401779 ], [ -71.8637722, 41.1407092 ], [ -71.8492515, 41.1408867 ], [ -71.8456658, 41.1388689 ], [ -71.8431113, 41.1377856 ], [ -71.8399338, 41.13755 ], [ -71.835261, 41.1376443 ], [ -71.8337683, 41.1387047 ], [ -71.8325459, 41.1390541 ], [ -71.8323101, 41.139518 ], [ -71.8320764, 41.1407692 ], [ -71.8320765, 41.141501 ], [ -71.8333864, 41.1438774 ], [ -71.8338723, 41.1460216 ], [ -71.8338723, 41.1467297 ], [ -71.8337942, 41.1470838 ], [ -71.8333259, 41.147792 ], [ -71.8329355, 41.1480871 ], [ -71.8319987, 41.1482641 ], [ -71.8282514, 41.147202 ], [ -71.8273145, 41.147084 ], [ -71.8248944, 41.1471431 ], [ -71.8212252, 41.1476153 ], [ -71.8158244, 41.1479373 ], [ -71.8120717, 41.1477484 ], [ -71.8071729, 41.1471436 ], [ -71.8031133, 41.1464946 ], [ -71.7973361, 41.1447834 ], [ -71.7963213, 41.1442522 ], [ -71.7954625, 41.1436031 ], [ -71.792435, 41.1405736 ], [ -71.7901535, 41.1386457 ], [ -71.7892167, 41.1380555 ], [ -71.7881237, 41.1375834 ], [ -71.7857603, 41.1371864 ], [ -71.7825808, 41.1373868 ], [ -71.7812537, 41.1377606 ], [ -71.7803169, 41.1382918 ], [ -71.7796924, 41.1390001 ], [ -71.7793021, 41.1397084 ], [ -71.7793804, 41.1428954 ], [ -71.7792242, 41.1436035 ], [ -71.7783656, 41.1446659 ], [ -71.7774287, 41.145138 ], [ -71.7738181, 41.1461267 ], [ -71.7659892, 41.1466649 ], [ -71.7554134, 41.1446665 ], [ -71.7421092, 41.1413144 ], [ -71.7385504, 41.1404178 ], [ -71.7356642, 41.1396002 ], [ -71.7330375, 41.1388562 ], [ -71.7302601, 41.1372816 ], [ -71.7142963, 41.1244224 ], [ -71.713504, 41.1235238 ], [ -71.7124747, 41.1223562 ], [ -71.7120624, 41.1231561 ], [ -71.712284, 41.1244639 ], [ -71.7133192, 41.1271757 ], [ -71.7150615, 41.1314354 ], [ -71.7164503, 41.1358104 ], [ -71.7181092, 41.1468342 ], [ -71.7184564, 41.1523745 ], [ -71.7182635, 41.1544739 ], [ -71.7173762, 41.1566024 ], [ -71.716296, 41.1591098 ], [ -71.7142128, 41.1620544 ], [ -71.7121682, 41.1645033 ], [ -71.7105094, 41.1664857 ], [ -71.7084262, 41.1690219 ], [ -71.7061887, 41.173919 ], [ -71.7049542, 41.1773002 ], [ -71.7052243, 41.1783786 ], [ -71.7057258, 41.1791073 ], [ -71.7068059, 41.1797485 ], [ -71.7088381, 41.1801065 ], [ -71.715435, 41.1803906 ], [ -71.7214346, 41.1809362 ], [ -71.7258787, 41.1806844 ], [ -71.7263158, 41.1805999 ], [ -71.7306562, 41.1797611 ], [ -71.7367668, 41.1779983 ], [ -71.7452107, 41.175354 ], [ -71.7475994, 41.1748503 ], [ -71.7544878, 41.1747244 ], [ -71.7585431, 41.1740109 ], [ -71.7653204, 41.1726677 ], [ -71.7732088, 41.1707368 ], [ -71.7778751, 41.1698973 ], [ -71.7800972, 41.1701491 ], [ -71.7823192, 41.1705689 ], [ -71.7859856, 41.1723739 ], [ -71.7880411, 41.1734232 ], [ -71.7902076, 41.1740109 ], [ -71.791763, 41.173717 ], [ -71.7930963, 41.1722899 ], [ -71.793374, 41.1714084 ], [ -71.7926518, 41.170359 ], [ -71.7904298, 41.1684281 ], [ -71.7871522, 41.1664551 ], [ -71.7826525, 41.1655315 ], [ -71.7748753, 41.1641882 ], [ -71.7689313, 41.1635165 ], [ -71.7654871, 41.1630127 ], [ -71.7623206, 41.1622151 ], [ -71.7533768, 41.1587725 ], [ -71.7459329, 41.1554136 ], [ -71.7418776, 41.1531883 ], [ -71.7378345, 41.1513056 ], [ -71.7356558, 41.1502911 ], [ -71.7337671, 41.1490734 ], [ -71.7329338, 41.1478137 ], [ -71.7332115, 41.1467639 ], [ -71.7340448, 41.1456721 ], [ -71.7348781, 41.1450422 ], [ -71.736878, 41.1449582 ], [ -71.7402918, 41.1452711 ], [ -71.7423776, 41.1454622 ], [ -71.7426311, 41.1454794 ], [ -71.7504326, 41.1460081 ], [ -71.7647649, 41.1474778 ], [ -71.7850413, 41.1471838 ], [ -71.8086435, 41.1484582 ], [ -71.8174391, 41.1492164 ], [ -71.8245374, 41.1496538 ], [ -71.8292439, 41.1499454 ], [ -71.8331788, 41.1496538 ], [ -71.8385025, 41.1486332 ], [ -71.8402771, 41.1486623 ], [ -71.8418202, 41.1492455 ], [ -71.8427074, 41.1496246 ], [ -71.8458253, 41.1521154 ], [ -71.8474525, 41.1534153 ], [ -71.8504344, 41.156185 ], [ -71.8532221, 41.1587508 ], [ -71.8557062, 41.1608993 ], [ -71.8575831, 41.1613582 ], [ -71.8626617, 41.1622969 ], [ -71.8662498, 41.1624221 ], [ -71.8682647, 41.1621509 ], [ -71.8691479, 41.1614 ], [ -71.8704728, 41.1601484 ], [ -71.8724601, 41.1560598 ], [ -71.8740885, 41.1510948 ], [ -71.8748614, 41.1487999 ], [ -71.8756618, 41.1462962 ], [ -71.8767106, 41.1448566 ], [ -71.8780907, 41.1441889 ], [ -71.8792775, 41.1439594 ], [ -71.8816236, 41.1436256 ], [ -71.8837765, 41.14325 ], [ -71.8856534, 41.1426032 ], [ -71.887061, 41.1415808 ], [ -71.887337, 41.1409131 ], [ -71.887337, 41.1401202 ], [ -71.8866194, 41.1391186 ], [ -71.8854602, 41.1387222 ], [ -71.8813752, 41.1377206 ], [ -71.8766278, 41.1364894 ], [ -71.8748338, 41.1357382 ], [ -71.8732053, 41.1341106 ], [ -71.8726809, 41.1326707 ], [ -71.8726809, 41.1299786 ], [ -71.8738401, 41.1274742 ], [ -71.8749718, 41.1265351 ], [ -71.8757446, 41.1262638 ], [ -71.8768486, 41.1262638 ], [ -71.8791395, 41.1265351 ], [ -71.885681, 41.1281838 ], [ -71.8904008, 41.1292273 ], [ -71.8929125, 41.1292899 ], [ -71.8950101, 41.1301455 ], [ -71.8970526, 41.1316064 ], [ -71.8981015, 41.1322116 ], [ -71.9016068, 41.1334428 ], [ -71.9044773, 41.1345905 ], [ -71.9051949, 41.1358217 ], [ -71.9070442, 41.1398072 ], [ -71.9088659, 41.1428327 ], [ -71.910522, 41.1448357 ], [ -71.9128128, 41.1465433 ], [ -71.9142437, 41.1469639 ], [ -71.9178853, 41.1468933 ], [ -71.9209734, 41.1470442 ], [ -71.9221713, 41.1473662 ], [ -71.9248734, 41.1489559 ], [ -71.927977, 41.1509597 ], [ -71.9297518, 41.1518736 ], [ -71.9304395, 41.1519071 ], [ -71.9309054, 41.1517898 ], [ -71.9313602, 41.1510436 ], [ -71.9319591, 41.1492326 ], [ -71.9328133, 41.1478575 ], [ -71.9341334, 41.1464448 ], [ -71.9376219, 41.1454451 ], [ -71.9414745, 41.1448945 ], [ -71.9446755, 41.1447351 ], [ -71.9456914, 41.1450973 ], [ -71.9473781, 41.1465173 ], [ -71.9490648, 41.1471113 ], [ -71.9503682, 41.1471113 ], [ -71.9511733, 41.146865 ], [ -71.9521125, 41.1458653 ], [ -71.9532625, 41.1445467 ], [ -71.9548534, 41.144228 ], [ -71.9565976, 41.144228 ], [ -71.9585719, 41.1446192 ], [ -71.9597411, 41.1450684 ], [ -71.9609103, 41.1461116 ], [ -71.9619454, 41.1478212 ], [ -71.9620987, 41.1489368 ], [ -71.9619645, 41.1507913 ], [ -71.9615045, 41.151704 ], [ -71.9598178, 41.152863 ], [ -71.9582844, 41.1532252 ], [ -71.9566168, 41.1532107 ], [ -71.9537609, 41.1526747 ], [ -71.9507899, 41.1518924 ], [ -71.9483557, 41.1513563 ], [ -71.9452122, 41.150603 ], [ -71.9438513, 41.1508058 ], [ -71.9424022, 41.1516325 ], [ -71.9358773, 41.1558382 ], [ -71.933062, 41.1572901 ], [ -71.9301142, 41.1580661 ], [ -71.9265371, 41.1581913 ], [ -71.9151433, 41.1581412 ], [ -71.9115331, 41.1588421 ], [ -71.9108707, 41.1598434 ], [ -71.9110032, 41.1608697 ], [ -71.9119637, 41.1619961 ], [ -71.9145803, 41.1634979 ], [ -71.9178262, 41.1651749 ], [ -71.9214695, 41.1667767 ], [ -71.9254109, 41.1684036 ], [ -71.9281931, 41.16968 ], [ -71.9295953, 41.1705643 ], [ -71.9298437, 41.1720451 ], [ -71.9299817, 41.1740472 ], [ -71.9292917, 41.1755279 ], [ -71.9290708, 41.1766749 ], [ -71.9293193, 41.1776342 ], [ -71.9305337, 41.1790939 ], [ -71.934039, 41.1804077 ], [ -71.9361643, 41.180929 ], [ -71.9383724, 41.180366 ], [ -71.9407461, 41.1801991 ], [ -71.9419882, 41.1804911 ], [ -71.9434234, 41.1820342 ], [ -71.9445275, 41.1845781 ], [ -71.9448587, 41.1866216 ], [ -71.9456039, 41.1884981 ], [ -71.9465423, 41.1886858 ], [ -71.9475084, 41.1885815 ], [ -71.948226, 41.1878101 ], [ -71.949468, 41.1857458 ], [ -71.9502961, 41.1845364 ], [ -71.9513173, 41.1844947 ], [ -71.9522834, 41.1846615 ], [ -71.9527526, 41.185016 ], [ -71.953139, 41.1858918 ], [ -71.953553, 41.187122 ], [ -71.9547399, 41.188936 ], [ -71.9559543, 41.1894572 ], [ -71.9570031, 41.1894155 ], [ -71.9583832, 41.1888734 ], [ -71.9595976, 41.1878726 ], [ -71.9605361, 41.1857041 ], [ -71.9605913, 41.1832645 ], [ -71.9613917, 41.1801366 ], [ -71.9621645, 41.179365 ], [ -71.9633514, 41.1790314 ], [ -71.9640966, 41.1791982 ], [ -71.9647591, 41.1801783 ], [ -71.9660287, 41.1820759 ], [ -71.9668567, 41.1827849 ], [ -71.9675192, 41.1829308 ], [ -71.96843, 41.1824721 ], [ -71.9694788, 41.1816171 ], [ -71.9724322, 41.1799698 ], [ -71.9735362, 41.1799906 ], [ -71.9744746, 41.1803243 ], [ -71.9752199, 41.1810958 ], [ -71.9759099, 41.1819925 ], [ -71.9758823, 41.1828891 ], [ -71.9758547, 41.1839317 ], [ -71.973895, 41.1862046 ], [ -71.9727082, 41.1878518 ], [ -71.972791, 41.1892904 ], [ -71.973619, 41.1909167 ], [ -71.9748058, 41.1912086 ], [ -71.9772899, 41.1916882 ], [ -71.9788908, 41.192397 ], [ -71.9816509, 41.1938356 ], [ -71.9847146, 41.1956077 ], [ -71.9918633, 41.1985681 ], [ -71.9979742, 41.2004652 ], [ -72.0, 41.2008619 ], [ -72.0, 41.1635396 ], [ -71.9983112, 41.1638906 ], [ -71.997602, 41.1638933 ], [ -71.9965314, 41.1638417 ], [ -71.9947312, 41.1635789 ], [ -71.9933605, 41.1631924 ], [ -71.9914179, 41.1621319 ], [ -71.9904163, 41.1601728 ], [ -71.9902126, 41.159174 ], [ -71.9913377, 41.1562209 ], [ -71.9940176, 41.1548603 ], [ -71.996452, 41.154582 ], [ -71.999807, 41.1552159 ], [ -72.0, 41.1553136 ], [ -72.0, 41.1413773 ], [ -71.9992026, 41.1407889 ], [ -71.9946983, 41.1378183 ], [ -71.9915357, 41.1358331 ], [ -71.9906731, 41.1344854 ], [ -71.9906348, 41.1322537 ], [ -71.9914207, 41.1312537 ], [ -71.9933374, 41.1303407 ], [ -71.9945449, 41.1299494 ], [ -71.9958675, 41.1291378 ], [ -71.9969792, 41.1278335 ], [ -71.9976117, 41.1253406 ], [ -71.9987234, 41.1230796 ], [ -71.999586, 41.1224564 ], [ -72.0, 41.1223042 ], [ -72.0, 41.1209819 ], [ -72.0, 41.1203578 ], [ -71.9993306, 41.1204545 ], [ -71.9983855, 41.1205909 ], [ -71.9952711, 41.1202768 ], [ -71.9932562, 41.1196506 ], [ -71.992097, 41.1186905 ], [ -71.9910205, 41.1169997 ], [ -71.9906617, 41.1147454 ], [ -71.9912965, 41.113472 ], [ -71.9926214, 41.1120108 ], [ -71.9952435, 41.1108835 ], [ -71.9982796, 41.1107791 ], [ -72.0, 41.1112283 ], [ -72.0, 41.1018728 ], [ -72.0, 41.0868021 ] ], [ [ -71.7563543, 41.1722498 ], [ -71.7558711, 41.1720506 ], [ -71.7552562, 41.1714532 ], [ -71.7550366, 41.1709554 ], [ -71.7548609, 41.1702916 ], [ -71.7549048, 41.1695614 ], [ -71.7552562, 41.1686985 ], [ -71.7556076, 41.1682338 ], [ -71.7561347, 41.1677027 ], [ -71.7580234, 41.1673708 ], [ -71.7595607, 41.1678023 ], [ -71.7604392, 41.1686321 ], [ -71.7609662, 41.1696278 ], [ -71.761098, 41.1705239 ], [ -71.7610102, 41.1710549 ], [ -71.7609223, 41.1713868 ], [ -71.7603952, 41.1717851 ], [ -71.7598682, 41.1720506 ], [ -71.7592093, 41.1723161 ], [ -71.7586822, 41.1724157 ], [ -71.7575842, 41.1724157 ], [ -71.7563543, 41.1722498 ] ], [ [ -71.7281631, 41.1737974 ], [ -71.7260336, 41.1750488 ], [ -71.7245541, 41.1753493 ], [ -71.7229281, 41.1755649 ], [ -71.7195621, 41.1757157 ], [ -71.717879, 41.1755002 ], [ -71.7168521, 41.1749614 ], [ -71.7157967, 41.1740346 ], [ -71.7153402, 41.1735388 ], [ -71.7152909, 41.1720524 ], [ -71.7155867, 41.168663 ], [ -71.7169669, 41.1638206 ], [ -71.7182978, 41.1611385 ], [ -71.7194808, 41.1592013 ], [ -71.7207131, 41.157972 ], [ -71.7219454, 41.1573014 ], [ -71.7243182, 41.1567668 ], [ -71.7275699, 41.1564601 ], [ -71.7289255, 41.1567084 ], [ -71.7309793, 41.1574846 ], [ -71.7334439, 41.1588506 ], [ -71.734553, 41.1596577 ], [ -71.7347995, 41.1604338 ], [ -71.7347956, 41.1606006 ], [ -71.7347584, 41.1622033 ], [ -71.7341422, 41.1640658 ], [ -71.7326635, 41.1675735 ], [ -71.7307328, 41.1706154 ], [ -71.7294644, 41.1726354 ], [ -71.7281631, 41.1737974 ] ], [ [ -71.9627243, 41.1627039 ], [ -71.9642013, 41.1643612 ], [ -71.9655701, 41.1658284 ], [ -71.9668793, 41.1671269 ], [ -71.9690069, 41.1688583 ], [ -71.9699888, 41.1699095 ], [ -71.9704593, 41.1710688 ], [ -71.9699275, 41.1726146 ], [ -71.9687205, 41.1745622 ], [ -71.9666134, 41.1765252 ], [ -71.9639949, 41.1779936 ], [ -71.9615809, 41.1789982 ], [ -71.9596375, 41.1794774 ], [ -71.9571008, 41.1797556 ], [ -71.9553415, 41.1795546 ], [ -71.9526076, 41.1788814 ], [ -71.9466571, 41.1759879 ], [ -71.9446834, 41.1728941 ], [ -71.9428864, 41.1704233 ], [ -71.9414429, 41.1668394 ], [ -71.941384, 41.1642794 ], [ -71.942091, 41.1631218 ], [ -71.9446239, 41.1614084 ], [ -71.9482243, 41.1604808 ], [ -71.9518452, 41.159414 ], [ -71.9550161, 41.1579607 ], [ -71.9592712, 41.1557343 ], [ -71.9614396, 41.1547756 ], [ -71.9625648, 41.154853 ], [ -71.9637308, 41.1556879 ], [ -71.96414, 41.1563682 ], [ -71.96414, 41.1574041 ], [ -71.9625852, 41.1587028 ], [ -71.9613373, 41.1598314 ], [ -71.9613373, 41.1604189 ], [ -71.9617465, 41.1611147 ], [ -71.9627243, 41.1627039 ] ], [ [ -71.9787617, 41.158851 ], [ -71.9779604, 41.1583098 ], [ -71.9775513, 41.1575754 ], [ -71.9775513, 41.1568281 ], [ -71.9780627, 41.1553851 ], [ -71.9797299, 41.1530382 ], [ -71.9830338, 41.1503135 ], [ -71.9839271, 41.149445 ], [ -71.9859387, 41.1477698 ], [ -71.9879674, 41.1462621 ], [ -71.9891437, 41.1458626 ], [ -71.990337, 41.1456822 ], [ -71.9912235, 41.1458368 ], [ -71.9920588, 41.1460817 ], [ -71.9925873, 41.1468806 ], [ -71.9925532, 41.1474476 ], [ -71.9922463, 41.1479889 ], [ -71.991411, 41.1488522 ], [ -71.9903711, 41.1503599 ], [ -71.9876435, 41.1539033 ], [ -71.9861092, 41.1561195 ], [ -71.984609, 41.1572791 ], [ -71.9825974, 41.1582196 ], [ -71.9807392, 41.1588896 ], [ -71.9793924, 41.1590184 ], [ -71.9787617, 41.158851 ] ] ] } },
{ "type": "Feature", "properties": { "RCID": 505, "PRIM": 3, "GRUP": 1, "OBJL": 42, "RVER": 1, "AGEN": 550, "FIDN": -731304718, "FIDS": 48294, "LNAM": "0226D4692CF2BCA6", "DRVAL1": 36.5, "DRVAL2": 45.7 }, "geometry": { "type": "Polygon", "coordinates": [ [ [ -71.0016816, 41.1022887 ], [ -71.002471, 41.1009236 ], [ -71.0026271, 41.0999788 ], [ -71.0023147, 41.098089 ], [ -71.0011436, 41.0961992 ], [ -71.0001287, 41.0953133 ], [ -70.9977866, 41.0937778 ], [ -70.9969538, 41.0934431 ], [ -70.9902919, 41.0912383 ], [ -70.9877937, 41.0907659 ], [ -70.9843586, 41.0905593 ], [ -70.9830718, 41.0908027 ], [ -70.9788939, 41.091593 ], [ -70.9763957, 41.0915931 ], [ -70.9738975, 41.0912388 ], [ -70.9701502, 41.0900576 ], [ -70.9691653, 41.0895326 ], [ -70.961288, 41.0834782 ], [ -70.958985, 41.0823504 ], [ -70.9559413, 41.081434 ], [ -70.9535414, 41.0811434 ], [ -70.9518817, 41.0816113 ], [ -70.9492274, 41.0827928 ], [ -70.9473584, 41.0840253 ], [ -70.9469229, 41.0843722 ], [ -70.9453406, 41.0857457 ], [ -70.942762, 41.0888913 ], [ -70.9393235, 41.0935266 ], [ -70.9380643, 41.096201 ], [ -70.937596, 41.09815 ], [ -70.937595, 41.0992436 ], [ -70.9380635, 41.1001885 ], [ -70.9388443, 41.1011334 ], [ -70.9400164, 41.1019885 ], [ -70.9424365, 41.1030514 ], [ -70.9449347, 41.1037009 ], [ -70.948682, 41.1038779 ], [ -70.9511803, 41.1043503 ], [ -70.9549276, 41.105295 ], [ -70.9574259, 41.1060036 ], [ -70.9607574, 41.1071625 ], [ -70.9666036, 41.1098538 ], [ -70.972181, 41.1109632 ], [ -70.9811328, 41.1108251 ], [ -70.985921, 41.1102542 ], [ -70.9884192, 41.1094865 ], [ -70.9980213, 41.1052937 ], [ -71.0002853, 41.1037583 ], [ -71.0013782, 41.1028134 ], [ -71.0016816, 41.1022887 ] ] ] } },
{ "type": "Feature", "properties": { "RCID": 506, "PRIM": 3, "GRUP": 1, "OBJL": 42, "RVER": 1, "AGEN": 550, "FIDN": 241715986, "FIDS": 48294, "LNAM": "02260E684B12BCA6", "DRVAL1": 10.9, "DRVAL2": 18.2 }, "geometry": { "type": "Polygon", "coordinates": [ [ [ -71.6749815, 41.167307 ], [ -71.6737835, 41.1675398 ], [ -71.6712608, 41.167708 ], [ -71.6694123, 41.1672424 ], [ -71.6670298, 41.1663112 ], [ -71.6631275, 41.1644177 ], [ -71.6598003, 41.1626793 ], [ -71.6586912, 41.1619653 ], [ -71.6570892, 41.1597302 ], [ -71.6557747, 41.156843 ], [ -71.6549532, 41.1549182 ], [ -71.654871, 41.1514098 ], [ -71.6552407, 41.1490191 ], [ -71.6560098, 41.1473312 ], [ -71.6564823, 41.1457245 ], [ -71.6570082, 41.1453258 ], [ -71.6583203, 41.1452827 ], [ -71.6634265, 41.1466627 ], [ -71.667306, 41.1479565 ], [ -71.669588, 41.1489483 ], [ -71.6747512, 41.1535409 ], [ -71.67903, 41.1571198 ], [ -71.6804563, 41.1589308 ], [ -71.6808557, 41.15975 ], [ -71.6807131, 41.1622939 ], [ -71.6803993, 41.1634364 ], [ -71.6789011, 41.1652869 ], [ -71.6774223, 41.1660939 ], [ -71.676097, 41.1667958 ], [ -71.6749815, 41.167307 ] ] ] } },
{ "type": "Feature", "properties": { "RCID": 507, "PRIM": 3, "GRUP": 1, "OBJL": 42, "RVER": 1, "AGEN": 550, "FIDN": 1945074699, "FIDS": 48294, "LNAM": "022673EF7C0BBCA6", "DRVAL1": 27.4, "DRVAL2": 36.5 }, "geometry": { "type": "Polygon", "coordinates": [ [ [ -71.1395655, 41.2245813 ], [ -71.1331639, 41.2245814 ], [ -71.1306657, 41.2242868 ], [ -71.1281675, 41.2236386 ], [ -71.1269184, 41.223167 ], [ -71.1256693, 41.2223418 ], [ -71.124316, 41.2208093 ], [ -71.1217655, 41.2150324 ], [ -71.1207764, 41.2120455 ], [ -71.1202036, 41.2051278 ], [ -71.1203596, 41.2031231 ], [ -71.1213742, 41.1979342 ], [ -71.122311, 41.1960473 ], [ -71.1247017, 41.1931576 ], [ -71.1261361, 41.1919192 ], [ -71.1272291, 41.1912115 ], [ -71.1297271, 41.1900319 ], [ -71.1308201, 41.1893832 ], [ -71.1327717, 41.1876728 ], [ -71.1350355, 41.1849598 ], [ -71.1361285, 41.184016 ], [ -71.1373002, 41.1831174 ], [ -71.1387054, 41.1825276 ], [ -71.1399545, 41.1824096 ], [ -71.1413195, 41.1827196 ], [ -71.1421003, 41.1835453 ], [ -71.142452, 41.1845467 ], [ -71.1427823, 41.1861435 ], [ -71.1428424, 41.186434 ], [ -71.1431549, 41.1902084 ], [ -71.1429989, 41.1920956 ], [ -71.1430771, 41.1939826 ], [ -71.1434675, 41.1949852 ], [ -71.144014, 41.1958697 ], [ -71.1458096, 41.1977566 ], [ -71.1482298, 41.1991128 ], [ -71.1507281, 41.2000562 ], [ -71.1532264, 41.2013533 ], [ -71.1543194, 41.2021787 ], [ -71.1561931, 41.2039475 ], [ -71.1586132, 41.2054215 ], [ -71.1623606, 41.2068954 ], [ -71.1632975, 41.2079566 ], [ -71.1633756, 41.208841 ], [ -71.1628293, 41.2107276 ], [ -71.1612978, 41.2135687 ], [ -71.1584578, 41.2173303 ], [ -71.1538631, 41.2216926 ], [ -71.1512757, 41.2228716 ], [ -71.1487776, 41.2236379 ], [ -71.1395655, 41.2245813 ] ] ] } },
{ "type": "Feature", "properties": { "RCID": 508, "PRIM": 3, "GRUP": 1, "OBJL": 42, "RVER": 1, "AGEN": 550, "FIDN": -360898948, "FIDS": 48294, "LNAM": "0226EA7D1E7CBCA6", "DRVAL1": 10.9, "DRVAL2": 18.2 }, "geometry": { "type": "Polygon", "coordinates": [ [ [ -71.0845057, 41.3813777 ], [ -71.0854426, 41.3817892 ], [ -71.0863013, 41.3823772 ], [ -71.087403, 41.3837687 ], [ -71.0889561, 41.3919019 ], [ -71.0894246, 41.3926073 ], [ -71.0902054, 41.3933128 ], [ -71.095358, 41.3961933 ], [ -71.0961387, 41.3968987 ], [ -71.0968414, 41.3986623 ], [ -71.0969195, 41.3997203 ], [ -71.0966854, 41.4012487 ], [ -71.0956706, 41.4027183 ], [ -71.0948119, 41.4034824 ], [ -71.0929383, 41.404423 ], [ -71.090284, 41.4050892 ], [ -71.0877858, 41.4054027 ], [ -71.0849754, 41.4056575 ], [ -71.0839605, 41.40554 ], [ -71.083414, 41.4053637 ], [ -71.0825552, 41.4047759 ], [ -71.082321, 41.4040706 ], [ -71.0823209, 41.4033653 ], [ -71.0829278, 41.4022889 ], [ -71.0840384, 41.4016605 ], [ -71.0847521, 41.4009131 ], [ -71.0850375, 41.3983334 ], [ -71.0845065, 41.3971342 ], [ -71.0830231, 41.3956646 ], [ -71.0807591, 41.394195 ], [ -71.0791531, 41.3933887 ], [ -71.0760829, 41.3908667 ], [ -71.0749818, 41.3893743 ], [ -71.0743572, 41.3879633 ], [ -71.074357, 41.3854939 ], [ -71.0745651, 41.3845531 ], [ -71.0749034, 41.3840238 ], [ -71.0758402, 41.3831125 ], [ -71.077948, 41.3817894 ], [ -71.0788848, 41.3813779 ], [ -71.0812268, 41.381025 ], [ -71.0831004, 41.3810249 ], [ -71.0845057, 41.3813777 ] ] ] } },
{ "type": "Feature", "properties": { "RCID": 509, "PRIM": 3, "GRUP": 1, "OBJL": 42, "RVER": 1, "AGEN": 550, "FIDN": 1227952259, "FIDS": 48294, "LNAM": "022649311083BCA6", "DRVAL1": 10.9, "DRVAL2": 18.2 }, "geometry": { "type": "Polygon", "coordinates": [ [ [ -70.8783638, 41.3506608 ], [ -70.8794965, 41.3510357 ], [ -70.8805895, 41.3510356 ], [ -70.8819947, 41.3508002 ], [ -70.8829314, 41.3508002 ], [ -70.8883963, 41.351506 ], [ -70.8908945, 41.3515059 ], [ -70.8933926, 41.3508784 ], [ -70.8965153, 41.3504469 ], [ -70.8974522, 41.3501527 ], [ -70.899638, 41.3486819 ], [ -70.8995599, 41.3479171 ], [ -70.8992476, 41.3472112 ], [ -70.8981112, 41.3458973 ], [ -70.8957344, 41.3439755 ], [ -70.8947975, 41.3435636 ], [ -70.8924554, 41.3429166 ], [ -70.8910502, 41.3426812 ], [ -70.8876932, 41.3427402 ], [ -70.8866783, 41.3429167 ], [ -70.8851951, 41.3434463 ], [ -70.8842583, 41.3439169 ], [ -70.8827082, 41.3450012 ], [ -70.8781295, 41.348837 ], [ -70.8777392, 41.349543 ], [ -70.8778953, 41.350249 ], [ -70.8783638, 41.3506608 ] ] ] } },
{ "type": "Feature", "properties": { "RCID": 510, "PRIM": 3, "GRUP": 1, "OBJL": 42, "RVER": 1, "AGEN": 550, "FIDN": 438692645, "FIDS": 48294, "LNAM": "02261A25EB25BCA6", "DRVAL1": 10.9, "DRVAL2": 18.2 }, "geometry": { "type": "Polygon", "coordinates": [ [ [ -70.8, 41.2362382 ], [ -70.8, 41.2408172 ], [ -70.8003674, 41.2406169 ], [ -70.8040866, 41.2402162 ], [ -70.8105304, 41.2402162 ], [ -70.8191122, 41.2404725 ], [ -70.8285078, 41.2407218 ], [ -70.8317742, 41.2412481 ], [ -70.8346222, 41.2422332 ], [ -70.836789, 41.2436693 ], [ -70.8404715, 41.2473838 ], [ -70.8416017, 41.2492279 ], [ -70.8417802, 41.2510125 ], [ -70.841871, 41.253313 ], [ -70.8412448, 41.2588647 ], [ -70.8396387, 41.2620175 ], [ -70.8345823, 41.2654082 ], [ -70.8253635, 41.2700712 ], [ -70.8243506, 41.2705835 ], [ -70.8225661, 41.2727845 ], [ -70.8234584, 41.2764132 ], [ -70.823631, 41.2767499 ], [ -70.8246481, 41.2787332 ], [ -70.8268029, 41.2810351 ], [ -70.8292259, 41.2844508 ], [ -70.8295233, 41.2862354 ], [ -70.8276338, 41.288482 ], [ -70.8257886, 41.2899666 ], [ -70.8211755, 41.2907552 ], [ -70.814839, 41.2907861 ], [ -70.8096422, 41.2909574 ], [ -70.8082251, 41.2924555 ], [ -70.8076435, 41.2930704 ], [ -70.8083859, 41.295012 ], [ -70.8099165, 41.2961499 ], [ -70.8099923, 41.2962062 ], [ -70.8115558, 41.2972171 ], [ -70.8135136, 41.2985598 ], [ -70.8143599, 41.2999585 ], [ -70.8137317, 41.3018431 ], [ -70.8129989, 41.3028823 ], [ -70.8126657, 41.3033547 ], [ -70.8117672, 41.3069813 ], [ -70.8108688, 41.3087347 ], [ -70.8110273, 41.3107271 ], [ -70.8116866, 41.3127729 ], [ -70.812176, 41.3135339 ], [ -70.8131443, 41.3148788 ], [ -70.8159907, 41.3173193 ], [ -70.8179048, 41.3187192 ], [ -70.8198184, 41.3197925 ], [ -70.8209793, 41.3203129 ], [ -70.8215435, 41.3205659 ], [ -70.8252317, 41.3210418 ], [ -70.8313588, 41.322053 ], [ -70.8359987, 41.3232428 ], [ -70.8392705, 41.3232428 ], [ -70.8423043, 41.3231238 ], [ -70.8435535, 41.3238376 ], [ -70.8441635, 41.3256584 ], [ -70.843842, 41.3265793 ], [ -70.8426204, 41.3279848 ], [ -70.8411095, 41.328833 ], [ -70.8395021, 41.3293419 ], [ -70.8380554, 41.3299234 ], [ -70.8372196, 41.3305292 ], [ -70.836673, 41.3316681 ], [ -70.8365766, 41.3330978 ], [ -70.8371468, 41.3351095 ], [ -70.8380876, 41.3384284 ], [ -70.8396628, 41.3407059 ], [ -70.8410452, 41.3414327 ], [ -70.8449351, 41.3427653 ], [ -70.847957, 41.3440251 ], [ -70.851654, 41.3462539 ], [ -70.8572799, 41.35013 ], [ -70.8599803, 41.352722 ], [ -70.8608483, 41.3545387 ], [ -70.861137, 41.3558325 ], [ -70.8614591, 41.3572759 ], [ -70.8616072, 41.3584751 ], [ -70.8614823, 41.3595103 ], [ -70.8610659, 41.3599809 ], [ -70.8600467, 41.361053 ], [ -70.8582323, 41.362451 ], [ -70.8563987, 41.3637243 ], [ -70.8678292, 41.3665773 ], [ -70.8676364, 41.3644218 ], [ -70.8680864, 41.3624358 ], [ -70.8690187, 41.3612732 ], [ -70.8700796, 41.3604982 ], [ -70.8704011, 41.3596746 ], [ -70.8701117, 41.359166 ], [ -70.8693402, 41.3586573 ], [ -70.8676042, 41.3581487 ], [ -70.8665755, 41.35764 ], [ -70.8654049, 41.3565266 ], [ -70.8651827, 41.3553546 ], [ -70.8652383, 41.3538059 ], [ -70.8656722, 41.3524083 ], [ -70.8651556, 41.3517798 ], [ -70.8642049, 41.3495507 ], [ -70.8643337, 41.3479563 ], [ -70.8644314, 41.3417216 ], [ -70.8638556, 41.3371721 ], [ -70.8619944, 41.3333555 ], [ -70.8584661, 41.3295888 ], [ -70.8531904, 41.3239566 ], [ -70.8456776, 41.3175019 ], [ -70.8447433, 41.3166992 ], [ -70.8395849, 41.3134473 ], [ -70.8351664, 41.3106617 ], [ -70.8333425, 41.3087294 ], [ -70.8321528, 41.3027807 ], [ -70.8320338, 41.2989736 ], [ -70.835603, 41.2955234 ], [ -70.8405999, 41.2956423 ], [ -70.844288, 41.2976649 ], [ -70.8473813, 41.2983787 ], [ -70.852973, 41.2952854 ], [ -70.8565422, 41.2914783 ], [ -70.8555905, 41.2877901 ], [ -70.852881, 41.2838151 ], [ -70.8492642, 41.2724889 ], [ -70.8510726, 41.2702046 ], [ -70.8585917, 41.2680155 ], [ -70.8626844, 41.2662071 ], [ -70.8658312, 41.2642083 ], [ -70.8746055, 41.2621263 ], [ -70.8763214, 41.2608522 ], [ -70.8793644, 41.2585928 ], [ -70.8793513, 41.2577861 ], [ -70.8793163, 41.2556444 ], [ -70.8792157, 41.2494854 ], [ -70.8777786, 41.2446608 ], [ -70.8771337, 41.2424958 ], [ -70.8734267, 41.2350425 ], [ -70.8719191, 41.2312734 ], [ -70.870713, 41.2259967 ], [ -70.8713161, 41.2220769 ], [ -70.8761405, 41.2178555 ], [ -70.8780811, 41.2164298 ], [ -70.8818548, 41.2136573 ], [ -70.8835278, 41.2124281 ], [ -70.8902207, 41.2063577 ], [ -70.8984533, 41.2002163 ], [ -70.8990564, 41.196598 ], [ -70.8982281, 41.1934691 ], [ -70.8976995, 41.1914721 ], [ -70.8965537, 41.1905769 ], [ -70.8928751, 41.187703 ], [ -70.8765927, 41.1842355 ], [ -70.8741385, 41.1848718 ], [ -70.8684516, 41.1863462 ], [ -70.8607627, 41.1889091 ], [ -70.8535261, 41.1952411 ], [ -70.8458372, 41.2042869 ], [ -70.8428455, 41.2092163 ], [ -70.8354648, 41.2213773 ], [ -70.8293734, 41.2266122 ], [ -70.816905, 41.2311807 ], [ -70.8113184, 41.2322422 ], [ -70.8073872, 41.2329891 ], [ -70.8005343, 41.2359396 ], [ -70.8, 41.2362382 ] ], [ [ -70.8335089, 41.276658 ], [ -70.8317838, 41.2775503 ], [ -70.8302966, 41.278978 ], [ -70.8292854, 41.2801677 ], [ -70.8292854, 41.2821903 ], [ -70.8313079, 41.2845697 ], [ -70.8333899, 41.2864733 ], [ -70.837567, 41.2905734 ], [ -70.8392553, 41.2912931 ], [ -70.8409802, 41.2912931 ], [ -70.8424116, 41.2912654 ], [ -70.8439163, 41.2907118 ], [ -70.8444668, 41.2900751 ], [ -70.8448338, 41.2891893 ], [ -70.8442185, 41.286434 ], [ -70.841532, 41.2810854 ], [ -70.8396822, 41.2776966 ], [ -70.8385812, 41.2761351 ], [ -70.838049, 41.2758139 ], [ -70.8373761, 41.2756754 ], [ -70.8335089, 41.276658 ] ] ] } },
{ "type": "Feature", "properties": { "RCID": 511, "PRIM": 3, "GRUP": 1, "OBJL": 42, "RVER": 1, "AGEN": 550, "FIDN": 1414816107, "FIDS": 48294, "LNAM": "02265454616BBCA6", "DRVAL1": 0.0, "DRVAL2": 5.4 }, "geometry": { "type": "Polygon", "coordinates": [ [ [ -70.8, 41.2540488 ], [ -70.8, 41.2649852 ], [ -70.8019566, 41.2667895 ], [ -70.8027933, 41.267886 ], [ -70.8030725, 41.2682326 ], [ -70.8041586, 41.2695807 ], [ -70.8060965, 41.2705775 ], [ -70.8075939, 41.2717073 ], [ -70.8091353, 41.273867 ], [ -70.8093965, 41.2757715 ], [ -70.8095317, 41.2767576 ], [ -70.8092234, 41.2788175 ], [ -70.8085636, 41.2813274 ], [ -70.808695, 41.2833662 ], [ -70.8093196, 41.2849449 ], [ -70.8099359, 41.2860608 ], [ -70.8101923, 41.2865249 ], [ -70.8115576, 41.2882523 ], [ -70.8127467, 41.2894814 ], [ -70.8146405, 41.2900793 ], [ -70.8164903, 41.2902454 ], [ -70.8176701, 41.2897832 ], [ -70.8198815, 41.2889167 ], [ -70.8216431, 41.2880862 ], [ -70.8233167, 41.2871893 ], [ -70.8240654, 41.2865581 ], [ -70.8240654, 41.2859269 ], [ -70.8237571, 41.2851961 ], [ -70.822568, 41.2842327 ], [ -70.8210265, 41.2826713 ], [ -70.8199715, 41.2812069 ], [ -70.8199255, 41.2811431 ], [ -70.8195891, 41.2767056 ], [ -70.8195891, 41.2734933 ], [ -70.8210168, 41.2703524 ], [ -70.8238721, 41.2688534 ], [ -70.8257995, 41.2674971 ], [ -70.8276082, 41.2665683 ], [ -70.8328403, 41.2628198 ], [ -70.8356942, 41.2606265 ], [ -70.8361816, 41.259881 ], [ -70.8365486, 41.2588286 ], [ -70.8364752, 41.2576931 ], [ -70.8353375, 41.2553112 ], [ -70.8338694, 41.251489 ], [ -70.8332088, 41.2507135 ], [ -70.8320711, 41.2502703 ], [ -70.83097, 41.2501318 ], [ -70.8292818, 41.2504365 ], [ -70.827777, 41.2504365 ], [ -70.8265659, 41.2499379 ], [ -70.8251712, 41.2493563 ], [ -70.8235369, 41.2484773 ], [ -70.8188685, 41.2468486 ], [ -70.8139799, 41.2452863 ], [ -70.8097079, 41.2446214 ], [ -70.8064048, 41.2440563 ], [ -70.8044229, 41.2441228 ], [ -70.8026612, 41.2447876 ], [ -70.8, 41.2466105 ], [ -70.8, 41.2540488 ] ], [ [ -70.8320843, 41.258449 ], [ -70.8310851, 41.2598261 ], [ -70.8239342, 41.2595242 ], [ -70.8200045, 41.2598755 ], [ -70.8170496, 41.2619947 ], [ -70.8137017, 41.2625132 ], [ -70.8123294, 41.264351 ], [ -70.8099152, 41.2607969 ], [ -70.8026425, 41.2589367 ], [ -70.8020254, 41.2577887 ], [ -70.8032267, 41.2547852 ], [ -70.8038025, 41.252617 ], [ -70.803713, 41.2505607 ], [ -70.8051417, 41.2495495 ], [ -70.8101521, 41.249548 ], [ -70.8220092, 41.2514725 ], [ -70.8252107, 41.2518156 ], [ -70.8315599, 41.2569639 ], [ -70.8320843, 41.258449 ] ] ] } },
{ "type": "Feature", "properties": { "RCID": 512, "PRIM": 3, "GRUP": 1, "OBJL": 42, "RVER": 1, "AGEN": 550, "FIDN": 2012811025, "FIDS": 48294, "LNAM": "022677F90F11BCA6", "DRVAL1": 5.4, "DRVAL2": 10.9 }, "geometry": { "type": "Polygon", "coordinates": [ [ [ -70.8, 41.3019811 ], [ -70.8, 41.3092413 ], [ -70.8113172, 41.3176875 ], [ -70.8169943, 41.3219238 ], [ -70.8211781, 41.3261778 ], [ -70.8246681, 41.3283701 ], [ -70.8252768, 41.3287524 ], [ -70.8260966, 41.3294438 ], [ -70.8306248, 41.3343279 ], [ -70.8323923, 41.3363407 ], [ -70.8376514, 41.3423298 ], [ -70.8388615, 41.3435212 ], [ -70.8411125, 41.3449348 ], [ -70.8432334, 41.3459296 ], [ -70.8432983, 41.3459879 ], [ -70.8442056, 41.3468018 ], [ -70.8454092, 41.3483716 ], [ -70.8472609, 41.3499762 ], [ -70.8487423, 41.3511274 ], [ -70.8504551, 41.3520343 ], [ -70.8515662, 41.3531506 ], [ -70.8527698, 41.3557667 ], [ -70.852955, 41.3566736 ], [ -70.8525383, 41.3573712 ], [ -70.8515662, 41.3579641 ], [ -70.8499922, 41.358871 ], [ -70.8494048, 41.3590108 ], [ -70.8473535, 41.3594988 ], [ -70.8447148, 41.3599522 ], [ -70.8563987, 41.3637243 ], [ -70.8582323, 41.362451 ], [ -70.8600467, 41.361053 ], [ -70.8610659, 41.3599809 ], [ -70.8614823, 41.3595103 ], [ -70.8616072, 41.3584751 ], [ -70.8614591, 41.3572759 ], [ -70.861137, 41.3558325 ], [ -70.8608483, 41.3545387 ], [ -70.8599803, 41.352722 ], [ -70.8572799, 41.35013 ], [ -70.851654, 41.3462539 ], [ -70.847957, 41.3440251 ], [ -70.8449351, 41.3427653 ], [ -70.8410452, 41.3414327 ], [ -70.8396628, 41.3407059 ], [ -70.8380876, 41.3384284 ], [ -70.8371468, 41.3351095 ], [ -70.8365766, 41.3330978 ], [ -70.836673, 41.3316681 ], [ -70.8372196, 41.3305292 ], [ -70.8380554, 41.3299234 ], [ -70.8395021, 41.3293419 ], [ -70.8411095, 41.328833 ], [ -70.8426204, 41.3279848 ], [ -70.843842, 41.3265793 ], [ -70.8441635, 41.3256584 ], [ -70.8435535, 41.3238376 ], [ -70.8423043, 41.3231238 ], [ -70.8392705, 41.3232428 ], [ -70.8359987, 41.3232428 ], [ -70.8313588, 41.322053 ], [ -70.8252317, 41.3210418 ], [ -70.8215435, 41.3205659 ], [ -70.8209793, 41.3203129 ], [ -70.8198184, 41.3197925 ], [ -70.8179048, 41.3187192 ], [ -70.8159907, 41.3173193 ], [ -70.8131443, 41.3148788 ], [ -70.812176, 41.3135339 ], [ -70.8116866, 41.3127729 ], [ -70.8110273, 41.3107271 ], [ -70.8108688, 41.3087347 ], [ -70.8117672, 41.3069813 ], [ -70.8126657, 41.3033547 ], [ -70.8129989, 41.3028823 ], [ -70.8137317, 41.3018431 ], [ -70.8143599, 41.2999585 ], [ -70.8135136, 41.2985598 ], [ -70.8115558, 41.2972171 ], [ -70.8099923, 41.2962062 ], [ -70.8099165, 41.2961499 ], [ -70.8083859, 41.295012 ], [ -70.8076435, 41.2930704 ], [ -70.8082251, 41.2924555 ], [ -70.8096422, 41.2909574 ], [ -70.814839, 41.2907861 ], [ -70.8211755, 41.2907552 ], [ -70.8257886, 41.2899666 ], [ -70.8276338, 41.288482 ], [ -70.8295233, 41.2862354 ], [ -70.8292259, 41.2844508 ], [ -70.8268029, 41.2810351 ], [ -70.8246481, 41.2787332 ], [ -70.823631, 41.2767499 ], [ -70.8234584, 41.2764132 ], [ -70.8225661, 41.2727845 ], [ -70.8243506, 41.2705835 ], [ -70.8253635, 41.2700712 ], [ -70.8345823, 41.2654082 ], [ -70.8396387, 41.2620175 ], [ -70.8412448, 41.2588647 ], [ -70.841871, 41.253313 ], [ -70.8417802, 41.2510125 ], [ -70.8416017, 41.2492279 ], [ -70.8404715, 41.2473838 ], [ -70.836789, 41.2436693 ], [ -70.8346222, 41.2422332 ], [ -70.8317742, 41.2412481 ], [ -70.8285078, 41.2407218 ], [ -70.8191122, 41.2404725 ], [ -70.8105304, 41.2402162 ], [ -70.8040866, 41.2402162 ], [ -70.8003674, 41.2406169 ], [ -70.8, 41.2408172 ], [ -70.8, 41.2466105 ], [ -70.8026612, 41.2447876 ], [ -70.8044229, 41.2441228 ], [ -70.8064048, 41.2440563 ], [ -70.8097079, 41.2446214 ], [ -70.8139799, 41.2452863 ], [ -70.8188685, 41.2468486 ], [ -70.8235369, 41.2484773 ], [ -70.8251712, 41.2493563 ], [ -70.8265659, 41.2499379 ], [ -70.827777, 41.2504365 ], [ -70.8292818, 41.2504365 ], [ -70.83097, 41.2501318 ], [ -70.8320711, 41.2502703 ], [ -70.8332088, 41.2507135 ], [ -70.8338694, 41.251489 ], [ -70.8353375, 41.2553112 ], [ -70.8364752, 41.2576931 ], [ -70.8365486, 41.2588286 ], [ -70.8361816, 41.259881 ], [ -70.8356942, 41.2606265 ], [ -70.8328403, 41.2628198 ], [ -70.8276082, 41.2665683 ], [ -70.8257995, 41.2674971 ], [ -70.8238721, 41.2688534 ], [ -70.8210168, 41.2703524 ], [ -70.8195891, 41.2734933 ], [ -70.8195891, 41.2767056 ], [ -70.8199255, 41.2811431 ], [ -70.8199715, 41.2812069 ], [ -70.8210265, 41.2826713 ], [ -70.822568, 41.2842327 ], [ -70.8237571, 41.2851961 ], [ -70.8240654, 41.2859269 ], [ -70.8240654, 41.2865581 ], [ -70.8233167, 41.2871893 ], [ -70.8216431, 41.2880862 ], [ -70.8198815, 41.2889167 ], [ -70.8176701, 41.2897832 ], [ -70.8164903, 41.2902454 ], [ -70.8146405, 41.2900793 ], [ -70.8127467, 41.2894814 ], [ -70.8115576, 41.2882523 ], [ -70.8101923, 41.2865249 ], [ -70.8099359, 41.2860608 ], [ -70.8093196, 41.2849449 ], [ -70.808695, 41.2833662 ], [ -70.8085636, 41.2813274 ], [ -70.8092234, 41.2788175 ], [ -70.8095317, 41.2767576 ], [ -70.8093965, 41.2757715 ], [ -70.8091353, 41.273867 ], [ -70.8075939, 41.2717073 ], [ -70.8060965, 41.2705775 ], [ -70.8041586, 41.2695807 ], [ -70.8030725, 41.2682326 ], [ -70.8027933, 41.267886 ], [ -70.8019566, 41.2667895 ], [ -70.8, 41.2649852 ], [ -70.8, 41.2667367 ], [ -70.8, 41.2709419 ], [ -70.8, 41.2744904 ], [ -70.8, 41.2768138 ], [ -70.8, 41.2965773 ], [ -70.8025182, 41.2974825 ], [ -70.8040797, 41.2987188 ], [ -70.8041578, 41.2994253 ], [ -70.8033772, 41.3011915 ], [ -70.8025965, 41.3017803 ], [ -70.8016598, 41.3020158 ], [ -70.8001516, 41.3019843 ], [ -70.8, 41.3019811 ] ] ] } },
{ "type": "Feature", "properties": { "RCID": 513, "PRIM": 3, "GRUP": 1, "OBJL": 42, "RVER": 1, "AGEN": 550, "FIDN": -513529692, "FIDS": 48294, "LNAM": "0226E16428A4BCA6", "DRVAL1": 18.2, "DRVAL2": 27.4 }, "geometry": { "type": "Polygon", "coordinates": [ [ [ -71.8814219, 41.2081569 ], [ -71.884809, 41.2082368 ], [ -71.8884606, 41.2079371 ], [ -71.8902865, 41.2076373 ], [ -71.891636, 41.2073376 ], [ -71.8940253, 41.2060721 ], [ -71.8954465, 41.2049595 ], [ -71.8959757, 41.2040002 ], [ -71.8961345, 41.2022016 ], [ -71.8947585, 41.2011423 ], [ -71.8902071, 41.1996434 ], [ -71.885788, 41.1991238 ], [ -71.8821099, 41.1993436 ], [ -71.8770557, 41.2004828 ], [ -71.8750182, 41.2011223 ], [ -71.8717899, 41.2033607 ], [ -71.8707579, 41.2041801 ], [ -71.8706256, 41.2052992 ], [ -71.8726896, 41.2064583 ], [ -71.8763678, 41.2075974 ], [ -71.8795961, 41.2079371 ], [ -71.8814219, 41.2081569 ] ] ] } },
{ "type": "Feature", "properties": { "RCID": 514, "PRIM": 3, "GRUP": 1, "OBJL": 42, "RVER": 1, "AGEN": 550, "FIDN": 1698322369, "FIDS": 48294, "LNAM": "0226653A57C1BCA6", "DRVAL1": 45.7, "DRVAL2": 54.8 }, "geometry": { "type": "Polygon", "coordinates": [ [ [ -71.6064985, 40.8653268 ], [ -71.60603, 40.8639043 ], [ -71.6061861, 40.8626004 ], [ -71.6066544, 40.861415 ], [ -71.6080596, 40.860348 ], [ -71.6094648, 40.8595181 ], [ -71.6110261, 40.8589254 ], [ -71.6127436, 40.8584511 ], [ -71.6142269, 40.8582732 ], [ -71.6174276, 40.858451 ], [ -71.6191452, 40.8586881 ], [ -71.6207066, 40.8591621 ], [ -71.6221119, 40.8601105 ], [ -71.6228926, 40.8616516 ], [ -71.623205, 40.8629555 ], [ -71.6230489, 40.8641409 ], [ -71.6225806, 40.8653263 ], [ -71.6213315, 40.8665117 ], [ -71.6199263, 40.8672229 ], [ -71.618365, 40.8674601 ], [ -71.6168036, 40.8674601 ], [ -71.6152422, 40.8675787 ], [ -71.6094652, 40.8671047 ], [ -71.6079038, 40.8665121 ], [ -71.6064985, 40.8653268 ] ] ] } },
{ "type": "Feature", "properties": { "RCID": 515, "PRIM": 3, "GRUP": 1, "OBJL": 42, "RVER": 1, "AGEN": 550, "FIDN": 1734183958, "FIDS": 48294, "LNAM": "0226675D8C16BCA6", "DRVAL1": 10.9, "DRVAL2": 18.2 }, "geometry": { "type": "Polygon", "coordinates": [ [ [ -71.9787617, 41.158851 ], [ -71.9779604, 41.1583098 ], [ -71.9775513, 41.1575754 ], [ -71.9775513, 41.1568281 ], [ -71.9780627, 41.1553851 ], [ -71.9797299, 41.1530382 ], [ -71.9830338, 41.1503135 ], [ -71.9839271, 41.149445 ], [ -71.9859387, 41.1477698 ], [ -71.9879674, 41.1462621 ], [ -71.9891437, 41.1458626 ], [ -71.990337, 41.1456822 ], [ -71.9912235, 41.1458368 ], [ -71.9920588, 41.1460817 ], [ -71.9925873, 41.1468806 ], [ -71.9925532, 41.1474476 ], [ -71.9922463, 41.1479889 ], [ -71.991411, 41.1488522 ], [ -71.9903711, 41.1503599 ], [ -71.9876435, 41.1539033 ], [ -71.9861092, 41.1561195 ], [ -71.984609, 41.1572791 ], [ -71.9825974, 41.1582196 ], [ -71.9807392, 41.1588896 ], [ -71.9793924, 41.1590184 ], [ -71.9787617, 41.158851 ] ] ] } },
{ "type": "Feature", "properties": { "RCID": 516, "PRIM": 3, "GRUP": 1, "OBJL": 42, "RVER": 1, "AGEN": 550, "FIDN": -989506151, "FIDS": 48294, "LNAM": "0226C5055599BCA6", "DRVAL1": 36.5, "DRVAL2": 45.7 }, "geometry": { "type": "Polygon", "coordinates": [ [ [ -71.7020363, 41.1980431 ], [ -71.7006608, 41.1981621 ], [ -71.6983848, 41.1978708 ], [ -71.6957615, 41.1971132 ], [ -71.6927139, 41.1952191 ], [ -71.6904764, 41.1938787 ], [ -71.6892033, 41.1936456 ], [ -71.6881617, 41.1937039 ], [ -71.6867343, 41.1943741 ], [ -71.6843425, 41.1956271 ], [ -71.6793274, 41.1982787 ], [ -71.6737723, 41.2006388 ], [ -71.6715734, 41.201105 ], [ -71.6691044, 41.2014255 ], [ -71.6680628, 41.2008428 ], [ -71.6676451, 41.2000542 ], [ -71.6675696, 41.1991227 ], [ -71.6679472, 41.1982291 ], [ -71.6689887, 41.1971132 ], [ -71.6713033, 41.195394 ], [ -71.6740037, 41.1932959 ], [ -71.674891, 41.1924509 ], [ -71.6766131, 41.1897384 ], [ -71.6788907, 41.1857517 ], [ -71.6805549, 41.183388 ], [ -71.6816683, 41.1818067 ], [ -71.6837793, 41.1772739 ], [ -71.6847792, 41.1745457 ], [ -71.6865569, 41.1719852 ], [ -71.6890012, 41.1688789 ], [ -71.6910566, 41.1637995 ], [ -71.692112, 41.1599791 ], [ -71.6924454, 41.1570822 ], [ -71.6921676, 41.1550669 ], [ -71.6909731, 41.1508345 ], [ -71.6898157, 41.1480887 ], [ -71.6883691, 41.1461446 ], [ -71.686826, 41.1444192 ], [ -71.6865366, 41.1436901 ], [ -71.6867295, 41.1430097 ], [ -71.6874689, 41.142791 ], [ -71.6883691, 41.1429368 ], [ -71.6897514, 41.14352 ], [ -71.6919696, 41.1446865 ], [ -71.6926769, 41.1454156 ], [ -71.6933311, 41.1469758 ], [ -71.694797, 41.1497752 ], [ -71.696533, 41.1531868 ], [ -71.699002, 41.1574146 ], [ -71.7010466, 41.1617295 ], [ -71.7025511, 41.1656944 ], [ -71.7030912, 41.1686387 ], [ -71.7034384, 41.1730696 ], [ -71.7032455, 41.1767423 ], [ -71.7037085, 41.1787825 ], [ -71.7047115, 41.1808228 ], [ -71.7064089, 41.18228 ], [ -71.7084149, 41.183067 ], [ -71.7111154, 41.1839121 ], [ -71.7135843, 41.1848739 ], [ -71.7145102, 41.1856608 ], [ -71.7152046, 41.1872637 ], [ -71.715166, 41.189391 ], [ -71.7149345, 41.1910812 ], [ -71.7135457, 41.1936456 ], [ -71.7123113, 41.1956562 ], [ -71.7110382, 41.1965595 ], [ -71.7090322, 41.197084 ], [ -71.7043643, 41.1978416 ], [ -71.7020363, 41.1980431 ] ] ] } },
{ "type": "Feature", "properties": { "RCID": 517, "PRIM": 3, "GRUP": 1, "OBJL": 42, "RVER": 1, "AGEN": 550, "FIDN": -943418094, "FIDS": 48294, "LNAM": "0226C7C49512BCA6", "DRVAL1": 0.0, "DRVAL2": 5.4 }, "geometry": { "type": "Polygon", "coordinates": [ [ [ -70.8, 41.3092413 ], [ -70.8, 41.3144456 ], [ -70.8100284, 41.3209939 ], [ -70.8191002, 41.3276557 ], [ -70.8263456, 41.334925 ], [ -70.8282517, 41.3364969 ], [ -70.8284836, 41.3367037 ], [ -70.8290477, 41.3372068 ], [ -70.8305362, 41.3385344 ], [ -70.8342428, 41.3418403 ], [ -70.8383861, 41.3463201 ], [ -70.8388465, 41.3477561 ], [ -70.8360091, 41.3494338 ], [ -70.8353137, 41.3512535 ], [ -70.8336333, 41.3538751 ], [ -70.8287351, 41.3536055 ], [ -70.8295527, 41.3547311 ], [ -70.8301631, 41.355765 ], [ -70.8318453, 41.3564992 ], [ -70.8330489, 41.3569875 ], [ -70.8360117, 41.3575107 ], [ -70.8393911, 41.3583827 ], [ -70.8413354, 41.3593244 ], [ -70.8427242, 41.3597778 ], [ -70.8447148, 41.3599522 ], [ -70.8473535, 41.3594988 ], [ -70.8494048, 41.3590108 ], [ -70.8499922, 41.358871 ], [ -70.8515662, 41.3579641 ], [ -70.8525383, 41.3573712 ], [ -70.852955, 41.3566736 ], [ -70.8527698, 41.3557667 ], [ -70.8515662, 41.3531506 ], [ -70.8504551, 41.3520343 ], [ -70.8487423, 41.3511274 ], [ -70.8472609, 41.3499762 ], [ -70.8454092, 41.3483716 ], [ -70.8442056, 41.3468018 ], [ -70.8432983, 41.3459879 ], [ -70.8432334, 41.3459296 ], [ -70.8411125, 41.3449348 ], [ -70.8388615, 41.3435212 ], [ -70.8376514, 41.3423298 ], [ -70.8323923, 41.3363407 ], [ -70.8306248, 41.3343279 ], [ -70.8260966, 41.3294438 ], [ -70.8252768, 41.3287524 ], [ -70.8246681, 41.3283701 ], [ -70.8211781, 41.3261778 ], [ -70.8169943, 41.3219238 ], [ -70.8113172, 41.3176875 ], [ -70.8, 41.3092413 ] ] ] } },
{ "type": "Feature", "properties": { "RCID": 518, "PRIM": 3, "GRUP": 1, "OBJL": 42, "RVER": 1, "AGEN": 550, "FIDN": 231198626, "FIDS": 48294, "LNAM": "02260DC7CFA2BCA6", "DRVAL1": 0.0, "DRVAL2": 5.4 }, "geometry": { "type": "Polygon", "coordinates": [ [ [ -70.8, 41.2965773 ], [ -70.8, 41.3019811 ], [ -70.8001516, 41.3019843 ], [ -70.8016598, 41.3020158 ], [ -70.8025965, 41.3017803 ], [ -70.8033772, 41.3011915 ], [ -70.8041578, 41.2994253 ], [ -70.8040797, 41.2987188 ], [ -70.8025182, 41.2974825 ], [ -70.8, 41.2965773 ] ] ] } },
{ "type": "Feature", "properties": { "RCID": 519, "PRIM": 3, "GRUP": 1, "OBJL": 42, "RVER": 1, "AGEN": 550, "FIDN": 747140860, "FIDS": 48294, "LNAM": "02262C8876FCBCA6", "DRVAL1": 18.2, "DRVAL2": 27.4 }, "geometry": { "type": "Polygon", "coordinates": [ [ [ -71.6482509, 41.1989749 ], [ -71.6462493, 41.1984133 ], [ -71.6441332, 41.1984997 ], [ -71.6421887, 41.1991909 ], [ -71.6407018, 41.200314 ], [ -71.6400155, 41.2015234 ], [ -71.6399583, 41.2059723 ], [ -71.6402443, 41.2078294 ], [ -71.6411021, 41.2094706 ], [ -71.6424175, 41.2100321 ], [ -71.6439044, 41.2098593 ], [ -71.6456202, 41.2093411 ], [ -71.6474322, 41.208785 ], [ -71.6493839, 41.2080183 ], [ -71.6514136, 41.2061312 ], [ -71.6518038, 41.2052466 ], [ -71.6517967, 41.2037263 ], [ -71.6514536, 41.2025169 ], [ -71.6508668, 41.2014722 ], [ -71.6496807, 41.2000116 ], [ -71.6482509, 41.1989749 ] ] ] } },
{ "type": "Feature", "properties": { "RCID": 520, "PRIM": 3, "GRUP": 1, "OBJL": 42, "RVER": 1, "AGEN": 550, "FIDN": 1023319042, "FIDS": 48294, "LNAM": "02263CFE9C02BCA6", "DRVAL1": 18.2, "DRVAL2": 27.4 }, "geometry": { "type": "Polygon", "coordinates": [ [ [ -71.2453523, 41.3448975 ], [ -71.2441472, 41.3448795 ], [ -71.2425071, 41.344748 ], [ -71.2404464, 41.3450779 ], [ -71.2390413, 41.3457251 ], [ -71.2379484, 41.3464311 ], [ -71.2371677, 41.3473724 ], [ -71.2368555, 41.3483137 ], [ -71.2366994, 41.349255 ], [ -71.2368556, 41.3503139 ], [ -71.2371679, 41.3512552 ], [ -71.2381205, 41.3526221 ], [ -71.2392703, 41.3534208 ], [ -71.2405279, 41.3539082 ], [ -71.2418753, 41.3541792 ], [ -71.2443504, 41.3543139 ], [ -71.2445278, 41.3542805 ], [ -71.2455995, 41.3540785 ], [ -71.2470554, 41.353768 ], [ -71.2481812, 41.353407 ], [ -71.2491873, 41.3529558 ], [ -71.2503371, 41.3519811 ], [ -71.2504569, 41.3507898 ], [ -71.2506006, 41.349779 ], [ -71.2504808, 41.3486779 ], [ -71.2498388, 41.3472012 ], [ -71.2491373, 41.3460102 ], [ -71.2481602, 41.3454054 ], [ -71.245599, 41.3449012 ], [ -71.2453523, 41.3448975 ] ] ] } },
{ "type": "Feature", "properties": { "RCID": 521, "PRIM": 3, "GRUP": 1, "OBJL": 42, "RVER": 1, "AGEN": 550, "FIDN": -962109981, "FIDS": 48294, "LNAM": "0226C6A75DE3BCA6", "DRVAL1": 27.4, "DRVAL2": 36.5 }, "geometry": { "type": "Polygon", "coordinates": [ [ [ -71.2740042, 41.0747715 ], [ -71.2715926, 41.0750935 ], [ -71.2694421, 41.0753018 ], [ -71.2673922, 41.0771116 ], [ -71.2669965, 41.0789794 ], [ -71.267307, 41.0810071 ], [ -71.2675356, 41.0825001 ], [ -71.2681597, 41.0831441 ], [ -71.2688395, 41.0837876 ], [ -71.2692106, 41.0842087 ], [ -71.2707699, 41.0853122 ], [ -71.2719464, 41.0854903 ], [ -71.2734651, 41.0857201 ], [ -71.2764463, 41.0856429 ], [ -71.2792245, 41.084797 ], [ -71.2814004, 41.0831871 ], [ -71.2831088, 41.0807311 ], [ -71.2834504, 41.0785335 ], [ -71.2829103, 41.0774366 ], [ -71.2820602, 41.0764035 ], [ -71.2808495, 41.0757797 ], [ -71.2796388, 41.0754678 ], [ -71.2771925, 41.0751034 ], [ -71.2740042, 41.0747715 ] ] ] } },
{ "type": "Feature", "properties": { "RCID": 522, "PRIM": 3, "GRUP": 1, "OBJL": 42, "RVER": 1, "AGEN": 550, "FIDN": -1455991654, "FIDS": 48294, "LNAM": "0226A937549ABCA6", "DRVAL1": 18.2, "DRVAL2": 27.4 }, "geometry": { "type": "Polygon", "coordinates": [ [ [ -71.2634783, 41.2584534 ], [ -71.2639227, 41.2596691 ], [ -71.2638672, 41.2613458 ], [ -71.2632006, 41.2623099 ], [ -71.2618118, 41.2633579 ], [ -71.2599786, 41.2641962 ], [ -71.2579178, 41.2645473 ], [ -71.2565344, 41.264783 ], [ -71.2542567, 41.2645734 ], [ -71.2525346, 41.2638189 ], [ -71.2509236, 41.2629387 ], [ -71.2500904, 41.2618908 ], [ -71.2499237, 41.2607171 ], [ -71.2503348, 41.2581965 ], [ -71.2503681, 41.2579923 ], [ -71.2510347, 41.2571958 ], [ -71.2520902, 41.2564413 ], [ -71.2544789, 41.2558125 ], [ -71.2572565, 41.2557286 ], [ -71.2598675, 41.2557286 ], [ -71.2613118, 41.2561478 ], [ -71.262645, 41.2568605 ], [ -71.2634783, 41.2584534 ] ] ] } },
{ "type": "Feature", "properties": { "RCID": 523, "PRIM": 3, "GRUP": 1, "OBJL": 42, "RVER": 1, "AGEN": 550, "FIDN": 75686873, "FIDS": 48294, "LNAM": "02260482E3D9BCA6", "DRVAL1": 10.9, "DRVAL2": 18.2 }, "geometry": { "type": "Polygon", "coordinates": [ [ [ -71.7281631, 41.1737974 ], [ -71.7260336, 41.1750488 ], [ -71.7245541, 41.1753493 ], [ -71.7229281, 41.1755649 ], [ -71.7195621, 41.1757157 ], [ -71.717879, 41.1755002 ], [ -71.7168521, 41.1749614 ], [ -71.7157967, 41.1740346 ], [ -71.7153402, 41.1735388 ], [ -71.7152909, 41.1720524 ], [ -71.7155867, 41.168663 ], [ -71.7169669, 41.1638206 ], [ -71.7182978, 41.1611385 ], [ -71.7194808, 41.1592013 ], [ -71.7207131, 41.157972 ], [ -71.7219454, 41.1573014 ], [ -71.7243182, 41.1567668 ], [ -71.7275699, 41.1564601 ], [ -71.7289255, 41.1567084 ], [ -71.7309793, 41.1574846 ], [ -71.7334439, 41.1588506 ], [ -71.734553, 41.1596577 ], [ -71.7347995, 41.1604338 ], [ -71.7347956, 41.1606006 ], [ -71.7347584, 41.1622033 ], [ -71.7341422, 41.1640658 ], [ -71.7326635, 41.1675735 ], [ -71.7307328, 41.1706154 ], [ -71.7294644, 41.1726354 ], [ -71.7281631, 41.1737974 ] ] ] } },
{ "type": "Feature", "properties": { "RCID": 524, "PRIM": 3, "GRUP": 1, "OBJL": 42, "RVER": 1, "AGEN": 550, "FIDN": 1024210123, "FIDS": 48294, "LNAM": "02263D0C34CBBCA6", "DRVAL1": 5.4, "DRVAL2": 10.9 }, "geometry": { "type": "Polygon", "coordinates": [ [ [ -71.6249575, 41.1306179 ], [ -71.6249313, 41.13061 ], [ -71.6227334, 41.1287833 ], [ -71.6209392, 41.1275972 ], [ -71.6188085, 41.1269194 ], [ -71.6162294, 41.1280208 ], [ -71.6153323, 41.1287833 ], [ -71.6130894, 41.1321721 ], [ -71.6134259, 41.1359844 ], [ -71.6134991, 41.1361108 ], [ -71.6120402, 41.1366457 ], [ -71.6116003, 41.1368069 ], [ -71.6109103, 41.1371025 ], [ -71.6098932, 41.1374269 ], [ -71.6089454, 41.1376097 ], [ -71.6072446, 41.137714 ], [ -71.599637, 41.1378009 ], [ -71.5922593, 41.1386523 ], [ -71.5836864, 41.1406678 ], [ -71.5811353, 41.1415192 ], [ -71.5746998, 41.1428744 ], [ -71.57031, 41.1433956 ], [ -71.5649548, 41.1434651 ], [ -71.5575541, 41.1433783 ], [ -71.5516703, 41.1434999 ], [ -71.5500844, 41.1437779 ], [ -71.5486699, 41.1441623 ], [ -71.5466165, 41.14506 ], [ -71.5430862, 41.1472908 ], [ -71.540797, 41.1491462 ], [ -71.5405764, 41.1497717 ], [ -71.5402454, 41.1525443 ], [ -71.5401627, 41.1562965 ], [ -71.5401413, 41.1564335 ], [ -71.539749, 41.1589437 ], [ -71.5396347, 41.1617694 ], [ -71.5389595, 41.1668416 ], [ -71.5387609, 41.1702929 ], [ -71.5391581, 41.1716134 ], [ -71.5406276, 41.1729338 ], [ -71.5453537, 41.1766848 ], [ -71.5505168, 41.1803156 ], [ -71.5519465, 41.1819059 ], [ -71.5538132, 41.1843063 ], [ -71.5548161, 41.1861816 ], [ -71.5554018, 41.1872766 ], [ -71.5569904, 41.1916568 ], [ -71.5575323, 41.193117 ], [ -71.5576117, 41.1945569 ], [ -71.5574926, 41.1956969 ], [ -71.5564203, 41.1974668 ], [ -71.5543948, 41.1995066 ], [ -71.5534813, 41.2004365 ], [ -71.5496686, 41.2017863 ], [ -71.5461736, 41.2028962 ], [ -71.5442673, 41.204186 ], [ -71.542917, 41.2055057 ], [ -71.5414078, 41.2076053 ], [ -71.5410503, 41.2096748 ], [ -71.5415666, 41.2119541 ], [ -71.5448233, 41.2150431 ], [ -71.5499466, 41.220591 ], [ -71.5535607, 41.2252688 ], [ -71.5559834, 41.2278775 ], [ -71.5583663, 41.2295865 ], [ -71.561623, 41.2314155 ], [ -71.5667861, 41.2340239 ], [ -71.5705193, 41.2360925 ], [ -71.5718377, 41.2374391 ], [ -71.5721411, 41.2381886 ], [ -71.5722838, 41.239056 ], [ -71.5718592, 41.2402147 ], [ -71.5704547, 41.2424582 ], [ -71.5694382, 41.2441841 ], [ -71.5688314, 41.246807 ], [ -71.5685832, 41.2500542 ], [ -71.5688038, 41.2513031 ], [ -71.5698243, 41.2526352 ], [ -71.570762, 41.2532596 ], [ -71.5718377, 41.2533429 ], [ -71.5740441, 41.2527184 ], [ -71.5757817, 41.2516361 ], [ -71.5769545, 41.250577 ], [ -71.5775165, 41.2501528 ], [ -71.5789961, 41.2482383 ], [ -71.5800247, 41.246377 ], [ -71.5803187, 41.2453663 ], [ -71.5804236, 41.2435707 ], [ -71.5812985, 41.2413729 ], [ -71.5816613, 41.2384841 ], [ -71.582801, 41.2328411 ], [ -71.5830366, 41.2299968 ], [ -71.5837587, 41.2271416 ], [ -71.5841728, 41.2250242 ], [ -71.5845647, 41.2231501 ], [ -71.5846947, 41.2217641 ], [ -71.5851245, 41.2207366 ], [ -71.5855304, 41.219727 ], [ -71.5860318, 41.2186273 ], [ -71.5864855, 41.2172751 ], [ -71.5868197, 41.2155082 ], [ -71.5885759, 41.2108814 ], [ -71.5954409, 41.208047 ], [ -71.5971472, 41.2065627 ], [ -71.5983355, 41.2043641 ], [ -71.598989, 41.200909 ], [ -71.5996892, 41.1980767 ], [ -71.6002055, 41.1954069 ], [ -71.6009601, 41.1937869 ], [ -71.6025488, 41.1920469 ], [ -71.6048125, 41.1910569 ], [ -71.6075926, 41.1903969 ], [ -71.6093798, 41.1897369 ], [ -71.6114053, 41.1881168 ], [ -71.6145032, 41.1852965 ], [ -71.6174818, 41.181756 ], [ -71.6202619, 41.1774351 ], [ -71.6226449, 41.1723637 ], [ -71.6236353, 41.1701938 ], [ -71.6257262, 41.1647754 ], [ -71.6276944, 41.1614285 ], [ -71.6298801, 41.1583604 ], [ -71.630973, 41.1565902 ], [ -71.6330121, 41.1513434 ], [ -71.633223, 41.151097 ], [ -71.6357403, 41.1481561 ], [ -71.6358264, 41.1477144 ], [ -71.635845, 41.1460927 ], [ -71.635405, 41.1450481 ], [ -71.6351808, 41.1419987 ], [ -71.6359138, 41.1401144 ], [ -71.6374726, 41.1360972 ], [ -71.6359682, 41.1353838 ], [ -71.6310967, 41.1331159 ], [ -71.6268925, 41.1312006 ], [ -71.6249575, 41.1306179 ] ], [ [ -71.5447761, 41.1538445 ], [ -71.5460482, 41.1524411 ], [ -71.5478017, 41.1512977 ], [ -71.5514463, 41.1495045 ], [ -71.5539232, 41.149125 ], [ -71.557092, 41.1487973 ], [ -71.5630627, 41.1479652 ], [ -71.5750118, 41.1468716 ], [ -71.58504, 41.1459872 ], [ -71.5919643, 41.1454097 ], [ -71.5930626, 41.1452653 ], [ -71.6007031, 41.1456082 ], [ -71.6062535, 41.1460537 ], [ -71.6114954, 41.1464745 ], [ -71.6147904, 41.1471604 ], [ -71.6163662, 41.1483516 ], [ -71.6172326, 41.1495097 ], [ -71.6177913, 41.1507766 ], [ -71.6180368, 41.1530858 ], [ -71.6183669, 41.1559235 ], [ -71.6185731, 41.1607568 ], [ -71.6183256, 41.1654961 ], [ -71.617305, 41.1692265 ], [ -71.6161876, 41.1731236 ], [ -71.6136949, 41.1787738 ], [ -71.6122909, 41.1818477 ], [ -71.6099415, 41.1854842 ], [ -71.6073341, 41.1881032 ], [ -71.6060735, 41.1889473 ], [ -71.6044976, 41.1894235 ], [ -71.6021195, 41.1899213 ], [ -71.6011167, 41.1904408 ], [ -71.6003144, 41.1915229 ], [ -71.597793, 41.1970417 ], [ -71.5954436, 41.2018243 ], [ -71.59467, 41.2030362 ], [ -71.5938104, 41.2035339 ], [ -71.5922918, 41.2038801 ], [ -71.5899137, 41.2043994 ], [ -71.5879654, 41.2054381 ], [ -71.5863609, 41.207061 ], [ -71.5850715, 41.2086622 ], [ -71.5848013, 41.2097175 ], [ -71.5847296, 41.2155232 ], [ -71.5850639, 41.2169655 ], [ -71.585231, 41.2183898 ], [ -71.5851355, 41.2196338 ], [ -71.5845864, 41.2205893 ], [ -71.5837507, 41.2215988 ], [ -71.5825807, 41.2229509 ], [ -71.5819599, 41.2243209 ], [ -71.5819132, 41.225662 ], [ -71.5818538, 41.2308436 ], [ -71.5816656, 41.2328759 ], [ -71.5802793, 41.2378093 ], [ -71.5790874, 41.2410823 ], [ -71.5783087, 41.2432208 ], [ -71.5772199, 41.2467025 ], [ -71.5765609, 41.2493407 ], [ -71.5759306, 41.2502489 ], [ -71.5746412, 41.2514382 ], [ -71.5734092, 41.2520436 ], [ -71.5723777, 41.2521301 ], [ -71.5716328, 41.2519571 ], [ -71.570458, 41.250876 ], [ -71.5693406, 41.2492974 ], [ -71.5691687, 41.2479351 ], [ -71.5694552, 41.2466376 ], [ -71.570544, 41.2452536 ], [ -71.5719797, 41.2440057 ], [ -71.572788, 41.2432291 ], [ -71.5738904, 41.2418285 ], [ -71.5752683, 41.2395265 ], [ -71.5755255, 41.2382506 ], [ -71.5754098, 41.2368513 ], [ -71.5751003, 41.235865 ], [ -71.573725, 41.2342818 ], [ -71.5715589, 41.2328543 ], [ -71.5692209, 41.2317122 ], [ -71.5652326, 41.230648 ], [ -71.5622069, 41.2299212 ], [ -71.5601783, 41.2293762 ], [ -71.5582186, 41.2279485 ], [ -71.5557351, 41.2250179 ], [ -71.5533168, 41.2221944 ], [ -71.5498154, 41.2183362 ], [ -71.5490055, 41.2172226 ], [ -71.5475697, 41.2155029 ], [ -71.5474152, 41.2140791 ], [ -71.5483124, 41.2097078 ], [ -71.5496492, 41.2066418 ], [ -71.5516759, 41.2044485 ], [ -71.5529939, 41.2033233 ], [ -71.556776, 41.20064 ], [ -71.5607873, 41.197805 ], [ -71.5621912, 41.1962036 ], [ -71.5629362, 41.1948834 ], [ -71.5635378, 41.1933035 ], [ -71.5636525, 41.1911176 ], [ -71.5632227, 41.1879792 ], [ -71.5620479, 41.1855117 ], [ -71.5615861, 41.1846394 ], [ -71.5607873, 41.1831307 ], [ -71.5600996, 41.1823947 ], [ -71.5562316, 41.1801001 ], [ -71.5531658, 41.177957 ], [ -71.552077, 41.176788 ], [ -71.5509023, 41.1749696 ], [ -71.5492118, 41.1721335 ], [ -71.5484382, 41.1714407 ], [ -71.5477506, 41.1708778 ], [ -71.5439972, 41.1692324 ], [ -71.543023, 41.1685612 ], [ -71.5427936, 41.167685 ], [ -71.5425924, 41.1656223 ], [ -71.5427074, 41.1598466 ], [ -71.5430522, 41.1578271 ], [ -71.5447761, 41.1538445 ] ] ] } },
{ "type": "Feature", "properties": { "RCID": 525, "PRIM": 3, "GRUP": 1, "OBJL": 42, "RVER": 1, "AGEN": 550, "FIDN": -1248699466, "FIDS": 48294, "LNAM": "0226B5925BB6BCA6", "DRVAL1": 27.4, "DRVAL2": 36.5 }, "geometry": { "type": "Polygon", "coordinates": [ [ [ -70.9080686, 41.0763934 ], [ -70.9125268, 41.0766937 ], [ -70.9146488, 41.0763879 ], [ -70.9178487, 41.0757761 ], [ -70.9190653, 41.0746217 ], [ -70.9199206, 41.0735176 ], [ -70.9204489, 41.071138 ], [ -70.9202979, 41.0689486 ], [ -70.919259, 41.0676386 ], [ -70.9173772, 41.0668289 ], [ -70.9134699, 41.0663955 ], [ -70.9093269, 41.0667014 ], [ -70.9057902, 41.0678741 ], [ -70.9046786, 41.0686388 ], [ -70.9039215, 41.069745 ], [ -70.9042744, 41.0726919 ], [ -70.9051839, 41.0745017 ], [ -70.906028, 41.0753402 ], [ -70.9066996, 41.0759291 ], [ -70.9080686, 41.0763934 ] ] ] } },
{ "type": "Feature", "properties": { "RCID": 526, "PRIM": 3, "GRUP": 1, "OBJL": 42, "RVER": 1, "AGEN": 550, "FIDN": -622501796, "FIDS": 48294, "LNAM": "0226DAE5605CBCA6", "DRVAL1": 27.4, "DRVAL2": 36.5 }, "geometry": { "type": "Polygon", "coordinates": [ [ [ -71.6298944, 41.0796698 ], [ -71.630928, 41.0799826 ], [ -71.6321682, 41.0799044 ], [ -71.6332535, 41.0798262 ], [ -71.6339253, 41.0792787 ], [ -71.6341836, 41.0786531 ], [ -71.6342353, 41.0779883 ], [ -71.6335118, 41.0773626 ], [ -71.6324783, 41.0769325 ], [ -71.630928, 41.0769716 ], [ -71.629636, 41.0774017 ], [ -71.6292226, 41.0779492 ], [ -71.6292226, 41.0786531 ], [ -71.6294293, 41.0792787 ], [ -71.6298944, 41.0796698 ] ] ] } },
{ "type": "Feature", "properties": { "RCID": 527, "PRIM": 3, "GRUP": 1, "OBJL": 42, "RVER": 1, "AGEN": 550, "FIDN": 1065087708, "FIDS": 48294, "LNAM": "02263F7BF2DCBCA6", "DRVAL1": 27.4, "DRVAL2": 36.5 }, "geometry": { "type": "Polygon", "coordinates": [ [ [ -71.5747686, 41.0738018 ], [ -71.5753715, 41.0739974 ], [ -71.5766203, 41.0738996 ], [ -71.5774816, 41.0737693 ], [ -71.5783429, 41.0733456 ], [ -71.5788597, 41.0723679 ], [ -71.5784721, 41.0716509 ], [ -71.5778692, 41.0711295 ], [ -71.5767495, 41.0709339 ], [ -71.5754145, 41.0709013 ], [ -71.5746824, 41.0711621 ], [ -71.574381, 41.0718465 ], [ -71.5742518, 41.0725309 ], [ -71.574424, 41.073313 ], [ -71.5747686, 41.0738018 ] ] ] } },
{ "type": "Feature", "properties": { "RCID": 528, "PRIM": 3, "GRUP": 1, "OBJL": 42, "RVER": 1, "AGEN": 550, "FIDN": 1622699688, "FIDS": 48294, "LNAM": "022660B86EA8BCA6", "DRVAL1": 18.2, "DRVAL2": 27.4 }, "geometry": { "type": "Polygon", "coordinates": [ [ [ -71.3137278, 41.3298556 ], [ -71.3200391, 41.3292618 ], [ -71.3213814, 41.3298239 ], [ -71.3227535, 41.3307232 ], [ -71.3237974, 41.3321397 ], [ -71.3244536, 41.3336235 ], [ -71.3246028, 41.3352422 ], [ -71.3245729, 41.3361189 ], [ -71.324036, 41.3371756 ], [ -71.3220376, 41.3383445 ], [ -71.3196056, 41.3389917 ], [ -71.3152694, 41.3391556 ], [ -71.3123734, 41.3382097 ], [ -71.3103828, 41.3373389 ], [ -71.3101363, 41.3367259 ], [ -71.3099872, 41.3352422 ], [ -71.3101065, 41.3328591 ], [ -71.3103828, 41.3319361 ], [ -71.3112139, 41.3310722 ], [ -71.3125822, 41.3303635 ], [ -71.3137278, 41.3298556 ] ] ] } },
{ "type": "Feature", "properties": { "RCID": 529, "PRIM": 3, "GRUP": 1, "OBJL": 42, "RVER": 1, "AGEN": 550, "FIDN": 307242007, "FIDS": 48294, "LNAM": "022612502417BCA6", "DRVAL1": 27.4, "DRVAL2": 36.5 }, "geometry": { "type": "Polygon", "coordinates": [ [ [ -71.2163037, 41.1648425 ], [ -71.2150929, 41.1643395 ], [ -71.2136877, 41.1643395 ], [ -71.2122825, 41.1648116 ], [ -71.2113457, 41.1655196 ], [ -71.2106829, 41.1665536 ], [ -71.2099804, 41.1684415 ], [ -71.2088096, 41.1741046 ], [ -71.2089659, 41.1761102 ], [ -71.2095124, 41.177172 ], [ -71.2102931, 41.1782336 ], [ -71.2115423, 41.1788825 ], [ -71.2140405, 41.1794132 ], [ -71.2153676, 41.1794721 ], [ -71.2178658, 41.1792951 ], [ -71.220364, 41.179295 ], [ -71.2224719, 41.1788231 ], [ -71.2234086, 41.1778793 ], [ -71.2237989, 41.1768766 ], [ -71.2237208, 41.174989 ], [ -71.2231742, 41.1731014 ], [ -71.2227057, 41.1721576 ], [ -71.2210661, 41.1703289 ], [ -71.2185678, 41.1666124 ], [ -71.2163037, 41.1648425 ] ] ] } },
{ "type": "Feature", "properties": { "RCID": 530, "PRIM": 3, "GRUP": 1, "OBJL": 42, "RVER": 1, "AGEN": 550, "FIDN": -1437721389, "FIDS": 48294, "LNAM": "0226AA4E1CD3BCA6", "DRVAL1": 18.2, "DRVAL2": 27.4 }, "geometry": { "type": "Polygon", "coordinates": [ [ [ -71.1083994, 41.1327172 ], [ -71.1101581, 41.133781 ], [ -71.1115141, 41.135556 ], [ -71.1115562, 41.1377469 ], [ -71.1114144, 41.1397075 ], [ -71.1106373, 41.1407699 ], [ -71.1091264, 41.141573 ], [ -71.1055873, 41.1418679 ], [ -71.1031436, 41.1417415 ], [ -71.1011634, 41.1415309 ], [ -71.0994221, 41.1406962 ], [ -71.098453, 41.140022 ], [ -71.0974418, 41.1379575 ], [ -71.0976946, 41.1357245 ], [ -71.0993544, 41.133705 ], [ -71.1016156, 41.1327552 ], [ -71.1053341, 41.1324893 ], [ -71.1083994, 41.1327172 ] ] ] } },
{ "type": "Feature", "properties": { "RCID": 531, "PRIM": 3, "GRUP": 1, "OBJL": 42, "RVER": 1, "AGEN": 550, "FIDN": 429548056, "FIDS": 48294, "LNAM": "0226199A6218BCA6", "DRVAL1": 27.4, "DRVAL2": 36.5 }, "geometry": { "type": "Polygon", "coordinates": [ [ [ -71.9786343, 41.2208786 ], [ -71.9799281, 41.221674 ], [ -71.98113, 41.2229284 ], [ -71.9823975, 41.2249563 ], [ -71.9824793, 41.226439 ], [ -71.9817224, 41.2273812 ], [ -71.9798813, 41.2281997 ], [ -71.9772628, 41.2286322 ], [ -71.9750329, 41.2286322 ], [ -71.9711052, 41.2278754 ], [ -71.9691004, 41.2271649 ], [ -71.9673206, 41.226022 ], [ -71.9666864, 41.225188 ], [ -71.9662773, 41.2237053 ], [ -71.9664819, 41.2222688 ], [ -71.9680366, 41.2198747 ], [ -71.968814, 41.2193341 ], [ -71.9700005, 41.2187471 ], [ -71.9710029, 41.2186545 ], [ -71.9736828, 41.2187471 ], [ -71.9751966, 41.2190252 ], [ -71.9765345, 41.219432 ], [ -71.9786343, 41.2208786 ] ] ] } },
{ "type": "Feature", "properties": { "RCID": 532, "PRIM": 3, "GRUP": 1, "OBJL": 42, "RVER": 1, "AGEN": 550, "FIDN": 1429036909, "FIDS": 48294, "LNAM": "0226552D5F6DBCA6", "DRVAL1": 18.2, "DRVAL2": 27.4 }, "geometry": { "type": "Polygon", "coordinates": [ [ [ -70.899245, 41.230433 ], [ -70.90083, 41.2318928 ], [ -70.9020504, 41.2325748 ], [ -70.9032867, 41.2330175 ], [ -70.9043011, 41.2330295 ], [ -70.9066001, 41.2326489 ], [ -70.9108727, 41.2311354 ], [ -70.9125488, 41.2293738 ], [ -70.9138306, 41.2272895 ], [ -70.9149507, 41.2246325 ], [ -70.9153934, 41.2233962 ], [ -70.915842, 41.2221432 ], [ -70.9158663, 41.2210447 ], [ -70.9159576, 41.220252 ], [ -70.9157522, 41.2188734 ], [ -70.9152691, 41.2177245 ], [ -70.9143181, 41.2161734 ], [ -70.9131009, 41.2151394 ], [ -70.9091638, 41.2136457 ], [ -70.9038193, 41.2124249 ], [ -70.9024499, 41.2122525 ], [ -70.9017651, 41.2124823 ], [ -70.9009663, 41.2134877 ], [ -70.9004908, 41.214967 ], [ -70.9001675, 41.2181697 ], [ -70.9002695, 41.220943 ], [ -70.9002816, 41.2212716 ], [ -70.8994067, 41.2240575 ], [ -70.8988963, 41.2260296 ], [ -70.898516, 41.2278604 ], [ -70.8987062, 41.2292604 ], [ -70.899245, 41.230433 ] ], [ [ -70.9072295, 41.2234344 ], [ -70.9087131, 41.2235205 ], [ -70.9098542, 41.2239686 ], [ -70.9111552, 41.2250025 ], [ -70.9116116, 41.2257607 ], [ -70.9117258, 41.2277595 ], [ -70.9113606, 41.2294481 ], [ -70.9102194, 41.2304647 ], [ -70.9086902, 41.2307576 ], [ -70.9046733, 41.2311022 ], [ -70.9022311, 41.2310161 ], [ -70.9010671, 41.2303441 ], [ -70.9002227, 41.2290346 ], [ -70.9001086, 41.2280007 ], [ -70.9001086, 41.2255022 ], [ -70.9008389, 41.2242443 ], [ -70.902117, 41.2235722 ], [ -70.9056547, 41.2234344 ], [ -70.9072295, 41.2234344 ] ] ] } },
{ "type": "Feature", "properties": { "RCID": 533, "PRIM": 3, "GRUP": 1, "OBJL": 42, "RVER": 1, "AGEN": 550, "FIDN": -770102510, "FIDS": 48294, "LNAM": "0226D2192B12BCA6", "DRVAL1": 10.9, "DRVAL2": 18.2 }, "geometry": { "type": "Polygon", "coordinates": [ [ [ -72.0, 41.1223042 ], [ -72.0, 41.1413773 ], [ -71.9992026, 41.1407889 ], [ -71.9946983, 41.1378183 ], [ -71.9915357, 41.1358331 ], [ -71.9906731, 41.1344854 ], [ -71.9906348, 41.1322537 ], [ -71.9914207, 41.1312537 ], [ -71.9933374, 41.1303407 ], [ -71.9945449, 41.1299494 ], [ -71.9958675, 41.1291378 ], [ -71.9969792, 41.1278335 ], [ -71.9976117, 41.1253406 ], [ -71.9987234, 41.1230796 ], [ -71.999586, 41.1224564 ], [ -72.0, 41.1223042 ] ] ] } },
{ "type": "Feature", "properties": { "RCID": 534, "PRIM": 3, "GRUP": 1, "OBJL": 42, "RVER": 2, "AGEN": 550, "FIDN": -2039465203, "FIDS": 48294, "LNAM": "022686703B0DBCA6", "DRVAL1": 18.2, "DRVAL2": 27.4 }, "geometry": { "type": "Polygon", "coordinates": [ [ [ -71.354819, 41.3984436 ], [ -71.3541847, 41.3993989 ], [ -71.3515305, 41.4022205 ], [ -71.3492666, 41.4039253 ], [ -71.3483298, 41.4048069 ], [ -71.3476273, 41.4057474 ], [ -71.3458318, 41.4076284 ], [ -71.342514, 41.4099403 ], [ -71.3412259, 41.411155 ], [ -71.3388059, 41.4127418 ], [ -71.3341442, 41.4147822 ], [ -71.3302707, 41.4176983 ], [ -71.3291257, 41.4192655 ], [ -71.3286573, 41.4202058 ], [ -71.3273563, 41.4217728 ], [ -71.3238174, 41.424378 ], [ -71.3215534, 41.4257296 ], [ -71.3203044, 41.4260235 ], [ -71.3178062, 41.4263761 ], [ -71.3160106, 41.4271399 ], [ -71.311639, 41.4296079 ], [ -71.3103899, 41.430078 ], [ -71.3097408, 41.4301391 ], [ -71.3091407, 41.4301956 ], [ -71.3053935, 41.4301369 ], [ -71.3028953, 41.4296082 ], [ -71.3001023, 41.428412 ], [ -71.3014863, 41.4218415 ], [ -71.3003966, 41.4202066 ], [ -71.3001624, 41.4195014 ], [ -71.2982105, 41.4165632 ], [ -71.2973162, 41.4156656 ], [ -71.2938385, 41.4133897 ], [ -71.2914183, 41.4123906 ], [ -71.2864218, 41.4108627 ], [ -71.2840017, 41.4097461 ], [ -71.2793955, 41.4065135 ], [ -71.277834, 41.4046327 ], [ -71.2760383, 41.4028105 ], [ -71.2715102, 41.3994013 ], [ -71.2688557, 41.3966973 ], [ -71.2688556, 41.3938755 ], [ -71.2679186, 41.3910536 ], [ -71.2647957, 41.3872321 ], [ -71.263, 41.3855271 ], [ -71.2598314, 41.3834024 ], [ -71.2588622, 41.3822346 ], [ -71.2576911, 41.380353 ], [ -71.2563638, 41.3765897 ], [ -71.2552707, 41.374708 ], [ -71.25449, 41.373767 ], [ -71.2539621, 41.3733694 ], [ -71.253397, 41.3729437 ], [ -71.2521478, 41.3723557 ], [ -71.2479544, 41.3707764 ], [ -71.2445278, 41.3690765 ], [ -71.2410618, 41.3673571 ], [ -71.2385636, 41.3656516 ], [ -71.2348162, 41.363652 ], [ -71.2337232, 41.3628286 ], [ -71.2331766, 41.3609465 ], [ -71.2332546, 41.3590642 ], [ -71.2330984, 41.3581231 ], [ -71.2328495, 41.3575129 ], [ -71.2324738, 41.357182 ], [ -71.2318236, 41.3570313 ], [ -71.231138, 41.3570382 ], [ -71.2276336, 41.3583585 ], [ -71.2265407, 41.3584778 ], [ -71.2252135, 41.3581838 ], [ -71.2227933, 41.3567705 ], [ -71.2190459, 41.3553588 ], [ -71.2177969, 41.3550647 ], [ -71.2152986, 41.3547707 ], [ -71.2128784, 41.3534766 ], [ -71.2120196, 41.3528296 ], [ -71.2113951, 41.3518884 ], [ -71.2104583, 41.3510648 ], [ -71.2092871, 41.3505942 ], [ -71.2067889, 41.350006 ], [ -71.2042907, 41.3490059 ], [ -71.2016697, 41.3466276 ], [ -71.2000748, 41.3457704 ], [ -71.1979669, 41.3441231 ], [ -71.196874, 41.3438143 ], [ -71.1907846, 41.3436232 ], [ -71.1892232, 41.3437703 ], [ -71.1879741, 41.3441234 ], [ -71.1868032, 41.3447118 ], [ -71.1856322, 41.3464768 ], [ -71.1849297, 41.3483594 ], [ -71.1831863, 41.3505557 ], [ -71.1781381, 41.35436 ], [ -71.1774056, 41.3549028 ], [ -71.1704028, 41.3591889 ], [ -71.1639278, 41.3615639 ], [ -71.1585599, 41.3632808 ], [ -71.1575361, 41.3636083 ], [ -71.1516722, 41.3661806 ], [ -71.1475583, 41.3693444 ], [ -71.1392444, 41.3706639 ], [ -71.1288278, 41.3711917 ], [ -71.1275167, 41.3705972 ], [ -71.1267278, 41.3690167 ], [ -71.1267224, 41.368816 ], [ -71.1266389, 41.3657194 ], [ -71.1286528, 41.3620944 ], [ -71.1310167, 41.3593889 ], [ -71.1337306, 41.3573444 ], [ -71.1370556, 41.3566861 ], [ -71.139273, 41.356563 ], [ -71.1430083, 41.3563556 ], [ -71.1450222, 41.3555 ], [ -71.1473833, 41.3533889 ], [ -71.1502722, 41.3506194 ], [ -71.1530281, 41.3480245 ], [ -71.156617, 41.3461107 ], [ -71.1598644, 41.3450238 ], [ -71.1629639, 41.3427028 ], [ -71.1634028, 41.3396694 ], [ -71.1621778, 41.3365694 ], [ -71.1609381, 41.3354116 ], [ -71.1599889, 41.334525 ], [ -71.1584238, 41.3329974 ], [ -71.1567599, 41.332864 ], [ -71.1529099, 41.3343835 ], [ -71.146696, 41.3373502 ], [ -71.1441619, 41.3390412 ], [ -71.1387909, 41.3410654 ], [ -71.1362927, 41.3414773 ], [ -71.1350437, 41.3415362 ], [ -71.1337945, 41.3413597 ], [ -71.1312963, 41.3407715 ], [ -71.1300472, 41.3402419 ], [ -71.1296755, 41.3398756 ], [ -71.1290323, 41.3392417 ], [ -71.129644, 41.3366237 ], [ -71.1310327, 41.3347921 ], [ -71.1342265, 41.3310765 ], [ -71.1385313, 41.3280933 ], [ -71.1407531, 41.3270466 ], [ -71.1436418, 41.3263037 ], [ -71.1466547, 41.3255288 ], [ -71.1526258, 41.3240632 ], [ -71.1569306, 41.3225977 ], [ -71.1601939, 41.3208181 ], [ -71.1634572, 41.3196142 ], [ -71.1650239, 41.3188365 ], [ -71.1665909, 41.3175642 ], [ -71.167274, 41.3166252 ], [ -71.1682383, 41.315474 ], [ -71.1695642, 41.3148984 ], [ -71.1720956, 41.3138381 ], [ -71.1772788, 41.3133837 ], [ -71.1786851, 41.3138684 ], [ -71.180212, 41.3139896 ], [ -71.1814978, 41.3137776 ], [ -71.1818996, 41.313414 ], [ -71.1818192, 41.3125052 ], [ -71.1801316, 41.3099907 ], [ -71.1785244, 41.3083243 ], [ -71.1778815, 41.3075063 ], [ -71.1778815, 41.3066277 ], [ -71.1788459, 41.30584 ], [ -71.1885293, 41.3009012 ], [ -71.1926618, 41.2980652 ], [ -71.1950225, 41.2954471 ], [ -71.1956763, 41.294513 ], [ -71.1959576, 41.2930585 ], [ -71.1955558, 41.291119 ], [ -71.1931852, 41.2875126 ], [ -71.1900109, 41.2853002 ], [ -71.18678, 41.2843835 ], [ -71.1856313, 41.2840575 ], [ -71.1819749, 41.2840575 ], [ -71.1788006, 41.2843606 ], [ -71.1745415, 41.2849668 ], [ -71.1716486, 41.2863912 ], [ -71.1685949, 41.289331 ], [ -71.1652599, 41.2923615 ], [ -71.163934, 41.2933918 ], [ -71.1626482, 41.2937858 ], [ -71.1607999, 41.2938161 ], [ -71.1586302, 41.2933009 ], [ -71.1566212, 41.2929372 ], [ -71.1553756, 41.2928766 ], [ -71.1520004, 41.2934827 ], [ -71.1481632, 41.2943777 ], [ -71.1481029, 41.2943918 ], [ -71.1421965, 41.2963312 ], [ -71.136531, 41.297513 ], [ -71.1292182, 41.298816 ], [ -71.1264056, 41.2993917 ], [ -71.1238341, 41.2995735 ], [ -71.121584, 41.2992402 ], [ -71.1166418, 41.2980887 ], [ -71.1145926, 41.297816 ], [ -71.113347, 41.2977251 ], [ -71.1111773, 41.2979372 ], [ -71.1097308, 41.2990281 ], [ -71.108887, 41.3002098 ], [ -71.108887, 41.3017551 ], [ -71.1086861, 41.3038761 ], [ -71.1081638, 41.3051486 ], [ -71.107762, 41.3059061 ], [ -71.1064361, 41.3064818 ], [ -71.1036234, 41.3070574 ], [ -71.0980384, 41.3075725 ], [ -71.0932168, 41.308239 ], [ -71.0900827, 41.3090267 ], [ -71.0877924, 41.3100568 ], [ -71.0854218, 41.3114807 ], [ -71.0840557, 41.3127228 ], [ -71.082569, 41.3151463 ], [ -71.0802787, 41.3183574 ], [ -71.0769036, 41.3214471 ], [ -71.0745731, 41.3230525 ], [ -71.0721623, 41.3243852 ], [ -71.067863, 41.3262026 ], [ -71.0644477, 41.3278079 ], [ -71.0628405, 41.3291405 ], [ -71.0601886, 41.3313514 ], [ -71.0583805, 41.3335623 ], [ -71.0571349, 41.3358942 ], [ -71.0562911, 41.338438 ], [ -71.0552866, 41.3401641 ], [ -71.0540009, 41.3406486 ], [ -71.0516704, 41.3409817 ], [ -71.0472506, 41.3402852 ], [ -71.0450808, 41.3392253 ], [ -71.0428709, 41.3374992 ], [ -71.0412637, 41.3361062 ], [ -71.0394154, 41.3353188 ], [ -71.031299, 41.3332594 ], [ -71.0186423, 41.329716 ], [ -71.0137001, 41.3288982 ], [ -71.0096419, 41.3290799 ], [ -71.0035345, 41.3305943 ], [ -71.0012442, 41.3323509 ], [ -70.9998379, 41.3341377 ], [ -70.999637, 41.3358033 ], [ -71.000521, 41.3373175 ], [ -71.00237, 41.3391428 ], [ -71.0040978, 41.3406267 ], [ -71.0052228, 41.341626 ], [ -71.0063077, 41.3422921 ], [ -71.0079551, 41.3429886 ], [ -71.0108481, 41.3437759 ], [ -71.0132187, 41.344654 ], [ -71.0156697, 41.3458349 ], [ -71.0171564, 41.346713 ], [ -71.0185659, 41.3476583 ], [ -71.0195808, 41.3484819 ], [ -71.0211422, 41.3503644 ], [ -71.022834, 41.354443 ], [ -71.0229381, 41.3550705 ], [ -71.0228602, 41.3587763 ], [ -71.0223139, 41.3605997 ], [ -71.0220016, 41.3624819 ], [ -71.021065, 41.3653051 ], [ -71.0207528, 41.3670695 ], [ -71.0141958, 41.3825946 ], [ -71.0127908, 41.3849465 ], [ -71.0094853, 41.3917423 ], [ -71.0077804, 41.3973072 ], [ -71.0075178, 41.4028914 ], [ -71.0051595, 41.4089578 ], [ -71.0062909, 41.4095124 ], [ -71.0099975, 41.4106907 ], [ -71.0117724, 41.4112799 ], [ -71.0130254, 41.4118297 ], [ -71.0135997, 41.4120261 ], [ -71.017254, 41.4120261 ], [ -71.018246, 41.412301 ], [ -71.0192379, 41.412733 ], [ -71.0200209, 41.4138721 ], [ -71.021065, 41.4148932 ], [ -71.0219525, 41.4152859 ], [ -71.0228868, 41.415259 ], [ -71.0239264, 41.415357 ], [ -71.0267368, 41.4153569 ], [ -71.0309525, 41.4150041 ], [ -71.0328262, 41.4150041 ], [ -71.0332165, 41.414769 ], [ -71.0336848, 41.4140638 ], [ -71.0326699, 41.411948 ], [ -71.0326699, 41.4115954 ], [ -71.0322794, 41.4105375 ], [ -71.0323574, 41.4087743 ], [ -71.0328778, 41.4075987 ], [ -71.0346993, 41.4059529 ], [ -71.0357922, 41.40513 ], [ -71.0376658, 41.4041895 ], [ -71.039071, 41.4038367 ], [ -71.0418815, 41.4034839 ], [ -71.0442236, 41.4036602 ], [ -71.0451604, 41.4038953 ], [ -71.0470341, 41.4046007 ], [ -71.0514581, 41.406932 ], [ -71.0531861, 41.4082329 ], [ -71.057808, 41.4125937 ], [ -71.0582763, 41.413299 ], [ -71.061087, 41.415826 ], [ -71.0657712, 41.4180003 ], [ -71.0663177, 41.4187055 ], [ -71.0663958, 41.4190581 ], [ -71.0661616, 41.4197633 ], [ -71.0655371, 41.4202922 ], [ -71.0619349, 41.4214172 ], [ -71.0601817, 41.4217105 ], [ -71.0580622, 41.4229514 ], [ -71.0560911, 41.4246996 ], [ -71.0557788, 41.4254048 ], [ -71.0556229, 41.4289303 ], [ -71.0560914, 41.4314568 ], [ -71.0567472, 41.4329374 ], [ -71.0595514, 41.4340766 ], [ -71.0604882, 41.4340177 ], [ -71.0610347, 41.4334302 ], [ -71.0611961, 41.4322521 ], [ -71.0622851, 41.4303876 ], [ -71.0620245, 41.4283426 ], [ -71.0621025, 41.4276374 ], [ -71.0624147, 41.4271673 ], [ -71.0636638, 41.4262272 ], [ -71.0648348, 41.4259334 ], [ -71.0653813, 41.4259334 ], [ -71.0707679, 41.4244642 ], [ -71.0717047, 41.4241116 ], [ -71.0752958, 41.4222898 ], [ -71.0771694, 41.4215847 ], [ -71.078965, 41.4216433 ], [ -71.0803702, 41.4227598 ], [ -71.0806045, 41.423465 ], [ -71.0806046, 41.4245226 ], [ -71.0812292, 41.4269906 ], [ -71.0818538, 41.4280482 ], [ -71.0825564, 41.4287532 ], [ -71.0839618, 41.429517 ], [ -71.0848985, 41.429752 ], [ -71.0880213, 41.4300457 ], [ -71.090012, 41.4290468 ], [ -71.0903633, 41.4274603 ], [ -71.0899728, 41.4266377 ], [ -71.0877868, 41.4251688 ], [ -71.0872403, 41.4245812 ], [ -71.0873184, 41.4236998 ], [ -71.0884112, 41.4220544 ], [ -71.0893703, 41.4213325 ], [ -71.0940235, 41.420781 ], [ -71.0984039, 41.4199386 ], [ -71.0987552, 41.4199386 ], [ -71.1021241, 41.4206147 ], [ -71.1051543, 41.4224272 ], [ -71.1063664, 41.4233387 ], [ -71.1086583, 41.4236249 ], [ -71.1107791, 41.4224089 ], [ -71.1123696, 41.4211728 ], [ -71.1138012, 41.4199368 ], [ -71.1149145, 41.4201561 ], [ -71.1159484, 41.420814 ], [ -71.1163224, 41.4217217 ], [ -71.1166545, 41.4228705 ], [ -71.1174516, 41.4234699 ], [ -71.1191704, 41.424639 ], [ -71.121981, 41.4279294 ], [ -71.1222933, 41.4286345 ], [ -71.1222933, 41.4291633 ], [ -71.120732, 41.4300448 ], [ -71.1201075, 41.4306911 ], [ -71.1202636, 41.4313961 ], [ -71.1212005, 41.4320424 ], [ -71.1221373, 41.4323361 ], [ -71.1235425, 41.4325124 ], [ -71.1254831, 41.4320255 ], [ -71.1263956, 41.4309954 ], [ -71.1309615, 41.4275823 ], [ -71.1321715, 41.4269847 ], [ -71.1345025, 41.42595 ], [ -71.1359369, 41.4248254 ], [ -71.137969, 41.423251 ], [ -71.1379093, 41.4216315 ], [ -71.1368932, 41.4207767 ], [ -71.134144, 41.4206418 ], [ -71.1333038, 41.4211592 ], [ -71.1311927, 41.4215831 ], [ -71.1301778, 41.4215243 ], [ -71.1290068, 41.4212697 ], [ -71.1282261, 41.420878 ], [ -71.1276796, 41.4201728 ], [ -71.1277576, 41.4194676 ], [ -71.1283821, 41.4185861 ], [ -71.1291887, 41.4168231 ], [ -71.1278874, 41.4138846 ], [ -71.1267535, 41.4123482 ], [ -71.1247125, 41.4102997 ], [ -71.1240098, 41.4099471 ], [ -71.1199501, 41.4068909 ], [ -71.1192214, 41.406068 ], [ -71.1190132, 41.4051276 ], [ -71.1182324, 41.4033642 ], [ -71.1180762, 41.4026 ], [ -71.1180762, 41.4012481 ], [ -71.1189308, 41.4001642 ], [ -71.1203738, 41.3989736 ], [ -71.1247492, 41.3972227 ], [ -71.1254295, 41.3968771 ], [ -71.126377, 41.3964962 ], [ -71.127288, 41.3959572 ], [ -71.1291615, 41.394311 ], [ -71.1296611, 41.3941857 ], [ -71.1376707, 41.3889315 ], [ -71.1455554, 41.3859621 ], [ -71.1468613, 41.3853064 ], [ -71.1538306, 41.3841392 ], [ -71.1579384, 41.3838226 ], [ -71.1618484, 41.3836125 ], [ -71.1649205, 41.3830521 ], [ -71.1712397, 41.3820219 ], [ -71.1772211, 41.3816627 ], [ -71.1866661, 41.3822096 ], [ -71.1900543, 41.3830601 ], [ -71.1916228, 41.3837684 ], [ -71.1925526, 41.3843145 ], [ -71.1977468, 41.38716 ], [ -71.201921, 41.3905464 ], [ -71.2053459, 41.393862 ], [ -71.2059497, 41.3959079 ], [ -71.2067048, 41.3970451 ], [ -71.2068399, 41.3994232 ], [ -71.2067618, 41.4000698 ], [ -71.2048885, 41.4054777 ], [ -71.2041469, 41.408828 ], [ -71.2039521, 41.4135886 ], [ -71.2053574, 41.4157043 ], [ -71.2068147, 41.4173497 ], [ -71.2088316, 41.4191714 ], [ -71.2098856, 41.4197002 ], [ -71.2135549, 41.4206404 ], [ -71.218239, 41.4225794 ], [ -71.2190978, 41.4232846 ], [ -71.2198786, 41.4244011 ], [ -71.2200348, 41.4268102 ], [ -71.2198788, 41.4277503 ], [ -71.2190341, 41.4287869 ], [ -71.2179295, 41.4296854 ], [ -71.2165063, 41.429948 ], [ -71.2099485, 41.4304182 ], [ -71.2091054, 41.4306885 ], [ -71.208481, 41.4312173 ], [ -71.2083248, 41.4319223 ], [ -71.2093458, 41.4342273 ], [ -71.2113697, 41.4363874 ], [ -71.2120364, 41.4369747 ], [ -71.2120061, 41.4372961 ], [ -71.212007, 41.4376906 ], [ -71.2114858, 41.4403558 ], [ -71.2115901, 41.4452938 ], [ -71.2115379, 41.4472141 ], [ -71.2117464, 41.4479194 ], [ -71.2126324, 41.4496437 ], [ -71.213362, 41.4516813 ], [ -71.2141959, 41.453092 ], [ -71.2153946, 41.4545027 ], [ -71.216144, 41.4550145 ], [ -71.2171864, 41.4556413 ], [ -71.2186977, 41.4563075 ], [ -71.2200528, 41.4566602 ], [ -71.22146, 41.4568168 ], [ -71.2232319, 41.4568168 ], [ -71.2256293, 41.4566209 ], [ -71.2272971, 41.4561116 ], [ -71.2289127, 41.4549752 ], [ -71.2308932, 41.4531728 ], [ -71.2324046, 41.4514095 ], [ -71.233776, 41.4490755 ], [ -71.2338541, 41.4487231 ], [ -71.2348377, 41.4475247 ], [ -71.2358317, 41.4470261 ], [ -71.2402556, 41.4461384 ], [ -71.2415827, 41.4461383 ], [ -71.241973, 41.4462558 ], [ -71.2429099, 41.4468431 ], [ -71.2433783, 41.447548 ], [ -71.2432223, 41.4483116 ], [ -71.2426759, 41.449134 ], [ -71.2419732, 41.4498389 ], [ -71.2414016, 41.4504524 ], [ -71.239711, 41.4526717 ], [ -71.238323, 41.4546317 ], [ -71.236901, 41.4568461 ], [ -71.23619, 41.4583478 ], [ -71.2362239, 41.4591368 ], [ -71.2365624, 41.4598749 ], [ -71.2375443, 41.4605875 ], [ -71.2384245, 41.4606639 ], [ -71.2393386, 41.460613 ], [ -71.2396433, 41.4604348 ], [ -71.2406928, 41.4593404 ], [ -71.2418777, 41.4572024 ], [ -71.2428256, 41.4556752 ], [ -71.2432658, 41.4551153 ], [ -71.243769, 41.4544202 ], [ -71.2442374, 41.4537154 ], [ -71.2447137, 41.4533212 ], [ -71.2450803, 41.4525881 ], [ -71.2466122, 41.4515275 ], [ -71.2517972, 41.4488172 ], [ -71.2559216, 41.4478744 ], [ -71.2592211, 41.4461068 ], [ -71.260046, 41.4449284 ], [ -71.2624028, 41.440804 ], [ -71.2642883, 41.4393899 ], [ -71.2657024, 41.4395078 ], [ -71.2672343, 41.4409219 ], [ -71.2686484, 41.4436322 ], [ -71.2686484, 41.4474031 ], [ -71.2682948, 41.4532951 ], [ -71.2694973, 41.4584604 ], [ -71.2714407, 41.4599994 ], [ -71.2755117, 41.4610612 ], [ -71.2773937, 41.4612151 ], [ -71.2787848, 41.4614459 ], [ -71.2815056, 41.4614459 ], [ -71.2830378, 41.4609381 ], [ -71.2841463, 41.4603039 ], [ -71.2847017, 41.4595536 ], [ -71.2850593, 41.4589553 ], [ -71.285939, 41.456693 ], [ -71.2876369, 41.4525838 ], [ -71.2898668, 41.4500905 ], [ -71.2915033, 41.4493979 ], [ -71.2944901, 41.4494133 ], [ -71.2975791, 41.4493671 ], [ -71.2987361, 41.4492296 ], [ -71.3010777, 41.4479658 ], [ -71.3017801, 41.4469317 ], [ -71.3027575, 41.445369 ], [ -71.3028534, 41.4421511 ], [ -71.302166, 41.4372559 ], [ -71.3026324, 41.435076 ], [ -71.3042281, 41.4340969 ], [ -71.3065848, 41.4334872 ], [ -71.3080331, 41.4334688 ], [ -71.3101267, 41.4335917 ], [ -71.3114945, 41.433672 ], [ -71.3136302, 41.4341338 ], [ -71.3163551, 41.4352423 ], [ -71.3212157, 41.4368864 ], [ -71.3233023, 41.4369973 ], [ -71.3246034, 41.4364061 ], [ -71.325929, 41.4352053 ], [ -71.3270583, 41.4321386 ], [ -71.3278929, 41.4276306 ], [ -71.3287767, 41.4262079 ], [ -71.3307896, 41.4234364 ], [ -71.3327044, 41.4218104 ], [ -71.3368531, 41.4193343 ], [ -71.3431867, 41.4161375 ], [ -71.3472863, 41.4136242 ], [ -71.3487592, 41.4131807 ], [ -71.349913, 41.4131807 ], [ -71.3511159, 41.4136612 ], [ -71.3531534, 41.4170984 ], [ -71.3545036, 41.4203506 ], [ -71.3558537, 41.4227897 ], [ -71.3585295, 41.4258384 ], [ -71.3604443, 41.4280001 ], [ -71.3630219, 41.4305128 ], [ -71.3660659, 41.4331732 ], [ -71.3700919, 41.4357596 ], [ -71.3725468, 41.4366648 ], [ -71.3749525, 41.4366648 ], [ -71.3774565, 41.4365909 ], [ -71.3823662, 41.4357041 ], [ -71.3852138, 41.4354086 ], [ -71.3875459, 41.4356302 ], [ -71.3894362, 41.4360551 ], [ -71.3927731, 41.4365406 ], [ -71.3962914, 41.4376902 ], [ -71.3988838, 41.4381431 ], [ -71.4044853, 41.4381082 ], [ -71.4067536, 41.4384217 ], [ -71.4107348, 41.4395365 ], [ -71.4117216, 41.4398398 ], [ -71.4122985, 41.4400171 ], [ -71.4140216, 41.4405467 ], [ -71.4157345, 41.4405467 ], [ -71.4184658, 41.4398152 ], [ -71.4215674, 41.4384566 ], [ -71.4239284, 41.4369935 ], [ -71.4246154, 41.4363214 ], [ -71.4253172, 41.4356348 ], [ -71.4274929, 41.4297819 ], [ -71.428604, 41.4270991 ], [ -71.4298539, 41.4240678 ], [ -71.4307797, 41.4226043 ], [ -71.4318908, 41.4214196 ], [ -71.4330944, 41.4204439 ], [ -71.4368904, 41.419294 ], [ -71.4395754, 41.4182138 ], [ -71.440455, 41.417935 ], [ -71.4423067, 41.416785 ], [ -71.4442047, 41.4143108 ], [ -71.4470749, 41.4111395 ], [ -71.4481396, 41.4091181 ], [ -71.4493433, 41.4059814 ], [ -71.4499451, 41.4035765 ], [ -71.4512876, 41.4007183 ], [ -71.4525375, 41.3983829 ], [ -71.454586, 41.3956681 ], [ -71.4548521, 41.3953154 ], [ -71.4561946, 41.393433 ], [ -71.458463, 41.3890404 ], [ -71.4601296, 41.3848219 ], [ -71.4610554, 41.3808123 ], [ -71.4625941, 41.3728499 ], [ -71.4643273, 41.3617012 ], [ -71.4644607, 41.3485414 ], [ -71.4638002, 41.3422595 ], [ -71.4635687, 41.3395382 ], [ -71.4629581, 41.338107 ], [ -71.462303, 41.336442 ], [ -71.4611565, 41.333852 ], [ -71.4607471, 41.3318786 ], [ -71.460829, 41.3286099 ], [ -71.4612384, 41.3265129 ], [ -71.4610535, 41.3244984 ], [ -71.4609609, 41.3221602 ], [ -71.4613312, 41.3168205 ], [ -71.4619794, 41.3142028 ], [ -71.463183, 41.3122133 ], [ -71.4656365, 41.3094209 ], [ -71.4679049, 41.307536 ], [ -71.471238, 41.3059652 ], [ -71.4755895, 41.3044293 ], [ -71.4787837, 41.3028933 ], [ -71.4794481, 41.3025641 ], [ -71.480404, 41.3020904 ], [ -71.4813299, 41.3019856 ], [ -71.4820705, 41.3024395 ], [ -71.4839223, 41.303382 ], [ -71.4848645, 41.3044921 ], [ -71.4861443, 41.3060001 ], [ -71.4879035, 41.3093511 ], [ -71.4898015, 41.3115152 ], [ -71.491468, 41.3129114 ], [ -71.493829, 41.3144471 ], [ -71.495944, 41.3159145 ], [ -71.498065, 41.3166181 ], [ -71.5000588, 41.3178654 ], [ -71.5034948, 41.3211913 ], [ -71.5094336, 41.327395 ], [ -71.5157966, 41.3301449 ], [ -71.5224989, 41.3326709 ], [ -71.5284377, 41.3336301 ], [ -71.5318313, 41.3338219 ], [ -71.5367944, 41.3342695 ], [ -71.5381094, 41.3357722 ], [ -71.5402729, 41.3370191 ], [ -71.5427756, 41.3376266 ], [ -71.5467207, 41.3379143 ], [ -71.5526171, 41.3373069 ], [ -71.5551198, 41.3368912 ], [ -71.5601678, 41.3346852 ], [ -71.5648764, 41.3323511 ], [ -71.5692033, 41.331232 ], [ -71.5742512, 41.3308164 ], [ -71.5795961, 41.3305925 ], [ -71.5855349, 41.3302728 ], [ -71.5889709, 41.3296333 ], [ -71.5922797, 41.3287699 ], [ -71.5946128, 41.3266915 ], [ -71.5964793, 41.3244531 ], [ -71.5977519, 41.3239095 ], [ -71.6014424, 41.3241013 ], [ -71.609078, 41.3249328 ], [ -71.6162045, 41.3254764 ], [ -71.6177694, 41.3253771 ], [ -71.6202344, 41.3252206 ], [ -71.6221009, 41.3247409 ], [ -71.6239249, 41.3236217 ], [ -71.6251551, 41.3215431 ], [ -71.6251975, 41.3171618 ], [ -71.6251127, 41.3138996 ], [ -71.625749, 41.3134199 ], [ -71.6268095, 41.3135478 ], [ -71.6280397, 41.3138356 ], [ -71.6301183, 41.3146032 ], [ -71.6330877, 41.3158825 ], [ -71.6358449, 41.316842 ], [ -71.6391113, 41.3181212 ], [ -71.6434805, 41.3196563 ], [ -71.6462802, 41.3203598 ], [ -71.6484861, 41.3203598 ], [ -71.6517524, 41.3195284 ], [ -71.6555702, 41.3188887 ], [ -71.6576912, 41.3192405 ], [ -71.660703, 41.3199761 ], [ -71.6630361, 41.3205517 ], [ -71.6663449, 41.3209674 ], [ -71.6697385, 41.3209355 ], [ -71.6719443, 41.3204877 ], [ -71.6756348, 41.3197522 ], [ -71.6787315, 41.3186329 ], [ -71.6813615, 41.3166181 ], [ -71.683737, 41.3151469 ], [ -71.688785, 41.3146992 ], [ -71.6944269, 41.3144433 ], [ -71.6996869, 41.3146032 ], [ -71.7035047, 41.3152749 ], [ -71.7097829, 41.3161704 ], [ -71.7203454, 41.3180572 ], [ -71.7231451, 41.318537 ], [ -71.7275568, 41.3183771 ], [ -71.7335804, 41.3178654 ], [ -71.7397738, 41.316746 ], [ -71.7440582, 41.315083 ], [ -71.748385, 41.3147951 ], [ -71.7534754, 41.3139636 ], [ -71.7547904, 41.3133559 ], [ -71.7557236, 41.3121405 ], [ -71.7567841, 41.3097417 ], [ -71.7588627, 41.3056795 ], [ -71.7602202, 41.3045599 ], [ -71.7644197, 41.3036323 ], [ -71.7683648, 41.3032484 ], [ -71.7734552, 41.3032804 ], [ -71.7805393, 41.3034403 ], [ -71.7896172, 41.3040481 ], [ -71.8030643, 41.3052636 ], [ -71.8106574, 41.3059674 ], [ -71.8160023, 41.3056795 ], [ -71.8231289, 41.3051677 ], [ -71.8280496, 41.3044 ], [ -71.8332248, 41.3028965 ], [ -71.8430663, 41.2990578 ], [ -71.8473964, 41.297211 ], [ -71.8482415, 41.2968505 ], [ -71.8525781, 41.2954938 ], [ -71.8586888, 41.2931487 ], [ -71.8616201, 41.2922054 ], [ -71.8673543, 41.2901509 ], [ -71.872374, 41.2888444 ], [ -71.8769686, 41.2877687 ], [ -71.8802404, 41.2873523 ], [ -71.8847394, 41.2864562 ], [ -71.8876452, 41.2858314 ], [ -71.8971345, 41.2830693 ], [ -71.9032747, 41.2814407 ], [ -71.9086784, 41.2795384 ], [ -71.915006, 41.2772717 ], [ -71.92197, 41.275565 ], [ -71.9271311, 41.2746849 ], [ -71.9348727, 41.2732715 ], [ -71.9411296, 41.272018 ], [ -71.9473512, 41.2707112 ], [ -71.9513458, 41.2696711 ], [ -71.9537849, 41.2687109 ], [ -71.958133, 41.2660437 ], [ -71.9619861, 41.2637232 ], [ -71.9643742, 41.2619352 ], [ -71.9682338, 41.2601096 ], [ -71.9696391, 41.2592849 ], [ -71.9715127, 41.2583422 ], [ -71.9796207, 41.2553569 ], [ -71.9841095, 41.2539433 ], [ -71.9891558, 41.2523324 ], [ -71.998311, 41.2500075 ], [ -71.9998495, 41.2491608 ], [ -72.0, 41.2491278 ], [ -72.0, 41.247081 ], [ -71.9975557, 41.2479812 ], [ -71.9936839, 41.2491161 ], [ -71.9893149, 41.249928 ], [ -71.9834087, 41.2503114 ], [ -71.9745494, 41.2507907 ], [ -71.9715963, 41.2508866 ], [ -71.961975, 41.2540258 ], [ -71.9554337, 41.2563742 ], [ -71.9496862, 41.2582672 ], [ -71.9452725, 41.2597048 ], [ -71.9413668, 41.2610466 ], [ -71.9376516, 41.2628676 ], [ -71.9349207, 41.2637302 ], [ -71.9319041, 41.2640177 ], [ -71.9280619, 41.2631791 ], [ -71.9226003, 41.2623165 ], [ -71.9182183, 41.2621249 ], [ -71.915678, 41.2630114 ], [ -71.9114229, 41.2676834 ], [ -71.9057708, 41.2721874 ], [ -71.9041513, 41.2733373 ], [ -71.8966892, 41.2764994 ], [ -71.8892906, 41.2791823 ], [ -71.8822412, 41.2820327 ], [ -71.8753189, 41.2843322 ], [ -71.8699208, 41.2864399 ], [ -71.8605852, 41.289338 ], [ -71.8521387, 41.2916611 ], [ -71.8429497, 41.2941773 ], [ -71.8418187, 41.294487 ], [ -71.831848, 41.2970734 ], [ -71.8281646, 41.2975284 ], [ -71.8247669, 41.2971213 ], [ -71.8205754, 41.2959479 ], [ -71.8121289, 41.2923556 ], [ -71.8063123, 41.290131 ], [ -71.7981155, 41.2872519 ], [ -71.791767, 41.2854638 ], [ -71.7860213, 41.2844333 ], [ -71.7806773, 41.2836453 ], [ -71.7769405, 41.2835241 ], [ -71.7716367, 41.2841606 ], [ -71.7657704, 41.2854941 ], [ -71.7611899, 41.2870398 ], [ -71.756087, 41.2893734 ], [ -71.7496582, 41.2931615 ], [ -71.7437919, 41.2974645 ], [ -71.7371219, 41.3019793 ], [ -71.7329432, 41.3042821 ], [ -71.7297288, 41.3056455 ], [ -71.7260322, 41.3070998 ], [ -71.7233401, 41.3080087 ], [ -71.7198043, 41.3081299 ], [ -71.7109244, 41.3073422 ], [ -71.7100868, 41.3072821 ], [ -71.7067055, 41.3070392 ], [ -71.7040536, 41.3072513 ], [ -71.6982677, 41.3082814 ], [ -71.6924415, 41.3092812 ], [ -71.6879413, 41.3099477 ], [ -71.6845446, 41.3101385 ], [ -71.6841644, 41.3101598 ], [ -71.6811509, 41.3097659 ], [ -71.6780972, 41.3089176 ], [ -71.6767311, 41.3085541 ], [ -71.6602144, 41.3017893 ], [ -71.6524612, 41.2986914 ], [ -71.6441873, 41.2955933 ], [ -71.6399303, 41.294272 ], [ -71.6395007, 41.2941387 ], [ -71.6367042, 41.2938478 ], [ -71.6340523, 41.2938478 ], [ -71.6303878, 41.2943205 ], [ -71.6239647, 41.2963361 ], [ -71.6237822, 41.2963933 ], [ -71.6200695, 41.2976296 ], [ -71.6199037, 41.2976505 ], [ -71.6157301, 41.298175 ], [ -71.6091412, 41.2981383 ], [ -71.6065462, 41.298454 ], [ -71.6055233, 41.2987382 ], [ -71.6049558, 41.2988959 ], [ -71.5947712, 41.30403 ], [ -71.5898603, 41.3066601 ], [ -71.5782526, 41.3127193 ], [ -71.5756087, 41.3138245 ], [ -71.5704629, 41.3153923 ], [ -71.5664097, 41.3163755 ], [ -71.5590082, 41.3174118 ], [ -71.5523468, 41.3178369 ], [ -71.5436765, 41.3178369 ], [ -71.5359226, 41.3169069 ], [ -71.5325751, 41.3159601 ], [ -71.5255741, 41.3126883 ], [ -71.5196146, 41.3103762 ], [ -71.5126714, 41.3076713 ], [ -71.5069433, 41.3045736 ], [ -71.5053589, 41.3033573 ], [ -71.5005209, 41.2996433 ], [ -71.4927677, 41.2944943 ], [ -71.4869239, 41.2917015 ], [ -71.4842087, 41.2906044 ], [ -71.483284, 41.2902308 ], [ -71.4788236, 41.2884285 ], [ -71.4689875, 41.2855045 ], [ -71.4567213, 41.2815329 ], [ -71.4462487, 41.2796124 ], [ -71.4406942, 41.2789577 ], [ -71.4350239, 41.2793069 ], [ -71.4330728, 41.2798613 ], [ -71.4305688, 41.2805727 ], [ -71.4261203, 41.2825798 ], [ -71.4243778, 41.283366 ], [ -71.4172611, 41.2871193 ], [ -71.4134423, 41.2897377 ], [ -71.4126323, 41.2906978 ], [ -71.4121116, 41.2923124 ], [ -71.4132109, 41.2961961 ], [ -71.4133553, 41.2987397 ], [ -71.4135115, 41.3006237 ], [ -71.414058, 41.3016246 ], [ -71.4149168, 41.3025077 ], [ -71.4170248, 41.304156 ], [ -71.4194841, 41.3066873 ], [ -71.42046, 41.3078646 ], [ -71.4207724, 41.3088065 ], [ -71.4217095, 41.3144573 ], [ -71.4219177, 41.3169687 ], [ -71.4225684, 41.3189306 ], [ -71.4231933, 41.324816 ], [ -71.4240521, 41.3266993 ], [ -71.428112, 41.331407 ], [ -71.4302979, 41.3329368 ], [ -71.43264, 41.3341725 ], [ -71.4328259, 41.3343026 ], [ -71.433733, 41.3349374 ], [ -71.4363562, 41.3372439 ], [ -71.4391981, 41.3412919 ], [ -71.4398227, 41.3425471 ], [ -71.4407598, 41.3463124 ], [ -71.4407599, 41.3488225 ], [ -71.4398232, 41.3516463 ], [ -71.4367007, 41.3554112 ], [ -71.4342027, 41.3591759 ], [ -71.4327009, 41.3618919 ], [ -71.4326415, 41.3619993 ], [ -71.432017, 41.3638815 ], [ -71.4316529, 41.3670182 ], [ -71.4320957, 41.3763493 ], [ -71.4323398, 41.3770847 ], [ -71.4332669, 41.3798774 ], [ -71.4342039, 41.3817591 ], [ -71.435297, 41.385522 ], [ -71.4356094, 41.3883442 ], [ -71.4350631, 41.3911662 ], [ -71.4342044, 41.3930476 ], [ -71.4334238, 41.3939883 ], [ -71.4302233, 41.3986325 ], [ -71.4285058, 41.4005136 ], [ -71.427491, 41.4023946 ], [ -71.4255655, 41.4047655 ], [ -71.4240563, 41.4070383 ], [ -71.4213872, 41.4107673 ], [ -71.4160116, 41.4149586 ], [ -71.4121718, 41.4179935 ], [ -71.409964, 41.4190654 ], [ -71.4077641, 41.419517 ], [ -71.4039644, 41.4196173 ], [ -71.3984981, 41.4195671 ], [ -71.3936984, 41.4191657 ], [ -71.390032, 41.4188145 ], [ -71.3873656, 41.418965 ], [ -71.3852324, 41.4196173 ], [ -71.3816993, 41.4205707 ], [ -71.3782995, 41.4211226 ], [ -71.3754331, 41.4208718 ], [ -71.3742331, 41.4205205 ], [ -71.3733665, 41.4188145 ], [ -71.371985, 41.41374 ], [ -71.3715754, 41.4112739 ], [ -71.371204, 41.4090382 ], [ -71.370111, 41.4066872 ], [ -71.369909, 41.4058762 ], [ -71.3694082, 41.4038658 ], [ -71.3687837, 41.403043 ], [ -71.3683151, 41.4001627 ], [ -71.368315, 41.3982816 ], [ -71.3685492, 41.3969296 ], [ -71.3700635, 41.3938338 ], [ -71.3701884, 41.3935785 ], [ -71.3720619, 41.3916972 ], [ -71.3741697, 41.3901686 ], [ -71.3764336, 41.3887575 ], [ -71.3773704, 41.387758 ], [ -71.3776826, 41.3868173 ], [ -71.3776826, 41.3858765 ], [ -71.3772141, 41.3849358 ], [ -71.375965, 41.3842303 ], [ -71.3734667, 41.3835248 ], [ -71.3709685, 41.3831721 ], [ -71.3702004, 41.3831721 ], [ -71.3697194, 41.3831721 ], [ -71.3687985, 41.383042 ], [ -71.3684704, 41.3829957 ], [ -71.3659721, 41.3830546 ], [ -71.3622249, 41.3839955 ], [ -71.3609759, 41.3845247 ], [ -71.3589462, 41.3862299 ], [ -71.3579314, 41.3880525 ], [ -71.3569947, 41.3908746 ], [ -71.3566825, 41.3927559 ], [ -71.3564485, 41.3956366 ], [ -71.3554337, 41.3975178 ], [ -71.354819, 41.3984436 ] ], [ [ -71.2356476, 41.4095911 ], [ -71.2370529, 41.410649 ], [ -71.2387279, 41.4125403 ], [ -71.2390829, 41.4144103 ], [ -71.239083, 41.4157033 ], [ -71.2383023, 41.4174663 ], [ -71.2365458, 41.4183479 ], [ -71.2337827, 41.41918 ], [ -71.2304956, 41.4193863 ], [ -71.2284658, 41.4188771 ], [ -71.2268653, 41.4177899 ], [ -71.2261356, 41.4165083 ], [ -71.2255857, 41.4146458 ], [ -71.2258112, 41.4131178 ], [ -71.2262795, 41.4113546 ], [ -71.2268259, 41.4106493 ], [ -71.2279318, 41.4096648 ], [ -71.2313798, 41.4088859 ], [ -71.2324517, 41.4087476 ], [ -71.2333367, 41.4087213 ], [ -71.2356476, 41.4095911 ] ], [ [ -71.0795887, 41.4067157 ], [ -71.0805255, 41.4071271 ], [ -71.0809159, 41.4074209 ], [ -71.0820089, 41.4088315 ], [ -71.0823212, 41.4095369 ], [ -71.0823214, 41.4120641 ], [ -71.0813847, 41.4145325 ], [ -71.0802918, 41.4157079 ], [ -71.0789907, 41.4161259 ], [ -71.0742025, 41.4163545 ], [ -71.0731095, 41.4161783 ], [ -71.0711578, 41.4154731 ], [ -71.0702209, 41.4148854 ], [ -71.0698305, 41.4141803 ], [ -71.0698305, 41.4130048 ], [ -71.070834, 41.4092266 ], [ -71.0714697, 41.4084205 ], [ -71.0723507, 41.4076311 ], [ -71.0768251, 41.4065081 ], [ -71.0795887, 41.4067157 ] ], [ [ -71.1036181, 41.4050105 ], [ -71.1050233, 41.4050104 ], [ -71.1121433, 41.4082429 ], [ -71.1129241, 41.409007 ], [ -71.1131583, 41.4098298 ], [ -71.1132365, 41.4126509 ], [ -71.1130804, 41.4133562 ], [ -71.1112849, 41.4152956 ], [ -71.1096456, 41.4165298 ], [ -71.1085527, 41.4171175 ], [ -71.1056798, 41.4180579 ], [ -71.1024946, 41.418058 ], [ -71.0971546, 41.4170004 ], [ -71.0966862, 41.4168241 ], [ -71.0957494, 41.4161776 ], [ -71.0935633, 41.4142971 ], [ -71.0901644, 41.4119496 ], [ -71.0899938, 41.4114931 ], [ -71.0901282, 41.4106533 ], [ -71.0983251, 41.4063037 ], [ -71.0992619, 41.405951 ], [ -71.1036181, 41.4050105 ] ], [ [ -71.0724841, 41.4040117 ], [ -71.0712352, 41.4033655 ], [ -71.0705325, 41.4023663 ], [ -71.0702202, 41.401661 ], [ -71.0701421, 41.3997211 ], [ -71.0711568, 41.3973697 ], [ -71.0720937, 41.396723 ], [ -71.0737331, 41.3963702 ], [ -71.0770119, 41.396429 ], [ -71.0784171, 41.3967816 ], [ -71.079354, 41.3972519 ], [ -71.0799786, 41.3979573 ], [ -71.0806032, 41.3993681 ], [ -71.0802129, 41.4007201 ], [ -71.079042, 41.4025424 ], [ -71.0782614, 41.403189 ], [ -71.0773245, 41.4036593 ], [ -71.0763878, 41.4039532 ], [ -71.0749826, 41.4041884 ], [ -71.0724841, 41.4040117 ] ], [ [ -71.0578075, 41.4046591 ], [ -71.0563243, 41.4050314 ], [ -71.0535919, 41.4052601 ], [ -71.0508594, 41.4048356 ], [ -71.0485954, 41.4040716 ], [ -71.0467217, 41.4031312 ], [ -71.0429743, 41.4003097 ], [ -71.0424277, 41.3996044 ], [ -71.0420374, 41.3994868 ], [ -71.0396173, 41.3994281 ], [ -71.0368068, 41.3990755 ], [ -71.03587, 41.3984877 ], [ -71.0350634, 41.3977115 ], [ -71.0334526, 41.3962302 ], [ -71.0322006, 41.3946667 ], [ -71.0317544, 41.3934405 ], [ -71.0321224, 41.3924327 ], [ -71.033561, 41.3900642 ], [ -71.0355572, 41.3890226 ], [ -71.036494, 41.3889051 ], [ -71.0397729, 41.3888461 ], [ -71.0435142, 41.3891672 ], [ -71.0459404, 41.3900806 ], [ -71.0472286, 41.390889 ], [ -71.0482045, 41.3920207 ], [ -71.0484387, 41.3927261 ], [ -71.0484387, 41.3938432 ], [ -71.0482826, 41.3941959 ], [ -71.0473458, 41.3951953 ], [ -71.0464871, 41.3959008 ], [ -71.0465652, 41.3961947 ], [ -71.0475021, 41.3961359 ], [ -71.0503124, 41.3953128 ], [ -71.0545906, 41.3944308 ], [ -71.0553868, 41.3944308 ], [ -71.0581974, 41.394901 ], [ -71.0593684, 41.3953713 ], [ -71.0605182, 41.396066 ], [ -71.0621898, 41.3978281 ], [ -71.0630044, 41.3998725 ], [ -71.0626476, 41.4014848 ], [ -71.0621792, 41.4021314 ], [ -71.0615547, 41.4028368 ], [ -71.060696, 41.4034246 ], [ -71.0578075, 41.4046591 ] ], [ [ -71.0991834, 41.3968398 ], [ -71.0982465, 41.3963108 ], [ -71.0975907, 41.3956524 ], [ -71.0969974, 41.3945472 ], [ -71.0967805, 41.3937045 ], [ -71.0971533, 41.3903143 ], [ -71.0976997, 41.3897263 ], [ -71.100432, 41.3889424 ], [ -71.1026179, 41.3886679 ], [ -71.1040232, 41.3890795 ], [ -71.10496, 41.3896085 ], [ -71.1054805, 41.3901965 ], [ -71.1062093, 41.3918426 ], [ -71.1060533, 41.393959 ], [ -71.1054287, 41.3953699 ], [ -71.1046704, 41.3962266 ], [ -71.1024622, 41.3967809 ], [ -71.1005886, 41.3970161 ], [ -71.0991834, 41.3968398 ] ], [ [ -71.0845057, 41.3813777 ], [ -71.0854426, 41.3817892 ], [ -71.0863013, 41.3823772 ], [ -71.087403, 41.3837687 ], [ -71.0889561, 41.3919019 ], [ -71.0894246, 41.3926073 ], [ -71.0902054, 41.3933128 ], [ -71.095358, 41.3961933 ], [ -71.0961387, 41.3968987 ], [ -71.0968414, 41.3986623 ], [ -71.0969195, 41.3997203 ], [ -71.0966854, 41.4012487 ], [ -71.0956706, 41.4027183 ], [ -71.0948119, 41.4034824 ], [ -71.0929383, 41.404423 ], [ -71.090284, 41.4050892 ], [ -71.0877858, 41.4054027 ], [ -71.0849754, 41.4056575 ], [ -71.0839605, 41.40554 ], [ -71.083414, 41.4053637 ], [ -71.0825552, 41.4047759 ], [ -71.082321, 41.4040706 ], [ -71.0823209, 41.4033653 ], [ -71.0829278, 41.4022889 ], [ -71.0840384, 41.4016605 ], [ -71.0847521, 41.4009131 ], [ -71.0850375, 41.3983334 ], [ -71.0845065, 41.3971342 ], [ -71.0830231, 41.3956646 ], [ -71.0807591, 41.394195 ], [ -71.0791531, 41.3933887 ], [ -71.0760829, 41.3908667 ], [ -71.0749818, 41.3893743 ], [ -71.0743572, 41.3879633 ], [ -71.074357, 41.3854939 ], [ -71.0745651, 41.3845531 ], [ -71.0749034, 41.3840238 ], [ -71.0758402, 41.3831125 ], [ -71.077948, 41.3817894 ], [ -71.0788848, 41.3813779 ], [ -71.0812268, 41.381025 ], [ -71.0831004, 41.3810249 ], [ -71.0845057, 41.3813777 ] ], [ [ -71.0540953, 41.3712134 ], [ -71.0575976, 41.370114 ], [ -71.0585864, 41.3696173 ], [ -71.0602648, 41.3683528 ], [ -71.0637532, 41.3641071 ], [ -71.0646698, 41.3628051 ], [ -71.0714978, 41.3556366 ], [ -71.0744486, 41.3534568 ], [ -71.0795402, 41.3504922 ], [ -71.0828961, 41.3495766 ], [ -71.0860784, 41.348879 ], [ -71.088682, 41.3474402 ], [ -71.0901864, 41.3456089 ], [ -71.0910102, 41.3442559 ], [ -71.0916467, 41.3426861 ], [ -71.0926303, 41.3408983 ], [ -71.0932667, 41.3394593 ], [ -71.0944818, 41.3378895 ], [ -71.0976641, 41.3355346 ], [ -71.100853, 41.3330926 ], [ -71.1045028, 41.3307999 ], [ -71.1069867, 41.3285528 ], [ -71.1074551, 41.3278467 ], [ -71.1082668, 41.3260105 ], [ -71.1080794, 41.3239625 ], [ -71.1077671, 41.3232562 ], [ -71.107767, 41.3229032 ], [ -71.1069863, 41.3218438 ], [ -71.1058933, 41.3207845 ], [ -71.10441, 41.3196663 ], [ -71.1032389, 41.319372 ], [ -71.1000269, 41.3188339 ], [ -71.097618, 41.3191367 ], [ -71.0942611, 41.3200785 ], [ -71.0933243, 41.3205494 ], [ -71.0919972, 41.3219031 ], [ -71.0908994, 41.3235406 ], [ -71.0889965, 41.3261682 ], [ -71.0866707, 41.3297111 ], [ -71.0854021, 41.331184 ], [ -71.0800634, 41.3368363 ], [ -71.0780549, 41.3391051 ], [ -71.0767863, 41.3406176 ], [ -71.0743019, 41.343324 ], [ -71.0718568, 41.3452646 ], [ -71.0671728, 41.3476573 ], [ -71.0657676, 41.3485005 ], [ -71.0648308, 41.3489124 ], [ -71.0601468, 41.3502067 ], [ -71.0582732, 41.3509127 ], [ -71.0563995, 41.351854 ], [ -71.0512473, 41.3560308 ], [ -71.0484027, 41.3582695 ], [ -71.0420597, 41.3628054 ], [ -71.0406303, 41.3638541 ], [ -71.0392252, 41.36456 ], [ -71.0371954, 41.3660892 ], [ -71.036571, 41.3667949 ], [ -71.0363368, 41.3675008 ], [ -71.0364149, 41.3682064 ], [ -71.0368053, 41.3689122 ], [ -71.0386634, 41.3707471 ], [ -71.0401624, 41.3714998 ], [ -71.042036, 41.3719702 ], [ -71.0437535, 41.3719702 ], [ -71.0503559, 41.371589 ], [ -71.0540953, 41.3712134 ] ], [ [ -71.4671144, 41.2982155 ], [ -71.4670459, 41.2995079 ], [ -71.4661084, 41.3017046 ], [ -71.4646016, 41.3040528 ], [ -71.462827, 41.3058708 ], [ -71.4610189, 41.306603 ], [ -71.4597465, 41.3068049 ], [ -71.4579719, 41.3066534 ], [ -71.4566655, 41.3064418 ], [ -71.4545975, 41.3062857 ], [ -71.4519338, 41.3059988 ], [ -71.4502462, 41.3059624 ], [ -71.4485104, 41.3062533 ], [ -71.445521, 41.3077803 ], [ -71.4420012, 41.3104706 ], [ -71.4403137, 41.3124338 ], [ -71.4391082, 41.3148694 ], [ -71.4384332, 41.3158873 ], [ -71.4375171, 41.3163962 ], [ -71.4357331, 41.3159964 ], [ -71.4344795, 41.3142151 ], [ -71.4335152, 41.3126155 ], [ -71.4332741, 41.3050899 ], [ -71.4338641, 41.3030358 ], [ -71.4351755, 41.300132 ], [ -71.4371566, 41.2974175 ], [ -71.4394167, 41.2952711 ], [ -71.4416989, 41.2941797 ], [ -71.4437749, 41.2939019 ], [ -71.4462191, 41.2937504 ], [ -71.4510408, 41.2941545 ], [ -71.4559747, 41.2945608 ], [ -71.4568669, 41.2946343 ], [ -71.4597465, 41.294811 ], [ -71.4624921, 41.2944575 ], [ -71.4645346, 41.2944322 ], [ -71.4667445, 41.2956444 ], [ -71.4670794, 41.2966292 ], [ -71.4671463, 41.297614 ], [ -71.4671144, 41.2982155 ] ] ] } },
{ "type": "Feature", "properties": { "RCID": 535, "PRIM": 3, "GRUP": 1, "OBJL": 42, "RVER": 1, "AGEN": 550, "FIDN": 2108054662, "FIDS": 48294, "LNAM": "02267DA65C86BCA6", "DRVAL1": 18.2, "DRVAL2": 27.4 }, "geometry": { "type": "Polygon", "coordinates": [ [ [ -71.961143, 40.9426727 ], [ -71.9597379, 40.944567 ], [ -71.958645, 40.9455143 ], [ -71.9572397, 40.9462246 ], [ -71.9559126, 40.946639 ], [ -71.9533364, 40.9471126 ], [ -71.9506821, 40.947172 ], [ -71.949433, 40.9469352 ], [ -71.9469348, 40.9461065 ], [ -71.9436558, 40.9437388 ], [ -71.942875, 40.9427325 ], [ -71.9430311, 40.9408381 ], [ -71.9441239, 40.9390029 ], [ -71.9450607, 40.9380556 ], [ -71.9474808, 40.9366347 ], [ -71.9499789, 40.9359241 ], [ -71.952477, 40.9356872 ], [ -71.9550533, 40.935628 ], [ -71.9575515, 40.9359831 ], [ -71.9600498, 40.9366935 ], [ -71.9611428, 40.9376999 ], [ -71.9615331, 40.9387655 ], [ -71.9616113, 40.9407783 ], [ -71.961143, 40.9426727 ] ] ] } },
{ "type": "Feature", "properties": { "RCID": 536, "PRIM": 3, "GRUP": 1, "OBJL": 42, "RVER": 1, "AGEN": 550, "FIDN": -310669719, "FIDS": 48294, "LNAM": "0226ED7B8E69BCA6", "DRVAL1": 36.5, "DRVAL2": 109.7 }, "geometry": { "type": "Polygon", "coordinates": [ [ [ -71.5551855, 41.2541392 ], [ -71.5545267, 41.2539071 ], [ -71.5538239, 41.2534431 ], [ -71.5534286, 41.252747 ], [ -71.5534286, 41.2514542 ], [ -71.5535604, 41.2507581 ], [ -71.5543949, 41.2501282 ], [ -71.5551416, 41.2499956 ], [ -71.5568546, 41.2500951 ], [ -71.5584798, 41.2507249 ], [ -71.5590947, 41.2511559 ], [ -71.5595778, 41.2517857 ], [ -71.5597096, 41.2525149 ], [ -71.5594461, 41.2530121 ], [ -71.558919, 41.2534431 ], [ -71.5583041, 41.253874 ], [ -71.557206, 41.254106 ], [ -71.5563275, 41.2542054 ], [ -71.5558883, 41.2542054 ], [ -71.5551855, 41.2541392 ] ] ] } },
{ "type": "Feature", "properties": { "RCID": 537, "PRIM": 3, "GRUP": 1, "OBJL": 42, "RVER": 1, "AGEN": 550, "FIDN": -523151760, "FIDS": 48294, "LNAM": "0226E0D15670BCA6", "DRVAL1": 10.9, "DRVAL2": 18.2 }, "geometry": { "type": "Polygon", "coordinates": [ [ [ -71.7563543, 41.1722498 ], [ -71.7558711, 41.1720506 ], [ -71.7552562, 41.1714532 ], [ -71.7550366, 41.1709554 ], [ -71.7548609, 41.1702916 ], [ -71.7549048, 41.1695614 ], [ -71.7552562, 41.1686985 ], [ -71.7556076, 41.1682338 ], [ -71.7561347, 41.1677027 ], [ -71.7580234, 41.1673708 ], [ -71.7595607, 41.1678023 ], [ -71.7604392, 41.1686321 ], [ -71.7609662, 41.1696278 ], [ -71.761098, 41.1705239 ], [ -71.7610102, 41.1710549 ], [ -71.7609223, 41.1713868 ], [ -71.7603952, 41.1717851 ], [ -71.7598682, 41.1720506 ], [ -71.7592093, 41.1723161 ], [ -71.7586822, 41.1724157 ], [ -71.7575842, 41.1724157 ], [ -71.7563543, 41.1722498 ] ] ] } },
{ "type": "Feature", "properties": { "RCID": 538, "PRIM": 3, "GRUP": 1, "OBJL": 42, "RVER": 1, "AGEN": 550, "FIDN": -1938747991, "FIDS": 48294, "LNAM": "02268C710DA9BCA6", "DRVAL1": 27.4, "DRVAL2": 36.5 }, "geometry": { "type": "Polygon", "coordinates": [ [ [ -71.5473823, 41.0310682 ], [ -71.5505283, 41.0312704 ], [ -71.5525495, 41.0311404 ], [ -71.5535219, 41.0307795 ], [ -71.5547231, 41.0298987 ], [ -71.5558557, 41.0287378 ], [ -71.5567772, 41.0273855 ], [ -71.5573925, 41.0255814 ], [ -71.557259, 41.0241951 ], [ -71.5571828, 41.0235886 ], [ -71.5566108, 41.0220869 ], [ -71.5554858, 41.0206572 ], [ -71.5541892, 41.0193864 ], [ -71.5514245, 41.0186788 ], [ -71.5495178, 41.0186355 ], [ -71.5471916, 41.0186932 ], [ -71.5444459, 41.0193287 ], [ -71.5420053, 41.0208738 ], [ -71.5407088, 41.0228089 ], [ -71.5399842, 41.0258557 ], [ -71.5403274, 41.0269676 ], [ -71.5415477, 41.0284115 ], [ -71.5448273, 41.0304474 ], [ -71.5473823, 41.0310682 ] ] ] } },
{ "type": "Feature", "properties": { "RCID": 539, "PRIM": 3, "GRUP": 1, "OBJL": 42, "RVER": 1, "AGEN": 550, "FIDN": -1548863996, "FIDS": 48294, "LNAM": "0226A3AE3604BCA6", "DRVAL1": 27.4, "DRVAL2": 36.5 }, "geometry": { "type": "Polygon", "coordinates": [ [ [ -71.3885778, 41.0908209 ], [ -71.3855112, 41.0905532 ], [ -71.3822087, 41.0900892 ], [ -71.3798498, 41.0898215 ], [ -71.3786468, 41.0891076 ], [ -71.3783402, 41.0877513 ], [ -71.378293, 41.0863056 ], [ -71.378175, 41.0832179 ], [ -71.3784345, 41.0814866 ], [ -71.3804632, 41.0789699 ], [ -71.3837184, 41.0770064 ], [ -71.387186, 41.0752927 ], [ -71.3903234, 41.0739718 ], [ -71.3923992, 41.0733292 ], [ -71.3949468, 41.0728472 ], [ -71.3971642, 41.0727401 ], [ -71.3986503, 41.0726508 ], [ -71.4003251, 41.0727758 ], [ -71.4019527, 41.0733113 ], [ -71.4030191, 41.0738073 ], [ -71.4047392, 41.0752701 ], [ -71.4051979, 41.0764725 ], [ -71.4045003, 41.0801479 ], [ -71.4032501, 41.0834321 ], [ -71.4019291, 41.0859308 ], [ -71.4010563, 41.0874836 ], [ -71.3977539, 41.0892504 ], [ -71.3936258, 41.0906067 ], [ -71.3915736, 41.0909101 ], [ -71.3885778, 41.0908209 ] ] ] } },
{ "type": "Feature", "properties": { "RCID": 540, "PRIM": 3, "GRUP": 1, "OBJL": 42, "RVER": 1, "AGEN": 550, "FIDN": -763966336, "FIDS": 48294, "LNAM": "0226D276CC80BCA6", "DRVAL1": 27.4, "DRVAL2": 36.5 }, "geometry": { "type": "Polygon", "coordinates": [ [ [ -71.1974975, 41.1500456 ], [ -71.1996168, 41.1515242 ], [ -71.2006026, 41.1534956 ], [ -71.2003561, 41.1559106 ], [ -71.1986311, 41.1575864 ], [ -71.1961175, 41.1585228 ], [ -71.1939489, 41.15872 ], [ -71.1922732, 41.15872 ], [ -71.1894146, 41.1586214 ], [ -71.1876896, 41.1575371 ], [ -71.1863589, 41.1556642 ], [ -71.1861124, 41.1535942 ], [ -71.1875417, 41.150982 ], [ -71.1902032, 41.1494542 ], [ -71.1942447, 41.1490599 ], [ -71.1974975, 41.1500456 ] ] ] } },
{ "type": "Feature", "properties": { "RCID": 541, "PRIM": 3, "GRUP": 1, "OBJL": 42, "RVER": 1, "AGEN": 550, "FIDN": 267367851, "FIDS": 48294, "LNAM": "02260FEFB5ABBCA6", "DRVAL1": 36.5, "DRVAL2": 45.7 }, "geometry": { "type": "Polygon", "coordinates": [ [ [ -71.688885, 41.1362505 ], [ -71.688885, 41.1345705 ], [ -71.6897183, 41.1333945 ], [ -71.6930514, 41.1322605 ], [ -71.699051, 41.1303704 ], [ -71.7029951, 41.1292783 ], [ -71.7052728, 41.1286063 ], [ -71.7071615, 41.1288163 ], [ -71.7101058, 41.1298244 ], [ -71.7119945, 41.1313784 ], [ -71.7140499, 41.1343605 ], [ -71.7152499, 41.1368804 ], [ -71.7154498, 41.1385939 ], [ -71.7149165, 41.1397026 ], [ -71.71345, 41.1410129 ], [ -71.7117834, 41.1416177 ], [ -71.7090503, 41.1412649 ], [ -71.7067838, 41.1412145 ], [ -71.7044395, 41.1414161 ], [ -71.7031063, 41.141668 ], [ -71.7007175, 41.1430959 ], [ -71.699051, 41.1437258 ], [ -71.6968289, 41.1442717 ], [ -71.6948846, 41.1441457 ], [ -71.6933292, 41.1440197 ], [ -71.6919404, 41.1430959 ], [ -71.6905516, 41.14171 ], [ -71.689385, 41.1391063 ], [ -71.688885, 41.1362505 ] ] ] } },
{ "type": "Feature", "properties": { "RCID": 542, "PRIM": 3, "GRUP": 1, "OBJL": 42, "RVER": 1, "AGEN": 550, "FIDN": 1229718815, "FIDS": 48294, "LNAM": "0226494C051FBCA6", "DRVAL1": 10.9, "DRVAL2": 18.2 }, "geometry": { "type": "Polygon", "coordinates": [ [ [ -71.1036181, 41.4050105 ], [ -71.1050233, 41.4050104 ], [ -71.1121433, 41.4082429 ], [ -71.1129241, 41.409007 ], [ -71.1131583, 41.4098298 ], [ -71.1132365, 41.4126509 ], [ -71.1130804, 41.4133562 ], [ -71.1112849, 41.4152956 ], [ -71.1096456, 41.4165298 ], [ -71.1085527, 41.4171175 ], [ -71.1056798, 41.4180579 ], [ -71.1024946, 41.418058 ], [ -71.0971546, 41.4170004 ], [ -71.0966862, 41.4168241 ], [ -71.0957494, 41.4161776 ], [ -71.0935633, 41.4142971 ], [ -71.0901644, 41.4119496 ], [ -71.0899938, 41.4114931 ], [ -71.0901282, 41.4106533 ], [ -71.0983251, 41.4063037 ], [ -71.0992619, 41.405951 ], [ -71.1036181, 41.4050105 ] ] ] } },
{ "type": "Feature", "properties": { "RCID": 543, "PRIM": 3, "GRUP": 1, "OBJL": 42, "RVER": 1, "AGEN": 550, "FIDN": -424560667, "FIDS": 48294, "LNAM": "0226E6B1B7E5BCA6", "DRVAL1": 10.9, "DRVAL2": 18.2 }, "geometry": { "type": "Polygon", "coordinates": [ [ [ -71.5643466, 41.1150655 ], [ -71.5636317, 41.1166274 ], [ -71.5629168, 41.1172881 ], [ -71.5619637, 41.1177387 ], [ -71.5601765, 41.1178888 ], [ -71.5577538, 41.1179789 ], [ -71.555768, 41.1178888 ], [ -71.5548546, 41.1176485 ], [ -71.5533057, 41.1166874 ], [ -71.5503667, 41.113834 ], [ -71.546832, 41.1106801 ], [ -71.5443696, 41.1083071 ], [ -71.5412519, 41.1054341 ], [ -71.5396422, 41.1042238 ], [ -71.5368858, 41.1026726 ], [ -71.5319684, 41.1006376 ], [ -71.5282858, 41.0993866 ], [ -71.5269628, 41.0986193 ], [ -71.5252207, 41.0971013 ], [ -71.5244489, 41.0952163 ], [ -71.5246694, 41.093498 ], [ -71.5253751, 41.0922302 ], [ -71.5268525, 41.0906953 ], [ -71.5286166, 41.0901114 ], [ -71.5302263, 41.0900948 ], [ -71.5325197, 41.0905619 ], [ -71.5345043, 41.0915295 ], [ -71.5367755, 41.0933979 ], [ -71.5385176, 41.0956333 ], [ -71.5398627, 41.0981689 ], [ -71.5421781, 41.1004375 ], [ -71.5440304, 41.1013716 ], [ -71.5487273, 41.1023223 ], [ -71.5509986, 41.1033565 ], [ -71.5520791, 41.1042572 ], [ -71.5536994, 41.1050498 ], [ -71.5555729, 41.1055782 ], [ -71.5579862, 41.1062507 ], [ -71.5599232, 41.1072594 ], [ -71.5623608, 41.1086375 ], [ -71.5636714, 41.1096588 ], [ -71.5642275, 41.1108904 ], [ -71.5646643, 41.1128428 ], [ -71.5646643, 41.1140143 ], [ -71.5643466, 41.1150655 ] ] ] } },
{ "type": "Feature", "properties": { "RCID": 544, "PRIM": 3, "GRUP": 1, "OBJL": 42, "RVER": 1, "AGEN": 550, "FIDN": 1177088916, "FIDS": 48294, "LNAM": "02264628F394BCA6", "DRVAL1": 54.8, "DRVAL2": 64.0 }, "geometry": { "type": "Polygon", "coordinates": [ [ [ -70.8495205, 40.8 ], [ -70.8, 40.8 ], [ -70.8, 40.816397 ], [ -70.8, 40.8208336 ], [ -70.8003097, 40.8208056 ], [ -70.8023915, 40.8201729 ], [ -70.8039529, 40.8198763 ], [ -70.8070756, 40.8187494 ], [ -70.8133209, 40.8168512 ], [ -70.8148822, 40.816258 ], [ -70.818005, 40.8155462 ], [ -70.8195663, 40.815309 ], [ -70.8211277, 40.814953 ], [ -70.822689, 40.814775 ], [ -70.8258117, 40.8147156 ], [ -70.8273731, 40.8149528 ], [ -70.8290126, 40.8153086 ], [ -70.8323696, 40.816732 ], [ -70.8337749, 40.8179182 ], [ -70.8348679, 40.8191044 ], [ -70.8356486, 40.820172 ], [ -70.8365075, 40.8225442 ], [ -70.8365857, 40.8249757 ], [ -70.8364297, 40.8262211 ], [ -70.8347123, 40.8287119 ], [ -70.8334632, 40.8298979 ], [ -70.8320581, 40.8308467 ], [ -70.8304967, 40.8316176 ], [ -70.8274962, 40.8330125 ], [ -70.8250375, 40.8336445 ], [ -70.8230023, 40.8341676 ], [ -70.8187039, 40.8345971 ], [ -70.8153534, 40.834688 ], [ -70.8129202, 40.8348393 ], [ -70.811564, 40.835142 ], [ -70.8105867, 40.835808 ], [ -70.810467, 40.8365648 ], [ -70.8106664, 40.8373215 ], [ -70.8111052, 40.8377756 ], [ -70.8120227, 40.8382599 ], [ -70.8148834, 40.8392671 ], [ -70.8157422, 40.8403936 ], [ -70.8160546, 40.8427652 ], [ -70.8170696, 40.8440103 ], [ -70.8186309, 40.8444845 ], [ -70.8233151, 40.8452551 ], [ -70.8248765, 40.8457886 ], [ -70.8264379, 40.8464999 ], [ -70.8273748, 40.847567 ], [ -70.8273749, 40.8489899 ], [ -70.8273376, 40.8490418 ], [ -70.8264381, 40.8502941 ], [ -70.8248768, 40.8515983 ], [ -70.8233155, 40.8523097 ], [ -70.8217541, 40.852784 ], [ -70.8170701, 40.8539697 ], [ -70.8154306, 40.8541476 ], [ -70.812308, 40.854859 ], [ -70.807702, 40.8563411 ], [ -70.8061406, 40.8569339 ], [ -70.8051768, 40.857415 ], [ -70.8050477, 40.8578823 ], [ -70.8052296, 40.8586781 ], [ -70.8059847, 40.8590678 ], [ -70.8077022, 40.8593048 ], [ -70.8094196, 40.8594233 ], [ -70.810758, 40.8593217 ], [ -70.8210298, 40.8571766 ], [ -70.8254235, 40.8559849 ], [ -70.8285462, 40.85474 ], [ -70.8315908, 40.8531394 ], [ -70.8345573, 40.8514202 ], [ -70.8368017, 40.8504568 ], [ -70.8384425, 40.8494877 ], [ -70.8384741, 40.849469 ], [ -70.8410925, 40.8479224 ], [ -70.8468137, 40.8448393 ], [ -70.8512634, 40.8428235 ], [ -70.8527467, 40.8419934 ], [ -70.8558694, 40.8407482 ], [ -70.8575088, 40.8403331 ], [ -70.8589921, 40.8396808 ], [ -70.8636761, 40.8384949 ], [ -70.8667988, 40.8373683 ], [ -70.8684592, 40.8367999 ], [ -70.8686985, 40.8364367 ], [ -70.868858, 40.8360129 ], [ -70.8688182, 40.835468 ], [ -70.8682996, 40.8349534 ], [ -70.8668636, 40.8342572 ], [ -70.8657069, 40.8341058 ], [ -70.8641113, 40.8340453 ], [ -70.8618376, 40.8341058 ], [ -70.8597634, 40.8346204 ], [ -70.8581281, 40.8351956 ], [ -70.8568915, 40.8353469 ], [ -70.8555752, 40.8353469 ], [ -70.8550167, 40.8352259 ], [ -70.8547774, 40.8349837 ], [ -70.8546977, 40.8346507 ], [ -70.8547375, 40.8343783 ], [ -70.854937, 40.8339545 ], [ -70.8551602, 40.8336496 ], [ -70.8553359, 40.8334096 ], [ -70.8564927, 40.832683 ], [ -70.8583674, 40.8319565 ], [ -70.8602421, 40.8315932 ], [ -70.8643784, 40.8312609 ], [ -70.8675011, 40.8314387 ], [ -70.8706239, 40.8318537 ], [ -70.8760887, 40.8320314 ], [ -70.8784307, 40.8315569 ], [ -70.8799921, 40.8310825 ], [ -70.8815534, 40.8303709 ], [ -70.8828805, 40.829422 ], [ -70.8856909, 40.8272871 ], [ -70.887018, 40.826101 ], [ -70.8899064, 40.823966 ], [ -70.8926387, 40.8217122 ], [ -70.8957613, 40.8199923 ], [ -70.8973227, 40.8193398 ], [ -70.898884, 40.8187466 ], [ -70.9004453, 40.8183907 ], [ -70.9020066, 40.8181534 ], [ -70.903568, 40.818272 ], [ -70.9051294, 40.8185092 ], [ -70.911375, 40.8199324 ], [ -70.9144978, 40.8202882 ], [ -70.9254274, 40.8211775 ], [ -70.9285501, 40.8216519 ], [ -70.9315948, 40.8222448 ], [ -70.9347176, 40.8230158 ], [ -70.9365132, 40.823846 ], [ -70.9379185, 40.8249134 ], [ -70.9385431, 40.8260995 ], [ -70.9385432, 40.8275227 ], [ -70.9372941, 40.8288274 ], [ -70.9357328, 40.8295391 ], [ -70.9341715, 40.8303693 ], [ -70.9335966, 40.8310737 ], [ -70.933477, 40.8315884 ], [ -70.9335567, 40.8321939 ], [ -70.9338359, 40.8327084 ], [ -70.934913, 40.8335561 ], [ -70.9350236, 40.8336633 ], [ -70.936349, 40.8349486 ], [ -70.9395586, 40.8367732 ], [ -70.9423691, 40.838789 ], [ -70.9433585, 40.8396907 ], [ -70.9439584, 40.8408081 ], [ -70.9439104, 40.8412635 ], [ -70.9437904, 40.8416643 ], [ -70.9434544, 40.8420467 ], [ -70.9427823, 40.842156 ], [ -70.9419661, 40.8421196 ], [ -70.9400699, 40.8410814 ], [ -70.9381736, 40.8397153 ], [ -70.9370694, 40.8394967 ], [ -70.9362293, 40.8395332 ], [ -70.9357973, 40.8397518 ], [ -70.9354613, 40.8401707 ], [ -70.9353172, 40.8407536 ], [ -70.9355572, 40.8416096 ], [ -70.9361994, 40.8425412 ], [ -70.9369827, 40.8435324 ], [ -70.9396371, 40.8459037 ], [ -70.9404178, 40.8470894 ], [ -70.9415108, 40.8482751 ], [ -70.9443214, 40.8504684 ], [ -70.9455706, 40.8516541 ], [ -70.9484592, 40.8538473 ], [ -70.951504, 40.8557441 ], [ -70.9546268, 40.8573444 ], [ -70.9560321, 40.8582335 ], [ -70.9572813, 40.8593004 ], [ -70.9582181, 40.8604858 ], [ -70.9575937, 40.8617898 ], [ -70.9563446, 40.862264 ], [ -70.9526141, 40.8629047 ], [ -70.9526095, 40.8629055 ], [ -70.9497868, 40.8633903 ], [ -70.9466642, 40.863746 ], [ -70.9435414, 40.8639833 ], [ -70.9404187, 40.8643982 ], [ -70.9357347, 40.8651095 ], [ -70.9341733, 40.8654652 ], [ -70.9310506, 40.8659394 ], [ -70.9279279, 40.8666507 ], [ -70.9201212, 40.8688438 ], [ -70.9169984, 40.8694958 ], [ -70.9154371, 40.8697329 ], [ -70.9123144, 40.8705035 ], [ -70.9091917, 40.8710369 ], [ -70.9076303, 40.8709184 ], [ -70.9060689, 40.871037 ], [ -70.9013068, 40.8707408 ], [ -70.898184, 40.8706816 ], [ -70.8950612, 40.8702669 ], [ -70.893578, 40.8702077 ], [ -70.8871763, 40.8692597 ], [ -70.8824922, 40.86843 ], [ -70.8805838, 40.8679955 ], [ -70.874451, 40.8659411 ], [ -70.8713282, 40.8646373 ], [ -70.8682054, 40.8638669 ], [ -70.8667221, 40.8640448 ], [ -70.8651608, 40.8647561 ], [ -70.8637556, 40.8658229 ], [ -70.8618821, 40.8683122 ], [ -70.8615699, 40.869616 ], [ -70.8618822, 40.8711568 ], [ -70.862663, 40.8722235 ], [ -70.8638341, 40.8745939 ], [ -70.8637561, 40.8757791 ], [ -70.8631316, 40.8769642 ], [ -70.8634439, 40.8782679 ], [ -70.8648493, 40.8793345 ], [ -70.8665668, 40.8796899 ], [ -70.8682843, 40.8796898 ], [ -70.8698456, 40.8793343 ], [ -70.8716412, 40.8786232 ], [ -70.8747639, 40.8777343 ], [ -70.8764033, 40.8775564 ], [ -70.8810093, 40.8764304 ], [ -70.884132, 40.8760155 ], [ -70.8872547, 40.8760154 ], [ -70.8903775, 40.8761931 ], [ -70.8920169, 40.8763709 ], [ -70.8935783, 40.8769634 ], [ -70.8951398, 40.8780299 ], [ -70.8957644, 40.8793335 ], [ -70.8957644, 40.8806372 ], [ -70.8951399, 40.8818222 ], [ -70.894047, 40.8831258 ], [ -70.8924857, 40.8844887 ], [ -70.8894412, 40.8856738 ], [ -70.8831177, 40.8872736 ], [ -70.8799949, 40.887807 ], [ -70.8721882, 40.8884589 ], [ -70.8690654, 40.8889923 ], [ -70.8643814, 40.8894663 ], [ -70.8612587, 40.8901181 ], [ -70.8596973, 40.8908291 ], [ -70.8582922, 40.8916586 ], [ -70.8568869, 40.8928435 ], [ -70.8561063, 40.8940284 ], [ -70.8561412, 40.8950066 ], [ -70.8564187, 40.8954502 ], [ -70.857276, 40.8957689 ], [ -70.8582923, 40.8958056 ], [ -70.8604047, 40.8953246 ], [ -70.8646158, 40.8939097 ], [ -70.8661771, 40.893258 ], [ -70.8677385, 40.8927247 ], [ -70.8708612, 40.891836 ], [ -70.8732813, 40.8913619 ], [ -70.8771846, 40.8910656 ], [ -70.878668, 40.8908286 ], [ -70.8817907, 40.89071 ], [ -70.8864748, 40.8909468 ], [ -70.8895976, 40.890769 ], [ -70.8974044, 40.890591 ], [ -70.9005271, 40.8905909 ], [ -70.9036498, 40.8904132 ], [ -70.9067725, 40.8897613 ], [ -70.9128618, 40.8876283 ], [ -70.91778, 40.8853766 ], [ -70.9193413, 40.8843101 ], [ -70.9232445, 40.8809919 ], [ -70.9239627, 40.8799016 ], [ -70.9273819, 40.8763698 ], [ -70.9315194, 40.8732289 ], [ -70.934642, 40.8713917 ], [ -70.9377647, 40.8699693 ], [ -70.939326, 40.8694358 ], [ -70.9408874, 40.8690209 ], [ -70.94401, 40.868606 ], [ -70.9471328, 40.8687837 ], [ -70.94885, 40.8693218 ], [ -70.9490065, 40.8698504 ], [ -70.94885, 40.8705433 ], [ -70.9476014, 40.8712728 ], [ -70.9460401, 40.8718654 ], [ -70.9429174, 40.8732878 ], [ -70.9397947, 40.8750065 ], [ -70.9372186, 40.8771991 ], [ -70.9350328, 40.8794509 ], [ -70.9323786, 40.8818211 ], [ -70.9308953, 40.8828877 ], [ -70.9283192, 40.8850801 ], [ -70.9254307, 40.8870947 ], [ -70.9209029, 40.8895832 ], [ -70.9177802, 40.8910644 ], [ -70.9162189, 40.8915976 ], [ -70.9130962, 40.8924272 ], [ -70.9084122, 40.893316 ], [ -70.9068508, 40.8934937 ], [ -70.903728, 40.8936123 ], [ -70.9021667, 40.8935531 ], [ -70.8959211, 40.8926054 ], [ -70.8943598, 40.8924869 ], [ -70.8927985, 40.892724 ], [ -70.8912371, 40.893198 ], [ -70.8896758, 40.8937904 ], [ -70.8878535, 40.8947698 ], [ -70.8866569, 40.8957981 ], [ -70.885899, 40.8970683 ], [ -70.8857394, 40.8982175 ], [ -70.8856197, 40.8991852 ], [ -70.8859388, 40.9003647 ], [ -70.8861782, 40.9013022 ], [ -70.8859787, 40.9018767 ], [ -70.8855599, 40.9023 ], [ -70.8843632, 40.902663 ], [ -70.8817132, 40.9027356 ], [ -70.8785905, 40.9026765 ], [ -70.8739064, 40.9029136 ], [ -70.872345, 40.9027952 ], [ -70.8707836, 40.9027952 ], [ -70.8692223, 40.9029729 ], [ -70.8661777, 40.9036246 ], [ -70.8646944, 40.9038616 ], [ -70.8631331, 40.9045725 ], [ -70.8628601, 40.9051338 ], [ -70.8629924, 40.9057639 ], [ -70.8634454, 40.9061125 ], [ -70.8643523, 40.9064512 ], [ -70.8651629, 40.9064678 ], [ -70.8668023, 40.9062901 ], [ -70.8699251, 40.9062899 ], [ -70.872085, 40.9061912 ], [ -70.877732, 40.9064674 ], [ -70.8808547, 40.9064673 ], [ -70.8887396, 40.9059932 ], [ -70.8902229, 40.9056971 ], [ -70.8949069, 40.9052231 ], [ -70.8980297, 40.9051637 ], [ -70.9011524, 40.9054006 ], [ -70.9042752, 40.9059335 ], [ -70.9058366, 40.9063481 ], [ -70.9105207, 40.9078287 ], [ -70.9136436, 40.9092501 ], [ -70.9152831, 40.9101385 ], [ -70.9184058, 40.911086 ], [ -70.9199672, 40.9113229 ], [ -70.9215286, 40.9113228 ], [ -70.9230899, 40.9112044 ], [ -70.9263687, 40.9100197 ], [ -70.9280862, 40.9091905 ], [ -70.932614, 40.9064066 ], [ -70.9338631, 40.9052811 ], [ -70.934956, 40.9040964 ], [ -70.9358928, 40.9029117 ], [ -70.9366734, 40.901727 ], [ -70.9369856, 40.9005423 ], [ -70.9368293, 40.8992391 ], [ -70.9363609, 40.8979359 ], [ -70.9347994, 40.8967511 ], [ -70.933238, 40.8962773 ], [ -70.9316767, 40.8962773 ], [ -70.929803, 40.8965143 ], [ -70.9282418, 40.8968698 ], [ -70.9251191, 40.8979954 ], [ -70.9235577, 40.8984102 ], [ -70.9219963, 40.8985287 ], [ -70.9204349, 40.8985288 ], [ -70.9188736, 40.8981734 ], [ -70.9177503, 40.8972528 ], [ -70.9172818, 40.896068 ], [ -70.9173787, 40.895 ], [ -70.9181126, 40.89455 ], [ -70.919045, 40.8942879 ], [ -70.9199663, 40.8942635 ], [ -70.9215277, 40.8942634 ], [ -70.9230891, 40.8941449 ], [ -70.9293345, 40.8927821 ], [ -70.9324572, 40.8927228 ], [ -70.9341747, 40.8929597 ], [ -70.9357361, 40.8933744 ], [ -70.938937, 40.8943814 ], [ -70.942372, 40.896277 ], [ -70.9498929, 40.9008578 ], [ -70.9544731, 40.9043328 ], [ -70.9569715, 40.9078866 ], [ -70.9571276, 40.9093081 ], [ -70.9568155, 40.9104926 ], [ -70.9554103, 40.9114403 ], [ -70.9533493, 40.9118668 ], [ -70.9486964, 40.9112628 ], [ -70.947135, 40.9112036 ], [ -70.9455737, 40.9114406 ], [ -70.9440123, 40.911796 ], [ -70.9408896, 40.9128622 ], [ -70.9393282, 40.9135137 ], [ -70.9363618, 40.9152312 ], [ -70.9333172, 40.9168303 ], [ -70.9318339, 40.9178371 ], [ -70.931647, 40.9186116 ], [ -70.9319569, 40.9192744 ], [ -70.93272, 40.920015 ], [ -70.9335516, 40.9205612 ], [ -70.9385332, 40.9228282 ], [ -70.9391796, 40.9231566 ], [ -70.9394849, 40.9236403 ], [ -70.9397973, 40.9260088 ], [ -70.9390167, 40.9271931 ], [ -70.9377677, 40.9283181 ], [ -70.934645, 40.9298577 ], [ -70.9332398, 40.9307459 ], [ -70.9325535, 40.931468 ], [ -70.9324592, 40.9319301 ], [ -70.9327086, 40.9323595 ], [ -70.9331353, 40.9326437 ], [ -70.9338645, 40.9327589 ], [ -70.9387047, 40.9318115 ], [ -70.9461211, 40.9308343 ], [ -70.9480728, 40.930331 ], [ -70.9527568, 40.9288506 ], [ -70.9543182, 40.9284361 ], [ -70.9605636, 40.9273701 ], [ -70.9636863, 40.9270147 ], [ -70.9668091, 40.9264817 ], [ -70.9699317, 40.9260672 ], [ -70.9717147, 40.9257606 ], [ -70.9728316, 40.925398 ], [ -70.9732704, 40.9249142 ], [ -70.9734698, 40.9245212 ], [ -70.9732704, 40.9237655 ], [ -70.973031, 40.923312 ], [ -70.9723131, 40.9228888 ], [ -70.9707973, 40.9225563 ], [ -70.9689226, 40.9218307 ], [ -70.9679653, 40.9212866 ], [ -70.9675265, 40.9206517 ], [ -70.9674467, 40.9198959 ], [ -70.9674068, 40.9192611 ], [ -70.9676063, 40.9188075 ], [ -70.9698001, 40.9175983 ], [ -70.9714555, 40.9172354 ], [ -70.9730909, 40.917054 ], [ -70.9762549, 40.9174212 ], [ -70.9793776, 40.9180134 ], [ -70.9825003, 40.9183094 ], [ -70.9858751, 40.9188983 ], [ -70.9885476, 40.9189285 ], [ -70.9901831, 40.9187168 ], [ -70.9907415, 40.9184448 ], [ -70.9910607, 40.9181727 ], [ -70.9910607, 40.9178703 ], [ -70.990941, 40.9176587 ], [ -70.9907016, 40.9173866 ], [ -70.9892258, 40.91654 ], [ -70.9877499, 40.915633 ], [ -70.9875105, 40.9149679 ], [ -70.9875105, 40.9142422 ], [ -70.9877499, 40.9132748 ], [ -70.9882285, 40.9123374 ], [ -70.988787, 40.9116723 ], [ -70.9900435, 40.9110373 ], [ -70.9908013, 40.9108559 ], [ -70.9923171, 40.9107652 ], [ -70.9939126, 40.9107954 ], [ -70.995229, 40.9110071 ], [ -70.9969442, 40.9116723 ], [ -70.9985398, 40.9125793 ], [ -71.0001752, 40.9137585 ], [ -71.0020898, 40.9161168 ], [ -71.0046825, 40.9187773 ], [ -71.0086115, 40.9217703 ], [ -71.0118824, 40.9237051 ], [ -71.0131988, 40.9240073 ], [ -71.0144752, 40.9239771 ], [ -71.0154325, 40.9237655 ], [ -71.017028, 40.9228888 ], [ -71.0184242, 40.9215586 ], [ -71.0202191, 40.9194122 ], [ -71.0218146, 40.917689 ], [ -71.0246268, 40.9154214 ], [ -71.0283763, 40.9136678 ], [ -71.0326843, 40.9118235 ], [ -71.0379097, 40.9099489 ], [ -71.0462036, 40.9066994 ], [ -71.0493262, 40.905337 ], [ -71.0509656, 40.9048038 ], [ -71.0523709, 40.903856 ], [ -71.053776, 40.9031452 ], [ -71.0553374, 40.9025528 ], [ -71.0568987, 40.9020788 ], [ -71.0615046, 40.9001832 ], [ -71.0661887, 40.8985837 ], [ -71.0705266, 40.8968533 ], [ -71.0722779, 40.8961547 ], [ -71.0738393, 40.8953845 ], [ -71.0806831, 40.8925604 ], [ -71.081724, 40.8922444 ], [ -71.0832853, 40.8915335 ], [ -71.0848466, 40.890704 ], [ -71.0892183, 40.88786 ], [ -71.0983442, 40.8837409 ], [ -71.103051, 40.8815024 ], [ -71.1076382, 40.8796874 ], [ -71.1183882, 40.8752405 ], [ -71.1256079, 40.8726689 ], [ -71.1337944, 40.869193 ], [ -71.1369171, 40.8681854 ], [ -71.1416792, 40.8671185 ], [ -71.1432406, 40.8665258 ], [ -71.1509692, 40.863977 ], [ -71.1551848, 40.8623569 ], [ -71.1572747, 40.8618216 ], [ -71.158834, 40.8613118 ], [ -71.1591129, 40.8612206 ], [ -71.1609396, 40.8609237 ], [ -71.1629916, 40.8608353 ], [ -71.164631, 40.8608353 ], [ -71.1661924, 40.8610724 ], [ -71.1677538, 40.8614279 ], [ -71.1722037, 40.8633245 ], [ -71.1753266, 40.8640356 ], [ -71.176966, 40.8642727 ], [ -71.1784493, 40.8642726 ], [ -71.1810415, 40.8640265 ], [ -71.181572, 40.8639761 ], [ -71.1846167, 40.8631463 ], [ -71.1892225, 40.8608346 ], [ -71.1954765, 40.8574229 ], [ -71.1971073, 40.8568037 ], [ -71.1988248, 40.856448 ], [ -71.1994591, 40.8564597 ], [ -71.1999275, 40.8566374 ], [ -71.20023, 40.8570408 ], [ -71.1997617, 40.8582263 ], [ -71.1988249, 40.8594118 ], [ -71.1974197, 40.8605973 ], [ -71.1944533, 40.862494 ], [ -71.1932042, 40.863561 ], [ -71.1888325, 40.866406 ], [ -71.1877396, 40.8680654 ], [ -71.1885204, 40.8691322 ], [ -71.1900818, 40.869547 ], [ -71.1932045, 40.8699025 ], [ -71.1963273, 40.8698431 ], [ -71.1978886, 40.869606 ], [ -71.19945, 40.8690726 ], [ -71.2025726, 40.8685392 ], [ -71.204134, 40.8686576 ], [ -71.2056954, 40.8688946 ], [ -71.2072568, 40.8693687 ], [ -71.2088182, 40.8697242 ], [ -71.2103795, 40.8696057 ], [ -71.2119409, 40.8693093 ], [ -71.2135023, 40.8691314 ], [ -71.2150636, 40.8691907 ], [ -71.2181864, 40.8695462 ], [ -71.2213091, 40.8695461 ], [ -71.2228705, 40.8693682 ], [ -71.2244318, 40.8690126 ], [ -71.2259932, 40.8684199 ], [ -71.2291939, 40.8667603 ], [ -71.2323166, 40.8659305 ], [ -71.233956, 40.8659305 ], [ -71.2355174, 40.866286 ], [ -71.2366105, 40.8673528 ], [ -71.237235, 40.8685381 ], [ -71.2381719, 40.8696048 ], [ -71.2397333, 40.87079 ], [ -71.2412948, 40.8717382 ], [ -71.2428562, 40.8722123 ], [ -71.2444175, 40.8720937 ], [ -71.2459788, 40.8718566 ], [ -71.2475402, 40.8712639 ], [ -71.2522242, 40.8683006 ], [ -71.2539416, 40.8677079 ], [ -71.255503, 40.8673523 ], [ -71.2573766, 40.8673522 ], [ -71.25804, 40.8676149 ], [ -71.2582801, 40.8680551 ], [ -71.2583135, 40.868419 ], [ -71.2579232, 40.869545 ], [ -71.2567523, 40.8719155 ], [ -71.2567523, 40.87316 ], [ -71.2572208, 40.8743452 ], [ -71.2575332, 40.8755304 ], [ -71.2575333, 40.8767155 ], [ -71.2579236, 40.8778414 ], [ -71.2602815, 40.8819299 ], [ -71.2605001, 40.8827595 ], [ -71.2607344, 40.884537 ], [ -71.2605004, 40.8874994 ], [ -71.259876, 40.8910543 ], [ -71.2598761, 40.8922392 ], [ -71.2600323, 40.893424 ], [ -71.2609693, 40.8959121 ], [ -71.2608131, 40.8970377 ], [ -71.2585493, 40.899348 ], [ -71.2576906, 40.9005328 ], [ -71.2570661, 40.9017176 ], [ -71.2569882, 40.9040869 ], [ -71.2561295, 40.9052716 ], [ -71.2548804, 40.9064562 ], [ -71.2534753, 40.9074039 ], [ -71.2519139, 40.9079963 ], [ -71.2487912, 40.9088256 ], [ -71.2456685, 40.9090626 ], [ -71.2441072, 40.9089442 ], [ -71.2425458, 40.9087073 ], [ -71.2393449, 40.9080559 ], [ -71.2377055, 40.9079967 ], [ -71.235988, 40.9082337 ], [ -71.2344266, 40.9087076 ], [ -71.2328653, 40.9094184 ], [ -71.2319286, 40.9107214 ], [ -71.2317725, 40.9119059 ], [ -71.2327094, 40.9130904 ], [ -71.2341147, 40.914038 ], [ -71.235676, 40.9145117 ], [ -71.2372374, 40.9146301 ], [ -71.2387988, 40.9146301 ], [ -71.2398397, 40.914551 ], [ -71.2465275, 40.9132085 ], [ -71.2480888, 40.9127938 ], [ -71.2512896, 40.9124976 ], [ -71.2530071, 40.9127345 ], [ -71.2545685, 40.913682 ], [ -71.2548809, 40.9148665 ], [ -71.2545687, 40.916051 ], [ -71.2541003, 40.9172354 ], [ -71.2531635, 40.9184199 ], [ -71.2516022, 40.9191305 ], [ -71.2500409, 40.920078 ], [ -71.2493525, 40.9211548 ], [ -71.2494164, 40.9217362 ], [ -71.2495871, 40.9222596 ], [ -71.2500897, 40.922704 ], [ -71.2508217, 40.9229204 ], [ -71.2525393, 40.9231573 ], [ -71.2541006, 40.9232757 ], [ -71.255662, 40.9232756 ], [ -71.2571453, 40.9231571 ], [ -71.260268, 40.9223873 ], [ -71.2617512, 40.9216766 ], [ -71.2644836, 40.9195446 ], [ -71.2659668, 40.9186563 ], [ -71.2681949, 40.9171622 ], [ -71.2692967, 40.9164233 ], [ -71.2715095, 40.915932 ], [ -71.2731489, 40.9159319 ], [ -71.2747103, 40.9160504 ], [ -71.276662, 40.9163464 ], [ -71.2840006, 40.9182412 ], [ -71.2886847, 40.9191294 ], [ -71.2933689, 40.9202544 ], [ -71.2964916, 40.9203728 ], [ -71.2996144, 40.9203727 ], [ -71.3042984, 40.9198988 ], [ -71.3105439, 40.9195433 ], [ -71.3121053, 40.9193656 ], [ -71.3167894, 40.9194247 ], [ -71.3224883, 40.9193653 ], [ -71.323269, 40.9194837 ], [ -71.3240322, 40.9198059 ], [ -71.3243547, 40.9201504 ], [ -71.3245182, 40.9205496 ], [ -71.3243254, 40.9210171 ], [ -71.3237376, 40.921734 ], [ -71.3226447, 40.9227999 ], [ -71.3213176, 40.9238066 ], [ -71.3200685, 40.9249318 ], [ -71.3171801, 40.9268858 ], [ -71.3157749, 40.9280109 ], [ -71.3121058, 40.9314452 ], [ -71.308593, 40.9351753 ], [ -71.3067195, 40.9375435 ], [ -71.3053144, 40.9400893 ], [ -71.3053144, 40.9413916 ], [ -71.3060952, 40.9425756 ], [ -71.3073443, 40.9437595 ], [ -71.310311, 40.9454169 ], [ -71.3118724, 40.945772 ], [ -71.3149952, 40.9461271 ], [ -71.3181179, 40.9461863 ], [ -71.322802, 40.9454165 ], [ -71.3243633, 40.9450613 ], [ -71.3274079, 40.9445285 ], [ -71.3290474, 40.9444692 ], [ -71.3304526, 40.9442323 ], [ -71.332014, 40.9441139 ], [ -71.3335753, 40.9441731 ], [ -71.3366201, 40.9445874 ], [ -71.3381034, 40.9451793 ], [ -71.3412262, 40.9459487 ], [ -71.3427875, 40.9461263 ], [ -71.3443489, 40.9464814 ], [ -71.3459103, 40.9467182 ], [ -71.3505944, 40.9470731 ], [ -71.3521558, 40.9470731 ], [ -71.3537171, 40.9468955 ], [ -71.3599626, 40.945889 ], [ -71.361524, 40.9457706 ], [ -71.3646466, 40.9451193 ], [ -71.3676913, 40.9443497 ], [ -71.3707358, 40.9434025 ], [ -71.3735463, 40.9423368 ], [ -71.3776603, 40.9420943 ], [ -71.3788855, 40.9418685 ], [ -71.3837874, 40.940965 ], [ -71.3905651, 40.9396131 ], [ -71.3936877, 40.9388434 ], [ -71.3968104, 40.9378369 ], [ -71.3984498, 40.9371856 ], [ -71.4030558, 40.9357054 ], [ -71.4061785, 40.9349356 ], [ -71.4108625, 40.9335738 ], [ -71.4139852, 40.9328631 ], [ -71.4156246, 40.9325671 ], [ -71.4188254, 40.9324486 ], [ -71.4203869, 40.9327445 ], [ -71.4219483, 40.9332182 ], [ -71.4231974, 40.9344022 ], [ -71.4230413, 40.9355863 ], [ -71.4202311, 40.9391386 ], [ -71.4196065, 40.9403226 ], [ -71.4189821, 40.9416251 ], [ -71.4187479, 40.9428683 ], [ -71.4196068, 40.9452361 ], [ -71.4205437, 40.9464792 ], [ -71.4216367, 40.9475446 ], [ -71.423042, 40.94861 ], [ -71.4246034, 40.949202 ], [ -71.4261648, 40.949557 ], [ -71.4285068, 40.9499121 ], [ -71.4315575, 40.9499075 ], [ -71.43326, 40.9498373 ], [ -71.4345482, 40.9497842 ], [ -71.4371724, 40.9497935 ], [ -71.4448343, 40.9499455 ], [ -71.4465406, 40.9496156 ], [ -71.448827, 40.9489359 ], [ -71.4503658, 40.9471294 ], [ -71.4509903, 40.9460047 ], [ -71.4509903, 40.9448208 ], [ -71.4503657, 40.9436369 ], [ -71.4492727, 40.942453 ], [ -71.4463059, 40.9402035 ], [ -71.4450567, 40.938901 ], [ -71.4447444, 40.937717 ], [ -71.4452128, 40.936533 ], [ -71.4464618, 40.9353489 ], [ -71.4480232, 40.9349936 ], [ -71.4495846, 40.9349936 ], [ -71.4605142, 40.9366509 ], [ -71.463715, 40.9369469 ], [ -71.4669158, 40.9368875 ], [ -71.4686333, 40.9361771 ], [ -71.4689455, 40.934993 ], [ -71.4681647, 40.9338089 ], [ -71.4666033, 40.93298 ], [ -71.465042, 40.9328024 ], [ -71.4634806, 40.9327433 ], [ -71.461763, 40.9325065 ], [ -71.4610829, 40.9322635 ], [ -71.4608867, 40.9316951 ], [ -71.4609824, 40.9310855 ], [ -71.4620752, 40.9300197 ], [ -71.4635585, 40.9290132 ], [ -71.4666812, 40.9283025 ], [ -71.4683206, 40.9282433 ], [ -71.4698039, 40.9279471 ], [ -71.4784694, 40.9268811 ], [ -71.4800938, 40.9265741 ], [ -71.4814183, 40.9263238 ], [ -71.4858077, 40.9242163 ], [ -71.4887742, 40.9230318 ], [ -71.4903356, 40.9222028 ], [ -71.4915846, 40.9212553 ], [ -71.4925995, 40.9200708 ], [ -71.4937704, 40.9188865 ], [ -71.4951756, 40.917702 ], [ -71.4965808, 40.916636 ], [ -71.4981421, 40.9156884 ], [ -71.4997447, 40.9148104 ], [ -71.5032164, 40.9139116 ], [ -71.5047778, 40.9136746 ], [ -71.5079006, 40.9133784 ], [ -71.5126627, 40.9133191 ], [ -71.514224, 40.9134374 ], [ -71.5157074, 40.9133781 ], [ -71.5188301, 40.9137335 ], [ -71.5281984, 40.9154507 ], [ -71.5313212, 40.9157466 ], [ -71.5360053, 40.915865 ], [ -71.539128, 40.9155688 ], [ -71.5407674, 40.9152134 ], [ -71.5422507, 40.9146803 ], [ -71.5452953, 40.9131996 ], [ -71.5484179, 40.9113043 ], [ -71.5499012, 40.9102974 ], [ -71.5529458, 40.9086982 ], [ -71.5560684, 40.9078096 ], [ -71.5607525, 40.9069802 ], [ -71.5638752, 40.9065656 ], [ -71.5669979, 40.9065655 ], [ -71.5732435, 40.9068615 ], [ -71.5763662, 40.9065652 ], [ -71.5794889, 40.9059136 ], [ -71.5810502, 40.9053804 ], [ -71.5827676, 40.9044326 ], [ -71.5833922, 40.9032479 ], [ -71.5833921, 40.9019448 ], [ -71.5824552, 40.9004047 ], [ -71.5814143, 40.9000098 ], [ -71.5761316, 40.8992794 ], [ -71.5746483, 40.8989832 ], [ -71.5730869, 40.8985094 ], [ -71.5719939, 40.8974431 ], [ -71.5715254, 40.8962584 ], [ -71.5716815, 40.8950736 ], [ -71.5721499, 40.8937702 ], [ -71.5737111, 40.8914005 ], [ -71.5755846, 40.8889713 ], [ -71.5768336, 40.8877271 ], [ -71.5786085, 40.8860805 ], [ -71.5827666, 40.883461 ], [ -71.5854989, 40.8815648 ], [ -71.5869821, 40.8807352 ], [ -71.5885435, 40.8801426 ], [ -71.5931494, 40.87795 ], [ -71.596194, 40.8767648 ], [ -71.600612, 40.875535 ], [ -71.6008781, 40.8754609 ], [ -71.6031491, 40.8749221 ], [ -71.6132908, 40.8729124 ], [ -71.6164135, 40.8722012 ], [ -71.6226589, 40.8704824 ], [ -71.6257816, 40.8698304 ], [ -71.6272649, 40.8694155 ], [ -71.6303876, 40.8688821 ], [ -71.6366329, 40.8672817 ], [ -71.641317, 40.8659776 ], [ -71.6428784, 40.8656813 ], [ -71.6444397, 40.8651478 ], [ -71.6475624, 40.8644365 ], [ -71.6522465, 40.8643771 ], [ -71.6538079, 40.8647327 ], [ -71.6555254, 40.8654439 ], [ -71.65615, 40.8667477 ], [ -71.6564624, 40.8679331 ], [ -71.6564626, 40.8714888 ], [ -71.6566187, 40.8726741 ], [ -71.6577119, 40.8762296 ], [ -71.6591954, 40.879785 ], [ -71.6598981, 40.88097 ], [ -71.6618499, 40.8833401 ], [ -71.663021, 40.8845251 ], [ -71.664063, 40.8852753 ], [ -71.6660657, 40.8867172 ], [ -71.6706719, 40.889087 ], [ -71.6737948, 40.8908643 ], [ -71.6769175, 40.8924638 ], [ -71.6800404, 40.8941817 ], [ -71.6830852, 40.8961366 ], [ -71.6858177, 40.8980914 ], [ -71.6889405, 40.8999869 ], [ -71.6935466, 40.9029485 ], [ -71.6956652, 40.9044481 ], [ -71.6956757, 40.9044555 ], [ -71.6960241, 40.9047021 ], [ -71.6975747, 40.9057996 ], [ -71.6994801, 40.9078646 ], [ -71.7015491, 40.9110036 ], [ -71.7019005, 40.911892 ], [ -71.7022128, 40.9130766 ], [ -71.702291, 40.9154455 ], [ -71.702135, 40.9178143 ], [ -71.7019008, 40.9189987 ], [ -71.7014325, 40.9201832 ], [ -71.7006518, 40.9213675 ], [ -71.7001835, 40.9225519 ], [ -71.6999493, 40.9237362 ], [ -71.6998714, 40.9261047 ], [ -71.7000276, 40.927289 ], [ -71.7005741, 40.9284732 ], [ -71.7012769, 40.9296574 ], [ -71.7031506, 40.9320257 ], [ -71.7036191, 40.9332098 ], [ -71.7039314, 40.9343939 ], [ -71.7039315, 40.935578 ], [ -71.7036973, 40.9367621 ], [ -71.7026826, 40.9391303 ], [ -71.7023704, 40.9403143 ], [ -71.7022143, 40.9414983 ], [ -71.7021532, 40.9428511 ], [ -71.7031331, 40.9453198 ], [ -71.7044291, 40.9465422 ], [ -71.7075584, 40.9484116 ], [ -71.710909, 40.9502569 ], [ -71.7118257, 40.9515031 ], [ -71.711934, 40.9532074 ], [ -71.709203, 40.9619859 ], [ -71.7086022, 40.9652982 ], [ -71.7081652, 40.968776 ], [ -71.7088207, 40.9699766 ], [ -71.7102954, 40.9703906 ], [ -71.7119887, 40.9701422 ], [ -71.7133542, 40.9693142 ], [ -71.7157575, 40.9676995 ], [ -71.7178331, 40.9640561 ], [ -71.720728, 40.9589218 ], [ -71.7218751, 40.9573069 ], [ -71.7247153, 40.9559404 ], [ -71.7287027, 40.9546981 ], [ -71.7308329, 40.9537457 ], [ -71.7364042, 40.9470783 ], [ -71.739127, 40.9421179 ], [ -71.7416386, 40.9377083 ], [ -71.7419508, 40.9365242 ], [ -71.7422629, 40.934156 ], [ -71.7421848, 40.9317877 ], [ -71.7417942, 40.9282351 ], [ -71.7411696, 40.9258667 ], [ -71.7410134, 40.9246824 ], [ -71.7407399, 40.9190568 ], [ -71.7408569, 40.9175763 ], [ -71.7418715, 40.9128384 ], [ -71.7425738, 40.9069156 ], [ -71.7425737, 40.9045464 ], [ -71.7422768, 40.8983859 ], [ -71.7415584, 40.8950685 ], [ -71.7417143, 40.8915139 ], [ -71.7419224, 40.8899341 ], [ -71.7432755, 40.8873667 ], [ -71.7437438, 40.8855892 ], [ -71.7437437, 40.8844042 ], [ -71.7435875, 40.8832192 ], [ -71.7423382, 40.8790714 ], [ -71.74222, 40.878847 ], [ -71.7420415, 40.8785085 ], [ -71.7420357, 40.8784975 ], [ -71.7401521, 40.8749235 ], [ -71.7393713, 40.8737384 ], [ -71.7387467, 40.8725532 ], [ -71.7387466, 40.8713679 ], [ -71.7389027, 40.8701827 ], [ -71.7392931, 40.8689973 ], [ -71.7406981, 40.8666267 ], [ -71.7410884, 40.8654413 ], [ -71.7410884, 40.8642559 ], [ -71.7409321, 40.8630705 ], [ -71.7385898, 40.8571434 ], [ -71.7378872, 40.8559579 ], [ -71.7371063, 40.8535868 ], [ -71.7364817, 40.8524012 ], [ -71.7359351, 40.8500301 ], [ -71.7354666, 40.8488444 ], [ -71.7353104, 40.846473 ], [ -71.7355445, 40.8452873 ], [ -71.7367155, 40.8429158 ], [ -71.7370276, 40.8417301 ], [ -71.7371838, 40.8405443 ], [ -71.7370274, 40.8381726 ], [ -71.7371055, 40.8369867 ], [ -71.7373396, 40.8358009 ], [ -71.7384325, 40.8347335 ], [ -71.7384669, 40.8347152 ], [ -71.7399939, 40.8339033 ], [ -71.7415552, 40.8334289 ], [ -71.7431165, 40.8331917 ], [ -71.7446778, 40.8323614 ], [ -71.7454585, 40.8311755 ], [ -71.7457707, 40.8299894 ], [ -71.7457707, 40.8288035 ], [ -71.7467074, 40.827736 ], [ -71.7498301, 40.8272022 ], [ -71.7513914, 40.8265498 ], [ -71.7526405, 40.8254823 ], [ -71.7531089, 40.8242962 ], [ -71.7523281, 40.8229916 ], [ -71.7506106, 40.8225171 ], [ -71.7490492, 40.8225171 ], [ -71.7473317, 40.8227544 ], [ -71.7457703, 40.8231103 ], [ -71.7438967, 40.823822 ], [ -71.7392128, 40.8259572 ], [ -71.7376514, 40.8263131 ], [ -71.73609, 40.8263131 ], [ -71.7358542, 40.8262235 ], [ -71.7345286, 40.82572 ], [ -71.7332795, 40.8246526 ], [ -71.732811, 40.823348 ], [ -71.7328109, 40.8221618 ], [ -71.7332793, 40.820857 ], [ -71.7345283, 40.8194336 ], [ -71.7360897, 40.8184846 ], [ -71.737651, 40.81801 ], [ -71.7393685, 40.8178914 ], [ -71.7405953, 40.8179761 ], [ -71.747852, 40.8193541 ], [ -71.7488929, 40.8194332 ], [ -71.7504542, 40.8190773 ], [ -71.7520156, 40.8184841 ], [ -71.7531084, 40.8172979 ], [ -71.7532645, 40.8161116 ], [ -71.7517065, 40.814665 ], [ -71.7474874, 40.814024 ], [ -71.7456137, 40.8130276 ], [ -71.7446768, 40.8118413 ], [ -71.7443644, 40.8106549 ], [ -71.7445205, 40.8094686 ], [ -71.7460819, 40.8085194 ], [ -71.7476432, 40.8079262 ], [ -71.7492046, 40.8075702 ], [ -71.7507659, 40.8073329 ], [ -71.7539667, 40.8070362 ], [ -71.7586507, 40.8062055 ], [ -71.7618515, 40.8059089 ], [ -71.7634129, 40.8055529 ], [ -71.7649743, 40.8050783 ], [ -71.7663794, 40.8038918 ], [ -71.7674723, 40.8028239 ], [ -71.7677846, 40.8016374 ], [ -71.7674722, 40.8003916 ], [ -71.767163, 40.8 ], [ -71.7326083, 40.8 ], [ -71.5993927, 40.8 ], [ -71.587095, 40.8 ], [ -71.5809726, 40.8 ], [ -71.5803162, 40.8002903 ], [ -71.5784686, 40.8006938 ], [ -71.575502, 40.8019991 ], [ -71.5731522, 40.8028705 ], [ -71.5657437, 40.805618 ], [ -71.5596545, 40.8082877 ], [ -71.5584055, 40.8089996 ], [ -71.5567661, 40.8097114 ], [ -71.5536434, 40.8114317 ], [ -71.5459929, 40.8161178 ], [ -71.5427922, 40.8177786 ], [ -71.5395133, 40.8187277 ], [ -71.5362345, 40.8192023 ], [ -71.5346731, 40.8192023 ], [ -71.5329557, 40.8190837 ], [ -71.5313942, 40.818372 ], [ -71.5306135, 40.8171858 ], [ -71.530145, 40.8161182 ], [ -71.5307695, 40.8150506 ], [ -71.5317844, 40.8138642 ], [ -71.5341263, 40.8116695 ], [ -71.5399032, 40.8074578 ], [ -71.5429477, 40.8053814 ], [ -71.544509, 40.8044916 ], [ -71.5459142, 40.8034238 ], [ -71.5501019, 40.8 ], [ -71.4758291, 40.8 ], [ -71.466183, 40.8 ], [ -71.3963173, 40.8 ], [ -71.3555565, 40.8 ], [ -71.2979139, 40.8 ], [ -71.2664324, 40.8 ], [ -71.1281045, 40.8 ], [ -71.0842788, 40.8 ], [ -70.9970323, 40.8 ], [ -70.9246177, 40.8 ], [ -70.9231624, 40.8025523 ], [ -70.9210547, 40.8049253 ], [ -70.9201179, 40.8061711 ], [ -70.919025, 40.8072389 ], [ -70.9174637, 40.8081881 ], [ -70.9162146, 40.808544 ], [ -70.9146533, 40.8087814 ], [ -70.913092, 40.8089001 ], [ -70.9114525, 40.8086628 ], [ -70.9080955, 40.8079511 ], [ -70.906378, 40.8072393 ], [ -70.905285, 40.8060529 ], [ -70.9049726, 40.8048664 ], [ -70.9050506, 40.8036206 ], [ -70.9048163, 40.8012477 ], [ -70.9048943, 40.8000612 ], [ -70.904912, 40.8 ], [ -70.8633834, 40.8 ], [ -70.8580041, 40.8 ], [ -70.857819, 40.8001219 ], [ -70.8561796, 40.8004779 ], [ -70.8530569, 40.8004187 ], [ -70.8514955, 40.8003001 ], [ -70.8495205, 40.8 ] ], [ [ -71.6064985, 40.8653268 ], [ -71.60603, 40.8639043 ], [ -71.6061861, 40.8626004 ], [ -71.6066544, 40.861415 ], [ -71.6080596, 40.860348 ], [ -71.6094648, 40.8595181 ], [ -71.6110261, 40.8589254 ], [ -71.6127436, 40.8584511 ], [ -71.6142269, 40.8582732 ], [ -71.6174276, 40.858451 ], [ -71.6191452, 40.8586881 ], [ -71.6207066, 40.8591621 ], [ -71.6221119, 40.8601105 ], [ -71.6228926, 40.8616516 ], [ -71.623205, 40.8629555 ], [ -71.6230489, 40.8641409 ], [ -71.6225806, 40.8653263 ], [ -71.6213315, 40.8665117 ], [ -71.6199263, 40.8672229 ], [ -71.618365, 40.8674601 ], [ -71.6168036, 40.8674601 ], [ -71.6152422, 40.8675787 ], [ -71.6094652, 40.8671047 ], [ -71.6079038, 40.8665121 ], [ -71.6064985, 40.8653268 ] ], [ [ -71.717828, 40.9435106 ], [ -71.7162666, 40.9424451 ], [ -71.7154859, 40.9410243 ], [ -71.7153297, 40.9398403 ], [ -71.7152515, 40.9385378 ], [ -71.7157979, 40.9361697 ], [ -71.7177495, 40.9338015 ], [ -71.7183739, 40.9326173 ], [ -71.7201694, 40.930249 ], [ -71.7214185, 40.9290647 ], [ -71.7231359, 40.9282357 ], [ -71.7250095, 40.927762 ], [ -71.726727, 40.9278803 ], [ -71.7281323, 40.9290053 ], [ -71.7295377, 40.9315513 ], [ -71.730645, 40.9345116 ], [ -71.7310993, 40.9364061 ], [ -71.7307871, 40.9375902 ], [ -71.7300065, 40.9387742 ], [ -71.7289136, 40.9398991 ], [ -71.7260252, 40.9420303 ], [ -71.7245419, 40.9429184 ], [ -71.7229805, 40.9435104 ], [ -71.7214192, 40.9438656 ], [ -71.7193894, 40.9438657 ], [ -71.717828, 40.9435106 ] ] ] } },
{ "type": "Feature", "properties": { "RCID": 545, "PRIM": 3, "GRUP": 1, "OBJL": 42, "RVER": 1, "AGEN": 550, "FIDN": -1009977451, "FIDS": 48294, "LNAM": "0226C3CCF795BCA6", "DRVAL1": 45.7, "DRVAL2": 54.8 }, "geometry": { "type": "Polygon", "coordinates": [ [ [ -70.8580041, 40.8 ], [ -70.8495205, 40.8 ], [ -70.8514955, 40.8003001 ], [ -70.8530569, 40.8004187 ], [ -70.8561796, 40.8004779 ], [ -70.857819, 40.8001219 ], [ -70.8580041, 40.8 ] ] ] } },
{ "type": "Feature", "properties": { "RCID": 546, "PRIM": 3, "GRUP": 1, "OBJL": 42, "RVER": 1, "AGEN": 550, "FIDN": -1215784034, "FIDS": 48294, "LNAM": "0226B7889B9EBCA6", "DRVAL1": 64.0, "DRVAL2": 73.1 }, "geometry": { "type": "Polygon", "coordinates": [ [ [ -71.5720675, 40.8 ], [ -71.5501019, 40.8 ], [ -71.5459142, 40.8034238 ], [ -71.544509, 40.8044916 ], [ -71.5429477, 40.8053814 ], [ -71.5399032, 40.8074578 ], [ -71.5341263, 40.8116695 ], [ -71.5317844, 40.8138642 ], [ -71.5307695, 40.8150506 ], [ -71.530145, 40.8161182 ], [ -71.5306135, 40.8171858 ], [ -71.5313942, 40.818372 ], [ -71.5329557, 40.8190837 ], [ -71.5346731, 40.8192023 ], [ -71.5362345, 40.8192023 ], [ -71.5395133, 40.8187277 ], [ -71.5427922, 40.8177786 ], [ -71.5459929, 40.8161178 ], [ -71.5536434, 40.8114317 ], [ -71.5567661, 40.8097114 ], [ -71.5584055, 40.8089996 ], [ -71.5596545, 40.8082877 ], [ -71.5657437, 40.805618 ], [ -71.5731522, 40.8028705 ], [ -71.575502, 40.8019991 ], [ -71.5784686, 40.8006938 ], [ -71.5803162, 40.8002903 ], [ -71.5809726, 40.8 ], [ -71.5720675, 40.8 ] ] ] } },
{ "type": "Feature", "properties": { "RCID": 547, "PRIM": 3, "GRUP": 1, "OBJL": 42, "RVER": 1, "AGEN": 550, "FIDN": -787314207, "FIDS": 48294, "LNAM": "0226D11289E1BCA6", "DRVAL1": 45.7, "DRVAL2": 54.8 }, "geometry": { "type": "Polygon", "coordinates": [ [ [ -70.9246177, 40.8 ], [ -70.904912, 40.8 ], [ -70.9048943, 40.8000612 ], [ -70.9048163, 40.8012477 ], [ -70.9050506, 40.8036206 ], [ -70.9049726, 40.8048664 ], [ -70.905285, 40.8060529 ], [ -70.906378, 40.8072393 ], [ -70.9080955, 40.8079511 ], [ -70.9114525, 40.8086628 ], [ -70.913092, 40.8089001 ], [ -70.9146533, 40.8087814 ], [ -70.9162146, 40.808544 ], [ -70.9174637, 40.8081881 ], [ -70.919025, 40.8072389 ], [ -70.9201179, 40.8061711 ], [ -70.9210547, 40.8049253 ], [ -70.9231624, 40.8025523 ], [ -70.9246177, 40.8 ] ] ] } },
{ "type": "Feature", "properties": { "RCID": 548, "PRIM": 3, "GRUP": 1, "OBJL": 42, "RVER": 1, "AGEN": 550, "FIDN": 1019634202, "FIDS": 48294, "LNAM": "02263CC6621ABCA6", "DRVAL1": 18.2, "DRVAL2": 27.4 }, "geometry": { "type": "Polygon", "coordinates": [ [ [ -71.4428532, 41.1947765 ], [ -71.4448378, 41.195676 ], [ -71.448785, 41.1954761 ], [ -71.4505358, 41.1949131 ], [ -71.4533672, 41.1938538 ], [ -71.456966, 41.1918749 ], [ -71.4582361, 41.1907356 ], [ -71.4587598, 41.189868 ], [ -71.4597444, 41.1882369 ], [ -71.4620466, 41.1845388 ], [ -71.4643487, 41.1818599 ], [ -71.4665673, 41.1801468 ], [ -71.4707584, 41.1773642 ], [ -71.4754133, 41.1748046 ], [ -71.4779115, 41.1735658 ], [ -71.4791605, 41.1732708 ], [ -71.4804544, 41.1728708 ], [ -71.4819097, 41.1725909 ], [ -71.483471, 41.1725909 ], [ -71.4862494, 41.1730108 ], [ -71.4903509, 41.1746103 ], [ -71.4932088, 41.1758699 ], [ -71.4982629, 41.1774493 ], [ -71.4991827, 41.1776761 ], [ -71.5032906, 41.1786889 ], [ -71.5059368, 41.1786889 ], [ -71.507498, 41.178509 ], [ -71.5088475, 41.1778692 ], [ -71.5103294, 41.1764297 ], [ -71.5107263, 41.1751701 ], [ -71.5104357, 41.1744706 ], [ -71.5100118, 41.1734506 ], [ -71.5083712, 41.1713712 ], [ -71.5079605, 41.1698732 ], [ -71.508494, 41.1682895 ], [ -71.5098658, 41.1653525 ], [ -71.5115693, 41.1612987 ], [ -71.5120618, 41.1603372 ], [ -71.5129411, 41.1586206 ], [ -71.5141223, 41.1564895 ], [ -71.5145026, 41.1557017 ], [ -71.5151422, 41.1541901 ], [ -71.515865, 41.1528446 ], [ -71.5166366, 41.1503797 ], [ -71.5172452, 41.1489196 ], [ -71.5183566, 41.1447591 ], [ -71.5186212, 41.1415185 ], [ -71.518436, 41.1400382 ], [ -71.5173775, 41.1395581 ], [ -71.51534, 41.139078 ], [ -71.512879, 41.1388379 ], [ -71.5110797, 41.1387579 ], [ -71.5065283, 41.1383778 ], [ -71.5047289, 41.1378377 ], [ -71.5042261, 41.1370175 ], [ -71.5046548, 41.1356693 ], [ -71.5055566, 41.1346603 ], [ -71.5082469, 41.1309091 ], [ -71.5118633, 41.1259071 ], [ -71.5129658, 41.1249233 ], [ -71.513914, 41.1243897 ], [ -71.5146417, 41.1239895 ], [ -71.515691, 41.1239106 ], [ -71.5190748, 41.1238025 ], [ -71.5338014, 41.1240908 ], [ -71.5427612, 41.1240188 ], [ -71.5431823, 41.1241482 ], [ -71.5442863, 41.1244873 ], [ -71.544518, 41.1250468 ], [ -71.5445842, 41.1257476 ], [ -71.5440546, 41.1263232 ], [ -71.5421351, 41.1274243 ], [ -71.5396528, 41.1293512 ], [ -71.5383903, 41.1305818 ], [ -71.5369058, 41.1320287 ], [ -71.5358136, 41.1337053 ], [ -71.5350193, 41.1354318 ], [ -71.5348208, 41.1372084 ], [ -71.5348137, 41.1412962 ], [ -71.5345564, 41.1426365 ], [ -71.5340798, 41.1441136 ], [ -71.5325547, 41.147464 ], [ -71.530553, 41.15049 ], [ -71.5303147, 41.1524353 ], [ -71.5303843, 41.1555925 ], [ -71.53041, 41.1567578 ], [ -71.5304467, 41.1569278 ], [ -71.5318398, 41.1633851 ], [ -71.5328541, 41.1670951 ], [ -71.5330391, 41.1676543 ], [ -71.5342839, 41.1714167 ], [ -71.5353705, 41.1753922 ], [ -71.5366859, 41.1804478 ], [ -71.5368242, 41.1808483 ], [ -71.5380585, 41.1844228 ], [ -71.5384016, 41.1878792 ], [ -71.5381728, 41.1906873 ], [ -71.5369718, 41.1934522 ], [ -71.5346, 41.1961389 ], [ -71.5325745, 41.1979688 ], [ -71.5319788, 41.1993486 ], [ -71.5313831, 41.203998 ], [ -71.5305887, 41.2107165 ], [ -71.530549, 41.2149452 ], [ -71.5313433, 41.2179441 ], [ -71.5324554, 41.2197134 ], [ -71.5344014, 41.2215426 ], [ -71.5363078, 41.2230719 ], [ -71.5414708, 41.2257406 ], [ -71.5433772, 41.2271199 ], [ -71.5446878, 41.2290688 ], [ -71.5459984, 41.2303881 ], [ -71.5472296, 41.2316773 ], [ -71.5498906, 41.2339259 ], [ -71.5562451, 41.2384529 ], [ -71.5600975, 41.2416606 ], [ -71.5616067, 41.2430995 ], [ -71.5622818, 41.2441487 ], [ -71.5624407, 41.2455275 ], [ -71.5622421, 41.2482852 ], [ -71.5623216, 41.2498439 ], [ -71.562957, 41.2515524 ], [ -71.5635527, 41.2528712 ], [ -71.5635527, 41.2543398 ], [ -71.5630364, 41.2549692 ], [ -71.5620435, 41.2555686 ], [ -71.5602563, 41.2563179 ], [ -71.5582308, 41.2568274 ], [ -71.5566025, 41.2575467 ], [ -71.5560898, 41.2584522 ], [ -71.5560384, 41.2597397 ], [ -71.5562291, 41.260423 ], [ -71.5572538, 41.2621188 ], [ -71.5585445, 41.2638669 ], [ -71.5598353, 41.2652653 ], [ -71.5611922, 41.266439 ], [ -71.562483, 41.2669135 ], [ -71.5632111, 41.2671132 ], [ -71.5638399, 41.2669884 ], [ -71.5648328, 41.2660145 ], [ -71.5688375, 41.2616942 ], [ -71.570393, 41.260021 ], [ -71.5703935, 41.2600206 ], [ -71.577608, 41.2531527 ], [ -71.581712, 41.2488316 ], [ -71.5821336, 41.2485134 ], [ -71.584128, 41.2470082 ], [ -71.5857498, 41.2457592 ], [ -71.5875701, 41.2450348 ], [ -71.5893573, 41.24476 ], [ -71.591343, 41.2446851 ], [ -71.5923028, 41.2444352 ], [ -71.5929979, 41.2438107 ], [ -71.5934281, 41.2427616 ], [ -71.5949505, 41.2368409 ], [ -71.5954801, 41.2333931 ], [ -71.595447, 41.2269718 ], [ -71.5955463, 41.2190755 ], [ -71.5956787, 41.2173512 ], [ -71.5962082, 41.2160266 ], [ -71.5973004, 41.2137274 ], [ -71.5993524, 41.211903 ], [ -71.6010734, 41.2105534 ], [ -71.6021987, 41.2095286 ], [ -71.6034232, 41.207929 ], [ -71.6043168, 41.2066043 ], [ -71.6051111, 41.2060794 ], [ -71.6072293, 41.2056295 ], [ -71.6134183, 41.2055545 ], [ -71.6145767, 41.2055295 ], [ -71.615702, 41.2048297 ], [ -71.6165625, 41.2040798 ], [ -71.6169596, 41.20278 ], [ -71.6165625, 41.2015802 ], [ -71.6152055, 41.1995055 ], [ -71.613981, 41.1982056 ], [ -71.6132528, 41.1969557 ], [ -71.6130212, 41.1958557 ], [ -71.6132528, 41.1946058 ], [ -71.6142788, 41.1919558 ], [ -71.6154703, 41.1904058 ], [ -71.6178863, 41.1886307 ], [ -71.6204857, 41.1870093 ], [ -71.6224535, 41.1853056 ], [ -71.6241401, 41.1832331 ], [ -71.6264921, 41.1787266 ], [ -71.6291134, 41.1732891 ], [ -71.6316869, 41.1710925 ], [ -71.6343082, 41.1692198 ], [ -71.6368341, 41.1678873 ], [ -71.6385498, 41.1673471 ], [ -71.6410757, 41.1672391 ], [ -71.6444118, 41.1678873 ], [ -71.6485105, 41.1692558 ], [ -71.6535623, 41.1712365 ], [ -71.6588048, 41.1732891 ], [ -71.6616167, 41.1739013 ], [ -71.6651434, 41.1737573 ], [ -71.6662925, 41.1736579 ], [ -71.6713867, 41.1732171 ], [ -71.6754854, 41.1719207 ], [ -71.6792027, 41.1704802 ], [ -71.6832061, 41.1679953 ], [ -71.6859226, 41.1648981 ], [ -71.6874001, 41.1626291 ], [ -71.687829, 41.1606841 ], [ -71.6874954, 41.1556775 ], [ -71.6867805, 41.1518232 ], [ -71.6857797, 41.1499139 ], [ -71.683492, 41.1474643 ], [ -71.679584, 41.1442219 ], [ -71.6767245, 41.1425287 ], [ -71.6733884, 41.1412316 ], [ -71.6680506, 41.1395383 ], [ -71.66338, 41.138025 ], [ -71.661283, 41.1364036 ], [ -71.6609018, 41.1357551 ], [ -71.6613307, 41.1349984 ], [ -71.6624269, 41.1347822 ], [ -71.6648575, 41.1350705 ], [ -71.6681459, 41.1357551 ], [ -71.6708625, 41.1363676 ], [ -71.6751041, 41.1364036 ], [ -71.6763432, 41.1360073 ], [ -71.6775823, 41.1350705 ], [ -71.6785355, 41.1336292 ], [ -71.6790121, 41.1319716 ], [ -71.6800129, 41.1304222 ], [ -71.6811091, 41.129233 ], [ -71.6829678, 41.128224 ], [ -71.6866639, 41.1262922 ], [ -71.687913, 41.1254657 ], [ -71.6891621, 41.1248754 ], [ -71.6941584, 41.1229861 ], [ -71.6952197, 41.1224772 ], [ -71.7057789, 41.1165538 ], [ -71.714309, 41.1111858 ], [ -71.7167848, 41.1085628 ], [ -71.717413, 41.1071606 ], [ -71.7177035, 41.1065123 ], [ -71.7178698, 41.1061411 ], [ -71.7179491, 41.1037793 ], [ -71.7173405, 41.1018778 ], [ -71.7158058, 41.0995158 ], [ -71.713583, 41.0968735 ], [ -71.7099842, 41.0939909 ], [ -71.7087935, 41.0928699 ], [ -71.7064913, 41.091969 ], [ -71.7040569, 41.0915286 ], [ -71.7003258, 41.0916287 ], [ -71.69678, 41.091929 ], [ -71.6923344, 41.0928499 ], [ -71.6884181, 41.094111 ], [ -71.6858778, 41.0949318 ], [ -71.68474, 41.0950919 ], [ -71.6817234, 41.0949318 ], [ -71.6777012, 41.0942912 ], [ -71.67614, 41.0942111 ], [ -71.6739702, 41.0945514 ], [ -71.668572, 41.0968735 ], [ -71.6650526, 41.098515 ], [ -71.6621419, 41.0995158 ], [ -71.6584902, 41.0999762 ], [ -71.6531185, 41.1002764 ], [ -71.6489641, 41.1011772 ], [ -71.6436189, 41.1026384 ], [ -71.6397026, 41.1030787 ], [ -71.6347807, 41.1030787 ], [ -71.6309438, 41.1033589 ], [ -71.6280066, 41.1035991 ], [ -71.6258897, 41.1046399 ], [ -71.6241432, 41.1058208 ], [ -71.6217617, 41.1069016 ], [ -71.6197241, 41.107422 ], [ -71.6175278, 41.1076822 ], [ -71.6154109, 41.1076822 ], [ -71.6132675, 41.107422 ], [ -71.61123, 41.1068816 ], [ -71.610312, 41.1065748 ], [ -71.6078138, 41.1053348 ], [ -71.6051479, 41.1036161 ], [ -71.6029733, 41.1020871 ], [ -71.5984452, 41.0993116 ], [ -71.5947759, 41.09754 ], [ -71.5890467, 41.094042 ], [ -71.5839241, 41.0915751 ], [ -71.5802369, 41.0900305 ], [ -71.5770836, 41.0889627 ], [ -71.5721882, 41.0871776 ], [ -71.5696303, 41.0855926 ], [ -71.5671605, 41.0850086 ], [ -71.5610744, 41.082873 ], [ -71.5568846, 41.0812378 ], [ -71.5522539, 41.0800031 ], [ -71.5504016, 41.079052 ], [ -71.5478216, 41.077033 ], [ -71.546624, 41.0754548 ], [ -71.5462666, 41.0738984 ], [ -71.5464711, 41.0722537 ], [ -71.5463123, 41.070972 ], [ -71.5445923, 41.0692498 ], [ -71.5425548, 41.0683887 ], [ -71.5406495, 41.0679681 ], [ -71.5376329, 41.0680883 ], [ -71.5351191, 41.0687291 ], [ -71.5319173, 41.06941 ], [ -71.5289007, 41.0696904 ], [ -71.5267308, 41.0694501 ], [ -71.5236613, 41.0685289 ], [ -71.5208828, 41.0671871 ], [ -71.5197185, 41.0658052 ], [ -71.5187394, 41.0637224 ], [ -71.5176545, 41.0616795 ], [ -71.5162256, 41.0605779 ], [ -71.5145585, 41.0600772 ], [ -71.5133413, 41.0601373 ], [ -71.5121505, 41.0606781 ], [ -71.5108277, 41.0613942 ], [ -71.5085829, 41.0627662 ], [ -71.5063116, 41.0639678 ], [ -71.505693, 41.0640933 ], [ -71.504345, 41.0643666 ], [ -71.5013555, 41.0642249 ], [ -71.4949588, 41.0641877 ], [ -71.4882769, 41.0656014 ], [ -71.482631, 41.0667814 ], [ -71.4779243, 41.0678475 ], [ -71.4756971, 41.0681646 ], [ -71.4741315, 41.0685317 ], [ -71.4721028, 41.0703507 ], [ -71.4686628, 41.0714021 ], [ -71.465311, 41.0722865 ], [ -71.4582987, 41.0737717 ], [ -71.4558951, 41.0742223 ], [ -71.4535356, 41.0741889 ], [ -71.4508454, 41.0738385 ], [ -71.4486182, 41.0736883 ], [ -71.4464131, 41.0736549 ], [ -71.4442962, 41.0738051 ], [ -71.4431275, 41.0742723 ], [ -71.4427305, 41.074823 ], [ -71.4435905, 41.0770257 ], [ -71.4454428, 41.0802461 ], [ -71.4475157, 41.084067 ], [ -71.449809, 41.0886384 ], [ -71.4530726, 41.0947109 ], [ -71.4550131, 41.0983642 ], [ -71.4548587, 41.0996986 ], [ -71.4538664, 41.1011832 ], [ -71.450669, 41.1036852 ], [ -71.4481331, 41.1066541 ], [ -71.4466557, 41.1077382 ], [ -71.4454428, 41.1082052 ], [ -71.4430834, 41.1082219 ], [ -71.4397095, 41.1076382 ], [ -71.4346157, 41.1063039 ], [ -71.4321901, 41.1060203 ], [ -71.4281767, 41.1057368 ], [ -71.4254424, 41.106037 ], [ -71.4236121, 41.1064706 ], [ -71.4217378, 41.1074047 ], [ -71.4200178, 41.1091726 ], [ -71.418805, 41.1129751 ], [ -71.4177244, 41.1176946 ], [ -71.416688, 41.12163 ], [ -71.4161809, 41.1251484 ], [ -71.4157398, 41.1285998 ], [ -71.415828, 41.1320011 ], [ -71.4166219, 41.1337517 ], [ -71.4195106, 41.1355856 ], [ -71.4212967, 41.1365858 ], [ -71.4242075, 41.1379362 ], [ -71.4261916, 41.1389656 ], [ -71.4268516, 41.1398107 ], [ -71.4272378, 41.1406298 ], [ -71.4270155, 41.1422141 ], [ -71.4263169, 41.1436303 ], [ -71.4261876, 41.1439724 ], [ -71.4238766, 41.1470636 ], [ -71.4215903, 41.1499151 ], [ -71.4204893, 41.1516291 ], [ -71.4200851, 41.1532125 ], [ -71.4200667, 41.1552958 ], [ -71.4202438, 41.1566716 ], [ -71.4201285, 41.1580646 ], [ -71.4200709, 41.1590658 ], [ -71.4203014, 41.1614163 ], [ -71.4204743, 41.1627657 ], [ -71.4213801, 41.1641689 ], [ -71.4224852, 41.1657814 ], [ -71.4241046, 41.1679938 ], [ -71.4262775, 41.1697096 ], [ -71.429916, 41.1717257 ], [ -71.4337088, 41.1737418 ], [ -71.4370826, 41.1757079 ], [ -71.4390335, 41.1772831 ], [ -71.4398831, 41.1789901 ], [ -71.4398879, 41.179027 ], [ -71.440258, 41.1818722 ], [ -71.4403241, 41.1846543 ], [ -71.4402008, 41.1862513 ], [ -71.4405289, 41.1897735 ], [ -71.4410009, 41.1919782 ], [ -71.4417096, 41.1934616 ], [ -71.4428393, 41.1947606 ], [ -71.4428532, 41.1947765 ] ], [ [ -71.6423143, 41.1490432 ], [ -71.6410587, 41.1494617 ], [ -71.6401245, 41.1500079 ], [ -71.6390072, 41.1508618 ], [ -71.6377827, 41.1520375 ], [ -71.6365912, 41.1533133 ], [ -71.6353447, 41.1544659 ], [ -71.6340956, 41.1558821 ], [ -71.6322549, 41.1586649 ], [ -71.6257904, 41.1725262 ], [ -71.624006, 41.1755338 ], [ -71.622908, 41.1791635 ], [ -71.6219472, 41.1810819 ], [ -71.6205059, 41.183104 ], [ -71.6185843, 41.1848668 ], [ -71.6150843, 41.1879775 ], [ -71.6100744, 41.191451 ], [ -71.6072606, 41.1937319 ], [ -71.6051331, 41.1958055 ], [ -71.6027311, 41.200056 ], [ -71.6012213, 41.2038916 ], [ -71.599986, 41.2068459 ], [ -71.5978585, 41.2101111 ], [ -71.5945643, 41.2139461 ], [ -71.5875642, 41.223429 ], [ -71.5859039, 41.2267504 ], [ -71.5853486, 41.2281066 ], [ -71.584924, 41.2301286 ], [ -71.5846818, 41.2318744 ], [ -71.5844759, 41.2346202 ], [ -71.5831033, 41.2402151 ], [ -71.5816492, 41.244609 ], [ -71.5808946, 41.2464076 ], [ -71.578163, 41.2511593 ], [ -71.5762479, 41.2530018 ], [ -71.5740476, 41.2543266 ], [ -71.573138, 41.2552092 ], [ -71.5717123, 41.2565924 ], [ -71.5699622, 41.2584725 ], [ -71.5687376, 41.2603705 ], [ -71.5658913, 41.2634922 ], [ -71.5638725, 41.2651654 ], [ -71.5632105, 41.2652653 ], [ -71.5623169, 41.2649906 ], [ -71.5615226, 41.2640416 ], [ -71.5611586, 41.2632675 ], [ -71.5619529, 41.2620688 ], [ -71.5634422, 41.2604205 ], [ -71.564733, 41.2587472 ], [ -71.5668511, 41.2561498 ], [ -71.5680426, 41.2543266 ], [ -71.5682743, 41.2534524 ], [ -71.5682412, 41.252803 ], [ -71.5675462, 41.2520037 ], [ -71.5668842, 41.250605 ], [ -71.5664871, 41.2449348 ], [ -71.5664826, 41.2434629 ], [ -71.5658251, 41.2419371 ], [ -71.5650639, 41.2405132 ], [ -71.5638725, 41.2390892 ], [ -71.5595037, 41.2351169 ], [ -71.5558962, 41.2320938 ], [ -71.5522225, 41.2287208 ], [ -71.5478207, 41.2237983 ], [ -71.5444118, 41.2203249 ], [ -71.541731, 41.2183507 ], [ -71.539679, 41.2156767 ], [ -71.5364025, 41.2111781 ], [ -71.5344498, 41.2072041 ], [ -71.5340857, 41.2052545 ], [ -71.5340195, 41.20278 ], [ -71.5343174, 41.2014052 ], [ -71.5351117, 41.2002803 ], [ -71.5359722, 41.1992304 ], [ -71.5368327, 41.1989054 ], [ -71.5378587, 41.1987555 ], [ -71.5395625, 41.1989214 ], [ -71.5420408, 41.1997854 ], [ -71.5438518, 41.2003973 ], [ -71.5457582, 41.2002173 ], [ -71.5470449, 41.1993894 ], [ -71.5477122, 41.1984535 ], [ -71.5481887, 41.1938817 ], [ -71.5479134, 41.1897607 ], [ -71.5474169, 41.1869855 ], [ -71.5466674, 41.1850038 ], [ -71.5457621, 41.1826099 ], [ -71.5439882, 41.1793193 ], [ -71.542201, 41.1762286 ], [ -71.5414861, 41.1747582 ], [ -71.5410095, 41.1743381 ], [ -71.5394209, 41.1731378 ], [ -71.5377131, 41.1715473 ], [ -71.5373159, 41.170767 ], [ -71.5369483, 41.1681917 ], [ -71.5368252, 41.1582859 ], [ -71.5382367, 41.148725 ], [ -71.538336, 41.1465485 ], [ -71.5396267, 41.1420451 ], [ -71.5405534, 41.1395181 ], [ -71.5406527, 41.1384422 ], [ -71.5399246, 41.1359401 ], [ -71.5393289, 41.1337881 ], [ -71.5392296, 41.1316612 ], [ -71.5398253, 41.1301848 ], [ -71.5423737, 41.1278575 ], [ -71.54522, 41.1259556 ], [ -71.5483973, 41.1249796 ], [ -71.5530969, 41.1238283 ], [ -71.5574326, 41.1228273 ], [ -71.5611063, 41.121676 ], [ -71.5631582, 41.1211505 ], [ -71.565806, 41.1212255 ], [ -71.5678248, 41.1213757 ], [ -71.5702078, 41.1220765 ], [ -71.572359, 41.1231526 ], [ -71.5740302, 41.1244734 ], [ -71.577, 41.1276497 ], [ -71.5793351, 41.1320018 ], [ -71.5827615, 41.1343798 ], [ -71.584345, 41.1350825 ], [ -71.5859629, 41.1354469 ], [ -71.5876841, 41.1355249 ], [ -71.5890955, 41.1352907 ], [ -71.6004985, 41.1287717 ], [ -71.601795, 41.1280234 ], [ -71.6056608, 41.1262369 ], [ -71.6096586, 41.1249567 ], [ -71.6140564, 41.1241761 ], [ -71.6226626, 41.1229578 ], [ -71.6289795, 41.1235548 ], [ -71.6302686, 41.1240116 ], [ -71.6314918, 41.1245363 ], [ -71.6356556, 41.1271598 ], [ -71.6369047, 41.1277895 ], [ -71.6387784, 41.1284978 ], [ -71.6424475, 41.1281435 ], [ -71.6433844, 41.1279073 ], [ -71.6467413, 41.1266086 ], [ -71.6479297, 41.1256493 ], [ -71.6494475, 41.1244243 ], [ -71.6518935, 41.1216496 ], [ -71.6541183, 41.1182843 ], [ -71.6567388, 41.1150411 ], [ -71.6573851, 41.1145377 ], [ -71.661893, 41.1105171 ], [ -71.6668811, 41.1058157 ], [ -71.6714383, 41.1013002 ], [ -71.676057, 41.0961325 ], [ -71.6767959, 41.0958532 ], [ -71.6792375, 41.0957653 ], [ -71.6822932, 41.09675 ], [ -71.6839343, 41.097863 ], [ -71.6852943, 41.0985534 ], [ -71.6854729, 41.099127 ], [ -71.6857545, 41.1012398 ], [ -71.6850134, 41.1043085 ], [ -71.6870446, 41.1049795 ], [ -71.6904913, 41.1060429 ], [ -71.7000604, 41.1085126 ], [ -71.7030082, 41.1082725 ], [ -71.7036009, 41.1078797 ], [ -71.7050004, 41.1065768 ], [ -71.7062206, 41.1053554 ], [ -71.7074767, 41.1045139 ], [ -71.708625, 41.1043239 ], [ -71.7093069, 41.1044324 ], [ -71.7100246, 41.1048396 ], [ -71.7105988, 41.1057897 ], [ -71.71085, 41.1068754 ], [ -71.71085, 41.1081512 ], [ -71.7106428, 41.1091959 ], [ -71.7106347, 41.1092369 ], [ -71.7102041, 41.1101326 ], [ -71.7096658, 41.1107569 ], [ -71.7088763, 41.1112183 ], [ -71.7075125, 41.111734 ], [ -71.7051799, 41.1123854 ], [ -71.7035923, 41.1128311 ], [ -71.6988945, 41.1140419 ], [ -71.6972411, 41.1144388 ], [ -71.6947215, 41.1151732 ], [ -71.6909685, 41.1166023 ], [ -71.6895513, 41.1179718 ], [ -71.6838037, 41.1234097 ], [ -71.6809123, 41.1265321 ], [ -71.6787471, 41.1279046 ], [ -71.6760504, 41.1286316 ], [ -71.6692251, 41.1292053 ], [ -71.6675594, 41.1296251 ], [ -71.667088, 41.1296803 ], [ -71.6662872, 41.1300565 ], [ -71.6653471, 41.1304981 ], [ -71.662433, 41.1318671 ], [ -71.6614948, 41.1323078 ], [ -71.6594428, 41.1341095 ], [ -71.6584417, 41.1357099 ], [ -71.6571681, 41.1391452 ], [ -71.6559677, 41.1414407 ], [ -71.6542076, 41.1427885 ], [ -71.6504742, 41.1446186 ], [ -71.6487489, 41.1469117 ], [ -71.6456093, 41.1486055 ], [ -71.6428061, 41.1490289 ], [ -71.6423143, 41.1490432 ] ], [ [ -71.433929, 41.1710505 ], [ -71.4315619, 41.1697694 ], [ -71.4302928, 41.1687297 ], [ -71.4280066, 41.167266 ], [ -71.4273747, 41.1667827 ], [ -71.426765, 41.1663163 ], [ -71.4257203, 41.1654423 ], [ -71.4245137, 41.1646984 ], [ -71.4227355, 41.1626827 ], [ -71.4229577, 41.1606909 ], [ -71.4240056, 41.159443 ], [ -71.4251815, 41.1587199 ], [ -71.4268979, 41.1579516 ], [ -71.4289281, 41.1573296 ], [ -71.4341957, 41.1572466 ], [ -71.4374879, 41.1574955 ], [ -71.4435171, 41.1585568 ], [ -71.44948, 41.1596732 ], [ -71.4531634, 41.1604171 ], [ -71.4573232, 41.1609451 ], [ -71.4592284, 41.161449 ], [ -71.4602057, 41.1619459 ], [ -71.4609748, 41.1623369 ], [ -71.4618957, 41.1634408 ], [ -71.4619275, 41.1653845 ], [ -71.4611019, 41.168024 ], [ -71.4595142, 41.1717191 ], [ -71.4592715, 41.1727868 ], [ -71.4586251, 41.17563 ], [ -71.457683, 41.1770255 ], [ -71.4561483, 41.178285 ], [ -71.454984, 41.1786649 ], [ -71.4535021, 41.1786649 ], [ -71.4514646, 41.178385 ], [ -71.4496214, 41.1775976 ], [ -71.4464105, 41.1762258 ], [ -71.4376252, 41.1725669 ], [ -71.4354819, 41.1716471 ], [ -71.433929, 41.1710505 ] ], [ [ -71.6749815, 41.167307 ], [ -71.6737835, 41.1675398 ], [ -71.6712608, 41.167708 ], [ -71.6694123, 41.1672424 ], [ -71.6670298, 41.1663112 ], [ -71.6631275, 41.1644177 ], [ -71.6598003, 41.1626793 ], [ -71.6586912, 41.1619653 ], [ -71.6570892, 41.1597302 ], [ -71.6557747, 41.156843 ], [ -71.6549532, 41.1549182 ], [ -71.654871, 41.1514098 ], [ -71.6552407, 41.1490191 ], [ -71.6560098, 41.1473312 ], [ -71.6564823, 41.1457245 ], [ -71.6570082, 41.1453258 ], [ -71.6583203, 41.1452827 ], [ -71.6634265, 41.1466627 ], [ -71.667306, 41.1479565 ], [ -71.669588, 41.1489483 ], [ -71.6747512, 41.1535409 ], [ -71.67903, 41.1571198 ], [ -71.6804563, 41.1589308 ], [ -71.6808557, 41.15975 ], [ -71.6807131, 41.1622939 ], [ -71.6803993, 41.1634364 ], [ -71.6789011, 41.1652869 ], [ -71.6774223, 41.1660939 ], [ -71.676097, 41.1667958 ], [ -71.6749815, 41.167307 ] ], [ [ -71.5643466, 41.1150655 ], [ -71.5636317, 41.1166274 ], [ -71.5629168, 41.1172881 ], [ -71.5619637, 41.1177387 ], [ -71.5601765, 41.1178888 ], [ -71.5577538, 41.1179789 ], [ -71.555768, 41.1178888 ], [ -71.5548546, 41.1176485 ], [ -71.5533057, 41.1166874 ], [ -71.5503667, 41.113834 ], [ -71.546832, 41.1106801 ], [ -71.5443696, 41.1083071 ], [ -71.5412519, 41.1054341 ], [ -71.5396422, 41.1042238 ], [ -71.5368858, 41.1026726 ], [ -71.5319684, 41.1006376 ], [ -71.5282858, 41.0993866 ], [ -71.5269628, 41.0986193 ], [ -71.5252207, 41.0971013 ], [ -71.5244489, 41.0952163 ], [ -71.5246694, 41.093498 ], [ -71.5253751, 41.0922302 ], [ -71.5268525, 41.0906953 ], [ -71.5286166, 41.0901114 ], [ -71.5302263, 41.0900948 ], [ -71.5325197, 41.0905619 ], [ -71.5345043, 41.0915295 ], [ -71.5367755, 41.0933979 ], [ -71.5385176, 41.0956333 ], [ -71.5398627, 41.0981689 ], [ -71.5421781, 41.1004375 ], [ -71.5440304, 41.1013716 ], [ -71.5487273, 41.1023223 ], [ -71.5509986, 41.1033565 ], [ -71.5520791, 41.1042572 ], [ -71.5536994, 41.1050498 ], [ -71.5555729, 41.1055782 ], [ -71.5579862, 41.1062507 ], [ -71.5599232, 41.1072594 ], [ -71.5623608, 41.1086375 ], [ -71.5636714, 41.1096588 ], [ -71.5642275, 41.1108904 ], [ -71.5646643, 41.1128428 ], [ -71.5646643, 41.1140143 ], [ -71.5643466, 41.1150655 ] ], [ [ -71.5198073, 41.0757805 ], [ -71.5216596, 41.0761009 ], [ -71.5235119, 41.0768418 ], [ -71.5261051, 41.0785238 ], [ -71.5268461, 41.0801256 ], [ -71.5266608, 41.0828487 ], [ -71.5257876, 41.0848909 ], [ -71.5244381, 41.0862924 ], [ -71.522771, 41.0874536 ], [ -71.5218132, 41.0875832 ], [ -71.5203248, 41.08775 ], [ -71.5183769, 41.0873607 ], [ -71.5167966, 41.0866794 ], [ -71.5153265, 41.0850249 ], [ -71.5143342, 41.0830645 ], [ -71.5143893, 41.0805478 ], [ -71.5148671, 41.0781979 ], [ -71.5154919, 41.0772106 ], [ -71.5167782, 41.0763345 ], [ -71.5181564, 41.0759313 ], [ -71.5192038, 41.0757366 ], [ -71.5198073, 41.0757805 ] ], [ [ -71.5992748, 41.1090752 ], [ -71.6014607, 41.1106694 ], [ -71.601773, 41.1110827 ], [ -71.6020853, 41.1119684 ], [ -71.6020854, 41.1127359 ], [ -71.601461, 41.1158652 ], [ -71.6009145, 41.1165737 ], [ -71.6001339, 41.1172233 ], [ -71.5991971, 41.1176366 ], [ -71.5977138, 41.1180499 ], [ -71.5967771, 41.118168 ], [ -71.5949034, 41.118109 ], [ -71.593264, 41.1178434 ], [ -71.5916245, 41.1168102 ], [ -71.5899068, 41.1148619 ], [ -71.5901298, 41.112458 ], [ -71.5912338, 41.1099612 ], [ -71.5920144, 41.1093116 ], [ -71.5931073, 41.1089573 ], [ -71.5983379, 41.10878 ], [ -71.5992748, 41.1090752 ] ], [ [ -71.4923388, 41.0827835 ], [ -71.4900202, 41.082888 ], [ -71.4876387, 41.0830082 ], [ -71.4860245, 41.0830082 ], [ -71.4853101, 41.082828 ], [ -71.4843575, 41.0806255 ], [ -71.4840135, 41.0778623 ], [ -71.4843839, 41.0763405 ], [ -71.4856805, 41.0751391 ], [ -71.4878239, 41.0744182 ], [ -71.4900467, 41.074218 ], [ -71.4919519, 41.0745384 ], [ -71.494254, 41.0756998 ], [ -71.4953919, 41.0769813 ], [ -71.4960799, 41.0795042 ], [ -71.4957888, 41.0809459 ], [ -71.4952802, 41.0821194 ], [ -71.4948391, 41.0823419 ], [ -71.4940953, 41.0826077 ], [ -71.4923388, 41.0827835 ] ] ] } },
{ "type": "Feature", "properties": { "RCID": 549, "PRIM": 3, "GRUP": 1, "OBJL": 42, "RVER": 1, "AGEN": 550, "FIDN": -979308749, "FIDS": 48294, "LNAM": "0226C5A0EF33BCA6", "DRVAL1": 18.2, "DRVAL2": 27.4 }, "geometry": { "type": "Polygon", "coordinates": [ [ [ -71.7630281, 41.2089936 ], [ -71.7651612, 41.2080371 ], [ -71.7666945, 41.207735 ], [ -71.7684487, 41.2079177 ], [ -71.769336, 41.2081508 ], [ -71.7702276, 41.2085405 ], [ -71.7742273, 41.2111582 ], [ -71.7748939, 41.2124671 ], [ -71.7751605, 41.2139772 ], [ -71.7744273, 41.2152357 ], [ -71.7733607, 41.2159404 ], [ -71.7709608, 41.2162424 ], [ -71.7664278, 41.2168464 ], [ -71.7630947, 41.2164437 ], [ -71.7609615, 41.215739 ], [ -71.759495, 41.214833 ], [ -71.7593616, 41.2135242 ], [ -71.7597616, 41.2123664 ], [ -71.7610282, 41.2106045 ], [ -71.7630281, 41.2089936 ] ] ] } },
{ "type": "Feature", "properties": { "RCID": 550, "PRIM": 3, "GRUP": 1, "OBJL": 42, "RVER": 1, "AGEN": 550, "FIDN": -1758585522, "FIDS": 48294, "LNAM": "0226972E1D4EBCA6", "DRVAL1": 18.2, "DRVAL2": 27.4 }, "geometry": { "type": "Polygon", "coordinates": [ [ [ -71.8742546, 41.2648248 ], [ -71.8731194, 41.264368 ], [ -71.8720094, 41.2635495 ], [ -71.8715301, 41.2618935 ], [ -71.8719085, 41.2605991 ], [ -71.8724383, 41.2597616 ], [ -71.8741285, 41.2583148 ], [ -71.8752889, 41.2580864 ], [ -71.8760961, 41.257896 ], [ -71.8792494, 41.2578009 ], [ -71.8833109, 41.257896 ], [ -71.8843451, 41.2586004 ], [ -71.8853037, 41.2596283 ], [ -71.8852281, 41.2611702 ], [ -71.884446, 41.2635305 ], [ -71.8823523, 41.2642538 ], [ -71.8803089, 41.2646155 ], [ -71.8767268, 41.2648629 ], [ -71.8742546, 41.2648248 ] ] ] } },
{ "type": "Feature", "properties": { "RCID": 551, "PRIM": 3, "GRUP": 1, "OBJL": 42, "RVER": 1, "AGEN": 550, "FIDN": -1473177652, "FIDS": 48294, "LNAM": "0226A83117CCBCA6", "DRVAL1": 36.5, "DRVAL2": 45.7 }, "geometry": { "type": "Polygon", "coordinates": [ [ [ -71.9730557, 40.8 ], [ -71.8221249, 40.8 ], [ -71.8214713, 40.8003881 ], [ -71.8163971, 40.8050156 ], [ -71.8151481, 40.8069139 ], [ -71.8142114, 40.8098206 ], [ -71.8140554, 40.8107103 ], [ -71.8141335, 40.8126084 ], [ -71.8144459, 40.8145065 ], [ -71.8148362, 40.8154555 ], [ -71.8150706, 40.8173535 ], [ -71.8144461, 40.8192514 ], [ -71.813041, 40.8211493 ], [ -71.8113235, 40.8230472 ], [ -71.805859, 40.8275545 ], [ -71.8040635, 40.8293336 ], [ -71.8028926, 40.8311719 ], [ -71.8021901, 40.8330101 ], [ -71.801878, 40.8358564 ], [ -71.8025806, 40.8376944 ], [ -71.8032834, 40.8386431 ], [ -71.8043764, 40.8393545 ], [ -71.8067965, 40.840481 ], [ -71.807343, 40.8413703 ], [ -71.8071869, 40.842319 ], [ -71.8060941, 40.8442162 ], [ -71.8054696, 40.8461134 ], [ -71.8051575, 40.848959 ], [ -71.8046892, 40.850856 ], [ -71.8040915, 40.8549417 ], [ -71.8040318, 40.85535 ], [ -71.8034405, 40.859392 ], [ -71.8034406, 40.8611702 ], [ -71.8050025, 40.8716011 ], [ -71.8050027, 40.8748177 ], [ -71.8050028, 40.87729 ], [ -71.8043785, 40.8810824 ], [ -71.8034418, 40.8839266 ], [ -71.802505, 40.8847561 ], [ -71.8008396, 40.8857041 ], [ -71.7962597, 40.8864745 ], [ -71.7937615, 40.8873041 ], [ -71.7912634, 40.8883706 ], [ -71.789754, 40.8895753 ], [ -71.7860331, 40.8938805 ], [ -71.7848621, 40.8957762 ], [ -71.7839254, 40.897672 ], [ -71.7824423, 40.9024109 ], [ -71.7813495, 40.9043064 ], [ -71.7809365, 40.9052181 ], [ -71.7804908, 40.9062019 ], [ -71.7767439, 40.9128355 ], [ -71.774626, 40.9158483 ], [ -71.7725285, 40.9193501 ], [ -71.7697963, 40.9231401 ], [ -71.7687815, 40.925035 ], [ -71.7681961, 40.9268114 ], [ -71.7677578, 40.9299156 ], [ -71.7666517, 40.9377477 ], [ -71.7658408, 40.9398898 ], [ -71.7652638, 40.9414651 ], [ -71.7613736, 40.9446955 ], [ -71.759713, 40.9463744 ], [ -71.7584478, 40.9475735 ], [ -71.7579338, 40.9506312 ], [ -71.7546522, 40.9564164 ], [ -71.7505007, 40.9627706 ], [ -71.7467842, 40.9681951 ], [ -71.7430281, 40.9723906 ], [ -71.7352392, 40.9826683 ], [ -71.7314831, 40.9859641 ], [ -71.7273317, 40.9888701 ], [ -71.7254339, 40.9894693 ], [ -71.720808, 40.9901883 ], [ -71.7166565, 40.9901284 ], [ -71.7141656, 40.9894094 ], [ -71.7128609, 40.9885106 ], [ -71.7121492, 40.9879114 ], [ -71.7112003, 40.9849154 ], [ -71.7097374, 40.9808107 ], [ -71.7080768, 40.9775746 ], [ -71.7063767, 40.9757467 ], [ -71.7033718, 40.9724505 ], [ -71.7005647, 40.9693639 ], [ -71.6976784, 40.9662172 ], [ -71.6960969, 40.9634 ], [ -71.6947922, 40.9603429 ], [ -71.6929339, 40.9576753 ], [ -71.6901663, 40.954588 ], [ -71.6876754, 40.9530293 ], [ -71.6857962, 40.9520927 ], [ -71.6832979, 40.950613 ], [ -71.682283, 40.949666 ], [ -71.6805332, 40.9483394 ], [ -71.6799409, 40.9478903 ], [ -71.6786917, 40.9472392 ], [ -71.6761935, 40.9464106 ], [ -71.6749444, 40.9461738 ], [ -71.6724462, 40.9459962 ], [ -71.669948, 40.9459963 ], [ -71.6680744, 40.946174 ], [ -71.6599553, 40.9484828 ], [ -71.6587063, 40.9487196 ], [ -71.654959, 40.9490748 ], [ -71.6537099, 40.9490749 ], [ -71.6521485, 40.9487789 ], [ -71.6475604, 40.9473296 ], [ -71.6471091, 40.947187 ], [ -71.6470985, 40.9471837 ], [ -71.6465275, 40.9470033 ], [ -71.6418434, 40.9461156 ], [ -71.6374715, 40.9461157 ], [ -71.6349734, 40.9465893 ], [ -71.6320812, 40.9476859 ], [ -71.6320599, 40.947694 ], [ -71.6312915, 40.9479853 ], [ -71.6302893, 40.9483653 ], [ -71.6282135, 40.9497485 ], [ -71.6277132, 40.9500819 ], [ -71.6209215, 40.9553499 ], [ -71.6196725, 40.956001 ], [ -71.6174085, 40.9577175 ], [ -71.6149104, 40.9586645 ], [ -71.6063342, 40.9613448 ], [ -71.6024197, 40.9629851 ], [ -71.5999215, 40.9642871 ], [ -71.5972658, 40.9662633 ], [ -71.5944256, 40.9682184 ], [ -71.5920058, 40.9710953 ], [ -71.5885898, 40.9768128 ], [ -71.5842723, 40.984759 ], [ -71.5805241, 40.9902955 ], [ -71.5731227, 40.9993184 ], [ -71.5702759, 41.0029488 ], [ -71.5685679, 41.0062914 ], [ -71.5677139, 41.0112152 ], [ -71.5658635, 41.0137308 ], [ -71.5627796, 41.0149886 ], [ -71.5599803, 41.0152402 ], [ -71.5559001, 41.0146292 ], [ -71.5527212, 41.0134074 ], [ -71.5494001, 41.0127964 ], [ -71.5437066, 41.0148808 ], [ -71.5376337, 41.0189415 ], [ -71.5328417, 41.0222115 ], [ -71.5288563, 41.023541 ], [ -71.5219767, 41.0245111 ], [ -71.5171373, 41.0248345 ], [ -71.508787, 41.026128 ], [ -71.4936045, 41.0291102 ], [ -71.4860133, 41.0307629 ], [ -71.4794658, 41.0320922 ], [ -71.4719221, 41.0337089 ], [ -71.4684111, 41.0345711 ], [ -71.4671775, 41.0347148 ], [ -71.466183, 41.0344502 ], [ -71.4654221, 41.0342478 ], [ -71.4642834, 41.0320203 ], [ -71.463287, 41.0284634 ], [ -71.4623381, 41.027134 ], [ -71.461197, 41.0256097 ], [ -71.4576002, 41.0238838 ], [ -71.4548545, 41.0228025 ], [ -71.4509557, 41.0205567 ], [ -71.4479354, 41.0188723 ], [ -71.4457389, 41.0174166 ], [ -71.4429658, 41.0156905 ], [ -71.4421421, 41.0149627 ], [ -71.4421382, 41.0149539 ], [ -71.4417575, 41.0141012 ], [ -71.4407425, 41.0113219 ], [ -71.4404301, 41.0084242 ], [ -71.4405861, 41.0065318 ], [ -71.441835, 41.0018594 ], [ -71.4425661, 40.9985352 ], [ -71.4427716, 40.9976008 ], [ -71.4426153, 40.9951757 ], [ -71.4429275, 40.9932829 ], [ -71.4429272, 40.9885505 ], [ -71.4424587, 40.9866575 ], [ -71.4413656, 40.9838179 ], [ -71.4402726, 40.9819248 ], [ -71.4390234, 40.9791441 ], [ -71.4384767, 40.9767774 ], [ -71.4376549, 40.975075 ], [ -71.4373056, 40.9743515 ], [ -71.4368371, 40.973464 ], [ -71.4359783, 40.9724582 ], [ -71.4352556, 40.971779 ], [ -71.4349492, 40.9714911 ], [ -71.4340265, 40.9706239 ], [ -71.4327774, 40.9698547 ], [ -71.4302791, 40.9686712 ], [ -71.4277809, 40.9681387 ], [ -71.4227845, 40.9676655 ], [ -71.4184127, 40.9676656 ], [ -71.4093568, 40.9685239 ], [ -71.4081077, 40.9684056 ], [ -71.3965536, 40.9693232 ], [ -71.3934309, 40.9697375 ], [ -71.3858796, 40.9699762 ], [ -71.3836757, 40.9698496 ], [ -71.3831475, 40.9697722 ], [ -71.3809913, 40.9694561 ], [ -71.3768348, 40.9685379 ], [ -71.3723318, 40.9680132 ], [ -71.3717277, 40.9679037 ], [ -71.3670437, 40.9674304 ], [ -71.3595491, 40.9670756 ], [ -71.3557237, 40.9670757 ], [ -71.3519765, 40.9672533 ], [ -71.3439354, 40.9671944 ], [ -71.3307418, 40.9676682 ], [ -71.3283217, 40.9676683 ], [ -71.3208272, 40.9680235 ], [ -71.318329, 40.9680236 ], [ -71.3120055, 40.9686156 ], [ -71.3095073, 40.9692666 ], [ -71.3072434, 40.9709235 ], [ -71.3039648, 40.9757164 ], [ -71.3027159, 40.9795031 ], [ -71.3027159, 40.9804497 ], [ -71.3030282, 40.9813963 ], [ -71.303809, 40.9824612 ], [ -71.304902, 40.9833486 ], [ -71.3074002, 40.9844726 ], [ -71.3112889, 40.9858792 ], [ -71.317237, 40.9871936 ], [ -71.3216089, 40.9888499 ], [ -71.3234046, 40.9898555 ], [ -71.3257467, 40.9915709 ], [ -71.3282449, 40.9928722 ], [ -71.334998, 40.995519 ], [ -71.341595, 40.9993783 ], [ -71.343375, 41.0005582 ], [ -71.3489336, 41.0029268 ], [ -71.3545547, 41.0047009 ], [ -71.3588484, 41.0054696 ], [ -71.3656418, 41.0071487 ], [ -71.3656829, 41.0071589 ], [ -71.3662048, 41.0072878 ], [ -71.366265, 41.0073027 ], [ -71.3711833, 41.0076575 ], [ -71.3736816, 41.0075391 ], [ -71.3749306, 41.0073617 ], [ -71.3774288, 41.0066519 ], [ -71.3787559, 41.0060013 ], [ -71.380005, 41.0051733 ], [ -71.3801637, 41.0047823 ], [ -71.3802086, 41.0043636 ], [ -71.3800132, 41.0040018 ], [ -71.3795807, 41.0035942 ], [ -71.3785996, 41.0032808 ], [ -71.3773356, 41.0031425 ], [ -71.3760829, 41.0030624 ], [ -71.3748373, 41.0028278 ], [ -71.3743639, 41.0027003 ], [ -71.3739005, 41.0022956 ], [ -71.3738871, 41.0022783 ], [ -71.373644, 41.0019633 ], [ -71.3736215, 41.0019341 ], [ -71.3736016, 41.0019082 ], [ -71.3736031, 41.0012108 ], [ -71.3753206, 40.9993773 ], [ -71.375945, 40.9984309 ], [ -71.3775843, 40.9965973 ], [ -71.3799263, 40.994941 ], [ -71.3823464, 40.9935805 ], [ -71.3847665, 40.9923973 ], [ -71.3869279, 40.9915784 ], [ -71.3872646, 40.9914508 ], [ -71.3898409, 40.9910958 ], [ -71.3910899, 40.9912141 ], [ -71.3913892, 40.9913275 ], [ -71.3914275, 40.991342 ], [ -71.3919068, 40.9915235 ], [ -71.3923391, 40.9916872 ], [ -71.3931198, 40.9925154 ], [ -71.3935102, 40.9934618 ], [ -71.3939787, 40.9953547 ], [ -71.3934324, 40.9991402 ], [ -71.3921835, 41.0029255 ], [ -71.3898992, 41.0074161 ], [ -71.3892953, 41.0086032 ], [ -71.3887489, 41.0104956 ], [ -71.3887404, 41.0105137 ], [ -71.3874219, 41.0133341 ], [ -71.3866412, 41.0143985 ], [ -71.3848458, 41.01635 ], [ -71.3834406, 41.0182422 ], [ -71.3823477, 41.0192474 ], [ -71.3811767, 41.019957 ], [ -71.3786786, 41.0209622 ], [ -71.3712622, 41.0227954 ], [ -71.3700131, 41.0232684 ], [ -71.3637677, 41.0250424 ], [ -71.3539313, 41.0287082 ], [ -71.3499981, 41.0300115 ], [ -71.3490912, 41.0306001 ], [ -71.3487844, 41.0314774 ], [ -71.3481698, 41.0327515 ], [ -71.3480003, 41.0331028 ], [ -71.347386, 41.0334336 ], [ -71.345939, 41.0335576 ], [ -71.3437903, 41.0334174 ], [ -71.3419802, 41.0332992 ], [ -71.338704, 41.0334956 ], [ -71.3342128, 41.0347567 ], [ -71.3323017, 41.0351081 ], [ -71.3322773, 41.0351109 ], [ -71.3315929, 41.0351881 ], [ -71.3315921, 41.0351882 ], [ -71.3301038, 41.0353562 ], [ -71.3289162, 41.0354389 ], [ -71.3280971, 41.0352115 ], [ -71.3275238, 41.033661 ], [ -71.3272321, 41.0321379 ], [ -71.3269197, 41.0302461 ], [ -71.3272319, 41.0291819 ], [ -71.3283248, 41.0282359 ], [ -71.330823, 41.02729 ], [ -71.3319159, 41.0265213 ], [ -71.3326965, 41.0246294 ], [ -71.3326184, 41.0236834 ], [ -71.3316814, 41.0217914 ], [ -71.3289489, 41.0190125 ], [ -71.3252016, 41.0168839 ], [ -71.3209545, 41.0148735 ], [ -71.3127103, 41.0120353 ], [ -71.3102121, 41.0115623 ], [ -71.3077139, 41.0113259 ], [ -71.3039666, 41.0112077 ], [ -71.2989702, 41.0107348 ], [ -71.2927248, 41.0106758 ], [ -71.2902266, 41.0107941 ], [ -71.2864793, 41.0117404 ], [ -71.2839812, 41.0126867 ], [ -71.2777359, 41.0157618 ], [ -71.2752378, 41.0174176 ], [ -71.2711719, 41.0213399 ], [ -71.2705539, 41.0220888 ], [ -71.2684462, 41.0237444 ], [ -71.2648601, 41.0272328 ], [ -71.261436, 41.0310047 ], [ -71.2579855, 41.0335587 ], [ -71.2558334, 41.0345264 ], [ -71.2554873, 41.034682 ], [ -71.253643, 41.0357683 ], [ -71.2519744, 41.036751 ], [ -71.2507253, 41.0373422 ], [ -71.2494763, 41.0376969 ], [ -71.245729, 41.0383473 ], [ -71.2432308, 41.0386429 ], [ -71.2407326, 41.0387021 ], [ -71.2369853, 41.0384066 ], [ -71.233238, 41.0376383 ], [ -71.2307398, 41.0368108 ], [ -71.2257433, 41.0349193 ], [ -71.2232451, 41.03421 ], [ -71.2175165, 41.0328933 ], [ -71.2145013, 41.0322003 ], [ -71.2084342, 41.0312631 ], [ -71.2070067, 41.0307226 ], [ -71.2045084, 41.0301315 ], [ -71.1957647, 41.0284172 ], [ -71.1932665, 41.027767 ], [ -71.1907682, 41.0269394 ], [ -71.188348, 41.0259344 ], [ -71.187177, 41.025284 ], [ -71.1859519, 41.0242017 ], [ -71.1752322, 41.0186622 ], [ -71.1704699, 41.0158241 ], [ -71.1679716, 41.0146415 ], [ -71.1648488, 41.0128676 ], [ -71.1605549, 41.0111528 ], [ -71.1580567, 41.0104433 ], [ -71.1546373, 41.0098402 ], [ -71.1484543, 41.0096451 ], [ -71.1430676, 41.0100889 ], [ -71.1322161, 41.0114493 ], [ -71.1293276, 41.0115677 ], [ -71.1268294, 41.0113903 ], [ -71.1243312, 41.0113904 ], [ -71.120584, 41.0117453 ], [ -71.1180858, 41.0122185 ], [ -71.1130895, 41.0134013 ], [ -71.1087957, 41.0141111 ], [ -71.1030968, 41.0155896 ], [ -71.0990113, 41.0168906 ], [ -71.0944314, 41.018842 ], [ -71.089357, 41.0204386 ], [ -71.0868589, 41.0209118 ], [ -71.0806915, 41.0216215 ], [ -71.074368, 41.0216807 ], [ -71.0667433, 41.0216022 ], [ -71.0594568, 41.0209125 ], [ -71.0534612, 41.0200612 ], [ -71.0518841, 41.0194937 ], [ -71.0493859, 41.0189616 ], [ -71.0468877, 41.018193 ], [ -71.0444676, 41.0171878 ], [ -71.0400957, 41.0157097 ], [ -71.0294782, 41.0138177 ], [ -71.0185486, 41.0129902 ], [ -71.014489, 41.0129904 ], [ -70.9945035, 41.0140258 ], [ -70.987009, 41.0141147 ], [ -70.9845108, 41.0143513 ], [ -70.9820127, 41.0144105 ], [ -70.9782654, 41.0147654 ], [ -70.9752676, 41.0153332 ], [ -70.9670237, 41.0179588 ], [ -70.9620274, 41.0192007 ], [ -70.9595292, 41.0196147 ], [ -70.9570311, 41.0196739 ], [ -70.9545328, 41.0193192 ], [ -70.9520346, 41.0184915 ], [ -70.9495363, 41.0170133 ], [ -70.9461793, 41.0144116 ], [ -70.9443055, 41.0126376 ], [ -70.9418853, 41.0111592 ], [ -70.9406362, 41.0105679 ], [ -70.938138, 41.0098584 ], [ -70.9356398, 41.0098585 ], [ -70.9343907, 41.0101542 ], [ -70.9331416, 41.0106273 ], [ -70.9306435, 41.0118692 ], [ -70.9256473, 41.0148557 ], [ -70.9157329, 41.0194904 ], [ -70.9117514, 41.0206212 ], [ -70.9060524, 41.0213309 ], [ -70.9011342, 41.0215085 ], [ -70.8936396, 41.0215087 ], [ -70.8891429, 41.0212251 ], [ -70.8848959, 41.0216272 ], [ -70.8836468, 41.0218638 ], [ -70.8823978, 41.022455 ], [ -70.8818514, 41.023342 ], [ -70.8818514, 41.025234 ], [ -70.8814612, 41.0271258 ], [ -70.8810709, 41.0280718 ], [ -70.8796658, 41.0299637 ], [ -70.8784167, 41.0307323 ], [ -70.8759186, 41.0317965 ], [ -70.8734204, 41.0320921 ], [ -70.8716248, 41.0321513 ], [ -70.8685022, 41.0327426 ], [ -70.8647549, 41.0327427 ], [ -70.8610075, 41.0320334 ], [ -70.8593123, 41.0314338 ], [ -70.8470971, 41.0293144 ], [ -70.8459402, 41.0292553 ], [ -70.843442, 41.0294327 ], [ -70.8409438, 41.030024 ], [ -70.8385238, 41.0310291 ], [ -70.836338, 41.0327436 ], [ -70.8356354, 41.0336894 ], [ -70.8338399, 41.0354629 ], [ -70.8330593, 41.0364088 ], [ -70.8311859, 41.040192 ], [ -70.8302617, 41.041225 ], [ -70.8295464, 41.0420244 ], [ -70.8229109, 41.0471668 ], [ -70.8215838, 41.047817 ], [ -70.8199892, 41.0491106 ], [ -70.8199519, 41.0491408 ], [ -70.8195494, 41.0494673 ], [ -70.819398, 41.0495901 ], [ -70.8183832, 41.0505358 ], [ -70.8168219, 41.052368 ], [ -70.8154948, 41.0542591 ], [ -70.814558, 41.0551455 ], [ -70.812216, 41.0562685 ], [ -70.811045, 41.0563867 ], [ -70.8097178, 41.0560913 ], [ -70.8072196, 41.0549685 ], [ -70.8060485, 41.0542594 ], [ -70.8047994, 41.0539049 ], [ -70.8023012, 41.0537867 ], [ -70.8010522, 41.0540231 ], [ -70.8, 41.0544132 ], [ -70.8, 41.0803211 ], [ -70.802381, 41.0787014 ], [ -70.8133099, 41.0729903 ], [ -70.8243953, 41.0677316 ], [ -70.8280644, 41.0664907 ], [ -70.8402769, 41.0612842 ], [ -70.8416481, 41.0606996 ], [ -70.8497841, 41.0573828 ], [ -70.85492, 41.0548994 ], [ -70.8557555, 41.0544954 ], [ -70.8605039, 41.0528912 ], [ -70.8613017, 41.0526217 ], [ -70.8627987, 41.052116 ], [ -70.8710792, 41.0505931 ], [ -70.8725495, 41.0502499 ], [ -70.8725497, 41.0502499 ], [ -70.8804474, 41.0484062 ], [ -70.8830304, 41.0481354 ], [ -70.8855218, 41.0478742 ], [ -70.8958256, 41.0466908 ], [ -70.9041802, 41.046928 ], [ -70.9066783, 41.0473417 ], [ -70.9080055, 41.0478736 ], [ -70.9090985, 41.0484646 ], [ -70.9092547, 41.0494101 ], [ -70.908318, 41.0503558 ], [ -70.9078904, 41.0506482 ], [ -70.9058979, 41.0520107 ], [ -70.9033997, 41.0530155 ], [ -70.8976194, 41.0562132 ], [ -70.8968964, 41.0566132 ], [ -70.8951012, 41.0583605 ], [ -70.8947814, 41.0586718 ], [ -70.8915426, 41.0618242 ], [ -70.8903053, 41.0634422 ], [ -70.8903053, 41.0649651 ], [ -70.8915337, 41.066018 ], [ -70.892304, 41.0666783 ], [ -70.8946835, 41.0682011 ], [ -70.8956829, 41.0701047 ], [ -70.8963253, 41.0743877 ], [ -70.8957542, 41.0785994 ], [ -70.8955316, 41.0793889 ], [ -70.894969, 41.0813833 ], [ -70.892542, 41.0824541 ], [ -70.8865933, 41.0826683 ], [ -70.8803288, 41.0839496 ], [ -70.8782176, 41.0843815 ], [ -70.8742885, 41.085453 ], [ -70.83948, 41.0949463 ], [ -70.8308633, 41.097591 ], [ -70.829867, 41.0978968 ], [ -70.8290978, 41.0986944 ], [ -70.8272971, 41.1005618 ], [ -70.8272396, 41.1017126 ], [ -70.8270116, 41.1062725 ], [ -70.8283473, 41.1143398 ], [ -70.8290344, 41.11849 ], [ -70.8293911, 41.1206445 ], [ -70.8298169, 41.1211731 ], [ -70.8321512, 41.1240709 ], [ -70.8358632, 41.1251178 ], [ -70.8420498, 41.1238805 ], [ -70.8500448, 41.1222625 ], [ -70.85547, 41.119312 ], [ -70.8598482, 41.1191216 ], [ -70.8666058, 41.1207396 ], [ -70.8676067, 41.120642 ], [ -70.8705082, 41.1203589 ], [ -70.8729578, 41.1187432 ], [ -70.8749815, 41.1174084 ], [ -70.885356, 41.1077954 ], [ -70.8920185, 41.1040834 ], [ -70.8920589, 41.104098 ], [ -70.8921772, 41.1040689 ], [ -70.8953687, 41.1032833 ], [ -70.8972348, 41.1018716 ], [ -70.8994988, 41.1003953 ], [ -70.9008259, 41.0999818 ], [ -70.9082422, 41.0963201 ], [ -70.9107403, 41.0948434 ], [ -70.9180005, 41.0901773 ], [ -70.9187811, 41.0892322 ], [ -70.923746, 41.0854754 ], [ -70.9284137, 41.0802613 ], [ -70.934158, 41.0774262 ], [ -70.9400669, 41.0730062 ], [ -70.9418492, 41.0721728 ], [ -70.942323, 41.0719513 ], [ -70.9423379, 41.0719443 ], [ -70.9441524, 41.0710958 ], [ -70.9466505, 41.0702686 ], [ -70.9503978, 41.0694413 ], [ -70.9528959, 41.0684959 ], [ -70.9553941, 41.0677868 ], [ -70.9627324, 41.0660731 ], [ -70.9652306, 41.0657186 ], [ -70.9677288, 41.0657185 ], [ -70.9731271, 41.0664142 ], [ -70.9738962, 41.0666045 ], [ -70.9763164, 41.0676089 ], [ -70.9800637, 41.0686723 ], [ -70.9825619, 41.0689677 ], [ -70.9838891, 41.0685541 ], [ -70.9851381, 41.0678451 ], [ -70.9857626, 41.0668997 ], [ -70.9852942, 41.0660134 ], [ -70.982796, 41.0651862 ], [ -70.9773832, 41.0639061 ], [ -70.9765504, 41.0635911 ], [ -70.9751565, 41.062666 ], [ -70.9748975, 41.0617579 ], [ -70.9755221, 41.0609306 ], [ -70.9781897, 41.0598682 ], [ -70.983186, 41.058509 ], [ -70.9895094, 41.0570906 ], [ -70.9920076, 41.0563814 ], [ -70.9949221, 41.05516 ], [ -70.999424, 41.0546083 ], [ -71.0027497, 41.0543954 ], [ -71.0094947, 41.0535442 ], [ -71.014413, 41.0525985 ], [ -71.0169111, 41.0520074 ], [ -71.0219075, 41.0504706 ], [ -71.0294019, 41.0486383 ], [ -71.0319001, 41.047929 ], [ -71.0349447, 41.046806 ], [ -71.041034, 41.0452691 ], [ -71.0416585, 41.0449735 ], [ -71.0441567, 41.0445005 ], [ -71.047904, 41.0445004 ], [ -71.0504021, 41.0447368 ], [ -71.0529004, 41.0445595 ], [ -71.0615658, 41.0426086 ], [ -71.064064, 41.0424904 ], [ -71.0653131, 41.0425494 ], [ -71.0678113, 41.0430813 ], [ -71.0703096, 41.0434359 ], [ -71.0716367, 41.0437314 ], [ -71.075306, 41.0450907 ], [ -71.0778042, 41.0455043 ], [ -71.0803024, 41.0455043 ], [ -71.0816296, 41.0452678 ], [ -71.0828786, 41.0452678 ], [ -71.0866259, 41.0442038 ], [ -71.0878749, 41.0442037 ], [ -71.0893114, 41.0447475 ], [ -71.0924031, 41.0477499 ], [ -71.0967751, 41.0502321 ], [ -71.0979461, 41.0505275 ], [ -71.1004443, 41.0507638 ], [ -71.1016934, 41.0507638 ], [ -71.1041916, 41.0512366 ], [ -71.1080171, 41.0525957 ], [ -71.1091101, 41.0534231 ], [ -71.1104373, 41.0553141 ], [ -71.1119988, 41.0571461 ], [ -71.114497, 41.0585051 ], [ -71.1169953, 41.0588597 ], [ -71.11975, 41.0587245 ], [ -71.1244897, 41.056732 ], [ -71.1269878, 41.0564364 ], [ -71.128315, 41.0564955 ], [ -71.1294861, 41.0567909 ], [ -71.1318282, 41.0582682 ], [ -71.1343264, 41.0589772 ], [ -71.1368247, 41.0592727 ], [ -71.1393228, 41.0589772 ], [ -71.1405719, 41.0586816 ], [ -71.142992, 41.0576179 ], [ -71.14549, 41.0561995 ], [ -71.147754, 41.0544856 ], [ -71.1528281, 41.0499349 ], [ -71.1554043, 41.0483982 ], [ -71.1579025, 41.0475707 ], [ -71.1604007, 41.0475115 ], [ -71.1628989, 41.0479251 ], [ -71.165319, 41.0488116 ], [ -71.1678954, 41.0500305 ], [ -71.1705498, 41.0517887 ], [ -71.1762489, 41.0544848 ], [ -71.1814951, 41.0566803 ], [ -71.1836629, 41.0574519 ], [ -71.1857032, 41.0580788 ], [ -71.1890187, 41.0588504 ], [ -71.1920154, 41.0595255 ], [ -71.1948845, 41.0599595 ], [ -71.1989652, 41.0605865 ], [ -71.202168, 41.0608662 ], [ -71.2052482, 41.0609754 ], [ -71.2071643, 41.0610434 ], [ -71.2121608, 41.0620477 ], [ -71.214659, 41.0631704 ], [ -71.2165663, 41.0642702 ], [ -71.2195775, 41.0660065 ], [ -71.2232221, 41.0678753 ], [ -71.2280872, 41.0692559 ], [ -71.2330835, 41.0693148 ], [ -71.2355817, 41.0691375 ], [ -71.2380798, 41.0686056 ], [ -71.240578, 41.0682511 ], [ -71.2430762, 41.0681328 ], [ -71.2443253, 41.0685464 ], [ -71.2454183, 41.0692554 ], [ -71.2457306, 41.0702007 ], [ -71.2455746, 41.071146 ], [ -71.2433106, 41.0727413 ], [ -71.2421397, 41.0733912 ], [ -71.2371434, 41.0752819 ], [ -71.2360505, 41.076109 ], [ -71.2354259, 41.0770542 ], [ -71.2352699, 41.0779995 ], [ -71.236441, 41.0798898 ], [ -71.2403446, 41.0835522 ], [ -71.2426868, 41.0852652 ], [ -71.2451069, 41.0866827 ], [ -71.249635, 41.0896359 ], [ -71.2511965, 41.0915259 ], [ -71.2516649, 41.0924709 ], [ -71.2518993, 41.0943609 ], [ -71.2517432, 41.0962508 ], [ -71.2506765, 41.0997747 ], [ -71.2508066, 41.1009754 ], [ -71.2518997, 41.1028651 ], [ -71.2600971, 41.1081204 ], [ -71.2630639, 41.1103641 ], [ -71.2651607, 41.1127427 ], [ -71.2655622, 41.1135525 ], [ -71.2670457, 41.1155009 ], [ -71.2684251, 41.1190235 ], [ -71.2687896, 41.1234316 ], [ -71.2682173, 41.1268949 ], [ -71.2672806, 41.1297283 ], [ -71.2661096, 41.1315582 ], [ -71.2646265, 41.1333291 ], [ -71.2613477, 41.1360443 ], [ -71.2589277, 41.1374609 ], [ -71.2580366, 41.1377978 ], [ -71.2576786, 41.1379331 ], [ -71.2551804, 41.1381693 ], [ -71.2514331, 41.1380514 ], [ -71.249013, 41.1378743 ], [ -71.2426894, 41.1369892 ], [ -71.2329347, 41.1361598 ], [ -71.2301984, 41.1359271 ], [ -71.2277002, 41.1362814 ], [ -71.2252021, 41.1372848 ], [ -71.221533, 41.1392916 ], [ -71.2213405, 41.1394322 ], [ -71.2170052, 41.1425968 ], [ -71.214507, 41.1440133 ], [ -71.2120089, 41.1447215 ], [ -71.2083756, 41.1454084 ], [ -71.2082617, 41.1454299 ], [ -71.2057635, 41.145607 ], [ -71.1924138, 41.1455114 ], [ -71.1895253, 41.1457255 ], [ -71.1870271, 41.1452534 ], [ -71.185778, 41.1451944 ], [ -71.1844117, 41.1453236 ], [ -71.1812501, 41.1468175 ], [ -71.1784396, 41.1469651 ], [ -71.1772698, 41.1461988 ], [ -71.1772685, 41.1461979 ], [ -71.1772674, 41.1461946 ], [ -71.1772406, 41.1461134 ], [ -71.1766439, 41.1443095 ], [ -71.1765658, 41.1433652 ], [ -71.1753947, 41.1414767 ], [ -71.1735208, 41.1367551 ], [ -71.1704238, 41.130833 ], [ -71.1673529, 41.127311 ], [ -71.1649327, 41.1254221 ], [ -71.1647729, 41.125278 ], [ -71.1629028, 41.1235921 ], [ -71.1618566, 41.1224587 ], [ -71.1616341, 41.1220741 ], [ -71.159962, 41.1191841 ], [ -71.158921, 41.1179247 ], [ -71.157828, 41.1170391 ], [ -71.1554078, 41.1157993 ], [ -71.1551297, 41.1156876 ], [ -71.1529096, 41.1147957 ], [ -71.1504114, 41.1142054 ], [ -71.1491622, 41.113792 ], [ -71.146742, 41.1124341 ], [ -71.143463, 41.1100133 ], [ -71.1426824, 41.1090686 ], [ -71.1424793, 41.108915 ], [ -71.1415894, 41.108242 ], [ -71.1408867, 41.1072382 ], [ -71.1389349, 41.1054667 ], [ -71.1376857, 41.1050534 ], [ -71.1351875, 41.1048173 ], [ -71.1339384, 41.1048982 ], [ -71.1326894, 41.1048983 ], [ -71.1316447, 41.1046865 ], [ -71.1313348, 41.1046236 ], [ -71.1312222, 41.1045058 ], [ -71.1305034, 41.1037545 ], [ -71.1305033, 41.1013924 ], [ -71.1301398, 41.0998964 ], [ -71.1290859, 41.0986912 ], [ -71.1278488, 41.0984397 ], [ -71.1265997, 41.0985578 ], [ -71.1253506, 41.0987941 ], [ -71.1228524, 41.0998571 ], [ -71.1206673, 41.1005287 ], [ -71.1203543, 41.1006249 ], [ -71.1191052, 41.1009202 ], [ -71.1166071, 41.1010975 ], [ -71.1141089, 41.1008614 ], [ -71.1103616, 41.1001528 ], [ -71.1078633, 41.0998576 ], [ -71.104116, 41.0997396 ], [ -71.1030247, 41.0997912 ], [ -71.1016179, 41.0998578 ], [ -71.1006811, 41.100035 ], [ -71.0954506, 41.101984 ], [ -71.0929524, 41.1027517 ], [ -71.0916433, 41.1038035 ], [ -71.0914693, 41.1045823 ], [ -71.0916741, 41.1054451 ], [ -71.0927657, 41.1059745 ], [ -71.0964956, 41.1062252 ], [ -71.1005252, 41.1062355 ], [ -71.10209, 41.1063094 ], [ -71.1030235, 41.1063535 ], [ -71.1055217, 41.1068258 ], [ -71.1067708, 41.1074164 ], [ -71.1073954, 41.1083611 ], [ -71.1073954, 41.1093059 ], [ -71.1070487, 41.1100054 ], [ -71.1069271, 41.1102506 ], [ -71.1061464, 41.1111954 ], [ -71.1056781, 41.1121401 ], [ -71.1055219, 41.1130849 ], [ -71.1056728, 41.1135827 ], [ -71.1059904, 41.1139114 ], [ -71.1063766, 41.1141284 ], [ -71.1070834, 41.1141476 ], [ -71.1083325, 41.1136752 ], [ -71.1095815, 41.1129666 ], [ -71.1109923, 41.1124129 ], [ -71.1115897, 41.112367 ], [ -71.1123555, 41.1123081 ], [ -71.1140346, 41.1126049 ], [ -71.1161393, 41.1133797 ], [ -71.1183242, 41.114225 ], [ -71.1228533, 41.1159774 ], [ -71.1238526, 41.1162608 ], [ -71.1320775, 41.1176212 ], [ -71.1334707, 41.1182796 ], [ -71.1339392, 41.1191062 ], [ -71.1333772, 41.1200981 ], [ -71.130009, 41.1223269 ], [ -71.1292553, 41.1232389 ], [ -71.1287869, 41.1241834 ], [ -71.1288651, 41.1260725 ], [ -71.1294116, 41.127017 ], [ -71.1303485, 41.1277254 ], [ -71.1314415, 41.1281385 ], [ -71.1338616, 41.1281384 ], [ -71.1350326, 41.1284336 ], [ -71.1356572, 41.129378 ], [ -71.1359695, 41.1302635 ], [ -71.1354231, 41.1321524 ], [ -71.1350837, 41.1330534 ], [ -71.13487, 41.1332447 ], [ -71.1299586, 41.1376417 ], [ -71.1276948, 41.1394124 ], [ -71.126758, 41.1403568 ], [ -71.125948, 41.1415816 ], [ -71.1248845, 41.1431897 ], [ -71.1244942, 41.1450783 ], [ -71.1247285, 41.1460225 ], [ -71.1257434, 41.1469076 ], [ -71.1282417, 41.1479108 ], [ -71.1294127, 41.1482648 ], [ -71.1318329, 41.1486779 ], [ -71.1356582, 41.1490908 ], [ -71.1369074, 41.1494448 ], [ -71.1381565, 41.1500349 ], [ -71.1397672, 41.1510784 ], [ -71.1410165, 41.1524003 ], [ -71.1410607, 41.1524471 ], [ -71.147447, 41.1580596 ], [ -71.1487701, 41.1594684 ], [ -71.1491647, 41.1598886 ], [ -71.15057, 41.1617176 ], [ -71.1511165, 41.1626616 ], [ -71.1516631, 41.1645494 ], [ -71.1517413, 41.1673812 ], [ -71.151351, 41.1692691 ], [ -71.150024, 41.1721007 ], [ -71.1495532, 41.1727332 ], [ -71.1493214, 41.1730446 ], [ -71.1461083, 41.1752343 ], [ -71.1381495, 41.1785323 ], [ -71.134723, 41.1791206 ], [ -71.1322248, 41.1791207 ], [ -71.1297265, 41.1786489 ], [ -71.1247301, 41.1770565 ], [ -71.1222318, 41.1765847 ], [ -71.1209828, 41.1762308 ], [ -71.1197336, 41.1755229 ], [ -71.1187968, 41.1746971 ], [ -71.1183283, 41.1737533 ], [ -71.1184844, 41.1718656 ], [ -71.1184686, 41.1713158 ], [ -71.1182186, 41.1709695 ], [ -71.1178636, 41.1708239 ], [ -71.1170791, 41.1709218 ], [ -71.1156499, 41.1718476 ], [ -71.1132539, 41.1742844 ], [ -71.1116926, 41.176172 ], [ -71.1105997, 41.1771159 ], [ -71.1081016, 41.1783547 ], [ -71.1056035, 41.1792395 ], [ -71.1044325, 41.1794165 ], [ -71.1023645, 41.1794166 ], [ -71.1006852, 41.1794166 ], [ -71.0993593, 41.1791662 ], [ -71.0956887, 41.1784729 ], [ -71.0944396, 41.178355 ], [ -71.0931906, 41.178473 ], [ -71.0919415, 41.1789449 ], [ -71.0910046, 41.1797708 ], [ -71.0906924, 41.1807145 ], [ -71.0910048, 41.1816582 ], [ -71.0927224, 41.1835455 ], [ -71.0965479, 41.18732 ], [ -71.0977971, 41.1892072 ], [ -71.0979934, 41.1896816 ], [ -71.0985779, 41.1910944 ], [ -71.0987341, 41.192038 ], [ -71.098578, 41.1939251 ], [ -71.0977974, 41.1958121 ], [ -71.0963143, 41.1986426 ], [ -71.09474, 41.2005452 ], [ -71.0935448, 41.2019897 ], [ -71.0931917, 41.2024164 ], [ -71.0903815, 41.20619 ], [ -71.0895511, 41.2078626 ], [ -71.0895408, 41.2078833 ], [ -71.0894448, 41.2080767 ], [ -71.0892093, 41.2083613 ], [ -71.0871029, 41.2109067 ], [ -71.0862442, 41.2127932 ], [ -71.0851514, 41.2146797 ], [ -71.0831998, 41.2175095 ], [ -71.0810921, 41.2217537 ], [ -71.0799212, 41.2231684 ], [ -71.0788283, 41.2239936 ], [ -71.0775792, 41.2244653 ], [ -71.0763301, 41.2247011 ], [ -71.075081, 41.2247011 ], [ -71.0725828, 41.2242296 ], [ -71.0723131, 41.2241405 ], [ -71.0700846, 41.2234045 ], [ -71.0675864, 41.2231688 ], [ -71.0657128, 41.2231688 ], [ -71.0625901, 41.2236405 ], [ -71.0600919, 41.22423 ], [ -71.0563446, 41.2254089 ], [ -71.0550956, 41.225409 ], [ -71.0525974, 41.2260574 ], [ -71.0495204, 41.2265857 ], [ -71.0463962, 41.2268743 ], [ -71.0430807, 41.2269705 ], [ -71.0399565, 41.22673 ], [ -71.036896, 41.2263452 ], [ -71.0341544, 41.2259604 ], [ -71.0307383, 41.2258812 ], [ -71.0294892, 41.226117 ], [ -71.0282401, 41.2267065 ], [ -71.0271472, 41.2275317 ], [ -71.0255079, 41.2292999 ], [ -71.0243021, 41.2300279 ], [ -71.0215528, 41.2318161 ], [ -71.0204108, 41.2327102 ], [ -71.0191419, 41.234626 ], [ -71.0175346, 41.2362543 ], [ -71.0156735, 41.2367971 ], [ -71.011909, 41.2371803 ], [ -71.0107247, 41.237723 ], [ -71.0094981, 41.2387128 ], [ -71.0082714, 41.2404369 ], [ -71.007943, 41.2406494 ], [ -71.0076793, 41.24082 ], [ -71.0063681, 41.2407242 ], [ -71.0063535, 41.2407184 ], [ -71.002519, 41.2391917 ], [ -70.9998543, 41.2384574 ], [ -70.9967666, 41.2382339 ], [ -70.9926637, 41.2370206 ], [ -70.9898423, 41.2353823 ], [ -70.9893645, 41.2351049 ], [ -70.9874189, 41.2327102 ], [ -70.9872586, 41.2323473 ], [ -70.9861076, 41.2297406 ], [ -70.9842043, 41.2278246 ], [ -70.9823855, 41.2269624 ], [ -70.9796785, 41.2268985 ], [ -70.9789594, 41.2276011 ], [ -70.9771829, 41.2302195 ], [ -70.9748143, 41.233253 ], [ -70.9724879, 41.2352007 ], [ -70.9704153, 41.2359031 ], [ -70.9674545, 41.2364459 ], [ -70.9658895, 41.237276 ], [ -70.9627172, 41.2392556 ], [ -70.9610676, 41.2396706 ], [ -70.958699, 41.2396706 ], [ -70.9557382, 41.2391279 ], [ -70.9534804, 41.2386457 ], [ -70.9509102, 41.2374447 ], [ -70.9497353, 41.2370752 ], [ -70.9487562, 41.2371121 ], [ -70.948389, 41.2375186 ], [ -70.9488051, 41.2382762 ], [ -70.9535236, 41.2413077 ], [ -70.9540678, 41.2416573 ], [ -70.9554386, 41.2429321 ], [ -70.9556986, 41.2435099 ], [ -70.9558792, 41.2439113 ], [ -70.9559036, 41.24526 ], [ -70.9553162, 41.2471998 ], [ -70.9549245, 41.2482343 ], [ -70.9550225, 41.2493428 ], [ -70.9557813, 41.2496753 ], [ -70.9569317, 41.2496753 ], [ -70.9591592, 41.2491211 ], [ -70.9607257, 41.2487516 ], [ -70.9618028, 41.2485669 ], [ -70.9622691, 41.2486577 ], [ -70.9625616, 41.2487147 ], [ -70.9627084, 41.2493243 ], [ -70.9625759, 41.2495283 ], [ -70.9620965, 41.2502664 ], [ -70.9596487, 41.2530558 ], [ -70.9578619, 41.2561222 ], [ -70.957201, 41.2575445 ], [ -70.9568583, 41.2590222 ], [ -70.957715, 41.261331 ], [ -70.9586696, 41.2636951 ], [ -70.9591347, 41.2656713 ], [ -70.9584493, 41.2675182 ], [ -70.9572744, 41.2693834 ], [ -70.9541657, 41.2721905 ], [ -70.9535048, 41.2730954 ], [ -70.9529663, 41.2740187 ], [ -70.9530887, 41.2759577 ], [ -70.9527705, 41.2770656 ], [ -70.9512039, 41.2783397 ], [ -70.9499066, 41.2789491 ], [ -70.9481932, 41.2798354 ], [ -70.9463819, 41.2804263 ], [ -70.9442523, 41.2810356 ], [ -70.9435914, 41.281368 ], [ -70.9432487, 41.281885 ], [ -70.9432487, 41.2827528 ], [ -70.943469, 41.2834913 ], [ -70.944081, 41.2838791 ], [ -70.9449622, 41.283916 ], [ -70.9467245, 41.2837683 ], [ -70.9480219, 41.2837868 ], [ -70.9485848, 41.2841191 ], [ -70.9490022, 41.2847488 ], [ -70.9490499, 41.2848207 ], [ -70.9486093, 41.2853931 ], [ -70.9485409, 41.2854447 ], [ -70.9474833, 41.2862424 ], [ -70.9459168, 41.2869809 ], [ -70.9449377, 41.2876825 ], [ -70.9448642, 41.2884948 ], [ -70.945623, 41.2893072 ], [ -70.9484869, 41.2904518 ], [ -70.9493707, 41.2905875 ], [ -70.9538965, 41.2912826 ], [ -70.9610439, 41.2920949 ], [ -70.9653765, 41.292501 ], [ -70.9687544, 41.2928887 ], [ -70.9732583, 41.2929072 ], [ -70.9749472, 41.2927964 ], [ -70.9764159, 41.2921687 ], [ -70.9785944, 41.2905995 ], [ -70.9817765, 41.2884025 ], [ -70.985032, 41.2861131 ], [ -70.986781, 41.2849461 ], [ -70.9882141, 41.2839899 ], [ -70.9893156, 41.2826974 ], [ -70.9900642, 41.2812711 ], [ -70.9912248, 41.2790599 ], [ -70.9922039, 41.276844 ], [ -70.9923508, 41.2757176 ], [ -70.9917389, 41.2745727 ], [ -70.990001, 41.2734093 ], [ -70.9879938, 41.2716365 ], [ -70.9864028, 41.270196 ], [ -70.9856195, 41.2687186 ], [ -70.9852523, 41.2670195 ], [ -70.985546, 41.2656344 ], [ -70.9869902, 41.2645078 ], [ -70.9886057, 41.2636951 ], [ -70.9909066, 41.2634181 ], [ -70.9924487, 41.2633627 ], [ -70.9939174, 41.2636212 ], [ -70.9949454, 41.2641938 ], [ -70.9968302, 41.2657637 ], [ -70.9973932, 41.2686632 ], [ -70.9971729, 41.2707316 ], [ -70.997123, 41.2710242 ], [ -70.9968547, 41.2725968 ], [ -70.9973198, 41.2746466 ], [ -70.9982499, 41.2757545 ], [ -70.9994938, 41.2760776 ], [ -70.9997431, 41.2761423 ], [ -71.0025335, 41.2760685 ], [ -71.0048589, 41.2761977 ], [ -71.0064744, 41.2766594 ], [ -71.0065734, 41.2767844 ], [ -71.0076004, 41.2780812 ], [ -71.0080758, 41.2791042 ], [ -71.0082302, 41.2794364 ], [ -71.0084994, 41.2802485 ], [ -71.0087648, 41.2814056 ], [ -71.0090697, 41.283118 ], [ -71.009112, 41.2833553 ], [ -71.0096135, 41.2849557 ], [ -71.011311, 41.2860324 ], [ -71.0116659, 41.2861178 ], [ -71.0131241, 41.2864689 ], [ -71.0155159, 41.2869926 ], [ -71.0165423, 41.2874719 ], [ -71.0171362, 41.2877492 ], [ -71.0174497, 41.2884193 ], [ -71.0175991, 41.2887385 ], [ -71.0179849, 41.2906298 ], [ -71.0175594, 41.2933303 ], [ -71.0175219, 41.2935685 ], [ -71.0172133, 41.297438 ], [ -71.0175219, 41.2992999 ], [ -71.0182163, 41.3001436 ], [ -71.0201838, 41.3010164 ], [ -71.0236558, 41.3019473 ], [ -71.0266833, 41.3024828 ], [ -71.0267806, 41.3025 ], [ -71.0328372, 41.3027037 ], [ -71.0480451, 41.3024358 ], [ -71.0493484, 41.3024128 ], [ -71.0523575, 41.3019182 ], [ -71.0544793, 41.3010164 ], [ -71.0565239, 41.2999691 ], [ -71.0587228, 41.2979326 ], [ -71.0610374, 41.2947904 ], [ -71.0627734, 41.2927829 ], [ -71.0647795, 41.2915027 ], [ -71.0671713, 41.2908335 ], [ -71.0763913, 41.289786 ], [ -71.0808663, 41.2893786 ], [ -71.0820622, 41.2887967 ], [ -71.083181, 41.2877492 ], [ -71.08592, 41.2833844 ], [ -71.0876174, 41.2812601 ], [ -71.0890062, 41.2804453 ], [ -71.0915137, 41.2801833 ], [ -71.0938669, 41.2801833 ], [ -71.0958344, 41.2805908 ], [ -71.097146, 41.2810855 ], [ -71.0988049, 41.2826569 ], [ -71.1022769, 41.2862361 ], [ -71.1040514, 41.2874291 ], [ -71.1054016, 41.2878365 ], [ -71.1061346, 41.2878074 ], [ -71.1074827, 41.2873259 ], [ -71.1099027, 41.2860303 ], [ -71.1157317, 41.2832232 ], [ -71.1211444, 41.2822023 ], [ -71.1248917, 41.2818488 ], [ -71.1311371, 41.2809652 ], [ -71.1383818, 41.2792572 ], [ -71.1447989, 41.278138 ], [ -71.1472971, 41.2779023 ], [ -71.1573679, 41.2784322 ], [ -71.1622863, 41.2783731 ], [ -71.1647844, 41.2777841 ], [ -71.1655142, 41.2774743 ], [ -71.1672826, 41.2767238 ], [ -71.1697026, 41.2752514 ], [ -71.1722234, 41.2733981 ], [ -71.1780515, 41.2691132 ], [ -71.1815685, 41.2670639 ], [ -71.1840667, 41.2658269 ], [ -71.1856881, 41.2651353 ], [ -71.1898124, 41.2633762 ], [ -71.1928102, 41.2625277 ], [ -71.1990556, 41.2613494 ], [ -71.2039738, 41.260878 ], [ -71.2089639, 41.2608906 ], [ -71.21075, 41.2610903 ], [ -71.2124322, 41.2612783 ], [ -71.2133034, 41.2613757 ], [ -71.2149106, 41.2620124 ], [ -71.2158749, 41.2631948 ], [ -71.2159167, 41.263699 ], [ -71.2159553, 41.264165 ], [ -71.2156339, 41.2654989 ], [ -71.2148303, 41.2682274 ], [ -71.2135043, 41.2713802 ], [ -71.212098, 41.2725018 ], [ -71.2073969, 41.2772002 ], [ -71.2058299, 41.2806859 ], [ -71.2054281, 41.282656 ], [ -71.2058299, 41.2838987 ], [ -71.2067138, 41.2845655 ], [ -71.20808, 41.2846564 ], [ -71.2086419, 41.2846409 ], [ -71.2124596, 41.2845352 ], [ -71.2130104, 41.2845741 ], [ -71.2137454, 41.2846261 ], [ -71.2146293, 41.2843533 ], [ -71.2151517, 41.2838684 ], [ -71.2157544, 41.2828985 ], [ -71.2167589, 41.2824742 ], [ -71.2184465, 41.281868 ], [ -71.2194912, 41.2806556 ], [ -71.2198126, 41.2795645 ], [ -71.2206162, 41.2787764 ], [ -71.2217412, 41.2787461 ], [ -71.2229065, 41.2790492 ], [ -71.2243931, 41.279716 ], [ -71.2255182, 41.279716 ], [ -71.2284513, 41.2792917 ], [ -71.2327908, 41.2782308 ], [ -71.2368088, 41.2778368 ], [ -71.2396616, 41.2773215 ], [ -71.2420323, 41.2775033 ], [ -71.2450056, 41.2785642 ], [ -71.2459165, 41.2790542 ], [ -71.2463078, 41.2792647 ], [ -71.2501888, 41.2813527 ], [ -71.2520773, 41.2821711 ], [ -71.2537247, 41.2820196 ], [ -71.2582249, 41.280989 ], [ -71.2597116, 41.2806362 ], [ -71.265377, 41.2792917 ], [ -71.2680289, 41.2791098 ], [ -71.2697566, 41.2796554 ], [ -71.2709218, 41.2809587 ], [ -71.2719665, 41.282747 ], [ -71.2719735, 41.2827578 ], [ -71.2726496, 41.2838078 ], [ -71.2751408, 41.2853535 ], [ -71.2785963, 41.2865658 ], [ -71.2802035, 41.2870507 ], [ -71.2814491, 41.2868385 ], [ -71.2831366, 41.285899 ], [ -71.2851456, 41.2849292 ], [ -71.285668, 41.284323 ], [ -71.2854671, 41.2836259 ], [ -71.2844626, 41.2831107 ], [ -71.2828849, 41.2828898 ], [ -71.2805651, 41.2825651 ], [ -71.2779936, 41.2821105 ], [ -71.2768685, 41.2814134 ], [ -71.275864, 41.2804435 ], [ -71.2754622, 41.2792614 ], [ -71.2753015, 41.2780792 ], [ -71.2745782, 41.2768971 ], [ -71.2731318, 41.2755331 ], [ -71.2712835, 41.2743509 ], [ -71.2701068, 41.2734082 ], [ -71.2696817, 41.2729002 ], [ -71.266619, 41.26924 ], [ -71.2644426, 41.267261 ], [ -71.2632706, 41.266461 ], [ -71.2617081, 41.2662084 ], [ -71.2600269, 41.2660449 ], [ -71.2594659, 41.2659903 ], [ -71.2583318, 41.26588 ], [ -71.2526731, 41.2655768 ], [ -71.2504632, 41.264642 ], [ -71.2491238, 41.2634798 ], [ -71.2480189, 41.2614333 ], [ -71.247818, 41.2594373 ], [ -71.2483537, 41.2580224 ], [ -71.2489353, 41.2569163 ], [ -71.2491908, 41.2564305 ], [ -71.2495926, 41.2550155 ], [ -71.2494954, 41.2536436 ], [ -71.2485642, 41.2524008 ], [ -71.2471392, 41.2512545 ], [ -71.2455172, 41.2499497 ], [ -71.2452497, 41.2497066 ], [ -71.2438765, 41.2484587 ], [ -71.2425372, 41.2468414 ], [ -71.2403607, 41.2450471 ], [ -71.2399255, 41.2439856 ], [ -71.2400929, 41.2433033 ], [ -71.2415662, 41.2421407 ], [ -71.2432068, 41.2419385 ], [ -71.2449145, 41.2422671 ], [ -71.2502049, 41.2439604 ], [ -71.2528166, 41.2448196 ], [ -71.2532577, 41.2450073 ], [ -71.2534531, 41.2450904 ], [ -71.2546582, 41.245603 ], [ -71.2555288, 41.2464117 ], [ -71.2570021, 41.2474731 ], [ -71.2607857, 41.2489641 ], [ -71.2617143, 41.2497435 ], [ -71.2635838, 41.2513649 ], [ -71.2650069, 41.2519756 ], [ -71.266123, 41.2521862 ], [ -71.2692481, 41.2524389 ], [ -71.2700015, 41.2527758 ], [ -71.2706589, 41.2533314 ], [ -71.271745, 41.2541511 ], [ -71.2717678, 41.2541683 ], [ -71.2741304, 41.2546777 ], [ -71.2751912, 41.2547869 ], [ -71.2786917, 41.2545831 ], [ -71.2819318, 41.2551944 ], [ -71.2875442, 41.2568099 ], [ -71.2902636, 41.2570719 ], [ -71.2926358, 41.2564606 ], [ -71.2937352, 41.2550634 ], [ -71.2939666, 41.2530112 ], [ -71.2934234, 41.2499412 ], [ -71.2925796, 41.2490315 ], [ -71.2916956, 41.2487586 ], [ -71.2906911, 41.2488192 ], [ -71.2880794, 41.2496986 ], [ -71.2855882, 41.2502748 ], [ -71.2840614, 41.2508206 ], [ -71.2825747, 41.2510329 ], [ -71.2816104, 41.2507903 ], [ -71.2811282, 41.2501535 ], [ -71.2808068, 41.2492438 ], [ -71.2798826, 41.2486676 ], [ -71.2780344, 41.2483037 ], [ -71.2778471, 41.2482677 ], [ -71.2759852, 41.2479095 ], [ -71.2723689, 41.2479398 ], [ -71.2713243, 41.2476972 ], [ -71.2709626, 41.247212 ], [ -71.2712841, 41.2468178 ], [ -71.2730118, 41.2464539 ], [ -71.275503, 41.2463326 ], [ -71.2773513, 41.2461809 ], [ -71.2786041, 41.245859 ], [ -71.2793392, 41.2455007 ], [ -71.2799211, 41.2450037 ], [ -71.2801341, 41.2440714 ], [ -71.2799489, 41.2427931 ], [ -71.2805046, 41.2419942 ], [ -71.281272, 41.2416547 ], [ -71.2826744, 41.2411154 ], [ -71.2842092, 41.2407958 ], [ -71.2872522, 41.239897 ], [ -71.2906393, 41.2379196 ], [ -71.2924652, 41.2376 ], [ -71.2928885, 41.23762 ], [ -71.2933119, 41.2385987 ], [ -71.2938941, 41.239877 ], [ -71.2938412, 41.2412352 ], [ -71.2933119, 41.2424736 ], [ -71.2912744, 41.2444708 ], [ -71.2909833, 41.2455294 ], [ -71.2917507, 41.2459887 ], [ -71.2926768, 41.2460486 ], [ -71.2939735, 41.2460486 ], [ -71.2958258, 41.2453296 ], [ -71.2995039, 41.2445707 ], [ -71.3001125, 41.2442711 ], [ -71.3005624, 41.2433524 ], [ -71.3004036, 41.2422938 ], [ -71.2994774, 41.2395974 ], [ -71.2983661, 41.2372405 ], [ -71.2964079, 41.2361019 ], [ -71.2953759, 41.2343641 ], [ -71.2942514, 41.2322997 ], [ -71.2942116, 41.2322267 ], [ -71.2945821, 41.2312279 ], [ -71.295323, 41.2297296 ], [ -71.2966461, 41.2274722 ], [ -71.298763, 41.223996 ], [ -71.3010916, 41.22018 ], [ -71.3016473, 41.2185216 ], [ -71.3019913, 41.2167234 ], [ -71.3014885, 41.2155046 ], [ -71.3010124, 41.2149894 ], [ -71.2989218, 41.2127271 ], [ -71.2973605, 41.2109487 ], [ -71.2965931, 41.2091502 ], [ -71.2960904, 41.2075715 ], [ -71.2960639, 41.2045739 ], [ -71.2964873, 41.2040343 ], [ -71.2978633, 41.2028153 ], [ -71.3001125, 41.2010965 ], [ -71.3006926, 41.1999253 ], [ -71.3008831, 41.1980546 ], [ -71.3012641, 41.1932481 ], [ -71.30195, 41.1918665 ], [ -71.3037028, 41.1908878 ], [ -71.307056, 41.1901682 ], [ -71.3117048, 41.1897077 ], [ -71.3152104, 41.1893047 ], [ -71.3275181, 41.1870883 ], [ -71.3305284, 41.1866277 ], [ -71.3326241, 41.1857929 ], [ -71.334758, 41.1839794 ], [ -71.3382255, 41.1802945 ], [ -71.3427981, 41.1764943 ], [ -71.3477897, 41.1723484 ], [ -71.3498474, 41.1699586 ], [ -71.3518288, 41.1661002 ], [ -71.3521874, 41.1630291 ], [ -71.3524004, 41.1612049 ], [ -71.3522501, 41.1567732 ], [ -71.3520649, 41.1520932 ], [ -71.3510858, 41.1474329 ], [ -71.3500803, 41.1443325 ], [ -71.3474341, 41.1407719 ], [ -71.344735, 41.137331 ], [ -71.3433855, 41.1360307 ], [ -71.3417978, 41.13383 ], [ -71.340951, 41.1314692 ], [ -71.3407658, 41.1295686 ], [ -71.3401307, 41.1272476 ], [ -71.3389135, 41.1255069 ], [ -71.3366643, 41.1228456 ], [ -71.3362144, 41.1212849 ], [ -71.3362938, 41.119684 ], [ -71.3368231, 41.1187835 ], [ -71.3378286, 41.1182432 ], [ -71.3404218, 41.1166824 ], [ -71.3451584, 41.1148012 ], [ -71.3471695, 41.1136605 ], [ -71.3507418, 41.1115792 ], [ -71.3551344, 41.1085171 ], [ -71.358495, 41.1061354 ], [ -71.3609295, 41.1045342 ], [ -71.3647928, 41.1022924 ], [ -71.3703233, 41.0999906 ], [ -71.3743454, 41.0989897 ], [ -71.3827073, 41.0977086 ], [ -71.3872851, 41.0975485 ], [ -71.3901165, 41.0975485 ], [ -71.3926303, 41.0982291 ], [ -71.3945355, 41.0989497 ], [ -71.3957792, 41.0999906 ], [ -71.3976844, 41.1021523 ], [ -71.3999337, 41.1054349 ], [ -71.4017331, 41.1063556 ], [ -71.4023681, 41.1063155 ], [ -71.4026327, 41.1060553 ], [ -71.403162, 41.1050546 ], [ -71.4036647, 41.1028529 ], [ -71.4054906, 41.0966877 ], [ -71.4067607, 41.0910024 ], [ -71.407634, 41.084716 ], [ -71.4082426, 41.0789896 ], [ -71.4085337, 41.0739636 ], [ -71.408613, 41.0677757 ], [ -71.4094863, 41.0645313 ], [ -71.4108887, 41.0615672 ], [ -71.4119736, 41.0606659 ], [ -71.413773, 41.0601251 ], [ -71.4177158, 41.0595643 ], [ -71.4222936, 41.0594641 ], [ -71.4236961, 41.0597646 ], [ -71.4245164, 41.0603855 ], [ -71.4252308, 41.0615071 ], [ -71.4257865, 41.0639105 ], [ -71.4257601, 41.0674553 ], [ -71.4264216, 41.0709799 ], [ -71.427189, 41.0723216 ], [ -71.4281945, 41.0727421 ], [ -71.4292795, 41.0727221 ], [ -71.4304173, 41.0723416 ], [ -71.4329047, 41.0715606 ], [ -71.4414517, 41.0689172 ], [ -71.4490462, 41.067235 ], [ -71.4621446, 41.0655127 ], [ -71.4697655, 41.0642309 ], [ -71.475984, 41.0632495 ], [ -71.4826522, 41.0619477 ], [ -71.4872036, 41.0607059 ], [ -71.4906436, 41.0590435 ], [ -71.4942424, 41.0575814 ], [ -71.4957143, 41.0572856 ], [ -71.4972325, 41.0569805 ], [ -71.5004608, 41.0568603 ], [ -71.5039273, 41.0574211 ], [ -71.5060971, 41.0572609 ], [ -71.5122891, 41.0552579 ], [ -71.5147236, 41.0548773 ], [ -71.5164171, 41.0554582 ], [ -71.5213125, 41.0577416 ], [ -71.52335, 41.0582423 ], [ -71.5270546, 41.0585228 ], [ -71.5343315, 41.0587431 ], [ -71.5390152, 41.0593239 ], [ -71.5416613, 41.0602052 ], [ -71.5453924, 41.0617675 ], [ -71.5476681, 41.062889 ], [ -71.5504995, 41.0645513 ], [ -71.5527487, 41.0664539 ], [ -71.5551038, 41.0691375 ], [ -71.5580675, 41.0719211 ], [ -71.5593641, 41.0728222 ], [ -71.5627776, 41.0741839 ], [ -71.5661117, 41.0752452 ], [ -71.5706102, 41.0765267 ], [ -71.5741825, 41.0776881 ], [ -71.5793689, 41.0791098 ], [ -71.5880748, 41.0812522 ], [ -71.5940021, 41.0826137 ], [ -71.6011997, 41.0841554 ], [ -71.6083707, 41.0854568 ], [ -71.6143245, 41.0863578 ], [ -71.6201725, 41.0866781 ], [ -71.6241418, 41.0860374 ], [ -71.6314187, 41.0843556 ], [ -71.6368697, 41.0839152 ], [ -71.6427177, 41.0845358 ], [ -71.6497565, 41.0858772 ], [ -71.6572451, 41.0871986 ], [ -71.6607115, 41.0871986 ], [ -71.6621669, 41.0867381 ], [ -71.6630401, 41.0859173 ], [ -71.6633047, 41.0848962 ], [ -71.6625638, 41.083755 ], [ -71.6608967, 41.081993 ], [ -71.6575361, 41.0792299 ], [ -71.655922, 41.0766068 ], [ -71.6560014, 41.0751451 ], [ -71.6561425, 41.0741706 ], [ -71.657201, 41.0735364 ], [ -71.6599794, 41.0725519 ], [ -71.6625815, 41.0716007 ], [ -71.6636399, 41.0711167 ], [ -71.6640809, 41.0701154 ], [ -71.6643235, 41.0688137 ], [ -71.664125, 41.0658765 ], [ -71.6630886, 41.0642576 ], [ -71.6612363, 41.0617541 ], [ -71.6582153, 41.0589667 ], [ -71.655922, 41.0564297 ], [ -71.654202, 41.0540093 ], [ -71.653783, 41.0518059 ], [ -71.6543563, 41.0504537 ], [ -71.6554148, 41.0498862 ], [ -71.6566276, 41.049569 ], [ -71.6582374, 41.049569 ], [ -71.661104, 41.0497693 ], [ -71.6661758, 41.0515889 ], [ -71.6744009, 41.0556118 ], [ -71.677444, 41.0570472 ], [ -71.6824055, 41.0595509 ], [ -71.6859778, 41.061704 ], [ -71.689484, 41.0640073 ], [ -71.6947322, 41.0684132 ], [ -71.6988998, 41.0731693 ], [ -71.7021097, 41.0772769 ], [ -71.7055391, 41.081746 ], [ -71.7081303, 41.084658 ], [ -71.7116185, 41.0886529 ], [ -71.7135873, 41.0902866 ], [ -71.7163816, 41.0926408 ], [ -71.7177788, 41.094947 ], [ -71.7210812, 41.10076 ], [ -71.7271461, 41.0997992 ], [ -71.7270447, 41.0979846 ], [ -71.7264934, 41.092841 ], [ -71.7255746, 41.0897686 ], [ -71.7248014, 41.087321 ], [ -71.723989, 41.0829838 ], [ -71.7232341, 41.0788071 ], [ -71.7229024, 41.0771538 ], [ -71.7226687, 41.0755652 ], [ -71.7208344, 41.0694884 ], [ -71.7177365, 41.0643981 ], [ -71.7160653, 41.0618375 ], [ -71.7150463, 41.058999 ], [ -71.7141087, 41.0564998 ], [ -71.7137011, 41.0513777 ], [ -71.713375, 41.0481994 ], [ -71.7138234, 41.0454838 ], [ -71.7153723, 41.037614 ], [ -71.71578, 41.035577 ], [ -71.7152501, 41.0341572 ], [ -71.713375, 41.0320583 ], [ -71.7115407, 41.0299903 ], [ -71.7108886, 41.028879 ], [ -71.7109293, 41.0273665 ], [ -71.7132935, 41.0248352 ], [ -71.7148424, 41.0233535 ], [ -71.7188371, 41.0192167 ], [ -71.7249514, 41.0155119 ], [ -71.7316363, 41.0121157 ], [ -71.7342379, 41.0106321 ], [ -71.7367147, 41.0082913 ], [ -71.7413938, 41.0023243 ], [ -71.7447227, 40.9979494 ], [ -71.7470665, 40.9949383 ], [ -71.7491385, 40.9929308 ], [ -71.7516522, 40.9915925 ], [ -71.7552868, 40.99046 ], [ -71.7592271, 40.9890444 ], [ -71.7632013, 40.9864447 ], [ -71.7646959, 40.9850548 ], [ -71.7660207, 40.9816312 ], [ -71.7677191, 40.9783877 ], [ -71.7709121, 40.975144 ], [ -71.7755997, 40.9714624 ], [ -71.7796419, 40.969171 ], [ -71.7821895, 40.9683729 ], [ -71.784839, 40.9679094 ], [ -71.7915647, 40.9686303 ], [ -71.7943501, 40.9689136 ], [ -71.7968977, 40.9683471 ], [ -71.7980866, 40.9677035 ], [ -71.8009399, 40.9654892 ], [ -71.8032011, 40.9637538 ], [ -71.8065808, 40.96105 ], [ -71.8098222, 40.9584569 ], [ -71.8173, 40.9523812 ], [ -71.8224411, 40.9488759 ], [ -71.8270368, 40.9477075 ], [ -71.8292958, 40.9463833 ], [ -71.8312265, 40.943798 ], [ -71.8341453, 40.9413502 ], [ -71.8356935, 40.9389173 ], [ -71.8358664, 40.9378799 ], [ -71.8363571, 40.9349361 ], [ -71.8365783, 40.9320609 ], [ -71.8390112, 40.9291856 ], [ -71.8423288, 40.9254256 ], [ -71.8443194, 40.9238773 ], [ -71.8458676, 40.9210021 ], [ -71.8509547, 40.9139244 ], [ -71.8549359, 40.9077315 ], [ -71.8598017, 40.903308 ], [ -71.8628982, 40.9006539 ], [ -71.8653311, 40.8984421 ], [ -71.8668794, 40.8951245 ], [ -71.8690911, 40.8926915 ], [ -71.8715241, 40.8864986 ], [ -71.8758566, 40.8785424 ], [ -71.8793209, 40.8744182 ], [ -71.8813005, 40.8716138 ], [ -71.8855897, 40.8678195 ], [ -71.8887241, 40.865675 ], [ -71.8916935, 40.8643552 ], [ -71.8949928, 40.8633654 ], [ -71.9000329, 40.8620966 ], [ -71.9050172, 40.8610971 ], [ -71.9099074, 40.8597405 ], [ -71.9132929, 40.8579555 ], [ -71.9167725, 40.856813 ], [ -71.9205342, 40.8567416 ], [ -71.9234495, 40.8573842 ], [ -71.9255184, 40.8584553 ], [ -71.929092, 40.8603831 ], [ -71.9322895, 40.8617396 ], [ -71.935769, 40.8622394 ], [ -71.9400289, 40.8628705 ], [ -71.9438232, 40.8633654 ], [ -71.9486072, 40.8641902 ], [ -71.9532263, 40.8651801 ], [ -71.9619696, 40.8668297 ], [ -71.9654339, 40.8674896 ], [ -71.9743421, 40.8694692 ], [ -71.993137, 40.873703 ], [ -71.9952906, 40.8741881 ], [ -72.0, 40.8744382 ], [ -72.0, 40.8708543 ], [ -72.0, 40.8 ], [ -71.974212, 40.8 ], [ -71.9730725, 40.8 ], [ -71.9730557, 40.8 ] ], [ [ -71.5473823, 41.0310682 ], [ -71.5505283, 41.0312704 ], [ -71.5525495, 41.0311404 ], [ -71.5535219, 41.0307795 ], [ -71.5547231, 41.0298987 ], [ -71.5558557, 41.0287378 ], [ -71.5567772, 41.0273855 ], [ -71.5573925, 41.0255814 ], [ -71.557259, 41.0241951 ], [ -71.5571828, 41.0235886 ], [ -71.5566108, 41.0220869 ], [ -71.5554858, 41.0206572 ], [ -71.5541892, 41.0193864 ], [ -71.5514245, 41.0186788 ], [ -71.5495178, 41.0186355 ], [ -71.5471916, 41.0186932 ], [ -71.5444459, 41.0193287 ], [ -71.5420053, 41.0208738 ], [ -71.5407088, 41.0228089 ], [ -71.5399842, 41.0258557 ], [ -71.5403274, 41.0269676 ], [ -71.5415477, 41.0284115 ], [ -71.5448273, 41.0304474 ], [ -71.5473823, 41.0310682 ] ], [ [ -71.6180582, 41.0310769 ], [ -71.619431, 41.0306264 ], [ -71.6211471, 41.0304531 ], [ -71.6238927, 41.0302799 ], [ -71.6254029, 41.0303838 ], [ -71.6271647, 41.0308516 ], [ -71.6279655, 41.0310595 ], [ -71.6282269, 41.0311614 ], [ -71.6296766, 41.0318351 ], [ -71.6307309, 41.0332322 ], [ -71.6314228, 41.0352032 ], [ -71.6312383, 41.0372988 ], [ -71.6304871, 41.0394841 ], [ -71.6288661, 41.0417592 ], [ -71.627245, 41.042777 ], [ -71.6259062, 41.0431175 ], [ -71.6247164, 41.0433427 ], [ -71.6220394, 41.0433427 ], [ -71.6197056, 41.0430655 ], [ -71.6168913, 41.0420435 ], [ -71.6157701, 41.0412293 ], [ -71.6146719, 41.0396875 ], [ -71.6143058, 41.0381976 ], [ -71.6143058, 41.0355296 ], [ -71.6151066, 41.0333466 ], [ -71.6164794, 41.0318912 ], [ -71.6180582, 41.0310769 ] ], [ [ -71.2009721, 41.2115764 ], [ -71.2006925, 41.2117876 ], [ -71.1963208, 41.216504 ], [ -71.1943693, 41.2183315 ], [ -71.1937272, 41.2191127 ], [ -71.1933175, 41.2199276 ], [ -71.1931468, 41.2206414 ], [ -71.193303, 41.2225276 ], [ -71.1939275, 41.2234707 ], [ -71.1951767, 41.2242959 ], [ -71.1965555, 41.2245796 ], [ -71.1975547, 41.2245796 ], [ -71.2057154, 41.2226539 ], [ -71.2096708, 41.2211605 ], [ -71.2159563, 41.2184521 ], [ -71.2174552, 41.2180276 ], [ -71.2237228, 41.2148526 ], [ -71.2260648, 41.2131428 ], [ -71.2304364, 41.2096054 ], [ -71.2315359, 41.2082768 ], [ -71.2366365, 41.2043927 ], [ -71.2367597, 41.2042989 ], [ -71.2391798, 41.2028248 ], [ -71.2430173, 41.2007796 ], [ -71.2437076, 41.2001713 ], [ -71.2452689, 41.1994342 ], [ -71.2458149, 41.1992452 ], [ -71.2518265, 41.1971638 ], [ -71.2573693, 41.1954536 ], [ -71.2610092, 41.1938363 ], [ -71.2738286, 41.1875638 ], [ -71.2756369, 41.1865481 ], [ -71.2778227, 41.1847786 ], [ -71.2788317, 41.1842347 ], [ -71.2800995, 41.1830247 ], [ -71.2801138, 41.1830111 ], [ -71.2805198, 41.1826235 ], [ -71.2846767, 41.1786562 ], [ -71.2893763, 41.1754 ], [ -71.2945784, 41.171251 ], [ -71.297765, 41.1681638 ], [ -71.3012785, 41.1647678 ], [ -71.3120233, 41.1544553 ], [ -71.3130941, 41.153189 ], [ -71.3169072, 41.1487886 ], [ -71.3213671, 41.1443364 ], [ -71.3240908, 41.1407847 ], [ -71.3255618, 41.1373001 ], [ -71.3256228, 41.1371556 ], [ -71.3270868, 41.1333977 ], [ -71.3273932, 41.1282751 ], [ -71.3283124, 41.1261127 ], [ -71.3315808, 41.1212728 ], [ -71.3351896, 41.1160978 ], [ -71.3386282, 41.1129309 ], [ -71.3424072, 41.109635 ], [ -71.3465948, 41.1068539 ], [ -71.3567744, 41.099566 ], [ -71.364026, 41.0935909 ], [ -71.368405, 41.0894093 ], [ -71.3706925, 41.0862045 ], [ -71.3739552, 41.0814174 ], [ -71.3756574, 41.0774888 ], [ -71.377076, 41.0716276 ], [ -71.3791471, 41.0663456 ], [ -71.3812466, 41.0609773 ], [ -71.3831191, 41.056532 ], [ -71.3832042, 41.0537616 ], [ -71.3829205, 41.0494232 ], [ -71.3836581, 41.0475545 ], [ -71.3856725, 41.0439246 ], [ -71.3859489, 41.041225 ], [ -71.3859562, 41.0411536 ], [ -71.3854455, 41.0393922 ], [ -71.3847079, 41.0387907 ], [ -71.3835163, 41.0385544 ], [ -71.3826084, 41.0388122 ], [ -71.3805089, 41.039607 ], [ -71.3785229, 41.0411107 ], [ -71.3784913, 41.041225 ], [ -71.3782676, 41.0420343 ], [ -71.3779555, 41.0450415 ], [ -71.3777285, 41.0459651 ], [ -71.3772462, 41.0466739 ], [ -71.3752603, 41.0477479 ], [ -71.3718557, 41.0501964 ], [ -71.371345, 41.0510769 ], [ -71.3707492, 41.0557159 ], [ -71.3699548, 41.0600109 ], [ -71.3691037, 41.0623301 ], [ -71.3672028, 41.0663671 ], [ -71.3639402, 41.0712196 ], [ -71.3614151, 41.0745905 ], [ -71.3588617, 41.0771453 ], [ -71.3569608, 41.078047 ], [ -71.3546628, 41.0795498 ], [ -71.3525066, 41.0818468 ], [ -71.3511731, 41.083693 ], [ -71.3498964, 41.084938 ], [ -71.3482044, 41.0872683 ], [ -71.3456037, 41.0892668 ], [ -71.3362144, 41.0961031 ], [ -71.3284423, 41.1023016 ], [ -71.3258416, 41.1051034 ], [ -71.3234445, 41.1078826 ], [ -71.3212609, 41.1100185 ], [ -71.3195068, 41.1109395 ], [ -71.3164968, 41.1116432 ], [ -71.3127479, 41.1123261 ], [ -71.3103672, 41.1126469 ], [ -71.3086843, 41.1126676 ], [ -71.3078223, 41.1125434 ], [ -71.3065909, 41.1122433 ], [ -71.305168, 41.1116328 ], [ -71.3038408, 41.1107946 ], [ -71.3022948, 41.109439 ], [ -71.3018022, 41.1086836 ], [ -71.3015422, 41.1067588 ], [ -71.3013172, 41.1048123 ], [ -71.3011372, 41.1031523 ], [ -71.3007287, 41.1016586 ], [ -71.2993328, 41.0954004 ], [ -71.299435, 41.0921809 ], [ -71.3000011, 41.0881349 ], [ -71.2999775, 41.0843426 ], [ -71.3003791, 41.0820146 ], [ -71.3001908, 41.0817866 ], [ -71.2996234, 41.0805038 ], [ -71.2980866, 41.0803379 ], [ -71.2976434, 41.0802901 ], [ -71.2976351, 41.0802927 ], [ -71.2975881, 41.0803072 ], [ -71.2942776, 41.0813337 ], [ -71.2932268, 41.0817809 ], [ -71.2925745, 41.0823675 ], [ -71.2922002, 41.0846036 ], [ -71.2918259, 41.0888371 ], [ -71.2918062, 41.0911177 ], [ -71.2916379, 41.0924182 ], [ -71.2914141, 41.0941473 ], [ -71.2912545, 41.0953806 ], [ -71.2909451, 41.0968525 ], [ -71.291186, 41.0985229 ], [ -71.291971, 41.1000667 ], [ -71.2919946, 41.1026241 ], [ -71.2920251, 41.1048928 ], [ -71.2920419, 41.1061471 ], [ -71.2931058, 41.109813 ], [ -71.2940752, 41.1148554 ], [ -71.293886, 41.1188605 ], [ -71.2931768, 41.1225078 ], [ -71.2915218, 41.1264945 ], [ -71.2891811, 41.1296408 ], [ -71.2882118, 41.1308921 ], [ -71.2875734, 41.1314642 ], [ -71.286797, 41.1319205 ], [ -71.2850195, 41.1332966 ], [ -71.2828404, 41.1347692 ], [ -71.2811849, 41.1361449 ], [ -71.2795825, 41.1369022 ], [ -71.2790571, 41.1371505 ], [ -71.2782104, 41.1375507 ], [ -71.2735764, 41.1390879 ], [ -71.2722855, 41.1396626 ], [ -71.2649109, 41.1444947 ], [ -71.2636902, 41.1449561 ], [ -71.2613482, 41.1464315 ], [ -71.2590062, 41.1476709 ], [ -71.2568204, 41.1492053 ], [ -71.2540882, 41.1515658 ], [ -71.2528391, 41.152982 ], [ -71.2522928, 41.1548702 ], [ -71.2520197, 41.1574665 ], [ -71.2525271, 41.1586465 ], [ -71.2536202, 41.1605345 ], [ -71.2570554, 41.1652543 ], [ -71.2576801, 41.1671422 ], [ -71.257446, 41.16903 ], [ -71.2571338, 41.1699738 ], [ -71.2559629, 41.1718616 ], [ -71.2544016, 41.1737493 ], [ -71.2515132, 41.1763448 ], [ -71.2479222, 41.1790583 ], [ -71.2455022, 41.1805329 ], [ -71.2393349, 41.1837772 ], [ -71.2344167, 41.1866082 ], [ -71.2319966, 41.1882007 ], [ -71.2287179, 41.1907367 ], [ -71.2276611, 41.1918012 ], [ -71.2187256, 41.1982852 ], [ -71.2116996, 41.2029436 ], [ -71.2095139, 41.2047714 ], [ -71.2083428, 41.2055379 ], [ -71.2048299, 41.2083092 ], [ -71.2029564, 41.2100779 ], [ -71.2009721, 41.2115764 ] ], [ [ -71.3854157, 41.0538239 ], [ -71.3845948, 41.053481 ], [ -71.384057, 41.0525168 ], [ -71.3839438, 41.0505025 ], [ -71.3845099, 41.048381 ], [ -71.3852459, 41.0470309 ], [ -71.3867745, 41.0464094 ], [ -71.3889824, 41.046088 ], [ -71.3902562, 41.0459594 ], [ -71.3910193, 41.0458802 ], [ -71.3930342, 41.0458926 ], [ -71.3948985, 41.0461308 ], [ -71.3967101, 41.0466023 ], [ -71.3978424, 41.0473095 ], [ -71.3980689, 41.048531 ], [ -71.3983236, 41.0502239 ], [ -71.397531, 41.0522168 ], [ -71.3968234, 41.0533096 ], [ -71.3960308, 41.053781 ], [ -71.3906525, 41.0538453 ], [ -71.3870858, 41.0538667 ], [ -71.3854157, 41.0538239 ] ], [ [ -71.3885778, 41.0908209 ], [ -71.3855112, 41.0905532 ], [ -71.3822087, 41.0900892 ], [ -71.3798498, 41.0898215 ], [ -71.3786468, 41.0891076 ], [ -71.3783402, 41.0877513 ], [ -71.378293, 41.0863056 ], [ -71.378175, 41.0832179 ], [ -71.3784345, 41.0814866 ], [ -71.3804632, 41.0789699 ], [ -71.3837184, 41.0770064 ], [ -71.387186, 41.0752927 ], [ -71.3903234, 41.0739718 ], [ -71.3923992, 41.0733292 ], [ -71.3949468, 41.0728472 ], [ -71.3971642, 41.0727401 ], [ -71.3986503, 41.0726508 ], [ -71.4003251, 41.0727758 ], [ -71.4019527, 41.0733113 ], [ -71.4030191, 41.0738073 ], [ -71.4047392, 41.0752701 ], [ -71.4051979, 41.0764725 ], [ -71.4045003, 41.0801479 ], [ -71.4032501, 41.0834321 ], [ -71.4019291, 41.0859308 ], [ -71.4010563, 41.0874836 ], [ -71.3977539, 41.0892504 ], [ -71.3936258, 41.0906067 ], [ -71.3915736, 41.0909101 ], [ -71.3885778, 41.0908209 ] ], [ [ -71.2441016, 41.2286804 ], [ -71.2463633, 41.2275253 ], [ -71.2480287, 41.2270537 ], [ -71.2526087, 41.2264052 ], [ -71.2588542, 41.2257567 ], [ -71.2670044, 41.2237052 ], [ -71.2681973, 41.223487 ], [ -71.2690029, 41.2233397 ], [ -71.27025, 41.2232013 ], [ -71.2720041, 41.2226626 ], [ -71.272728, 41.2223138 ], [ -71.2742284, 41.2215908 ], [ -71.2766635, 41.2192401 ], [ -71.2794378, 41.2158419 ], [ -71.2799618, 41.2148875 ], [ -71.2803317, 41.210558 ], [ -71.28064, 41.2088354 ], [ -71.2812873, 41.2084862 ], [ -71.2823662, 41.2084629 ], [ -71.2836916, 41.2085095 ], [ -71.2850479, 41.2089052 ], [ -71.2865275, 41.2097665 ], [ -71.2871749, 41.2104882 ], [ -71.2870207, 41.212653 ], [ -71.2868974, 41.2137237 ], [ -71.2855723, 41.2189877 ], [ -71.2854795, 41.2193565 ], [ -71.2849246, 41.2227312 ], [ -71.284339, 41.2249887 ], [ -71.2823292, 41.2268691 ], [ -71.2781029, 41.2287268 ], [ -71.2728626, 41.2308794 ], [ -71.2634943, 41.2352872 ], [ -71.2582302, 41.2378975 ], [ -71.2557321, 41.2388405 ], [ -71.254483, 41.2391941 ], [ -71.2507357, 41.2396067 ], [ -71.248706, 41.2396657 ], [ -71.2449587, 41.2400194 ], [ -71.2435534, 41.2399016 ], [ -71.2410552, 41.2393123 ], [ -71.2398061, 41.2386052 ], [ -71.2388692, 41.2375445 ], [ -71.2385569, 41.2363659 ], [ -71.2385568, 41.2353051 ], [ -71.238869, 41.2343621 ], [ -71.2396609, 41.2329957 ], [ -71.239962, 41.2324762 ], [ -71.2406645, 41.2315332 ], [ -71.2419598, 41.2302814 ], [ -71.2426161, 41.2296471 ], [ -71.243709, 41.2288809 ], [ -71.2441016, 41.2286804 ] ], [ [ -71.1395655, 41.2245813 ], [ -71.1331639, 41.2245814 ], [ -71.1306657, 41.2242868 ], [ -71.1281675, 41.2236386 ], [ -71.1269184, 41.223167 ], [ -71.1256693, 41.2223418 ], [ -71.124316, 41.2208093 ], [ -71.1217655, 41.2150324 ], [ -71.1207764, 41.2120455 ], [ -71.1202036, 41.2051278 ], [ -71.1203596, 41.2031231 ], [ -71.1213742, 41.1979342 ], [ -71.122311, 41.1960473 ], [ -71.1247017, 41.1931576 ], [ -71.1261361, 41.1919192 ], [ -71.1272291, 41.1912115 ], [ -71.1297271, 41.1900319 ], [ -71.1308201, 41.1893832 ], [ -71.1327717, 41.1876728 ], [ -71.1350355, 41.1849598 ], [ -71.1361285, 41.184016 ], [ -71.1373002, 41.1831174 ], [ -71.1387054, 41.1825276 ], [ -71.1399545, 41.1824096 ], [ -71.1413195, 41.1827196 ], [ -71.1421003, 41.1835453 ], [ -71.142452, 41.1845467 ], [ -71.1427823, 41.1861435 ], [ -71.1428424, 41.186434 ], [ -71.1431549, 41.1902084 ], [ -71.1429989, 41.1920956 ], [ -71.1430771, 41.1939826 ], [ -71.1434675, 41.1949852 ], [ -71.144014, 41.1958697 ], [ -71.1458096, 41.1977566 ], [ -71.1482298, 41.1991128 ], [ -71.1507281, 41.2000562 ], [ -71.1532264, 41.2013533 ], [ -71.1543194, 41.2021787 ], [ -71.1561931, 41.2039475 ], [ -71.1586132, 41.2054215 ], [ -71.1623606, 41.2068954 ], [ -71.1632975, 41.2079566 ], [ -71.1633756, 41.208841 ], [ -71.1628293, 41.2107276 ], [ -71.1612978, 41.2135687 ], [ -71.1584578, 41.2173303 ], [ -71.1538631, 41.2216926 ], [ -71.1512757, 41.2228716 ], [ -71.1487776, 41.2236379 ], [ -71.1395655, 41.2245813 ] ], [ [ -71.2163037, 41.1648425 ], [ -71.2150929, 41.1643395 ], [ -71.2136877, 41.1643395 ], [ -71.2122825, 41.1648116 ], [ -71.2113457, 41.1655196 ], [ -71.2106829, 41.1665536 ], [ -71.2099804, 41.1684415 ], [ -71.2088096, 41.1741046 ], [ -71.2089659, 41.1761102 ], [ -71.2095124, 41.177172 ], [ -71.2102931, 41.1782336 ], [ -71.2115423, 41.1788825 ], [ -71.2140405, 41.1794132 ], [ -71.2153676, 41.1794721 ], [ -71.2178658, 41.1792951 ], [ -71.220364, 41.179295 ], [ -71.2224719, 41.1788231 ], [ -71.2234086, 41.1778793 ], [ -71.2237989, 41.1768766 ], [ -71.2237208, 41.174989 ], [ -71.2231742, 41.1731014 ], [ -71.2227057, 41.1721576 ], [ -71.2210661, 41.1703289 ], [ -71.2185678, 41.1666124 ], [ -71.2163037, 41.1648425 ] ], [ [ -71.1974975, 41.1500456 ], [ -71.1996168, 41.1515242 ], [ -71.2006026, 41.1534956 ], [ -71.2003561, 41.1559106 ], [ -71.1986311, 41.1575864 ], [ -71.1961175, 41.1585228 ], [ -71.1939489, 41.15872 ], [ -71.1922732, 41.15872 ], [ -71.1894146, 41.1586214 ], [ -71.1876896, 41.1575371 ], [ -71.1863589, 41.1556642 ], [ -71.1861124, 41.1535942 ], [ -71.1875417, 41.150982 ], [ -71.1902032, 41.1494542 ], [ -71.1942447, 41.1490599 ], [ -71.1974975, 41.1500456 ] ], [ [ -71.2740042, 41.0747715 ], [ -71.2715926, 41.0750935 ], [ -71.2694421, 41.0753018 ], [ -71.2673922, 41.0771116 ], [ -71.2669965, 41.0789794 ], [ -71.267307, 41.0810071 ], [ -71.2675356, 41.0825001 ], [ -71.2681597, 41.0831441 ], [ -71.2688395, 41.0837876 ], [ -71.2692106, 41.0842087 ], [ -71.2707699, 41.0853122 ], [ -71.2719464, 41.0854903 ], [ -71.2734651, 41.0857201 ], [ -71.2764463, 41.0856429 ], [ -71.2792245, 41.084797 ], [ -71.2814004, 41.0831871 ], [ -71.2831088, 41.0807311 ], [ -71.2834504, 41.0785335 ], [ -71.2829103, 41.0774366 ], [ -71.2820602, 41.0764035 ], [ -71.2808495, 41.0757797 ], [ -71.2796388, 41.0754678 ], [ -71.2771925, 41.0751034 ], [ -71.2740042, 41.0747715 ] ], [ [ -71.3296673, 41.0562264 ], [ -71.3325546, 41.0563069 ], [ -71.3344221, 41.0567087 ], [ -71.3355033, 41.0572592 ], [ -71.3359357, 41.0594614 ], [ -71.3357785, 41.0619015 ], [ -71.3352674, 41.063181 ], [ -71.3345597, 41.0638357 ], [ -71.3332033, 41.0642076 ], [ -71.3248489, 41.0641332 ], [ -71.323178, 41.0641035 ], [ -71.3224114, 41.0633298 ], [ -71.3220969, 41.0619759 ], [ -71.3221558, 41.059997 ], [ -71.3228832, 41.05778 ], [ -71.3236498, 41.0569616 ], [ -71.3256156, 41.0564706 ], [ -71.3274634, 41.0562623 ], [ -71.3296673, 41.0562264 ] ], [ [ -70.9080686, 41.0763934 ], [ -70.9125268, 41.0766937 ], [ -70.9146488, 41.0763879 ], [ -70.9178487, 41.0757761 ], [ -70.9190653, 41.0746217 ], [ -70.9199206, 41.0735176 ], [ -70.9204489, 41.071138 ], [ -70.9202979, 41.0689486 ], [ -70.919259, 41.0676386 ], [ -70.9173772, 41.0668289 ], [ -70.9134699, 41.0663955 ], [ -70.9093269, 41.0667014 ], [ -70.9057902, 41.0678741 ], [ -70.9046786, 41.0686388 ], [ -70.9039215, 41.069745 ], [ -70.9042744, 41.0726919 ], [ -70.9051839, 41.0745017 ], [ -70.906028, 41.0753402 ], [ -70.9066996, 41.0759291 ], [ -70.9080686, 41.0763934 ] ], [ [ -71.5747686, 41.0738018 ], [ -71.5753715, 41.0739974 ], [ -71.5766203, 41.0738996 ], [ -71.5774816, 41.0737693 ], [ -71.5783429, 41.0733456 ], [ -71.5788597, 41.0723679 ], [ -71.5784721, 41.0716509 ], [ -71.5778692, 41.0711295 ], [ -71.5767495, 41.0709339 ], [ -71.5754145, 41.0709013 ], [ -71.5746824, 41.0711621 ], [ -71.574381, 41.0718465 ], [ -71.5742518, 41.0725309 ], [ -71.574424, 41.073313 ], [ -71.5747686, 41.0738018 ] ], [ [ -71.6298944, 41.0796698 ], [ -71.630928, 41.0799826 ], [ -71.6321682, 41.0799044 ], [ -71.6332535, 41.0798262 ], [ -71.6339253, 41.0792787 ], [ -71.6341836, 41.0786531 ], [ -71.6342353, 41.0779883 ], [ -71.6335118, 41.0773626 ], [ -71.6324783, 41.0769325 ], [ -71.630928, 41.0769716 ], [ -71.629636, 41.0774017 ], [ -71.6292226, 41.0779492 ], [ -71.6292226, 41.0786531 ], [ -71.6294293, 41.0792787 ], [ -71.6298944, 41.0796698 ] ] ] } }
]
}
